DCN_HOSTNETWORK_PREFLIGHT_BEGIN
host=gke-tpu-edbc8be2-k600 pod_ip=10.240.0.34 node_ip=10.240.0.34
tcp_rmem=4096	41943040	314572800
lo               UNKNOWN        127.0.0.1/8 169.254.169.252/32 ::1/128 
eth0             UP             10.240.0.34/32 metric 1024 fe80::4001:aff:fef0:22/64 
eth1             UP             10.240.96.9/32 metric 1024 fe80::4001:aff:fef0:6009/64 
eth2             UP             10.240.48.9/32 metric 1024 fe80::4001:aff:fef0:3009/64 
docker0          DOWN           169.254.123.1/24 
lxc1005429a54eb@if6 UP             169.254.4.6/32 fe80::e8b1:73ff:fea8:6506/64 
cilium_net@cilium_host UP             fe80::2c3c:d5ff:fe6b:e51/64 
cilium_host@cilium_net UP             169.254.4.6/32 fe80::6c05:c4ff:fea1:1e6f/64 
lxc1dfebc52c3c2@if14 UP             169.254.4.6/32 fe80::9008:eeff:fef4:9926/64 
lxc89e2621594eb@if254 UP             169.254.4.6/32 fe80::9c97:bff:fe53:814a/64 
lxc3ec5f1141ade@if256 UP             169.254.4.6/32 fe80::30c0:15ff:fe80:c535/64 
lxc998fc01e160c@if284 UP             169.254.4.6/32 fe80::dc39:deff:fe21:654/64 
default via 10.240.0.1 dev eth0 proto dhcp src 10.240.0.34 metric 1024 quickack 1 
default via 10.240.0.1 dev eth0 proto dhcp src 10.240.0.34 metric 1024 
10.228.6.130 dev lxc1005429a54eb proto kernel scope link 
10.228.6.133 dev lxc1dfebc52c3c2 proto kernel scope link 
10.228.6.145 dev lxc998fc01e160c proto kernel scope link 
10.228.6.253 dev lxc89e2621594eb proto kernel scope link 
10.228.6.254 dev lxc3ec5f1141ade proto kernel scope link 
10.240.0.0/20 via 10.240.0.1 dev eth0 proto dhcp src 10.240.0.34 metric 1024 quickack 1 
10.240.0.0/20 via 10.240.0.1 dev eth0 proto dhcp src 10.240.0.34 metric 1024 
10.240.0.1 dev eth0 proto dhcp scope link src 10.240.0.34 metric 1024 quickack 1 
10.240.0.1 dev eth0 proto dhcp scope link src 10.240.0.34 metric 1024 
10.240.48.0/20 via 10.240.48.1 dev eth2 proto dhcp src 10.240.48.9 metric 1024 quickack 1 
10.240.48.0/20 via 10.240.48.1 dev eth2 proto dhcp src 10.240.48.9 metric 1024 
10.240.48.1 dev eth2 proto dhcp scope link src 10.240.48.9 metric 1024 quickack 1 
10.240.48.1 dev eth2 proto dhcp scope link src 10.240.48.9 metric 1024 
10.240.96.0/20 via 10.240.96.1 dev eth1 proto dhcp src 10.240.96.9 metric 1024 quickack 1 
10.240.96.0/20 via 10.240.96.1 dev eth1 proto dhcp src 10.240.96.9 metric 1024 
10.240.96.1 dev eth1 proto dhcp scope link src 10.240.96.9 metric 1024 quickack 1 
10.240.96.1 dev eth1 proto dhcp scope link src 10.240.96.9 metric 1024 
169.254.123.0/24 dev docker0 proto kernel scope link src 169.254.123.1 linkdown 
169.254.169.254 via 10.240.0.1 dev eth0 proto dhcp src 10.240.0.34 metric 1024 quickack 1 
169.254.169.254 via 10.240.0.1 dev eth0 proto dhcp src 10.240.0.34 metric 1024 
interface=eth0 speed_mbps=200000
interface=eth1 speed_mbps=200000
interface=eth2 speed_mbps=200000
interface=lo speed_mbps=
DCN_HOSTNETWORK_PREFLIGHT_END
Looking in links: https://storage.googleapis.com/jax-releases/libtpu_releases.html
Collecting jax==0.11.0 (from jax[tpu]==0.11.0)
  Downloading jax-0.11.0-py3-none-any.whl.metadata (13 kB)
Collecting libtpu==0.0.44
  Downloading libtpu-0.0.44-cp312-cp312-manylinux_2_31_x86_64.whl.metadata (1.5 kB)
Collecting jaxlib<=0.11.0,>=0.11.0 (from jax==0.11.0->jax[tpu]==0.11.0)
  Downloading jaxlib-0.11.0-cp312-cp312-manylinux_2_27_x86_64.whl.metadata (1.3 kB)
Collecting ml_dtypes>=0.5.0 (from jax==0.11.0->jax[tpu]==0.11.0)
  Downloading ml_dtypes-0.6.0-cp312-cp312-manylinux_2_27_x86_64.manylinux_2_28_x86_64.whl.metadata (8.8 kB)
Collecting numpy>=2.1 (from jax==0.11.0->jax[tpu]==0.11.0)
  Downloading numpy-2.5.3-cp312-cp312-manylinux_2_27_x86_64.manylinux_2_28_x86_64.whl.metadata (6.6 kB)
Collecting opt_einsum (from jax==0.11.0->jax[tpu]==0.11.0)
  Downloading opt_einsum-3.4.0-py3-none-any.whl.metadata (6.3 kB)
Collecting scipy>=1.15 (from jax==0.11.0->jax[tpu]==0.11.0)
  Downloading scipy-1.18.1-cp312-cp312-manylinux_2_27_x86_64.manylinux_2_28_x86_64.whl.metadata (62 kB)
Collecting requests (from jax[tpu]==0.11.0)
  Downloading requests-2.34.2-py3-none-any.whl.metadata (4.8 kB)
Collecting charset_normalizer<4,>=2 (from requests->jax[tpu]==0.11.0)
  Downloading charset_normalizer-3.5.1-cp312-cp312-manylinux2014_x86_64.manylinux_2_17_x86_64.manylinux_2_28_x86_64.whl.metadata (45 kB)
Collecting idna<4,>=2.5 (from requests->jax[tpu]==0.11.0)
  Downloading idna-3.19-py3-none-any.whl.metadata (9.2 kB)
Collecting urllib3<3,>=1.26 (from requests->jax[tpu]==0.11.0)
  Downloading urllib3-2.7.0-py3-none-any.whl.metadata (6.9 kB)
Collecting certifi>=2023.5.7 (from requests->jax[tpu]==0.11.0)
  Downloading certifi-2026.7.22-py3-none-any.whl.metadata (2.5 kB)
Downloading jax-0.11.0-py3-none-any.whl (3.3 MB)
   ━━━━━━━━━━━━━━━━━━━━━━━━━━━━━━━━━━━━━━━━ 3.3/3.3 MB 85.6 MB/s eta 0:00:00
Downloading libtpu-0.0.44-cp312-cp312-manylinux_2_31_x86_64.whl (215.6 MB)
   ━━━━━━━━━━━━━━━━━━━━━━━━━━━━━━━━━━━━━━━ 215.6/215.6 MB 296.1 MB/s eta 0:00:00
Downloading jaxlib-0.11.0-cp312-cp312-manylinux_2_27_x86_64.whl (87.3 MB)
   ━━━━━━━━━━━━━━━━━━━━━━━━━━━━━━━━━━━━━━━━ 87.3/87.3 MB 242.9 MB/s eta 0:00:00
Downloading ml_dtypes-0.6.0-cp312-cp312-manylinux_2_27_x86_64.manylinux_2_28_x86_64.whl (409 kB)
Downloading numpy-2.5.3-cp312-cp312-manylinux_2_27_x86_64.manylinux_2_28_x86_64.whl (16.7 MB)
   ━━━━━━━━━━━━━━━━━━━━━━━━━━━━━━━━━━━━━━━━ 16.7/16.7 MB 246.7 MB/s eta 0:00:00
Downloading scipy-1.18.1-cp312-cp312-manylinux_2_27_x86_64.manylinux_2_28_x86_64.whl (35.3 MB)
   ━━━━━━━━━━━━━━━━━━━━━━━━━━━━━━━━━━━━━━━━ 35.3/35.3 MB 246.9 MB/s eta 0:00:00
Downloading opt_einsum-3.4.0-py3-none-any.whl (71 kB)
Downloading requests-2.34.2-py3-none-any.whl (73 kB)
Downloading certifi-2026.7.22-py3-none-any.whl (136 kB)
Downloading charset_normalizer-3.5.1-cp312-cp312-manylinux2014_x86_64.manylinux_2_17_x86_64.manylinux_2_28_x86_64.whl (248 kB)
Downloading idna-3.19-py3-none-any.whl (68 kB)
Downloading urllib3-2.7.0-py3-none-any.whl (131 kB)
Installing collected packages: urllib3, opt_einsum, numpy, libtpu, idna, charset_normalizer, certifi, scipy, requests, ml_dtypes, jaxlib, jax
Successfully installed certifi-2026.7.22 charset_normalizer-3.5.1 idna-3.19 jax-0.11.0 jaxlib-0.11.0 libtpu-0.0.44 ml_dtypes-0.6.0 numpy-2.5.3 opt_einsum-3.4.0 requests-2.34.2 scipy-1.18.1 urllib3-2.7.0

[notice] A new release of pip is available: 25.0.1 -> 26.2.1
[notice] To update, run: python3.12 -m pip install --upgrade pip
ab32f8deaf1cdd171ebdb13a1922e8665a02cc67
DCN_VERSION_CHECK {'jax': '0.11.0', 'jaxlib': '0.11.0', 'libtpu': '0.0.44'}
ERROR: Accessing retired flag 'eventmanager2_as_default_eventmanager'
I0909 08:08:40.157491      43 b295d63588a.cc:792] Linux version 6.12.94+ (builder@b181c7a13d4c) (Chromium OS 17.0_pre498229-r33 clang version 17.0.0 (/mnt/host/source/src/third_party/llvm-project 14f0776550b5a49e1c42f49a00213f7f3fa047bf), LLD 17.0.0) #1 SMP Mon Jul 27 22:05:55 UTC 2026
I0909 08:08:40.157779      43 b295d63588a.cc:876] Process id 43
I0909 08:08:40.157793      43 b295d63588a.cc:882] Current working directory /jax-ai-image
I0909 08:08:40.157797      43 b295d63588a.cc:885] Current timezone is UTC (currently UTC +00:00)
I0909 08:08:40.157800      43 b295d63588a.cc:890] Built on Dec 31 1969 16:00:00 (0)
I0909 08:08:40.157801      43 b295d63588a.cc:891]  at redacted@redacted:.
I0909 08:08:40.157803      43 b295d63588a.cc:892]  as //learning/45eac/tfrc/executor:_libtpu.so.native
I0909 08:08:40.157804      43 b295d63588a.cc:893]  for gcc-4.X.Y-crosstool-v18-llvm-grtev4-k8.k8
I0909 08:08:40.157806      43 b295d63588a.cc:902] Build tool: redacted
I0909 08:08:40.157807      43 b295d63588a.cc:903] Build target: 
I0909 08:08:40.157812      43 b295d63588a.cc:911] Command line arguments:
I0909 08:08:40.157813      43 b295d63588a.cc:913] argv[0]: './tpu_driver'
I0909 08:08:40.157816      43 b295d63588a.cc:913] argv[1]: '--minloglevel=0'
I0909 08:08:40.157817      43 b295d63588a.cc:913] argv[2]: '--stderrthreshold=0'
I0909 08:08:40.157819      43 b295d63588a.cc:913] argv[3]: '--v=0'
I0909 08:08:40.157820      43 b295d63588a.cc:913] argv[4]: '--vmodule='
I0909 08:08:40.157822      43 b295d63588a.cc:913] argv[5]: '--log_dir=/tmp/tpu_logs/benchmark'
I0909 08:08:40.157823      43 b295d63588a.cc:913] argv[6]: '--max_log_size=1024'
I0909 08:08:40.157825      43 b295d63588a.cc:913] argv[7]: '--deepsea_hal_included_devs=2,3,0,1'
I0909 08:08:40.157826      43 b295d63588a.cc:913] argv[8]: '--megascale_transport_numa_node=0,1'
I0909 08:08:40.157828      43 b295d63588a.cc:913] argv[9]: '--next_pluggable_device_use_c_api=0'
I0909 08:08:40.157829      43 b295d63588a.cc:913] argv[10]: '--deepsea_wrap=false,false,false'
I0909 08:08:40.157831      43 b295d63588a.cc:913] argv[11]: '--deepsea_twist=false'
I0909 08:08:40.157832      43 b295d63588a.cc:913] argv[12]: '--deepsea_chip_config_name=default'
I0909 08:08:40.157834      43 b295d63588a.cc:913] argv[13]: '--deepsea_chips_per_host_bounds=2,2,1'
I0909 08:08:40.157835      43 b295d63588a.cc:913] argv[14]: '--deepsea_host_bounds=1,1,1'
I0909 08:08:40.157837      43 b295d63588a.cc:913] argv[15]: '--deepsea_slice_builder_worker_port=8471'
I0909 08:08:40.157838      43 b295d63588a.cc:913] argv[16]: '--deepsea_slice_builder_worker_addresses=dcn-pi-c1-clean-slice-0-0.dcn-pi-c1-clean:8471'
I0909 08:08:40.157840      43 b295d63588a.cc:913] argv[17]: '--tpu_slice_builder_dump_chip=false'
I0909 08:08:40.157841      43 b295d63588a.cc:913] argv[18]: '--tpu_slice_builder_dump_chip_force=false'
I0909 08:08:40.157842      43 b295d63588a.cc:913] argv[19]: '--tpu_slice_builder_dump_to_localhost=1'
I0909 08:08:40.157844      43 b295d63588a.cc:913] argv[20]: '--vbar_control_service_url=unix:///var/run/tpu-plugin/vbar.sock'
I0909 08:08:40.157845      43 b295d63588a.cc:913] argv[21]: '--bypass_vbar_control_service=0'
I0909 08:08:40.157847      43 b295d63588a.cc:913] argv[22]: '--deepsea_ici_resilient=false'
I0909 08:08:40.157849      43 b295d63588a.cc:913] argv[23]: '--xla_tpu_use_resilient_collective_emitter=false'
I0909 08:08:40.157850      43 b295d63588a.cc:913] argv[24]: '--tpu_slice_builder_topology_discovery_fault_injection='
I0909 08:08:40.157851      43 b295d63588a.cc:913] argv[25]: '--runtime_metric_service_port=8431'
I0909 08:08:40.157852      43 b295d63588a.cc:913] argv[26]: '--tpu_hbm_report_enable=1'
I0909 08:08:40.157853      43 b295d63588a.cc:913] argv[27]: '--tpu_hbm_report_frequency=5s'
I0909 08:08:40.157854      43 b295d63588a.cc:913] argv[28]: '--megascale_coordinator_address=dcn-pi-c1-clean-slice-0-0.dcn-pi-c1-clean:8081'
I0909 08:08:40.157856      43 b295d63588a.cc:913] argv[29]: '--megascale_slice_id=0'
I0909 08:08:40.157857      43 b295d63588a.cc:913] argv[30]: '--megascale_num_slices=2'
I0909 08:08:40.157859      43 b295d63588a.cc:913] argv[31]: '--megascale_transport_type=grpc'
I0909 08:08:40.157860      43 b295d63588a.cc:913] argv[32]: '--megascale_port=8081'
I0909 08:08:40.157861      43 b295d63588a.cc:913] argv[33]: '--megascale_use_insecure_grpc'
I0909 08:08:40.157863      43 b295d63588a.cc:913] argv[34]: '--megascale_grpc_use_chaotic_good=true'
I0909 08:08:40.157868      43 b295d63588a.cc:913] argv[35]: '--megascale_grpc_use_event_engine_allocator=true'
I0909 08:08:40.157870      43 b295d63588a.cc:913] argv[36]: '--grpc_enable_tcp_recv_zerocopy=false'
I0909 08:08:40.157871      43 b295d63588a.cc:913] argv[37]: '--grpc_enable_rpc_receive_coalescing=true'
I0909 08:08:40.157872      43 b295d63588a.cc:913] argv[38]: '--megascale_grpc_enable_numa_aware_transmit=true'
I0909 08:08:40.157873      43 b295d63588a.cc:913] argv[39]: '--megascale_grpc_use_numa_aware_event_engine=true'
I0909 08:08:40.157875      43 b295d63588a.cc:913] argv[40]: '--megascale_debug_port=8081'
I0909 08:08:40.157876      43 b295d63588a.cc:913] argv[41]: '--eventmanager2_as_default_eventmanager'
I0909 08:08:40.157877      43 b295d63588a.cc:913] argv[42]: '--eventmanager2_default_autosizer=mean_latency'
I0909 08:08:40.157878      43 b295d63588a.cc:913] argv[43]: '--megascale_grpc_enable_xor_tracer=true'
I0909 08:08:40.157879      43 b295d63588a.cc:913] argv[44]: '--xor_trace_sampling_period=100'
I0909 08:08:40.157880      43 b295d63588a.cc:913] argv[45]: '--rpc_transport_metrics_period=20'
I0909 08:08:40.157881      43 b295d63588a.cc:913] argv[46]: '--grpc_experiments=event_engine_client,chaotic_good_framing_layer,tcp_rcv_lowat,instrument_tcp_telemetry,event_engine_listener,use_call_event_engine_in_completion_queue'
I0909 08:08:40.157882      43 b295d63588a.cc:913] argv[47]: '--enable_runtime_uptime_telemetry=true'
I0909 08:08:40.157884      43 b295d63588a.cc:913] argv[48]: '--megascale_enable_transport_instrumentation=true'
I0909 08:08:40.157885      43 b295d63588a.cc:913] argv[49]: '--xla_tpu_use_enhanced_launch_barrier=true'
I0909 08:08:40.157886      43 b295d63588a.cc:913] argv[50]: '--xla_tpu_prefer_async_allgather_to_allreduce=true'
I0909 08:08:40.157888      43 b295d63588a.cc:913] argv[51]: '--xla_tpu_data_parallel_opt_different_sized_ops=true'
I0909 08:08:40.157889      43 b295d63588a.cc:913] argv[52]: '--xla_tpu_enable_data_parallel_all_reduce_opt=true'
I0909 08:08:40.157891      43 b295d63588a.cc:913] argv[53]: '--megascale_coordinator_address=dcn-pi-c1-clean-slice-0-0.dcn-pi-c1-clean:8081'
I0909 08:08:40.157892      43 b295d63588a.cc:913] argv[54]: '--megascale_slice_id=0'
I0909 08:08:40.157893      43 b295d63588a.cc:913] argv[55]: '--megascale_num_slices=2'
I0909 08:08:40.157895      43 b295d63588a.cc:913] argv[56]: '--megascale_transport_type=grpc'
I0909 08:08:40.157896      43 b295d63588a.cc:913] argv[57]: '--megascale_port=8081'
I0909 08:08:40.157898      43 b295d63588a.cc:913] argv[58]: '--megascale_use_insecure_grpc'
I0909 08:08:40.157899      43 b295d63588a.cc:913] argv[59]: '--megascale_grpc_interface_prefixes=eth1,eth2,lo'
I0909 08:08:40.158095      43 init.cc:78] Remote crash gathering hook installed.
I0909 08:08:40.210787      43 tpu_runtime_type_flags.cc:78] --tpu_use_tfrt not specified. Using default value: true
I0909 08:08:40.210889      43 host_command_handler_factory.cc:31] Skipping registration of host command handler for opcode Log because it is not in the allowlist.
I0909 08:08:40.210908      43 tpu_hal.cc:467] Registered plugin from module: megascale_sync_flag_logger
I0909 08:08:40.213126      43 tpu_hal.cc:467] Registered plugin from module: RuntimeMetricHelper
E0909 08:08:40.213150      43 autosizer.cc:43] mean_latency is deprecated. Please remove this setting.
I0909 08:08:40.215513      43 logger.cc:308] Enabling threaded logging for severity WARNING
I0909 08:08:40.215543      43 tpu_hal.cc:467] Registered plugin from module: sdc_checker_callback
I0909 08:08:40.216117      43 mlock.cc:220] mlock()-ed 4096 bytes for BuildID, using 1 syscalls.
I0909 08:08:40.216182      43 debug_manager.cc:266] Registering error handler with name: libtpu_telemetry_handler
I0909 08:08:40.229144      43 singleton_tpu_states_manager.cc:86] TPU premapped buffer enabled. Size: 4294967296 Threshold: 4294967296 Partitions: 1
I0909 08:08:40.229158      43 singleton_tpu_states_manager.cc:110] TpuStatesManager::GetOrCreate(): no tpu system exists. Creating a new tpu system.
I0909 08:08:40.237026      43 device_util.cc:89] Found 4 TPU7x chips.
I0909 08:08:40.237043      43 tpu_version_flag.cc:77] Using auto-detected TPU version TPU7x
I0909 08:08:40.253095      43 tpu_chip_config.cc:367] Resolved chip config alias default->megachip for 6acc60406, 
I0909 08:08:40.253374      43 pending_event_logger.cc:1003] Enabling PjRt/TPU event dependency logging.
I0909 08:08:40.258457     418 flags_util.cc:316] Using 8471 from --deepsea_slice_builder_worker_port as SliceBuilder worker service port.
I0909 08:08:40.262585     418 tpu_network_factory.cc:67] Running in Cloud, using TpunetdClient
I0909 08:08:40.262604     418 tpunetd_client.cc:163] Creating TpunetdClient with topology go/debugstr    
x_dimension: 2
y_dimension: 2
z_dimension: 1
x_wrapping: false
y_wrapping: false
z_wrapping: false
I0909 08:08:40.270399     418 init-domain.cc:132] Fiber init: default domain = futex, concurrency = 246, prefix = futex-default
I0909 08:08:42.003261     424 async_driver.cc:485] [/dev/vfio/1 tpu660:pe0:3] vf_id:0 Driver opened.
I0909 08:08:42.032558     420 futex.cc:71] RAW: Futex::Swap(): using GFUTEX_SWAP
I0909 08:08:42.094712     424 tpu_vxc_driver.cc:967] Throttled firmware queue size configured to 223(Firmware queue size: 256, leaving 32 for misc purposes).
I0909 08:08:42.175667     421 async_driver.cc:485] [/dev/vfio/4 tpu660:pe0:0] vf_id:0 Driver opened.
I0909 08:08:42.192582     424 async_driver.cc:1843] All cores supported.
I0909 08:08:42.252295     422 async_driver.cc:485] [/dev/vfio/5 tpu660:pe0:1] vf_id:0 Driver opened.
I0909 08:08:42.252393     423 async_driver.cc:485] [/dev/vfio/6 tpu660:pe0:2] vf_id:0 Driver opened.
I0909 08:08:42.269478     421 tpu_vxc_driver.cc:967] Throttled firmware queue size configured to 223(Firmware queue size: 256, leaving 32 for misc purposes).
I0909 08:08:42.278974     422 tpu_vxc_driver.cc:967] Throttled firmware queue size configured to 223(Firmware queue size: 256, leaving 32 for misc purposes).
I0909 08:08:42.289094     423 tpu_vxc_driver.cc:967] Throttled firmware queue size configured to 223(Firmware queue size: 256, leaving 32 for misc purposes).
I0909 08:08:42.309464     422 async_driver.cc:1843] All cores supported.
I0909 08:08:42.309889     421 async_driver.cc:1843] All cores supported.
I0909 08:08:42.312219     423 async_driver.cc:1843] All cores supported.
I0909 08:08:42.312265     418 tpunetd_client.cc:338] Connecting to vbar control service at unix:///var/run/tpu-plugin/vbar.sock
I0909 08:08:42.312335     418 config.cc:265] gRPC experiments: instrument_tcp_telemetry:on, tcp_rcv_lowat:on, use_call_event_engine_in_completion_queue:on; default-enabled: buffer_list_deletion_prep, cache_loas_context_in_connection_context, call_tracer_send_initial_metadata_is_an_annotation, callv3_batch_validation, callv3_ef5bb7_client, callv3_ef5bb7_server, chaotic_good_framing_layer, chaotic_good_send_supported_features, custom_frame_check, directpath_rpc_header_sanitization_filter, ef5bb7_global_family_cache, event_engine_callback_cq, event_engine_client, event_engine_listener, header_data_frame, inproc_cancel_stream, message_size_refactoring, monitoring_experiment, optimization_01, optimization_02, optimization_03, optimization_04, ph2_perf_01, promise_batch_cleanup_on_cancel, promise_filter_send_cancel_metadata, psp_tsi_handshaker_shutdown, skip_clear_peer_on_cancellation, tsi_frame_protector_without_locks, v2_non_owning_waker_implementation, verbose_channelz_connection_logging, wildcard_ip_expansion_restriction, xds_server_filter_chain_per_route
I0909 08:08:42.323452     418 tpunetd_client.cc:289] Session manager starting a new session...
I0909 08:08:42.432484     418 vbar_control.cc:201] TPU backend connection test passed! 
I0909 08:08:42.642726     418 tpunetd_client.cc:291] Session manager started the new session.
I0909 08:08:42.642739     418 tpunetd_client.cc:295] Session master starting a new session...
I0909 08:08:42.642740     418 session_master.cc:263] Starting a new ICI network session...
I0909 08:08:42.643000     420 session_worker_service.cc:110] Session master notifies the worker in a new session: d1288d43a62a1232
I0909 08:08:42.747064     418 session_master.cc:307] Successfully started ICI network session with session id: d1288d43a62a1232
I0909 08:08:42.747111     418 tpunetd_client.cc:297] Session master started the new session.
I0909 08:08:42.751854     418 tpu_hal.cc:209] Starting premapped memory manager initialization...
W0909 08:08:42.755041     422 libtpu_telemetry_utils.cc:44] Metric already exists: hlo.execution.timing.distribution.microseconds
W0909 08:08:42.755050     422 libtpu_telemetry_utils.cc:44] Metric already exists: hlo.queue.size.gauge
W0909 08:08:42.755050     424 libtpu_telemetry_utils.cc:44] Metric already exists: hlo.execution.timing.distribution.microseconds
W0909 08:08:42.755067     424 libtpu_telemetry_utils.cc:44] Metric already exists: hlo.queue.size.gauge
W0909 08:08:42.755113     423 libtpu_telemetry_utils.cc:44] Metric already exists: hlo.execution.timing.distribution.microseconds
W0909 08:08:42.755131     423 libtpu_telemetry_utils.cc:44] Metric already exists: hlo.queue.size.gauge
W0909 08:08:42.756444     422 libtpu_telemetry_utils.cc:44] Metric already exists: hlo.execution.timing.distribution.microseconds
W0909 08:08:42.756444     421 libtpu_telemetry_utils.cc:44] Metric already exists: hlo.execution.timing.distribution.microseconds
W0909 08:08:42.756455     422 libtpu_telemetry_utils.cc:44] Metric already exists: hlo.queue.size.gauge
W0909 08:08:42.756456     421 libtpu_telemetry_utils.cc:44] Metric already exists: hlo.queue.size.gauge
W0909 08:08:42.756508     424 libtpu_telemetry_utils.cc:44] Metric already exists: hlo.execution.timing.distribution.microseconds
W0909 08:08:42.756516     424 libtpu_telemetry_utils.cc:44] Metric already exists: hlo.queue.size.gauge
W0909 08:08:42.756640     423 libtpu_telemetry_utils.cc:44] Metric already exists: hlo.execution.timing.distribution.microseconds
W0909 08:08:42.756646     423 libtpu_telemetry_utils.cc:44] Metric already exists: hlo.queue.size.gauge
I0909 08:08:45.278381     418 runtime_metric_service.cc:197] Successfully started Runtime Metric Service on port: 8431
I0909 08:08:45.278585     418 system.cc:1112] tpu::System initialized, current host id: 0, logical device ids: 0,1,2,3,4,5,6,7
I0909 08:08:45.278650      43 tpu_system_state.cc:224] CreateTpuSystemState: TPU initialization is successful and it took 5.025264665s
I0909 08:08:45.278674      43 tpu_system_state.cc:228] CreateTpuSystemState: using TPU host premapped buffer of size: 4294967296
I0909 08:08:45.278690      43 tpu_host_allocator.cc:68] Premapped buffer is using alignment 64
I0909 08:08:45.279321      43 tpu_linearizer.cc:104] Inflight linearization byte limit configured to : 1099511627776
I0909 08:08:45.279328      43 tpu_linearizer.cc:118] Inflight delinearization byte limit configured to : 1099511627776
I0909 08:08:45.279501     771 tpu_diagnostic_coordinator.cc:610] TpuDiagnosticCoordinator listening on socket /tmp/tpu_diag_trigger_43.socket (symlinked at /tmp/tpu_diag_latest.socket)
I0909 08:08:45.279765      43 allocator_stats_reporter.cc:117] Starting AllocatorStats Reporter with reporting interval: 5s
I0909 08:08:45.279791      43 megascale_context.cc:969] Using shared executor for compute since we are running on 6acc60406.
W0909 08:08:45.279798      43 impairments_service.cc:60] Resetting impairments.
I0909 08:08:45.279816      43 numa_utils.cc:43] Available NUMA node in this process: 0,1
E0909 08:08:45.279931      43 autosizer.cc:43] mean_latency is deprecated. Please remove this setting.
E0909 08:08:45.282363      43 autosizer.cc:43] mean_latency is deprecated. Please remove this setting.
I0909 08:08:45.284651      43 flags.cc:231] The actual send_rpc_timeout is set to: 45s. Adjusted from the original send_rpc_timeout: 45s, graph_hang_threshold: 5m, graph_within_launch_hang_threshold: 1m
I0909 08:08:45.284665      43 numa_aware_allocator.cc:60] Creating numa aware allocators, number of NUMA nodes is 2
I0909 08:08:45.284670      43 numa_aware_allocator.cc:63] Creating numa aware allocator for NUMA nodes 0
I0909 08:08:45.284689      43 communication_backend.cc:300] Done allocating premapped memory of size 17179869184 bytes in 17.615us
I0909 08:08:45.284694      43 numa_aware_allocator.cc:76] Binding memory address 0x7b6547fff000 with NUMA node mask 1
I0909 08:08:57.409767      43 communication_backend.cc:310] Done premapping memory of size 17179869184 bytes in 12.124302975s
I0909 08:08:57.409808      43 numa_aware_allocator.cc:63] Creating numa aware allocator for NUMA nodes 1
I0909 08:08:57.409833      43 communication_backend.cc:300] Done allocating premapped memory of size 17179869184 bytes in 23.47us
I0909 08:08:57.409839      43 numa_aware_allocator.cc:76] Binding memory address 0x7b6147ffd000 with NUMA node mask 2
I0909 08:09:10.382684      43 communication_backend.cc:310] Done premapping memory of size 17179869184 bytes in 12.971791296s
I0909 08:09:10.382722      43 communication_backend.cc:375] Preallocated 17179869184 bytes with Megascale allocator.
I0909 08:09:10.382744      43 eigen_compute_engine.cc:333] Creating EigenComputeEngine with options: {executor = 0x573425ba2fe0, force_use_shared_executor = true, num_cores_per_device = 16}
E0909 08:09:10.382919      43 autosizer.cc:43] mean_latency is deprecated. Please remove this setting.
I0909 08:09:10.382943     739 communication_backend.cc:1179] Initializing MegaScale transport.
E0909 08:09:10.382988     739 autosizer.cc:43] mean_latency is deprecated. Please remove this setting.
E0909 08:09:10.386139      43 autosizer.cc:43] mean_latency is deprecated. Please remove this setting.
E0909 08:09:10.386333     739 autosizer.cc:43] mean_latency is deprecated. Please remove this setting.
E0909 08:09:10.388373      43 autosizer.cc:43] mean_latency is deprecated. Please remove this setting.
E0909 08:09:10.405169      43 autosizer.cc:43] mean_latency is deprecated. Please remove this setting.
E0909 08:09:10.405170     739 autosizer.cc:43] mean_latency is deprecated. Please remove this setting.
I0909 08:09:10.408287     739 grpc_transport.cc:2407] Create GrpcTransport with LIBTPU_ON_GCE.
I0909 08:09:10.408322     739 transport.cc:862] Using IP addresses for interface discovery.
I0909 08:09:10.408325     739 transport.cc:757] Could not read interface to NUMA node map from env variables, falling back to reading from file system.
I0909 08:09:10.408465     739 transport.cc:723] Could not read filename /sys/class/net/cilium_host/device/numa_node with status Stat failed for /sys/class/net/cilium_host/device/numa_node: No such file or directory
E0909 08:09:10.408433      43 autosizer.cc:43] mean_latency is deprecated. Please remove this setting.
I0909 08:09:10.408478     739 transport.cc:723] Could not read filename /sys/class/net/cilium_net/device/numa_node with status Stat failed for /sys/class/net/cilium_net/device/numa_node: No such file or directory
I0909 08:09:10.408498     739 transport.cc:723] Could not read filename /sys/class/net/docker0/device/numa_node with status Stat failed for /sys/class/net/docker0/device/numa_node: No such file or directory
I0909 08:09:10.408913     739 transport.cc:723] Could not read filename /sys/class/net/lo/device/numa_node with status Stat failed for /sys/class/net/lo/device/numa_node: No such file or directory
I0909 08:09:10.408925     739 transport.cc:723] Could not read filename /sys/class/net/lxc1005429a54eb/device/numa_node with status Stat failed for /sys/class/net/lxc1005429a54eb/device/numa_node: No such file or directory
I0909 08:09:10.408935     739 transport.cc:723] Could not read filename /sys/class/net/lxc1dfebc52c3c2/device/numa_node with status Stat failed for /sys/class/net/lxc1dfebc52c3c2/device/numa_node: No such file or directory
I0909 08:09:10.408944     739 transport.cc:723] Could not read filename /sys/class/net/lxc3ec5f1141ade/device/numa_node with status Stat failed for /sys/class/net/lxc3ec5f1141ade/device/numa_node: No such file or directory
I0909 08:09:10.408954     739 transport.cc:723] Could not read filename /sys/class/net/lxc89e2621594eb/device/numa_node with status Stat failed for /sys/class/net/lxc89e2621594eb/device/numa_node: No such file or directory
I0909 08:09:10.408963     739 transport.cc:723] Could not read filename /sys/class/net/lxc998fc01e160c/device/numa_node with status Stat failed for /sys/class/net/lxc998fc01e160c/device/numa_node: No such file or directory
I0909 08:09:10.408967     739 transport.cc:734] Interfaces on available NUMA nodes: [{"eth2", 1}, {"eth0", 0}, {"eth1", 0}]
I0909 08:09:10.408989     739 transport.cc:761] Interfaces corresponding to process' NUMA nodes: [[{"eth0", 0}, {"eth1", 0}, {"eth2", 1}]]
I0909 08:09:10.409572     739 transport.cc:773] Interface eth0 will not be used as it does not start with one of the prefixes: eth1,eth2,lo
I0909 08:09:10.409583     739 transport.cc:773] Interface docker0 will not be used as it does not start with one of the prefixes: eth1,eth2,lo
I0909 08:09:10.409585     739 transport.cc:773] Interface lxc1005429a54eb will not be used as it does not start with one of the prefixes: eth1,eth2,lo
I0909 08:09:10.409587     739 transport.cc:773] Interface cilium_net will not be used as it does not start with one of the prefixes: eth1,eth2,lo
I0909 08:09:10.409588     739 transport.cc:773] Interface cilium_host will not be used as it does not start with one of the prefixes: eth1,eth2,lo
I0909 08:09:10.409590     739 transport.cc:773] Interface lxc1dfebc52c3c2 will not be used as it does not start with one of the prefixes: eth1,eth2,lo
I0909 08:09:10.409592     739 transport.cc:773] Interface lxc89e2621594eb will not be used as it does not start with one of the prefixes: eth1,eth2,lo
I0909 08:09:10.409594     739 transport.cc:773] Interface lxc3ec5f1141ade will not be used as it does not start with one of the prefixes: eth1,eth2,lo
I0909 08:09:10.409596     739 transport.cc:773] Interface lxc998fc01e160c will not be used as it does not start with one of the prefixes: eth1,eth2,lo
I0909 08:09:10.409600     739 transport.cc:773] Interface eth0 will not be used as it does not start with one of the prefixes: eth1,eth2,lo
I0909 08:09:10.409658     739 transport.cc:819] Added IP address 10.240.96.9:8081 on network interface eth1
I0909 08:09:10.409665     739 transport.cc:819] Added IP address 10.240.48.9:8081 on network interface eth2
I0909 08:09:10.409667     739 transport.cc:773] Interface docker0 will not be used as it does not start with one of the prefixes: eth1,eth2,lo
I0909 08:09:10.409669     739 transport.cc:773] Interface lxc1005429a54eb will not be used as it does not start with one of the prefixes: eth1,eth2,lo
I0909 08:09:10.409671     739 transport.cc:773] Interface cilium_host will not be used as it does not start with one of the prefixes: eth1,eth2,lo
I0909 08:09:10.409674     739 transport.cc:773] Interface lxc1dfebc52c3c2 will not be used as it does not start with one of the prefixes: eth1,eth2,lo
I0909 08:09:10.409676     739 transport.cc:773] Interface lxc89e2621594eb will not be used as it does not start with one of the prefixes: eth1,eth2,lo
I0909 08:09:10.409679     739 transport.cc:773] Interface lxc3ec5f1141ade will not be used as it does not start with one of the prefixes: eth1,eth2,lo
I0909 08:09:10.409682     739 transport.cc:773] Interface lxc998fc01e160c will not be used as it does not start with one of the prefixes: eth1,eth2,lo
I0909 08:09:10.409685     739 transport.cc:773] Interface eth0 will not be used as it does not start with one of the prefixes: eth1,eth2,lo
I0909 08:09:10.409688     739 transport.cc:773] Interface lxc1005429a54eb will not be used as it does not start with one of the prefixes: eth1,eth2,lo
I0909 08:09:10.409690     739 transport.cc:773] Interface cilium_net will not be used as it does not start with one of the prefixes: eth1,eth2,lo
I0909 08:09:10.409693     739 transport.cc:773] Interface cilium_host will not be used as it does not start with one of the prefixes: eth1,eth2,lo
I0909 08:09:10.409695     739 transport.cc:773] Interface lxc1dfebc52c3c2 will not be used as it does not start with one of the prefixes: eth1,eth2,lo
I0909 08:09:10.409698     739 transport.cc:773] Interface lxc89e2621594eb will not be used as it does not start with one of the prefixes: eth1,eth2,lo
I0909 08:09:10.409700     739 transport.cc:773] Interface lxc3ec5f1141ade will not be used as it does not start with one of the prefixes: eth1,eth2,lo
I0909 08:09:10.409703     739 transport.cc:773] Interface lxc998fc01e160c will not be used as it does not start with one of the prefixes: eth1,eth2,lo
I0909 08:09:10.409715     739 grpc_transport.cc:2332] Creating gRPC server on: 10.240.96.9:8081eth1
I0909 08:09:10.409730     739 grpc_transport.cc:2348] Creating gRPC server with event engine allocator (chaotic good).
I0909 08:09:10.409743     739 grpc_transport.cc:2365] Starting gRPC server on: 10.240.96.9:8081
I0909 08:09:10.410493     739 grpc_transport.cc:2332] Creating gRPC server on: 10.240.48.9:8081eth2
I0909 08:09:10.410518     739 grpc_transport.cc:2348] Creating gRPC server with event engine allocator (chaotic good).
I0909 08:09:10.410523     739 grpc_transport.cc:2365] Starting gRPC server on: 10.240.48.9:8081
I0909 08:09:10.410816     739 communication_backend.cc:1290] MegaScale transport initialized.
I0909 08:09:10.410827     739 communication_backend.cc:1489] MegaScale transport init succeeded.
E0909 08:09:10.412017      43 autosizer.cc:43] mean_latency is deprecated. Please remove this setting.
I0909 08:09:10.414379      43 debug_service_impl.cc:185] Starting Megascale Debug Server
I0909 08:09:10.414770      43 topology_coordinator.cc:57] Megascale Topology Coordinator started for 2 slices
I0909 08:09:10.414799      43 transport.cc:862] Using IP addresses for interface discovery.
I0909 08:09:10.414801      43 transport.cc:757] Could not read interface to NUMA node map from env variables, falling back to reading from file system.
I0909 08:09:10.414804      43 transport.cc:761] Interfaces corresponding to process' NUMA nodes: [[{"eth2", 1}, {"eth0", 0}, {"eth1", 0}]]
I0909 08:09:10.415200      43 transport.cc:773] Interface eth0 will not be used as it does not start with one of the prefixes: eth1,eth2,lo
I0909 08:09:10.415207      43 transport.cc:773] Interface docker0 will not be used as it does not start with one of the prefixes: eth1,eth2,lo
I0909 08:09:10.415209      43 transport.cc:773] Interface lxc1005429a54eb will not be used as it does not start with one of the prefixes: eth1,eth2,lo
I0909 08:09:10.415210      43 transport.cc:773] Interface cilium_net will not be used as it does not start with one of the prefixes: eth1,eth2,lo
I0909 08:09:10.415212      43 transport.cc:773] Interface cilium_host will not be used as it does not start with one of the prefixes: eth1,eth2,lo
I0909 08:09:10.415213      43 transport.cc:773] Interface lxc1dfebc52c3c2 will not be used as it does not start with one of the prefixes: eth1,eth2,lo
I0909 08:09:10.415214      43 transport.cc:773] Interface lxc89e2621594eb will not be used as it does not start with one of the prefixes: eth1,eth2,lo
I0909 08:09:10.415215      43 transport.cc:773] Interface lxc3ec5f1141ade will not be used as it does not start with one of the prefixes: eth1,eth2,lo
I0909 08:09:10.415217      43 transport.cc:773] Interface lxc998fc01e160c will not be used as it does not start with one of the prefixes: eth1,eth2,lo
I0909 08:09:10.415219      43 transport.cc:773] Interface eth0 will not be used as it does not start with one of the prefixes: eth1,eth2,lo
I0909 08:09:10.415223      43 transport.cc:819] Added IP address 10.240.96.9:8081 on network interface eth1
I0909 08:09:10.415228      43 transport.cc:819] Added IP address 10.240.48.9:8081 on network interface eth2
I0909 08:09:10.415229      43 transport.cc:773] Interface docker0 will not be used as it does not start with one of the prefixes: eth1,eth2,lo
I0909 08:09:10.415231      43 transport.cc:773] Interface lxc1005429a54eb will not be used as it does not start with one of the prefixes: eth1,eth2,lo
I0909 08:09:10.415232      43 transport.cc:773] Interface cilium_host will not be used as it does not start with one of the prefixes: eth1,eth2,lo
I0909 08:09:10.415234      43 transport.cc:773] Interface lxc1dfebc52c3c2 will not be used as it does not start with one of the prefixes: eth1,eth2,lo
I0909 08:09:10.415235      43 transport.cc:773] Interface lxc89e2621594eb will not be used as it does not start with one of the prefixes: eth1,eth2,lo
I0909 08:09:10.415237      43 transport.cc:773] Interface lxc3ec5f1141ade will not be used as it does not start with one of the prefixes: eth1,eth2,lo
I0909 08:09:10.415238      43 transport.cc:773] Interface lxc998fc01e160c will not be used as it does not start with one of the prefixes: eth1,eth2,lo
I0909 08:09:10.415240      43 transport.cc:773] Interface eth0 will not be used as it does not start with one of the prefixes: eth1,eth2,lo
I0909 08:09:10.415242      43 transport.cc:773] Interface lxc1005429a54eb will not be used as it does not start with one of the prefixes: eth1,eth2,lo
I0909 08:09:10.415244      43 transport.cc:773] Interface cilium_net will not be used as it does not start with one of the prefixes: eth1,eth2,lo
I0909 08:09:10.415245      43 transport.cc:773] Interface cilium_host will not be used as it does not start with one of the prefixes: eth1,eth2,lo
I0909 08:09:10.415247      43 transport.cc:773] Interface lxc1dfebc52c3c2 will not be used as it does not start with one of the prefixes: eth1,eth2,lo
I0909 08:09:10.415249      43 transport.cc:773] Interface lxc89e2621594eb will not be used as it does not start with one of the prefixes: eth1,eth2,lo
I0909 08:09:10.415251      43 transport.cc:773] Interface lxc3ec5f1141ade will not be used as it does not start with one of the prefixes: eth1,eth2,lo
I0909 08:09:10.415252      43 transport.cc:773] Interface lxc998fc01e160c will not be used as it does not start with one of the prefixes: eth1,eth2,lo
I0909 08:09:10.415258      43 communication_backend.cc:984] Sending topology discovery request: go/debugstr    
address_mapping {
  addresses {
    address: "10.240.96.9:8081"
    interface_name: "eth1"
    host_name_for_debugging: "gke-tpu-edbc8be2-k600"
  }
  addresses {
    address: "10.240.48.9:8081"
    interface_name: "eth2"
    host_name_for_debugging: "gke-tpu-edbc8be2-k600"
    numa_node: 1
  }
  incarnation_id: 14436263122278775143
}
tpu_topology_args {
  version: TPU_VERSION_6acc60406
  platform_type: TPU_PLATFORM_TYPE_HARDWARE
  chip_config_name: "default"
  chips_per_host_bounds {
    x: 2
    y: 2
    z: 1
  }
  host_bounds {
    x: 1
    y: 1
    z: 1
  }
  wrap {
  }
  enhanced_barrier_enabled: true
  use_continuations: true
  routing_strategy: ROUTING_MESH
}
incarnation_id: 14436263122278775143
I0909 08:09:10.415597      43 grpc_transport.cc:2220] Creating client for slice 0 host 0
I0909 08:09:10.415612      43 grpc_transport.cc:2203] Using default interface. Available interfaces: [eth1,eth2]. Server information: go/debugstr    
address: "dcn-pi-c1-clean-slice-0-0.dcn-pi-c1-clean:8081"
I0909 08:09:10.415707      43 grpc_transport.cc:2278] Created 1 channels for 1 interfaces on slice 0 host 0.
 Load balancing policy: Dynamic lb: max_outstanding_bytes (8388608).
I0909 08:09:10.416389     913 cachednslookup.cc:391] TTL not found in response, not caching response
I0909 08:09:11.377609     883 tpu_chip_config.cc:367] Resolved chip config alias default->megachip for 6acc60406, 
I0909 08:09:12.378022     763 topology_coordinator.cc:178] MegaScale Topology Discovery in progress. Missing hosts (num_slices=1, num_hosts=0): slice0.*
I0909 08:09:12.866205     990 tpu_chip_config.cc:367] Resolved chip config alias default->megachip for 6acc60406, 
I0909 08:09:12.866429     990 topology_coordinator.cc:325] MegaScale Topology Discovery completed.
I0909 08:09:12.866656      43 communication_backend.cc:1002] Received topology discovery response: go/debugstr    
slice_info {
  tpu_topology_args {
    version: TPU_VERSION_6acc60406
    platform_type: TPU_PLATFORM_TYPE_HARDWARE
    chip_config_name: "default"
    chips_per_host_bounds {
      x: 2
      y: 2
      z: 1
    }
    host_bounds {
      x: 1
      y: 1
      z: 1
    }
    wrap {
    }
    enhanced_barrier_enabled: true
    use_continuations: true
    routing_strategy: ROUTING_MESH
  }
}
slice_info {
  slice_id: 1
  tpu_topology_args {
    version: TPU_VERSION_6acc60406
    platform_type: TPU_PLATFORM_TYPE_HARDWARE
    chip_config_name: "default"
    chips_per_host_bounds {
      x: 2
      y: 2
      z: 1
    }
    host_bounds {
      x: 1
      y: 1
      z: 1
    }
    wrap {
    }
    enhanced_barrier_enabled: true
    use_continuations: true
    routing_strategy: ROUTING_MESH
  }
}
address_mappings {
  addresses {
    address: "10.240.96.9:8081"
    interface_name: "eth1"
    host_name_for_debugging: "gke-tpu-edbc8be2-k600"
  }
  addresses {
    address: "10.240.48.9:8081"
    interface_name: "eth2"
    host_name_for_debugging: "gke-tpu-edbc8be2-k600"
    numa_node: 1
  }
  incarnation_id: 14436263122278775143
}
address_mappings {
  slice_id: 1
  addresses {
    address: "10.240.96.11:8081"
    interface_name: "eth1"
    host_name_for_debugging: "gke-tpu-edbc8be2-xqgn"
  }
  addresses {
    address: "10.240.48.11:8081"
    interface_name: "eth2"
    host_name_for_debugging: "gke-tpu-edbc8be2-xqgn"
    numa_node: 1
  }
  incarnation_id: 9334047821242907318
}
incarnation_id: 14436263122278775143
I0909 08:09:12.866841      43 debug_manager.cc:266] Registering error handler with name: default_handler
I0909 08:09:12.866851      43 megascale_context.cc:571] Using DCN topology: go/debugstr    
I0909 08:09:12.866894      43 tpu_chip_config.cc:367] Resolved chip config alias default->megachip for 6acc60406, 
DCN_MULTISLICE_PREFLIGHT {"global_device_count": 16, "local_device_count": 8, "process_count": 2, "process_id": 0, "slice_counts": {"0": 8, "1": 8}}
W0909 08:09:12.868658    1016 pjrt_client.h:601] UpdateGlobalProcessInfo is not supported.
DCN_TIMING_CONFIG {"experiment": "pi_C1_clean", "grpc_experiments": "", "libtpu_init_args": "--megascale_enable_transport_instrumentation=true --xla_tpu_use_enhanced_launch_barrier=true --xla_tpu_prefer_async_allgather_to_allreduce=true --xla_tpu_data_parallel_opt_different_sized_ops=true --xla_tpu_enable_data_parallel_all_reduce_opt=true --megascale_coordinator_address=dcn-pi-c1-clean-slice-0-0.dcn-pi-c1-clean:8081 --megascale_slice_id=0 --megascale_num_slices=2 --megascale_transport_type=grpc --megascale_port=8081 --megascale_use_insecure_grpc --megascale_grpc_interface_prefixes=eth1,eth2,lo"}
DCN_GOOGLE_BASELINE_ENV {"benchmark": "dcn_google_baseline", "device_count": 16, "device_kind": "TPU7x", "devices_per_slice": [8, 8], "jax_version": "0.11.0", "libtpu_init_args": "--megascale_enable_transport_instrumentation=true --xla_tpu_use_enhanced_launch_barrier=true --xla_tpu_prefer_async_allgather_to_allreduce=true --xla_tpu_data_parallel_opt_different_sized_ops=true --xla_tpu_enable_data_parallel_all_reduce_opt=true --megascale_coordinator_address=dcn-pi-c1-clean-slice-0-0.dcn-pi-c1-clean:8081 --megascale_slice_id=0 --megascale_num_slices=2 --megascale_transport_type=grpc --megascale_port=8081 --megascale_use_insecure_grpc --megascale_grpc_interface_prefixes=eth1,eth2,lo", "local_device_count": 8, "network_before": {"cilium_host": {"operstate": "up", "rx_bytes": 360, "speed_mbps": "10000", "tx_bytes": 360}, "cilium_net": {"operstate": "up", "rx_bytes": 360, "speed_mbps": "10000", "tx_bytes": 360}, "docker0": {"operstate": "down", "rx_bytes": 0, "speed_mbps": "-1", "tx_bytes": 0}, "eth0": {"operstate": "up", "rx_bytes": 87657418741736, "speed_mbps": "200000", "tx_bytes": 2715006509003}, "eth1": {"operstate": "up", "rx_bytes": 78484971856776, "speed_mbps": "200000", "tx_bytes": 78990735698430}, "eth2": {"operstate": "up", "rx_bytes": 80633128941947, "speed_mbps": "200000", "tx_bytes": 79512692822232}, "lo": {"operstate": "unknown", "rx_bytes": 44521051809, "speed_mbps": "", "tx_bytes": 44521051809}, "lxc1005429a54eb": {"operstate": "up", "rx_bytes": 7461625, "speed_mbps": "10000", "tx_bytes": 316330164}, "lxc1dfebc52c3c2": {"operstate": "up", "rx_bytes": 197971660, "speed_mbps": "10000", "tx_bytes": 993873071}, "lxc3ec5f1141ade": {"operstate": "up", "rx_bytes": 5713572669, "speed_mbps": "10000", "tx_bytes": 1415216626}, "lxc89e2621594eb": {"operstate": "up", "rx_bytes": 106354185, "speed_mbps": "10000", "tx_bytes": 31879389}, "lxc998fc01e160c": {"operstate": "up", "rx_bytes": 15715423937, "speed_mbps": "10000", "tx_bytes": 48512411}}, "physical_chips_per_slice": [4, 4], "process_count": 2, "process_index": 0, "slices_detected": 2}
I0909 08:09:12.919424      43 dump.cc:725] HloModule dump enabled with path prefix: , suffix: before_optimizations
W0909 08:09:12.924870    1018 tpu_spmd_partitioner.cc:460] Collective matmul V1 is enabled. Please consider migrating to V2 since V1 will be deprecated soon. You can enable V2 by setting xla_tpu_all_gather_collective_matmul_mode=post_spmd and xla_tpu_reduce_scatter_collective_matmul_mode=post_spmd.
I0909 08:09:12.932248      43 deepsea_compiler_hlo_passes.cc:6406] xla_tpu_impure_hlo_parallel_compile is DISABLED. jit__identity_fn
I0909 08:09:12.934862      43 latency_hiding_scheduler.cc:4420] [latency-hiding-scheduler] LatencyHidingScheduler current memory usage: 2105408 bytes. Current limit: 96637097779
I0909 08:09:12.935255      43 tpu_plumb_vmem_info.cc:677] scavenging_mode: 3 for module: jit__identity_fn
I0909 08:09:12.952478      43 deepsea_compiler_hlo_passes.cc:6735] HLO_PASSES stage duration: 29.510128ms
I0909 08:09:13.115974     767 tpu_chip_config.cc:367] Resolved chip config alias default->megachip for 6acc60406, 
I0909 08:09:13.116160     767 tpu_chip_config.cc:367] Resolved chip config alias default->megachip for 6acc60406, 
I0909 08:09:13.116346     767 memory_space_assignment_util.cc:577] MSA Vmem breakdown: default scoped vmem (from flag): 33554432; does_msa_directly_allocate_scoped_vmem: T; bytes_for_msa_to_allocate: 67043328
I0909 08:09:13.157711    1245 deepsea_compiler_base.cc:4279] BACKEND_PASSES stage duration: 42.403368ms
I0909 08:09:13.167830    1245 deepsea_compiler_backend.cc:1480] CODE_GENERATION stage duration: 10.009506ms
I0909 08:09:13.168146    1245 isa_program_util_common.cc:373] (HLO module jit__identity_fn): Executable fingerprint:06064def71251d002070e3afdf7856f434b6716fde9cf59b909f7c397aa678e0
I0909 08:09:13.168149    1245 isa_program_util_common.cc:377] (HLO module jit__identity_fn): Executable fingerprint (including data segments):a36c66c8aef2973a54c2a215fe35cf40f89651383a6668da69a35f4493f7d5f8
I0909 08:09:13.168151    1245 isa_program_util_common.cc:380] (HLO module jit__identity_fn): Host transfer fingerprint:f3648195e5944adb02a2c259aaf172acbc125e019453e4037c22f98eccaec514
I0909 08:09:13.168393      43 deepsea_compiler_base.cc:1055] END_TO_END stage duration: 249.155498ms
I0909 08:09:13.168408      43 deepsea_compiler_base.cc:1056] Note that END_TO_END duration also includes time outside of HLO_PASSES, BACKEND_PASSES, and CODE_GENERATION
I0909 08:09:13.169093      43 megascale_context.cc:517] MegaScale DCNTopology fingerprint for: jit__identity_fn : 1688352644216761960 DevicesHash: 11843567257950195766 Topology: go/debugstr   
I0909 08:09:13.169129      43 graph_builder.cc:257] Shapes to compress: [""]
I0909 08:09:13.169133      43 graph_builder.cc:259] Prefixes to compress: [""]
I0909 08:09:13.169163      43 graph_builder.cc:2912] Using MXLA graph seed: all-gather_0
I0909 08:09:13.169294      43 host_command_scheduler_factory.cc:1312] Created a HostCommandScheduler with 18 rules for module jit__identity_fn HostTransfers Fingerprint: 17423087520109266384.
I0909 08:09:13.169303      43 megascale_context.cc:686] MegaScale ExecutableContext created for module: jit__identity_fn with DCN topology: go/debugstr    
I0909 08:09:13.170166     784 communication_backend.cc:625] Created communicator. Hostname: gke-tpu-edbc8be2-k600 Slice ID: 0 Host ID: 0 NumSlices: 2 Device IDs: 0,1,2,3,4,5,6,7
I0909 08:09:13.172054     951 grpc_transport.cc:2220] Creating client for slice 1 host 0
I0909 08:09:13.172085     951 grpc_transport.cc:2200] Sending to 10.240.96.11:8081 on interface: eth1
I0909 08:09:13.172193     951 grpc_transport.cc:2200] Sending to 10.240.48.11:8081 on interface: eth2
I0909 08:09:13.172232     951 grpc_transport.cc:2278] Created 2 channels for 2 interfaces on slice 1 host 0.
 Load balancing policy: Dynamic lb: max_outstanding_bytes (8388608).
I0909 08:09:13.172294     789 grpc_transport.cc:1743] [MEGASCALE_TRANSPORT_INSTR] SendRpc: key=all-gather_0_ag_0_sr_0_1|s100000->200000d|$c0$l-1885038941^i0 size=1048576 queue_latency_us=0 attempt=0
I0909 08:09:13.175264     889 generic-stream-socket.h:1667] Cannot process timestamp for type=1 seq=1048803 time=2026-09-09T08:09:13.1750591+00:00
I0909 08:09:13.178384     789 grpc_transport.cc:1414] [MEGASCALE_TRANSPORT_INSTR] Recv: key=all-gather_0_ag_0_sr_1_2|s200001->100001d|$c0$l-1885038941^i0 size=0 is_single_chunk=true is_aligned=true memcpy_needed=false
W0909 08:09:13.197068    1276 tpu_spmd_partitioner.cc:460] Collective matmul V1 is enabled. Please consider migrating to V2 since V1 will be deprecated soon. You can enable V2 by setting xla_tpu_all_gather_collective_matmul_mode=post_spmd and xla_tpu_reduce_scatter_collective_matmul_mode=post_spmd.
I0909 08:09:13.204123      43 deepsea_compiler_hlo_passes.cc:6406] xla_tpu_impure_hlo_parallel_compile is DISABLED. jit_operation
I0909 08:09:13.205996      43 latency_hiding_scheduler.cc:4420] [latency-hiding-scheduler] LatencyHidingScheduler current memory usage: 532544 bytes. Current limit: 96637622067
I0909 08:09:13.206320      43 tpu_plumb_vmem_info.cc:677] scavenging_mode: 3 for module: jit_operation
I0909 08:09:13.206906      43 deepsea_compiler_hlo_passes.cc:6735] HLO_PASSES stage duration: 10.339512ms
I0909 08:09:13.207862     767 tpu_chip_config.cc:367] Resolved chip config alias default->megachip for 6acc60406, 
I0909 08:09:13.208017     767 tpu_chip_config.cc:367] Resolved chip config alias default->megachip for 6acc60406, 
I0909 08:09:13.208178     767 memory_space_assignment_util.cc:577] MSA Vmem breakdown: default scoped vmem (from flag): 33554432; does_msa_directly_allocate_scoped_vmem: T; bytes_for_msa_to_allocate: 67043328
I0909 08:09:13.222029    1280 deepsea_compiler_base.cc:4279] BACKEND_PASSES stage duration: 14.560938ms
I0909 08:09:13.230569    1280 deepsea_compiler_backend.cc:1480] CODE_GENERATION stage duration: 8.462988ms
I0909 08:09:13.230789    1280 isa_program_util_common.cc:373] (HLO module jit_operation): Executable fingerprint:18bd8f1f49e482eb17bf86a3ac11f7cdea583db1e03fbf83690588d09e405a0f
I0909 08:09:13.230791    1280 isa_program_util_common.cc:377] (HLO module jit_operation): Executable fingerprint (including data segments):50c5d764dccca8f84460df3972c753e2bd9ed9180c888c620873302ac8e13585
I0909 08:09:13.230793    1280 isa_program_util_common.cc:380] (HLO module jit_operation): Host transfer fingerprint:e32409b1ec50cbaf75abe5fa87950bdedba31ee389ee172434eeb9c7f7dc80cb
I0909 08:09:13.230970      43 deepsea_compiler_base.cc:1055] END_TO_END stage duration: 36.44995ms
I0909 08:09:13.230982      43 deepsea_compiler_base.cc:1056] Note that END_TO_END duration also includes time outside of HLO_PASSES, BACKEND_PASSES, and CODE_GENERATION
I0909 08:09:13.231556      43 megascale_context.cc:517] MegaScale DCNTopology fingerprint for: jit_operation : 1688352644216761960 DevicesHash: 8081921339993277715 Topology: go/debugstr   
I0909 08:09:13.231650      43 host_command_scheduler_factory.cc:1312] Created a HostCommandScheduler with 18 rules for module jit_operation HostTransfers Fingerprint: 299641728554036189.
I0909 08:09:13.231661      43 megascale_context.cc:686] MegaScale ExecutableContext created for module: jit_operation with DCN topology: go/debugstr    
I0909 08:09:13.250254      43 deepsea_compiler_hlo_passes.cc:6623] XLA::TPU running hlo passes for 13 instructions, module: jit_block_means
I0909 08:09:13.250265      43 deepsea_compiler_hlo_passes.cc:6668] Initial HLO module: jit_block_means instructions: 13 fingerprint: 
I0909 08:09:13.250470      43 deepsea_compiler_hlo_passes.cc:6526] HLO optimizing module: jit_block_means instructions: 13
I0909 08:09:13.250475      43 deepsea_compiler_hlo_passes.cc:6539] XLA::TPU HLO optimization
W0909 08:09:13.251091    1284 tpu_spmd_partitioner.cc:460] Collective matmul V1 is enabled. Please consider migrating to V2 since V1 will be deprecated soon. You can enable V2 by setting xla_tpu_all_gather_collective_matmul_mode=post_spmd and xla_tpu_reduce_scatter_collective_matmul_mode=post_spmd.
I0909 08:09:13.258656      43 deepsea_compiler_hlo_passes.cc:6406] xla_tpu_impure_hlo_parallel_compile is DISABLED. jit_block_means
I0909 08:09:13.261420      43 deepsea_compiler_hlo_passes.cc:5472] XLA::TPU HLO PostOptimizationPipeline
I0909 08:09:13.262580      43 latency_hiding_scheduler.cc:4420] [latency-hiding-scheduler] LatencyHidingScheduler current memory usage: 10304 bytes. Current limit: 96637284147
I0909 08:09:13.263196      43 tpu_plumb_vmem_info.cc:677] scavenging_mode: 3 for module: jit_block_means
I0909 08:09:13.263711      43 deepsea_compiler_hlo_passes.cc:6735] HLO_PASSES stage duration: 13.446484ms
I0909 08:09:13.265036     767 tpu_chip_config.cc:367] Resolved chip config alias default->megachip for 6acc60406, 
I0909 08:09:13.265201     767 tpu_chip_config.cc:367] Resolved chip config alias default->megachip for 6acc60406, 
I0909 08:09:13.265395     767 memory_space_assignment_util.cc:577] MSA Vmem breakdown: default scoped vmem (from flag): 33554432; does_msa_directly_allocate_scoped_vmem: T; bytes_for_msa_to_allocate: 67043328
I0909 08:09:13.292358    1289 deepsea_compiler_base.cc:4279] BACKEND_PASSES stage duration: 27.961034ms
I0909 08:09:13.295143    1289 deepsea_compiler_backend.cc:1784] final program bundle count: 1,087 note this count does not reflect cycles spent executing delays.
I0909 08:09:13.301452    1289 deepsea_compiler_backend.cc:1980] Program divided into 2 overlays without HLO functions (109.0K).
I0909 08:09:13.301521    1289 deepsea_compiler_backend.cc:2150] XLA::TPU module name: jit_block_means
I0909 08:09:13.301525    1289 deepsea_compiler_backend.cc:2152] XLA::TPU program HBM usage: 205.5K / 94.74G
I0909 08:09:13.301528    1289 deepsea_compiler_backend.cc:2159] Note that --xla_tpu_max_hbm_size_mib is not specified. This means that the compiler may use up all available HBM, possibly prioritizing other metrics (latency, compile-time, ..) over memory usage. To reduce memory usage, set --xla_tpu_max_hbm_size_mib to a smaller value.
I0909 08:09:13.301529    1289 deepsea_compiler_backend.cc:2193] XLA::TPU program VMEM usage: 32.00M / 64.00M
I0909 08:09:13.301537    1289 deepsea_compiler_backend.cc:2204] Total hbm usage >= 268.70M:
    reserved        268.00M 
    program          205.5K 
    arguments        512.0K 

Output size 512B; shares 0B with arguments.

Total host usage >= 0B:
    reserved             0B 
    program         unknown size 
    arguments            0B 

Output size 0B; shares 0B with arguments.

I0909 08:09:13.301552    1289 deepsea_compiler_backend.cc:2208] Program sflag requirement 224B:
    reserved           204B
    scoped              12B
    HLO temp             8B (100.0% utilization: Unpadded (8B) Padded (8B), 0.0% fragmentation (0B))
Program sparse_core_sequencer_sflag requirement 36B:
    reserved            36B
Program sparse_core_tile_sflag requirement 4B:
    reserved             4B
Program sparse_core_sequencer_smem requirement 64B:
    reserved            64B
Program sparse_core_tile_smem requirement 0B:
Program hbm requirement 205.5K:
    global             512B
    HLO temp          96.0K (11.8% utilization: Unpadded (136B) Padded (1.1K), 98.8% fragmentation (94.9K))
    overlays         109.0K
Program vmem requirement 32.00M:
    HLO temp         32.00M (0.0% utilization: Unpadded (0B) Padded (0B), 100.0% fragmentation (32.00M))
Program smem requirement 36B:
    global               4B
    scoped              32B
Program host requirement 0B:
I0909 08:09:13.301554    1289 deepsea_compiler_backend.cc:2216] XLA::TPU program SMEM usage: 1.9K / 1.00M (1 parameters)
I0909 08:09:13.301640    1289 deepsea_compiler_backend.cc:1480] CODE_GENERATION stage duration: 9.208402ms
I0909 08:09:13.302008    1289 isa_program_util_common.cc:373] (HLO module jit_block_means): Executable fingerprint:a68815c228dc4af297e3d8c668e8febc0a7771e7a55728acf5a5e457457c7190
I0909 08:09:13.302011    1289 isa_program_util_common.cc:377] (HLO module jit_block_means): Executable fingerprint (including data segments):000f17dae77336d06b0564ccad697d459499ab5ac1ad3f1ce5b29ac6d126d814
I0909 08:09:13.302012    1289 isa_program_util_common.cc:380] (HLO module jit_block_means): Host transfer fingerprint:0ce2289220a215397b94a483790c2ea535d1ba9505dd3b6ca405a175f7574c15
I0909 08:09:13.302203      43 deepsea_compiler_base.cc:1055] END_TO_END stage duration: 54.2915ms
I0909 08:09:13.302221      43 deepsea_compiler_base.cc:1056] Note that END_TO_END duration also includes time outside of HLO_PASSES, BACKEND_PASSES, and CODE_GENERATION
I0909 08:09:13.302878      43 megascale_context.cc:517] MegaScale DCNTopology fingerprint for: jit_block_means : 1688352644216761960 DevicesHash: 8081921339993277715 Topology: go/debugstr   
I0909 08:09:13.303051      43 host_command_scheduler_factory.cc:1312] Created a HostCommandScheduler with 18 rules for module jit_block_means HostTransfers Fingerprint: 12844010486177099681.
I0909 08:09:13.303063      43 megascale_context.cc:686] MegaScale ExecutableContext created for module: jit_block_means with DCN topology: go/debugstr    
I0909 08:09:13.309732     142 megascale_context.cc:439] Destroying MegaScale PjrtExecutableContext: jit_operation
W0909 08:09:13.324462    1301 tpu_spmd_partitioner.cc:460] Collective matmul V1 is enabled. Please consider migrating to V2 since V1 will be deprecated soon. You can enable V2 by setting xla_tpu_all_gather_collective_matmul_mode=post_spmd and xla_tpu_reduce_scatter_collective_matmul_mode=post_spmd.
I0909 08:09:13.331294      43 deepsea_compiler_hlo_passes.cc:6406] xla_tpu_impure_hlo_parallel_compile is DISABLED. jit_operation
I0909 08:09:13.332861      43 latency_hiding_scheduler.cc:4420] [latency-hiding-scheduler] LatencyHidingScheduler current memory usage: 532544 bytes. Current limit: 96637622067
I0909 08:09:13.333117      43 tpu_plumb_vmem_info.cc:677] scavenging_mode: 3 for module: jit_operation
I0909 08:09:13.333624      43 deepsea_compiler_hlo_passes.cc:6735] HLO_PASSES stage duration: 9.78676ms
I0909 08:09:13.334612     767 tpu_chip_config.cc:367] Resolved chip config alias default->megachip for 6acc60406, 
I0909 08:09:13.334771     767 tpu_chip_config.cc:367] Resolved chip config alias default->megachip for 6acc60406, 
I0909 08:09:13.334938     767 memory_space_assignment_util.cc:577] MSA Vmem breakdown: default scoped vmem (from flag): 33554432; does_msa_directly_allocate_scoped_vmem: T; bytes_for_msa_to_allocate: 67043328
I0909 08:09:13.349167    1305 deepsea_compiler_base.cc:4279] BACKEND_PASSES stage duration: 15.037944ms
I0909 08:09:13.357258    1305 deepsea_compiler_backend.cc:1480] CODE_GENERATION stage duration: 8.025204ms
I0909 08:09:13.357499    1305 isa_program_util_common.cc:373] (HLO module jit_operation): Executable fingerprint:d72e7a1b39a9f0b9531030b72b44a4fd1d884e817c348c0c8c70eee518f75f53
I0909 08:09:13.357503    1305 isa_program_util_common.cc:377] (HLO module jit_operation): Executable fingerprint (including data segments):352f27f793c6d85e675a709687617bfeffde9c513a61c3a0c786dd853c205964
I0909 08:09:13.357504    1305 isa_program_util_common.cc:380] (HLO module jit_operation): Host transfer fingerprint:124a6bcc363e95627a3a1f52e1d58b781bd8b47961dad231508ba05b08446a17
I0909 08:09:13.357636      43 deepsea_compiler_base.cc:1055] END_TO_END stage duration: 36.399488ms
I0909 08:09:13.357645      43 deepsea_compiler_base.cc:1056] Note that END_TO_END duration also includes time outside of HLO_PASSES, BACKEND_PASSES, and CODE_GENERATION
I0909 08:09:13.358160      43 megascale_context.cc:517] MegaScale DCNTopology fingerprint for: jit_operation : 1688352644216761960 DevicesHash: 8081921339993277715 Topology: go/debugstr   
I0909 08:09:13.358225      43 host_command_scheduler_factory.cc:1312] Created a HostCommandScheduler with 10 rules for module jit_operation HostTransfers Fingerprint: 14085252720032080381.
I0909 08:09:13.358233      43 megascale_context.cc:686] MegaScale ExecutableContext created for module: jit_operation with DCN topology: go/debugstr    
I0909 08:09:13.364339     425 megascale_context.cc:439] Destroying MegaScale PjrtExecutableContext: jit_operation
I0909 08:09:13.378104     763 topology_coordinator.cc:173] MegaScale Topology Discovery completed.
W0909 08:09:13.379714    1310 tpu_spmd_partitioner.cc:460] Collective matmul V1 is enabled. Please consider migrating to V2 since V1 will be deprecated soon. You can enable V2 by setting xla_tpu_all_gather_collective_matmul_mode=post_spmd and xla_tpu_reduce_scatter_collective_matmul_mode=post_spmd.
I0909 08:09:13.388002      43 deepsea_compiler_hlo_passes.cc:6406] xla_tpu_impure_hlo_parallel_compile is DISABLED. jit_operation
I0909 08:09:13.389873      43 latency_hiding_scheduler.cc:4420] [latency-hiding-scheduler] LatencyHidingScheduler current memory usage: 532544 bytes. Current limit: 96637601587
I0909 08:09:13.390139      43 tpu_plumb_vmem_info.cc:677] scavenging_mode: 3 for module: jit_operation
I0909 08:09:13.390669      43 deepsea_compiler_hlo_passes.cc:6735] HLO_PASSES stage duration: 11.62133ms
I0909 08:09:13.391546     763 tpu_chip_config.cc:367] Resolved chip config alias default->megachip for 6acc60406, 
I0909 08:09:13.391707     763 tpu_chip_config.cc:367] Resolved chip config alias default->megachip for 6acc60406, 
I0909 08:09:13.391875     763 memory_space_assignment_util.cc:577] MSA Vmem breakdown: default scoped vmem (from flag): 33554432; does_msa_directly_allocate_scoped_vmem: T; bytes_for_msa_to_allocate: 67043328
I0909 08:09:13.405982    1314 deepsea_compiler_base.cc:4279] BACKEND_PASSES stage duration: 14.87006ms
I0909 08:09:13.414559    1314 deepsea_compiler_backend.cc:1480] CODE_GENERATION stage duration: 8.503114ms
I0909 08:09:13.414782    1314 isa_program_util_common.cc:373] (HLO module jit_operation): Executable fingerprint:93e467bf4e9f14f807cfc07c0f5af89a8259e264f918c4c3bae923bec44d1607
I0909 08:09:13.414785    1314 isa_program_util_common.cc:377] (HLO module jit_operation): Executable fingerprint (including data segments):fb355c3b6e4022fd9a0512110dc6279f44e087545351707c7a7c1fce01967f3b
I0909 08:09:13.414786    1314 isa_program_util_common.cc:380] (HLO module jit_operation): Host transfer fingerprint:c593b06c04e7fad2147a887bcf7944999f2897fc2152ea2dfdeb144dc4e94474
I0909 08:09:13.415104      43 deepsea_compiler_base.cc:1055] END_TO_END stage duration: 38.36619ms
I0909 08:09:13.415120      43 deepsea_compiler_base.cc:1056] Note that END_TO_END duration also includes time outside of HLO_PASSES, BACKEND_PASSES, and CODE_GENERATION
I0909 08:09:13.415697      43 megascale_context.cc:517] MegaScale DCNTopology fingerprint for: jit_operation : 1688352644216761960 DevicesHash: 8081921339993277715 Topology: go/debugstr   
I0909 08:09:13.415871      43 host_command_scheduler_factory.cc:1312] Created a HostCommandScheduler with 18 rules for module jit_operation HostTransfers Fingerprint: 12691832994701343489.
I0909 08:09:13.415885      43 megascale_context.cc:686] MegaScale ExecutableContext created for module: jit_operation with DCN topology: go/debugstr    
I0909 08:09:13.422529     685 megascale_context.cc:439] Destroying MegaScale PjrtExecutableContext: jit_operation
DCN_GOOGLE_BASELINE_MOVEMENT {"all_reduce_block0_mean": 3.0, "all_reduce_block1_mean": 3.0, "all_reduce_expected_sum": 3.0, "bidi_block0_mean": 2.0, "bidi_block1_mean": 1.0, "uni_block0_mean": 0.0, "uni_block1_mean": 1.0}
W0909 08:09:13.437157    1332 tpu_spmd_partitioner.cc:460] Collective matmul V1 is enabled. Please consider migrating to V2 since V1 will be deprecated soon. You can enable V2 by setting xla_tpu_all_gather_collective_matmul_mode=post_spmd and xla_tpu_reduce_scatter_collective_matmul_mode=post_spmd.
I0909 08:09:13.443801      43 deepsea_compiler_hlo_passes.cc:6406] xla_tpu_impure_hlo_parallel_compile is DISABLED. jit__lambda
I0909 08:09:13.445643      43 tpu_plumb_vmem_info.cc:677] scavenging_mode: 3 for module: jit__lambda
I0909 08:09:13.451324      43 deepsea_compiler_hlo_passes.cc:6735] HLO_PASSES stage duration: 14.936712ms
I0909 08:09:13.452343     763 tpu_chip_config.cc:367] Resolved chip config alias default->megachip for 6acc60406, 
I0909 08:09:13.452492     763 tpu_chip_config.cc:367] Resolved chip config alias default->megachip for 6acc60406, 
I0909 08:09:13.452649     763 memory_space_assignment_util.cc:577] MSA Vmem breakdown: default scoped vmem (from flag): 33554432; does_msa_directly_allocate_scoped_vmem: T; bytes_for_msa_to_allocate: 67043328
I0909 08:09:13.476989    1334 deepsea_compiler_base.cc:4279] BACKEND_PASSES stage duration: 25.031214ms
I0909 08:09:13.484398    1334 deepsea_compiler_backend.cc:1480] CODE_GENERATION stage duration: 7.350724ms
I0909 08:09:13.484642    1334 isa_program_util_common.cc:373] (HLO module jit__lambda): Executable fingerprint:b665d6f75444f609b4c211a311343b8365ff0783788dea2c1cd8f6d0e16025e2
I0909 08:09:13.484645    1334 isa_program_util_common.cc:377] (HLO module jit__lambda): Executable fingerprint (including data segments):a7ccb0e728e46035f24c6e63a95900c8afc23874aeb585fad41c508da6107d5c
I0909 08:09:13.484646    1334 isa_program_util_common.cc:380] (HLO module jit__lambda): Host transfer fingerprint:e3b0c44298fc1c149afbf4c8996fb92427ae41e4649b934ca495991b7852b855
I0909 08:09:13.484961      43 deepsea_compiler_base.cc:1055] END_TO_END stage duration: 50.645566ms
I0909 08:09:13.484976      43 deepsea_compiler_base.cc:1056] Note that END_TO_END duration also includes time outside of HLO_PASSES, BACKEND_PASSES, and CODE_GENERATION
I0909 08:09:13.485422      43 host_command_scheduler_factory.cc:1312] Created a HostCommandScheduler with 0 rules for module jit__lambda HostTransfers Fingerprint: 0.
I0909 08:09:13.485433      43 megascale_context.cc:686] MegaScale ExecutableContext created for module: jit__lambda with DCN topology: go/debugstr    
I0909 08:09:13.488385     724 megascale_context.cc:439] Destroying MegaScale PjrtExecutableContext: jit__lambda
W0909 08:09:13.501172    1336 tpu_spmd_partitioner.cc:460] Collective matmul V1 is enabled. Please consider migrating to V2 since V1 will be deprecated soon. You can enable V2 by setting xla_tpu_all_gather_collective_matmul_mode=post_spmd and xla_tpu_reduce_scatter_collective_matmul_mode=post_spmd.
I0909 08:09:13.506847      43 deepsea_compiler_hlo_passes.cc:6406] xla_tpu_impure_hlo_parallel_compile is DISABLED. jit__identity_fn
I0909 08:09:13.510024      43 latency_hiding_scheduler.cc:4420] [latency-hiding-scheduler] LatencyHidingScheduler current memory usage: 10304 bytes. Current limit: 96637879603
I0909 08:09:13.510494      43 tpu_plumb_vmem_info.cc:677] scavenging_mode: 3 for module: jit__identity_fn
I0909 08:09:13.510916      43 deepsea_compiler_hlo_passes.cc:6735] HLO_PASSES stage duration: 10.195866ms
I0909 08:09:13.511971     763 tpu_chip_config.cc:367] Resolved chip config alias default->megachip for 6acc60406, 
I0909 08:09:13.512120     763 tpu_chip_config.cc:367] Resolved chip config alias default->megachip for 6acc60406, 
I0909 08:09:13.512285     763 memory_space_assignment_util.cc:577] MSA Vmem breakdown: default scoped vmem (from flag): 33554432; does_msa_directly_allocate_scoped_vmem: T; bytes_for_msa_to_allocate: 67043328
I0909 08:09:13.536938    1338 deepsea_compiler_base.cc:4279] BACKEND_PASSES stage duration: 25.453142ms
I0909 08:09:13.545280    1338 deepsea_compiler_backend.cc:1480] CODE_GENERATION stage duration: 8.27058ms
I0909 08:09:13.545577    1338 isa_program_util_common.cc:373] (HLO module jit__identity_fn): Executable fingerprint:99d3688fd3a0b1d453fe8627a0b0f42e2ace16dc4bc339c425bb6816b4448e13
I0909 08:09:13.545580    1338 isa_program_util_common.cc:377] (HLO module jit__identity_fn): Executable fingerprint (including data segments):76634a3b411297dc49aa5a3fc980747b213d76a5a45107ab50253d06e246cff8
I0909 08:09:13.545581    1338 isa_program_util_common.cc:380] (HLO module jit__identity_fn): Host transfer fingerprint:1c3aada8609a3172763bf050d766fe130bc23cfa6480b47046f6868e3bc19d83
I0909 08:09:13.545715      43 deepsea_compiler_base.cc:1055] END_TO_END stage duration: 46.921896ms
I0909 08:09:13.545728      43 deepsea_compiler_base.cc:1056] Note that END_TO_END duration also includes time outside of HLO_PASSES, BACKEND_PASSES, and CODE_GENERATION
I0909 08:09:13.546308      43 megascale_context.cc:517] MegaScale DCNTopology fingerprint for: jit__identity_fn : 1688352644216761960 DevicesHash: 11843567257950195766 Topology: go/debugstr   
I0909 08:09:13.546471      43 host_command_scheduler_factory.cc:1312] Created a HostCommandScheduler with 18 rules for module jit__identity_fn HostTransfers Fingerprint: 10701750680746575423.
I0909 08:09:13.546483      43 megascale_context.cc:686] MegaScale ExecutableContext created for module: jit__identity_fn with DCN topology: go/debugstr    
I0909 08:09:13.549270     739 megascale_context.cc:439] Destroying MegaScale PjrtExecutableContext: jit_block_means
W0909 08:09:13.568130    1342 tpu_spmd_partitioner.cc:460] Collective matmul V1 is enabled. Please consider migrating to V2 since V1 will be deprecated soon. You can enable V2 by setting xla_tpu_all_gather_collective_matmul_mode=post_spmd and xla_tpu_reduce_scatter_collective_matmul_mode=post_spmd.
I0909 08:09:13.574074      43 deepsea_compiler_hlo_passes.cc:6406] xla_tpu_impure_hlo_parallel_compile is DISABLED. jit_operation
I0909 08:09:13.575873      43 latency_hiding_scheduler.cc:4420] [latency-hiding-scheduler] LatencyHidingScheduler current memory usage: 268443712 bytes. Current limit: 96369690419
I0909 08:09:13.576139      43 tpu_plumb_vmem_info.cc:677] scavenging_mode: 3 for module: jit_operation
I0909 08:09:13.591997      43 deepsea_compiler_hlo_passes.cc:6735] HLO_PASSES stage duration: 24.469242ms
I0909 08:09:13.592985     763 tpu_chip_config.cc:367] Resolved chip config alias default->megachip for 6acc60406, 
I0909 08:09:13.593126     763 tpu_chip_config.cc:367] Resolved chip config alias default->megachip for 6acc60406, 
I0909 08:09:13.593301     763 memory_space_assignment_util.cc:577] MSA Vmem breakdown: default scoped vmem (from flag): 33554432; does_msa_directly_allocate_scoped_vmem: T; bytes_for_msa_to_allocate: 67043328
I0909 08:09:13.651521    1346 deepsea_compiler_base.cc:4279] BACKEND_PASSES stage duration: 59.108508ms
I0909 08:09:13.659954    1346 deepsea_compiler_backend.cc:1480] CODE_GENERATION stage duration: 8.369224ms
I0909 08:09:13.660263    1346 isa_program_util_common.cc:373] (HLO module jit_operation): Executable fingerprint:d7c284c0a5746be547a124f2c44c3ba32c0c1518faf468925d1ecc634e81c1ba
I0909 08:09:13.660267    1346 isa_program_util_common.cc:377] (HLO module jit_operation): Executable fingerprint (including data segments):90738f9921578f54314aaaab77156223d9ac9abba841e6b894dce3031378b86f
I0909 08:09:13.660269    1346 isa_program_util_common.cc:380] (HLO module jit_operation): Host transfer fingerprint:5715df73845b97a64335cdd11f50257efb93ff52cb10d4a649fbb8092ce1a40c
I0909 08:09:13.660451      43 deepsea_compiler_base.cc:1055] END_TO_END stage duration: 95.508406ms
I0909 08:09:13.660466      43 deepsea_compiler_base.cc:1056] Note that END_TO_END duration also includes time outside of HLO_PASSES, BACKEND_PASSES, and CODE_GENERATION
I0909 08:09:13.661052      43 megascale_context.cc:517] MegaScale DCNTopology fingerprint for: jit_operation : 1688352644216761960 DevicesHash: 8081921339993277715 Topology: go/debugstr   
I0909 08:09:13.662464      43 host_command_scheduler_factory.cc:1312] Created a HostCommandScheduler with 18 rules for module jit_operation HostTransfers Fingerprint: 4049434456220793716.
I0909 08:09:13.662575      43 megascale_context.cc:686] MegaScale ExecutableContext created for module: jit_operation with DCN topology: go/debugstr    
I0909 08:09:13.668548     789 grpc_transport.cc:1743] [MEGASCALE_TRANSPORT_INSTR] SendRpc: key=psum.7_0_rs_0_sr_24_25|s100004->200004d|$c0$l290491730^i0 size=8388608 queue_latency_us=0 attempt=0
I0909 08:09:13.675047     791 grpc_transport.cc:1743] [MEGASCALE_TRANSPORT_INSTR] SendRpc: key=psum.7_0_rs_0_sr_31_32|s100005->200005d|$c0$l290491730^i0 size=8388608 queue_latency_us=0 attempt=0
I0909 08:09:13.690897     804 grpc_transport.cc:1414] [MEGASCALE_TRANSPORT_INSTR] Recv: key=psum.7_0_rs_0_sr_13_14|s200004->100004d|$c0$l290491730^i0 size=0 is_single_chunk=true is_aligned=true memcpy_needed=false
I0909 08:09:13.736013     789 grpc_transport.cc:1414] [MEGASCALE_TRANSPORT_INSTR] Recv: key=psum.7_0_ag_0_sr_28_29|s200001->100001d|$c0$l290491730^i0 size=0 is_single_chunk=true is_aligned=true memcpy_needed=false
I0909 08:09:13.745299     808 grpc_transport.cc:1743] [MEGASCALE_TRANSPORT_INSTR] SendRpc: key=psum.7_0_ag_0_sr_1_2|s100003->200003d|$c0$l290491730^i0 size=8388608 queue_latency_us=0 attempt=0
I0909 08:09:13.788011     806 grpc_transport.cc:1414] [MEGASCALE_TRANSPORT_INSTR] Recv: key=psum.7_0_ag_0_sr_22_23|s200006->100006d|$c0$l290491730^i0 size=0 is_single_chunk=true is_aligned=true memcpy_needed=false
DCN_TIMING_FIRST_CALL {"compile_execute_ms": 246.8307230155915, "device_wait_ms": 135.01102093141526, "dispatch_ms": 111.81970208417624, "experiment": "pi_C1_clean", "label": "google_all_reduce_p8_d16384", "post_barrier_ms": 3.3265009988099337, "pre_barrier_ms": 63.00627894233912, "rank": 0}
I0909 08:09:13.814288     791 grpc_transport.cc:1743] [MEGASCALE_TRANSPORT_INSTR] SendRpc: key=psum.7_0_rs_0_sr_21_22|s100000->200000d|$c0$l290491731^i0 size=8388608 queue_latency_us=2 attempt=0
I0909 08:09:13.838200     811 grpc_transport.cc:1414] [MEGASCALE_TRANSPORT_INSTR] Recv: key=psum.7_0_rs_0_sr_4_5|s200006->100006d|$c0$l290491731^i0 size=0 is_single_chunk=true is_aligned=true memcpy_needed=false
I0909 08:09:13.839394     820 grpc_transport.cc:1743] [MEGASCALE_TRANSPORT_INSTR] SendRpc: key=psum.7_0_ag_0_sr_14_15|s100007->200007d|$c0$l290491731^i0 size=8388608 queue_latency_us=0 attempt=0
I0909 08:09:13.869432     795 grpc_transport.cc:1414] [MEGASCALE_TRANSPORT_INSTR] Recv: key=psum.7_0_ag_0_sr_19_20|s200001->100001d|$c0$l290491731^i0 size=0 is_single_chunk=true is_aligned=true memcpy_needed=false
W0909 08:09:13.887214     785 tpu_pjrt_client.cc:2333] PjRt execution dispatch was blocked for 66.20302ms because PjRt's max in-flight computation semaphore is full (limit: 32), which may negatively affect the performance
I0909 08:09:13.912645     806 grpc_transport.cc:1743] [MEGASCALE_TRANSPORT_INSTR] SendRpc: key=psum.7_0_rs_0_sr_16_17|s100002->200002d|$c0$l290491732^i0 size=8388608 queue_latency_us=0 attempt=0
I0909 08:09:13.919548     807 grpc_transport.cc:1743] [MEGASCALE_TRANSPORT_INSTR] SendRpc: key=psum.7_0_rs_0_sr_26_27|s100003->200003d|$c0$l290491732^i0 size=8388608 queue_latency_us=0 attempt=0
I0909 08:09:13.923490     790 grpc_transport.cc:1414] [MEGASCALE_TRANSPORT_INSTR] Recv: key=psum.7_0_rs_0_sr_3_4|s200006->100006d|$c0$l290491732^i0 size=0 is_single_chunk=true is_aligned=true memcpy_needed=false
I0909 08:09:13.966189     818 grpc_transport.cc:1414] [MEGASCALE_TRANSPORT_INSTR] Recv: key=psum.7_0_ag_0_sr_18_19|s200002->100002d|$c0$l290491732^i0 size=0 is_single_chunk=true is_aligned=true memcpy_needed=false
I0909 08:09:13.967224     819 grpc_transport.cc:1743] [MEGASCALE_TRANSPORT_INSTR] SendRpc: key=psum.7_0_ag_0_sr_11_12|s100007->200007d|$c0$l290491732^i0 size=8388608 queue_latency_us=0 attempt=0
I0909 08:09:13.997976     806 grpc_transport.cc:1414] [MEGASCALE_TRANSPORT_INSTR] Recv: key=psum.7_0_rs_0_sr_0_1|s200007->100007d|$c0$l290491732^i0 size=0 is_single_chunk=true is_aligned=true memcpy_needed=false
I0909 08:09:14.034373     807 grpc_transport.cc:1743] [MEGASCALE_TRANSPORT_INSTR] SendRpc: key=psum.7_0_rs_0_sr_25_26|s100007->200007d|$c0$l290491733^i0 size=8388608 queue_latency_us=0 attempt=0
I0909 08:09:14.035050     818 grpc_transport.cc:1414] [MEGASCALE_TRANSPORT_INSTR] Recv: key=psum.7_0_rs_0_sr_14_15|s200007->100007d|$c0$l290491733^i0 size=0 is_single_chunk=true is_aligned=true memcpy_needed=false
I0909 08:09:14.062283     791 grpc_transport.cc:1743] [MEGASCALE_TRANSPORT_INSTR] SendRpc: key=psum.7_0_ag_0_sr_9_10|s100005->200005d|$c0$l290491733^i0 size=8388608 queue_latency_us=0 attempt=0
I0909 08:09:14.067500     790 grpc_transport.cc:1414] [MEGASCALE_TRANSPORT_INSTR] Recv: key=psum.7_0_ag_0_sr_24_25|s200000->100000d|$c0$l290491733^i0 size=0 is_single_chunk=true is_aligned=true memcpy_needed=false
I0909 08:09:14.101037     806 grpc_transport.cc:1743] [MEGASCALE_TRANSPORT_INSTR] SendRpc: key=psum.7_0_ag_0_sr_11_12|s100002->200002d|$c0$l290491733^i0 size=8388608 queue_latency_us=0 attempt=0
I0909 08:09:14.133472     789 grpc_transport.cc:1414] [MEGASCALE_TRANSPORT_INSTR] Recv: key=psum.7_0_rs_0_sr_8_9|s200003->100003d|$c0$l290491734^i0 size=0 is_single_chunk=true is_aligned=true memcpy_needed=false
I0909 08:09:14.148622     795 grpc_transport.cc:1743] [MEGASCALE_TRANSPORT_INSTR] SendRpc: key=psum.7_0_rs_0_sr_28_29|s100004->200004d|$c0$l290491734^i0 size=8388608 queue_latency_us=0 attempt=0
I0909 08:09:14.162689     821 grpc_transport.cc:1414] [MEGASCALE_TRANSPORT_INSTR] Recv: key=psum.7_0_ag_0_sr_17_18|s200006->100006d|$c0$l290491734^i0 size=0 is_single_chunk=true is_aligned=true memcpy_needed=false
I0909 08:09:14.207508    1591 grpc_transport.cc:1743] [MEGASCALE_TRANSPORT_INSTR] SendRpc: key=psum.7_0_ag_0_sr_14_15|s100001->200001d|$c0$l290491734^i0 size=8388608 queue_latency_us=1 attempt=0
I0909 08:09:14.215183    1431 grpc_transport.cc:1414] [MEGASCALE_TRANSPORT_INSTR] Recv: key=psum.7_0_ag_0_sr_21_22|s200004->100004d|$c0$l290491734^i0 size=0 is_single_chunk=true is_aligned=true memcpy_needed=false
I0909 08:09:14.242446    1377 grpc_transport.cc:1743] [MEGASCALE_TRANSPORT_INSTR] SendRpc: key=psum.7_0_rs_0_sr_18_19|s100003->200003d|$c0$l290491735^i0 size=8388608 queue_latency_us=0 attempt=0
I0909 08:09:14.251769     797 grpc_transport.cc:1743] [MEGASCALE_TRANSPORT_INSTR] SendRpc: key=psum.7_0_ag_0_sr_3_4|s100007->200007d|$c0$l290491735^i0 size=8388608 queue_latency_us=0 attempt=0
I0909 08:09:14.286597     810 grpc_transport.cc:1414] [MEGASCALE_TRANSPORT_INSTR] Recv: key=psum.7_0_rs_0_sr_5_6|s200003->100003d|$c0$l290491735^i0 size=0 is_single_chunk=true is_aligned=true memcpy_needed=false
I0909 08:09:14.330338    1628 grpc_transport.cc:1414] [MEGASCALE_TRANSPORT_INSTR] Recv: key=psum.7_0_rs_0_sr_1_2|s200000->100000d|$c0$l290491735^i0 size=0 is_single_chunk=true is_aligned=true memcpy_needed=false
I0909 08:09:14.331462    1522 grpc_transport.cc:1743] [MEGASCALE_TRANSPORT_INSTR] SendRpc: key=psum.7_0_ag_0_sr_15_16|s100005->200005d|$c0$l290491735^i0 size=8388608 queue_latency_us=2 attempt=0
I0909 08:09:14.345870    1356 grpc_transport.cc:1414] [MEGASCALE_TRANSPORT_INSTR] Recv: key=psum.7_0_ag_0_sr_31_32|s200000->100000d|$c0$l290491735^i0 size=0 is_single_chunk=true is_aligned=true memcpy_needed=false
I0909 08:09:14.360168    1408 grpc_transport.cc:1743] [MEGASCALE_TRANSPORT_INSTR] SendRpc: key=psum.7_0_rs_0_sr_19_20|s100003->200003d|$c0$l290491736^i0 size=8388608 queue_latency_us=0 attempt=0
I0909 08:09:14.385138    1589 grpc_transport.cc:1414] [MEGASCALE_TRANSPORT_INSTR] Recv: key=psum.7_0_rs_0_sr_10_11|s200004->100004d|$c0$l290491736^i0 size=0 is_single_chunk=true is_aligned=true memcpy_needed=false
I0909 08:09:14.402623    1595 grpc_transport.cc:1743] [MEGASCALE_TRANSPORT_INSTR] SendRpc: key=psum.7_0_ag_0_sr_2_3|s100003->200003d|$c0$l290491736^i0 size=8388608 queue_latency_us=0 attempt=0
I0909 08:09:14.418466    1611 grpc_transport.cc:1414] [MEGASCALE_TRANSPORT_INSTR] Recv: key=psum.7_0_ag_0_sr_29_30|s200002->100002d|$c0$l290491736^i0 size=0 is_single_chunk=true is_aligned=true memcpy_needed=false
I0909 08:09:14.457135    1384 grpc_transport.cc:1743] [MEGASCALE_TRANSPORT_INSTR] SendRpc: key=psum.7_0_rs_0_sr_16_17|s100003->200003d|$c0$l290491737^i0 size=8388608 queue_latency_us=0 attempt=0
I0909 08:09:14.462476    1370 grpc_transport.cc:1743] [MEGASCALE_TRANSPORT_INSTR] SendRpc: key=psum.7_0_rs_0_sr_30_31|s100002->200002d|$c0$l290491737^i0 size=8388608 queue_latency_us=0 attempt=0
I0909 08:09:14.491853    1377 grpc_transport.cc:1414] [MEGASCALE_TRANSPORT_INSTR] Recv: key=psum.7_0_rs_0_sr_11_12|s200003->100003d|$c0$l290491737^i0 size=0 is_single_chunk=true is_aligned=true memcpy_needed=false
I0909 08:09:14.533793    1515 grpc_transport.cc:1743] [MEGASCALE_TRANSPORT_INSTR] SendRpc: key=psum.7_0_ag_0_sr_1_2|s100003->200003d|$c0$l290491737^i0 size=8388608 queue_latency_us=0 attempt=0
I0909 08:09:14.542475    1394 grpc_transport.cc:1414] [MEGASCALE_TRANSPORT_INSTR] Recv: key=psum.7_0_ag_0_sr_19_20|s200006->100006d|$c0$l290491737^i0 size=0 is_single_chunk=true is_aligned=true memcpy_needed=false
I0909 08:09:14.558058     806 grpc_transport.cc:1414] [MEGASCALE_TRANSPORT_INSTR] Recv: key=psum.7_0_ag_0_sr_19_20|s200002->100002d|$c0$l290491737^i0 size=0 is_single_chunk=true is_aligned=true memcpy_needed=false
I0909 08:09:14.570420     807 grpc_transport.cc:1743] [MEGASCALE_TRANSPORT_INSTR] SendRpc: key=psum.7_0_ag_0_sr_4_5|s100006->200006d|$c0$l290491738^i0 size=8388608 queue_latency_us=0 attempt=0
I0909 08:09:14.592085    1370 grpc_transport.cc:1414] [MEGASCALE_TRANSPORT_INSTR] Recv: key=psum.7_0_rs_0_sr_0_1|s200007->100007d|$c0$l290491738^i0 size=0 is_single_chunk=true is_aligned=true memcpy_needed=false
I0909 08:09:14.596825    1545 grpc_transport.cc:1743] [MEGASCALE_TRANSPORT_INSTR] SendRpc: key=psum.7_0_ag_0_sr_3_4|s100004->200004d|$c0$l290491738^i0 size=8388608 queue_latency_us=0 attempt=0
I0909 08:09:14.622412    1401 grpc_transport.cc:1414] [MEGASCALE_TRANSPORT_INSTR] Recv: key=psum.7_0_ag_0_sr_27_28|s200000->100000d|$c0$l290491738^i0 size=0 is_single_chunk=true is_aligned=true memcpy_needed=false
I0909 08:09:14.675582    1370 grpc_transport.cc:1743] [MEGASCALE_TRANSPORT_INSTR] SendRpc: key=psum.7_0_rs_0_sr_16_17|s100003->200003d|$c0$l290491739^i0 size=8388608 queue_latency_us=0 attempt=0
I0909 08:09:14.679990    1451 grpc_transport.cc:1743] [MEGASCALE_TRANSPORT_INSTR] SendRpc: key=psum.7_0_rs_0_sr_24_25|s100000->200000d|$c0$l290491739^i0 size=8388608 queue_latency_us=0 attempt=0
I0909 08:09:14.683422    1463 grpc_transport.cc:1414] [MEGASCALE_TRANSPORT_INSTR] Recv: key=psum.7_0_rs_0_sr_6_7|s200006->100006d|$c0$l290491739^i0 size=0 is_single_chunk=true is_aligned=true memcpy_needed=false
I0909 08:09:14.710692    1593 grpc_transport.cc:1414] [MEGASCALE_TRANSPORT_INSTR] Recv: key=psum.7_0_rs_0_sr_1_2|s200000->100000d|$c0$l290491739^i0 size=0 is_single_chunk=true is_aligned=true memcpy_needed=false
I0909 08:09:14.735364    1489 grpc_transport.cc:1743] [MEGASCALE_TRANSPORT_INSTR] SendRpc: key=psum.7_0_ag_0_sr_0_1|s100003->200003d|$c0$l290491739^i0 size=8388608 queue_latency_us=0 attempt=0
I0909 08:09:14.746737    1370 grpc_transport.cc:1414] [MEGASCALE_TRANSPORT_INSTR] Recv: key=psum.7_0_ag_0_sr_25_26|s200006->100006d|$c0$l290491739^i0 size=0 is_single_chunk=true is_aligned=true memcpy_needed=false
I0909 08:09:14.779263    1370 grpc_transport.cc:1743] [MEGASCALE_TRANSPORT_INSTR] SendRpc: key=psum.7_0_rs_0_sr_24_25|s100006->200006d|$c0$l290491740^i0 size=8388608 queue_latency_us=0 attempt=0
I0909 08:09:14.797962    1613 grpc_transport.cc:1743] [MEGASCALE_TRANSPORT_INSTR] SendRpc: key=psum.7_0_ag_0_sr_3_4|s100002->200002d|$c0$l290491740^i0 size=8388608 queue_latency_us=0 attempt=0
I0909 08:09:14.812379    1551 grpc_transport.cc:1414] [MEGASCALE_TRANSPORT_INSTR] Recv: key=psum.7_0_rs_0_sr_14_15|s200000->100000d|$c0$l290491740^i0 size=0 is_single_chunk=true is_aligned=true memcpy_needed=false
I0909 08:09:14.852252    1356 grpc_transport.cc:1743] [MEGASCALE_TRANSPORT_INSTR] SendRpc: key=psum.7_0_ag_0_sr_1_2|s100000->200000d|$c0$l290491740^i0 size=8388608 queue_latency_us=0 attempt=0
I0909 08:09:14.853334    1408 grpc_transport.cc:1414] [MEGASCALE_TRANSPORT_INSTR] Recv: key=psum.7_0_ag_0_sr_20_21|s200002->100002d|$c0$l290491740^i0 size=0 is_single_chunk=true is_aligned=true memcpy_needed=false
I0909 08:09:14.881766     789 grpc_transport.cc:1743] [MEGASCALE_TRANSPORT_INSTR] SendRpc: key=psum.7_0_rs_0_sr_27_28|s100000->200000d|$c0$l290491741^i0 size=8388608 queue_latency_us=0 attempt=0
I0909 08:09:14.887328    1379 grpc_transport.cc:1414] [MEGASCALE_TRANSPORT_INSTR] Recv: key=psum.7_0_rs_0_sr_11_12|s200001->100001d|$c0$l290491741^i0 size=0 is_single_chunk=true is_aligned=true memcpy_needed=false
I0909 08:09:14.935938    1520 grpc_transport.cc:1743] [MEGASCALE_TRANSPORT_INSTR] SendRpc: key=psum.7_0_ag_0_sr_7_8|s100002->200002d|$c0$l290491741^i0 size=8388608 queue_latency_us=1 attempt=0
I0909 08:09:14.952841    1379 grpc_transport.cc:1414] [MEGASCALE_TRANSPORT_INSTR] Recv: key=psum.7_0_rs_0_sr_11_12|s200000->100000d|$c0$l290491741^i0 size=0 is_single_chunk=true is_aligned=true memcpy_needed=false
I0909 08:09:14.972513    1379 grpc_transport.cc:1414] [MEGASCALE_TRANSPORT_INSTR] Recv: key=psum.7_0_ag_0_sr_20_21|s200001->100001d|$c0$l290491741^i0 size=0 is_single_chunk=true is_aligned=true memcpy_needed=false
I0909 08:09:14.987390    1384 grpc_transport.cc:1743] [MEGASCALE_TRANSPORT_INSTR] SendRpc: key=psum.7_0_rs_0_sr_21_22|s100007->200007d|$c0$l290491742^i0 size=8388608 queue_latency_us=0 attempt=0
I0909 08:09:14.999622     821 grpc_transport.cc:1743] [MEGASCALE_TRANSPORT_INSTR] SendRpc: key=psum.7_0_ag_0_sr_4_5|s100004->200004d|$c0$l290491742^i0 size=8388608 queue_latency_us=0 attempt=0
I0909 08:09:15.002992     802 grpc_transport.cc:1414] [MEGASCALE_TRANSPORT_INSTR] Recv: key=psum.7_0_rs_0_sr_5_6|s200001->100001d|$c0$l290491742^i0 size=0 is_single_chunk=true is_aligned=true memcpy_needed=false
I0909 08:09:15.032070    1506 grpc_transport.cc:1414] [MEGASCALE_TRANSPORT_INSTR] Recv: key=psum.7_0_ag_0_sr_16_17|s200000->100000d|$c0$l290491742^i0 size=0 is_single_chunk=true is_aligned=true memcpy_needed=false
I0909 08:09:15.054964    1642 grpc_transport.cc:1743] [MEGASCALE_TRANSPORT_INSTR] SendRpc: key=psum.7_0_ag_0_sr_15_16|s100001->200001d|$c0$l290491742^i0 size=8388608 queue_latency_us=0 attempt=0
I0909 08:09:15.083134    1377 grpc_transport.cc:1414] [MEGASCALE_TRANSPORT_INSTR] Recv: key=psum.7_0_ag_0_sr_27_28|s200007->100007d|$c0$l290491742^i0 size=0 is_single_chunk=true is_aligned=true memcpy_needed=false
I0909 08:09:15.096091    1401 grpc_transport.cc:1743] [MEGASCALE_TRANSPORT_INSTR] SendRpc: key=psum.7_0_rs_0_sr_27_28|s100004->200004d|$c0$l290491743^i0 size=8388608 queue_latency_us=0 attempt=0
I0909 08:09:15.149042    1473 grpc_transport.cc:1743] [MEGASCALE_TRANSPORT_INSTR] SendRpc: key=psum.7_0_ag_0_sr_9_10|s100005->200005d|$c0$l290491743^i0 size=8388608 queue_latency_us=0 attempt=0
I0909 08:09:15.167046    1408 grpc_transport.cc:1414] [MEGASCALE_TRANSPORT_INSTR] Recv: key=psum.7_0_rs_0_sr_14_15|s200002->100002d|$c0$l290491743^i0 size=0 is_single_chunk=true is_aligned=true memcpy_needed=false
I0909 08:09:15.192397    1695 grpc_transport.cc:1414] [MEGASCALE_TRANSPORT_INSTR] Recv: key=psum.7_0_ag_0_sr_25_26|s200001->100001d|$c0$l290491743^i0 size=0 is_single_chunk=true is_aligned=true memcpy_needed=false
I0909 08:09:15.206756    1703 grpc_transport.cc:1743] [MEGASCALE_TRANSPORT_INSTR] SendRpc: key=psum.7_0_rs_0_sr_20_21|s100003->200003d|$c0$l290491744^i0 size=8388608 queue_latency_us=0 attempt=0
I0909 08:09:15.210950    1695 grpc_transport.cc:1743] [MEGASCALE_TRANSPORT_INSTR] SendRpc: key=psum.7_0_rs_0_sr_28_29|s100000->200000d|$c0$l290491744^i0 size=8388608 queue_latency_us=0 attempt=0
I0909 08:09:15.219562    1695 grpc_transport.cc:1414] [MEGASCALE_TRANSPORT_INSTR] Recv: key=psum.7_0_rs_0_sr_6_7|s200000->100000d|$c0$l290491744^i0 size=0 is_single_chunk=true is_aligned=true memcpy_needed=false
I0909 08:09:15.258338    1533 grpc_transport.cc:1414] [MEGASCALE_TRANSPORT_INSTR] Recv: key=psum.7_0_rs_0_sr_15_16|s200005->100005d|$c0$l290491744^i0 size=0 is_single_chunk=true is_aligned=true memcpy_needed=false
I0909 08:09:15.269834    1705 grpc_transport.cc:1743] [MEGASCALE_TRANSPORT_INSTR] SendRpc: key=psum.7_0_ag_0_sr_6_7|s100003->200003d|$c0$l290491744^i0 size=8388608 queue_latency_us=0 attempt=0
I0909 08:09:15.285195     806 grpc_transport.cc:1414] [MEGASCALE_TRANSPORT_INSTR] Recv: key=psum.7_0_ag_0_sr_30_31|s200002->100002d|$c0$l290491744^i0 size=0 is_single_chunk=true is_aligned=true memcpy_needed=false
I0909 08:09:15.300373    1413 grpc_transport.cc:1743] [MEGASCALE_TRANSPORT_INSTR] SendRpc: key=psum.7_0_rs_0_sr_24_25|s100001->200001d|$c0$l290491745^i0 size=8388608 queue_latency_us=0 attempt=0
I0909 08:09:15.355047    1363 grpc_transport.cc:1743] [MEGASCALE_TRANSPORT_INSTR] SendRpc: key=psum.7_0_ag_0_sr_3_4|s100002->200002d|$c0$l290491745^i0 size=8388608 queue_latency_us=0 attempt=0
I0909 08:09:15.374837    1715 grpc_transport.cc:1414] [MEGASCALE_TRANSPORT_INSTR] Recv: key=psum.7_0_rs_0_sr_15_16|s200006->100006d|$c0$l290491745^i0 size=0 is_single_chunk=true is_aligned=true memcpy_needed=false
I0909 08:09:15.403037    1446 grpc_transport.cc:1414] [MEGASCALE_TRANSPORT_INSTR] Recv: key=psum.7_0_ag_0_sr_30_31|s200002->100002d|$c0$l290491745^i0 size=0 is_single_chunk=true is_aligned=true memcpy_needed=false
I0909 08:09:15.427055    1699 grpc_transport.cc:1414] [MEGASCALE_TRANSPORT_INSTR] Recv: key=psum.7_0_rs_0_sr_5_6|s200007->100007d|$c0$l290491746^i0 size=0 is_single_chunk=true is_aligned=true memcpy_needed=false
I0909 08:09:15.433454    1451 grpc_transport.cc:1743] [MEGASCALE_TRANSPORT_INSTR] SendRpc: key=psum.7_0_rs_0_sr_17_18|s100001->200001d|$c0$l290491746^i0 size=8388608 queue_latency_us=1 attempt=0
I0909 08:09:15.444036     796 grpc_transport.cc:1743] [MEGASCALE_TRANSPORT_INSTR] SendRpc: key=psum.7_0_rs_0_sr_29_30|s100005->200005d|$c0$l290491746^i0 size=8388608 queue_latency_us=1 attempt=0
I0909 08:09:15.465006    1735 grpc_transport.cc:1414] [MEGASCALE_TRANSPORT_INSTR] Recv: key=psum.7_0_rs_0_sr_0_1|s200005->100005d|$c0$l290491746^i0 size=0 is_single_chunk=true is_aligned=true memcpy_needed=false
I0909 08:09:15.489672     794 grpc_transport.cc:1743] [MEGASCALE_TRANSPORT_INSTR] SendRpc: key=psum.7_0_ag_0_sr_9_10|s100005->200005d|$c0$l290491746^i0 size=8388608 queue_latency_us=0 attempt=0
I0909 08:09:15.518209    1699 grpc_transport.cc:1414] [MEGASCALE_TRANSPORT_INSTR] Recv: key=psum.7_0_ag_0_sr_29_30|s200006->100006d|$c0$l290491746^i0 size=0 is_single_chunk=true is_aligned=true memcpy_needed=false
I0909 08:09:15.536997    1394 grpc_transport.cc:1743] [MEGASCALE_TRANSPORT_INSTR] SendRpc: key=psum.7_0_rs_0_sr_27_28|s100002->200002d|$c0$l290491747^i0 size=8388608 queue_latency_us=0 attempt=0
I0909 08:09:15.583279    1715 grpc_transport.cc:1743] [MEGASCALE_TRANSPORT_INSTR] SendRpc: key=psum.7_0_ag_0_sr_7_8|s100002->200002d|$c0$l290491747^i0 size=8388608 queue_latency_us=0 attempt=0
I0909 08:09:15.604970    1372 grpc_transport.cc:1414] [MEGASCALE_TRANSPORT_INSTR] Recv: key=psum.7_0_rs_0_sr_2_3|s200001->100001d|$c0$l290491747^i0 size=0 is_single_chunk=true is_aligned=true memcpy_needed=false
I0909 08:09:15.632123    1400 grpc_transport.cc:1414] [MEGASCALE_TRANSPORT_INSTR] Recv: key=psum.7_0_ag_0_sr_31_32|s200007->100007d|$c0$l290491747^i0 size=0 is_single_chunk=true is_aligned=true memcpy_needed=false
I0909 08:09:15.657645    1695 grpc_transport.cc:1414] [MEGASCALE_TRANSPORT_INSTR] Recv: key=psum.7_0_rs_0_sr_3_4|s200004->100004d|$c0$l290491748^i0 size=0 is_single_chunk=true is_aligned=true memcpy_needed=false
I0909 08:09:15.665266    1438 grpc_transport.cc:1743] [MEGASCALE_TRANSPORT_INSTR] SendRpc: key=psum.7_0_rs_0_sr_16_17|s100006->200006d|$c0$l290491748^i0 size=8388608 queue_latency_us=0 attempt=0
I0909 08:09:15.675795     806 grpc_transport.cc:1743] [MEGASCALE_TRANSPORT_INSTR] SendRpc: key=psum.7_0_rs_0_sr_29_30|s100002->200002d|$c0$l290491748^i0 size=8388608 queue_latency_us=0 attempt=0
I0909 08:09:15.695913    1741 grpc_transport.cc:1414] [MEGASCALE_TRANSPORT_INSTR] Recv: key=psum.7_0_rs_0_sr_6_7|s200002->100002d|$c0$l290491748^i0 size=0 is_single_chunk=true is_aligned=true memcpy_needed=false
W0909 08:09:15.700545    1770 grpc_transport.cc:1186] Too many pending sends: 128
I0909 08:09:15.714045    1745 grpc_transport.cc:1743] [MEGASCALE_TRANSPORT_INSTR] SendRpc: key=psum.7_0_ag_0_sr_10_11|s100004->200004d|$c0$l290491748^i0 size=8388608 queue_latency_us=0 attempt=0
I0909 08:09:15.757907    1695 grpc_transport.cc:1414] [MEGASCALE_TRANSPORT_INSTR] Recv: key=psum.7_0_ag_0_sr_27_28|s200001->100001d|$c0$l290491748^i0 size=0 is_single_chunk=true is_aligned=true memcpy_needed=false
I0909 08:09:15.776765     793 grpc_transport.cc:1743] [MEGASCALE_TRANSPORT_INSTR] SendRpc: key=psum.7_0_rs_0_sr_20_21|s100005->200005d|$c0$l290491749^i0 size=8388608 queue_latency_us=0 attempt=0
I0909 08:09:15.794292    1787 grpc_transport.cc:1414] [MEGASCALE_TRANSPORT_INSTR] Recv: key=psum.7_0_rs_0_sr_10_11|s200003->100003d|$c0$l290491749^i0 size=0 is_single_chunk=true is_aligned=true memcpy_needed=false
I0909 08:09:15.798742     795 grpc_transport.cc:1743] [MEGASCALE_TRANSPORT_INSTR] SendRpc: key=psum.7_0_ag_0_sr_10_11|s100002->200002d|$c0$l290491749^i0 size=8388608 queue_latency_us=0 attempt=0
I0909 08:09:15.829628    1394 grpc_transport.cc:1414] [MEGASCALE_TRANSPORT_INSTR] Recv: key=psum.7_0_ag_0_sr_18_19|s200006->100006d|$c0$l290491749^i0 size=0 is_single_chunk=true is_aligned=true memcpy_needed=false
I0909 08:09:15.841993    1463 grpc_transport.cc:1743] [MEGASCALE_TRANSPORT_INSTR] SendRpc: key=psum.7_0_ag_0_sr_10_11|s100001->200001d|$c0$l290491749^i0 size=8388608 queue_latency_us=1 attempt=0
I0909 08:09:15.880687    1720 grpc_transport.cc:1743] [MEGASCALE_TRANSPORT_INSTR] SendRpc: key=psum.7_0_rs_0_sr_28_29|s100005->200005d|$c0$l290491750^i0 size=8388608 queue_latency_us=1 attempt=0
I0909 08:09:15.882081    1699 grpc_transport.cc:1414] [MEGASCALE_TRANSPORT_INSTR] Recv: key=psum.7_0_rs_0_sr_6_7|s200004->100004d|$c0$l290491750^i0 size=0 is_single_chunk=true is_aligned=true memcpy_needed=false
I0909 08:09:15.919126    1506 grpc_transport.cc:1414] [MEGASCALE_TRANSPORT_INSTR] Recv: key=psum.7_0_rs_0_sr_11_12|s200005->100005d|$c0$l290491750^i0 size=0 is_single_chunk=true is_aligned=true memcpy_needed=false
I0909 08:09:15.925907    1580 grpc_transport.cc:1743] [MEGASCALE_TRANSPORT_INSTR] SendRpc: key=psum.7_0_ag_0_sr_9_10|s100007->200007d|$c0$l290491750^i0 size=8388608 queue_latency_us=0 attempt=0
I0909 08:09:15.949015    1703 grpc_transport.cc:1414] [MEGASCALE_TRANSPORT_INSTR] Recv: key=psum.7_0_ag_0_sr_23_24|s200006->100006d|$c0$l290491750^i0 size=0 is_single_chunk=true is_aligned=true memcpy_needed=false
I0909 08:09:15.983097    1708 grpc_transport.cc:1743] [MEGASCALE_TRANSPORT_INSTR] SendRpc: key=psum.7_0_rs_0_sr_22_23|s100004->200004d|$c0$l290491751^i0 size=8388608 queue_latency_us=0 attempt=0
I0909 08:09:15.999525    1547 grpc_transport.cc:1743] [MEGASCALE_TRANSPORT_INSTR] SendRpc: key=psum.7_0_ag_0_sr_12_13|s100003->200003d|$c0$l290491751^i0 size=8388608 queue_latency_us=0 attempt=0
I0909 08:09:16.010965    1721 grpc_transport.cc:1414] [MEGASCALE_TRANSPORT_INSTR] Recv: key=psum.7_0_rs_0_sr_14_15|s200007->100007d|$c0$l290491751^i0 size=0 is_single_chunk=true is_aligned=true memcpy_needed=false
I0909 08:09:16.061930    1695 grpc_transport.cc:1414] [MEGASCALE_TRANSPORT_INSTR] Recv: key=psum.7_0_rs_0_sr_11_12|s200001->100001d|$c0$l290491751^i0 size=0 is_single_chunk=true is_aligned=true memcpy_needed=false
I0909 08:09:16.067199    1363 grpc_transport.cc:1743] [MEGASCALE_TRANSPORT_INSTR] SendRpc: key=psum.7_0_ag_0_sr_6_7|s100005->200005d|$c0$l290491751^i0 size=8388608 queue_latency_us=0 attempt=0
I0909 08:09:16.087685    1694 grpc_transport.cc:1414] [MEGASCALE_TRANSPORT_INSTR] Recv: key=psum.7_0_rs_0_sr_2_3|s200004->100004d|$c0$l290491752^i0 size=0 is_single_chunk=true is_aligned=true memcpy_needed=false
I0909 08:09:16.106391    1423 grpc_transport.cc:1743] [MEGASCALE_TRANSPORT_INSTR] SendRpc: key=psum.7_0_ag_0_sr_4_5|s100004->200004d|$c0$l290491752^i0 size=8388608 queue_latency_us=0 attempt=0
I0909 08:09:16.116848    1752 grpc_transport.cc:1414] [MEGASCALE_TRANSPORT_INSTR] Recv: key=psum.7_0_rs_0_sr_13_14|s200001->100001d|$c0$l290491752^i0 size=0 is_single_chunk=true is_aligned=true memcpy_needed=false
I0909 08:09:16.139008    1791 grpc_transport.cc:1743] [MEGASCALE_TRANSPORT_INSTR] SendRpc: key=psum.7_0_ag_0_sr_15_16|s100002->200002d|$c0$l290491752^i0 size=8388608 queue_latency_us=1 attempt=0
I0909 08:09:16.180031    1847 grpc_transport.cc:1414] [MEGASCALE_TRANSPORT_INSTR] Recv: key=psum.7_0_ag_0_sr_27_28|s200003->100003d|$c0$l290491752^i0 size=0 is_single_chunk=true is_aligned=true memcpy_needed=false
I0909 08:09:16.219371    1356 grpc_transport.cc:1414] [MEGASCALE_TRANSPORT_INSTR] Recv: key=psum.7_0_rs_0_sr_3_4|s200000->100000d|$c0$l290491753^i0 size=0 is_single_chunk=true is_aligned=true memcpy_needed=false
I0909 08:09:16.236703    1511 grpc_transport.cc:1743] [MEGASCALE_TRANSPORT_INSTR] SendRpc: key=psum.7_0_rs_0_sr_25_26|s100001->200001d|$c0$l290491753^i0 size=8388608 queue_latency_us=1 attempt=0
I0909 08:09:16.253770    1920 grpc_transport.cc:1743] [MEGASCALE_TRANSPORT_INSTR] SendRpc: key=psum.7_0_rs_0_sr_24_25|s100007->200007d|$c0$l290491753^i0 size=8388608 queue_latency_us=1 attempt=0
I0909 08:09:16.262734    1569 grpc_transport.cc:1414] [MEGASCALE_TRANSPORT_INSTR] Recv: key=psum.7_0_ag_0_sr_19_20|s200005->100005d|$c0$l290491753^i0 size=0 is_single_chunk=true is_aligned=true memcpy_needed=false
I0909 08:09:16.289957    1742 grpc_transport.cc:1743] [MEGASCALE_TRANSPORT_INSTR] SendRpc: key=psum.7_0_ag_0_sr_10_11|s100002->200002d|$c0$l290491753^i0 size=8388608 queue_latency_us=0 attempt=0
I0909 08:09:16.322666    1701 grpc_transport.cc:1414] [MEGASCALE_TRANSPORT_INSTR] Recv: key=psum.7_0_ag_0_sr_18_19|s200002->100002d|$c0$l290491753^i0 size=0 is_single_chunk=true is_aligned=true memcpy_needed=false
I0909 08:09:16.337981     789 grpc_transport.cc:1743] [MEGASCALE_TRANSPORT_INSTR] SendRpc: key=psum.7_0_rs_0_sr_21_22|s100001->200001d|$c0$l290491754^i0 size=8388608 queue_latency_us=0 attempt=0
I0909 08:09:16.388818    1695 grpc_transport.cc:1743] [MEGASCALE_TRANSPORT_INSTR] SendRpc: key=psum.7_0_ag_0_sr_10_11|s100005->200005d|$c0$l290491754^i0 size=8388608 queue_latency_us=0 attempt=0
I0909 08:09:16.413570     789 grpc_transport.cc:1414] [MEGASCALE_TRANSPORT_INSTR] Recv: key=psum.7_0_rs_0_sr_6_7|s200002->100002d|$c0$l290491754^i0 size=0 is_single_chunk=true is_aligned=true memcpy_needed=false
I0909 08:09:16.437135     801 grpc_transport.cc:1414] [MEGASCALE_TRANSPORT_INSTR] Recv: key=psum.7_0_ag_0_sr_19_20|s200005->100005d|$c0$l290491754^i0 size=0 is_single_chunk=true is_aligned=true memcpy_needed=false
I0909 08:09:16.464748    1413 grpc_transport.cc:1414] [MEGASCALE_TRANSPORT_INSTR] Recv: key=psum.7_0_rs_0_sr_3_4|s200000->100000d|$c0$l290491755^i0 size=0 is_single_chunk=true is_aligned=true memcpy_needed=false
I0909 08:09:16.472933    1729 grpc_transport.cc:1743] [MEGASCALE_TRANSPORT_INSTR] SendRpc: key=psum.7_0_rs_0_sr_30_31|s100002->200002d|$c0$l290491755^i0 size=8388608 queue_latency_us=0 attempt=0
I0909 08:09:16.487916    1700 grpc_transport.cc:1743] [MEGASCALE_TRANSPORT_INSTR] SendRpc: key=psum.7_0_rs_0_sr_23_24|s100000->200000d|$c0$l290491755^i0 size=8388608 queue_latency_us=0 attempt=0
I0909 08:09:16.504299    1867 grpc_transport.cc:1414] [MEGASCALE_TRANSPORT_INSTR] Recv: key=psum.7_0_ag_0_sr_16_17|s200007->100007d|$c0$l290491755^i0 size=0 is_single_chunk=true is_aligned=true memcpy_needed=false
I0909 08:09:16.527883    1724 grpc_transport.cc:1743] [MEGASCALE_TRANSPORT_INSTR] SendRpc: key=psum.7_0_ag_0_sr_9_10|s100003->200003d|$c0$l290491755^i0 size=8388608 queue_latency_us=0 attempt=0
I0909 08:09:16.573744    1699 grpc_transport.cc:1414] [MEGASCALE_TRANSPORT_INSTR] Recv: key=psum.7_0_ag_0_sr_29_30|s200006->100006d|$c0$l290491755^i0 size=0 is_single_chunk=true is_aligned=true memcpy_needed=false
I0909 08:09:16.589341    1726 grpc_transport.cc:1743] [MEGASCALE_TRANSPORT_INSTR] SendRpc: key=psum.7_0_rs_0_sr_20_21|s100000->200000d|$c0$l290491756^i0 size=8388608 queue_latency_us=1 attempt=0
I0909 08:09:16.608086    1858 grpc_transport.cc:1414] [MEGASCALE_TRANSPORT_INSTR] Recv: key=psum.7_0_rs_0_sr_9_10|s200006->100006d|$c0$l290491756^i0 size=0 is_single_chunk=true is_aligned=true memcpy_needed=false
I0909 08:09:16.619799    1764 grpc_transport.cc:1743] [MEGASCALE_TRANSPORT_INSTR] SendRpc: key=psum.7_0_ag_0_sr_6_7|s100003->200003d|$c0$l290491756^i0 size=8388608 queue_latency_us=2 attempt=0
I0909 08:09:16.640767    1438 grpc_transport.cc:1414] [MEGASCALE_TRANSPORT_INSTR] Recv: key=psum.7_0_ag_0_sr_19_20|s200006->100006d|$c0$l290491756^i0 size=0 is_single_chunk=true is_aligned=true memcpy_needed=false
I0909 08:09:16.698089    1370 grpc_transport.cc:1743] [MEGASCALE_TRANSPORT_INSTR] SendRpc: key=psum.7_0_rs_0_sr_18_19|s100006->200006d|$c0$l290491757^i0 size=8388608 queue_latency_us=0 attempt=0
I0909 08:09:16.705334     791 grpc_transport.cc:1743] [MEGASCALE_TRANSPORT_INSTR] SendRpc: key=psum.7_0_rs_0_sr_24_25|s100001->200001d|$c0$l290491757^i0 size=8388608 queue_latency_us=0 attempt=0
I0909 08:09:16.707131    1444 grpc_transport.cc:1414] [MEGASCALE_TRANSPORT_INSTR] Recv: key=psum.7_0_rs_0_sr_2_3|s200002->100002d|$c0$l290491757^i0 size=0 is_single_chunk=true is_aligned=true memcpy_needed=false
I0909 08:09:16.743244    1738 grpc_transport.cc:1414] [MEGASCALE_TRANSPORT_INSTR] Recv: key=psum.7_0_rs_0_sr_13_14|s200001->100001d|$c0$l290491757^i0 size=0 is_single_chunk=true is_aligned=true memcpy_needed=false
I0909 08:09:16.752651    1724 grpc_transport.cc:1743] [MEGASCALE_TRANSPORT_INSTR] SendRpc: key=psum.7_0_ag_0_sr_8_9|s100007->200007d|$c0$l290491757^i0 size=8388608 queue_latency_us=0 attempt=0
I0909 08:09:16.771061    1701 grpc_transport.cc:1414] [MEGASCALE_TRANSPORT_INSTR] Recv: key=psum.7_0_ag_0_sr_30_31|s200002->100002d|$c0$l290491757^i0 size=0 is_single_chunk=true is_aligned=true memcpy_needed=false
I0909 08:09:16.799809    1708 grpc_transport.cc:1743] [MEGASCALE_TRANSPORT_INSTR] SendRpc: key=psum.7_0_rs_0_sr_17_18|s100000->200000d|$c0$l290491758^i0 size=8388608 queue_latency_us=0 attempt=0
I0909 08:09:16.835530    1701 grpc_transport.cc:1743] [MEGASCALE_TRANSPORT_INSTR] SendRpc: key=psum.7_0_ag_0_sr_2_3|s100004->200004d|$c0$l290491758^i0 size=8388608 queue_latency_us=0 attempt=0
I0909 08:09:16.860320    1363 grpc_transport.cc:1414] [MEGASCALE_TRANSPORT_INSTR] Recv: key=psum.7_0_rs_0_sr_3_4|s200006->100006d|$c0$l290491758^i0 size=0 is_single_chunk=true is_aligned=true memcpy_needed=false
I0909 08:09:16.891332    1425 grpc_transport.cc:1414] [MEGASCALE_TRANSPORT_INSTR] Recv: key=psum.7_0_ag_0_sr_20_21|s200006->100006d|$c0$l290491758^i0 size=0 is_single_chunk=true is_aligned=true memcpy_needed=false
I0909 08:09:16.901927    1743 grpc_transport.cc:1743] [MEGASCALE_TRANSPORT_INSTR] SendRpc: key=psum.7_0_ag_0_sr_14_15|s100002->200002d|$c0$l290491758^i0 size=8388608 queue_latency_us=0 attempt=0
I0909 08:09:16.921469    1695 grpc_transport.cc:1414] [MEGASCALE_TRANSPORT_INSTR] Recv: key=psum.7_0_ag_0_sr_28_29|s200004->100004d|$c0$l290491758^i0 size=0 is_single_chunk=true is_aligned=true memcpy_needed=false
I0909 08:09:16.945897    1695 grpc_transport.cc:1414] [MEGASCALE_TRANSPORT_INSTR] Recv: key=psum.7_0_rs_0_sr_8_9|s200005->100005d|$c0$l290491759^i0 size=0 is_single_chunk=true is_aligned=true memcpy_needed=false
I0909 08:09:16.973076    1503 grpc_transport.cc:1743] [MEGASCALE_TRANSPORT_INSTR] SendRpc: key=psum.7_0_rs_0_sr_17_18|s100005->200005d|$c0$l290491759^i0 size=8388608 queue_latency_us=0 attempt=0
I0909 08:09:17.009749    1819 grpc_transport.cc:1743] [MEGASCALE_TRANSPORT_INSTR] SendRpc: key=psum.7_0_ag_0_sr_14_15|s100005->200005d|$c0$l290491759^i0 size=8388608 queue_latency_us=4 attempt=0
I0909 08:09:17.047921    1363 grpc_transport.cc:1414] [MEGASCALE_TRANSPORT_INSTR] Recv: key=psum.7_0_ag_0_sr_21_22|s200000->100000d|$c0$l290491759^i0 size=0 is_single_chunk=true is_aligned=true memcpy_needed=false
I0909 08:09:17.081484    1451 grpc_transport.cc:1414] [MEGASCALE_TRANSPORT_INSTR] Recv: key=psum.7_0_rs_0_sr_3_4|s200003->100003d|$c0$l290491760^i0 size=0 is_single_chunk=true is_aligned=true memcpy_needed=false
I0909 08:09:17.086003    1384 grpc_transport.cc:1743] [MEGASCALE_TRANSPORT_INSTR] SendRpc: key=psum.7_0_rs_0_sr_25_26|s100002->200002d|$c0$l290491760^i0 size=8388608 queue_latency_us=0 attempt=0
I0909 08:09:17.107826    1843 grpc_transport.cc:1743] [MEGASCALE_TRANSPORT_INSTR] SendRpc: key=psum.7_0_rs_0_sr_22_23|s100001->200001d|$c0$l290491760^i0 size=8388608 queue_latency_us=0 attempt=0
I0909 08:09:17.120204    1722 grpc_transport.cc:1414] [MEGASCALE_TRANSPORT_INSTR] Recv: key=psum.7_0_ag_0_sr_30_31|s200000->100000d|$c0$l290491760^i0 size=0 is_single_chunk=true is_aligned=true memcpy_needed=false
I0909 08:09:17.147368    1377 grpc_transport.cc:1743] [MEGASCALE_TRANSPORT_INSTR] SendRpc: key=psum.7_0_ag_0_sr_14_15|s100003->200003d|$c0$l290491760^i0 size=8388608 queue_latency_us=0 attempt=0
I0909 08:09:17.170885    1845 grpc_transport.cc:1414] [MEGASCALE_TRANSPORT_INSTR] Recv: key=psum.7_0_ag_0_sr_30_31|s200001->100001d|$c0$l290491760^i0 size=0 is_single_chunk=true is_aligned=true memcpy_needed=false
I0909 08:09:17.184738    1856 grpc_transport.cc:1743] [MEGASCALE_TRANSPORT_INSTR] SendRpc: key=psum.7_0_rs_0_sr_26_27|s100003->200003d|$c0$l290491761^i0 size=8388608 queue_latency_us=0 attempt=0
I0909 08:09:17.251577    1413 grpc_transport.cc:1743] [MEGASCALE_TRANSPORT_INSTR] SendRpc: key=psum.7_0_ag_0_sr_3_4|s100001->200001d|$c0$l290491761^i0 size=8388608 queue_latency_us=1 attempt=0
I0909 08:09:17.263745    1853 grpc_transport.cc:1414] [MEGASCALE_TRANSPORT_INSTR] Recv: key=psum.7_0_rs_0_sr_13_14|s200006->100006d|$c0$l290491761^i0 size=0 is_single_chunk=true is_aligned=true memcpy_needed=false
I0909 08:09:17.299725    1703 grpc_transport.cc:1414] [MEGASCALE_TRANSPORT_INSTR] Recv: key=psum.7_0_rs_0_sr_2_3|s200005->100005d|$c0$l290491762^i0 size=0 is_single_chunk=true is_aligned=true memcpy_needed=false
I0909 08:09:17.319684    1695 grpc_transport.cc:1414] [MEGASCALE_TRANSPORT_INSTR] Recv: key=psum.7_0_ag_0_sr_21_22|s200002->100002d|$c0$l290491761^i0 size=0 is_single_chunk=true is_aligned=true memcpy_needed=false
I0909 08:09:17.335645    1872 grpc_transport.cc:1743] [MEGASCALE_TRANSPORT_INSTR] SendRpc: key=psum.7_0_rs_0_sr_16_17|s100003->200003d|$c0$l290491762^i0 size=8388608 queue_latency_us=0 attempt=0
I0909 08:09:17.347747    1746 grpc_transport.cc:1743] [MEGASCALE_TRANSPORT_INSTR] SendRpc: key=psum.7_0_rs_0_sr_24_25|s100006->200006d|$c0$l290491762^i0 size=8388608 queue_latency_us=0 attempt=0
I0909 08:09:17.372217    1546 grpc_transport.cc:1414] [MEGASCALE_TRANSPORT_INSTR] Recv: key=psum.7_0_ag_0_sr_17_18|s200001->100001d|$c0$l290491762^i0 size=0 is_single_chunk=true is_aligned=true memcpy_needed=false
I0909 08:09:17.391275    1628 grpc_transport.cc:1743] [MEGASCALE_TRANSPORT_INSTR] SendRpc: key=psum.7_0_ag_0_sr_11_12|s100005->200005d|$c0$l290491762^i0 size=8388608 queue_latency_us=0 attempt=0
I0909 08:09:17.424107    1847 grpc_transport.cc:1414] [MEGASCALE_TRANSPORT_INSTR] Recv: key=psum.7_0_ag_0_sr_23_24|s200006->100006d|$c0$l290491762^i0 size=0 is_single_chunk=true is_aligned=true memcpy_needed=false
I0909 08:09:17.439285    1715 grpc_transport.cc:1743] [MEGASCALE_TRANSPORT_INSTR] SendRpc: key=psum.7_0_rs_0_sr_24_25|s100002->200002d|$c0$l290491763^i0 size=8388608 queue_latency_us=0 attempt=0
I0909 08:09:17.467075    1892 grpc_transport.cc:1743] [MEGASCALE_TRANSPORT_INSTR] SendRpc: key=psum.7_0_ag_0_sr_5_6|s100006->200006d|$c0$l290491763^i0 size=8388608 queue_latency_us=0 attempt=0
I0909 08:09:17.471228    1847 grpc_transport.cc:1414] [MEGASCALE_TRANSPORT_INSTR] Recv: key=psum.7_0_ag_0_sr_16_17|s200002->100002d|$c0$l290491763^i0 size=0 is_single_chunk=true is_aligned=true memcpy_needed=false
I0909 08:09:17.503241    1479 grpc_transport.cc:1414] [MEGASCALE_TRANSPORT_INSTR] Recv: key=psum.7_0_ag_0_sr_19_20|s200005->100005d|$c0$l290491763^i0 size=0 is_single_chunk=true is_aligned=true memcpy_needed=false
I0909 08:09:17.534228    1847 grpc_transport.cc:1743] [MEGASCALE_TRANSPORT_INSTR] SendRpc: key=psum.7_0_rs_0_sr_19_20|s100006->200006d|$c0$l290491764^i0 size=8388608 queue_latency_us=0 attempt=0
I0909 08:09:17.540270    1732 grpc_transport.cc:1743] [MEGASCALE_TRANSPORT_INSTR] SendRpc: key=psum.7_0_rs_0_sr_28_29|s100004->200004d|$c0$l290491764^i0 size=8388608 queue_latency_us=1 attempt=0
I0909 08:09:17.551256    1379 grpc_transport.cc:1414] [MEGASCALE_TRANSPORT_INSTR] Recv: key=psum.7_0_rs_0_sr_7_8|s200004->100004d|$c0$l290491764^i0 size=0 is_single_chunk=true is_aligned=true memcpy_needed=false
I0909 08:09:17.611152    1496 grpc_transport.cc:1743] [MEGASCALE_TRANSPORT_INSTR] SendRpc: key=psum.7_0_ag_0_sr_6_7|s100001->200001d|$c0$l290491764^i0 size=8388608 queue_latency_us=0 attempt=0
I0909 08:09:17.617925    1496 grpc_transport.cc:1414] [MEGASCALE_TRANSPORT_INSTR] Recv: key=psum.7_0_rs_0_sr_13_14|s200005->100005d|$c0$l290491764^i0 size=0 is_single_chunk=true is_aligned=true memcpy_needed=false
I0909 08:09:17.636367    1356 grpc_transport.cc:1414] [MEGASCALE_TRANSPORT_INSTR] Recv: key=psum.7_0_ag_0_sr_18_19|s200001->100001d|$c0$l290491764^i0 size=0 is_single_chunk=true is_aligned=true memcpy_needed=false
I0909 08:09:17.658688    1718 grpc_transport.cc:1743] [MEGASCALE_TRANSPORT_INSTR] SendRpc: key=psum.7_0_rs_0_sr_19_20|s100003->200003d|$c0$l290491765^i0 size=8388608 queue_latency_us=0 attempt=0
I0909 08:09:17.668950    1500 grpc_transport.cc:1414] [MEGASCALE_TRANSPORT_INSTR] Recv: key=psum.7_0_rs_0_sr_0_1|s200007->100007d|$c0$l290491765^i0 size=0 is_single_chunk=true is_aligned=true memcpy_needed=false
I0909 08:09:17.680045    1515 grpc_transport.cc:1743] [MEGASCALE_TRANSPORT_INSTR] SendRpc: key=psum.7_0_ag_0_sr_13_14|s100007->200007d|$c0$l290491765^i0 size=8388608 queue_latency_us=0 attempt=0
I0909 08:09:17.710805    1400 grpc_transport.cc:1414] [MEGASCALE_TRANSPORT_INSTR] Recv: key=psum.7_0_ag_0_sr_17_18|s200007->100007d|$c0$l290491765^i0 size=0 is_single_chunk=true is_aligned=true memcpy_needed=false
I0909 08:09:17.763130    1700 grpc_transport.cc:1743] [MEGASCALE_TRANSPORT_INSTR] SendRpc: key=psum.7_0_rs_0_sr_16_17|s100000->200000d|$c0$l290491766^i0 size=8388608 queue_latency_us=0 attempt=0
I0909 08:09:17.769196    1850 grpc_transport.cc:1414] [MEGASCALE_TRANSPORT_INSTR] Recv: key=psum.7_0_rs_0_sr_3_4|s200003->100003d|$c0$l290491766^i0 size=0 is_single_chunk=true is_aligned=true memcpy_needed=false
I0909 08:09:17.770547     789 grpc_transport.cc:1743] [MEGASCALE_TRANSPORT_INSTR] SendRpc: key=psum.7_0_rs_0_sr_23_24|s100001->200001d|$c0$l290491766^i0 size=8388608 queue_latency_us=0 attempt=0
I0909 08:09:17.803537    1431 grpc_transport.cc:1414] [MEGASCALE_TRANSPORT_INSTR] Recv: key=psum.7_0_rs_0_sr_11_12|s200001->100001d|$c0$l290491766^i0 size=0 is_single_chunk=true is_aligned=true memcpy_needed=false
I0909 08:09:17.818379    1560 grpc_transport.cc:1743] [MEGASCALE_TRANSPORT_INSTR] SendRpc: key=psum.7_0_ag_0_sr_2_3|s100007->200007d|$c0$l290491766^i0 size=8388608 queue_latency_us=0 attempt=0
I0909 08:09:17.834680    1379 grpc_transport.cc:1414] [MEGASCALE_TRANSPORT_INSTR] Recv: key=psum.7_0_ag_0_sr_20_21|s200001->100001d|$c0$l290491766^i0 size=0 is_single_chunk=true is_aligned=true memcpy_needed=false
I0909 08:09:17.872226    1853 grpc_transport.cc:1743] [MEGASCALE_TRANSPORT_INSTR] SendRpc: key=psum.7_0_rs_0_sr_30_31|s100007->200007d|$c0$l290491767^i0 size=8388608 queue_latency_us=0 attempt=0
I0909 08:09:17.888209    1850 grpc_transport.cc:1743] [MEGASCALE_TRANSPORT_INSTR] SendRpc: key=psum.7_0_ag_0_sr_11_12|s100002->200002d|$c0$l290491767^i0 size=8388608 queue_latency_us=0 attempt=0
I0909 08:09:17.899690    1520 grpc_transport.cc:1414] [MEGASCALE_TRANSPORT_INSTR] Recv: key=psum.7_0_rs_0_sr_15_16|s200006->100006d|$c0$l290491767^i0 size=0 is_single_chunk=true is_aligned=true memcpy_needed=false
I0909 08:09:17.939725    1749 grpc_transport.cc:1414] [MEGASCALE_TRANSPORT_INSTR] Recv: key=psum.7_0_rs_0_sr_15_16|s200005->100005d|$c0$l290491767^i0 size=0 is_single_chunk=true is_aligned=true memcpy_needed=false
I0909 08:09:17.944017    1356 grpc_transport.cc:1743] [MEGASCALE_TRANSPORT_INSTR] SendRpc: key=psum.7_0_ag_0_sr_12_13|s100001->200001d|$c0$l290491767^i0 size=8388608 queue_latency_us=0 attempt=0
I0909 08:09:17.967961    1697 grpc_transport.cc:1414] [MEGASCALE_TRANSPORT_INSTR] Recv: key=psum.7_0_ag_0_sr_21_22|s200001->100001d|$c0$l290491767^i0 size=0 is_single_chunk=true is_aligned=true memcpy_needed=false
I0909 08:09:17.990533    1763 grpc_transport.cc:1743] [MEGASCALE_TRANSPORT_INSTR] SendRpc: key=psum.7_0_rs_0_sr_20_21|s100006->200006d|$c0$l290491768^i0 size=8388608 queue_latency_us=0 attempt=0
I0909 08:09:18.003084    1764 grpc_transport.cc:1414] [MEGASCALE_TRANSPORT_INSTR] Recv: key=psum.7_0_rs_0_sr_11_12|s200004->100004d|$c0$l290491768^i0 size=0 is_single_chunk=true is_aligned=true memcpy_needed=false
I0909 08:09:18.022932    1881 grpc_transport.cc:1743] [MEGASCALE_TRANSPORT_INSTR] SendRpc: key=psum.7_0_ag_0_sr_11_12|s100003->200003d|$c0$l290491768^i0 size=8388608 queue_latency_us=0 attempt=0
I0909 08:09:18.048903    1370 grpc_transport.cc:1414] [MEGASCALE_TRANSPORT_INSTR] Recv: key=psum.7_0_ag_0_sr_25_26|s200002->100002d|$c0$l290491768^i0 size=0 is_single_chunk=true is_aligned=true memcpy_needed=false
I0909 08:09:18.092295     789 grpc_transport.cc:1743] [MEGASCALE_TRANSPORT_INSTR] SendRpc: key=psum.7_0_rs_0_sr_21_22|s100005->200005d|$c0$l290491769^i0 size=8388608 queue_latency_us=0 attempt=0
I0909 08:09:18.103397    1535 grpc_transport.cc:1743] [MEGASCALE_TRANSPORT_INSTR] SendRpc: key=psum.7_0_ag_0_sr_3_4|s100007->200007d|$c0$l290491769^i0 size=8388608 queue_latency_us=0 attempt=0
I0909 08:09:18.111518    1508 grpc_transport.cc:1414] [MEGASCALE_TRANSPORT_INSTR] Recv: key=psum.7_0_rs_0_sr_10_11|s200003->100003d|$c0$l290491769^i0 size=0 is_single_chunk=true is_aligned=true memcpy_needed=false
I0909 08:09:18.154507    1695 grpc_transport.cc:1414] [MEGASCALE_TRANSPORT_INSTR] Recv: key=psum.7_0_rs_0_sr_15_16|s200001->100001d|$c0$l290491769^i0 size=0 is_single_chunk=true is_aligned=true memcpy_needed=false
I0909 08:09:18.155890    1525 grpc_transport.cc:1743] [MEGASCALE_TRANSPORT_INSTR] SendRpc: key=psum.7_0_ag_0_sr_5_6|s100004->200004d|$c0$l290491769^i0 size=8388608 queue_latency_us=0 attempt=0
I0909 08:09:18.179287     789 grpc_transport.cc:1414] [MEGASCALE_TRANSPORT_INSTR] Recv: key=psum.7_0_ag_0_sr_27_28|s200001->100001d|$c0$l290491769^i0 size=0 is_single_chunk=true is_aligned=true memcpy_needed=false
I0909 08:09:18.191526    1847 grpc_transport.cc:1743] [MEGASCALE_TRANSPORT_INSTR] SendRpc: key=psum.7_0_rs_0_sr_24_25|s100007->200007d|$c0$l290491770^i0 size=8388608 queue_latency_us=0 attempt=0
I0909 08:09:18.250359    1701 grpc_transport.cc:1743] [MEGASCALE_TRANSPORT_INSTR] SendRpc: key=psum.7_0_ag_0_sr_15_16|s100002->200002d|$c0$l290491770^i0 size=8388608 queue_latency_us=0 attempt=0
I0909 08:09:18.265806    1473 grpc_transport.cc:1414] [MEGASCALE_TRANSPORT_INSTR] Recv: key=psum.7_0_rs_0_sr_4_5|s200002->100002d|$c0$l290491770^i0 size=0 is_single_chunk=true is_aligned=true memcpy_needed=false
I0909 08:09:18.289167    1701 grpc_transport.cc:1414] [MEGASCALE_TRANSPORT_INSTR] Recv: key=psum.7_0_ag_0_sr_23_24|s200006->100006d|$c0$l290491770^i0 size=0 is_single_chunk=true is_aligned=true memcpy_needed=false
I0909 08:09:18.312935    1847 grpc_transport.cc:1743] [MEGASCALE_TRANSPORT_INSTR] SendRpc: key=psum.7_0_rs_0_sr_21_22|s100006->200006d|$c0$l290491771^i0 size=8388608 queue_latency_us=0 attempt=0
I0909 08:09:18.318762    1706 grpc_transport.cc:1743] [MEGASCALE_TRANSPORT_INSTR] SendRpc: key=psum.7_0_rs_0_sr_31_32|s100003->200003d|$c0$l290491771^i0 size=8388608 queue_latency_us=1 attempt=0
I0909 08:09:18.325387    1773 grpc_transport.cc:1414] [MEGASCALE_TRANSPORT_INSTR] Recv: key=psum.7_0_rs_0_sr_11_12|s200003->100003d|$c0$l290491771^i0 size=0 is_single_chunk=true is_aligned=true memcpy_needed=false
I0909 08:09:18.351702    1764 grpc_transport.cc:1414] [MEGASCALE_TRANSPORT_INSTR] Recv: key=psum.7_0_ag_0_sr_21_22|s200000->100000d|$c0$l290491771^i0 size=0 is_single_chunk=true is_aligned=true memcpy_needed=false
I0909 08:09:18.375582    1473 grpc_transport.cc:1743] [MEGASCALE_TRANSPORT_INSTR] SendRpc: key=psum.7_0_ag_0_sr_11_12|s100005->200005d|$c0$l290491771^i0 size=8388608 queue_latency_us=0 attempt=0
I0909 08:09:18.413286    1697 grpc_transport.cc:1414] [MEGASCALE_TRANSPORT_INSTR] Recv: key=psum.7_0_ag_0_sr_31_32|s200004->100004d|$c0$l290491771^i0 size=0 is_single_chunk=true is_aligned=true memcpy_needed=false
I0909 08:09:18.431539    1847 grpc_transport.cc:1743] [MEGASCALE_TRANSPORT_INSTR] SendRpc: key=psum.7_0_rs_0_sr_18_19|s100006->200006d|$c0$l290491772^i0 size=8388608 queue_latency_us=0 attempt=0
I0909 08:09:18.452092    1467 grpc_transport.cc:1414] [MEGASCALE_TRANSPORT_INSTR] Recv: key=psum.7_0_rs_0_sr_7_8|s200006->100006d|$c0$l290491772^i0 size=0 is_single_chunk=true is_aligned=true memcpy_needed=false
I0909 08:09:18.466516    1877 grpc_transport.cc:1743] [MEGASCALE_TRANSPORT_INSTR] SendRpc: key=psum.7_0_ag_0_sr_9_10|s100003->200003d|$c0$l290491772^i0 size=8388608 queue_latency_us=0 attempt=0
I0909 08:09:18.489181    1648 grpc_transport.cc:1414] [MEGASCALE_TRANSPORT_INSTR] Recv: key=psum.7_0_ag_0_sr_16_17|s200001->100001d|$c0$l290491772^i0 size=0 is_single_chunk=true is_aligned=true memcpy_needed=false
I0909 08:09:18.534544     806 grpc_transport.cc:1743] [MEGASCALE_TRANSPORT_INSTR] SendRpc: key=psum.7_0_rs_0_sr_16_17|s100007->200007d|$c0$l290491773^i0 size=8388608 queue_latency_us=0 attempt=0
I0909 08:09:18.540146    1700 grpc_transport.cc:1743] [MEGASCALE_TRANSPORT_INSTR] SendRpc: key=psum.7_0_rs_0_sr_28_29|s100004->200004d|$c0$l290491773^i0 size=8388608 queue_latency_us=0 attempt=0
I0909 08:09:18.568204    1705 grpc_transport.cc:1414] [MEGASCALE_TRANSPORT_INSTR] Recv: key=psum.7_0_rs_0_sr_2_3|s200003->100003d|$c0$l290491773^i0 size=0 is_single_chunk=true is_aligned=true memcpy_needed=false
I0909 08:09:18.621777    1844 grpc_transport.cc:1743] [MEGASCALE_TRANSPORT_INSTR] SendRpc: key=psum.7_0_ag_0_sr_0_1|s100003->200003d|$c0$l290491773^i0 size=8388608 queue_latency_us=0 attempt=0
I0909 08:09:18.629182    1733 grpc_transport.cc:1414] [MEGASCALE_TRANSPORT_INSTR] Recv: key=psum.7_0_rs_0_sr_13_14|s200000->100000d|$c0$l290491773^i0 size=0 is_single_chunk=true is_aligned=true memcpy_needed=false
I0909 08:09:18.647690    1697 grpc_transport.cc:1414] [MEGASCALE_TRANSPORT_INSTR] Recv: key=psum.7_0_ag_0_sr_21_22|s200000->100000d|$c0$l290491773^i0 size=0 is_single_chunk=true is_aligned=true memcpy_needed=false
I0909 08:09:18.675908    1520 grpc_transport.cc:1743] [MEGASCALE_TRANSPORT_INSTR] SendRpc: key=psum.7_0_rs_0_sr_22_23|s100003->200003d|$c0$l290491774^i0 size=8388608 queue_latency_us=0 attempt=0
I0909 08:09:18.684333    1493 grpc_transport.cc:1414] [MEGASCALE_TRANSPORT_INSTR] Recv: key=psum.7_0_rs_0_sr_13_14|s200003->100003d|$c0$l290491774^i0 size=0 is_single_chunk=true is_aligned=true memcpy_needed=false
I0909 08:09:18.698146    1858 grpc_transport.cc:1743] [MEGASCALE_TRANSPORT_INSTR] SendRpc: key=psum.7_0_ag_0_sr_2_3|s100000->200000d|$c0$l290491774^i0 size=8388608 queue_latency_us=0 attempt=0
I0909 08:09:18.724156    1726 grpc_transport.cc:1414] [MEGASCALE_TRANSPORT_INSTR] Recv: key=psum.7_0_ag_0_sr_24_25|s200005->100005d|$c0$l290491774^i0 size=0 is_single_chunk=true is_aligned=true memcpy_needed=false
I0909 08:09:18.732964    1431 grpc_transport.cc:1743] [MEGASCALE_TRANSPORT_INSTR] SendRpc: key=psum.7_0_ag_0_sr_8_9|s100006->200006d|$c0$l290491774^i0 size=8388608 queue_latency_us=1 attempt=0
I0909 08:09:18.787603    1845 grpc_transport.cc:1743] [MEGASCALE_TRANSPORT_INSTR] SendRpc: key=psum.7_0_rs_0_sr_24_25|s100006->200006d|$c0$l290491775^i0 size=8388608 queue_latency_us=0 attempt=0
I0909 08:09:18.793803    1695 grpc_transport.cc:1414] [MEGASCALE_TRANSPORT_INSTR] Recv: key=psum.7_0_rs_0_sr_3_4|s200000->100000d|$c0$l290491775^i0 size=0 is_single_chunk=true is_aligned=true memcpy_needed=false
I0909 08:09:18.857557    1726 grpc_transport.cc:1743] [MEGASCALE_TRANSPORT_INSTR] SendRpc: key=psum.7_0_ag_0_sr_2_3|s100004->200004d|$c0$l290491775^i0 size=8388608 queue_latency_us=0 attempt=0
I0909 08:09:18.866520    1843 grpc_transport.cc:1414] [MEGASCALE_TRANSPORT_INSTR] Recv: key=psum.7_0_ag_0_sr_22_23|s200003->100003d|$c0$l290491775^i0 size=0 is_single_chunk=true is_aligned=true memcpy_needed=false
I0909 08:09:18.887394     789 grpc_transport.cc:1414] [MEGASCALE_TRANSPORT_INSTR] Recv: key=psum.7_0_ag_0_sr_25_26|s200000->100000d|$c0$l290491775^i0 size=0 is_single_chunk=true is_aligned=true memcpy_needed=false
I0909 08:09:18.916675    1729 grpc_transport.cc:1743] [MEGASCALE_TRANSPORT_INSTR] SendRpc: key=psum.7_0_rs_0_sr_19_20|s100002->200002d|$c0$l290491776^i0 size=8388608 queue_latency_us=1 attempt=0
I0909 08:09:18.922358    1401 grpc_transport.cc:1414] [MEGASCALE_TRANSPORT_INSTR] Recv: key=psum.7_0_rs_0_sr_8_9|s200004->100004d|$c0$l290491776^i0 size=0 is_single_chunk=true is_aligned=true memcpy_needed=false
I0909 08:09:18.959998    1762 grpc_transport.cc:1743] [MEGASCALE_TRANSPORT_INSTR] SendRpc: key=psum.7_0_rs_0_sr_23_24|s100000->200000d|$c0$l290491776^i0 size=8388608 queue_latency_us=1 attempt=0
I0909 08:09:18.962954    1473 grpc_transport.cc:1414] [MEGASCALE_TRANSPORT_INSTR] Recv: key=psum.7_0_ag_0_sr_17_18|s200004->100004d|$c0$l290491776^i0 size=0 is_single_chunk=true is_aligned=true memcpy_needed=false
I0909 08:09:18.972614    1379 grpc_transport.cc:1743] [MEGASCALE_TRANSPORT_INSTR] SendRpc: key=psum.7_0_rs_0_sr_30_31|s100004->200004d|$c0$l290491776^i0 size=8388608 queue_latency_us=0 attempt=0
I0909 08:09:19.022472    1845 grpc_transport.cc:1414] [MEGASCALE_TRANSPORT_INSTR] Recv: key=psum.7_0_ag_0_sr_28_29|s200003->100003d|$c0$l290491776^i0 size=0 is_single_chunk=true is_aligned=true memcpy_needed=false
I0909 08:09:19.038977    1733 grpc_transport.cc:1743] [MEGASCALE_TRANSPORT_INSTR] SendRpc: key=psum.7_0_rs_0_sr_22_23|s100000->200000d|$c0$l290491777^i0 size=8388608 queue_latency_us=0 attempt=0
I0909 08:09:19.061192    1755 grpc_transport.cc:1414] [MEGASCALE_TRANSPORT_INSTR] Recv: key=psum.7_0_rs_0_sr_15_16|s200006->100006d|$c0$l290491777^i0 size=0 is_single_chunk=true is_aligned=true memcpy_needed=false
I0909 08:09:19.082087    1807 grpc_transport.cc:1743] [MEGASCALE_TRANSPORT_INSTR] SendRpc: key=psum.7_0_ag_0_sr_10_11|s100006->200006d|$c0$l290491777^i0 size=8388608 queue_latency_us=0 attempt=0
I0909 08:09:19.107451    1356 grpc_transport.cc:1414] [MEGASCALE_TRANSPORT_INSTR] Recv: key=psum.7_0_ag_0_sr_24_25|s200004->100004d|$c0$l290491777^i0 size=0 is_single_chunk=true is_aligned=true memcpy_needed=false
I0909 08:09:19.152243    1379 grpc_transport.cc:1743] [MEGASCALE_TRANSPORT_INSTR] SendRpc: key=psum.7_0_rs_0_sr_16_17|s100001->200001d|$c0$l290491778^i0 size=8388608 queue_latency_us=0 attempt=0
I0909 08:09:19.163888    1418 grpc_transport.cc:1743] [MEGASCALE_TRANSPORT_INSTR] SendRpc: key=psum.7_0_ag_0_sr_4_5|s100005->200005d|$c0$l290491778^i0 size=8388608 queue_latency_us=0 attempt=0
I0909 08:09:19.166548    1888 grpc_transport.cc:1414] [MEGASCALE_TRANSPORT_INSTR] Recv: key=psum.7_0_rs_0_sr_6_7|s200007->100007d|$c0$l290491778^i0 size=0 is_single_chunk=true is_aligned=true memcpy_needed=false
I0909 08:09:19.202238    1762 grpc_transport.cc:1414] [MEGASCALE_TRANSPORT_INSTR] Recv: key=psum.7_0_rs_0_sr_10_11|s200001->100001d|$c0$l290491778^i0 size=0 is_single_chunk=true is_aligned=true memcpy_needed=false
I0909 08:09:19.217726    1710 grpc_transport.cc:1743] [MEGASCALE_TRANSPORT_INSTR] SendRpc: key=psum.7_0_ag_0_sr_13_14|s100007->200007d|$c0$l290491778^i0 size=8388608 queue_latency_us=0 attempt=0
I0909 08:09:19.251734    1379 grpc_transport.cc:1414] [MEGASCALE_TRANSPORT_INSTR] Recv: key=psum.7_0_ag_0_sr_28_29|s200001->100001d|$c0$l290491778^i0 size=0 is_single_chunk=true is_aligned=true memcpy_needed=false
I0909 08:09:19.263504    1370 grpc_transport.cc:1743] [MEGASCALE_TRANSPORT_INSTR] SendRpc: key=psum.7_0_rs_0_sr_17_18|s100003->200003d|$c0$l290491779^i0 size=8388608 queue_latency_us=0 attempt=0
I0909 08:09:19.317545    1379 grpc_transport.cc:1743] [MEGASCALE_TRANSPORT_INSTR] SendRpc: key=psum.7_0_ag_0_sr_3_4|s100004->200004d|$c0$l290491779^i0 size=8388608 queue_latency_us=0 attempt=0
I0909 08:09:19.345047    1356 grpc_transport.cc:1414] [MEGASCALE_TRANSPORT_INSTR] Recv: key=psum.7_0_rs_0_sr_8_9|s200004->100004d|$c0$l290491779^i0 size=0 is_single_chunk=true is_aligned=true memcpy_needed=false
I0909 08:09:19.373624    1697 grpc_transport.cc:1414] [MEGASCALE_TRANSPORT_INSTR] Recv: key=psum.7_0_ag_0_sr_29_30|s200004->100004d|$c0$l290491779^i0 size=0 is_single_chunk=true is_aligned=true memcpy_needed=false
I0909 08:09:19.392670    1413 grpc_transport.cc:1743] [MEGASCALE_TRANSPORT_INSTR] SendRpc: key=psum.7_0_rs_0_sr_22_23|s100004->200004d|$c0$l290491780^i0 size=8388608 queue_latency_us=0 attempt=0
I0909 08:09:19.397702    1722 grpc_transport.cc:1743] [MEGASCALE_TRANSPORT_INSTR] SendRpc: key=psum.7_0_rs_0_sr_28_29|s100000->200000d|$c0$l290491780^i0 size=8388608 queue_latency_us=0 attempt=0
I0909 08:09:19.404428    1710 grpc_transport.cc:1414] [MEGASCALE_TRANSPORT_INSTR] Recv: key=psum.7_0_rs_0_sr_15_16|s200006->100006d|$c0$l290491780^i0 size=0 is_single_chunk=true is_aligned=true memcpy_needed=false
I0909 08:09:19.447250    1711 grpc_transport.cc:1414] [MEGASCALE_TRANSPORT_INSTR] Recv: key=psum.7_0_rs_0_sr_8_9|s200001->100001d|$c0$l290491780^i0 size=0 is_single_chunk=true is_aligned=true memcpy_needed=false
I0909 08:09:19.450838    1512 grpc_transport.cc:1743] [MEGASCALE_TRANSPORT_INSTR] SendRpc: key=psum.7_0_ag_0_sr_5_6|s100003->200003d|$c0$l290491780^i0 size=8388608 queue_latency_us=0 attempt=0
I0909 08:09:19.479647    1697 grpc_transport.cc:1414] [MEGASCALE_TRANSPORT_INSTR] Recv: key=psum.7_0_ag_0_sr_22_23|s200001->100001d|$c0$l290491780^i0 size=0 is_single_chunk=true is_aligned=true memcpy_needed=false
I0909 08:09:19.507754    1408 grpc_transport.cc:1743] [MEGASCALE_TRANSPORT_INSTR] SendRpc: key=psum.7_0_rs_0_sr_27_28|s100003->200003d|$c0$l290491781^i0 size=8388608 queue_latency_us=0 attempt=0
I0909 08:09:19.513749    1881 grpc_transport.cc:1414] [MEGASCALE_TRANSPORT_INSTR] Recv: key=psum.7_0_rs_0_sr_9_10|s200006->100006d|$c0$l290491781^i0 size=0 is_single_chunk=true is_aligned=true memcpy_needed=false
I0909 08:09:19.538728    1797 grpc_transport.cc:1743] [MEGASCALE_TRANSPORT_INSTR] SendRpc: key=psum.7_0_ag_0_sr_11_12|s100001->200001d|$c0$l290491781^i0 size=8388608 queue_latency_us=0 attempt=0
I0909 08:09:19.557673    1729 grpc_transport.cc:1414] [MEGASCALE_TRANSPORT_INSTR] Recv: key=psum.7_0_ag_0_sr_22_23|s200003->100003d|$c0$l290491781^i0 size=0 is_single_chunk=true is_aligned=true memcpy_needed=false
I0909 08:09:19.611369    1694 grpc_transport.cc:1743] [MEGASCALE_TRANSPORT_INSTR] SendRpc: key=psum.7_0_rs_0_sr_20_21|s100003->200003d|$c0$l290491782^i0 size=8388608 queue_latency_us=0 attempt=0
I0909 08:09:19.617259    1852 grpc_transport.cc:1743] [MEGASCALE_TRANSPORT_INSTR] SendRpc: key=psum.7_0_rs_0_sr_26_27|s100006->200006d|$c0$l290491782^i0 size=8388608 queue_latency_us=1 attempt=0
I0909 08:09:19.619602    1492 grpc_transport.cc:1414] [MEGASCALE_TRANSPORT_INSTR] Recv: key=psum.7_0_rs_0_sr_10_11|s200004->100004d|$c0$l290491782^i0 size=0 is_single_chunk=true is_aligned=true memcpy_needed=false
I0909 08:09:19.660896    1864 grpc_transport.cc:1743] [MEGASCALE_TRANSPORT_INSTR] SendRpc: key=psum.7_0_ag_0_sr_1_2|s100002->200002d|$c0$l290491782^i0 size=8388608 queue_latency_us=0 attempt=0
I0909 08:09:19.681142    1695 grpc_transport.cc:1414] [MEGASCALE_TRANSPORT_INSTR] Recv: key=psum.7_0_rs_0_sr_7_8|s200005->100005d|$c0$l290491782^i0 size=0 is_single_chunk=true is_aligned=true memcpy_needed=false
I0909 08:09:19.703497    1850 grpc_transport.cc:1414] [MEGASCALE_TRANSPORT_INSTR] Recv: key=psum.7_0_ag_0_sr_29_30|s200007->100007d|$c0$l290491782^i0 size=0 is_single_chunk=true is_aligned=true memcpy_needed=false
I0909 08:09:19.727288    1444 grpc_transport.cc:1743] [MEGASCALE_TRANSPORT_INSTR] SendRpc: key=psum.7_0_rs_0_sr_25_26|s100000->200000d|$c0$l290491783^i0 size=8388608 queue_latency_us=0 attempt=0
I0909 08:09:19.735020    1467 grpc_transport.cc:1414] [MEGASCALE_TRANSPORT_INSTR] Recv: key=psum.7_0_rs_0_sr_12_13|s200003->100003d|$c0$l290491783^i0 size=0 is_single_chunk=true is_aligned=true memcpy_needed=false
I0909 08:09:19.749741    1889 grpc_transport.cc:1743] [MEGASCALE_TRANSPORT_INSTR] SendRpc: key=psum.7_0_ag_0_sr_7_8|s100007->200007d|$c0$l290491783^i0 size=8388608 queue_latency_us=0 attempt=0
I0909 08:09:19.769465    1602 grpc_transport.cc:1414] [MEGASCALE_TRANSPORT_INSTR] Recv: key=psum.7_0_ag_0_sr_20_21|s200005->100005d|$c0$l290491783^i0 size=0 is_single_chunk=true is_aligned=true memcpy_needed=false
I0909 08:09:19.787591    1828 grpc_transport.cc:1743] [MEGASCALE_TRANSPORT_INSTR] SendRpc: key=psum.7_0_ag_0_sr_0_1|s100004->200004d|$c0$l290491783^i0 size=8388608 queue_latency_us=0 attempt=0
I0909 08:09:19.819342    1845 grpc_transport.cc:1414] [MEGASCALE_TRANSPORT_INSTR] Recv: key=psum.7_0_ag_0_sr_26_27|s200006->100006d|$c0$l290491783^i0 size=0 is_single_chunk=true is_aligned=true memcpy_needed=false
I0909 08:09:19.829958    1701 grpc_transport.cc:1743] [MEGASCALE_TRANSPORT_INSTR] SendRpc: key=psum.7_0_rs_0_sr_22_23|s100007->200007d|$c0$l290491784^i0 size=8388608 queue_latency_us=0 attempt=0
I0909 08:09:19.882670    1370 grpc_transport.cc:1743] [MEGASCALE_TRANSPORT_INSTR] SendRpc: key=psum.7_0_ag_0_sr_14_15|s100006->200006d|$c0$l290491784^i0 size=8388608 queue_latency_us=0 attempt=0
I0909 08:09:19.898751    1701 grpc_transport.cc:1414] [MEGASCALE_TRANSPORT_INSTR] Recv: key=psum.7_0_ag_0_sr_25_26|s200006->100006d|$c0$l290491784^i0 size=0 is_single_chunk=true is_aligned=true memcpy_needed=false
I0909 08:09:19.919053    1843 grpc_transport.cc:1414] [MEGASCALE_TRANSPORT_INSTR] Recv: key=psum.7_0_ag_0_sr_19_20|s200007->100007d|$c0$l290491784^i0 size=0 is_single_chunk=true is_aligned=true memcpy_needed=false
I0909 08:09:19.948208    1481 grpc_transport.cc:1743] [MEGASCALE_TRANSPORT_INSTR] SendRpc: key=psum.7_0_rs_0_sr_19_20|s100006->200006d|$c0$l290491785^i0 size=8388608 queue_latency_us=0 attempt=0
I0909 08:09:19.953134    1845 grpc_transport.cc:1414] [MEGASCALE_TRANSPORT_INSTR] Recv: key=psum.7_0_rs_0_sr_9_10|s200006->100006d|$c0$l290491785^i0 size=0 is_single_chunk=true is_aligned=true memcpy_needed=false
I0909 08:09:19.963224    1751 grpc_transport.cc:1743] [MEGASCALE_TRANSPORT_INSTR] SendRpc: key=psum.7_0_ag_0_sr_6_7|s100005->200005d|$c0$l290491785^i0 size=8388608 queue_latency_us=0 attempt=0
I0909 08:09:19.986194    1872 grpc_transport.cc:1414] [MEGASCALE_TRANSPORT_INSTR] Recv: key=psum.7_0_ag_0_sr_19_20|s200003->100003d|$c0$l290491785^i0 size=0 is_single_chunk=true is_aligned=true memcpy_needed=false
I0909 08:09:20.005365    1745 grpc_transport.cc:1743] [MEGASCALE_TRANSPORT_INSTR] SendRpc: key=psum.7_0_ag_0_sr_0_1|s100001->200001d|$c0$l290491785^i0 size=8388608 queue_latency_us=1 attempt=0
I0909 08:09:20.042169    1701 grpc_transport.cc:1414] [MEGASCALE_TRANSPORT_INSTR] Recv: key=psum.7_0_ag_0_sr_31_32|s200006->100006d|$c0$l290491785^i0 size=0 is_single_chunk=true is_aligned=true memcpy_needed=false
I0909 08:09:20.054677    1694 grpc_transport.cc:1743] [MEGASCALE_TRANSPORT_INSTR] SendRpc: key=psum.7_0_rs_0_sr_24_25|s100007->200007d|$c0$l290491786^i0 size=8388608 queue_latency_us=0 attempt=0
I0909 08:09:20.102174    1697 grpc_transport.cc:1743] [MEGASCALE_TRANSPORT_INSTR] SendRpc: key=psum.7_0_ag_0_sr_10_11|s100000->200000d|$c0$l290491786^i0 size=8388608 queue_latency_us=0 attempt=0
I0909 08:09:20.118571    1843 grpc_transport.cc:1414] [MEGASCALE_TRANSPORT_INSTR] Recv: key=psum.7_0_rs_0_sr_13_14|s200006->100006d|$c0$l290491786^i0 size=0 is_single_chunk=true is_aligned=true memcpy_needed=false
I0909 08:09:20.145431    1701 grpc_transport.cc:1414] [MEGASCALE_TRANSPORT_INSTR] Recv: key=psum.7_0_ag_0_sr_18_19|s200002->100002d|$c0$l290491786^i0 size=0 is_single_chunk=true is_aligned=true memcpy_needed=false
I0909 08:09:20.170932     790 grpc_transport.cc:1743] [MEGASCALE_TRANSPORT_INSTR] SendRpc: key=psum.7_0_rs_0_sr_20_21|s100005->200005d|$c0$l290491787^i0 size=8388608 queue_latency_us=0 attempt=0
I0909 08:09:20.175787    1591 grpc_transport.cc:1414] [MEGASCALE_TRANSPORT_INSTR] Recv: key=psum.7_0_rs_0_sr_5_6|s200001->100001d|$c0$l290491787^i0 size=0 is_single_chunk=true is_aligned=true memcpy_needed=false
I0909 08:09:20.178459    1706 grpc_transport.cc:1743] [MEGASCALE_TRANSPORT_INSTR] SendRpc: key=psum.7_0_rs_0_sr_27_28|s100003->200003d|$c0$l290491787^i0 size=8388608 queue_latency_us=1 attempt=0
I0909 08:09:20.207365    1752 grpc_transport.cc:1414] [MEGASCALE_TRANSPORT_INSTR] Recv: key=psum.7_0_ag_0_sr_20_21|s200004->100004d|$c0$l290491787^i0 size=0 is_single_chunk=true is_aligned=true memcpy_needed=false
I0909 08:09:20.232018    1825 grpc_transport.cc:1743] [MEGASCALE_TRANSPORT_INSTR] SendRpc: key=psum.7_0_ag_0_sr_11_12|s100000->200000d|$c0$l290491787^i0 size=8388608 queue_latency_us=0 attempt=0
I0909 08:09:20.265262    1703 grpc_transport.cc:1414] [MEGASCALE_TRANSPORT_INSTR] Recv: key=psum.7_0_ag_0_sr_29_30|s200002->100002d|$c0$l290491787^i0 size=0 is_single_chunk=true is_aligned=true memcpy_needed=false
I0909 08:09:20.281863    1701 grpc_transport.cc:1743] [MEGASCALE_TRANSPORT_INSTR] SendRpc: key=psum.7_0_rs_0_sr_21_22|s100003->200003d|$c0$l290491788^i0 size=8388608 queue_latency_us=0 attempt=0
I0909 08:09:20.301446    1606 grpc_transport.cc:1414] [MEGASCALE_TRANSPORT_INSTR] Recv: key=psum.7_0_rs_0_sr_6_7|s200003->100003d|$c0$l290491788^i0 size=0 is_single_chunk=true is_aligned=true memcpy_needed=false
I0909 08:09:20.322778    1582 grpc_transport.cc:1743] [MEGASCALE_TRANSPORT_INSTR] SendRpc: key=psum.7_0_ag_0_sr_6_7|s100005->200005d|$c0$l290491788^i0 size=8388608 queue_latency_us=0 attempt=0
I0909 08:09:20.337138    1699 grpc_transport.cc:1414] [MEGASCALE_TRANSPORT_INSTR] Recv: key=psum.7_0_ag_0_sr_28_29|s200002->100002d|$c0$l290491788^i0 size=0 is_single_chunk=true is_aligned=true memcpy_needed=false
I0909 08:09:20.387587    1847 grpc_transport.cc:1743] [MEGASCALE_TRANSPORT_INSTR] SendRpc: key=psum.7_0_rs_0_sr_24_25|s100003->200003d|$c0$l290491789^i0 size=8388608 queue_latency_us=0 attempt=0
I0909 08:09:20.394414    1558 grpc_transport.cc:1743] [MEGASCALE_TRANSPORT_INSTR] SendRpc: key=psum.7_0_rs_0_sr_28_29|s100001->200001d|$c0$l290491789^i0 size=8388608 queue_latency_us=0 attempt=0
I0909 08:09:20.398507    1740 grpc_transport.cc:1414] [MEGASCALE_TRANSPORT_INSTR] Recv: key=psum.7_0_rs_0_sr_2_3|s200004->100004d|$c0$l290491789^i0 size=0 is_single_chunk=true is_aligned=true memcpy_needed=false
I0909 08:09:20.435943    1701 grpc_transport.cc:1414] [MEGASCALE_TRANSPORT_INSTR] Recv: key=psum.7_0_rs_0_sr_14_15|s200003->100003d|$c0$l290491789^i0 size=0 is_single_chunk=true is_aligned=true memcpy_needed=false
I0909 08:09:20.447474    1500 grpc_transport.cc:1743] [MEGASCALE_TRANSPORT_INSTR] SendRpc: key=psum.7_0_ag_0_sr_10_11|s100006->200006d|$c0$l290491789^i0 size=8388608 queue_latency_us=0 attempt=0
I0909 08:09:20.464358    1845 grpc_transport.cc:1414] [MEGASCALE_TRANSPORT_INSTR] Recv: key=psum.7_0_ag_0_sr_25_26|s200007->100007d|$c0$l290491789^i0 size=0 is_single_chunk=true is_aligned=true memcpy_needed=false
I0909 08:09:20.494212    1843 grpc_transport.cc:1743] [MEGASCALE_TRANSPORT_INSTR] SendRpc: key=psum.7_0_rs_0_sr_29_30|s100006->200006d|$c0$l290491790^i0 size=8388608 queue_latency_us=0 attempt=0
I0909 08:09:20.519700    1701 grpc_transport.cc:1743] [MEGASCALE_TRANSPORT_INSTR] SendRpc: key=psum.7_0_ag_0_sr_12_13|s100006->200006d|$c0$l290491790^i0 size=8388608 queue_latency_us=0 attempt=0
I0909 08:09:20.539377     790 grpc_transport.cc:1414] [MEGASCALE_TRANSPORT_INSTR] Recv: key=psum.7_0_rs_0_sr_12_13|s200001->100001d|$c0$l290491790^i0 size=0 is_single_chunk=true is_aligned=true memcpy_needed=false
I0909 08:09:20.582741    1372 grpc_transport.cc:1414] [MEGASCALE_TRANSPORT_INSTR] Recv: key=psum.7_0_rs_0_sr_3_4|s200000->100000d|$c0$l290491790^i0 size=0 is_single_chunk=true is_aligned=true memcpy_needed=false
I0909 08:09:20.599785    1379 grpc_transport.cc:1414] [MEGASCALE_TRANSPORT_INSTR] Recv: key=psum.7_0_ag_0_sr_22_23|s200000->100000d|$c0$l290491790^i0 size=0 is_single_chunk=true is_aligned=true memcpy_needed=false
I0909 08:09:20.605539    1372 grpc_transport.cc:1743] [MEGASCALE_TRANSPORT_INSTR] SendRpc: key=all-reduce_0_ag_0_sr_0_1|s100001->200001d|$c0$l-1228319970^i0 size=512 queue_latency_us=0 attempt=0
DCN_TIMING_WARMUP {"collective_ms_per_iteration": 113.2694819495858, "collective_ms_total": 6796.168916975148, "device_wait_ms_total": 3645.492700044997, "dispatch_ms_total": 3150.676216930151, "experiment": "pi_C1_clean", "label": "google_all_reduce_p8_d16384", "rank": 0, "warmups": 60}
I0909 08:09:20.620298    1697 grpc_transport.cc:1743] [MEGASCALE_TRANSPORT_INSTR] SendRpc: key=psum.7_0_rs_0_sr_30_31|s100001->200001d|$c0$l290491791^i0 size=8388608 queue_latency_us=0 attempt=0
I0909 08:09:20.653408    1697 grpc_transport.cc:1414] [MEGASCALE_TRANSPORT_INSTR] Recv: key=psum.7_0_rs_0_sr_11_12|s200000->100000d|$c0$l290491791^i0 size=0 is_single_chunk=true is_aligned=true memcpy_needed=false
I0909 08:09:20.666177    1894 grpc_transport.cc:1743] [MEGASCALE_TRANSPORT_INSTR] SendRpc: key=psum.7_0_ag_0_sr_15_16|s100006->200006d|$c0$l290491791^i0 size=8388608 queue_latency_us=0 attempt=0
I0909 08:09:20.682243    1699 grpc_transport.cc:1414] [MEGASCALE_TRANSPORT_INSTR] Recv: key=psum.7_0_ag_0_sr_28_29|s200002->100002d|$c0$l290491791^i0 size=0 is_single_chunk=true is_aligned=true memcpy_needed=false
I0909 08:09:20.717498    1843 grpc_transport.cc:1743] [MEGASCALE_TRANSPORT_INSTR] SendRpc: key=psum.7_0_rs_0_sr_29_30|s100002->200002d|$c0$l290491792^i0 size=8388608 queue_latency_us=0 attempt=0
I0909 08:09:20.738255    1845 grpc_transport.cc:1743] [MEGASCALE_TRANSPORT_INSTR] SendRpc: key=psum.7_0_ag_0_sr_9_10|s100007->200007d|$c0$l290491792^i0 size=8388608 queue_latency_us=0 attempt=0
I0909 08:09:20.761275    1701 grpc_transport.cc:1414] [MEGASCALE_TRANSPORT_INSTR] Recv: key=psum.7_0_rs_0_sr_7_8|s200002->100002d|$c0$l290491792^i0 size=0 is_single_chunk=true is_aligned=true memcpy_needed=false
I0909 08:09:20.810108     810 grpc_transport.cc:1414] [MEGASCALE_TRANSPORT_INSTR] Recv: key=psum.7_0_ag_0_sr_18_19|s200006->100006d|$c0$l290491792^i0 size=0 is_single_chunk=true is_aligned=true memcpy_needed=false
I0909 08:09:20.812221    1546 grpc_transport.cc:1743] [MEGASCALE_TRANSPORT_INSTR] SendRpc: key=psum.7_0_ag_0_sr_6_7|s100000->200000d|$c0$l290491792^i0 size=8388608 queue_latency_us=1 attempt=0
I0909 08:09:20.825267    1852 grpc_transport.cc:1414] [MEGASCALE_TRANSPORT_INSTR] Recv: key=psum.7_0_ag_0_sr_24_25|s200003->100003d|$c0$l290491792^i0 size=0 is_single_chunk=true is_aligned=true memcpy_needed=false
I0909 08:09:20.848075    1732 grpc_transport.cc:1743] [MEGASCALE_TRANSPORT_INSTR] SendRpc: key=psum.7_0_rs_0_sr_29_30|s100005->200005d|$c0$l290491793^i0 size=8388608 queue_latency_us=0 attempt=0
I0909 08:09:20.859845    1504 grpc_transport.cc:1414] [MEGASCALE_TRANSPORT_INSTR] Recv: key=psum.7_0_rs_0_sr_11_12|s200006->100006d|$c0$l290491793^i0 size=0 is_single_chunk=true is_aligned=true memcpy_needed=false
I0909 08:09:20.892809    1751 grpc_transport.cc:1743] [MEGASCALE_TRANSPORT_INSTR] SendRpc: key=psum.7_0_ag_0_sr_10_11|s100005->200005d|$c0$l290491793^i0 size=8388608 queue_latency_us=0 attempt=0
I0909 08:09:20.903435    1856 grpc_transport.cc:1414] [MEGASCALE_TRANSPORT_INSTR] Recv: key=psum.7_0_rs_0_sr_1_2|s200002->100002d|$c0$l290491793^i0 size=0 is_single_chunk=true is_aligned=true memcpy_needed=false
I0909 08:09:20.955571    1701 grpc_transport.cc:1743] [MEGASCALE_TRANSPORT_INSTR] SendRpc: key=psum.7_0_rs_0_sr_26_27|s100006->200006d|$c0$l290491794^i0 size=8388608 queue_latency_us=1 attempt=0
I0909 08:09:20.962767     801 grpc_transport.cc:1743] [MEGASCALE_TRANSPORT_INSTR] SendRpc: key=psum.7_0_rs_0_sr_31_32|s100000->200000d|$c0$l290491794^i0 size=8388608 queue_latency_us=0 attempt=0
I0909 08:09:20.964365    1750 grpc_transport.cc:1414] [MEGASCALE_TRANSPORT_INSTR] Recv: key=psum.7_0_rs_0_sr_2_3|s200006->100006d|$c0$l290491794^i0 size=0 is_single_chunk=true is_aligned=true memcpy_needed=false
I0909 08:09:20.990980     809 grpc_transport.cc:1414] [MEGASCALE_TRANSPORT_INSTR] Recv: key=psum.7_0_ag_0_sr_17_18|s200006->100006d|$c0$l290491794^i0 size=0 is_single_chunk=true is_aligned=true memcpy_needed=false
I0909 08:09:21.015096    1701 grpc_transport.cc:1743] [MEGASCALE_TRANSPORT_INSTR] SendRpc: key=psum.7_0_ag_0_sr_1_2|s100006->200006d|$c0$l290491794^i0 size=8388608 queue_latency_us=0 attempt=0
I0909 08:09:21.050890    1701 grpc_transport.cc:1414] [MEGASCALE_TRANSPORT_INSTR] Recv: key=psum.7_0_ag_0_sr_22_23|s200007->100007d|$c0$l290491794^i0 size=0 is_single_chunk=true is_aligned=true memcpy_needed=false
I0909 08:09:21.066155    1400 grpc_transport.cc:1743] [MEGASCALE_TRANSPORT_INSTR] SendRpc: key=psum.7_0_rs_0_sr_26_27|s100002->200002d|$c0$l290491795^i0 size=8388608 queue_latency_us=0 attempt=0
I0909 08:09:21.113704    1695 grpc_transport.cc:1743] [MEGASCALE_TRANSPORT_INSTR] SendRpc: key=psum.7_0_ag_0_sr_8_9|s100004->200004d|$c0$l290491795^i0 size=8388608 queue_latency_us=0 attempt=0
I0909 08:09:21.136033    1379 grpc_transport.cc:1414] [MEGASCALE_TRANSPORT_INSTR] Recv: key=psum.7_0_rs_0_sr_2_3|s200002->100002d|$c0$l290491795^i0 size=0 is_single_chunk=true is_aligned=true memcpy_needed=false
I0909 08:09:21.167660    1731 grpc_transport.cc:1414] [MEGASCALE_TRANSPORT_INSTR] Recv: key=psum.7_0_ag_0_sr_31_32|s200007->100007d|$c0$l290491795^i0 size=0 is_single_chunk=true is_aligned=true memcpy_needed=false
I0909 08:09:21.192975    1377 grpc_transport.cc:1414] [MEGASCALE_TRANSPORT_INSTR] Recv: key=psum.7_0_rs_0_sr_6_7|s200005->100005d|$c0$l290491796^i0 size=0 is_single_chunk=true is_aligned=true memcpy_needed=false
I0909 08:09:21.201351    1454 grpc_transport.cc:1743] [MEGASCALE_TRANSPORT_INSTR] SendRpc: key=psum.7_0_rs_0_sr_22_23|s100002->200002d|$c0$l290491796^i0 size=8388608 queue_latency_us=1 attempt=0
I0909 08:09:21.214006    1712 grpc_transport.cc:1743] [MEGASCALE_TRANSPORT_INSTR] SendRpc: key=psum.7_0_rs_0_sr_31_32|s100001->200001d|$c0$l290491796^i0 size=8388608 queue_latency_us=0 attempt=0
I0909 08:09:21.227232    1791 grpc_transport.cc:1414] [MEGASCALE_TRANSPORT_INSTR] Recv: key=psum.7_0_rs_0_sr_15_16|s200006->100006d|$c0$l290491796^i0 size=0 is_single_chunk=true is_aligned=true memcpy_needed=false
I0909 08:09:21.252757    1508 grpc_transport.cc:1743] [MEGASCALE_TRANSPORT_INSTR] SendRpc: key=psum.7_0_ag_0_sr_10_11|s100004->200004d|$c0$l290491796^i0 size=8388608 queue_latency_us=0 attempt=0
I0909 08:09:21.293352    1703 grpc_transport.cc:1414] [MEGASCALE_TRANSPORT_INSTR] Recv: key=psum.7_0_ag_0_sr_25_26|s200007->100007d|$c0$l290491796^i0 size=0 is_single_chunk=true is_aligned=true memcpy_needed=false
I0909 08:09:21.315452    1850 grpc_transport.cc:1743] [MEGASCALE_TRANSPORT_INSTR] SendRpc: key=psum.7_0_rs_0_sr_25_26|s100002->200002d|$c0$l290491797^i0 size=8388608 queue_latency_us=0 attempt=0
I0909 08:09:21.331512    1896 grpc_transport.cc:1414] [MEGASCALE_TRANSPORT_INSTR] Recv: key=psum.7_0_rs_0_sr_8_9|s200006->100006d|$c0$l290491797^i0 size=0 is_single_chunk=true is_aligned=true memcpy_needed=false
I0909 08:09:21.341667    1845 grpc_transport.cc:1743] [MEGASCALE_TRANSPORT_INSTR] SendRpc: key=psum.7_0_ag_0_sr_3_4|s100006->200006d|$c0$l290491797^i0 size=8388608 queue_latency_us=0 attempt=0
I0909 08:09:21.363791    1530 grpc_transport.cc:1414] [MEGASCALE_TRANSPORT_INSTR] Recv: key=psum.7_0_ag_0_sr_22_23|s200007->100007d|$c0$l290491797^i0 size=0 is_single_chunk=true is_aligned=true memcpy_needed=false
I0909 08:09:21.380142    1767 grpc_transport.cc:1743] [MEGASCALE_TRANSPORT_INSTR] SendRpc: key=psum.7_0_ag_0_sr_1_2|s100000->200000d|$c0$l290491797^i0 size=8388608 queue_latency_us=0 attempt=0
I0909 08:09:21.416458    1843 grpc_transport.cc:1414] [MEGASCALE_TRANSPORT_INSTR] Recv: key=psum.7_0_ag_0_sr_26_27|s200006->100006d|$c0$l290491797^i0 size=0 is_single_chunk=true is_aligned=true memcpy_needed=false
I0909 08:09:21.427400    1843 grpc_transport.cc:1743] [MEGASCALE_TRANSPORT_INSTR] SendRpc: key=psum.7_0_rs_0_sr_25_26|s100003->200003d|$c0$l290491798^i0 size=8388608 queue_latency_us=0 attempt=0
I0909 08:09:21.476073    1700 grpc_transport.cc:1743] [MEGASCALE_TRANSPORT_INSTR] SendRpc: key=psum.7_0_ag_0_sr_4_5|s100004->200004d|$c0$l290491798^i0 size=8388608 queue_latency_us=0 attempt=0
I0909 08:09:21.494006    1701 grpc_transport.cc:1414] [MEGASCALE_TRANSPORT_INSTR] Recv: key=psum.7_0_rs_0_sr_0_1|s200006->100006d|$c0$l290491798^i0 size=0 is_single_chunk=true is_aligned=true memcpy_needed=false
I0909 08:09:21.515609    1701 grpc_transport.cc:1414] [MEGASCALE_TRANSPORT_INSTR] Recv: key=psum.7_0_ag_0_sr_31_32|s200007->100007d|$c0$l290491798^i0 size=0 is_single_chunk=true is_aligned=true memcpy_needed=false
I0909 08:09:21.535770    1856 grpc_transport.cc:1743] [MEGASCALE_TRANSPORT_INSTR] SendRpc: key=psum.7_0_rs_0_sr_26_27|s100006->200006d|$c0$l290491799^i0 size=8388608 queue_latency_us=0 attempt=0
I0909 08:09:21.545595    1372 grpc_transport.cc:1743] [MEGASCALE_TRANSPORT_INSTR] SendRpc: key=psum.7_0_ag_0_sr_5_6|s100000->200000d|$c0$l290491799^i0 size=8388608 queue_latency_us=0 attempt=0
I0909 08:09:21.547481    1739 grpc_transport.cc:1414] [MEGASCALE_TRANSPORT_INSTR] Recv: key=psum.7_0_rs_0_sr_15_16|s200003->100003d|$c0$l290491799^i0 size=0 is_single_chunk=true is_aligned=true memcpy_needed=false
I0909 08:09:21.581733    1695 grpc_transport.cc:1414] [MEGASCALE_TRANSPORT_INSTR] Recv: key=psum.7_0_ag_0_sr_20_21|s200004->100004d|$c0$l290491799^i0 size=0 is_single_chunk=true is_aligned=true memcpy_needed=false
I0909 08:09:21.598463    1765 grpc_transport.cc:1743] [MEGASCALE_TRANSPORT_INSTR] SendRpc: key=psum.7_0_ag_0_sr_15_16|s100006->200006d|$c0$l290491799^i0 size=8388608 queue_latency_us=0 attempt=0
I0909 08:09:21.629776    1847 grpc_transport.cc:1414] [MEGASCALE_TRANSPORT_INSTR] Recv: key=psum.7_0_ag_0_sr_29_30|s200003->100003d|$c0$l290491799^i0 size=0 is_single_chunk=true is_aligned=true memcpy_needed=false
I0909 08:09:21.643267    1700 grpc_transport.cc:1743] [MEGASCALE_TRANSPORT_INSTR] SendRpc: key=psum.7_0_rs_0_sr_24_25|s100004->200004d|$c0$l290491800^i0 size=8388608 queue_latency_us=0 attempt=0
I0909 08:09:21.699109    1856 grpc_transport.cc:1743] [MEGASCALE_TRANSPORT_INSTR] SendRpc: key=psum.7_0_ag_0_sr_14_15|s100002->200002d|$c0$l290491800^i0 size=8388608 queue_latency_us=0 attempt=0
I0909 08:09:21.714704    1843 grpc_transport.cc:1414] [MEGASCALE_TRANSPORT_INSTR] Recv: key=psum.7_0_rs_0_sr_4_5|s200005->100005d|$c0$l290491800^i0 size=0 is_single_chunk=true is_aligned=true memcpy_needed=false
I0909 08:09:21.740398    1400 grpc_transport.cc:1414] [MEGASCALE_TRANSPORT_INSTR] Recv: key=psum.7_0_ag_0_sr_19_20|s200006->100006d|$c0$l290491800^i0 size=0 is_single_chunk=true is_aligned=true memcpy_needed=false
DCN_TIMING_REP {"batch": 10, "collective_ms_per_iteration": 114.71015319693834, "dcn_rx_bytes": 21651832230, "dcn_tx_bytes": 21539929972, "device_wait_ms_per_iteration": 114.31453300174326, "dispatch_ms_per_iteration": 0.39562019519507885, "end_barrier_ms": 3.7820449797436595, "end_barrier_ms_per_iteration": 0.37820449797436595, "experiment": "pi_C1_clean", "label": "google_all_reduce_p8_d16384", "legacy_ms_per_iteration": 115.0883576949127, "network_delta": {"cilium_host": {"rx_bytes": 0, "tx_bytes": 0}, "cilium_net": {"rx_bytes": 0, "tx_bytes": 0}, "docker0": {"rx_bytes": 0, "tx_bytes": 0}, "eth0": {"rx_bytes": 9325, "tx_bytes": 659605}, "eth1": {"rx_bytes": 11054487421, "tx_bytes": 10827626143}, "eth2": {"rx_bytes": 10597344809, "tx_bytes": 10712303829}, "lo": {"rx_bytes": 936, "tx_bytes": 936}, "lxc1005429a54eb": {"rx_bytes": 0, "tx_bytes": 0}, "lxc1dfebc52c3c2": {"rx_bytes": 66, "tx_bytes": 66}, "lxc3ec5f1141ade": {"rx_bytes": 132, "tx_bytes": 198}, "lxc89e2621594eb": {"rx_bytes": 25026, "tx_bytes": 1356}, "lxc998fc01e160c": {"rx_bytes": 0, "tx_bytes": 0}}, "rank": 0, "rep": 0}
I0909 08:09:21.772522     789 grpc_transport.cc:1743] [MEGASCALE_TRANSPORT_INSTR] SendRpc: key=psum.7_0_rs_0_sr_16_17|s100000->200000d|$c0$l290491801^i0 size=8388608 queue_latency_us=0 attempt=0
I0909 08:09:21.777235     793 grpc_transport.cc:1743] [MEGASCALE_TRANSPORT_INSTR] SendRpc: key=psum.7_0_rs_0_sr_30_31|s100001->200001d|$c0$l290491801^i0 size=8388608 queue_latency_us=0 attempt=0
I0909 08:09:21.780031    1512 grpc_transport.cc:1414] [MEGASCALE_TRANSPORT_INSTR] Recv: key=psum.7_0_rs_0_sr_9_10|s200003->100003d|$c0$l290491801^i0 size=0 is_single_chunk=true is_aligned=true memcpy_needed=false
I0909 08:09:21.817724    1451 grpc_transport.cc:1414] [MEGASCALE_TRANSPORT_INSTR] Recv: key=psum.7_0_rs_0_sr_14_15|s200004->100004d|$c0$l290491801^i0 size=0 is_single_chunk=true is_aligned=true memcpy_needed=false
I0909 08:09:21.831414    1785 grpc_transport.cc:1743] [MEGASCALE_TRANSPORT_INSTR] SendRpc: key=psum.7_0_ag_0_sr_5_6|s100006->200006d|$c0$l290491801^i0 size=8388608 queue_latency_us=0 attempt=0
I0909 08:09:21.843950    1394 grpc_transport.cc:1414] [MEGASCALE_TRANSPORT_INSTR] Recv: key=psum.7_0_ag_0_sr_28_29|s200002->100002d|$c0$l290491801^i0 size=0 is_single_chunk=true is_aligned=true memcpy_needed=false
I0909 08:09:21.873875    1423 grpc_transport.cc:1743] [MEGASCALE_TRANSPORT_INSTR] SendRpc: key=psum.7_0_rs_0_sr_23_24|s100000->200000d|$c0$l290491802^i0 size=8388608 queue_latency_us=0 attempt=0
I0909 08:09:21.925629    1394 grpc_transport.cc:1743] [MEGASCALE_TRANSPORT_INSTR] SendRpc: key=psum.7_0_ag_0_sr_4_5|s100002->200002d|$c0$l290491802^i0 size=8388608 queue_latency_us=0 attempt=0
I0909 08:09:21.941545     789 grpc_transport.cc:1414] [MEGASCALE_TRANSPORT_INSTR] Recv: key=psum.7_0_rs_0_sr_5_6|s200001->100001d|$c0$l290491802^i0 size=0 is_single_chunk=true is_aligned=true memcpy_needed=false
I0909 08:09:21.974710    1775 grpc_transport.cc:1414] [MEGASCALE_TRANSPORT_INSTR] Recv: key=psum.7_0_ag_0_sr_21_22|s200004->100004d|$c0$l290491802^i0 size=0 is_single_chunk=true is_aligned=true memcpy_needed=false
I0909 08:09:21.995630    1843 grpc_transport.cc:1414] [MEGASCALE_TRANSPORT_INSTR] Recv: key=psum.7_0_ag_0_sr_30_31|s200006->100006d|$c0$l290491802^i0 size=0 is_single_chunk=true is_aligned=true memcpy_needed=false
I0909 08:09:22.007097    1377 grpc_transport.cc:1743] [MEGASCALE_TRANSPORT_INSTR] SendRpc: key=psum.7_0_rs_0_sr_18_19|s100006->200006d|$c0$l290491803^i0 size=8388608 queue_latency_us=0 attempt=0
I0909 08:09:22.020820    1705 grpc_transport.cc:1743] [MEGASCALE_TRANSPORT_INSTR] SendRpc: key=psum.7_0_rs_0_sr_23_24|s100005->200005d|$c0$l290491803^i0 size=8388608 queue_latency_us=0 attempt=0
I0909 08:09:22.028513    1797 grpc_transport.cc:1414] [MEGASCALE_TRANSPORT_INSTR] Recv: key=psum.7_0_ag_0_sr_19_20|s200000->100000d|$c0$l290491803^i0 size=0 is_single_chunk=true is_aligned=true memcpy_needed=false
I0909 08:09:22.062747    1731 grpc_transport.cc:1743] [MEGASCALE_TRANSPORT_INSTR] SendRpc: key=psum.7_0_ag_0_sr_6_7|s100007->200007d|$c0$l290491803^i0 size=8388608 queue_latency_us=13 attempt=0
I0909 08:09:22.074207    1697 grpc_transport.cc:1414] [MEGASCALE_TRANSPORT_INSTR] Recv: key=psum.7_0_ag_0_sr_29_30|s200004->100004d|$c0$l290491803^i0 size=0 is_single_chunk=true is_aligned=true memcpy_needed=false
I0909 08:09:22.117079    1731 grpc_transport.cc:1743] [MEGASCALE_TRANSPORT_INSTR] SendRpc: key=psum.7_0_rs_0_sr_26_27|s100006->200006d|$c0$l290491804^i0 size=8388608 queue_latency_us=0 attempt=0
I0909 08:09:22.135530    1777 grpc_transport.cc:1743] [MEGASCALE_TRANSPORT_INSTR] SendRpc: key=psum.7_0_ag_0_sr_2_3|s100000->200000d|$c0$l290491804^i0 size=8388608 queue_latency_us=0 attempt=0
I0909 08:09:22.137656    1744 grpc_transport.cc:1414] [MEGASCALE_TRANSPORT_INSTR] Recv: key=psum.7_0_rs_0_sr_8_9|s200005->100005d|$c0$l290491804^i0 size=0 is_single_chunk=true is_aligned=true memcpy_needed=false
I0909 08:09:22.164324    1826 grpc_transport.cc:1414] [MEGASCALE_TRANSPORT_INSTR] Recv: key=psum.7_0_ag_0_sr_23_24|s200003->100003d|$c0$l290491804^i0 size=0 is_single_chunk=true is_aligned=true memcpy_needed=false
I0909 08:09:22.182795    1550 grpc_transport.cc:1743] [MEGASCALE_TRANSPORT_INSTR] SendRpc: key=psum.7_0_ag_0_sr_12_13|s100006->200006d|$c0$l290491804^i0 size=8388608 queue_latency_us=1 attempt=0
I0909 08:09:22.217407    1847 grpc_transport.cc:1414] [MEGASCALE_TRANSPORT_INSTR] Recv: key=psum.7_0_ag_0_sr_29_30|s200007->100007d|$c0$l290491804^i0 size=0 is_single_chunk=true is_aligned=true memcpy_needed=false
I0909 08:09:22.228799    1377 grpc_transport.cc:1743] [MEGASCALE_TRANSPORT_INSTR] SendRpc: key=psum.7_0_rs_0_sr_21_22|s100002->200002d|$c0$l290491805^i0 size=8388608 queue_latency_us=0 attempt=0
I0909 08:09:22.289658    1845 grpc_transport.cc:1743] [MEGASCALE_TRANSPORT_INSTR] SendRpc: key=psum.7_0_ag_0_sr_1_2|s100003->200003d|$c0$l290491805^i0 size=8388608 queue_latency_us=0 attempt=0
I0909 08:09:22.299237    1377 grpc_transport.cc:1414] [MEGASCALE_TRANSPORT_INSTR] Recv: key=psum.7_0_ag_0_sr_27_28|s200007->100007d|$c0$l290491805^i0 size=0 is_single_chunk=true is_aligned=true memcpy_needed=false
I0909 08:09:22.326065    1700 grpc_transport.cc:1414] [MEGASCALE_TRANSPORT_INSTR] Recv: key=psum.7_0_ag_0_sr_27_28|s200005->100005d|$c0$l290491805^i0 size=0 is_single_chunk=true is_aligned=true memcpy_needed=false
I0909 08:09:22.347587    1697 grpc_transport.cc:1414] [MEGASCALE_TRANSPORT_INSTR] Recv: key=psum.7_0_ag_0_sr_31_32|s200001->100001d|$c0$l290491805^i0 size=0 is_single_chunk=true is_aligned=true memcpy_needed=false
I0909 08:09:22.358375    1591 grpc_transport.cc:1743] [MEGASCALE_TRANSPORT_INSTR] SendRpc: key=psum.7_0_rs_0_sr_20_21|s100001->200001d|$c0$l290491806^i0 size=8388608 queue_latency_us=1 attempt=0
I0909 08:09:22.376788     792 grpc_transport.cc:1743] [MEGASCALE_TRANSPORT_INSTR] SendRpc: key=psum.7_0_ag_0_sr_6_7|s100002->200002d|$c0$l290491806^i0 size=8388608 queue_latency_us=0 attempt=0
I0909 08:09:22.385277    1431 grpc_transport.cc:1414] [MEGASCALE_TRANSPORT_INSTR] Recv: key=psum.7_0_rs_0_sr_1_2|s200004->100004d|$c0$l290491806^i0 size=0 is_single_chunk=true is_aligned=true memcpy_needed=false
I0909 08:09:22.417620    1733 grpc_transport.cc:1743] [MEGASCALE_TRANSPORT_INSTR] SendRpc: key=psum.7_0_ag_0_sr_7_8|s100000->200000d|$c0$l290491806^i0 size=8388608 queue_latency_us=0 attempt=0
I0909 08:09:22.449680    1377 grpc_transport.cc:1414] [MEGASCALE_TRANSPORT_INSTR] Recv: key=psum.7_0_ag_0_sr_20_21|s200007->100007d|$c0$l290491806^i0 size=0 is_single_chunk=true is_aligned=true memcpy_needed=false
I0909 08:09:22.463492    1695 grpc_transport.cc:1743] [MEGASCALE_TRANSPORT_INSTR] SendRpc: key=psum.7_0_rs_0_sr_19_20|s100004->200004d|$c0$l290491807^i0 size=8388608 queue_latency_us=0 attempt=0
I0909 08:09:22.504986     790 grpc_transport.cc:1743] [MEGASCALE_TRANSPORT_INSTR] SendRpc: key=psum.7_0_ag_0_sr_4_5|s100003->200003d|$c0$l290491807^i0 size=8388608 queue_latency_us=0 attempt=0
I0909 08:09:22.519388     806 grpc_transport.cc:1414] [MEGASCALE_TRANSPORT_INSTR] Recv: key=psum.7_0_rs_0_sr_15_16|s200002->100002d|$c0$l290491807^i0 size=0 is_single_chunk=true is_aligned=true memcpy_needed=false
I0909 08:09:22.550667    1845 grpc_transport.cc:1414] [MEGASCALE_TRANSPORT_INSTR] Recv: key=psum.7_0_ag_0_sr_31_32|s200002->100002d|$c0$l290491807^i0 size=0 is_single_chunk=true is_aligned=true memcpy_needed=false
I0909 08:09:22.570120    1700 grpc_transport.cc:1414] [MEGASCALE_TRANSPORT_INSTR] Recv: key=psum.7_0_rs_0_sr_11_12|s200004->100004d|$c0$l290491808^i0 size=0 is_single_chunk=true is_aligned=true memcpy_needed=false
I0909 08:09:22.581382    1446 grpc_transport.cc:1743] [MEGASCALE_TRANSPORT_INSTR] SendRpc: key=psum.7_0_rs_0_sr_20_21|s100002->200002d|$c0$l290491808^i0 size=8388608 queue_latency_us=0 attempt=0
I0909 08:09:22.590282     798 grpc_transport.cc:1743] [MEGASCALE_TRANSPORT_INSTR] SendRpc: key=psum.7_0_rs_0_sr_31_32|s100000->200000d|$c0$l290491808^i0 size=8388608 queue_latency_us=0 attempt=0
I0909 08:09:22.607513    1664 grpc_transport.cc:1414] [MEGASCALE_TRANSPORT_INSTR] Recv: key=psum.7_0_rs_0_sr_8_9|s200000->100000d|$c0$l290491808^i0 size=0 is_single_chunk=true is_aligned=true memcpy_needed=false
I0909 08:09:22.637987    1792 grpc_transport.cc:1743] [MEGASCALE_TRANSPORT_INSTR] SendRpc: key=psum.7_0_ag_0_sr_4_5|s100001->200001d|$c0$l290491808^i0 size=8388608 queue_latency_us=0 attempt=0
I0909 08:09:22.674451    1372 grpc_transport.cc:1414] [MEGASCALE_TRANSPORT_INSTR] Recv: key=psum.7_0_ag_0_sr_19_20|s200004->100004d|$c0$l290491808^i0 size=0 is_single_chunk=true is_aligned=true memcpy_needed=false
I0909 08:09:22.690500    1858 grpc_transport.cc:1743] [MEGASCALE_TRANSPORT_INSTR] SendRpc: key=psum.7_0_rs_0_sr_26_27|s100003->200003d|$c0$l290491809^i0 size=8388608 queue_latency_us=1 attempt=0
I0909 08:09:22.711582    1872 grpc_transport.cc:1414] [MEGASCALE_TRANSPORT_INSTR] Recv: key=psum.7_0_rs_0_sr_12_13|s200002->100002d|$c0$l290491809^i0 size=0 is_single_chunk=true is_aligned=true memcpy_needed=false
I0909 08:09:22.724341    1664 grpc_transport.cc:1743] [MEGASCALE_TRANSPORT_INSTR] SendRpc: key=psum.7_0_ag_0_sr_13_14|s100004->200004d|$c0$l290491809^i0 size=8388608 queue_latency_us=1 attempt=0
I0909 08:09:22.753910    1718 grpc_transport.cc:1414] [MEGASCALE_TRANSPORT_INSTR] Recv: key=psum.7_0_ag_0_sr_22_23|s200007->100007d|$c0$l290491809^i0 size=0 is_single_chunk=true is_aligned=true memcpy_needed=false
I0909 08:09:22.783374    1703 grpc_transport.cc:1743] [MEGASCALE_TRANSPORT_INSTR] SendRpc: key=psum.7_0_rs_0_sr_17_18|s100003->200003d|$c0$l290491810^i0 size=8388608 queue_latency_us=0 attempt=0
I0909 08:09:22.787764    1379 grpc_transport.cc:1743] [MEGASCALE_TRANSPORT_INSTR] SendRpc: key=psum.7_0_rs_0_sr_29_30|s100001->200001d|$c0$l290491810^i0 size=8388608 queue_latency_us=0 attempt=0
I0909 08:09:22.816180    1703 grpc_transport.cc:1414] [MEGASCALE_TRANSPORT_INSTR] Recv: key=psum.7_0_rs_0_sr_4_5|s200003->100003d|$c0$l290491810^i0 size=0 is_single_chunk=true is_aligned=true memcpy_needed=false
I0909 08:09:22.871451    1504 grpc_transport.cc:1743] [MEGASCALE_TRANSPORT_INSTR] SendRpc: key=psum.7_0_ag_0_sr_0_1|s100003->200003d|$c0$l290491810^i0 size=8388608 queue_latency_us=1 attempt=0
I0909 08:09:22.872693    1408 grpc_transport.cc:1414] [MEGASCALE_TRANSPORT_INSTR] Recv: key=psum.7_0_ag_0_sr_20_21|s200002->100002d|$c0$l290491810^i0 size=0 is_single_chunk=true is_aligned=true memcpy_needed=false
I0909 08:09:22.891787    1444 grpc_transport.cc:1414] [MEGASCALE_TRANSPORT_INSTR] Recv: key=psum.7_0_ag_0_sr_20_21|s200000->100000d|$c0$l290491810^i0 size=0 is_single_chunk=true is_aligned=true memcpy_needed=false
DCN_TIMING_REP {"batch": 10, "collective_ms_per_iteration": 113.75062509905547, "dcn_rx_bytes": 21651600738, "dcn_tx_bytes": 21538395144, "device_wait_ms_per_iteration": 113.38888849131763, "dispatch_ms_per_iteration": 0.3617366077378392, "end_barrier_ms": 4.396553034894168, "end_barrier_ms_per_iteration": 0.43965530348941684, "experiment": "pi_C1_clean", "label": "google_all_reduce_p8_d16384", "legacy_ms_per_iteration": 114.19028040254489, "network_delta": {"cilium_host": {"rx_bytes": 0, "tx_bytes": 0}, "cilium_net": {"rx_bytes": 0, "tx_bytes": 0}, "docker0": {"rx_bytes": 0, "tx_bytes": 0}, "eth0": {"rx_bytes": 3025, "tx_bytes": 2456}, "eth1": {"rx_bytes": 11452227433, "tx_bytes": 11365577513}, "eth2": {"rx_bytes": 10199373305, "tx_bytes": 10172817631}, "lo": {"rx_bytes": 985, "tx_bytes": 985}, "lxc1005429a54eb": {"rx_bytes": 0, "tx_bytes": 0}, "lxc1dfebc52c3c2": {"rx_bytes": 1442, "tx_bytes": 1720}, "lxc3ec5f1141ade": {"rx_bytes": 0, "tx_bytes": 0}, "lxc89e2621594eb": {"rx_bytes": 0, "tx_bytes": 0}, "lxc998fc01e160c": {"rx_bytes": 0, "tx_bytes": 0}}, "rank": 0, "rep": 1}
I0909 08:09:22.920861    1852 grpc_transport.cc:1743] [MEGASCALE_TRANSPORT_INSTR] SendRpc: key=psum.7_0_rs_0_sr_17_18|s100003->200003d|$c0$l290491811^i0 size=8388608 queue_latency_us=0 attempt=0
I0909 08:09:22.934467    1768 grpc_transport.cc:1743] [MEGASCALE_TRANSPORT_INSTR] SendRpc: key=psum.7_0_ag_0_sr_12_13|s100003->200003d|$c0$l290491811^i0 size=8388608 queue_latency_us=0 attempt=0
I0909 08:09:22.936688     792 grpc_transport.cc:1414] [MEGASCALE_TRANSPORT_INSTR] Recv: key=psum.7_0_rs_0_sr_3_4|s200003->100003d|$c0$l290491811^i0 size=0 is_single_chunk=true is_aligned=true memcpy_needed=false
I0909 08:09:22.970884    1715 grpc_transport.cc:1414] [MEGASCALE_TRANSPORT_INSTR] Recv: key=psum.7_0_ag_0_sr_20_21|s200002->100002d|$c0$l290491811^i0 size=0 is_single_chunk=true is_aligned=true memcpy_needed=false
I0909 08:09:22.985163    1514 grpc_transport.cc:1743] [MEGASCALE_TRANSPORT_INSTR] SendRpc: key=psum.7_0_ag_0_sr_12_13|s100004->200004d|$c0$l290491811^i0 size=8388608 queue_latency_us=1 attempt=0
I0909 08:09:23.017870    1845 grpc_transport.cc:1414] [MEGASCALE_TRANSPORT_INSTR] Recv: key=psum.7_0_ag_0_sr_30_31|s200007->100007d|$c0$l290491811^i0 size=0 is_single_chunk=true is_aligned=true memcpy_needed=false
I0909 08:09:23.032676    1463 grpc_transport.cc:1743] [MEGASCALE_TRANSPORT_INSTR] SendRpc: key=psum.7_0_rs_0_sr_20_21|s100004->200004d|$c0$l290491812^i0 size=8388608 queue_latency_us=0 attempt=0
I0909 08:09:23.066272    1695 grpc_transport.cc:1743] [MEGASCALE_TRANSPORT_INSTR] SendRpc: key=psum.7_0_ag_0_sr_2_3|s100005->200005d|$c0$l290491812^i0 size=8388608 queue_latency_us=0 attempt=0
I0909 08:09:23.082048     790 grpc_transport.cc:1414] [MEGASCALE_TRANSPORT_INSTR] Recv: key=psum.7_0_rs_0_sr_4_5|s200004->100004d|$c0$l290491812^i0 size=0 is_single_chunk=true is_aligned=true memcpy_needed=false
I0909 08:09:23.114220    1377 grpc_transport.cc:1414] [MEGASCALE_TRANSPORT_INSTR] Recv: key=psum.7_0_ag_0_sr_21_22|s200006->100006d|$c0$l290491812^i0 size=0 is_single_chunk=true is_aligned=true memcpy_needed=false
I0909 08:09:23.132790    1694 grpc_transport.cc:1414] [MEGASCALE_TRANSPORT_INSTR] Recv: key=psum.7_0_rs_0_sr_7_8|s200007->100007d|$c0$l290491813^i0 size=0 is_single_chunk=true is_aligned=true memcpy_needed=false
I0909 08:09:23.143860    1890 grpc_transport.cc:1743] [MEGASCALE_TRANSPORT_INSTR] SendRpc: key=psum.7_0_rs_0_sr_20_21|s100002->200002d|$c0$l290491813^i0 size=8388608 queue_latency_us=0 attempt=0
I0909 08:09:23.157149    1567 grpc_transport.cc:1743] [MEGASCALE_TRANSPORT_INSTR] SendRpc: key=psum.7_0_ag_0_sr_4_5|s100007->200007d|$c0$l290491813^i0 size=8388608 queue_latency_us=0 attempt=0
I0909 08:09:23.171590    1852 grpc_transport.cc:1414] [MEGASCALE_TRANSPORT_INSTR] Recv: key=psum.7_0_rs_0_sr_1_2|s200006->100006d|$c0$l290491813^i0 size=0 is_single_chunk=true is_aligned=true memcpy_needed=false
I0909 08:09:23.201081    1657 grpc_transport.cc:1743] [MEGASCALE_TRANSPORT_INSTR] SendRpc: key=psum.7_0_ag_0_sr_15_16|s100004->200004d|$c0$l290491813^i0 size=8388608 queue_latency_us=0 attempt=0
I0909 08:09:23.228038    1700 grpc_transport.cc:1414] [MEGASCALE_TRANSPORT_INSTR] Recv: key=psum.7_0_ag_0_sr_30_31|s200005->100005d|$c0$l290491813^i0 size=0 is_single_chunk=true is_aligned=true memcpy_needed=false
I0909 08:09:23.247114    1843 grpc_transport.cc:1743] [MEGASCALE_TRANSPORT_INSTR] SendRpc: key=psum.7_0_rs_0_sr_28_29|s100007->200007d|$c0$l290491814^i0 size=8388608 queue_latency_us=0 attempt=0
I0909 08:09:23.298360    1525 grpc_transport.cc:1743] [MEGASCALE_TRANSPORT_INSTR] SendRpc: key=psum.7_0_ag_0_sr_4_5|s100003->200003d|$c0$l290491814^i0 size=8388608 queue_latency_us=0 attempt=0
I0909 08:09:23.308101    1703 grpc_transport.cc:1414] [MEGASCALE_TRANSPORT_INSTR] Recv: key=psum.7_0_rs_0_sr_14_15|s200006->100006d|$c0$l290491814^i0 size=0 is_single_chunk=true is_aligned=true memcpy_needed=false
I0909 08:09:23.340164    1718 grpc_transport.cc:1414] [MEGASCALE_TRANSPORT_INSTR] Recv: key=psum.7_0_ag_0_sr_28_29|s200002->100002d|$c0$l290491814^i0 size=0 is_single_chunk=true is_aligned=true memcpy_needed=false
I0909 08:09:23.366634    1356 grpc_transport.cc:1414] [MEGASCALE_TRANSPORT_INSTR] Recv: key=psum.7_0_rs_0_sr_2_3|s200005->100005d|$c0$l290491815^i0 size=0 is_single_chunk=true is_aligned=true memcpy_needed=false
I0909 08:09:23.376529    1625 grpc_transport.cc:1743] [MEGASCALE_TRANSPORT_INSTR] SendRpc: key=psum.7_0_rs_0_sr_25_26|s100000->200000d|$c0$l290491815^i0 size=8388608 queue_latency_us=0 attempt=0
I0909 08:09:23.385218    1797 grpc_transport.cc:1743] [MEGASCALE_TRANSPORT_INSTR] SendRpc: key=psum.7_0_rs_0_sr_31_32|s100005->200005d|$c0$l290491815^i0 size=8388608 queue_latency_us=0 attempt=0
I0909 08:09:23.402810    1885 grpc_transport.cc:1414] [MEGASCALE_TRANSPORT_INSTR] Recv: key=psum.7_0_rs_0_sr_10_11|s200006->100006d|$c0$l290491815^i0 size=0 is_single_chunk=true is_aligned=true memcpy_needed=false
I0909 08:09:23.434691    1506 grpc_transport.cc:1743] [MEGASCALE_TRANSPORT_INSTR] SendRpc: key=psum.7_0_ag_0_sr_13_14|s100003->200003d|$c0$l290491815^i0 size=8388608 queue_latency_us=0 attempt=0
I0909 08:09:23.464238    1377 grpc_transport.cc:1414] [MEGASCALE_TRANSPORT_INSTR] Recv: key=psum.7_0_ag_0_sr_31_32|s200006->100006d|$c0$l290491815^i0 size=0 is_single_chunk=true is_aligned=true memcpy_needed=false
I0909 08:09:23.482372    1700 grpc_transport.cc:1743] [MEGASCALE_TRANSPORT_INSTR] SendRpc: key=psum.7_0_rs_0_sr_19_20|s100005->200005d|$c0$l290491816^i0 size=8388608 queue_latency_us=0 attempt=0
I0909 08:09:23.507754    1734 grpc_transport.cc:1743] [MEGASCALE_TRANSPORT_INSTR] SendRpc: key=psum.7_0_ag_0_sr_7_8|s100002->200002d|$c0$l290491816^i0 size=8388608 queue_latency_us=0 attempt=0
I0909 08:09:23.514842    1700 grpc_transport.cc:1414] [MEGASCALE_TRANSPORT_INSTR] Recv: key=psum.7_0_rs_0_sr_5_6|s200000->100000d|$c0$l290491816^i0 size=0 is_single_chunk=true is_aligned=true memcpy_needed=false
I0909 08:09:23.563477    1625 grpc_transport.cc:1414] [MEGASCALE_TRANSPORT_INSTR] Recv: key=psum.7_0_rs_0_sr_0_1|s200004->100004d|$c0$l290491816^i0 size=0 is_single_chunk=true is_aligned=true memcpy_needed=false
I0909 08:09:23.585830    1401 grpc_transport.cc:1414] [MEGASCALE_TRANSPORT_INSTR] Recv: key=psum.7_0_ag_0_sr_31_32|s200005->100005d|$c0$l290491816^i0 size=0 is_single_chunk=true is_aligned=true memcpy_needed=false
I0909 08:09:23.596342    1370 grpc_transport.cc:1743] [MEGASCALE_TRANSPORT_INSTR] SendRpc: key=psum.7_0_rs_0_sr_22_23|s100002->200002d|$c0$l290491817^i0 size=8388608 queue_latency_us=0 attempt=0
I0909 08:09:23.606263    1797 grpc_transport.cc:1743] [MEGASCALE_TRANSPORT_INSTR] SendRpc: key=psum.7_0_rs_0_sr_27_28|s100000->200000d|$c0$l290491817^i0 size=8388608 queue_latency_us=0 attempt=0
I0909 08:09:23.616968    1705 grpc_transport.cc:1414] [MEGASCALE_TRANSPORT_INSTR] Recv: key=psum.7_0_rs_0_sr_5_6|s200005->100005d|$c0$l290491817^i0 size=0 is_single_chunk=true is_aligned=true memcpy_needed=false
I0909 08:09:23.653344    1804 grpc_transport.cc:1743] [MEGASCALE_TRANSPORT_INSTR] SendRpc: key=psum.7_0_ag_0_sr_0_1|s100007->200007d|$c0$l290491817^i0 size=8388608 queue_latency_us=0 attempt=0
I0909 08:09:23.664121    1697 grpc_transport.cc:1414] [MEGASCALE_TRANSPORT_INSTR] Recv: key=psum.7_0_ag_0_sr_27_28|s200004->100004d|$c0$l290491817^i0 size=0 is_single_chunk=true is_aligned=true memcpy_needed=false
I0909 08:09:23.706423    1845 grpc_transport.cc:1743] [MEGASCALE_TRANSPORT_INSTR] SendRpc: key=psum.7_0_rs_0_sr_21_22|s100002->200002d|$c0$l290491818^i0 size=8388608 queue_latency_us=0 attempt=0
I0909 08:09:23.727328    1843 grpc_transport.cc:1743] [MEGASCALE_TRANSPORT_INSTR] SendRpc: key=psum.7_0_ag_0_sr_11_12|s100002->200002d|$c0$l290491818^i0 size=8388608 queue_latency_us=0 attempt=0
I0909 08:09:23.741282    1699 grpc_transport.cc:1414] [MEGASCALE_TRANSPORT_INSTR] Recv: key=psum.7_0_rs_0_sr_3_4|s200006->100006d|$c0$l290491818^i0 size=0 is_single_chunk=true is_aligned=true memcpy_needed=false
I0909 08:09:23.787748    1451 grpc_transport.cc:1414] [MEGASCALE_TRANSPORT_INSTR] Recv: key=psum.7_0_rs_0_sr_10_11|s200000->100000d|$c0$l290491818^i0 size=0 is_single_chunk=true is_aligned=true memcpy_needed=false
I0909 08:09:23.796829    1697 grpc_transport.cc:1743] [MEGASCALE_TRANSPORT_INSTR] SendRpc: key=psum.7_0_ag_0_sr_15_16|s100000->200000d|$c0$l290491818^i0 size=8388608 queue_latency_us=0 attempt=0
I0909 08:09:23.809553    1372 grpc_transport.cc:1414] [MEGASCALE_TRANSPORT_INSTR] Recv: key=psum.7_0_ag_0_sr_23_24|s200005->100005d|$c0$l290491818^i0 size=0 is_single_chunk=true is_aligned=true memcpy_needed=false
I0909 08:09:23.828288    1370 grpc_transport.cc:1743] [MEGASCALE_TRANSPORT_INSTR] SendRpc: key=psum.7_0_rs_0_sr_23_24|s100002->200002d|$c0$l290491819^i0 size=8388608 queue_latency_us=0 attempt=0
I0909 08:09:23.840758    1454 grpc_transport.cc:1414] [MEGASCALE_TRANSPORT_INSTR] Recv: key=psum.7_0_rs_0_sr_0_1|s200003->100003d|$c0$l290491819^i0 size=0 is_single_chunk=true is_aligned=true memcpy_needed=false
I0909 08:09:23.869714    1881 grpc_transport.cc:1743] [MEGASCALE_TRANSPORT_INSTR] SendRpc: key=psum.7_0_ag_0_sr_4_5|s100007->200007d|$c0$l290491819^i0 size=8388608 queue_latency_us=0 attempt=0
I0909 08:09:23.880641     798 grpc_transport.cc:1414] [MEGASCALE_TRANSPORT_INSTR] Recv: key=psum.7_0_ag_0_sr_26_27|s200000->100000d|$c0$l290491819^i0 size=0 is_single_chunk=true is_aligned=true memcpy_needed=false
I0909 08:09:23.929204    1726 grpc_transport.cc:1743] [MEGASCALE_TRANSPORT_INSTR] SendRpc: key=psum.7_0_rs_0_sr_24_25|s100001->200001d|$c0$l290491820^i0 size=8388608 queue_latency_us=1 attempt=0
I0909 08:09:23.943069    1705 grpc_transport.cc:1743] [MEGASCALE_TRANSPORT_INSTR] SendRpc: key=psum.7_0_ag_0_sr_4_5|s100005->200005d|$c0$l290491820^i0 size=8388608 queue_latency_us=0 attempt=0
I0909 08:09:23.944980    1891 grpc_transport.cc:1414] [MEGASCALE_TRANSPORT_INSTR] Recv: key=psum.7_0_rs_0_sr_6_7|s200002->100002d|$c0$l290491820^i0 size=0 is_single_chunk=true is_aligned=true memcpy_needed=false
I0909 08:09:23.992779    1733 grpc_transport.cc:1414] [MEGASCALE_TRANSPORT_INSTR] Recv: key=psum.7_0_rs_0_sr_1_2|s200004->100004d|$c0$l290491820^i0 size=0 is_single_chunk=true is_aligned=true memcpy_needed=false
I0909 08:09:23.993781     795 grpc_transport.cc:1743] [MEGASCALE_TRANSPORT_INSTR] SendRpc: key=psum.7_0_ag_0_sr_12_13|s100004->200004d|$c0$l290491820^i0 size=8388608 queue_latency_us=0 attempt=0
I0909 08:09:24.013223    1370 grpc_transport.cc:1414] [MEGASCALE_TRANSPORT_INSTR] Recv: key=psum.7_0_ag_0_sr_26_27|s200006->100006d|$c0$l290491820^i0 size=0 is_single_chunk=true is_aligned=true memcpy_needed=false
DCN_TIMING_REP {"batch": 10, "collective_ms_per_iteration": 110.70909049594775, "dcn_rx_bytes": 21651730092, "dcn_tx_bytes": 21539880808, "device_wait_ms_per_iteration": 110.36044199718162, "dispatch_ms_per_iteration": 0.34864849876612425, "end_barrier_ms": 15.276563004590571, "end_barrier_ms_per_iteration": 1.527656300459057, "experiment": "pi_C1_clean", "label": "google_all_reduce_p8_d16384", "legacy_ms_per_iteration": 112.2367467964068, "network_delta": {"cilium_host": {"rx_bytes": 0, "tx_bytes": 0}, "cilium_net": {"rx_bytes": 0, "tx_bytes": 0}, "docker0": {"rx_bytes": 0, "tx_bytes": 0}, "eth0": {"rx_bytes": 14527, "tx_bytes": 13750}, "eth1": {"rx_bytes": 11815693951, "tx_bytes": 11611990233}, "eth2": {"rx_bytes": 9836036141, "tx_bytes": 9927890575}, "lo": {"rx_bytes": 0, "tx_bytes": 0}, "lxc1005429a54eb": {"rx_bytes": 0, "tx_bytes": 0}, "lxc1dfebc52c3c2": {"rx_bytes": 309, "tx_bytes": 362}, "lxc3ec5f1141ade": {"rx_bytes": 570, "tx_bytes": 668}, "lxc89e2621594eb": {"rx_bytes": 0, "tx_bytes": 0}, "lxc998fc01e160c": {"rx_bytes": 0, "tx_bytes": 0}}, "rank": 0, "rep": 2}
I0909 08:09:24.048818    1423 grpc_transport.cc:1743] [MEGASCALE_TRANSPORT_INSTR] SendRpc: key=psum.7_0_rs_0_sr_24_25|s100000->200000d|$c0$l290491821^i0 size=8388608 queue_latency_us=0 attempt=0
I0909 08:09:24.070636    1620 grpc_transport.cc:1414] [MEGASCALE_TRANSPORT_INSTR] Recv: key=psum.7_0_rs_0_sr_7_8|s200004->100004d|$c0$l290491821^i0 size=0 is_single_chunk=true is_aligned=true memcpy_needed=false
I0909 08:09:24.076638    1733 grpc_transport.cc:1743] [MEGASCALE_TRANSPORT_INSTR] SendRpc: key=psum.7_0_ag_0_sr_6_7|s100000->200000d|$c0$l290491821^i0 size=8388608 queue_latency_us=0 attempt=0
I0909 08:09:24.104018    1671 grpc_transport.cc:1414] [MEGASCALE_TRANSPORT_INSTR] Recv: key=psum.7_0_ag_0_sr_18_19|s200004->100004d|$c0$l290491821^i0 size=0 is_single_chunk=true is_aligned=true memcpy_needed=false
I0909 08:09:24.154317    1845 grpc_transport.cc:1743] [MEGASCALE_TRANSPORT_INSTR] SendRpc: key=psum.7_0_rs_0_sr_19_20|s100002->200002d|$c0$l290491822^i0 size=8388608 queue_latency_us=0 attempt=0
I0909 08:09:24.161391    1744 grpc_transport.cc:1743] [MEGASCALE_TRANSPORT_INSTR] SendRpc: key=psum.7_0_rs_0_sr_29_30|s100003->200003d|$c0$l290491822^i0 size=8388608 queue_latency_us=0 attempt=0
I0909 08:09:24.162730    1408 grpc_transport.cc:1414] [MEGASCALE_TRANSPORT_INSTR] Recv: key=psum.7_0_rs_0_sr_2_3|s200007->100007d|$c0$l290491822^i0 size=0 is_single_chunk=true is_aligned=true memcpy_needed=false
I0909 08:09:24.203457    1756 grpc_transport.cc:1414] [MEGASCALE_TRANSPORT_INSTR] Recv: key=psum.7_0_rs_0_sr_14_15|s200001->100001d|$c0$l290491822^i0 size=0 is_single_chunk=true is_aligned=true memcpy_needed=false
I0909 08:09:24.209822    1791 grpc_transport.cc:1743] [MEGASCALE_TRANSPORT_INSTR] SendRpc: key=psum.7_0_ag_0_sr_9_10|s100007->200007d|$c0$l290491822^i0 size=8388608 queue_latency_us=0 attempt=0
I0909 08:09:24.232373    1697 grpc_transport.cc:1414] [MEGASCALE_TRANSPORT_INSTR] Recv: key=psum.7_0_ag_0_sr_29_30|s200000->100000d|$c0$l290491822^i0 size=0 is_single_chunk=true is_aligned=true memcpy_needed=false
I0909 08:09:24.253208    1695 grpc_transport.cc:1743] [MEGASCALE_TRANSPORT_INSTR] SendRpc: key=psum.7_0_rs_0_sr_23_24|s100005->200005d|$c0$l290491823^i0 size=8388608 queue_latency_us=0 attempt=0
I0909 08:09:24.295024    1701 grpc_transport.cc:1743] [MEGASCALE_TRANSPORT_INSTR] SendRpc: key=psum.7_0_ag_0_sr_3_4|s100002->200002d|$c0$l290491823^i0 size=8388608 queue_latency_us=0 attempt=0
I0909 08:09:24.312026    1703 grpc_transport.cc:1414] [MEGASCALE_TRANSPORT_INSTR] Recv: key=psum.7_0_rs_0_sr_6_7|s200007->100007d|$c0$l290491823^i0 size=0 is_single_chunk=true is_aligned=true memcpy_needed=false
I0909 08:09:24.346986    1400 grpc_transport.cc:1414] [MEGASCALE_TRANSPORT_INSTR] Recv: key=psum.7_0_ag_0_sr_24_25|s200007->100007d|$c0$l290491823^i0 size=0 is_single_chunk=true is_aligned=true memcpy_needed=false
I0909 08:09:24.360933    1757 grpc_transport.cc:1743] [MEGASCALE_TRANSPORT_INSTR] SendRpc: key=psum.7_0_ag_0_sr_6_7|s100004->200004d|$c0$l290491823^i0 size=8388608 queue_latency_us=0 attempt=0
I0909 08:09:24.365931    1401 grpc_transport.cc:1414] [MEGASCALE_TRANSPORT_INSTR] Recv: key=psum.7_0_ag_0_sr_24_25|s200000->100000d|$c0$l290491823^i0 size=0 is_single_chunk=true is_aligned=true memcpy_needed=false
I0909 08:09:24.379576    1401 grpc_transport.cc:1743] [MEGASCALE_TRANSPORT_INSTR] SendRpc: key=psum.7_0_rs_0_sr_26_27|s100005->200005d|$c0$l290491824^i0 size=8388608 queue_latency_us=0 attempt=0
I0909 08:09:24.426827    1503 grpc_transport.cc:1743] [MEGASCALE_TRANSPORT_INSTR] SendRpc: key=psum.7_0_ag_0_sr_10_11|s100001->200001d|$c0$l290491824^i0 size=8388608 queue_latency_us=1 attempt=0
I0909 08:09:24.442456    1370 grpc_transport.cc:1414] [MEGASCALE_TRANSPORT_INSTR] Recv: key=psum.7_0_rs_0_sr_0_1|s200006->100006d|$c0$l290491824^i0 size=0 is_single_chunk=true is_aligned=true memcpy_needed=false
I0909 08:09:24.464898    1370 grpc_transport.cc:1414] [MEGASCALE_TRANSPORT_INSTR] Recv: key=psum.7_0_ag_0_sr_29_30|s200003->100003d|$c0$l290491824^i0 size=0 is_single_chunk=true is_aligned=true memcpy_needed=false
I0909 08:09:24.490859    1454 grpc_transport.cc:1743] [MEGASCALE_TRANSPORT_INSTR] SendRpc: key=psum.7_0_rs_0_sr_23_24|s100002->200002d|$c0$l290491825^i0 size=8388608 queue_latency_us=1 attempt=0
I0909 08:09:24.495106    1788 grpc_transport.cc:1414] [MEGASCALE_TRANSPORT_INSTR] Recv: key=psum.7_0_rs_0_sr_5_6|s200005->100005d|$c0$l290491825^i0 size=0 is_single_chunk=true is_aligned=true memcpy_needed=false
I0909 08:09:24.510148    1847 grpc_transport.cc:1743] [MEGASCALE_TRANSPORT_INSTR] SendRpc: key=psum.7_0_ag_0_sr_12_13|s100001->200001d|$c0$l290491825^i0 size=8388608 queue_latency_us=0 attempt=0
I0909 08:09:24.527330    1748 grpc_transport.cc:1414] [MEGASCALE_TRANSPORT_INSTR] Recv: key=psum.7_0_ag_0_sr_25_26|s200002->100002d|$c0$l290491825^i0 size=0 is_single_chunk=true is_aligned=true memcpy_needed=false
I0909 08:09:24.550201    1747 grpc_transport.cc:1743] [MEGASCALE_TRANSPORT_INSTR] SendRpc: key=psum.7_0_ag_0_sr_13_14|s100005->200005d|$c0$l290491825^i0 size=8388608 queue_latency_us=0 attempt=0
I0909 08:09:24.591143    1700 grpc_transport.cc:1414] [MEGASCALE_TRANSPORT_INSTR] Recv: key=psum.7_0_ag_0_sr_28_29|s200005->100005d|$c0$l290491825^i0 size=0 is_single_chunk=true is_aligned=true memcpy_needed=false
I0909 08:09:24.605168    1697 grpc_transport.cc:1743] [MEGASCALE_TRANSPORT_INSTR] SendRpc: key=psum.7_0_rs_0_sr_24_25|s100004->200004d|$c0$l290491826^i0 size=8388608 queue_latency_us=0 attempt=0
I0909 08:09:24.629175    1845 grpc_transport.cc:1414] [MEGASCALE_TRANSPORT_INSTR] Recv: key=psum.7_0_rs_0_sr_13_14|s200003->100003d|$c0$l290491826^i0 size=0 is_single_chunk=true is_aligned=true memcpy_needed=false
I0909 08:09:24.646072    1632 grpc_transport.cc:1743] [MEGASCALE_TRANSPORT_INSTR] SendRpc: key=psum.7_0_ag_0_sr_15_16|s100000->200000d|$c0$l290491826^i0 size=8388608 queue_latency_us=0 attempt=0
I0909 08:09:24.667065    1703 grpc_transport.cc:1414] [MEGASCALE_TRANSPORT_INSTR] Recv: key=psum.7_0_ag_0_sr_29_30|s200003->100003d|$c0$l290491826^i0 size=0 is_single_chunk=true is_aligned=true memcpy_needed=false
I0909 08:09:24.720267    1705 grpc_transport.cc:1743] [MEGASCALE_TRANSPORT_INSTR] SendRpc: key=psum.7_0_rs_0_sr_25_26|s100000->200000d|$c0$l290491827^i0 size=8388608 queue_latency_us=0 attempt=0
I0909 08:09:24.726549    1710 grpc_transport.cc:1743] [MEGASCALE_TRANSPORT_INSTR] SendRpc: key=psum.7_0_rs_0_sr_27_28|s100006->200006d|$c0$l290491827^i0 size=8388608 queue_latency_us=0 attempt=0
I0909 08:09:24.730311    1712 grpc_transport.cc:1414] [MEGASCALE_TRANSPORT_INSTR] Recv: key=psum.7_0_rs_0_sr_6_7|s200005->100005d|$c0$l290491827^i0 size=0 is_single_chunk=true is_aligned=true memcpy_needed=false
I0909 08:09:24.759313    1525 grpc_transport.cc:1414] [MEGASCALE_TRANSPORT_INSTR] Recv: key=psum.7_0_ag_0_sr_16_17|s200005->100005d|$c0$l290491827^i0 size=0 is_single_chunk=true is_aligned=true memcpy_needed=false
I0909 08:09:24.785893     795 grpc_transport.cc:1743] [MEGASCALE_TRANSPORT_INSTR] SendRpc: key=psum.7_0_ag_0_sr_1_2|s100000->200000d|$c0$l290491827^i0 size=8388608 queue_latency_us=0 attempt=0
I0909 08:09:24.816007    1694 grpc_transport.cc:1414] [MEGASCALE_TRANSPORT_INSTR] Recv: key=psum.7_0_ag_0_sr_31_32|s200006->100006d|$c0$l290491827^i0 size=0 is_single_chunk=true is_aligned=true memcpy_needed=false
I0909 08:09:24.830306    1712 grpc_transport.cc:1743] [MEGASCALE_TRANSPORT_INSTR] SendRpc: key=psum.7_0_rs_0_sr_19_20|s100001->200001d|$c0$l290491828^i0 size=8388608 queue_latency_us=1 attempt=0
I0909 08:09:24.861414    1887 grpc_transport.cc:1743] [MEGASCALE_TRANSPORT_INSTR] SendRpc: key=psum.7_0_ag_0_sr_10_11|s100006->200006d|$c0$l290491828^i0 size=8388608 queue_latency_us=0 attempt=0
I0909 08:09:24.865200    1799 grpc_transport.cc:1414] [MEGASCALE_TRANSPORT_INSTR] Recv: key=psum.7_0_rs_0_sr_8_9|s200000->100000d|$c0$l290491828^i0 size=0 is_single_chunk=true is_aligned=true memcpy_needed=false
I0909 08:09:24.903805    1697 grpc_transport.cc:1414] [MEGASCALE_TRANSPORT_INSTR] Recv: key=psum.7_0_ag_0_sr_16_17|s200000->100000d|$c0$l290491828^i0 size=0 is_single_chunk=true is_aligned=true memcpy_needed=false
I0909 08:09:24.926807    1715 grpc_transport.cc:1743] [MEGASCALE_TRANSPORT_INSTR] SendRpc: key=psum.7_0_rs_0_sr_22_23|s100007->200007d|$c0$l290491829^i0 size=8388608 queue_latency_us=0 attempt=0
I0909 08:09:24.931872    1850 grpc_transport.cc:1743] [MEGASCALE_TRANSPORT_INSTR] SendRpc: key=psum.7_0_rs_0_sr_31_32|s100002->200002d|$c0$l290491829^i0 size=8388608 queue_latency_us=0 attempt=0
I0909 08:09:24.934178    1703 grpc_transport.cc:1414] [MEGASCALE_TRANSPORT_INSTR] Recv: key=psum.7_0_rs_0_sr_2_3|s200006->100006d|$c0$l290491829^i0 size=0 is_single_chunk=true is_aligned=true memcpy_needed=false
I0909 08:09:24.960182    1454 grpc_transport.cc:1414] [MEGASCALE_TRANSPORT_INSTR] Recv: key=psum.7_0_rs_0_sr_14_15|s200002->100002d|$c0$l290491829^i0 size=0 is_single_chunk=true is_aligned=true memcpy_needed=false
I0909 08:09:24.984570    1890 grpc_transport.cc:1743] [MEGASCALE_TRANSPORT_INSTR] SendRpc: key=psum.7_0_ag_0_sr_12_13|s100006->200006d|$c0$l290491829^i0 size=8388608 queue_latency_us=0 attempt=0
I0909 08:09:25.025463    1845 grpc_transport.cc:1414] [MEGASCALE_TRANSPORT_INSTR] Recv: key=psum.7_0_ag_0_sr_27_28|s200002->100002d|$c0$l290491829^i0 size=0 is_single_chunk=true is_aligned=true memcpy_needed=false
I0909 08:09:25.045917    1370 grpc_transport.cc:1743] [MEGASCALE_TRANSPORT_INSTR] SendRpc: key=psum.7_0_rs_0_sr_26_27|s100007->200007d|$c0$l290491830^i0 size=8388608 queue_latency_us=0 attempt=0
I0909 08:09:25.064222     806 grpc_transport.cc:1414] [MEGASCALE_TRANSPORT_INSTR] Recv: key=psum.7_0_rs_0_sr_15_16|s200003->100003d|$c0$l290491830^i0 size=0 is_single_chunk=true is_aligned=true memcpy_needed=false
I0909 08:09:25.073681    1553 grpc_transport.cc:1743] [MEGASCALE_TRANSPORT_INSTR] SendRpc: key=psum.7_0_ag_0_sr_6_7|s100003->200003d|$c0$l290491830^i0 size=8388608 queue_latency_us=0 attempt=0
I0909 08:09:25.100551    1775 grpc_transport.cc:1414] [MEGASCALE_TRANSPORT_INSTR] Recv: key=psum.7_0_ag_0_sr_29_30|s200005->100005d|$c0$l290491830^i0 size=0 is_single_chunk=true is_aligned=true memcpy_needed=false
I0909 08:09:25.155736    1694 grpc_transport.cc:1414] [MEGASCALE_TRANSPORT_INSTR] Recv: key=psum.7_0_ag_0_sr_27_28|s200003->100003d|$c0$l290491830^i0 size=0 is_single_chunk=true is_aligned=true memcpy_needed=false
I0909 08:09:25.161242    1408 grpc_transport.cc:1743] [MEGASCALE_TRANSPORT_INSTR] SendRpc: key=all-reduce_0_ag_0_sr_0_1|s100003->200003d|$c0$l-1228319962^i0 size=512 queue_latency_us=0 attempt=0
DCN_TIMING_REP {"batch": 10, "collective_ms_per_iteration": 111.79479169659317, "dcn_rx_bytes": 21650881568, "dcn_tx_bytes": 21535640266, "device_wait_ms_per_iteration": 111.4288137992844, "dispatch_ms_per_iteration": 0.36597789730876684, "end_barrier_ms": 3.369880956597626, "end_barrier_ms_per_iteration": 0.3369880956597626, "experiment": "pi_C1_clean", "label": "google_all_reduce_p8_d16384", "legacy_ms_per_iteration": 112.13177979225293, "network_delta": {"cilium_host": {"rx_bytes": 0, "tx_bytes": 0}, "cilium_net": {"rx_bytes": 0, "tx_bytes": 0}, "docker0": {"rx_bytes": 0, "tx_bytes": 0}, "eth0": {"rx_bytes": 3225, "tx_bytes": 4544}, "eth1": {"rx_bytes": 11434363227, "tx_bytes": 11262977029}, "eth2": {"rx_bytes": 10216518341, "tx_bytes": 10272663237}, "lo": {"rx_bytes": 403941, "tx_bytes": 403941}, "lxc1005429a54eb": {"rx_bytes": 0, "tx_bytes": 0}, "lxc1dfebc52c3c2": {"rx_bytes": 309, "tx_bytes": 362}, "lxc3ec5f1141ade": {"rx_bytes": 132, "tx_bytes": 132}, "lxc89e2621594eb": {"rx_bytes": 0, "tx_bytes": 0}, "lxc998fc01e160c": {"rx_bytes": 3435, "tx_bytes": 1190}}, "rank": 0, "rep": 3}
I0909 08:09:25.176903    1726 grpc_transport.cc:1743] [MEGASCALE_TRANSPORT_INSTR] SendRpc: key=psum.7_0_rs_0_sr_25_26|s100004->200004d|$c0$l290491831^i0 size=8388608 queue_latency_us=0 attempt=0
I0909 08:09:25.201661    1481 grpc_transport.cc:1414] [MEGASCALE_TRANSPORT_INSTR] Recv: key=psum.7_0_rs_0_sr_13_14|s200002->100002d|$c0$l290491831^i0 size=0 is_single_chunk=true is_aligned=true memcpy_needed=false
I0909 08:09:25.224122    1903 grpc_transport.cc:1743] [MEGASCALE_TRANSPORT_INSTR] SendRpc: key=psum.7_0_ag_0_sr_8_9|s100002->200002d|$c0$l290491831^i0 size=8388608 queue_latency_us=1 attempt=0
I0909 08:09:25.238384    1726 grpc_transport.cc:1414] [MEGASCALE_TRANSPORT_INSTR] Recv: key=psum.7_0_ag_0_sr_27_28|s200004->100004d|$c0$l290491831^i0 size=0 is_single_chunk=true is_aligned=true memcpy_needed=false
I0909 08:09:25.294751    1742 grpc_transport.cc:1743] [MEGASCALE_TRANSPORT_INSTR] SendRpc: key=psum.7_0_rs_0_sr_21_22|s100007->200007d|$c0$l290491832^i0 size=8388608 queue_latency_us=1 attempt=0
I0909 08:09:25.299864     796 grpc_transport.cc:1414] [MEGASCALE_TRANSPORT_INSTR] Recv: key=psum.7_0_rs_0_sr_3_4|s200000->100000d|$c0$l290491832^i0 size=0 is_single_chunk=true is_aligned=true memcpy_needed=false
I0909 08:09:25.300965    1525 grpc_transport.cc:1743] [MEGASCALE_TRANSPORT_INSTR] SendRpc: key=psum.7_0_ag_0_sr_3_4|s100002->200002d|$c0$l290491832^i0 size=8388608 queue_latency_us=0 attempt=0
I0909 08:09:25.332962    1892 grpc_transport.cc:1414] [MEGASCALE_TRANSPORT_INSTR] Recv: key=psum.7_0_rs_0_sr_1_2|s200003->100003d|$c0$l290491832^i0 size=0 is_single_chunk=true is_aligned=true memcpy_needed=false
I0909 08:09:25.346669    2026 grpc_transport.cc:1743] [MEGASCALE_TRANSPORT_INSTR] SendRpc: key=psum.7_0_ag_0_sr_11_12|s100006->200006d|$c0$l290491832^i0 size=8388608 queue_latency_us=0 attempt=0
I0909 08:09:25.398610     789 grpc_transport.cc:1414] [MEGASCALE_TRANSPORT_INSTR] Recv: key=psum.7_0_ag_0_sr_27_28|s200000->100000d|$c0$l290491832^i0 size=0 is_single_chunk=true is_aligned=true memcpy_needed=false
I0909 08:09:25.413888    1858 grpc_transport.cc:1743] [MEGASCALE_TRANSPORT_INSTR] SendRpc: key=psum.7_0_rs_0_sr_25_26|s100002->200002d|$c0$l290491833^i0 size=8388608 queue_latency_us=0 attempt=0
I0909 08:09:25.432378    1758 grpc_transport.cc:1414] [MEGASCALE_TRANSPORT_INSTR] Recv: key=psum.7_0_rs_0_sr_5_6|s200006->100006d|$c0$l290491833^i0 size=0 is_single_chunk=true is_aligned=true memcpy_needed=false
I0909 08:09:25.459162    1454 grpc_transport.cc:1743] [MEGASCALE_TRANSPORT_INSTR] SendRpc: key=psum.7_0_ag_0_sr_8_9|s100006->200006d|$c0$l290491833^i0 size=8388608 queue_latency_us=0 attempt=0
I0909 08:09:25.470892    1893 grpc_transport.cc:1414] [MEGASCALE_TRANSPORT_INSTR] Recv: key=psum.7_0_ag_0_sr_20_21|s200007->100007d|$c0$l290491833^i0 size=0 is_single_chunk=true is_aligned=true memcpy_needed=false
I0909 08:09:25.522661    1463 grpc_transport.cc:1743] [MEGASCALE_TRANSPORT_INSTR] SendRpc: key=psum.7_0_rs_0_sr_29_30|s100004->200004d|$c0$l290491834^i0 size=8388608 queue_latency_us=1 attempt=0
I0909 08:09:25.529415    1541 grpc_transport.cc:1743] [MEGASCALE_TRANSPORT_INSTR] SendRpc: key=psum.7_0_rs_0_sr_29_30|s100005->200005d|$c0$l290491834^i0 size=8388608 queue_latency_us=1 attempt=0
I0909 08:09:25.530249    1746 grpc_transport.cc:1414] [MEGASCALE_TRANSPORT_INSTR] Recv: key=psum.7_0_rs_0_sr_10_11|s200002->100002d|$c0$l290491834^i0 size=0 is_single_chunk=true is_aligned=true memcpy_needed=false
I0909 08:09:25.556819    1734 grpc_transport.cc:1414] [MEGASCALE_TRANSPORT_INSTR] Recv: key=psum.7_0_rs_0_sr_2_3|s200002->100002d|$c0$l290491834^i0 size=0 is_single_chunk=true is_aligned=true memcpy_needed=false
I0909 08:09:25.584864    1881 grpc_transport.cc:1743] [MEGASCALE_TRANSPORT_INSTR] SendRpc: key=psum.7_0_ag_0_sr_0_1|s100002->200002d|$c0$l290491834^i0 size=8388608 queue_latency_us=0 attempt=0
I0909 08:09:25.616023    1695 grpc_transport.cc:1414] [MEGASCALE_TRANSPORT_INSTR] Recv: key=psum.7_0_ag_0_sr_27_28|s200005->100005d|$c0$l290491834^i0 size=0 is_single_chunk=true is_aligned=true memcpy_needed=false
I0909 08:09:25.639577    1845 grpc_transport.cc:1743] [MEGASCALE_TRANSPORT_INSTR] SendRpc: key=psum.7_0_rs_0_sr_30_31|s100006->200006d|$c0$l290491835^i0 size=8388608 queue_latency_us=0 attempt=0
I0909 08:09:25.667118    1759 grpc_transport.cc:1743] [MEGASCALE_TRANSPORT_INSTR] SendRpc: key=psum.7_0_ag_0_sr_5_6|s100005->200005d|$c0$l290491835^i0 size=8388608 queue_latency_us=1 attempt=0
I0909 08:09:25.674354    1372 grpc_transport.cc:1414] [MEGASCALE_TRANSPORT_INSTR] Recv: key=psum.7_0_rs_0_sr_4_5|s200005->100005d|$c0$l290491835^i0 size=0 is_single_chunk=true is_aligned=true memcpy_needed=false
I0909 08:09:25.718917    1705 grpc_transport.cc:1414] [MEGASCALE_TRANSPORT_INSTR] Recv: key=psum.7_0_ag_0_sr_17_18|s200005->100005d|$c0$l290491835^i0 size=0 is_single_chunk=true is_aligned=true memcpy_needed=false
I0909 08:09:25.736129    1847 grpc_transport.cc:1414] [MEGASCALE_TRANSPORT_INSTR] Recv: key=psum.7_0_rs_0_sr_3_4|s200007->100007d|$c0$l290491836^i0 size=0 is_single_chunk=true is_aligned=true memcpy_needed=false
I0909 08:09:25.747741    1540 grpc_transport.cc:1743] [MEGASCALE_TRANSPORT_INSTR] SendRpc: key=psum.7_0_rs_0_sr_16_17|s100003->200003d|$c0$l290491836^i0 size=8388608 queue_latency_us=1 attempt=0
I0909 08:09:25.755812    1736 grpc_transport.cc:1743] [MEGASCALE_TRANSPORT_INSTR] SendRpc: key=psum.7_0_rs_0_sr_29_30|s100007->200007d|$c0$l290491836^i0 size=8388608 queue_latency_us=0 attempt=0
I0909 08:09:25.768391    2077 grpc_transport.cc:1414] [MEGASCALE_TRANSPORT_INSTR] Recv: key=psum.7_0_rs_0_sr_10_11|s200005->100005d|$c0$l290491836^i0 size=0 is_single_chunk=true is_aligned=true memcpy_needed=false
W0909 08:09:25.790697    2085 grpc_transport.cc:1186] Too many pending sends: 128
I0909 08:09:25.797399    1729 grpc_transport.cc:1743] [MEGASCALE_TRANSPORT_INSTR] SendRpc: key=psum.7_0_ag_0_sr_10_11|s100007->200007d|$c0$l290491836^i0 size=8388608 queue_latency_us=0 attempt=0
I0909 08:09:25.842059    1694 grpc_transport.cc:1414] [MEGASCALE_TRANSPORT_INSTR] Recv: key=psum.7_0_ag_0_sr_29_30|s200006->100006d|$c0$l290491836^i0 size=0 is_single_chunk=true is_aligned=true memcpy_needed=false
I0909 08:09:25.861997    2076 grpc_transport.cc:1743] [MEGASCALE_TRANSPORT_INSTR] SendRpc: key=psum.7_0_rs_0_sr_23_24|s100005->200005d|$c0$l290491837^i0 size=8388608 queue_latency_us=0 attempt=0
I0909 08:09:25.882155    1418 grpc_transport.cc:1414] [MEGASCALE_TRANSPORT_INSTR] Recv: key=psum.7_0_rs_0_sr_8_9|s200006->100006d|$c0$l290491837^i0 size=0 is_single_chunk=true is_aligned=true memcpy_needed=false
I0909 08:09:25.885058    1699 grpc_transport.cc:1743] [MEGASCALE_TRANSPORT_INSTR] SendRpc: key=psum.7_0_ag_0_sr_7_8|s100006->200006d|$c0$l290491837^i0 size=8388608 queue_latency_us=0 attempt=0
I0909 08:09:25.916429    1730 grpc_transport.cc:1414] [MEGASCALE_TRANSPORT_INSTR] Recv: key=psum.7_0_ag_0_sr_16_17|s200004->100004d|$c0$l290491837^i0 size=0 is_single_chunk=true is_aligned=true memcpy_needed=false
I0909 08:09:25.963711    1845 grpc_transport.cc:1414] [MEGASCALE_TRANSPORT_INSTR] Recv: key=psum.7_0_ag_0_sr_21_22|s200007->100007d|$c0$l290491837^i0 size=0 is_single_chunk=true is_aligned=true memcpy_needed=false
I0909 08:09:25.968121    1700 grpc_transport.cc:1743] [MEGASCALE_TRANSPORT_INSTR] SendRpc: key=psum.7_0_rs_0_sr_16_17|s100005->200005d|$c0$l290491838^i0 size=8388608 queue_latency_us=0 attempt=0
I0909 08:09:25.974793    1710 grpc_transport.cc:1743] [MEGASCALE_TRANSPORT_INSTR] SendRpc: key=psum.7_0_rs_0_sr_28_29|s100007->200007d|$c0$l290491838^i0 size=8388608 queue_latency_us=0 attempt=0
I0909 08:09:26.037962    1703 grpc_transport.cc:1743] [MEGASCALE_TRANSPORT_INSTR] SendRpc: key=psum.7_0_ag_0_sr_8_9|s100007->200007d|$c0$l290491838^i0 size=8388608 queue_latency_us=0 attempt=0
I0909 08:09:26.047770    2077 grpc_transport.cc:1414] [MEGASCALE_TRANSPORT_INSTR] Recv: key=psum.7_0_rs_0_sr_3_4|s200001->100001d|$c0$l290491838^i0 size=0 is_single_chunk=true is_aligned=true memcpy_needed=false
I0909 08:09:26.070379     806 grpc_transport.cc:1414] [MEGASCALE_TRANSPORT_INSTR] Recv: key=psum.7_0_ag_0_sr_25_26|s200007->100007d|$c0$l290491838^i0 size=0 is_single_chunk=true is_aligned=true memcpy_needed=false
I0909 08:09:26.090057    1695 grpc_transport.cc:1414] [MEGASCALE_TRANSPORT_INSTR] Recv: key=psum.7_0_rs_0_sr_8_9|s200004->100004d|$c0$l290491839^i0 size=0 is_single_chunk=true is_aligned=true memcpy_needed=false
I0909 08:09:26.108817    2033 grpc_transport.cc:1743] [MEGASCALE_TRANSPORT_INSTR] SendRpc: key=psum.7_0_rs_0_sr_23_24|s100002->200002d|$c0$l290491839^i0 size=8388608 queue_latency_us=1 attempt=0
I0909 08:09:26.133200    1909 grpc_transport.cc:1414] [MEGASCALE_TRANSPORT_INSTR] Recv: key=psum.7_0_rs_0_sr_10_11|s200003->100003d|$c0$l290491839^i0 size=0 is_single_chunk=true is_aligned=true memcpy_needed=false
I0909 08:09:26.143474    1560 grpc_transport.cc:1743] [MEGASCALE_TRANSPORT_INSTR] SendRpc: key=psum.7_0_ag_0_sr_3_4|s100000->200000d|$c0$l290491839^i0 size=8388608 queue_latency_us=0 attempt=0
I0909 08:09:26.163447     810 grpc_transport.cc:1743] [MEGASCALE_TRANSPORT_INSTR] SendRpc: key=psum.7_0_ag_0_sr_8_9|s100003->200003d|$c0$l290491839^i0 size=8388608 queue_latency_us=0 attempt=0
I0909 08:09:26.202753    1699 grpc_transport.cc:1414] [MEGASCALE_TRANSPORT_INSTR] Recv: key=psum.7_0_ag_0_sr_24_25|s200002->100002d|$c0$l290491839^i0 size=0 is_single_chunk=true is_aligned=true memcpy_needed=false
I0909 08:09:26.218983    1356 grpc_transport.cc:1743] [MEGASCALE_TRANSPORT_INSTR] SendRpc: key=psum.7_0_rs_0_sr_22_23|s100001->200001d|$c0$l290491840^i0 size=8388608 queue_latency_us=0 attempt=0
I0909 08:09:26.256513    1747 grpc_transport.cc:1743] [MEGASCALE_TRANSPORT_INSTR] SendRpc: key=psum.7_0_ag_0_sr_5_6|s100001->200001d|$c0$l290491840^i0 size=8388608 queue_latency_us=0 attempt=0
I0909 08:09:26.257891    1591 grpc_transport.cc:1414] [MEGASCALE_TRANSPORT_INSTR] Recv: key=psum.7_0_rs_0_sr_13_14|s200005->100005d|$c0$l290491840^i0 size=0 is_single_chunk=true is_aligned=true memcpy_needed=false
I0909 08:09:26.297540    1400 grpc_transport.cc:1414] [MEGASCALE_TRANSPORT_INSTR] Recv: key=psum.7_0_ag_0_sr_19_20|s200007->100007d|$c0$l290491840^i0 size=0 is_single_chunk=true is_aligned=true memcpy_needed=false
DCN_TIMING_REP {"batch": 10, "collective_ms_per_iteration": 115.1712336926721, "dcn_rx_bytes": 21650536354, "dcn_tx_bytes": 21543080344, "device_wait_ms_per_iteration": 114.74560030037537, "dispatch_ms_per_iteration": 0.42563339229673147, "end_barrier_ms": 3.354329033754766, "end_barrier_ms_per_iteration": 0.3354329033754766, "experiment": "pi_C1_clean", "label": "google_all_reduce_p8_d16384", "legacy_ms_per_iteration": 115.50666659604758, "network_delta": {"cilium_host": {"rx_bytes": 0, "tx_bytes": 0}, "cilium_net": {"rx_bytes": 0, "tx_bytes": 0}, "docker0": {"rx_bytes": 0, "tx_bytes": 0}, "eth0": {"rx_bytes": 221877, "tx_bytes": 672194}, "eth1": {"rx_bytes": 11298739663, "tx_bytes": 11125145320}, "eth2": {"rx_bytes": 10351796691, "tx_bytes": 10417935024}, "lo": {"rx_bytes": 430869, "tx_bytes": 430869}, "lxc1005429a54eb": {"rx_bytes": 312, "tx_bytes": 18948}, "lxc1dfebc52c3c2": {"rx_bytes": 0, "tx_bytes": 0}, "lxc3ec5f1141ade": {"rx_bytes": 312, "tx_bytes": 15006}, "lxc89e2621594eb": {"rx_bytes": 0, "tx_bytes": 0}, "lxc998fc01e160c": {"rx_bytes": 0, "tx_bytes": 0}}, "rank": 0, "rep": 4}
DCN_TIMING_SUMMARY {"batch": 10, "experiment": "pi_C1_clean", "label": "google_all_reduce_p8_d16384", "metrics": {"collective_ms_per_iteration": {"count": 5, "cv": 0.016899151365590642, "mad": 1.4206085936166346, "max": 115.1712336926721, "mean": 113.22717883624136, "median": 113.75062509905547, "min": 110.70909049594775, "p05": 110.92623073607683, "p10": 111.14337097620592, "p25": 111.79479169659317, "p75": 114.71015319693834, "p90": 114.9868014943786, "p95": 115.07901759352535, "stdev": 1.913443233852444}, "dcn_rx_bytes": {"count": 5, "cv": 2.648810962900739e-05, "mad": 231492.0, "max": 21651832230.0, "mean": 21651316196.4, "median": 21651600738.0, "min": 21650536354.0, "p05": 21650605396.8, "p10": 21650674439.6, "p25": 21650881568.0, "p75": 21651730092.0, "p90": 21651791374.8, "p95": 21651811802.4, "stdev": 573502.4370225465}, "dcn_tx_bytes": {"count": 5, "cv": 0.00012544036384604823, "mad": 1485664.0, "max": 21543080344.0, "mean": 21539385306.8, "median": 21539880808.0, "min": 21535640266.0, "p05": 21536191241.6, "p10": 21536742217.2, "p25": 21538395144.0, "p75": 21539929972.0, "p90": 21541820195.2, "p95": 21542450269.6, "stdev": 2701908.329905217}, "device_wait_ms_per_iteration": {"count": 5, "cv": 0.016723492591246624, "mad": 1.3567118090577424, "max": 114.74560030037537, "mean": 112.84765551798046, "median": 113.38888849131763, "min": 110.36044199718162, "p05": 110.57411635760218, "p10": 110.78779071802273, "p25": 111.4288137992844, "p75": 114.31453300174326, "p90": 114.57317338092253, "p95": 114.65938684064895, "stdev": 1.8872069309944972}, "dispatch_ms_per_iteration": {"count": 5, "cv": 0.0816213424305391, "mad": 0.017329398542642593, "max": 0.42563339229673147, "mean": 0.3795233182609081, "median": 0.36597789730876684, "min": 0.34864849876612425, "p05": 0.35126612056046724, "p10": 0.35388374235481024, "p25": 0.3617366077378392, "p75": 0.39562019519507885, "p90": 0.4136281134560704, "p95": 0.41963075287640095, "stdev": 0.030977202720148055}, "end_barrier_ms": {"count": 5, "cv": 0.8587059271581404, "mad": 0.4277159459888935, "max": 15.276563004590571, "mean": 6.035874201916158, "median": 3.7820449797436595, "min": 3.354329033754766, "p05": 3.357439418323338, "p10": 3.36054980289191, "p25": 3.369880956597626, "p75": 4.396553034894168, "p90": 10.92455901671201, "p95": 13.100561010651289, "stdev": 5.183040952766316}, "end_barrier_ms_per_iteration": {"count": 5, "cv": 0.8587059271581404, "mad": 0.04277159459888935, "max": 1.527656300459057, "mean": 0.6035874201916158, "median": 0.37820449797436595, "min": 0.3354329033754766, "p05": 0.3357439418323338, "p10": 0.336054980289191, "p25": 0.3369880956597626, "p75": 0.43965530348941684, "p90": 1.092455901671201, "p95": 1.3100561010651288, "stdev": 0.5183040952766316}, "legacy_ms_per_iteration": {"count": 5, "cv": 0.013853318530807276, "mad": 1.3163861935026944, "max": 115.50666659604758, "mean": 113.83076625643298, "median": 114.19028040254489, "min": 112.13177979225293, "p05": 112.1527731930837, "p10": 112.17376659391448, "p25": 112.2367467964068, "p75": 115.0883576949127, "p90": 115.33934303559363, "p95": 115.4230048158206, "stdev": 1.5769338635562347}}, "rank": 0, "reps": 5, "warmups": 60}
I0909 08:09:26.325758      43 megascale_context.cc:439] Destroying MegaScale PjrtExecutableContext: jit_operation
DCN_GOOGLE_BASELINE_RESULT {"algorithm_GBps_per_device_best": 2.3939284340026674, "algorithm_GBps_per_device_median": 2.3507732449181162, "batch": 10, "benchmark": "dcn_google_baseline", "bucket_semantics": "all_reduce_input_bytes_per_device", "dtype": "bfloat16", "host_algorithm_GBps_best": 19.15142747202134, "host_algorithm_GBps_median": 18.80618595934493, "host_ring_equivalent_bus_GBps_best": 19.15142747202134, "host_ring_equivalent_bus_GBps_median": 18.80618595934493, "matrix_dim": 16384, "n_slices": 2, "network_delta": {"cilium_host": {"rx_bytes": 0, "tx_bytes": 0}, "cilium_net": {"rx_bytes": 0, "tx_bytes": 0}, "docker0": {"rx_bytes": 0, "tx_bytes": 0}, "eth0": {"rx_bytes": 314679, "tx_bytes": 2617002}, "eth1": {"rx_bytes": 128675650236, "tx_bytes": 125492114460}, "eth2": {"rx_bytes": 111654363596, "tx_bytes": 113638681500}, "lo": {"rx_bytes": 2083453, "tx_bytes": 2083453}, "lxc1005429a54eb": {"rx_bytes": 354, "tx_bytes": 18990}, "lxc1dfebc52c3c2": {"rx_bytes": 4450, "tx_bytes": 5152}, "lxc3ec5f1141ade": {"rx_bytes": 1978, "tx_bytes": 16876}, "lxc89e2621594eb": {"rx_bytes": 25567, "tx_bytes": 1936}, "lxc998fc01e160c": {"rx_bytes": 26451, "tx_bytes": 3284}}, "participants_per_slice": 8, "per_physical_chip_ring_equivalent_bus_GBps_best": 4.787856868005335, "per_physical_chip_ring_equivalent_bus_GBps_median": 4.7015464898362325, "physical_chips_per_slice": 4, "rank": 0, "reps": 5, "ring_equivalent_bus_GBps_per_device_best": 2.3939284340026674, "ring_equivalent_bus_GBps_per_device_median": 2.3507732449181162, "ring_equivalent_factor": 1.0, "run_id": "k8s-dcn-yp-dimsweep-20260904", "shard_bytes_per_device": 268435456.0, "source_commit": "", "time_ms_all": [115.0883576949127, 114.19028040254489, 112.2367467964068, 112.13177979225293, 115.50666659604758], "time_ms_median": 114.19028040254489, "time_ms_min": 112.13177979225293, "variant": "all_reduce", "warmups": 60}
DCN_GOOGLE_BASELINE_SUMMARY {"all_reduce": {"algorithm_GBps_per_device_best": 2.3939284340026674, "algorithm_GBps_per_device_median": 2.3507732449181162, "host_algorithm_GBps_best": 19.15142747202134, "host_algorithm_GBps_median": 18.80618595934493, "host_ring_equivalent_bus_GBps_best": 19.15142747202134, "host_ring_equivalent_bus_GBps_median": 18.80618595934493, "matrix_dim": 16384, "per_physical_chip_ring_equivalent_bus_GBps_best": 4.787856868005335, "per_physical_chip_ring_equivalent_bus_GBps_median": 4.7015464898362325, "ring_equivalent_bus_GBps_per_device_best": 2.3939284340026674, "ring_equivalent_bus_GBps_per_device_median": 2.3507732449181162, "ring_equivalent_factor": 1.0, "shard_bytes_per_device": 268435456.0}}
I0909 08:09:26.333168      43 megascale_context.cc:439] Destroying MegaScale PjrtExecutableContext: jit__identity_fn
W0909 08:09:26.336508    1016 pjrt_client.h:601] UpdateGlobalProcessInfo is not supported.
I0909 08:09:26.358097      43 allocator_stats_reporter.cc:147] Stopping AllocatorStatsReporter. Reporting one last time first.
I0909 08:09:26.358286     770 tpu_diagnostic_coordinator.cc:565] TpuStallWorker thread exiting.
I0909 08:09:26.589873      43 tpunetd_client.cc:431] Session master stopping the session...
I0909 08:09:26.590123    1015 session_worker_service.cc:115] Session master notifies the worker to disconnect from session d1288d43a62a1232
I0909 08:09:26.590246      43 tpunetd_client.cc:433] Session master stopped the session.
I0909 08:09:26.590262      43 tpunetd_client.cc:438] Session manager stopping the session...
I0909 08:09:26.719831      43 tpunetd_client.cc:440] Session manager stopped the session.
I0909 08:09:32.722582    1448 block_allocator.cc:209] MegaScale alloactor peak usage: 2369390592
I0909 08:09:32.731008     425 async_driver.cc:1178] [/dev/vfio/1 tpu660:pe0:3] vf_id:0 Driver closed.
I0909 08:09:32.733806    2071 async_driver.cc:1178] [/dev/vfio/6 tpu660:pe0:2] vf_id:0 Driver closed.
I0909 08:09:32.746647     140 async_driver.cc:1178] [/dev/vfio/5 tpu660:pe0:1] vf_id:0 Driver closed.
I0909 08:09:32.774520     685 async_driver.cc:1178] [/dev/vfio/4 tpu660:pe0:0] vf_id:0 Driver closed.
I0909 08:09:32.776646     685 megascale_context.cc:439] Destroying MegaScale PjrtExecutableContext: jit__identity_fn
I0909 08:09:32.776742     685 megascale_context.cc:1131] Destroying MegaScale PjrtClientContext.
