DCN_HOSTNETWORK_PREFLIGHT_BEGIN
host=gke-tpu-edbc8be2-nqp0 pod_ip=10.240.0.30 node_ip=10.240.0.30
tcp_rmem=4096	41943040	314572800
lo               UNKNOWN        127.0.0.1/8 169.254.169.252/32 ::1/128 
eth0             UP             10.240.0.30/32 metric 1024 fe80::4001:aff:fef0:1e/64 
eth1             UP             10.240.96.5/32 metric 1024 fe80::4001:aff:fef0:6005/64 
eth2             UP             10.240.48.5/32 metric 1024 fe80::4001:aff:fef0:3005/64 
docker0          DOWN           169.254.123.1/24 
lxc2a01d986850c@if8 UP             169.254.4.6/32 fe80::94e8:deff:fe39:f4b5/64 
cilium_net@cilium_host UP             fe80::8841:49ff:fef8:f142/64 
cilium_host@cilium_net UP             169.254.4.6/32 fe80::d4e9:f1ff:fe23:863b/64 
lxc24139f804dfe@if12 UP             169.254.4.6/32 fe80::945f:90ff:fe19:22e1/64 
lxcde9de6c6fd2b@if294 UP             169.254.4.6/32 fe80::7434:4eff:feca:311a/64 
lxcc0a8ef4be915@if296 UP             169.254.4.6/32 fe80::d4af:7cff:fed0:818d/64 
lxc4aea7d2c7fcb@if334 UP             169.254.4.6/32 fe80::cc5b:6bff:fe03:e331/64 
default via 10.240.0.1 dev eth0 proto dhcp src 10.240.0.30 metric 1024 quickack 1 
default via 10.240.0.1 dev eth0 proto dhcp src 10.240.0.30 metric 1024 
10.228.5.3 dev lxc2a01d986850c proto kernel scope link 
10.228.5.4 dev lxc24139f804dfe proto kernel scope link 
10.228.5.24 dev lxcde9de6c6fd2b proto kernel scope link 
10.228.5.25 dev lxcc0a8ef4be915 proto kernel scope link 
10.228.5.44 dev lxc4aea7d2c7fcb proto kernel scope link 
10.240.0.0/20 via 10.240.0.1 dev eth0 proto dhcp src 10.240.0.30 metric 1024 quickack 1 
10.240.0.0/20 via 10.240.0.1 dev eth0 proto dhcp src 10.240.0.30 metric 1024 
10.240.0.1 dev eth0 proto dhcp scope link src 10.240.0.30 metric 1024 quickack 1 
10.240.0.1 dev eth0 proto dhcp scope link src 10.240.0.30 metric 1024 
10.240.48.0/20 via 10.240.48.1 dev eth2 proto dhcp src 10.240.48.5 metric 1024 quickack 1 
10.240.48.0/20 via 10.240.48.1 dev eth2 proto dhcp src 10.240.48.5 metric 1024 
10.240.48.1 dev eth2 proto dhcp scope link src 10.240.48.5 metric 1024 quickack 1 
10.240.48.1 dev eth2 proto dhcp scope link src 10.240.48.5 metric 1024 
10.240.96.0/20 via 10.240.96.1 dev eth1 proto dhcp src 10.240.96.5 metric 1024 quickack 1 
10.240.96.0/20 via 10.240.96.1 dev eth1 proto dhcp src 10.240.96.5 metric 1024 
10.240.96.1 dev eth1 proto dhcp scope link src 10.240.96.5 metric 1024 quickack 1 
10.240.96.1 dev eth1 proto dhcp scope link src 10.240.96.5 metric 1024 
169.254.123.0/24 dev docker0 proto kernel scope link src 169.254.123.1 linkdown 
169.254.169.254 via 10.240.0.1 dev eth0 proto dhcp src 10.240.0.30 metric 1024 quickack 1 
169.254.169.254 via 10.240.0.1 dev eth0 proto dhcp src 10.240.0.30 metric 1024 
interface=eth0 speed_mbps=200000
interface=eth1 speed_mbps=200000
interface=eth2 speed_mbps=200000
interface=lo speed_mbps=
DCN_HOSTNETWORK_PREFLIGHT_END
Looking in links: https://storage.googleapis.com/jax-releases/libtpu_releases.html
Collecting jax==0.11.0 (from jax[tpu]==0.11.0)
  Downloading jax-0.11.0-py3-none-any.whl.metadata (13 kB)
Collecting libtpu==0.0.44
  Downloading libtpu-0.0.44-cp312-cp312-manylinux_2_31_x86_64.whl.metadata (1.5 kB)
Collecting jaxlib<=0.11.0,>=0.11.0 (from jax==0.11.0->jax[tpu]==0.11.0)
  Downloading jaxlib-0.11.0-cp312-cp312-manylinux_2_27_x86_64.whl.metadata (1.3 kB)
Collecting ml_dtypes>=0.5.0 (from jax==0.11.0->jax[tpu]==0.11.0)
  Downloading ml_dtypes-0.6.0-cp312-cp312-manylinux_2_27_x86_64.manylinux_2_28_x86_64.whl.metadata (8.8 kB)
Collecting numpy>=2.1 (from jax==0.11.0->jax[tpu]==0.11.0)
  Downloading numpy-2.5.3-cp312-cp312-manylinux_2_27_x86_64.manylinux_2_28_x86_64.whl.metadata (6.6 kB)
Collecting opt_einsum (from jax==0.11.0->jax[tpu]==0.11.0)
  Downloading opt_einsum-3.4.0-py3-none-any.whl.metadata (6.3 kB)
Collecting scipy>=1.15 (from jax==0.11.0->jax[tpu]==0.11.0)
  Downloading scipy-1.18.1-cp312-cp312-manylinux_2_27_x86_64.manylinux_2_28_x86_64.whl.metadata (62 kB)
Collecting requests (from jax[tpu]==0.11.0)
  Downloading requests-2.34.2-py3-none-any.whl.metadata (4.8 kB)
Collecting charset_normalizer<4,>=2 (from requests->jax[tpu]==0.11.0)
  Downloading charset_normalizer-3.5.1-cp312-cp312-manylinux2014_x86_64.manylinux_2_17_x86_64.manylinux_2_28_x86_64.whl.metadata (45 kB)
Collecting idna<4,>=2.5 (from requests->jax[tpu]==0.11.0)
  Downloading idna-3.19-py3-none-any.whl.metadata (9.2 kB)
Collecting urllib3<3,>=1.26 (from requests->jax[tpu]==0.11.0)
  Downloading urllib3-2.7.0-py3-none-any.whl.metadata (6.9 kB)
Collecting certifi>=2023.5.7 (from requests->jax[tpu]==0.11.0)
  Downloading certifi-2026.7.22-py3-none-any.whl.metadata (2.5 kB)
Downloading jax-0.11.0-py3-none-any.whl (3.3 MB)
   ━━━━━━━━━━━━━━━━━━━━━━━━━━━━━━━━━━━━━━━━ 3.3/3.3 MB 87.1 MB/s eta 0:00:00
Downloading libtpu-0.0.44-cp312-cp312-manylinux_2_31_x86_64.whl (215.6 MB)
   ━━━━━━━━━━━━━━━━━━━━━━━━━━━━━━━━━━━━━━━ 215.6/215.6 MB 337.2 MB/s eta 0:00:00
Downloading jaxlib-0.11.0-cp312-cp312-manylinux_2_27_x86_64.whl (87.3 MB)
   ━━━━━━━━━━━━━━━━━━━━━━━━━━━━━━━━━━━━━━━━ 87.3/87.3 MB 241.6 MB/s eta 0:00:00
Downloading ml_dtypes-0.6.0-cp312-cp312-manylinux_2_27_x86_64.manylinux_2_28_x86_64.whl (409 kB)
Downloading numpy-2.5.3-cp312-cp312-manylinux_2_27_x86_64.manylinux_2_28_x86_64.whl (16.7 MB)
   ━━━━━━━━━━━━━━━━━━━━━━━━━━━━━━━━━━━━━━━━ 16.7/16.7 MB 244.4 MB/s eta 0:00:00
Downloading scipy-1.18.1-cp312-cp312-manylinux_2_27_x86_64.manylinux_2_28_x86_64.whl (35.3 MB)
   ━━━━━━━━━━━━━━━━━━━━━━━━━━━━━━━━━━━━━━━━ 35.3/35.3 MB 242.6 MB/s eta 0:00:00
Downloading opt_einsum-3.4.0-py3-none-any.whl (71 kB)
Downloading requests-2.34.2-py3-none-any.whl (73 kB)
Downloading certifi-2026.7.22-py3-none-any.whl (136 kB)
Downloading charset_normalizer-3.5.1-cp312-cp312-manylinux2014_x86_64.manylinux_2_17_x86_64.manylinux_2_28_x86_64.whl (248 kB)
Downloading idna-3.19-py3-none-any.whl (68 kB)
Downloading urllib3-2.7.0-py3-none-any.whl (131 kB)
Installing collected packages: urllib3, opt_einsum, numpy, libtpu, idna, charset_normalizer, certifi, scipy, requests, ml_dtypes, jaxlib, jax
Successfully installed certifi-2026.7.22 charset_normalizer-3.5.1 idna-3.19 jax-0.11.0 jaxlib-0.11.0 libtpu-0.0.44 ml_dtypes-0.6.0 numpy-2.5.3 opt_einsum-3.4.0 requests-2.34.2 scipy-1.18.1 urllib3-2.7.0

[notice] A new release of pip is available: 25.0.1 -> 26.2.1
[notice] To update, run: python3.12 -m pip install --upgrade pip
ab32f8deaf1cdd171ebdb13a1922e8665a02cc67
DCN_VERSION_CHECK {'jax': '0.11.0', 'jaxlib': '0.11.0', 'libtpu': '0.0.44'}
ERROR: Accessing retired flag 'eventmanager2_as_default_eventmanager'
I0909 08:44:41.124631      43 b295d63588a.cc:792] Linux version 6.12.94+ (builder@b181c7a13d4c) (Chromium OS 17.0_pre498229-r33 clang version 17.0.0 (/mnt/host/source/src/third_party/llvm-project 14f0776550b5a49e1c42f49a00213f7f3fa047bf), LLD 17.0.0) #1 SMP Mon Jul 27 22:05:55 UTC 2026
I0909 08:44:41.124898      43 b295d63588a.cc:876] Process id 43
I0909 08:44:41.124913      43 b295d63588a.cc:882] Current working directory /jax-ai-image
I0909 08:44:41.124920      43 b295d63588a.cc:885] Current timezone is UTC (currently UTC +00:00)
I0909 08:44:41.124923      43 b295d63588a.cc:890] Built on Dec 31 1969 16:00:00 (0)
I0909 08:44:41.124924      43 b295d63588a.cc:891]  at redacted@redacted:.
I0909 08:44:41.124926      43 b295d63588a.cc:892]  as //learning/45eac/tfrc/executor:_libtpu.so.native
I0909 08:44:41.124927      43 b295d63588a.cc:893]  for gcc-4.X.Y-crosstool-v18-llvm-grtev4-k8.k8
I0909 08:44:41.124929      43 b295d63588a.cc:902] Build tool: redacted
I0909 08:44:41.124931      43 b295d63588a.cc:903] Build target: 
I0909 08:44:41.124938      43 b295d63588a.cc:911] Command line arguments:
I0909 08:44:41.124939      43 b295d63588a.cc:913] argv[0]: './tpu_driver'
I0909 08:44:41.124942      43 b295d63588a.cc:913] argv[1]: '--minloglevel=0'
I0909 08:44:41.124943      43 b295d63588a.cc:913] argv[2]: '--stderrthreshold=0'
I0909 08:44:41.124944      43 b295d63588a.cc:913] argv[3]: '--v=0'
I0909 08:44:41.124946      43 b295d63588a.cc:913] argv[4]: '--vmodule='
I0909 08:44:41.124947      43 b295d63588a.cc:913] argv[5]: '--log_dir=/tmp/tpu_logs/benchmark'
I0909 08:44:41.124948      43 b295d63588a.cc:913] argv[6]: '--max_log_size=1024'
I0909 08:44:41.124949      43 b295d63588a.cc:913] argv[7]: '--deepsea_hal_included_devs=2,3,0,1'
I0909 08:44:41.124951      43 b295d63588a.cc:913] argv[8]: '--megascale_transport_numa_node=0,1'
I0909 08:44:41.124952      43 b295d63588a.cc:913] argv[9]: '--next_pluggable_device_use_c_api=0'
I0909 08:44:41.124954      43 b295d63588a.cc:913] argv[10]: '--deepsea_wrap=false,false,false'
I0909 08:44:41.124956      43 b295d63588a.cc:913] argv[11]: '--deepsea_twist=false'
I0909 08:44:41.124958      43 b295d63588a.cc:913] argv[12]: '--deepsea_chip_config_name=default'
I0909 08:44:41.124959      43 b295d63588a.cc:913] argv[13]: '--deepsea_chips_per_host_bounds=2,2,1'
I0909 08:44:41.124961      43 b295d63588a.cc:913] argv[14]: '--deepsea_host_bounds=1,1,1'
I0909 08:44:41.124962      43 b295d63588a.cc:913] argv[15]: '--deepsea_slice_builder_worker_port=8471'
I0909 08:44:41.124964      43 b295d63588a.cc:913] argv[16]: '--deepsea_slice_builder_worker_addresses=dcn-pi-c2-poisoned-slice-0-0.dcn-pi-c2-poisoned:8471'
I0909 08:44:41.124966      43 b295d63588a.cc:913] argv[17]: '--tpu_slice_builder_dump_chip=false'
I0909 08:44:41.124967      43 b295d63588a.cc:913] argv[18]: '--tpu_slice_builder_dump_chip_force=false'
I0909 08:44:41.124969      43 b295d63588a.cc:913] argv[19]: '--tpu_slice_builder_dump_to_localhost=1'
I0909 08:44:41.124970      43 b295d63588a.cc:913] argv[20]: '--vbar_control_service_url=unix:///var/run/tpu-plugin/vbar.sock'
I0909 08:44:41.124972      43 b295d63588a.cc:913] argv[21]: '--bypass_vbar_control_service=0'
I0909 08:44:41.124973      43 b295d63588a.cc:913] argv[22]: '--deepsea_ici_resilient=false'
I0909 08:44:41.124975      43 b295d63588a.cc:913] argv[23]: '--xla_tpu_use_resilient_collective_emitter=false'
I0909 08:44:41.124976      43 b295d63588a.cc:913] argv[24]: '--tpu_slice_builder_topology_discovery_fault_injection='
I0909 08:44:41.124977      43 b295d63588a.cc:913] argv[25]: '--runtime_metric_service_port=8431'
I0909 08:44:41.124979      43 b295d63588a.cc:913] argv[26]: '--tpu_hbm_report_enable=1'
I0909 08:44:41.124980      43 b295d63588a.cc:913] argv[27]: '--tpu_hbm_report_frequency=5s'
I0909 08:44:41.124982      43 b295d63588a.cc:913] argv[28]: '--megascale_coordinator_address=dcn-pi-c2-poisoned-slice-0-0.dcn-pi-c2-poisoned:8081'
I0909 08:44:41.124983      43 b295d63588a.cc:913] argv[29]: '--megascale_slice_id=0'
I0909 08:44:41.124985      43 b295d63588a.cc:913] argv[30]: '--megascale_num_slices=2'
I0909 08:44:41.124987      43 b295d63588a.cc:913] argv[31]: '--megascale_transport_type=grpc'
I0909 08:44:41.124988      43 b295d63588a.cc:913] argv[32]: '--megascale_port=8081'
I0909 08:44:41.124990      43 b295d63588a.cc:913] argv[33]: '--megascale_use_insecure_grpc'
I0909 08:44:41.124991      43 b295d63588a.cc:913] argv[34]: '--megascale_grpc_use_chaotic_good=true'
I0909 08:44:41.124996      43 b295d63588a.cc:913] argv[35]: '--megascale_grpc_use_event_engine_allocator=true'
I0909 08:44:41.124998      43 b295d63588a.cc:913] argv[36]: '--grpc_enable_tcp_recv_zerocopy=false'
I0909 08:44:41.125000      43 b295d63588a.cc:913] argv[37]: '--grpc_enable_rpc_receive_coalescing=true'
I0909 08:44:41.125001      43 b295d63588a.cc:913] argv[38]: '--megascale_grpc_enable_numa_aware_transmit=true'
I0909 08:44:41.125002      43 b295d63588a.cc:913] argv[39]: '--megascale_grpc_use_numa_aware_event_engine=true'
I0909 08:44:41.125004      43 b295d63588a.cc:913] argv[40]: '--megascale_debug_port=8081'
I0909 08:44:41.125005      43 b295d63588a.cc:913] argv[41]: '--eventmanager2_as_default_eventmanager'
I0909 08:44:41.125006      43 b295d63588a.cc:913] argv[42]: '--eventmanager2_default_autosizer=mean_latency'
I0909 08:44:41.125008      43 b295d63588a.cc:913] argv[43]: '--megascale_grpc_enable_xor_tracer=true'
I0909 08:44:41.125009      43 b295d63588a.cc:913] argv[44]: '--xor_trace_sampling_period=100'
I0909 08:44:41.125011      43 b295d63588a.cc:913] argv[45]: '--rpc_transport_metrics_period=20'
I0909 08:44:41.125013      43 b295d63588a.cc:913] argv[46]: '--grpc_experiments=event_engine_client,chaotic_good_framing_layer,tcp_rcv_lowat,instrument_tcp_telemetry,event_engine_listener,use_call_event_engine_in_completion_queue'
I0909 08:44:41.125014      43 b295d63588a.cc:913] argv[47]: '--enable_runtime_uptime_telemetry=true'
I0909 08:44:41.125016      43 b295d63588a.cc:913] argv[48]: '--megascale_enable_transport_instrumentation=true'
I0909 08:44:41.125017      43 b295d63588a.cc:913] argv[49]: '--xla_tpu_use_enhanced_launch_barrier=true'
I0909 08:44:41.125019      43 b295d63588a.cc:913] argv[50]: '--xla_tpu_prefer_async_allgather_to_allreduce=true'
I0909 08:44:41.125020      43 b295d63588a.cc:913] argv[51]: '--xla_tpu_data_parallel_opt_different_sized_ops=true'
I0909 08:44:41.125027      43 b295d63588a.cc:913] argv[52]: '--xla_tpu_enable_data_parallel_all_reduce_opt=true'
I0909 08:44:41.125029      43 b295d63588a.cc:913] argv[53]: '--megascale_coordinator_address=dcn-pi-c2-poisoned-slice-0-0.dcn-pi-c2-poisoned:8081'
I0909 08:44:41.125030      43 b295d63588a.cc:913] argv[54]: '--megascale_slice_id=0'
I0909 08:44:41.125031      43 b295d63588a.cc:913] argv[55]: '--megascale_num_slices=2'
I0909 08:44:41.125032      43 b295d63588a.cc:913] argv[56]: '--megascale_transport_type=grpc'
I0909 08:44:41.125034      43 b295d63588a.cc:913] argv[57]: '--megascale_port=8081'
I0909 08:44:41.125036      43 b295d63588a.cc:913] argv[58]: '--megascale_use_insecure_grpc'
I0909 08:44:41.125037      43 b295d63588a.cc:913] argv[59]: '--megascale_grpc_interface_prefixes=eth1,eth2,lo'
I0909 08:44:41.125223      43 init.cc:78] Remote crash gathering hook installed.
I0909 08:44:41.164206      43 tpu_runtime_type_flags.cc:78] --tpu_use_tfrt not specified. Using default value: true
I0909 08:44:41.164315      43 host_command_handler_factory.cc:31] Skipping registration of host command handler for opcode Log because it is not in the allowlist.
I0909 08:44:41.164338      43 tpu_hal.cc:467] Registered plugin from module: megascale_sync_flag_logger
I0909 08:44:41.166385      43 tpu_hal.cc:467] Registered plugin from module: RuntimeMetricHelper
E0909 08:44:41.166408      43 autosizer.cc:43] mean_latency is deprecated. Please remove this setting.
I0909 08:44:41.168898      43 logger.cc:308] Enabling threaded logging for severity WARNING
I0909 08:44:41.168929      43 tpu_hal.cc:467] Registered plugin from module: sdc_checker_callback
I0909 08:44:41.169229      43 mlock.cc:220] mlock()-ed 4096 bytes for BuildID, using 1 syscalls.
I0909 08:44:41.169285      43 debug_manager.cc:266] Registering error handler with name: libtpu_telemetry_handler
I0909 08:44:41.183858      43 singleton_tpu_states_manager.cc:86] TPU premapped buffer enabled. Size: 4294967296 Threshold: 4294967296 Partitions: 1
I0909 08:44:41.183873      43 singleton_tpu_states_manager.cc:110] TpuStatesManager::GetOrCreate(): no tpu system exists. Creating a new tpu system.
I0909 08:44:41.190978      43 device_util.cc:89] Found 4 TPU7x chips.
I0909 08:44:41.190996      43 tpu_version_flag.cc:77] Using auto-detected TPU version TPU7x
I0909 08:44:41.207075      43 tpu_chip_config.cc:367] Resolved chip config alias default->megachip for 6acc60406, 
I0909 08:44:41.207370      43 pending_event_logger.cc:1003] Enabling PjRt/TPU event dependency logging.
I0909 08:44:41.212978     418 flags_util.cc:316] Using 8471 from --deepsea_slice_builder_worker_port as SliceBuilder worker service port.
I0909 08:44:41.217943     418 tpu_network_factory.cc:67] Running in Cloud, using TpunetdClient
I0909 08:44:41.217964     418 tpunetd_client.cc:163] Creating TpunetdClient with topology go/debugstr   
x_dimension: 2
y_dimension: 2
z_dimension: 1
x_wrapping: false
y_wrapping: false
z_wrapping: false
I0909 08:44:41.226916     418 init-domain.cc:132] Fiber init: default domain = futex, concurrency = 246, prefix = futex-default
I0909 08:44:43.067026     421 async_driver.cc:485] [/dev/vfio/4 tpu657:pe0:0] vf_id:0 Driver opened.
I0909 08:44:43.075876     423 async_driver.cc:485] [/dev/vfio/2 tpu657:pe0:2] vf_id:0 Driver opened.
I0909 08:44:43.105830     420 futex.cc:71] RAW: Futex::Swap(): using GFUTEX_SWAP
I0909 08:44:43.105950     422 async_driver.cc:485] [/dev/vfio/3 tpu657:pe0:1] vf_id:0 Driver opened.
I0909 08:44:43.114994     421 tpu_vxc_driver.cc:967] Throttled firmware queue size configured to 223(Firmware queue size: 256, leaving 32 for misc purposes).
I0909 08:44:43.186418     423 tpu_vxc_driver.cc:967] Throttled firmware queue size configured to 223(Firmware queue size: 256, leaving 32 for misc purposes).
I0909 08:44:43.195881     424 async_driver.cc:485] [/dev/vfio/6 tpu657:pe0:3] vf_id:0 Driver opened.
I0909 08:44:43.203829     422 tpu_vxc_driver.cc:967] Throttled firmware queue size configured to 223(Firmware queue size: 256, leaving 32 for misc purposes).
I0909 08:44:43.208847     421 async_driver.cc:1843] All cores supported.
I0909 08:44:43.240745     424 tpu_vxc_driver.cc:967] Throttled firmware queue size configured to 223(Firmware queue size: 256, leaving 32 for misc purposes).
I0909 08:44:43.243130     423 async_driver.cc:1843] All cores supported.
I0909 08:44:43.244159     422 async_driver.cc:1843] All cores supported.
I0909 08:44:43.249147     424 async_driver.cc:1843] All cores supported.
I0909 08:44:43.249202     418 tpunetd_client.cc:338] Connecting to vbar control service at unix:///var/run/tpu-plugin/vbar.sock
I0909 08:44:43.249278     418 config.cc:265] gRPC experiments: instrument_tcp_telemetry:on, tcp_rcv_lowat:on, use_call_event_engine_in_completion_queue:on; default-enabled: buffer_list_deletion_prep, cache_loas_context_in_connection_context, call_tracer_send_initial_metadata_is_an_annotation, callv3_batch_validation, callv3_ef5bb7_client, callv3_ef5bb7_server, chaotic_good_framing_layer, chaotic_good_send_supported_features, custom_frame_check, directpath_rpc_header_sanitization_filter, ef5bb7_global_family_cache, event_engine_callback_cq, event_engine_client, event_engine_listener, header_data_frame, inproc_cancel_stream, message_size_refactoring, monitoring_experiment, optimization_01, optimization_02, optimization_03, optimization_04, ph2_perf_01, promise_batch_cleanup_on_cancel, promise_filter_send_cancel_metadata, psp_tsi_handshaker_shutdown, skip_clear_peer_on_cancellation, tsi_frame_protector_without_locks, v2_non_owning_waker_implementation, verbose_channelz_connection_logging, wildcard_ip_expansion_restriction, xds_server_filter_chain_per_route
I0909 08:44:43.260333     418 tpunetd_client.cc:289] Session manager starting a new session...
I0909 08:44:43.365261     418 vbar_control.cc:201] TPU backend connection test passed! 
I0909 08:44:43.570680     418 tpunetd_client.cc:291] Session manager started the new session.
I0909 08:44:43.570691     418 tpunetd_client.cc:295] Session master starting a new session...
I0909 08:44:43.570693     418 session_master.cc:263] Starting a new ICI network session...
I0909 08:44:43.570990     419 session_worker_service.cc:110] Session master notifies the worker in a new session: c4866a6914a308fd
I0909 08:44:43.675639     418 session_master.cc:307] Successfully started ICI network session with session id: c4866a6914a308fd
I0909 08:44:43.675701     418 tpunetd_client.cc:297] Session master started the new session.
I0909 08:44:43.679315     418 tpu_hal.cc:209] Starting premapped memory manager initialization...
W0909 08:44:43.682690     421 libtpu_telemetry_utils.cc:44] Metric already exists: hlo.execution.timing.distribution.microseconds
W0909 08:44:43.682703     421 libtpu_telemetry_utils.cc:44] Metric already exists: hlo.queue.size.gauge
W0909 08:44:43.682856     422 libtpu_telemetry_utils.cc:44] Metric already exists: hlo.execution.timing.distribution.microseconds
W0909 08:44:43.682860     424 libtpu_telemetry_utils.cc:44] Metric already exists: hlo.execution.timing.distribution.microseconds
W0909 08:44:43.682879     424 libtpu_telemetry_utils.cc:44] Metric already exists: hlo.queue.size.gauge
W0909 08:44:43.682879     422 libtpu_telemetry_utils.cc:44] Metric already exists: hlo.queue.size.gauge
W0909 08:44:43.684105     423 libtpu_telemetry_utils.cc:44] Metric already exists: hlo.execution.timing.distribution.microseconds
W0909 08:44:43.684129     423 libtpu_telemetry_utils.cc:44] Metric already exists: hlo.queue.size.gauge
W0909 08:44:43.684158     421 libtpu_telemetry_utils.cc:44] Metric already exists: hlo.execution.timing.distribution.microseconds
W0909 08:44:43.684171     421 libtpu_telemetry_utils.cc:44] Metric already exists: hlo.queue.size.gauge
W0909 08:44:43.684288     424 libtpu_telemetry_utils.cc:44] Metric already exists: hlo.execution.timing.distribution.microseconds
W0909 08:44:43.684298     424 libtpu_telemetry_utils.cc:44] Metric already exists: hlo.queue.size.gauge
W0909 08:44:43.684373     422 libtpu_telemetry_utils.cc:44] Metric already exists: hlo.execution.timing.distribution.microseconds
W0909 08:44:43.684387     422 libtpu_telemetry_utils.cc:44] Metric already exists: hlo.queue.size.gauge
I0909 08:44:46.374483     418 runtime_metric_service.cc:197] Successfully started Runtime Metric Service on port: 8431
I0909 08:44:46.374675     418 system.cc:1112] tpu::System initialized, current host id: 0, logical device ids: 0,1,2,3,4,5,6,7
I0909 08:44:46.374731      43 tpu_system_state.cc:224] CreateTpuSystemState: TPU initialization is successful and it took 5.16735001s
I0909 08:44:46.374752      43 tpu_system_state.cc:228] CreateTpuSystemState: using TPU host premapped buffer of size: 4294967296
I0909 08:44:46.374766      43 tpu_host_allocator.cc:68] Premapped buffer is using alignment 64
I0909 08:44:46.375260      43 tpu_linearizer.cc:104] Inflight linearization byte limit configured to : 1099511627776
I0909 08:44:46.375265      43 tpu_linearizer.cc:118] Inflight delinearization byte limit configured to : 1099511627776
I0909 08:44:46.375636     765 tpu_diagnostic_coordinator.cc:610] TpuDiagnosticCoordinator listening on socket /tmp/tpu_diag_trigger_43.socket (symlinked at /tmp/tpu_diag_latest.socket)
I0909 08:44:46.375747      43 allocator_stats_reporter.cc:117] Starting AllocatorStats Reporter with reporting interval: 5s
I0909 08:44:46.375774      43 megascale_context.cc:969] Using shared executor for compute since we are running on 6acc60406.
W0909 08:44:46.375781      43 impairments_service.cc:60] Resetting impairments.
I0909 08:44:46.375802      43 numa_utils.cc:43] Available NUMA node in this process: 1,0
E0909 08:44:46.375955      43 autosizer.cc:43] mean_latency is deprecated. Please remove this setting.
E0909 08:44:46.378440      43 autosizer.cc:43] mean_latency is deprecated. Please remove this setting.
I0909 08:44:46.380843      43 flags.cc:231] The actual send_rpc_timeout is set to: 45s. Adjusted from the original send_rpc_timeout: 45s, graph_hang_threshold: 5m, graph_within_launch_hang_threshold: 1m
I0909 08:44:46.380860      43 numa_aware_allocator.cc:60] Creating numa aware allocators, number of NUMA nodes is 2
I0909 08:44:46.380865      43 numa_aware_allocator.cc:63] Creating numa aware allocator for NUMA nodes 0
I0909 08:44:46.380888      43 communication_backend.cc:300] Done allocating premapped memory of size 17179869184 bytes in 21.346us
I0909 08:44:46.380894      43 numa_aware_allocator.cc:76] Binding memory address 0x7c264bfff000 with NUMA node mask 1
I0909 08:44:58.782721      43 communication_backend.cc:310] Done premapping memory of size 17179869184 bytes in 12.401297848s
I0909 08:44:58.782760      43 numa_aware_allocator.cc:63] Creating numa aware allocator for NUMA nodes 1
I0909 08:44:58.782786      43 communication_backend.cc:300] Done allocating premapped memory of size 17179869184 bytes in 21.859us
I0909 08:44:58.782790      43 numa_aware_allocator.cc:76] Binding memory address 0x7c224bffd000 with NUMA node mask 2
I0909 08:45:11.678700      43 communication_backend.cc:310] Done premapping memory of size 17179869184 bytes in 12.894861107s
I0909 08:45:11.678733      43 communication_backend.cc:375] Preallocated 17179869184 bytes with Megascale allocator.
I0909 08:45:11.678756      43 eigen_compute_engine.cc:333] Creating EigenComputeEngine with options: { executor = 0x57d95ec65ad0,  force_use_shared_executor = true,  num_cores_per_device = 16 }
I0909 08:45:11.678769     820 communication_backend.cc:1179] Initializing MegaScale transport.
E0909 08:45:11.678823     820 autosizer.cc:43] mean_latency is deprecated. Please remove this setting.
E0909 08:45:11.679123      43 autosizer.cc:43] mean_latency is deprecated. Please remove this setting.
E0909 08:45:11.682674      43 autosizer.cc:43] mean_latency is deprecated. Please remove this setting.
E0909 08:45:11.682743     820 autosizer.cc:43] mean_latency is deprecated. Please remove this setting.
E0909 08:45:11.685262      43 autosizer.cc:43] mean_latency is deprecated. Please remove this setting.
E0909 08:45:11.712773     820 autosizer.cc:43] mean_latency is deprecated. Please remove this setting.
E0909 08:45:11.713028      43 autosizer.cc:43] mean_latency is deprecated. Please remove this setting.
I0909 08:45:11.715006     820 grpc_transport.cc:2407] Create GrpcTransport with LIBTPU_ON_GCE.
I0909 08:45:11.715062     820 transport.cc:862] Using IP addresses for interface discovery.
I0909 08:45:11.715065     820 transport.cc:757] Could not read interface to NUMA node map from env variables, falling back to reading from file system.
I0909 08:45:11.715183     820 transport.cc:723] Could not read filename /sys/class/net/cilium_host/device/numa_node with status Stat failed for /sys/class/net/cilium_host/device/numa_node: No such file or directory
I0909 08:45:11.715193     820 transport.cc:723] Could not read filename /sys/class/net/cilium_net/device/numa_node with status Stat failed for /sys/class/net/cilium_net/device/numa_node: No such file or directory
I0909 08:45:11.715198     820 transport.cc:723] Could not read filename /sys/class/net/docker0/device/numa_node with status Stat failed for /sys/class/net/docker0/device/numa_node: No such file or directory
I0909 08:45:11.715476     820 transport.cc:723] Could not read filename /sys/class/net/lo/device/numa_node with status Stat failed for /sys/class/net/lo/device/numa_node: No such file or directory
I0909 08:45:11.715484     820 transport.cc:723] Could not read filename /sys/class/net/lxc24139f804dfe/device/numa_node with status Stat failed for /sys/class/net/lxc24139f804dfe/device/numa_node: No such file or directory
I0909 08:45:11.715488     820 transport.cc:723] Could not read filename /sys/class/net/lxc2a01d986850c/device/numa_node with status Stat failed for /sys/class/net/lxc2a01d986850c/device/numa_node: No such file or directory
I0909 08:45:11.715493     820 transport.cc:723] Could not read filename /sys/class/net/lxc4aea7d2c7fcb/device/numa_node with status Stat failed for /sys/class/net/lxc4aea7d2c7fcb/device/numa_node: No such file or directory
I0909 08:45:11.715498     820 transport.cc:723] Could not read filename /sys/class/net/lxcc0a8ef4be915/device/numa_node with status Stat failed for /sys/class/net/lxcc0a8ef4be915/device/numa_node: No such file or directory
I0909 08:45:11.715503     820 transport.cc:723] Could not read filename /sys/class/net/lxcde9de6c6fd2b/device/numa_node with status Stat failed for /sys/class/net/lxcde9de6c6fd2b/device/numa_node: No such file or directory
I0909 08:45:11.715505     820 transport.cc:734] Interfaces on available NUMA nodes: [{"eth1", 0}, {"eth0", 0}, {"eth2", 1}]
I0909 08:45:11.715529     820 transport.cc:761] Interfaces corresponding to process' NUMA nodes: [[{"eth1", 0}, {"eth0", 0}, {"eth2", 1}]]
E0909 08:45:11.715726      43 autosizer.cc:43] mean_latency is deprecated. Please remove this setting.
I0909 08:45:11.716024     820 transport.cc:773] Interface eth0 will not be used as it does not start with one of the prefixes: eth1,eth2,lo
I0909 08:45:11.716033     820 transport.cc:773] Interface docker0 will not be used as it does not start with one of the prefixes: eth1,eth2,lo
I0909 08:45:11.716035     820 transport.cc:773] Interface lxc2a01d986850c will not be used as it does not start with one of the prefixes: eth1,eth2,lo
I0909 08:45:11.716036     820 transport.cc:773] Interface cilium_net will not be used as it does not start with one of the prefixes: eth1,eth2,lo
I0909 08:45:11.716037     820 transport.cc:773] Interface cilium_host will not be used as it does not start with one of the prefixes: eth1,eth2,lo
I0909 08:45:11.716038     820 transport.cc:773] Interface lxc24139f804dfe will not be used as it does not start with one of the prefixes: eth1,eth2,lo
I0909 08:45:11.716040     820 transport.cc:773] Interface lxcde9de6c6fd2b will not be used as it does not start with one of the prefixes: eth1,eth2,lo
I0909 08:45:11.716041     820 transport.cc:773] Interface lxcc0a8ef4be915 will not be used as it does not start with one of the prefixes: eth1,eth2,lo
I0909 08:45:11.716042     820 transport.cc:773] Interface lxc4aea7d2c7fcb will not be used as it does not start with one of the prefixes: eth1,eth2,lo
I0909 08:45:11.716045     820 transport.cc:773] Interface eth0 will not be used as it does not start with one of the prefixes: eth1,eth2,lo
I0909 08:45:11.716101     820 transport.cc:819] Added IP address 10.240.96.5:8081 on network interface eth1
I0909 08:45:11.716106     820 transport.cc:819] Added IP address 10.240.48.5:8081 on network interface eth2
I0909 08:45:11.716108     820 transport.cc:773] Interface docker0 will not be used as it does not start with one of the prefixes: eth1,eth2,lo
I0909 08:45:11.716109     820 transport.cc:773] Interface lxc2a01d986850c will not be used as it does not start with one of the prefixes: eth1,eth2,lo
I0909 08:45:11.716110     820 transport.cc:773] Interface cilium_host will not be used as it does not start with one of the prefixes: eth1,eth2,lo
I0909 08:45:11.716111     820 transport.cc:773] Interface lxc24139f804dfe will not be used as it does not start with one of the prefixes: eth1,eth2,lo
I0909 08:45:11.716112     820 transport.cc:773] Interface lxcde9de6c6fd2b will not be used as it does not start with one of the prefixes: eth1,eth2,lo
I0909 08:45:11.716113     820 transport.cc:773] Interface lxcc0a8ef4be915 will not be used as it does not start with one of the prefixes: eth1,eth2,lo
I0909 08:45:11.716115     820 transport.cc:773] Interface lxc4aea7d2c7fcb will not be used as it does not start with one of the prefixes: eth1,eth2,lo
I0909 08:45:11.716116     820 transport.cc:773] Interface eth0 will not be used as it does not start with one of the prefixes: eth1,eth2,lo
I0909 08:45:11.716118     820 transport.cc:773] Interface lxc2a01d986850c will not be used as it does not start with one of the prefixes: eth1,eth2,lo
I0909 08:45:11.716120     820 transport.cc:773] Interface cilium_net will not be used as it does not start with one of the prefixes: eth1,eth2,lo
I0909 08:45:11.716121     820 transport.cc:773] Interface cilium_host will not be used as it does not start with one of the prefixes: eth1,eth2,lo
I0909 08:45:11.716123     820 transport.cc:773] Interface lxc24139f804dfe will not be used as it does not start with one of the prefixes: eth1,eth2,lo
I0909 08:45:11.716125     820 transport.cc:773] Interface lxcde9de6c6fd2b will not be used as it does not start with one of the prefixes: eth1,eth2,lo
I0909 08:45:11.716127     820 transport.cc:773] Interface lxcc0a8ef4be915 will not be used as it does not start with one of the prefixes: eth1,eth2,lo
I0909 08:45:11.716129     820 transport.cc:773] Interface lxc4aea7d2c7fcb will not be used as it does not start with one of the prefixes: eth1,eth2,lo
I0909 08:45:11.716139     820 grpc_transport.cc:2332] Creating gRPC server on: 10.240.96.5:8081eth1
I0909 08:45:11.716153     820 grpc_transport.cc:2348] Creating gRPC server with event engine allocator (chaotic good).
I0909 08:45:11.716165     820 grpc_transport.cc:2365] Starting gRPC server on: 10.240.96.5:8081
I0909 08:45:11.716760     820 grpc_transport.cc:2332] Creating gRPC server on: 10.240.48.5:8081eth2
I0909 08:45:11.716782     820 grpc_transport.cc:2348] Creating gRPC server with event engine allocator (chaotic good).
I0909 08:45:11.716786     820 grpc_transport.cc:2365] Starting gRPC server on: 10.240.48.5:8081
I0909 08:45:11.717038     820 communication_backend.cc:1290] MegaScale transport initialized.
I0909 08:45:11.717049     820 communication_backend.cc:1489] MegaScale transport init succeeded.
E0909 08:45:11.718727      43 autosizer.cc:43] mean_latency is deprecated. Please remove this setting.
I0909 08:45:11.720966      43 debug_service_impl.cc:185] Starting Megascale Debug Server
I0909 08:45:11.721377      43 topology_coordinator.cc:57] Megascale Topology Coordinator started for 2 slices
I0909 08:45:11.721396      43 transport.cc:862] Using IP addresses for interface discovery.
I0909 08:45:11.721399      43 transport.cc:757] Could not read interface to NUMA node map from env variables, falling back to reading from file system.
I0909 08:45:11.721402      43 transport.cc:761] Interfaces corresponding to process' NUMA nodes: [[{"eth2", 1}, {"eth1", 0}, {"eth0", 0}]]
I0909 08:45:11.721773      43 transport.cc:773] Interface eth0 will not be used as it does not start with one of the prefixes: eth1,eth2,lo
I0909 08:45:11.721780      43 transport.cc:773] Interface docker0 will not be used as it does not start with one of the prefixes: eth1,eth2,lo
I0909 08:45:11.721782      43 transport.cc:773] Interface lxc2a01d986850c will not be used as it does not start with one of the prefixes: eth1,eth2,lo
I0909 08:45:11.721783      43 transport.cc:773] Interface cilium_net will not be used as it does not start with one of the prefixes: eth1,eth2,lo
I0909 08:45:11.721785      43 transport.cc:773] Interface cilium_host will not be used as it does not start with one of the prefixes: eth1,eth2,lo
I0909 08:45:11.721786      43 transport.cc:773] Interface lxc24139f804dfe will not be used as it does not start with one of the prefixes: eth1,eth2,lo
I0909 08:45:11.721787      43 transport.cc:773] Interface lxcde9de6c6fd2b will not be used as it does not start with one of the prefixes: eth1,eth2,lo
I0909 08:45:11.721788      43 transport.cc:773] Interface lxcc0a8ef4be915 will not be used as it does not start with one of the prefixes: eth1,eth2,lo
I0909 08:45:11.721789      43 transport.cc:773] Interface lxc4aea7d2c7fcb will not be used as it does not start with one of the prefixes: eth1,eth2,lo
I0909 08:45:11.721791      43 transport.cc:773] Interface eth0 will not be used as it does not start with one of the prefixes: eth1,eth2,lo
I0909 08:45:11.721796      43 transport.cc:819] Added IP address 10.240.96.5:8081 on network interface eth1
I0909 08:45:11.721799      43 transport.cc:819] Added IP address 10.240.48.5:8081 on network interface eth2
I0909 08:45:11.721801      43 transport.cc:773] Interface docker0 will not be used as it does not start with one of the prefixes: eth1,eth2,lo
I0909 08:45:11.721803      43 transport.cc:773] Interface lxc2a01d986850c will not be used as it does not start with one of the prefixes: eth1,eth2,lo
I0909 08:45:11.721804      43 transport.cc:773] Interface cilium_host will not be used as it does not start with one of the prefixes: eth1,eth2,lo
I0909 08:45:11.721805      43 transport.cc:773] Interface lxc24139f804dfe will not be used as it does not start with one of the prefixes: eth1,eth2,lo
I0909 08:45:11.721806      43 transport.cc:773] Interface lxcde9de6c6fd2b will not be used as it does not start with one of the prefixes: eth1,eth2,lo
I0909 08:45:11.721808      43 transport.cc:773] Interface lxcc0a8ef4be915 will not be used as it does not start with one of the prefixes: eth1,eth2,lo
I0909 08:45:11.721810      43 transport.cc:773] Interface lxc4aea7d2c7fcb will not be used as it does not start with one of the prefixes: eth1,eth2,lo
I0909 08:45:11.721812      43 transport.cc:773] Interface eth0 will not be used as it does not start with one of the prefixes: eth1,eth2,lo
I0909 08:45:11.721814      43 transport.cc:773] Interface lxc2a01d986850c will not be used as it does not start with one of the prefixes: eth1,eth2,lo
I0909 08:45:11.721815      43 transport.cc:773] Interface cilium_net will not be used as it does not start with one of the prefixes: eth1,eth2,lo
I0909 08:45:11.721817      43 transport.cc:773] Interface cilium_host will not be used as it does not start with one of the prefixes: eth1,eth2,lo
I0909 08:45:11.721818      43 transport.cc:773] Interface lxc24139f804dfe will not be used as it does not start with one of the prefixes: eth1,eth2,lo
I0909 08:45:11.721820      43 transport.cc:773] Interface lxcde9de6c6fd2b will not be used as it does not start with one of the prefixes: eth1,eth2,lo
I0909 08:45:11.721822      43 transport.cc:773] Interface lxcc0a8ef4be915 will not be used as it does not start with one of the prefixes: eth1,eth2,lo
I0909 08:45:11.721823      43 transport.cc:773] Interface lxc4aea7d2c7fcb will not be used as it does not start with one of the prefixes: eth1,eth2,lo
I0909 08:45:11.721828      43 communication_backend.cc:984] Sending topology discovery request: go/debugstr   
address_mapping {
  addresses {
    address: "10.240.96.5:8081"
    interface_name: "eth1"
    host_name_for_debugging: "gke-tpu-edbc8be2-nqp0"
  }
  addresses {
    address: "10.240.48.5:8081"
    interface_name: "eth2"
    host_name_for_debugging: "gke-tpu-edbc8be2-nqp0"
    numa_node: 1
  }
  incarnation_id: 15367542924244288410
}
tpu_topology_args {
  version: TPU_VERSION_6acc60406
  platform_type: TPU_PLATFORM_TYPE_HARDWARE
  chip_config_name: "default"
  chips_per_host_bounds {
    x: 2
    y: 2
    z: 1
  }
  host_bounds {
    x: 1
    y: 1
    z: 1
  }
  wrap {
  }
  enhanced_barrier_enabled: true
  use_continuations: true
  routing_strategy: ROUTING_MESH
}
incarnation_id: 15367542924244288410
I0909 08:45:11.722104      43 grpc_transport.cc:2220] Creating client for slice 0 host 0
I0909 08:45:11.722117      43 grpc_transport.cc:2203] Using default interface. Available interfaces: [eth1,eth2]. Server information: go/debugstr   
address: "dcn-pi-c2-poisoned-slice-0-0.dcn-pi-c2-poisoned:8081"
I0909 08:45:11.722207      43 grpc_transport.cc:2278] Created 1 channels for 1 interfaces on slice 0 host 0.
 Load balancing policy: Dynamic lb: max_outstanding_bytes (8388608).
I0909 08:45:11.722916     880 cachednslookup.cc:391] TTL not found in response, not caching response
I0909 08:45:11.725898     876 tpu_chip_config.cc:367] Resolved chip config alias default->megachip for 6acc60406, 
I0909 08:45:12.726378     979 topology_coordinator.cc:178] MegaScale Topology Discovery in progress. Missing hosts (num_slices=1, num_hosts=0): slice1.*
I0909 08:45:13.726488     979 topology_coordinator.cc:178] MegaScale Topology Discovery in progress. Missing hosts (num_slices=1, num_hosts=0): slice1.*
I0909 08:45:13.786474     991 tpu_chip_config.cc:367] Resolved chip config alias default->megachip for 6acc60406, 
I0909 08:45:13.786689     991 topology_coordinator.cc:325] MegaScale Topology Discovery completed.
I0909 08:45:13.786926      43 communication_backend.cc:1002] Received topology discovery response: go/debugstr   
slice_info {
  tpu_topology_args {
    version: TPU_VERSION_6acc60406
    platform_type: TPU_PLATFORM_TYPE_HARDWARE
    chip_config_name: "default"
    chips_per_host_bounds {
      x: 2
      y: 2
      z: 1
    }
    host_bounds {
      x: 1
      y: 1
      z: 1
    }
    wrap {
    }
    enhanced_barrier_enabled: true
    use_continuations: true
    routing_strategy: ROUTING_MESH
  }
}
slice_info {
  slice_id: 1
  tpu_topology_args {
    version: TPU_VERSION_6acc60406
    platform_type: TPU_PLATFORM_TYPE_HARDWARE
    chip_config_name: "default"
    chips_per_host_bounds {
      x: 2
      y: 2
      z: 1
    }
    host_bounds {
      x: 1
      y: 1
      z: 1
    }
    wrap {
    }
    enhanced_barrier_enabled: true
    use_continuations: true
    routing_strategy: ROUTING_MESH
  }
}
address_mappings {
  addresses {
    address: "10.240.96.5:8081"
    interface_name: "eth1"
    host_name_for_debugging: "gke-tpu-edbc8be2-nqp0"
  }
  addresses {
    address: "10.240.48.5:8081"
    interface_name: "eth2"
    host_name_for_debugging: "gke-tpu-edbc8be2-nqp0"
    numa_node: 1
  }
  incarnation_id: 15367542924244288410
}
address_mappings {
  slice_id: 1
  addresses {
    address: "10.240.96.17:8081"
    interface_name: "eth1"
    host_name_for_debugging: "gke-tpu-edbc8be2-jkvn"
  }
  addresses {
    address: "10.240.48.17:8081"
    interface_name: "eth2"
    host_name_for_debugging: "gke-tpu-edbc8be2-jkvn"
    numa_node: 1
  }
  incarnation_id: 3394379844882493744
}
incarnation_id: 15367542924244288410
I0909 08:45:13.787076      43 debug_manager.cc:266] Registering error handler with name: default_handler
I0909 08:45:13.787085      43 megascale_context.cc:571] Using DCN topology: go/debugstr   
I0909 08:45:13.787116      43 tpu_chip_config.cc:367] Resolved chip config alias default->megachip for 6acc60406, 
DCN_MULTISLICE_PREFLIGHT {"global_device_count": 16, "local_device_count": 8, "process_count": 2, "process_id": 0, "slice_counts": {"0": 8, "1": 8}}
W0909 08:45:13.788834    1006 pjrt_client.h:601] UpdateGlobalProcessInfo is not supported.
DCN_TIMING_CONFIG {"experiment": "pi_C2_poisoned", "grpc_experiments": "", "libtpu_init_args": "--megascale_enable_transport_instrumentation=true --xla_tpu_use_enhanced_launch_barrier=true --xla_tpu_prefer_async_allgather_to_allreduce=true --xla_tpu_data_parallel_opt_different_sized_ops=true --xla_tpu_enable_data_parallel_all_reduce_opt=true --megascale_coordinator_address=dcn-pi-c2-poisoned-slice-0-0.dcn-pi-c2-poisoned:8081 --megascale_slice_id=0 --megascale_num_slices=2 --megascale_transport_type=grpc --megascale_port=8081 --megascale_use_insecure_grpc --megascale_grpc_interface_prefixes=eth1,eth2,lo"}
DCN_GOOGLE_BASELINE_ENV {"benchmark": "dcn_google_baseline", "device_count": 16, "device_kind": "TPU7x", "devices_per_slice": [8, 8], "jax_version": "0.11.0", "libtpu_init_args": "--megascale_enable_transport_instrumentation=true --xla_tpu_use_enhanced_launch_barrier=true --xla_tpu_prefer_async_allgather_to_allreduce=true --xla_tpu_data_parallel_opt_different_sized_ops=true --xla_tpu_enable_data_parallel_all_reduce_opt=true --megascale_coordinator_address=dcn-pi-c2-poisoned-slice-0-0.dcn-pi-c2-poisoned:8081 --megascale_slice_id=0 --megascale_num_slices=2 --megascale_transport_type=grpc --megascale_port=8081 --megascale_use_insecure_grpc --megascale_grpc_interface_prefixes=eth1,eth2,lo", "local_device_count": 8, "network_before": {"cilium_host": {"operstate": "up", "rx_bytes": 360, "speed_mbps": "10000", "tx_bytes": 360}, "cilium_net": {"operstate": "up", "rx_bytes": 360, "speed_mbps": "10000", "tx_bytes": 360}, "docker0": {"operstate": "down", "rx_bytes": 0, "speed_mbps": "-1", "tx_bytes": 0}, "eth0": {"operstate": "up", "rx_bytes": 42060073961340, "speed_mbps": "200000", "tx_bytes": 756444813909}, "eth1": {"operstate": "up", "rx_bytes": 69570979758506, "speed_mbps": "200000", "tx_bytes": 70935617391018}, "eth2": {"operstate": "up", "rx_bytes": 69975101433741, "speed_mbps": "200000", "tx_bytes": 70993325716061}, "lo": {"operstate": "unknown", "rx_bytes": 46035999075, "speed_mbps": "", "tx_bytes": 46035999075}, "lxc24139f804dfe": {"operstate": "up", "rx_bytes": 198245517, "speed_mbps": "10000", "tx_bytes": 996922891}, "lxc2a01d986850c": {"operstate": "up", "rx_bytes": 7533041, "speed_mbps": "10000", "tx_bytes": 288624614}, "lxc4aea7d2c7fcb": {"operstate": "up", "rx_bytes": 18061612, "speed_mbps": "10000", "tx_bytes": 4780948}, "lxcc0a8ef4be915": {"operstate": "up", "rx_bytes": 5743273494, "speed_mbps": "10000", "tx_bytes": 1429140374}, "lxcde9de6c6fd2b": {"operstate": "up", "rx_bytes": 100590291, "speed_mbps": "10000", "tx_bytes": 28282504}}, "physical_chips_per_slice": [4, 4], "process_count": 2, "process_index": 0, "slices_detected": 2}
I0909 08:45:13.834783      43 dump.cc:725] HloModule dump enabled with path prefix: , suffix: before_optimizations
W0909 08:45:13.869665    1008 tpu_spmd_partitioner.cc:460] Collective matmul V1 is enabled. Please consider migrating to V2 since V1 will be deprecated soon. You can enable V2 by setting xla_tpu_all_gather_collective_matmul_mode=post_spmd and xla_tpu_reduce_scatter_collective_matmul_mode=post_spmd.
I0909 08:45:13.970735      43 deepsea_compiler_hlo_passes.cc:6406] xla_tpu_impure_hlo_parallel_compile is DISABLED. jit__identity_fn
I0909 08:45:14.045721      43 latency_hiding_scheduler.cc:4420] [latency-hiding-scheduler] LatencyHidingScheduler current memory usage: 2105408 bytes. Current limit: 96637097779
I0909 08:45:14.046059      43 tpu_plumb_vmem_info.cc:677] scavenging_mode: 3 for module: jit__identity_fn
I0909 08:45:14.062531      43 deepsea_compiler_hlo_passes.cc:6735] HLO_PASSES stage duration: 211.3600945ms
I0909 08:45:14.160799     783 grpc_transport.cc:1414] [MEGASCALE_TRANSPORT_INSTR] Recv: key=all-gather_0_ag_0_sr_1_2|s200004->100004d|$c0$l-1885038941^i0 size=0 is_single_chunk=true is_aligned=true memcpy_needed=false
I0909 08:45:14.229974    1004 tpu_chip_config.cc:367] Resolved chip config alias default->megachip for 6acc60406, 
I0909 08:45:14.230164    1004 tpu_chip_config.cc:367] Resolved chip config alias default->megachip for 6acc60406, 
I0909 08:45:14.230357    1004 memory_space_assignment_util.cc:577] MSA Vmem breakdown: default scoped vmem (from flag): 33554432; does_msa_directly_allocate_scoped_vmem: T; bytes_for_msa_to_allocate: 67043328
I0909 08:45:14.313059    1234 deepsea_compiler_base.cc:4279] BACKEND_PASSES stage duration: 83.6216065ms
I0909 08:45:14.321900    1234 deepsea_compiler_backend.cc:1480] CODE_GENERATION stage duration: 8.735383ms
I0909 08:45:14.322222    1234 isa_program_util_common.cc:373] (HLO module jit__identity_fn): Executable fingerprint:06064def71251d002070e3afdf7856f434b6716fde9cf59b909f7c397aa678e0
I0909 08:45:14.322226    1234 isa_program_util_common.cc:377] (HLO module jit__identity_fn): Executable fingerprint (including data segments):a36c66c8aef2973a54c2a215fe35cf40f89651383a6668da69a35f4493f7d5f8
I0909 08:45:14.322228    1234 isa_program_util_common.cc:380] (HLO module jit__identity_fn): Host transfer fingerprint:f3648195e5944adb02a2c259aaf172acbc125e019453e4037c22f98eccaec514
I0909 08:45:14.322501      43 deepsea_compiler_base.cc:1055] END_TO_END stage duration: 487.88619975ms
I0909 08:45:14.322516      43 deepsea_compiler_base.cc:1056] Note that END_TO_END duration also includes time outside of HLO_PASSES, BACKEND_PASSES, and CODE_GENERATION
I0909 08:45:14.323207      43 megascale_context.cc:517] MegaScale DCNTopology fingerprint for: jit__identity_fn : 1688352644216761960 DevicesHash: 11843567257950195766 Topology: go/debugstr  
I0909 08:45:14.323247      43 graph_builder.cc:257] Shapes to compress: [""]
I0909 08:45:14.323251      43 graph_builder.cc:259] Prefixes to compress: [""]
I0909 08:45:14.323281      43 graph_builder.cc:2912] Using MXLA graph seed: all-gather_0
I0909 08:45:14.323440      43 host_command_scheduler_factory.cc:1312] Created a HostCommandScheduler with 18 rules for module jit__identity_fn HostTransfers Fingerprint: 17423087520109266384.
I0909 08:45:14.323452      43 megascale_context.cc:686] MegaScale ExecutableContext created for module: jit__identity_fn with DCN topology: go/debugstr   
I0909 08:45:14.324295     776 communication_backend.cc:625] Created communicator. Hostname: gke-tpu-edbc8be2-nqp0 Slice ID: 0 Host ID: 0 NumSlices: 2 Device IDs: 0,1,2,3,4,5,6,7
I0909 08:45:14.325663     945 grpc_transport.cc:2220] Creating client for slice 1 host 0
I0909 08:45:14.325713     945 grpc_transport.cc:2200] Sending to 10.240.96.17:8081 on interface: eth1
I0909 08:45:14.325829     945 grpc_transport.cc:2200] Sending to 10.240.48.17:8081 on interface: eth2
I0909 08:45:14.325872     945 grpc_transport.cc:2278] Created 2 channels for 2 interfaces on slice 1 host 0.
 Load balancing policy: Dynamic lb: max_outstanding_bytes (8388608).
I0909 08:45:14.325914     783 grpc_transport.cc:1743] [MEGASCALE_TRANSPORT_INSTR] SendRpc: key=all-gather_0_ag_0_sr_0_1|s100005->200005d|$c0$l-1885038941^i0 size=1048576 queue_latency_us=0 attempt=0
I0909 08:45:14.328842     983 generic-stream-socket.h:1667] Cannot process timestamp for type=1 seq=1048803 time=2026-09-09T08:45:14.328588796+00:00
W0909 08:45:14.345788    1265 tpu_spmd_partitioner.cc:460] Collective matmul V1 is enabled. Please consider migrating to V2 since V1 will be deprecated soon. You can enable V2 by setting xla_tpu_all_gather_collective_matmul_mode=post_spmd and xla_tpu_reduce_scatter_collective_matmul_mode=post_spmd.
I0909 08:45:14.352491      43 deepsea_compiler_hlo_passes.cc:6406] xla_tpu_impure_hlo_parallel_compile is DISABLED. jit_operation
I0909 08:45:14.354426      43 latency_hiding_scheduler.cc:4420] [latency-hiding-scheduler] LatencyHidingScheduler current memory usage: 532544 bytes. Current limit: 96637622067
I0909 08:45:14.354747      43 tpu_plumb_vmem_info.cc:677] scavenging_mode: 3 for module: jit_operation
I0909 08:45:14.355375      43 deepsea_compiler_hlo_passes.cc:6735] HLO_PASSES stage duration: 10.21708775ms
I0909 08:45:14.464472    1004 tpu_chip_config.cc:367] Resolved chip config alias default->megachip for 6acc60406, 
I0909 08:45:14.464647    1004 tpu_chip_config.cc:367] Resolved chip config alias default->megachip for 6acc60406, 
I0909 08:45:14.464822    1004 memory_space_assignment_util.cc:577] MSA Vmem breakdown: default scoped vmem (from flag): 33554432; does_msa_directly_allocate_scoped_vmem: T; bytes_for_msa_to_allocate: 67043328
I0909 08:45:14.603158    1269 deepsea_compiler_base.cc:4279] BACKEND_PASSES stage duration: 247.067186ms
I0909 08:45:14.610016    1269 deepsea_compiler_backend.cc:1480] CODE_GENERATION stage duration: 6.79531325ms
I0909 08:45:14.610239    1269 isa_program_util_common.cc:373] (HLO module jit_operation): Executable fingerprint:18bd8f1f49e482eb17bf86a3ac11f7cdea583db1e03fbf83690588d09e405a0f
I0909 08:45:14.610242    1269 isa_program_util_common.cc:377] (HLO module jit_operation): Executable fingerprint (including data segments):50c5d764dccca8f84460df3972c753e2bd9ed9180c888c620873302ac8e13585
I0909 08:45:14.610243    1269 isa_program_util_common.cc:380] (HLO module jit_operation): Host transfer fingerprint:e32409b1ec50cbaf75abe5fa87950bdedba31ee389ee172434eeb9c7f7dc80cb
I0909 08:45:14.610698      43 deepsea_compiler_base.cc:1055] END_TO_END stage duration: 268.14754475ms
I0909 08:45:14.610714      43 deepsea_compiler_base.cc:1056] Note that END_TO_END duration also includes time outside of HLO_PASSES, BACKEND_PASSES, and CODE_GENERATION
I0909 08:45:14.611393      43 megascale_context.cc:517] MegaScale DCNTopology fingerprint for: jit_operation : 1688352644216761960 DevicesHash: 8081921339993277715 Topology: go/debugstr  
I0909 08:45:14.611516      43 host_command_scheduler_factory.cc:1312] Created a HostCommandScheduler with 18 rules for module jit_operation HostTransfers Fingerprint: 299641728554036189.
I0909 08:45:14.611530      43 megascale_context.cc:686] MegaScale ExecutableContext created for module: jit_operation with DCN topology: go/debugstr   
I0909 08:45:14.629465      43 deepsea_compiler_hlo_passes.cc:6623] XLA::TPU running hlo passes for 13 instructions, module: jit_block_means
I0909 08:45:14.629475      43 deepsea_compiler_hlo_passes.cc:6668] Initial HLO module: jit_block_means instructions: 13 fingerprint: 
I0909 08:45:14.629649      43 deepsea_compiler_hlo_passes.cc:6526] HLO optimizing module: jit_block_means instructions: 13
I0909 08:45:14.629653      43 deepsea_compiler_hlo_passes.cc:6539] XLA::TPU HLO optimization
W0909 08:45:14.630408    1277 tpu_spmd_partitioner.cc:460] Collective matmul V1 is enabled. Please consider migrating to V2 since V1 will be deprecated soon. You can enable V2 by setting xla_tpu_all_gather_collective_matmul_mode=post_spmd and xla_tpu_reduce_scatter_collective_matmul_mode=post_spmd.
I0909 08:45:14.637061      43 deepsea_compiler_hlo_passes.cc:6406] xla_tpu_impure_hlo_parallel_compile is DISABLED. jit_block_means
I0909 08:45:14.639171      43 deepsea_compiler_hlo_passes.cc:5472] XLA::TPU HLO PostOptimizationPipeline
I0909 08:45:14.640153      43 latency_hiding_scheduler.cc:4420] [latency-hiding-scheduler] LatencyHidingScheduler current memory usage: 10304 bytes. Current limit: 96637284147
I0909 08:45:14.640681      43 tpu_plumb_vmem_info.cc:677] scavenging_mode: 3 for module: jit_block_means
I0909 08:45:14.641236      43 deepsea_compiler_hlo_passes.cc:6735] HLO_PASSES stage duration: 11.76100675ms
I0909 08:45:14.676814    1005 tpu_chip_config.cc:367] Resolved chip config alias default->megachip for 6acc60406, 
I0909 08:45:14.676954    1005 tpu_chip_config.cc:367] Resolved chip config alias default->megachip for 6acc60406, 
I0909 08:45:14.677107    1005 memory_space_assignment_util.cc:577] MSA Vmem breakdown: default scoped vmem (from flag): 33554432; does_msa_directly_allocate_scoped_vmem: T; bytes_for_msa_to_allocate: 67043328
I0909 08:45:14.726621     979 topology_coordinator.cc:173] MegaScale Topology Discovery completed.
I0909 08:45:14.815748    1279 deepsea_compiler_base.cc:4279] BACKEND_PASSES stage duration: 173.90608975ms
I0909 08:45:14.818544    1279 deepsea_compiler_backend.cc:1784] final program bundle count: 1,087 note this count does not reflect cycles spent executing delays.
I0909 08:45:14.825020    1279 deepsea_compiler_backend.cc:1980] Program divided into 2 overlays without HLO functions (109.0K).
I0909 08:45:14.825089    1279 deepsea_compiler_backend.cc:2150] XLA::TPU module name: jit_block_means
I0909 08:45:14.825093    1279 deepsea_compiler_backend.cc:2152] XLA::TPU program HBM usage: 205.5K / 94.74G
I0909 08:45:14.825096    1279 deepsea_compiler_backend.cc:2159] Note that --xla_tpu_max_hbm_size_mib is not specified. This means that the compiler may use up all available HBM, possibly prioritizing other metrics (latency, compile-time, ..) over memory usage. To reduce memory usage, set --xla_tpu_max_hbm_size_mib to a smaller value.
I0909 08:45:14.825098    1279 deepsea_compiler_backend.cc:2193] XLA::TPU program VMEM usage: 32.00M / 64.00M
I0909 08:45:14.825106    1279 deepsea_compiler_backend.cc:2204] Total hbm usage >= 268.70M:
    reserved        268.00M 
    program          205.5K 
    arguments        512.0K 

Output size 512B; shares 0B with arguments.

Total host usage >= 0B:
    reserved             0B 
    program         unknown size 
    arguments            0B 

Output size 0B; shares 0B with arguments.

I0909 08:45:14.825119    1279 deepsea_compiler_backend.cc:2208] Program sflag requirement 224B:
    reserved           204B
    scoped              12B
    HLO temp             8B (100.0% utilization: Unpadded (8B) Padded (8B), 0.0% fragmentation (0B))
Program sparse_core_sequencer_sflag requirement 36B:
    reserved            36B
Program sparse_core_tile_sflag requirement 4B:
    reserved             4B
Program sparse_core_sequencer_smem requirement 64B:
    reserved            64B
Program sparse_core_tile_smem requirement 0B:
Program hbm requirement 205.5K:
    global             512B
    HLO temp          96.0K (11.8% utilization: Unpadded (136B) Padded (1.1K), 98.8% fragmentation (94.9K))
    overlays         109.0K
Program vmem requirement 32.00M:
    HLO temp         32.00M (0.0% utilization: Unpadded (0B) Padded (0B), 100.0% fragmentation (32.00M))
Program smem requirement 36B:
    global               4B
    scoped              32B
Program host requirement 0B:
I0909 08:45:14.825122    1279 deepsea_compiler_backend.cc:2216] XLA::TPU program SMEM usage: 1.9K / 1.00M (1 parameters)
I0909 08:45:14.825211    1279 deepsea_compiler_backend.cc:1480] CODE_GENERATION stage duration: 9.39325625ms
I0909 08:45:14.825593    1279 isa_program_util_common.cc:373] (HLO module jit_block_means): Executable fingerprint:a68815c228dc4af297e3d8c668e8febc0a7771e7a55728acf5a5e457457c7190
I0909 08:45:14.825596    1279 isa_program_util_common.cc:377] (HLO module jit_block_means): Executable fingerprint (including data segments):000f17dae77336d06b0564ccad697d459499ab5ac1ad3f1ce5b29ac6d126d814
I0909 08:45:14.825597    1279 isa_program_util_common.cc:380] (HLO module jit_block_means): Host transfer fingerprint:0ce2289220a215397b94a483790c2ea535d1ba9505dd3b6ca405a175f7574c15
I0909 08:45:14.825908      43 deepsea_compiler_base.cc:1055] END_TO_END stage duration: 198.4330235ms
I0909 08:45:14.825926      43 deepsea_compiler_base.cc:1056] Note that END_TO_END duration also includes time outside of HLO_PASSES, BACKEND_PASSES, and CODE_GENERATION
I0909 08:45:14.826548      43 megascale_context.cc:517] MegaScale DCNTopology fingerprint for: jit_block_means : 1688352644216761960 DevicesHash: 8081921339993277715 Topology: go/debugstr  
I0909 08:45:14.826698      43 host_command_scheduler_factory.cc:1312] Created a HostCommandScheduler with 18 rules for module jit_block_means HostTransfers Fingerprint: 12844010486177099681.
I0909 08:45:14.826708      43 megascale_context.cc:686] MegaScale ExecutableContext created for module: jit_block_means with DCN topology: go/debugstr   
I0909 08:45:14.830998    1270 megascale_context.cc:439] Destroying MegaScale PjrtExecutableContext: jit_operation
W0909 08:45:14.846242    1309 tpu_spmd_partitioner.cc:460] Collective matmul V1 is enabled. Please consider migrating to V2 since V1 will be deprecated soon. You can enable V2 by setting xla_tpu_all_gather_collective_matmul_mode=post_spmd and xla_tpu_reduce_scatter_collective_matmul_mode=post_spmd.
I0909 08:45:14.852463      43 deepsea_compiler_hlo_passes.cc:6406] xla_tpu_impure_hlo_parallel_compile is DISABLED. jit_operation
I0909 08:45:14.854262      43 latency_hiding_scheduler.cc:4420] [latency-hiding-scheduler] LatencyHidingScheduler current memory usage: 532544 bytes. Current limit: 96637622067
I0909 08:45:14.854567      43 tpu_plumb_vmem_info.cc:677] scavenging_mode: 3 for module: jit_operation
I0909 08:45:14.855165      43 deepsea_compiler_hlo_passes.cc:6735] HLO_PASSES stage duration: 9.65611675ms
I0909 08:45:14.856160    1005 tpu_chip_config.cc:367] Resolved chip config alias default->megachip for 6acc60406, 
I0909 08:45:14.856327    1005 tpu_chip_config.cc:367] Resolved chip config alias default->megachip for 6acc60406, 
I0909 08:45:14.856540    1005 memory_space_assignment_util.cc:577] MSA Vmem breakdown: default scoped vmem (from flag): 33554432; does_msa_directly_allocate_scoped_vmem: T; bytes_for_msa_to_allocate: 67043328
I0909 08:45:14.952946    1313 deepsea_compiler_base.cc:4279] BACKEND_PASSES stage duration: 97.259095ms
I0909 08:45:14.960154    1313 deepsea_compiler_backend.cc:1480] CODE_GENERATION stage duration: 7.13999575ms
I0909 08:45:14.960395    1313 isa_program_util_common.cc:373] (HLO module jit_operation): Executable fingerprint:d72e7a1b39a9f0b9531030b72b44a4fd1d884e817c348c0c8c70eee518f75f53
I0909 08:45:14.960399    1313 isa_program_util_common.cc:377] (HLO module jit_operation): Executable fingerprint (including data segments):352f27f793c6d85e675a709687617bfeffde9c513a61c3a0c786dd853c205964
I0909 08:45:14.960400    1313 isa_program_util_common.cc:380] (HLO module jit_operation): Host transfer fingerprint:124a6bcc363e95627a3a1f52e1d58b781bd8b47961dad231508ba05b08446a17
I0909 08:45:14.960567      43 deepsea_compiler_base.cc:1055] END_TO_END stage duration: 117.5921265ms
I0909 08:45:14.960580      43 deepsea_compiler_base.cc:1056] Note that END_TO_END duration also includes time outside of HLO_PASSES, BACKEND_PASSES, and CODE_GENERATION
I0909 08:45:14.961075      43 megascale_context.cc:517] MegaScale DCNTopology fingerprint for: jit_operation : 1688352644216761960 DevicesHash: 8081921339993277715 Topology: go/debugstr  
I0909 08:45:14.961139      43 host_command_scheduler_factory.cc:1312] Created a HostCommandScheduler with 10 rules for module jit_operation HostTransfers Fingerprint: 14085252720032080381.
I0909 08:45:14.961147      43 megascale_context.cc:686] MegaScale ExecutableContext created for module: jit_operation with DCN topology: go/debugstr   
I0909 08:45:14.967339     820 megascale_context.cc:439] Destroying MegaScale PjrtExecutableContext: jit_operation
W0909 08:45:14.982770    1317 tpu_spmd_partitioner.cc:460] Collective matmul V1 is enabled. Please consider migrating to V2 since V1 will be deprecated soon. You can enable V2 by setting xla_tpu_all_gather_collective_matmul_mode=post_spmd and xla_tpu_reduce_scatter_collective_matmul_mode=post_spmd.
I0909 08:45:14.990013      43 deepsea_compiler_hlo_passes.cc:6406] xla_tpu_impure_hlo_parallel_compile is DISABLED. jit_operation
I0909 08:45:14.991770      43 latency_hiding_scheduler.cc:4420] [latency-hiding-scheduler] LatencyHidingScheduler current memory usage: 532544 bytes. Current limit: 96637601587
I0909 08:45:14.992041      43 tpu_plumb_vmem_info.cc:677] scavenging_mode: 3 for module: jit_operation
I0909 08:45:14.992616      43 deepsea_compiler_hlo_passes.cc:6735] HLO_PASSES stage duration: 10.5659665ms
I0909 08:45:15.065420    1005 tpu_chip_config.cc:367] Resolved chip config alias default->megachip for 6acc60406, 
I0909 08:45:15.065593    1005 tpu_chip_config.cc:367] Resolved chip config alias default->megachip for 6acc60406, 
I0909 08:45:15.065779    1005 memory_space_assignment_util.cc:577] MSA Vmem breakdown: default scoped vmem (from flag): 33554432; does_msa_directly_allocate_scoped_vmem: T; bytes_for_msa_to_allocate: 67043328
I0909 08:45:15.148144    1321 deepsea_compiler_base.cc:4279] BACKEND_PASSES stage duration: 155.05527325ms
I0909 08:45:15.155597    1321 deepsea_compiler_backend.cc:1480] CODE_GENERATION stage duration: 7.39231025ms
I0909 08:45:15.155837    1321 isa_program_util_common.cc:373] (HLO module jit_operation): Executable fingerprint:93e467bf4e9f14f807cfc07c0f5af89a8259e264f918c4c3bae923bec44d1607
I0909 08:45:15.155841    1321 isa_program_util_common.cc:377] (HLO module jit_operation): Executable fingerprint (including data segments):fb355c3b6e4022fd9a0512110dc6279f44e087545351707c7a7c1fce01967f3b
I0909 08:45:15.155843    1321 isa_program_util_common.cc:380] (HLO module jit_operation): Host transfer fingerprint:c593b06c04e7fad2147a887bcf7944999f2897fc2152ea2dfdeb144dc4e94474
I0909 08:45:15.156010      43 deepsea_compiler_base.cc:1055] END_TO_END stage duration: 176.24518225ms
I0909 08:45:15.156025      43 deepsea_compiler_base.cc:1056] Note that END_TO_END duration also includes time outside of HLO_PASSES, BACKEND_PASSES, and CODE_GENERATION
I0909 08:45:15.156588      43 megascale_context.cc:517] MegaScale DCNTopology fingerprint for: jit_operation : 1688352644216761960 DevicesHash: 8081921339993277715 Topology: go/debugstr  
I0909 08:45:15.156745      43 host_command_scheduler_factory.cc:1312] Created a HostCommandScheduler with 18 rules for module jit_operation HostTransfers Fingerprint: 12691832994701343489.
I0909 08:45:15.156758      43 megascale_context.cc:686] MegaScale ExecutableContext created for module: jit_operation with DCN topology: go/debugstr   
I0909 08:45:15.163389    1270 megascale_context.cc:439] Destroying MegaScale PjrtExecutableContext: jit_operation
DCN_GOOGLE_BASELINE_MOVEMENT {"all_reduce_block0_mean": 3.0, "all_reduce_block1_mean": 3.0, "all_reduce_expected_sum": 3.0, "bidi_block0_mean": 2.0, "bidi_block1_mean": 1.0, "uni_block0_mean": 0.0, "uni_block1_mean": 1.0}
W0909 08:45:15.178528    1365 tpu_spmd_partitioner.cc:460] Collective matmul V1 is enabled. Please consider migrating to V2 since V1 will be deprecated soon. You can enable V2 by setting xla_tpu_all_gather_collective_matmul_mode=post_spmd and xla_tpu_reduce_scatter_collective_matmul_mode=post_spmd.
I0909 08:45:15.184794      43 deepsea_compiler_hlo_passes.cc:6406] xla_tpu_impure_hlo_parallel_compile is DISABLED. jit__lambda
I0909 08:45:15.186550      43 tpu_plumb_vmem_info.cc:677] scavenging_mode: 3 for module: jit__lambda
I0909 08:45:15.192070      43 deepsea_compiler_hlo_passes.cc:6735] HLO_PASSES stage duration: 14.23450575ms
I0909 08:45:15.192880    1005 tpu_chip_config.cc:367] Resolved chip config alias default->megachip for 6acc60406, 
I0909 08:45:15.193030    1005 tpu_chip_config.cc:367] Resolved chip config alias default->megachip for 6acc60406, 
I0909 08:45:15.193212    1005 memory_space_assignment_util.cc:577] MSA Vmem breakdown: default scoped vmem (from flag): 33554432; does_msa_directly_allocate_scoped_vmem: T; bytes_for_msa_to_allocate: 67043328
I0909 08:45:15.292651    1367 deepsea_compiler_base.cc:4279] BACKEND_PASSES stage duration: 100.1324365ms
I0909 08:45:15.298779    1367 deepsea_compiler_backend.cc:1480] CODE_GENERATION stage duration: 6.07450175ms
I0909 08:45:15.299017    1367 isa_program_util_common.cc:373] (HLO module jit__lambda): Executable fingerprint:b665d6f75444f609b4c211a311343b8365ff0783788dea2c1cd8f6d0e16025e2
I0909 08:45:15.299020    1367 isa_program_util_common.cc:377] (HLO module jit__lambda): Executable fingerprint (including data segments):a7ccb0e728e46035f24c6e63a95900c8afc23874aeb585fad41c508da6107d5c
I0909 08:45:15.299021    1367 isa_program_util_common.cc:380] (HLO module jit__lambda): Host transfer fingerprint:e3b0c44298fc1c149afbf4c8996fb92427ae41e4649b934ca495991b7852b855
I0909 08:45:15.299477      43 deepsea_compiler_base.cc:1055] END_TO_END stage duration: 123.92651275ms
I0909 08:45:15.299491      43 deepsea_compiler_base.cc:1056] Note that END_TO_END duration also includes time outside of HLO_PASSES, BACKEND_PASSES, and CODE_GENERATION
I0909 08:45:15.299887      43 host_command_scheduler_factory.cc:1312] Created a HostCommandScheduler with 0 rules for module jit__lambda HostTransfers Fingerprint: 0.
I0909 08:45:15.299899      43 megascale_context.cc:686] MegaScale ExecutableContext created for module: jit__lambda with DCN topology: go/debugstr   
I0909 08:45:15.303585     742 megascale_context.cc:439] Destroying MegaScale PjrtExecutableContext: jit__lambda
W0909 08:45:15.317687    1369 tpu_spmd_partitioner.cc:460] Collective matmul V1 is enabled. Please consider migrating to V2 since V1 will be deprecated soon. You can enable V2 by setting xla_tpu_all_gather_collective_matmul_mode=post_spmd and xla_tpu_reduce_scatter_collective_matmul_mode=post_spmd.
I0909 08:45:15.323064      43 deepsea_compiler_hlo_passes.cc:6406] xla_tpu_impure_hlo_parallel_compile is DISABLED. jit__identity_fn
I0909 08:45:15.326509      43 latency_hiding_scheduler.cc:4420] [latency-hiding-scheduler] LatencyHidingScheduler current memory usage: 10304 bytes. Current limit: 96637879603
I0909 08:45:15.327038      43 tpu_plumb_vmem_info.cc:677] scavenging_mode: 3 for module: jit__identity_fn
I0909 08:45:15.327521      43 deepsea_compiler_hlo_passes.cc:6735] HLO_PASSES stage duration: 10.5085405ms
I0909 08:45:15.328746    1005 tpu_chip_config.cc:367] Resolved chip config alias default->megachip for 6acc60406, 
I0909 08:45:15.328886    1005 tpu_chip_config.cc:367] Resolved chip config alias default->megachip for 6acc60406, 
I0909 08:45:15.329060    1005 memory_space_assignment_util.cc:577] MSA Vmem breakdown: default scoped vmem (from flag): 33554432; does_msa_directly_allocate_scoped_vmem: T; bytes_for_msa_to_allocate: 67043328
I0909 08:45:15.357605    1405 deepsea_compiler_base.cc:4279] BACKEND_PASSES stage duration: 29.393129ms
I0909 08:45:15.367626    1405 deepsea_compiler_backend.cc:1480] CODE_GENERATION stage duration: 9.95052525ms
I0909 08:45:15.367911    1405 isa_program_util_common.cc:373] (HLO module jit__identity_fn): Executable fingerprint:99d3688fd3a0b1d453fe8627a0b0f42e2ace16dc4bc339c425bb6816b4448e13
I0909 08:45:15.367914    1405 isa_program_util_common.cc:377] (HLO module jit__identity_fn): Executable fingerprint (including data segments):76634a3b411297dc49aa5a3fc980747b213d76a5a45107ab50253d06e246cff8
I0909 08:45:15.367915    1405 isa_program_util_common.cc:380] (HLO module jit__identity_fn): Host transfer fingerprint:1c3aada8609a3172763bf050d766fe130bc23cfa6480b47046f6868e3bc19d83
I0909 08:45:15.368145      43 deepsea_compiler_base.cc:1055] END_TO_END stage duration: 53.38507375ms
I0909 08:45:15.368159      43 deepsea_compiler_base.cc:1056] Note that END_TO_END duration also includes time outside of HLO_PASSES, BACKEND_PASSES, and CODE_GENERATION
I0909 08:45:15.368710      43 megascale_context.cc:517] MegaScale DCNTopology fingerprint for: jit__identity_fn : 1688352644216761960 DevicesHash: 11843567257950195766 Topology: go/debugstr  
I0909 08:45:15.368841      43 host_command_scheduler_factory.cc:1312] Created a HostCommandScheduler with 18 rules for module jit__identity_fn HostTransfers Fingerprint: 10701750680746575423.
I0909 08:45:15.368851      43 megascale_context.cc:686] MegaScale ExecutableContext created for module: jit__identity_fn with DCN topology: go/debugstr   
I0909 08:45:15.372148    1270 megascale_context.cc:439] Destroying MegaScale PjrtExecutableContext: jit_block_means
W0909 08:45:15.388120    1459 tpu_spmd_partitioner.cc:460] Collective matmul V1 is enabled. Please consider migrating to V2 since V1 will be deprecated soon. You can enable V2 by setting xla_tpu_all_gather_collective_matmul_mode=post_spmd and xla_tpu_reduce_scatter_collective_matmul_mode=post_spmd.
I0909 08:45:15.393669      43 deepsea_compiler_hlo_passes.cc:6406] xla_tpu_impure_hlo_parallel_compile is DISABLED. jit_operation
I0909 08:45:15.395226      43 latency_hiding_scheduler.cc:4420] [latency-hiding-scheduler] LatencyHidingScheduler current memory usage: 268443712 bytes. Current limit: 96369710899
I0909 08:45:15.395495      43 tpu_plumb_vmem_info.cc:677] scavenging_mode: 3 for module: jit_operation
I0909 08:45:15.409573      43 deepsea_compiler_hlo_passes.cc:6735] HLO_PASSES stage duration: 21.8996625ms
I0909 08:45:15.410457    1005 tpu_chip_config.cc:367] Resolved chip config alias default->megachip for 6acc60406, 
I0909 08:45:15.410586    1005 tpu_chip_config.cc:367] Resolved chip config alias default->megachip for 6acc60406, 
I0909 08:45:15.410743    1005 memory_space_assignment_util.cc:577] MSA Vmem breakdown: default scoped vmem (from flag): 33554432; does_msa_directly_allocate_scoped_vmem: T; bytes_for_msa_to_allocate: 67043328
I0909 08:45:15.470264    1464 deepsea_compiler_base.cc:4279] BACKEND_PASSES stage duration: 60.182577ms
I0909 08:45:15.478830    1464 deepsea_compiler_backend.cc:1480] CODE_GENERATION stage duration: 8.4806825ms
I0909 08:45:15.479105    1464 isa_program_util_common.cc:373] (HLO module jit_operation): Executable fingerprint:a42981338d1b04a5bf7d3d8db178c8bb01ecd2866e555eb0f6787ffc8c6a9471
I0909 08:45:15.479108    1464 isa_program_util_common.cc:377] (HLO module jit_operation): Executable fingerprint (including data segments):c546a4314823ea616e619bba4f846fa79352d65679af8068340a932a0c7ac57b
I0909 08:45:15.479110    1464 isa_program_util_common.cc:380] (HLO module jit_operation): Host transfer fingerprint:4e223cd2583a1bf12e14fe5f052f2fef2091af7e76907fb1afbd4dd1413c6c19
I0909 08:45:15.479402      43 deepsea_compiler_base.cc:1055] END_TO_END stage duration: 93.9018785ms
I0909 08:45:15.479423      43 deepsea_compiler_base.cc:1056] Note that END_TO_END duration also includes time outside of HLO_PASSES, BACKEND_PASSES, and CODE_GENERATION
I0909 08:45:15.479949      43 megascale_context.cc:517] MegaScale DCNTopology fingerprint for: jit_operation : 1688352644216761960 DevicesHash: 8081921339993277715 Topology: go/debugstr  
I0909 08:45:15.480390      43 host_command_scheduler_factory.cc:1312] Created a HostCommandScheduler with 10 rules for module jit_operation HostTransfers Fingerprint: 7657198849705675234.
I0909 08:45:15.480451      43 megascale_context.cc:686] MegaScale ExecutableContext created for module: jit_operation with DCN topology: go/debugstr   
I0909 08:45:15.484496    1340 grpc_transport.cc:1743] [MEGASCALE_TRANSPORT_INSTR] SendRpc: key=ppermute.3_0|s100002->200002d|$c7$l619030701^i0 size=8388608 queue_latency_us=0 attempt=0
I0909 08:45:15.488335    1338 grpc_transport.cc:1743] [MEGASCALE_TRANSPORT_INSTR] SendRpc: key=ppermute.3_0|s100007->200007d|$c1$l619030701^i0 size=8388608 queue_latency_us=0 attempt=0
I0909 08:45:15.492483    1339 grpc_transport.cc:1743] [MEGASCALE_TRANSPORT_INSTR] SendRpc: key=ppermute.3_0|s100003->200003d|$c24$l619030701^i0 size=8388608 queue_latency_us=0 attempt=0
W0909 08:45:15.492676    1338 grpc_transport.cc:1186] Too many pending sends: 128
DCN_TIMING_FIRST_CALL {"compile_execute_ms": 120.01723295543343, "device_wait_ms": 11.121655930764973, "dispatch_ms": 108.89557702466846, "experiment": "pi_C2_poisoned", "label": "google_ppermute_uni_p8_d16384", "post_barrier_ms": 43.89905999414623, "pre_barrier_ms": 68.93651804421097, "rank": 0}
I0909 08:45:15.544023    1341 grpc_transport.cc:1743] [MEGASCALE_TRANSPORT_INSTR] SendRpc: key=ppermute.3_0|s100000->200000d|$c0$l619030702^i0 size=8388608 queue_latency_us=0 attempt=0
I0909 08:45:15.547730    1347 grpc_transport.cc:1743] [MEGASCALE_TRANSPORT_INSTR] SendRpc: key=ppermute.3_0|s100005->200005d|$c8$l619030702^i0 size=8388608 queue_latency_us=0 attempt=0
I0909 08:45:15.554770     800 grpc_transport.cc:1743] [MEGASCALE_TRANSPORT_INSTR] SendRpc: key=ppermute.3_0|s100006->200006d|$c1$l619030703^i0 size=8388608 queue_latency_us=0 attempt=0
I0909 08:45:15.557513     800 grpc_transport.cc:1743] [MEGASCALE_TRANSPORT_INSTR] SendRpc: key=ppermute.3_0|s100005->200005d|$c9$l619030703^i0 size=8388608 queue_latency_us=0 attempt=0
I0909 08:45:15.559690     784 grpc_transport.cc:1743] [MEGASCALE_TRANSPORT_INSTR] SendRpc: key=ppermute.3_0|s100000->200000d|$c26$l619030703^i0 size=8388608 queue_latency_us=0 attempt=0
W0909 08:45:15.559760     780 tpu_pjrt_client.cc:2333] PjRt execution dispatch was blocked for 5.443766ms because PjRt's max in-flight computation semaphore is full (limit: 32), which may negatively affect the performance
I0909 08:45:15.567520     808 grpc_transport.cc:1743] [MEGASCALE_TRANSPORT_INSTR] SendRpc: key=ppermute.3_0|s100004->200004d|$c3$l619030704^i0 size=8388608 queue_latency_us=0 attempt=0
I0909 08:45:15.570850     783 grpc_transport.cc:1743] [MEGASCALE_TRANSPORT_INSTR] SendRpc: key=ppermute.3_0|s100000->200000d|$c22$l619030704^i0 size=8388608 queue_latency_us=0 attempt=0
I0909 08:45:15.573070     808 grpc_transport.cc:1743] [MEGASCALE_TRANSPORT_INSTR] SendRpc: key=ppermute.3_0|s100005->200005d|$c25$l619030704^i0 size=8388608 queue_latency_us=0 attempt=0
I0909 08:45:15.578990     806 grpc_transport.cc:1743] [MEGASCALE_TRANSPORT_INSTR] SendRpc: key=ppermute.3_0|s100004->200004d|$c6$l619030705^i0 size=8388608 queue_latency_us=0 attempt=0
I0909 08:45:15.582025    1357 grpc_transport.cc:1743] [MEGASCALE_TRANSPORT_INSTR] SendRpc: key=ppermute.3_0|s100001->200001d|$c27$l619030705^i0 size=8388608 queue_latency_us=0 attempt=0
I0909 08:45:15.587880    1359 grpc_transport.cc:1743] [MEGASCALE_TRANSPORT_INSTR] SendRpc: key=ppermute.3_0|s100001->200001d|$c13$l619030706^i0 size=8388608 queue_latency_us=0 attempt=0
I0909 08:45:15.590875     788 grpc_transport.cc:1743] [MEGASCALE_TRANSPORT_INSTR] SendRpc: key=ppermute.3_0|s100003->200003d|$c5$l619030706^i0 size=8388608 queue_latency_us=0 attempt=0
I0909 08:45:15.593558    1361 grpc_transport.cc:1743] [MEGASCALE_TRANSPORT_INSTR] SendRpc: key=ppermute.3_0|s100005->200005d|$c30$l619030706^i0 size=8388608 queue_latency_us=0 attempt=0
I0909 08:45:15.600984    1361 grpc_transport.cc:1743] [MEGASCALE_TRANSPORT_INSTR] SendRpc: key=ppermute.3_0|s100003->200003d|$c12$l619030707^i0 size=8388608 queue_latency_us=0 attempt=0
I0909 08:45:15.603929     814 grpc_transport.cc:1743] [MEGASCALE_TRANSPORT_INSTR] SendRpc: key=ppermute.3_0|s100006->200006d|$c26$l619030707^i0 size=8388608 queue_latency_us=0 attempt=0
I0909 08:45:15.611057    1345 grpc_transport.cc:1743] [MEGASCALE_TRANSPORT_INSTR] SendRpc: key=ppermute.3_0|s100006->200006d|$c10$l619030708^i0 size=8388608 queue_latency_us=0 attempt=0
I0909 08:45:15.614596    1363 grpc_transport.cc:1743] [MEGASCALE_TRANSPORT_INSTR] SendRpc: key=ppermute.3_0|s100004->200004d|$c17$l619030708^i0 size=8388608 queue_latency_us=0 attempt=0
I0909 08:45:15.616350     797 grpc_transport.cc:1743] [MEGASCALE_TRANSPORT_INSTR] SendRpc: key=ppermute.3_0|s100002->200002d|$c23$l619030708^i0 size=8388608 queue_latency_us=0 attempt=0
I0909 08:45:15.623234     800 grpc_transport.cc:1743] [MEGASCALE_TRANSPORT_INSTR] SendRpc: key=ppermute.3_0|s100007->200007d|$c19$l619030709^i0 size=8388608 queue_latency_us=0 attempt=0
I0909 08:45:15.626316     805 grpc_transport.cc:1743] [MEGASCALE_TRANSPORT_INSTR] SendRpc: key=ppermute.3_0|s100007->200007d|$c31$l619030709^i0 size=8388608 queue_latency_us=0 attempt=0
I0909 08:45:15.632163    1354 grpc_transport.cc:1743] [MEGASCALE_TRANSPORT_INSTR] SendRpc: key=ppermute.3_0|s100000->200000d|$c9$l619030710^i0 size=8388608 queue_latency_us=0 attempt=0
I0909 08:45:15.636208     784 grpc_transport.cc:1743] [MEGASCALE_TRANSPORT_INSTR] SendRpc: key=ppermute.3_0|s100004->200004d|$c18$l619030710^i0 size=8388608 queue_latency_us=0 attempt=0
I0909 08:45:15.637940     794 grpc_transport.cc:1743] [MEGASCALE_TRANSPORT_INSTR] SendRpc: key=ppermute.3_0|s100004->200004d|$c24$l619030710^i0 size=8388608 queue_latency_us=0 attempt=0
I0909 08:45:15.641497    1343 grpc_transport.cc:1743] [MEGASCALE_TRANSPORT_INSTR] SendRpc: key=ppermute.3_0|s100007->200007d|$c8$l619030711^i0 size=8388608 queue_latency_us=0 attempt=0
I0909 08:45:15.643953    1349 grpc_transport.cc:1743] [MEGASCALE_TRANSPORT_INSTR] SendRpc: key=ppermute.3_0|s100000->200000d|$c11$l619030711^i0 size=8388608 queue_latency_us=0 attempt=0
I0909 08:45:15.651231    1343 grpc_transport.cc:1743] [MEGASCALE_TRANSPORT_INSTR] SendRpc: key=ppermute.3_0|s100007->200007d|$c3$l619030712^i0 size=8388608 queue_latency_us=0 attempt=0
I0909 08:45:15.654744     808 grpc_transport.cc:1743] [MEGASCALE_TRANSPORT_INSTR] SendRpc: key=ppermute.3_0|s100006->200006d|$c11$l619030712^i0 size=8388608 queue_latency_us=0 attempt=0
I0909 08:45:15.658340    1351 grpc_transport.cc:1743] [MEGASCALE_TRANSPORT_INSTR] SendRpc: key=ppermute.3_0|s100003->200003d|$c27$l619030712^i0 size=8388608 queue_latency_us=0 attempt=0
I0909 08:45:15.665273     809 grpc_transport.cc:1743] [MEGASCALE_TRANSPORT_INSTR] SendRpc: key=ppermute.3_0|s100002->200002d|$c1$l619030713^i0 size=8388608 queue_latency_us=0 attempt=0
I0909 08:45:15.668827     813 grpc_transport.cc:1743] [MEGASCALE_TRANSPORT_INSTR] SendRpc: key=ppermute.3_0|s100004->200004d|$c14$l619030713^i0 size=8388608 queue_latency_us=0 attempt=0
I0909 08:45:15.671390    1337 grpc_transport.cc:1743] [MEGASCALE_TRANSPORT_INSTR] SendRpc: key=ppermute.3_0|s100003->200003d|$c22$l619030713^i0 size=8388608 queue_latency_us=0 attempt=0
I0909 08:45:15.679778    1362 grpc_transport.cc:1743] [MEGASCALE_TRANSPORT_INSTR] SendRpc: key=ppermute.3_0|s100002->200002d|$c10$l619030714^i0 size=8388608 queue_latency_us=0 attempt=0
I0909 08:45:15.681868    1341 grpc_transport.cc:1743] [MEGASCALE_TRANSPORT_INSTR] SendRpc: key=ppermute.3_0|s100006->200006d|$c5$l619030714^i0 size=8388608 queue_latency_us=0 attempt=0
I0909 08:45:15.687935     793 grpc_transport.cc:1743] [MEGASCALE_TRANSPORT_INSTR] SendRpc: key=ppermute.3_0|s100005->200005d|$c9$l619030715^i0 size=8388608 queue_latency_us=0 attempt=0
I0909 08:45:15.690840     792 grpc_transport.cc:1743] [MEGASCALE_TRANSPORT_INSTR] SendRpc: key=ppermute.3_0|s100004->200004d|$c25$l619030715^i0 size=8388608 queue_latency_us=0 attempt=0
I0909 08:45:15.692871    1358 grpc_transport.cc:1743] [MEGASCALE_TRANSPORT_INSTR] SendRpc: key=ppermute.3_0|s100002->200002d|$c30$l619030715^i0 size=8388608 queue_latency_us=0 attempt=0
W0909 08:45:15.695167    1423 block_allocator.cc:240] Allocator almost full. Allocator Stats. Total: 17179869184 Free: 4293769216 Peak: 0
Outstanding :: 1048576: 0 1024: 8 16384: 0 2097152: 0 524288: 0 262144: 0 8388608: 1533 
Free :: 1048576: 4 2097152: 4 16384: 8 1024: 10 262144: 4 524288: 8 8388608: 0 
I0909 08:45:15.700131     786 grpc_transport.cc:1743] [MEGASCALE_TRANSPORT_INSTR] SendRpc: key=ppermute.3_0|s100000->200000d|$c12$l619030716^i0 size=8388608 queue_latency_us=0 attempt=0
I0909 08:45:15.702459    1356 grpc_transport.cc:1743] [MEGASCALE_TRANSPORT_INSTR] SendRpc: key=ppermute.3_0|s100001->200001d|$c25$l619030716^i0 size=8388608 queue_latency_us=0 attempt=0
I0909 08:45:15.708330    1349 grpc_transport.cc:1743] [MEGASCALE_TRANSPORT_INSTR] SendRpc: key=ppermute.3_0|s100001->200001d|$c11$l619030717^i0 size=8388608 queue_latency_us=0 attempt=0
I0909 08:45:15.711760    1339 grpc_transport.cc:1743] [MEGASCALE_TRANSPORT_INSTR] SendRpc: key=ppermute.3_0|s100004->200004d|$c2$l619030717^i0 size=8388608 queue_latency_us=0 attempt=0
I0909 08:45:15.713899     814 grpc_transport.cc:1743] [MEGASCALE_TRANSPORT_INSTR] SendRpc: key=ppermute.3_0|s100007->200007d|$c8$l619030717^i0 size=8388608 queue_latency_us=0 attempt=0
I0909 08:45:15.719395     790 grpc_transport.cc:1743] [MEGASCALE_TRANSPORT_INSTR] SendRpc: key=ppermute.3_0|s100004->200004d|$c13$l619030718^i0 size=8388608 queue_latency_us=0 attempt=0
I0909 08:45:15.721803    1347 grpc_transport.cc:1743] [MEGASCALE_TRANSPORT_INSTR] SendRpc: key=ppermute.3_0|s100004->200004d|$c20$l619030718^i0 size=8388608 queue_latency_us=0 attempt=0
I0909 08:45:15.729142    1359 grpc_transport.cc:1743] [MEGASCALE_TRANSPORT_INSTR] SendRpc: key=ppermute.3_0|s100005->200005d|$c8$l619030719^i0 size=8388608 queue_latency_us=0 attempt=0
I0909 08:45:15.733429     811 grpc_transport.cc:1743] [MEGASCALE_TRANSPORT_INSTR] SendRpc: key=ppermute.3_0|s100002->200002d|$c16$l619030719^i0 size=8388608 queue_latency_us=0 attempt=0
I0909 08:45:15.735647    1348 grpc_transport.cc:1743] [MEGASCALE_TRANSPORT_INSTR] SendRpc: key=ppermute.3_0|s100003->200003d|$c22$l619030719^i0 size=8388608 queue_latency_us=0 attempt=0
I0909 08:45:15.743161    1342 grpc_transport.cc:1743] [MEGASCALE_TRANSPORT_INSTR] SendRpc: key=ppermute.3_0|s100005->200005d|$c13$l619030720^i0 size=8388608 queue_latency_us=0 attempt=0
I0909 08:45:15.746290    1347 grpc_transport.cc:1743] [MEGASCALE_TRANSPORT_INSTR] SendRpc: key=ppermute.3_0|s100000->200000d|$c29$l619030720^i0 size=8388608 queue_latency_us=0 attempt=0
I0909 08:45:15.748205    1343 grpc_transport.cc:1743] [MEGASCALE_TRANSPORT_INSTR] SendRpc: key=ppermute.3_0|s100003->200003d|$c29$l619030720^i0 size=8388608 queue_latency_us=0 attempt=0
E0909 08:45:15.748959    1391 block_allocator.cc:227] Allocator failed to allocate: 8388608 bytes Allocator Stats. Total: 17179869184 Free: 7190528 Peak: 0
Outstanding :: 1048576: 0 1024: 8 16384: 0 2097152: 0 524288: 0 262144: 0 8388608: 2045 
Free :: 1048576: 4 2097152: 4 16384: 8 1024: 10 262144: 4 524288: 8 8388608: 0 
W0909 08:45:15.749056    1391 communication_backend.cc:254] Allocation from allocator failed. Bytes:8388608 Error: RESOURCE_EXHAUSTED: Unable to allocate buffer of size: 8388608
=== Source Location Trace: ===
platforms/xla/megascale/runtime/common/block_allocator.cc:231
I0909 08:45:15.753940    1352 grpc_transport.cc:1743] [MEGASCALE_TRANSPORT_INSTR] SendRpc: key=ppermute.3_0|s100004->200004d|$c25$l619030721^i0 size=8388608 queue_latency_us=0 attempt=0
I0909 08:45:15.780078     800 grpc_transport.cc:1743] [MEGASCALE_TRANSPORT_INSTR] SendRpc: key=ppermute.3_0|s100003->200003d|$c12$l619030721^i0 size=8388608 queue_latency_us=0 attempt=0
I0909 08:45:15.789965     783 grpc_transport.cc:1743] [MEGASCALE_TRANSPORT_INSTR] SendRpc: key=ppermute.3_0|s100005->200005d|$c13$l619030722^i0 size=8388608 queue_latency_us=0 attempt=0
I0909 08:45:15.816565    1358 grpc_transport.cc:1743] [MEGASCALE_TRANSPORT_INSTR] SendRpc: key=ppermute.3_0|s100003->200003d|$c11$l619030722^i0 size=8388608 queue_latency_us=0 attempt=0
I0909 08:45:15.825185    1339 grpc_transport.cc:1743] [MEGASCALE_TRANSPORT_INSTR] SendRpc: key=ppermute.3_0|s100007->200007d|$c17$l619030722^i0 size=8388608 queue_latency_us=0 attempt=0
I0909 08:45:15.838546     784 grpc_transport.cc:1743] [MEGASCALE_TRANSPORT_INSTR] SendRpc: key=ppermute.3_0|s100005->200005d|$c17$l619030723^i0 size=8388608 queue_latency_us=0 attempt=0
I0909 08:45:15.851002    1340 grpc_transport.cc:1743] [MEGASCALE_TRANSPORT_INSTR] SendRpc: key=ppermute.3_0|s100006->200006d|$c18$l619030723^i0 size=8388608 queue_latency_us=0 attempt=0
I0909 08:45:15.874367    1342 grpc_transport.cc:1743] [MEGASCALE_TRANSPORT_INSTR] SendRpc: key=ppermute.3_0|s100004->200004d|$c16$l619030724^i0 size=8388608 queue_latency_us=0 attempt=0
I0909 08:45:15.891078     800 grpc_transport.cc:1743] [MEGASCALE_TRANSPORT_INSTR] SendRpc: key=ppermute.3_0|s100006->200006d|$c17$l619030724^i0 size=8388608 queue_latency_us=0 attempt=0
I0909 08:45:15.902166    1340 grpc_transport.cc:1743] [MEGASCALE_TRANSPORT_INSTR] SendRpc: key=ppermute.3_0|s100002->200002d|$c8$l619030724^i0 size=8388608 queue_latency_us=0 attempt=0
I0909 08:45:15.921191    1344 grpc_transport.cc:1743] [MEGASCALE_TRANSPORT_INSTR] SendRpc: key=ppermute.3_0|s100000->200000d|$c0$l619030725^i0 size=8388608 queue_latency_us=0 attempt=0
I0909 08:45:15.927378    1341 grpc_transport.cc:1743] [MEGASCALE_TRANSPORT_INSTR] SendRpc: key=ppermute.3_0|s100007->200007d|$c24$l619030725^i0 size=8388608 queue_latency_us=0 attempt=0
I0909 08:45:15.954278    1342 grpc_transport.cc:1743] [MEGASCALE_TRANSPORT_INSTR] SendRpc: key=ppermute.3_0|s100000->200000d|$c31$l619030726^i0 size=8388608 queue_latency_us=0 attempt=0
I0909 08:45:15.967754     800 grpc_transport.cc:1743] [MEGASCALE_TRANSPORT_INSTR] SendRpc: key=ppermute.3_0|s100007->200007d|$c3$l619030726^i0 size=8388608 queue_latency_us=0 attempt=0
I0909 08:45:15.974267    1337 grpc_transport.cc:1743] [MEGASCALE_TRANSPORT_INSTR] SendRpc: key=ppermute.3_0|s100006->200006d|$c28$l619030726^i0 size=8388608 queue_latency_us=0 attempt=0
I0909 08:45:15.996065    1359 grpc_transport.cc:1743] [MEGASCALE_TRANSPORT_INSTR] SendRpc: key=ppermute.3_0|s100001->200001d|$c13$l619030727^i0 size=8388608 queue_latency_us=0 attempt=0
I0909 08:45:16.010230    1339 grpc_transport.cc:1743] [MEGASCALE_TRANSPORT_INSTR] SendRpc: key=ppermute.3_0|s100002->200002d|$c23$l619030727^i0 size=8388608 queue_latency_us=0 attempt=0
I0909 08:45:16.032166     800 grpc_transport.cc:1743] [MEGASCALE_TRANSPORT_INSTR] SendRpc: key=ppermute.3_0|s100003->200003d|$c16$l619030728^i0 size=8388608 queue_latency_us=0 attempt=0
I0909 08:45:16.045656     802 grpc_transport.cc:1743] [MEGASCALE_TRANSPORT_INSTR] SendRpc: key=ppermute.3_0|s100006->200006d|$c29$l619030728^i0 size=8388608 queue_latency_us=0 attempt=0
I0909 08:45:16.052986    1342 grpc_transport.cc:1743] [MEGASCALE_TRANSPORT_INSTR] SendRpc: key=ppermute.3_0|s100000->200000d|$c27$l619030728^i0 size=8388608 queue_latency_us=0 attempt=0
I0909 08:45:16.079293    1352 grpc_transport.cc:1743] [MEGASCALE_TRANSPORT_INSTR] SendRpc: key=ppermute.3_0|s100000->200000d|$c2$l619030729^i0 size=8388608 queue_latency_us=0 attempt=0
I0909 08:45:16.085354    1352 grpc_transport.cc:1743] [MEGASCALE_TRANSPORT_INSTR] SendRpc: key=ppermute.3_0|s100005->200005d|$c25$l619030729^i0 size=8388608 queue_latency_us=0 attempt=0
I0909 08:45:16.092823    1338 grpc_transport.cc:1743] [MEGASCALE_TRANSPORT_INSTR] SendRpc: key=ppermute.3_0|s100003->200003d|$c31$l619030729^i0 size=8388608 queue_latency_us=0 attempt=0
I0909 08:45:16.119772     801 grpc_transport.cc:1743] [MEGASCALE_TRANSPORT_INSTR] SendRpc: key=ppermute.3_0|s100007->200007d|$c21$l619030730^i0 size=8388608 queue_latency_us=0 attempt=0
I0909 08:45:16.133754     800 grpc_transport.cc:1743] [MEGASCALE_TRANSPORT_INSTR] SendRpc: key=ppermute.3_0|s100002->200002d|$c17$l619030730^i0 size=8388608 queue_latency_us=0 attempt=0
I0909 08:45:16.152288    1349 grpc_transport.cc:1743] [MEGASCALE_TRANSPORT_INSTR] SendRpc: key=ppermute.3_0|s100001->200001d|$c22$l619030731^i0 size=8388608 queue_latency_us=0 attempt=0
I0909 08:45:16.166886    1358 grpc_transport.cc:1743] [MEGASCALE_TRANSPORT_INSTR] SendRpc: key=ppermute.3_0|s100007->200007d|$c19$l619030731^i0 size=8388608 queue_latency_us=0 attempt=0
I0909 08:45:16.182684     800 grpc_transport.cc:1743] [MEGASCALE_TRANSPORT_INSTR] SendRpc: key=ppermute.3_0|s100003->200003d|$c8$l619030731^i0 size=8388608 queue_latency_us=0 attempt=0
I0909 08:45:16.195526    1352 grpc_transport.cc:1743] [MEGASCALE_TRANSPORT_INSTR] SendRpc: key=ppermute.3_0|s100005->200005d|$c1$l619030732^i0 size=8388608 queue_latency_us=0 attempt=0
I0909 08:45:16.213866    1339 grpc_transport.cc:1743] [MEGASCALE_TRANSPORT_INSTR] SendRpc: key=ppermute.3_0|s100007->200007d|$c27$l619030732^i0 size=8388608 queue_latency_us=0 attempt=0
I0909 08:45:16.230890    1344 grpc_transport.cc:1743] [MEGASCALE_TRANSPORT_INSTR] SendRpc: key=ppermute.3_0|s100000->200000d|$c5$l619030733^i0 size=8388608 queue_latency_us=0 attempt=0
I0909 08:45:16.240832    1337 grpc_transport.cc:1743] [MEGASCALE_TRANSPORT_INSTR] SendRpc: key=ppermute.3_0|s100007->200007d|$c29$l619030733^i0 size=8388608 queue_latency_us=0 attempt=0
I0909 08:45:16.259319    1348 grpc_transport.cc:1743] [MEGASCALE_TRANSPORT_INSTR] SendRpc: key=ppermute.3_0|s100003->200003d|$c4$l619030733^i0 size=8388608 queue_latency_us=0 attempt=0
I0909 08:45:16.270844     784 grpc_transport.cc:1743] [MEGASCALE_TRANSPORT_INSTR] SendRpc: key=ppermute.3_0|s100005->200005d|$c4$l619030734^i0 size=8388608 queue_latency_us=0 attempt=0
I0909 08:45:16.290179    1343 grpc_transport.cc:1743] [MEGASCALE_TRANSPORT_INSTR] SendRpc: key=ppermute.3_0|s100003->200003d|$c12$l619030734^i0 size=8388608 queue_latency_us=0 attempt=0
I0909 08:45:16.305097    1344 grpc_transport.cc:1743] [MEGASCALE_TRANSPORT_INSTR] SendRpc: key=ppermute.3_0|s100001->200001d|$c5$l619030735^i0 size=8388608 queue_latency_us=0 attempt=0
I0909 08:45:16.312438    1342 grpc_transport.cc:1743] [MEGASCALE_TRANSPORT_INSTR] SendRpc: key=ppermute.3_0|s100000->200000d|$c0$l619030735^i0 size=8388608 queue_latency_us=0 attempt=0
I0909 08:45:16.334610    1482 grpc_transport.cc:1743] [MEGASCALE_TRANSPORT_INSTR] SendRpc: key=ppermute.3_0|s100003->200003d|$c27$l619030735^i0 size=8388608 queue_latency_us=0 attempt=0
I0909 08:45:16.350962     787 grpc_transport.cc:1743] [MEGASCALE_TRANSPORT_INSTR] SendRpc: key=ppermute.3_0|s100005->200005d|$c10$l619030736^i0 size=8388608 queue_latency_us=0 attempt=0
I0909 08:45:16.368142    1338 grpc_transport.cc:1743] [MEGASCALE_TRANSPORT_INSTR] SendRpc: key=ppermute.3_0|s100007->200007d|$c29$l619030736^i0 size=8388608 queue_latency_us=0 attempt=0
I0909 08:45:16.383328    1351 grpc_transport.cc:1743] [MEGASCALE_TRANSPORT_INSTR] SendRpc: key=ppermute.3_0|s100004->200004d|$c13$l619030737^i0 size=8388608 queue_latency_us=0 attempt=0
I0909 08:45:16.390501    1344 grpc_transport.cc:1743] [MEGASCALE_TRANSPORT_INSTR] SendRpc: key=ppermute.3_0|s100005->200005d|$c13$l619030737^i0 size=8388608 queue_latency_us=0 attempt=0
I0909 08:45:16.413771    1341 grpc_transport.cc:1743] [MEGASCALE_TRANSPORT_INSTR] SendRpc: key=ppermute.3_0|s100003->200003d|$c12$l619030737^i0 size=8388608 queue_latency_us=0 attempt=0
I0909 08:45:16.424833     787 grpc_transport.cc:1743] [MEGASCALE_TRANSPORT_INSTR] SendRpc: key=ppermute.3_0|s100005->200005d|$c0$l619030738^i0 size=8388608 queue_latency_us=0 attempt=0
I0909 08:45:16.451556     800 grpc_transport.cc:1743] [MEGASCALE_TRANSPORT_INSTR] SendRpc: key=ppermute.3_0|s100002->200002d|$c10$l619030738^i0 size=8388608 queue_latency_us=0 attempt=0
I0909 08:45:16.457457    1339 grpc_transport.cc:1743] [MEGASCALE_TRANSPORT_INSTR] SendRpc: key=ppermute.3_0|s100003->200003d|$c0$l619030738^i0 size=8388608 queue_latency_us=0 attempt=0
I0909 08:45:16.468304    1354 grpc_transport.cc:1743] [MEGASCALE_TRANSPORT_INSTR] SendRpc: key=ppermute.3_0|s100005->200005d|$c2$l619030739^i0 size=8388608 queue_latency_us=0 attempt=0
I0909 08:45:16.494758    1339 grpc_transport.cc:1743] [MEGASCALE_TRANSPORT_INSTR] SendRpc: key=ppermute.3_0|s100007->200007d|$c23$l619030739^i0 size=8388608 queue_latency_us=0 attempt=0
I0909 08:45:16.503739    1342 grpc_transport.cc:1743] [MEGASCALE_TRANSPORT_INSTR] SendRpc: key=ppermute.3_0|s100000->200000d|$c0$l619030740^i0 size=8388608 queue_latency_us=0 attempt=0
I0909 08:45:16.527095    1341 grpc_transport.cc:1743] [MEGASCALE_TRANSPORT_INSTR] SendRpc: key=ppermute.3_0|s100003->200003d|$c9$l619030740^i0 size=8388608 queue_latency_us=0 attempt=0
I0909 08:45:16.543699    1363 grpc_transport.cc:1743] [MEGASCALE_TRANSPORT_INSTR] SendRpc: key=ppermute.3_0|s100006->200006d|$c3$l619030740^i0 size=8388608 queue_latency_us=0 attempt=0
I0909 08:45:16.551962     783 grpc_transport.cc:1743] [MEGASCALE_TRANSPORT_INSTR] SendRpc: key=ppermute.3_0|s100004->200004d|$c11$l619030741^i0 size=8388608 queue_latency_us=0 attempt=0
I0909 08:45:16.577124    1343 grpc_transport.cc:1743] [MEGASCALE_TRANSPORT_INSTR] SendRpc: key=ppermute.3_0|s100002->200002d|$c1$l619030741^i0 size=8388608 queue_latency_us=0 attempt=0
I0909 08:45:16.587518    1346 grpc_transport.cc:1743] [MEGASCALE_TRANSPORT_INSTR] SendRpc: key=ppermute.3_0|s100004->200004d|$c14$l619030742^i0 size=8388608 queue_latency_us=0 attempt=0
I0909 08:45:16.612736    1343 grpc_transport.cc:1743] [MEGASCALE_TRANSPORT_INSTR] SendRpc: key=ppermute.3_0|s100002->200002d|$c23$l619030742^i0 size=8388608 queue_latency_us=0 attempt=0
I0909 08:45:16.629110    1345 grpc_transport.cc:1743] [MEGASCALE_TRANSPORT_INSTR] SendRpc: key=ppermute.3_0|s100006->200006d|$c20$l619030742^i0 size=8388608 queue_latency_us=0 attempt=0
I0909 08:45:16.636261     783 grpc_transport.cc:1743] [MEGASCALE_TRANSPORT_INSTR] SendRpc: key=ppermute.3_0|s100001->200001d|$c5$l619030743^i0 size=8388608 queue_latency_us=0 attempt=0
I0909 08:45:16.662169    1345 grpc_transport.cc:1743] [MEGASCALE_TRANSPORT_INSTR] SendRpc: key=ppermute.3_0|s100007->200007d|$c18$l619030743^i0 size=8388608 queue_latency_us=0 attempt=0
I0909 08:45:16.678591     783 grpc_transport.cc:1743] [MEGASCALE_TRANSPORT_INSTR] SendRpc: key=ppermute.3_0|s100001->200001d|$c18$l619030744^i0 size=8388608 queue_latency_us=0 attempt=0
I0909 08:45:16.685150    1348 grpc_transport.cc:1743] [MEGASCALE_TRANSPORT_INSTR] SendRpc: key=ppermute.3_0|s100004->200004d|$c2$l619030744^i0 size=8388608 queue_latency_us=0 attempt=0
I0909 08:45:16.713189    1348 grpc_transport.cc:1743] [MEGASCALE_TRANSPORT_INSTR] SendRpc: key=ppermute.3_0|s100002->200002d|$c26$l619030744^i0 size=8388608 queue_latency_us=0 attempt=0
I0909 08:45:16.723852     785 grpc_transport.cc:1743] [MEGASCALE_TRANSPORT_INSTR] SendRpc: key=ppermute.3_0|s100001->200001d|$c16$l619030745^i0 size=8388608 queue_latency_us=0 attempt=0
I0909 08:45:16.751211    1348 grpc_transport.cc:1743] [MEGASCALE_TRANSPORT_INSTR] SendRpc: key=ppermute.3_0|s100003->200003d|$c10$l619030745^i0 size=8388608 queue_latency_us=0 attempt=0
I0909 08:45:16.765748     784 grpc_transport.cc:1743] [MEGASCALE_TRANSPORT_INSTR] SendRpc: key=ppermute.3_0|s100000->200000d|$c7$l619030746^i0 size=8388608 queue_latency_us=0 attempt=0
I0909 08:45:16.773746    1361 grpc_transport.cc:1743] [MEGASCALE_TRANSPORT_INSTR] SendRpc: key=ppermute.3_0|s100005->200005d|$c17$l619030746^i0 size=8388608 queue_latency_us=0 attempt=0
I0909 08:45:16.802252    1341 grpc_transport.cc:1743] [MEGASCALE_TRANSPORT_INSTR] SendRpc: key=ppermute.3_0|s100007->200007d|$c25$l619030746^i0 size=8388608 queue_latency_us=0 attempt=0
I0909 08:45:16.808405    1352 grpc_transport.cc:1743] [MEGASCALE_TRANSPORT_INSTR] SendRpc: key=ppermute.3_0|s100004->200004d|$c13$l619030747^i0 size=8388608 queue_latency_us=0 attempt=0
I0909 08:45:16.826366    1338 grpc_transport.cc:1743] [MEGASCALE_TRANSPORT_INSTR] SendRpc: key=ppermute.3_0|s100006->200006d|$c15$l619030747^i0 size=8388608 queue_latency_us=0 attempt=0
I0909 08:45:16.840402    1482 grpc_transport.cc:1743] [MEGASCALE_TRANSPORT_INSTR] SendRpc: key=ppermute.3_0|s100002->200002d|$c29$l619030747^i0 size=8388608 queue_latency_us=0 attempt=0
I0909 08:45:16.855101     783 grpc_transport.cc:1743] [MEGASCALE_TRANSPORT_INSTR] SendRpc: key=ppermute.3_0|s100005->200005d|$c28$l619030748^i0 size=8388608 queue_latency_us=0 attempt=0
I0909 08:45:16.881611    1364 grpc_transport.cc:1743] [MEGASCALE_TRANSPORT_INSTR] SendRpc: key=ppermute.3_0|s100003->200003d|$c19$l619030748^i0 size=8388608 queue_latency_us=0 attempt=0
I0909 08:45:16.888342    1344 grpc_transport.cc:1743] [MEGASCALE_TRANSPORT_INSTR] SendRpc: key=ppermute.3_0|s100005->200005d|$c12$l619030749^i0 size=8388608 queue_latency_us=0 attempt=0
I0909 08:45:16.908231    1345 grpc_transport.cc:1743] [MEGASCALE_TRANSPORT_INSTR] SendRpc: key=ppermute.3_0|s100007->200007d|$c18$l619030749^i0 size=8388608 queue_latency_us=0 attempt=0
I0909 08:45:16.931474    1351 grpc_transport.cc:1743] [MEGASCALE_TRANSPORT_INSTR] SendRpc: key=ppermute.3_0|s100002->200002d|$c24$l619030749^i0 size=8388608 queue_latency_us=0 attempt=0
I0909 08:45:16.938701    1350 grpc_transport.cc:1743] [MEGASCALE_TRANSPORT_INSTR] SendRpc: key=ppermute.3_0|s100001->200001d|$c22$l619030750^i0 size=8388608 queue_latency_us=0 attempt=0
I0909 08:45:16.972916    1353 grpc_transport.cc:1743] [MEGASCALE_TRANSPORT_INSTR] SendRpc: key=ppermute.3_0|s100002->200002d|$c7$l619030750^i0 size=8388608 queue_latency_us=0 attempt=0
I0909 08:45:16.984610     787 grpc_transport.cc:1743] [MEGASCALE_TRANSPORT_INSTR] SendRpc: key=ppermute.3_0|s100001->200001d|$c7$l619030751^i0 size=8388608 queue_latency_us=0 attempt=0
I0909 08:45:17.013787     800 grpc_transport.cc:1743] [MEGASCALE_TRANSPORT_INSTR] SendRpc: key=ppermute.3_0|s100006->200006d|$c26$l619030751^i0 size=8388608 queue_latency_us=0 attempt=0
I0909 08:45:17.023800    1339 grpc_transport.cc:1743] [MEGASCALE_TRANSPORT_INSTR] SendRpc: key=ppermute.3_0|s100003->200003d|$c18$l619030751^i0 size=8388608 queue_latency_us=0 attempt=0
I0909 08:45:17.030661    1342 grpc_transport.cc:1743] [MEGASCALE_TRANSPORT_INSTR] SendRpc: key=ppermute.3_0|s100000->200000d|$c15$l619030752^i0 size=8388608 queue_latency_us=0 attempt=0
I0909 08:45:17.066660    1358 grpc_transport.cc:1743] [MEGASCALE_TRANSPORT_INSTR] SendRpc: key=ppermute.3_0|s100002->200002d|$c4$l619030752^i0 size=8388608 queue_latency_us=0 attempt=0
I0909 08:45:17.074239    1344 grpc_transport.cc:1743] [MEGASCALE_TRANSPORT_INSTR] SendRpc: key=ppermute.3_0|s100005->200005d|$c9$l619030753^i0 size=8388608 queue_latency_us=0 attempt=0
I0909 08:45:17.080177    1346 grpc_transport.cc:1743] [MEGASCALE_TRANSPORT_INSTR] SendRpc: key=ppermute.3_0|s100001->200001d|$c27$l619030753^i0 size=8388608 queue_latency_us=0 attempt=0
I0909 08:45:17.112488    1343 grpc_transport.cc:1743] [MEGASCALE_TRANSPORT_INSTR] SendRpc: key=ppermute.3_0|s100002->200002d|$c6$l619030753^i0 size=8388608 queue_latency_us=0 attempt=0
I0909 08:45:17.122004    1346 grpc_transport.cc:1743] [MEGASCALE_TRANSPORT_INSTR] SendRpc: key=ppermute.3_0|s100001->200001d|$c10$l619030754^i0 size=8388608 queue_latency_us=0 attempt=0
I0909 08:45:17.160206    1337 grpc_transport.cc:1743] [MEGASCALE_TRANSPORT_INSTR] SendRpc: key=ppermute.3_0|s100007->200007d|$c24$l619030754^i0 size=8388608 queue_latency_us=0 attempt=0
I0909 08:45:17.171440    1481 grpc_transport.cc:1743] [MEGASCALE_TRANSPORT_INSTR] SendRpc: key=ppermute.3_0|s100005->200005d|$c5$l619030755^i0 size=8388608 queue_latency_us=0 attempt=0
I0909 08:45:17.175882    1346 grpc_transport.cc:1743] [MEGASCALE_TRANSPORT_INSTR] SendRpc: key=ppermute.3_0|s100000->200000d|$c28$l619030755^i0 size=8388608 queue_latency_us=0 attempt=0
I0909 08:45:17.211630     800 grpc_transport.cc:1743] [MEGASCALE_TRANSPORT_INSTR] SendRpc: key=ppermute.3_0|s100007->200007d|$c21$l619030755^i0 size=8388608 queue_latency_us=0 attempt=0
I0909 08:45:17.218183     783 grpc_transport.cc:1743] [MEGASCALE_TRANSPORT_INSTR] SendRpc: key=ppermute.3_0|s100001->200001d|$c10$l619030756^i0 size=8388608 queue_latency_us=0 attempt=0
I0909 08:45:17.245650    1337 grpc_transport.cc:1743] [MEGASCALE_TRANSPORT_INSTR] SendRpc: key=ppermute.3_0|s100007->200007d|$c8$l619030756^i0 size=8388608 queue_latency_us=0 attempt=0
I0909 08:45:17.259015     800 grpc_transport.cc:1743] [MEGASCALE_TRANSPORT_INSTR] SendRpc: key=ppermute.3_0|s100003->200003d|$c3$l619030756^i0 size=8388608 queue_latency_us=0 attempt=0
I0909 08:45:17.266294     783 grpc_transport.cc:1743] [MEGASCALE_TRANSPORT_INSTR] SendRpc: key=ppermute.3_0|s100004->200004d|$c25$l619030757^i0 size=8388608 queue_latency_us=0 attempt=0
I0909 08:45:17.303440    1339 grpc_transport.cc:1743] [MEGASCALE_TRANSPORT_INSTR] SendRpc: key=ppermute.3_0|s100006->200006d|$c9$l619030757^i0 size=8388608 queue_latency_us=0 attempt=0
I0909 08:45:17.309800    1344 grpc_transport.cc:1743] [MEGASCALE_TRANSPORT_INSTR] SendRpc: key=ppermute.3_0|s100005->200005d|$c6$l619030758^i0 size=8388608 queue_latency_us=0 attempt=0
I0909 08:45:17.328274    1345 grpc_transport.cc:1743] [MEGASCALE_TRANSPORT_INSTR] SendRpc: key=ppermute.3_0|s100007->200007d|$c16$l619030758^i0 size=8388608 queue_latency_us=0 attempt=0
I0909 08:45:17.346766    1362 grpc_transport.cc:1743] [MEGASCALE_TRANSPORT_INSTR] SendRpc: key=ppermute.3_0|s100003->200003d|$c10$l619030758^i0 size=8388608 queue_latency_us=0 attempt=0
I0909 08:45:17.353810    1344 grpc_transport.cc:1743] [MEGASCALE_TRANSPORT_INSTR] SendRpc: key=ppermute.3_0|s100005->200005d|$c18$l619030759^i0 size=8388608 queue_latency_us=0 attempt=0
I0909 08:45:17.389179    1351 grpc_transport.cc:1743] [MEGASCALE_TRANSPORT_INSTR] SendRpc: key=ppermute.3_0|s100003->200003d|$c8$l619030759^i0 size=8388608 queue_latency_us=0 attempt=0
I0909 08:45:17.394837     804 grpc_transport.cc:1743] [MEGASCALE_TRANSPORT_INSTR] SendRpc: key=ppermute.3_0|s100004->200004d|$c7$l619030760^i0 size=8388608 queue_latency_us=0 attempt=0
I0909 08:45:17.400755    1350 grpc_transport.cc:1743] [MEGASCALE_TRANSPORT_INSTR] SendRpc: key=ppermute.3_0|s100000->200000d|$c31$l619030760^i0 size=8388608 queue_latency_us=0 attempt=0
I0909 08:45:17.437104    1337 grpc_transport.cc:1743] [MEGASCALE_TRANSPORT_INSTR] SendRpc: key=ppermute.3_0|s100007->200007d|$c17$l619030760^i0 size=8388608 queue_latency_us=0 attempt=0
I0909 08:45:17.443535    1346 grpc_transport.cc:1743] [MEGASCALE_TRANSPORT_INSTR] SendRpc: key=ppermute.3_0|s100004->200004d|$c16$l619030761^i0 size=8388608 queue_latency_us=0 attempt=0
I0909 08:45:17.480121    1353 grpc_transport.cc:1743] [MEGASCALE_TRANSPORT_INSTR] SendRpc: key=ppermute.3_0|s100006->200006d|$c18$l619030761^i0 size=8388608 queue_latency_us=0 attempt=0
DCN_TIMING_WARMUP {"collective_ms_per_iteration": 32.37203983395981, "collective_ms_total": 1942.3223900375888, "device_wait_ms_total": 1389.5229060435668, "dispatch_ms_total": 552.799483994022, "experiment": "pi_C2_poisoned", "label": "google_ppermute_uni_p8_d16384", "rank": 0, "warmups": 60}
I0909 08:45:18.592591     800 grpc_transport.cc:1743] [MEGASCALE_TRANSPORT_INSTR] SendRpc: key=ppermute.3_0|s100003->200003d|$c1$l619030762^i0 size=8388608 queue_latency_us=0 attempt=0
I0909 08:45:18.596815    1339 grpc_transport.cc:1743] [MEGASCALE_TRANSPORT_INSTR] SendRpc: key=ppermute.3_0|s100003->200003d|$c17$l619030762^i0 size=8388608 queue_latency_us=0 attempt=0
I0909 08:45:18.601089    1344 grpc_transport.cc:1743] [MEGASCALE_TRANSPORT_INSTR] SendRpc: key=ppermute.3_0|s100000->200000d|$c18$l619030762^i0 size=8388608 queue_latency_us=0 attempt=0
I0909 08:45:18.610564    1483 grpc_transport.cc:1743] [MEGASCALE_TRANSPORT_INSTR] SendRpc: key=ppermute.3_0|s100003->200003d|$c1$l619030763^i0 size=8388608 queue_latency_us=0 attempt=0
I0909 08:45:18.613988    1349 grpc_transport.cc:1743] [MEGASCALE_TRANSPORT_INSTR] SendRpc: key=ppermute.3_0|s100001->200001d|$c23$l619030763^i0 size=8388608 queue_latency_us=0 attempt=0
I0909 08:45:18.617482    1493 grpc_transport.cc:1743] [MEGASCALE_TRANSPORT_INSTR] SendRpc: key=ppermute.3_0|s100007->200007d|$c26$l619030763^i0 size=8388608 queue_latency_us=0 attempt=0
I0909 08:45:18.625575    1491 grpc_transport.cc:1743] [MEGASCALE_TRANSPORT_INSTR] SendRpc: key=ppermute.3_0|s100005->200005d|$c10$l619030764^i0 size=8388608 queue_latency_us=0 attempt=0
I0909 08:45:18.629571     815 grpc_transport.cc:1743] [MEGASCALE_TRANSPORT_INSTR] SendRpc: key=ppermute.3_0|s100004->200004d|$c22$l619030764^i0 size=8388608 queue_latency_us=0 attempt=0
I0909 08:45:18.635305     811 grpc_transport.cc:1743] [MEGASCALE_TRANSPORT_INSTR] SendRpc: key=ppermute.3_0|s100006->200006d|$c6$l619030765^i0 size=8388608 queue_latency_us=0 attempt=0
I0909 08:45:18.639492    1558 grpc_transport.cc:1743] [MEGASCALE_TRANSPORT_INSTR] SendRpc: key=ppermute.3_0|s100005->200005d|$c19$l619030765^i0 size=8388608 queue_latency_us=0 attempt=0
I0909 08:45:18.641774    1356 grpc_transport.cc:1743] [MEGASCALE_TRANSPORT_INSTR] SendRpc: key=ppermute.3_0|s100004->200004d|$c24$l619030765^i0 size=8388608 queue_latency_us=0 attempt=0
I0909 08:45:18.649705    1355 grpc_transport.cc:1743] [MEGASCALE_TRANSPORT_INSTR] SendRpc: key=ppermute.3_0|s100007->200007d|$c5$l619030766^i0 size=8388608 queue_latency_us=0 attempt=0
I0909 08:45:18.652788     791 grpc_transport.cc:1743] [MEGASCALE_TRANSPORT_INSTR] SendRpc: key=ppermute.3_0|s100005->200005d|$c25$l619030766^i0 size=8388608 queue_latency_us=0 attempt=0
I0909 08:45:18.660101    1575 grpc_transport.cc:1743] [MEGASCALE_TRANSPORT_INSTR] SendRpc: key=ppermute.3_0|s100005->200005d|$c11$l619030767^i0 size=8388608 queue_latency_us=0 attempt=0
I0909 08:45:18.664668     815 grpc_transport.cc:1743] [MEGASCALE_TRANSPORT_INSTR] SendRpc: key=ppermute.3_0|s100007->200007d|$c20$l619030767^i0 size=8388608 queue_latency_us=0 attempt=0
I0909 08:45:18.666984    1554 grpc_transport.cc:1743] [MEGASCALE_TRANSPORT_INSTR] SendRpc: key=ppermute.3_0|s100000->200000d|$c24$l619030767^i0 size=8388608 queue_latency_us=0 attempt=0
I0909 08:45:18.674232     808 grpc_transport.cc:1743] [MEGASCALE_TRANSPORT_INSTR] SendRpc: key=ppermute.3_0|s100007->200007d|$c11$l619030768^i0 size=8388608 queue_latency_us=0 attempt=0
I0909 08:45:18.677520     796 grpc_transport.cc:1743] [MEGASCALE_TRANSPORT_INSTR] SendRpc: key=ppermute.3_0|s100005->200005d|$c26$l619030768^i0 size=8388608 queue_latency_us=0 attempt=0
I0909 08:45:18.683831     800 grpc_transport.cc:1743] [MEGASCALE_TRANSPORT_INSTR] SendRpc: key=ppermute.3_0|s100003->200003d|$c0$l619030769^i0 size=8388608 queue_latency_us=0 attempt=0
I0909 08:45:18.688290    1357 grpc_transport.cc:1743] [MEGASCALE_TRANSPORT_INSTR] SendRpc: key=ppermute.3_0|s100001->200001d|$c30$l619030769^i0 size=8388608 queue_latency_us=0 attempt=0
I0909 08:45:18.691232    1362 grpc_transport.cc:1743] [MEGASCALE_TRANSPORT_INSTR] SendRpc: key=ppermute.3_0|s100006->200006d|$c20$l619030769^i0 size=8388608 queue_latency_us=0 attempt=0
I0909 08:45:18.699640    1349 grpc_transport.cc:1743] [MEGASCALE_TRANSPORT_INSTR] SendRpc: key=ppermute.3_0|s100004->200004d|$c10$l619030770^i0 size=8388608 queue_latency_us=0 attempt=0
I0909 08:45:18.702439     808 grpc_transport.cc:1743] [MEGASCALE_TRANSPORT_INSTR] SendRpc: key=ppermute.3_0|s100003->200003d|$c9$l619030770^i0 size=8388608 queue_latency_us=0 attempt=0
I0909 08:45:18.704680    1488 grpc_transport.cc:1743] [MEGASCALE_TRANSPORT_INSTR] SendRpc: key=ppermute.3_0|s100007->200007d|$c27$l619030770^i0 size=8388608 queue_latency_us=0 attempt=0
I0909 08:45:18.713607    1341 grpc_transport.cc:1743] [MEGASCALE_TRANSPORT_INSTR] SendRpc: key=ppermute.3_0|s100002->200002d|$c23$l619030771^i0 size=8388608 queue_latency_us=0 attempt=0
I0909 08:45:18.715435    1337 grpc_transport.cc:1743] [MEGASCALE_TRANSPORT_INSTR] SendRpc: key=ppermute.3_0|s100007->200007d|$c15$l619030771^i0 size=8388608 queue_latency_us=0 attempt=0
I0909 08:45:19.100114    1350 grpc_transport.cc:1414] [MEGASCALE_TRANSPORT_INSTR] Recv: key=all-reduce_0_rs_0_sr_0_1|s200000->100000d|$c0$l-1228319968^i0 size=512 is_single_chunk=true is_aligned=false memcpy_needed=true
DCN_TIMING_REP {"batch": 10, "collective_ms_per_iteration": 12.110270699486136, "dcn_rx_bytes": 13207798, "dcn_tx_bytes": 21522159562, "device_wait_ms_per_iteration": 11.706287402193993, "dispatch_ms_per_iteration": 0.4039832972921431, "end_barrier_ms": 389.4636839395389, "end_barrier_ms_per_iteration": 38.94636839395389, "experiment": "pi_C2_poisoned", "label": "google_ppermute_uni_p8_d16384", "legacy_ms_per_iteration": 51.056639093440026, "network_delta": {"cilium_host": {"rx_bytes": 0, "tx_bytes": 0}, "cilium_net": {"rx_bytes": 0, "tx_bytes": 0}, "docker0": {"rx_bytes": 0, "tx_bytes": 0}, "eth0": {"rx_bytes": 179, "tx_bytes": 66}, "eth1": {"rx_bytes": 6411687, "tx_bytes": 10216247231}, "eth2": {"rx_bytes": 6796111, "tx_bytes": 11305912331}, "lo": {"rx_bytes": 780, "tx_bytes": 780}, "lxc24139f804dfe": {"rx_bytes": 0, "tx_bytes": 0}, "lxc2a01d986850c": {"rx_bytes": 0, "tx_bytes": 0}, "lxc4aea7d2c7fcb": {"rx_bytes": 0, "tx_bytes": 0}, "lxcc0a8ef4be915": {"rx_bytes": 0, "tx_bytes": 0}, "lxcde9de6c6fd2b": {"rx_bytes": 0, "tx_bytes": 0}}, "rank": 0, "rep": 0}
I0909 08:45:19.108957    1345 grpc_transport.cc:1743] [MEGASCALE_TRANSPORT_INSTR] SendRpc: key=ppermute.3_0|s100006->200006d|$c7$l619030772^i0 size=8388608 queue_latency_us=0 attempt=0
I0909 08:45:19.113074    1359 grpc_transport.cc:1743] [MEGASCALE_TRANSPORT_INSTR] SendRpc: key=ppermute.3_0|s100000->200000d|$c0$l619030772^i0 size=8388608 queue_latency_us=0 attempt=0
I0909 08:45:19.117199     785 grpc_transport.cc:1743] [MEGASCALE_TRANSPORT_INSTR] SendRpc: key=ppermute.3_0|s100000->200000d|$c25$l619030772^i0 size=8388608 queue_latency_us=0 attempt=0
I0909 08:45:19.126741    1348 grpc_transport.cc:1743] [MEGASCALE_TRANSPORT_INSTR] SendRpc: key=ppermute.3_0|s100003->200003d|$c1$l619030773^i0 size=8388608 queue_latency_us=0 attempt=0
I0909 08:45:19.129634     812 grpc_transport.cc:1743] [MEGASCALE_TRANSPORT_INSTR] SendRpc: key=ppermute.3_0|s100007->200007d|$c18$l619030773^i0 size=8388608 queue_latency_us=0 attempt=0
I0909 08:45:19.137095    1561 grpc_transport.cc:1743] [MEGASCALE_TRANSPORT_INSTR] SendRpc: key=ppermute.3_0|s100004->200004d|$c17$l619030774^i0 size=8388608 queue_latency_us=0 attempt=0
I0909 08:45:19.141839     807 grpc_transport.cc:1743] [MEGASCALE_TRANSPORT_INSTR] SendRpc: key=ppermute.3_0|s100002->200002d|$c9$l619030774^i0 size=8388608 queue_latency_us=0 attempt=0
I0909 08:45:19.144028     797 grpc_transport.cc:1743] [MEGASCALE_TRANSPORT_INSTR] SendRpc: key=ppermute.3_0|s100000->200000d|$c28$l619030774^i0 size=8388608 queue_latency_us=0 attempt=0
I0909 08:45:19.152711     810 grpc_transport.cc:1743] [MEGASCALE_TRANSPORT_INSTR] SendRpc: key=ppermute.3_0|s100007->200007d|$c7$l619030775^i0 size=8388608 queue_latency_us=0 attempt=0
I0909 08:45:19.156131    1575 grpc_transport.cc:1743] [MEGASCALE_TRANSPORT_INSTR] SendRpc: key=ppermute.3_0|s100005->200005d|$c19$l619030775^i0 size=8388608 queue_latency_us=0 attempt=0
I0909 08:45:19.161757    1481 grpc_transport.cc:1743] [MEGASCALE_TRANSPORT_INSTR] SendRpc: key=ppermute.3_0|s100000->200000d|$c2$l619030776^i0 size=8388608 queue_latency_us=0 attempt=0
I0909 08:45:19.166785    1483 grpc_transport.cc:1743] [MEGASCALE_TRANSPORT_INSTR] SendRpc: key=ppermute.3_0|s100007->200007d|$c8$l619030776^i0 size=8388608 queue_latency_us=0 attempt=0
I0909 08:45:19.169121     796 grpc_transport.cc:1743] [MEGASCALE_TRANSPORT_INSTR] SendRpc: key=ppermute.3_0|s100004->200004d|$c31$l619030776^i0 size=8388608 queue_latency_us=0 attempt=0
I0909 08:45:19.177149    1349 grpc_transport.cc:1743] [MEGASCALE_TRANSPORT_INSTR] SendRpc: key=ppermute.3_0|s100000->200000d|$c10$l619030777^i0 size=8388608 queue_latency_us=0 attempt=0
I0909 08:45:19.180905    1502 grpc_transport.cc:1743] [MEGASCALE_TRANSPORT_INSTR] SendRpc: key=ppermute.3_0|s100002->200002d|$c17$l619030777^i0 size=8388608 queue_latency_us=0 attempt=0
I0909 08:45:19.183844    1614 grpc_transport.cc:1743] [MEGASCALE_TRANSPORT_INSTR] SendRpc: key=ppermute.3_0|s100005->200005d|$c21$l619030777^i0 size=8388608 queue_latency_us=0 attempt=0
I0909 08:45:19.191590     802 grpc_transport.cc:1743] [MEGASCALE_TRANSPORT_INSTR] SendRpc: key=ppermute.3_0|s100002->200002d|$c3$l619030778^i0 size=8388608 queue_latency_us=0 attempt=0
I0909 08:45:19.194600     810 grpc_transport.cc:1743] [MEGASCALE_TRANSPORT_INSTR] SendRpc: key=ppermute.3_0|s100003->200003d|$c24$l619030778^i0 size=8388608 queue_latency_us=0 attempt=0
I0909 08:45:19.200865     813 grpc_transport.cc:1743] [MEGASCALE_TRANSPORT_INSTR] SendRpc: key=ppermute.3_0|s100002->200002d|$c8$l619030779^i0 size=8388608 queue_latency_us=0 attempt=0
I0909 08:45:19.204775    1352 grpc_transport.cc:1743] [MEGASCALE_TRANSPORT_INSTR] SendRpc: key=ppermute.3_0|s100005->200005d|$c3$l619030779^i0 size=8388608 queue_latency_us=0 attempt=0
I0909 08:45:19.208148    1556 grpc_transport.cc:1743] [MEGASCALE_TRANSPORT_INSTR] SendRpc: key=ppermute.3_0|s100001->200001d|$c17$l619030779^i0 size=8388608 queue_latency_us=0 attempt=0
I0909 08:45:19.215439     790 grpc_transport.cc:1743] [MEGASCALE_TRANSPORT_INSTR] SendRpc: key=ppermute.3_0|s100005->200005d|$c5$l619030780^i0 size=8388608 queue_latency_us=0 attempt=0
I0909 08:45:19.218938     789 grpc_transport.cc:1743] [MEGASCALE_TRANSPORT_INSTR] SendRpc: key=ppermute.3_0|s100001->200001d|$c15$l619030780^i0 size=8388608 queue_latency_us=0 attempt=0
I0909 08:45:19.225213    1606 grpc_transport.cc:1743] [MEGASCALE_TRANSPORT_INSTR] SendRpc: key=ppermute.3_0|s100002->200002d|$c2$l619030781^i0 size=8388608 queue_latency_us=0 attempt=0
I0909 08:45:19.229014    1356 grpc_transport.cc:1743] [MEGASCALE_TRANSPORT_INSTR] SendRpc: key=ppermute.3_0|s100005->200005d|$c1$l619030781^i0 size=8388608 queue_latency_us=0 attempt=0
I0909 08:45:19.231069     795 grpc_transport.cc:1743] [MEGASCALE_TRANSPORT_INSTR] SendRpc: key=ppermute.3_0|s100004->200004d|$c18$l619030781^i0 size=8388608 queue_latency_us=0 attempt=0
DCN_TIMING_REP {"batch": 10, "collective_ms_per_iteration": 12.055601796600968, "dcn_rx_bytes": 15382106, "dcn_tx_bytes": 21508301342, "device_wait_ms_per_iteration": 11.595937795937061, "dispatch_ms_per_iteration": 0.45966400066390634, "end_barrier_ms": 360.63984897919, "end_barrier_ms_per_iteration": 36.063984897919, "experiment": "pi_C2_poisoned", "label": "google_ppermute_uni_p8_d16384", "legacy_ms_per_iteration": 48.11958669451997, "network_delta": {"cilium_host": {"rx_bytes": 0, "tx_bytes": 0}, "cilium_net": {"rx_bytes": 0, "tx_bytes": 0}, "docker0": {"rx_bytes": 0, "tx_bytes": 0}, "eth0": {"rx_bytes": 132, "tx_bytes": 132}, "eth1": {"rx_bytes": 8515166, "tx_bytes": 10753697514}, "eth2": {"rx_bytes": 6866940, "tx_bytes": 10754603828}, "lo": {"rx_bytes": 0, "tx_bytes": 0}, "lxc24139f804dfe": {"rx_bytes": 0, "tx_bytes": 0}, "lxc2a01d986850c": {"rx_bytes": 0, "tx_bytes": 0}, "lxc4aea7d2c7fcb": {"rx_bytes": 0, "tx_bytes": 0}, "lxcc0a8ef4be915": {"rx_bytes": 0, "tx_bytes": 0}, "lxcde9de6c6fd2b": {"rx_bytes": 0, "tx_bytes": 0}}, "rank": 0, "rep": 1}
I0909 08:45:19.596183    1355 grpc_transport.cc:1743] [MEGASCALE_TRANSPORT_INSTR] SendRpc: key=ppermute.3_0|s100003->200003d|$c14$l619030782^i0 size=8388608 queue_latency_us=0 attempt=0
I0909 08:45:19.600290    1612 grpc_transport.cc:1743] [MEGASCALE_TRANSPORT_INSTR] SendRpc: key=ppermute.3_0|s100000->200000d|$c6$l619030782^i0 size=8388608 queue_latency_us=0 attempt=0
I0909 08:45:19.604228    1340 grpc_transport.cc:1743] [MEGASCALE_TRANSPORT_INSTR] SendRpc: key=ppermute.3_0|s100006->200006d|$c31$l619030782^i0 size=8388608 queue_latency_us=0 attempt=0
I0909 08:45:19.613208    1616 grpc_transport.cc:1743] [MEGASCALE_TRANSPORT_INSTR] SendRpc: key=ppermute.3_0|s100001->200001d|$c9$l619030783^i0 size=8388608 queue_latency_us=0 attempt=0
I0909 08:45:19.615916    1337 grpc_transport.cc:1743] [MEGASCALE_TRANSPORT_INSTR] SendRpc: key=ppermute.3_0|s100002->200002d|$c30$l619030783^i0 size=8388608 queue_latency_us=0 attempt=0
I0909 08:45:19.623580    1607 grpc_transport.cc:1743] [MEGASCALE_TRANSPORT_INSTR] SendRpc: key=ppermute.3_0|s100004->200004d|$c1$l619030784^i0 size=8388608 queue_latency_us=0 attempt=0
I0909 08:45:19.627600    1613 grpc_transport.cc:1743] [MEGASCALE_TRANSPORT_INSTR] SendRpc: key=ppermute.3_0|s100002->200002d|$c24$l619030784^i0 size=8388608 queue_latency_us=0 attempt=0
I0909 08:45:19.629742     790 grpc_transport.cc:1743] [MEGASCALE_TRANSPORT_INSTR] SendRpc: key=ppermute.3_0|s100005->200005d|$c26$l619030784^i0 size=8388608 queue_latency_us=0 attempt=0
I0909 08:45:19.638372    1492 grpc_transport.cc:1743] [MEGASCALE_TRANSPORT_INSTR] SendRpc: key=ppermute.3_0|s100000->200000d|$c0$l619030785^i0 size=8388608 queue_latency_us=0 attempt=0
I0909 08:45:19.642098    1340 grpc_transport.cc:1743] [MEGASCALE_TRANSPORT_INSTR] SendRpc: key=ppermute.3_0|s100006->200006d|$c16$l619030785^i0 size=8388608 queue_latency_us=0 attempt=0
I0909 08:45:19.648149     803 grpc_transport.cc:1743] [MEGASCALE_TRANSPORT_INSTR] SendRpc: key=ppermute.3_0|s100007->200007d|$c2$l619030786^i0 size=8388608 queue_latency_us=0 attempt=0
I0909 08:45:19.651963    1480 grpc_transport.cc:1743] [MEGASCALE_TRANSPORT_INSTR] SendRpc: key=ppermute.3_0|s100007->200007d|$c15$l619030786^i0 size=8388608 queue_latency_us=0 attempt=0
I0909 08:45:19.654572    1357 grpc_transport.cc:1743] [MEGASCALE_TRANSPORT_INSTR] SendRpc: key=ppermute.3_0|s100000->200000d|$c27$l619030786^i0 size=8388608 queue_latency_us=0 attempt=0
I0909 08:45:19.662859    1614 grpc_transport.cc:1743] [MEGASCALE_TRANSPORT_INSTR] SendRpc: key=ppermute.3_0|s100001->200001d|$c23$l619030787^i0 size=8388608 queue_latency_us=0 attempt=0
I0909 08:45:19.666005    1344 grpc_transport.cc:1743] [MEGASCALE_TRANSPORT_INSTR] SendRpc: key=ppermute.3_0|s100004->200004d|$c23$l619030787^i0 size=8388608 queue_latency_us=0 attempt=0
I0909 08:45:19.672337     800 grpc_transport.cc:1743] [MEGASCALE_TRANSPORT_INSTR] SendRpc: key=ppermute.3_0|s100007->200007d|$c7$l619030788^i0 size=8388608 queue_latency_us=0 attempt=0
I0909 08:45:19.676738    1354 grpc_transport.cc:1743] [MEGASCALE_TRANSPORT_INSTR] SendRpc: key=ppermute.3_0|s100001->200001d|$c9$l619030788^i0 size=8388608 queue_latency_us=0 attempt=0
I0909 08:45:19.679164    1607 grpc_transport.cc:1743] [MEGASCALE_TRANSPORT_INSTR] SendRpc: key=ppermute.3_0|s100005->200005d|$c27$l619030788^i0 size=8388608 queue_latency_us=0 attempt=0
I0909 08:45:19.687009     810 grpc_transport.cc:1743] [MEGASCALE_TRANSPORT_INSTR] SendRpc: key=ppermute.3_0|s100006->200006d|$c0$l619030789^i0 size=8388608 queue_latency_us=0 attempt=0
I0909 08:45:19.689867    1617 grpc_transport.cc:1743] [MEGASCALE_TRANSPORT_INSTR] SendRpc: key=ppermute.3_0|s100002->200002d|$c19$l619030789^i0 size=8388608 queue_latency_us=0 attempt=0
I0909 08:45:19.695580    1354 grpc_transport.cc:1743] [MEGASCALE_TRANSPORT_INSTR] SendRpc: key=ppermute.3_0|s100005->200005d|$c13$l619030790^i0 size=8388608 queue_latency_us=0 attempt=0
I0909 08:45:19.700513    1350 grpc_transport.cc:1743] [MEGASCALE_TRANSPORT_INSTR] SendRpc: key=ppermute.3_0|s100005->200005d|$c10$l619030790^i0 size=8388608 queue_latency_us=0 attempt=0
I0909 08:45:19.702994    1347 grpc_transport.cc:1743] [MEGASCALE_TRANSPORT_INSTR] SendRpc: key=ppermute.3_0|s100000->200000d|$c23$l619030790^i0 size=8388608 queue_latency_us=0 attempt=0
I0909 08:45:19.709898    1353 grpc_transport.cc:1743] [MEGASCALE_TRANSPORT_INSTR] SendRpc: key=ppermute.3_0|s100007->200007d|$c2$l619030791^i0 size=8388608 queue_latency_us=0 attempt=0
I0909 08:45:19.713556    1613 grpc_transport.cc:1743] [MEGASCALE_TRANSPORT_INSTR] SendRpc: key=ppermute.3_0|s100002->200002d|$c19$l619030791^i0 size=8388608 queue_latency_us=0 attempt=0
I0909 08:45:19.715233    1353 grpc_transport.cc:1743] [MEGASCALE_TRANSPORT_INSTR] SendRpc: key=ppermute.3_0|s100007->200007d|$c30$l619030791^i0 size=8388608 queue_latency_us=0 attempt=0
DCN_TIMING_REP {"batch": 10, "collective_ms_per_iteration": 11.883533804211766, "dcn_rx_bytes": 13471700, "dcn_tx_bytes": 21523228626, "device_wait_ms_per_iteration": 11.45645270589739, "dispatch_ms_per_iteration": 0.4270810983143747, "end_barrier_ms": 361.6670329356566, "end_barrier_ms_per_iteration": 36.16670329356566, "experiment": "pi_C2_poisoned", "label": "google_ppermute_uni_p8_d16384", "legacy_ms_per_iteration": 48.050237097777426, "network_delta": {"cilium_host": {"rx_bytes": 0, "tx_bytes": 0}, "cilium_net": {"rx_bytes": 0, "tx_bytes": 0}, "docker0": {"rx_bytes": 0, "tx_bytes": 0}, "eth0": {"rx_bytes": 2203, "tx_bytes": 19083}, "eth1": {"rx_bytes": 6453050, "tx_bytes": 10764615762}, "eth2": {"rx_bytes": 7018650, "tx_bytes": 10758612864}, "lo": {"rx_bytes": 0, "tx_bytes": 0}, "lxc24139f804dfe": {"rx_bytes": 0, "tx_bytes": 0}, "lxc2a01d986850c": {"rx_bytes": 0, "tx_bytes": 0}, "lxc4aea7d2c7fcb": {"rx_bytes": 18951, "tx_bytes": 1729}, "lxcc0a8ef4be915": {"rx_bytes": 0, "tx_bytes": 0}, "lxcde9de6c6fd2b": {"rx_bytes": 475, "tx_bytes": 513}}, "rank": 0, "rep": 2}
I0909 08:45:20.082095    1346 grpc_transport.cc:1743] [MEGASCALE_TRANSPORT_INSTR] SendRpc: key=ppermute.3_0|s100005->200005d|$c11$l619030792^i0 size=8388608 queue_latency_us=0 attempt=0
I0909 08:45:20.086285    1340 grpc_transport.cc:1743] [MEGASCALE_TRANSPORT_INSTR] SendRpc: key=ppermute.3_0|s100003->200003d|$c27$l619030792^i0 size=8388608 queue_latency_us=0 attempt=0
I0909 08:45:20.094365    1575 grpc_transport.cc:1743] [MEGASCALE_TRANSPORT_INSTR] SendRpc: key=ppermute.3_0|s100004->200004d|$c12$l619030793^i0 size=8388608 queue_latency_us=0 attempt=0
I0909 08:45:20.098259    1345 grpc_transport.cc:1743] [MEGASCALE_TRANSPORT_INSTR] SendRpc: key=ppermute.3_0|s100002->200002d|$c18$l619030793^i0 size=8388608 queue_latency_us=0 attempt=0
I0909 08:45:20.100793    1351 grpc_transport.cc:1743] [MEGASCALE_TRANSPORT_INSTR] SendRpc: key=ppermute.3_0|s100002->200002d|$c27$l619030793^i0 size=8388608 queue_latency_us=0 attempt=0
I0909 08:45:20.109068     785 grpc_transport.cc:1743] [MEGASCALE_TRANSPORT_INSTR] SendRpc: key=ppermute.3_0|s100004->200004d|$c8$l619030794^i0 size=8388608 queue_latency_us=0 attempt=0
I0909 08:45:20.112005    1556 grpc_transport.cc:1743] [MEGASCALE_TRANSPORT_INSTR] SendRpc: key=ppermute.3_0|s100000->200000d|$c20$l619030794^i0 size=8388608 queue_latency_us=0 attempt=0
I0909 08:45:20.118986    1480 grpc_transport.cc:1743] [MEGASCALE_TRANSPORT_INSTR] SendRpc: key=ppermute.3_0|s100003->200003d|$c2$l619030795^i0 size=8388608 queue_latency_us=0 attempt=0
I0909 08:45:20.122768     789 grpc_transport.cc:1743] [MEGASCALE_TRANSPORT_INSTR] SendRpc: key=ppermute.3_0|s100000->200000d|$c30$l619030795^i0 size=8388608 queue_latency_us=0 attempt=0
I0909 08:45:20.125671     809 grpc_transport.cc:1743] [MEGASCALE_TRANSPORT_INSTR] SendRpc: key=ppermute.3_0|s100003->200003d|$c22$l619030795^i0 size=8388608 queue_latency_us=0 attempt=0
I0909 08:45:20.133787     802 grpc_transport.cc:1743] [MEGASCALE_TRANSPORT_INSTR] SendRpc: key=ppermute.3_0|s100002->200002d|$c10$l619030796^i0 size=8388608 queue_latency_us=0 attempt=0
I0909 08:45:20.137131     809 grpc_transport.cc:1743] [MEGASCALE_TRANSPORT_INSTR] SendRpc: key=ppermute.3_0|s100003->200003d|$c10$l619030796^i0 size=8388608 queue_latency_us=0 attempt=0
I0909 08:45:20.139241    1364 grpc_transport.cc:1743] [MEGASCALE_TRANSPORT_INSTR] SendRpc: key=ppermute.3_0|s100006->200006d|$c30$l619030796^i0 size=8388608 queue_latency_us=0 attempt=0
I0909 08:45:20.147175    1619 grpc_transport.cc:1743] [MEGASCALE_TRANSPORT_INSTR] SendRpc: key=ppermute.3_0|s100007->200007d|$c4$l619030797^i0 size=8388608 queue_latency_us=0 attempt=0
I0909 08:45:20.149723     789 grpc_transport.cc:1743] [MEGASCALE_TRANSPORT_INSTR] SendRpc: key=ppermute.3_0|s100004->200004d|$c15$l619030797^i0 size=8388608 queue_latency_us=0 attempt=0
I0909 08:45:20.155940    1610 grpc_transport.cc:1743] [MEGASCALE_TRANSPORT_INSTR] SendRpc: key=ppermute.3_0|s100006->200006d|$c10$l619030798^i0 size=8388608 queue_latency_us=0 attempt=0
I0909 08:45:20.159834    1351 grpc_transport.cc:1743] [MEGASCALE_TRANSPORT_INSTR] SendRpc: key=ppermute.3_0|s100003->200003d|$c17$l619030798^i0 size=8388608 queue_latency_us=0 attempt=0
I0909 08:45:20.162834    1609 grpc_transport.cc:1743] [MEGASCALE_TRANSPORT_INSTR] SendRpc: key=ppermute.3_0|s100005->200005d|$c26$l619030798^i0 size=8388608 queue_latency_us=0 attempt=0
I0909 08:45:20.170338    1553 grpc_transport.cc:1743] [MEGASCALE_TRANSPORT_INSTR] SendRpc: key=ppermute.3_0|s100002->200002d|$c12$l619030799^i0 size=8388608 queue_latency_us=0 attempt=0
I0909 08:45:20.172824    1341 grpc_transport.cc:1743] [MEGASCALE_TRANSPORT_INSTR] SendRpc: key=ppermute.3_0|s100002->200002d|$c16$l619030799^i0 size=8388608 queue_latency_us=0 attempt=0
I0909 08:45:20.180107    1483 grpc_transport.cc:1743] [MEGASCALE_TRANSPORT_INSTR] SendRpc: key=ppermute.3_0|s100003->200003d|$c3$l619030800^i0 size=8388608 queue_latency_us=0 attempt=0
I0909 08:45:20.183186    1496 grpc_transport.cc:1743] [MEGASCALE_TRANSPORT_INSTR] SendRpc: key=ppermute.3_0|s100002->200002d|$c15$l619030800^i0 size=8388608 queue_latency_us=0 attempt=0
I0909 08:45:20.185706    1616 grpc_transport.cc:1743] [MEGASCALE_TRANSPORT_INSTR] SendRpc: key=ppermute.3_0|s100001->200001d|$c26$l619030800^i0 size=8388608 queue_latency_us=0 attempt=0
I0909 08:45:20.193472    1356 grpc_transport.cc:1743] [MEGASCALE_TRANSPORT_INSTR] SendRpc: key=ppermute.3_0|s100000->200000d|$c17$l619030801^i0 size=8388608 queue_latency_us=0 attempt=0
I0909 08:45:20.195935    1609 grpc_transport.cc:1743] [MEGASCALE_TRANSPORT_INSTR] SendRpc: key=ppermute.3_0|s100000->200000d|$c21$l619030801^i0 size=8388608 queue_latency_us=0 attempt=0
DCN_TIMING_REP {"batch": 10, "collective_ms_per_iteration": 11.675548902712762, "dcn_rx_bytes": 17015592, "dcn_tx_bytes": 21514740102, "device_wait_ms_per_iteration": 11.286866397131234, "dispatch_ms_per_iteration": 0.38868250558152795, "end_barrier_ms": 365.2979200705886, "end_barrier_ms_per_iteration": 36.52979200705886, "experiment": "pi_C2_poisoned", "label": "google_ppermute_uni_p8_d16384", "legacy_ms_per_iteration": 48.20534090977162, "network_delta": {"cilium_host": {"rx_bytes": 0, "tx_bytes": 0}, "cilium_net": {"rx_bytes": 0, "tx_bytes": 0}, "docker0": {"rx_bytes": 0, "tx_bytes": 0}, "eth0": {"rx_bytes": 0, "tx_bytes": 0}, "eth1": {"rx_bytes": 8016294, "tx_bytes": 10759550394}, "eth2": {"rx_bytes": 8999298, "tx_bytes": 10755189708}, "lo": {"rx_bytes": 4236, "tx_bytes": 4236}, "lxc24139f804dfe": {"rx_bytes": 0, "tx_bytes": 0}, "lxc2a01d986850c": {"rx_bytes": 0, "tx_bytes": 0}, "lxc4aea7d2c7fcb": {"rx_bytes": 0, "tx_bytes": 0}, "lxcc0a8ef4be915": {"rx_bytes": 0, "tx_bytes": 0}, "lxcde9de6c6fd2b": {"rx_bytes": 0, "tx_bytes": 0}}, "rank": 0, "rep": 3}
I0909 08:45:20.565437    1610 grpc_transport.cc:1743] [MEGASCALE_TRANSPORT_INSTR] SendRpc: key=ppermute.3_0|s100003->200003d|$c1$l619030802^i0 size=8388608 queue_latency_us=0 attempt=0
I0909 08:45:20.569668    1616 grpc_transport.cc:1743] [MEGASCALE_TRANSPORT_INSTR] SendRpc: key=ppermute.3_0|s100000->200000d|$c26$l619030802^i0 size=8388608 queue_latency_us=0 attempt=0
I0909 08:45:20.573639    1347 grpc_transport.cc:1743] [MEGASCALE_TRANSPORT_INSTR] SendRpc: key=ppermute.3_0|s100005->200005d|$c21$l619030802^i0 size=8388608 queue_latency_us=0 attempt=0
I0909 08:45:20.582176    1486 grpc_transport.cc:1743] [MEGASCALE_TRANSPORT_INSTR] SendRpc: key=ppermute.3_0|s100005->200005d|$c13$l619030803^i0 size=8388608 queue_latency_us=0 attempt=0
I0909 08:45:20.585627    1565 grpc_transport.cc:1743] [MEGASCALE_TRANSPORT_INSTR] SendRpc: key=ppermute.3_0|s100001->200001d|$c21$l619030803^i0 size=8388608 queue_latency_us=0 attempt=0
I0909 08:45:20.588815     814 grpc_transport.cc:1743] [MEGASCALE_TRANSPORT_INSTR] SendRpc: key=ppermute.3_0|s100002->200002d|$c26$l619030803^i0 size=8388608 queue_latency_us=0 attempt=0
I0909 08:45:20.597160    1616 grpc_transport.cc:1743] [MEGASCALE_TRANSPORT_INSTR] SendRpc: key=ppermute.3_0|s100005->200005d|$c12$l619030804^i0 size=8388608 queue_latency_us=0 attempt=0
I0909 08:45:20.600505     786 grpc_transport.cc:1743] [MEGASCALE_TRANSPORT_INSTR] SendRpc: key=ppermute.3_0|s100006->200006d|$c15$l619030804^i0 size=8388608 queue_latency_us=0 attempt=0
I0909 08:45:20.606807    1355 grpc_transport.cc:1743] [MEGASCALE_TRANSPORT_INSTR] SendRpc: key=ppermute.3_0|s100007->200007d|$c14$l619030805^i0 size=8388608 queue_latency_us=0 attempt=0
I0909 08:45:20.610318    1345 grpc_transport.cc:1743] [MEGASCALE_TRANSPORT_INSTR] SendRpc: key=ppermute.3_0|s100003->200003d|$c13$l619030805^i0 size=8388608 queue_latency_us=0 attempt=0
I0909 08:45:20.612826    1482 grpc_transport.cc:1743] [MEGASCALE_TRANSPORT_INSTR] SendRpc: key=ppermute.3_0|s100003->200003d|$c29$l619030805^i0 size=8388608 queue_latency_us=0 attempt=0
I0909 08:45:20.620906    1359 grpc_transport.cc:1743] [MEGASCALE_TRANSPORT_INSTR] SendRpc: key=ppermute.3_0|s100001->200001d|$c13$l619030806^i0 size=8388608 queue_latency_us=0 attempt=0
I0909 08:45:20.623568    1349 grpc_transport.cc:1743] [MEGASCALE_TRANSPORT_INSTR] SendRpc: key=ppermute.3_0|s100005->200005d|$c29$l619030806^i0 size=8388608 queue_latency_us=0 attempt=0
I0909 08:45:20.630632     789 grpc_transport.cc:1743] [MEGASCALE_TRANSPORT_INSTR] SendRpc: key=ppermute.3_0|s100001->200001d|$c1$l619030807^i0 size=8388608 queue_latency_us=0 attempt=0
I0909 08:45:20.633931    1353 grpc_transport.cc:1743] [MEGASCALE_TRANSPORT_INSTR] SendRpc: key=ppermute.3_0|s100007->200007d|$c25$l619030807^i0 size=8388608 queue_latency_us=0 attempt=0
I0909 08:45:20.637070     787 grpc_transport.cc:1743] [MEGASCALE_TRANSPORT_INSTR] SendRpc: key=ppermute.3_0|s100004->200004d|$c31$l619030807^i0 size=8388608 queue_latency_us=0 attempt=0
I0909 08:45:20.644429    1618 grpc_transport.cc:1743] [MEGASCALE_TRANSPORT_INSTR] SendRpc: key=ppermute.3_0|s100006->200006d|$c9$l619030808^i0 size=8388608 queue_latency_us=0 attempt=0
I0909 08:45:20.647492    1612 grpc_transport.cc:1743] [MEGASCALE_TRANSPORT_INSTR] SendRpc: key=ppermute.3_0|s100000->200000d|$c27$l619030808^i0 size=8388608 queue_latency_us=0 attempt=0
I0909 08:45:20.653746    1341 grpc_transport.cc:1743] [MEGASCALE_TRANSPORT_INSTR] SendRpc: key=ppermute.3_0|s100006->200006d|$c16$l619030809^i0 size=8388608 queue_latency_us=0 attempt=0
I0909 08:45:20.657786    1351 grpc_transport.cc:1743] [MEGASCALE_TRANSPORT_INSTR] SendRpc: key=ppermute.3_0|s100007->200007d|$c8$l619030809^i0 size=8388608 queue_latency_us=0 attempt=0
I0909 08:45:20.659748    1501 grpc_transport.cc:1743] [MEGASCALE_TRANSPORT_INSTR] SendRpc: key=ppermute.3_0|s100004->200004d|$c14$l619030809^i0 size=8388608 queue_latency_us=0 attempt=0
I0909 08:45:20.668091     787 grpc_transport.cc:1743] [MEGASCALE_TRANSPORT_INSTR] SendRpc: key=ppermute.3_0|s100004->200004d|$c9$l619030810^i0 size=8388608 queue_latency_us=0 attempt=0
I0909 08:45:20.670739    1492 grpc_transport.cc:1743] [MEGASCALE_TRANSPORT_INSTR] SendRpc: key=ppermute.3_0|s100005->200005d|$c13$l619030810^i0 size=8388608 queue_latency_us=0 attempt=0
I0909 08:45:20.676495     786 grpc_transport.cc:1743] [MEGASCALE_TRANSPORT_INSTR] SendRpc: key=ppermute.3_0|s100004->200004d|$c3$l619030811^i0 size=8388608 queue_latency_us=0 attempt=0
I0909 08:45:20.680374    1362 grpc_transport.cc:1743] [MEGASCALE_TRANSPORT_INSTR] SendRpc: key=ppermute.3_0|s100003->200003d|$c2$l619030811^i0 size=8388608 queue_latency_us=0 attempt=0
I0909 08:45:20.682668    1359 grpc_transport.cc:1743] [MEGASCALE_TRANSPORT_INSTR] SendRpc: key=ppermute.3_0|s100004->200004d|$c24$l619030811^i0 size=8388608 queue_latency_us=0 attempt=0
DCN_TIMING_REP {"batch": 10, "collective_ms_per_iteration": 11.68536429759115, "dcn_rx_bytes": 17978422, "dcn_tx_bytes": 21527328790, "device_wait_ms_per_iteration": 11.295693495776504, "dispatch_ms_per_iteration": 0.38967080181464553, "end_barrier_ms": 364.0570240095258, "end_barrier_ms_per_iteration": 36.40570240095258, "experiment": "pi_C2_poisoned", "label": "google_ppermute_uni_p8_d16384", "legacy_ms_per_iteration": 48.09106669854373, "network_delta": {"cilium_host": {"rx_bytes": 0, "tx_bytes": 0}, "cilium_net": {"rx_bytes": 0, "tx_bytes": 0}, "docker0": {"rx_bytes": 0, "tx_bytes": 0}, "eth0": {"rx_bytes": 2367, "tx_bytes": 64608}, "eth1": {"rx_bytes": 9493974, "tx_bytes": 10752767840}, "eth2": {"rx_bytes": 8484448, "tx_bytes": 10774560950}, "lo": {"rx_bytes": 19024, "tx_bytes": 19024}, "lxc24139f804dfe": {"rx_bytes": 0, "tx_bytes": 0}, "lxc2a01d986850c": {"rx_bytes": 0, "tx_bytes": 0}, "lxc4aea7d2c7fcb": {"rx_bytes": 0, "tx_bytes": 0}, "lxcc0a8ef4be915": {"rx_bytes": 0, "tx_bytes": 0}, "lxcde9de6c6fd2b": {"rx_bytes": 0, "tx_bytes": 0}}, "rank": 0, "rep": 4}
DCN_TIMING_SUMMARY {"batch": 10, "experiment": "pi_C2_poisoned", "label": "google_ppermute_uni_p8_d16384", "metrics": {"collective_ms_per_iteration": {"count": 5, "cv": 0.01701702311693617, "mad": 0.19816950662061572, "max": 12.110270699486136, "mean": 11.882063900120556, "median": 11.883533804211766, "min": 11.675548902712762, "p05": 11.67751198168844, "p10": 11.679475060664117, "p25": 11.68536429759115, "p75": 12.055601796600968, "p90": 12.088403138332069, "p95": 12.099336918909103, "stdev": 0.2021973560652643}, "dcn_rx_bytes": {"count": 5, "cv": 0.13681329997273142, "mad": 1910406.0, "max": 17978422.0, "mean": 15411123.6, "median": 15382106.0, "min": 13207798.0, "p05": 13260578.4, "p10": 13313358.8, "p25": 13471700.0, "p75": 17015592.0, "p90": 17593290.0, "p95": 17785856.0, "stdev": 2108446.6760036405}, "dcn_tx_bytes": {"count": 5, "cv": 0.0003521679005640812, "mad": 5169228.0, "max": 21527328790.0, "mean": 21519151684.4, "median": 21522159562.0, "min": 21508301342.0, "p05": 21509589094.0, "p10": 21510876846.0, "p25": 21514740102.0, "p75": 21523228626.0, "p90": 21525688724.4, "p95": 21526508757.2, "stdev": 7578354.470615161}, "device_wait_ms_per_iteration": {"count": 5, "cv": 0.016065428252020442, "mad": 0.16075921012088656, "max": 11.706287402193993, "mean": 11.468247559387237, "median": 11.45645270589739, "min": 11.286866397131234, "p05": 11.288631816860288, "p10": 11.290397236589342, "p25": 11.295693495776504, "p75": 11.595937795937061, "p90": 11.66214755969122, "p95": 11.684217480942607, "stdev": 0.1842423083417442}, "dispatch_ms_per_iteration": {"count": 5, "cv": 0.07238878908707097, "mad": 0.015300791710615158, "max": 0.45966400066390634, "mean": 0.4138163407333195, "median": 0.4039832972921431, "min": 0.38868250558152795, "p05": 0.38888016482815146, "p10": 0.389077824074775, "p25": 0.38967080181464553, "p75": 0.4270810983143747, "p90": 0.4466308397240937, "p95": 0.453147420194, "stdev": 0.029955663810127764}, "end_barrier_ms": {"count": 5, "cv": 0.032632945942666816, "mad": 2.3899910738691688, "max": 389.4636839395389, "mean": 368.2251019869, "median": 364.0570240095258, "min": 360.63984897919, "p05": 360.8452857704833, "p10": 361.05072256177664, "p25": 361.6670329356566, "p75": 365.2979200705886, "p90": 379.7973783919588, "p95": 384.63053116574883, "stdev": 12.016269847871483}, "end_barrier_ms_per_iteration": {"count": 5, "cv": 0.032632945942666816, "mad": 0.23899910738691688, "max": 38.94636839395389, "mean": 36.82251019869, "median": 36.40570240095258, "min": 36.063984897919, "p05": 36.08452857704833, "p10": 36.105072256177664, "p25": 36.16670329356566, "p75": 36.52979200705886, "p90": 37.97973783919588, "p95": 38.46305311657488, "stdev": 1.2016269847871481}, "legacy_ms_per_iteration": {"count": 5, "cv": 0.027021566708659843, "mad": 0.0693495967425406, "max": 51.056639093440026, "mean": 48.70457409881055, "median": 48.11958669451997, "min": 48.050237097777426, "p05": 48.05840301793069, "p10": 48.06656893808395, "p25": 48.09106669854373, "p75": 48.20534090977162, "p90": 49.916119819972664, "p95": 50.486379456706345, "stdev": 1.3160738980278757}}, "rank": 0, "reps": 5, "warmups": 60}
I0909 08:45:21.049051      43 megascale_context.cc:439] Destroying MegaScale PjrtExecutableContext: jit_operation
DCN_GOOGLE_BASELINE_RESULT {"batch": 10, "benchmark": "dcn_google_baseline", "dtype": "bfloat16", "host_tx_GBps_best": 44.69246725318099, "host_tx_GBps_median": 44.62805679593593, "matrix_dim": 16384, "n_slices": 2, "network_delta": {"cilium_host": {"rx_bytes": 0, "tx_bytes": 0}, "cilium_net": {"rx_bytes": 0, "tx_bytes": 0}, "docker0": {"rx_bytes": 0, "tx_bytes": 0}, "eth0": {"rx_bytes": 170379, "tx_bytes": 2341504}, "eth1": {"rx_bytes": 68656118, "tx_bytes": 111944113914}, "eth2": {"rx_bytes": 82139068, "tx_bytes": 126936786658}, "lo": {"rx_bytes": 1212878, "tx_bytes": 1212878}, "lxc24139f804dfe": {"rx_bytes": 0, "tx_bytes": 0}, "lxc2a01d986850c": {"rx_bytes": 0, "tx_bytes": 0}, "lxc4aea7d2c7fcb": {"rx_bytes": 18951, "tx_bytes": 1729}, "lxcc0a8ef4be915": {"rx_bytes": 1021031, "tx_bytes": 265707}, "lxcde9de6c6fd2b": {"rx_bytes": 475, "tx_bytes": 513}}, "participants_per_slice": 8, "per_device_tx_GBps_best": 5.586558406647624, "per_device_tx_GBps_median": 5.578507099491992, "per_physical_chip_tx_GBps_best": 11.173116813295248, "per_physical_chip_tx_GBps_median": 11.157014198983983, "physical_chips_per_slice": 4, "rank": 0, "reps": 5, "run_id": "k8s-dcn-yp-dimsweep-20260904", "shard_bytes_per_device": 268435456.0, "source_commit": "", "time_ms_all": [51.056639093440026, 48.11958669451997, 48.050237097777426, 48.20534090977162, 48.09106669854373], "time_ms_median": 48.11958669451997, "time_ms_min": 48.050237097777426, "variant": "ppermute_uni", "warmups": 60}
W0909 08:45:21.076515    1675 tpu_spmd_partitioner.cc:460] Collective matmul V1 is enabled. Please consider migrating to V2 since V1 will be deprecated soon. You can enable V2 by setting xla_tpu_all_gather_collective_matmul_mode=post_spmd and xla_tpu_reduce_scatter_collective_matmul_mode=post_spmd.
I0909 08:45:21.083481      43 deepsea_compiler_hlo_passes.cc:6406] xla_tpu_impure_hlo_parallel_compile is DISABLED. jit_operation
I0909 08:45:21.085452      43 latency_hiding_scheduler.cc:4420] [latency-hiding-scheduler] LatencyHidingScheduler current memory usage: 268443712 bytes. Current limit: 96369690419
I0909 08:45:21.085823      43 tpu_plumb_vmem_info.cc:677] scavenging_mode: 3 for module: jit_operation
I0909 08:45:21.101454      43 deepsea_compiler_hlo_passes.cc:6735] HLO_PASSES stage duration: 25.65964975ms
I0909 08:45:21.102681    1005 tpu_chip_config.cc:367] Resolved chip config alias default->megachip for 6acc60406, 
I0909 08:45:21.102882    1005 tpu_chip_config.cc:367] Resolved chip config alias default->megachip for 6acc60406, 
I0909 08:45:21.103064    1005 memory_space_assignment_util.cc:577] MSA Vmem breakdown: default scoped vmem (from flag): 33554432; does_msa_directly_allocate_scoped_vmem: T; bytes_for_msa_to_allocate: 67043328
I0909 08:45:21.160133    1679 deepsea_compiler_base.cc:4279] BACKEND_PASSES stage duration: 58.02397875ms
I0909 08:45:21.169873    1679 deepsea_compiler_backend.cc:1480] CODE_GENERATION stage duration: 9.66344075ms
I0909 08:45:21.170235    1679 isa_program_util_common.cc:373] (HLO module jit_operation): Executable fingerprint:d7c284c0a5746be547a124f2c44c3ba32c0c1518faf468925d1ecc634e81c1ba
I0909 08:45:21.170238    1679 isa_program_util_common.cc:377] (HLO module jit_operation): Executable fingerprint (including data segments):90738f9921578f54314aaaab77156223d9ac9abba841e6b894dce3031378b86f
I0909 08:45:21.170240    1679 isa_program_util_common.cc:380] (HLO module jit_operation): Host transfer fingerprint:5715df73845b97a64335cdd11f50257efb93ff52cb10d4a649fbb8092ce1a40c
I0909 08:45:21.170435      43 deepsea_compiler_base.cc:1055] END_TO_END stage duration: 97.0169885ms
I0909 08:45:21.170453      43 deepsea_compiler_base.cc:1056] Note that END_TO_END duration also includes time outside of HLO_PASSES, BACKEND_PASSES, and CODE_GENERATION
I0909 08:45:21.171133      43 megascale_context.cc:517] MegaScale DCNTopology fingerprint for: jit_operation : 1688352644216761960 DevicesHash: 8081921339993277715 Topology: go/debugstr  
I0909 08:45:21.172835      43 host_command_scheduler_factory.cc:1312] Created a HostCommandScheduler with 18 rules for module jit_operation HostTransfers Fingerprint: 4049434456220793716.
I0909 08:45:21.172965      43 megascale_context.cc:686] MegaScale ExecutableContext created for module: jit_operation with DCN topology: go/debugstr   
I0909 08:45:21.180891    1339 grpc_transport.cc:1743] [MEGASCALE_TRANSPORT_INSTR] SendRpc: key=psum.7_0_rs_0_sr_17_18|s100007->200007d|$c0$l290491730^i0 size=8388608 queue_latency_us=0 attempt=0
I0909 08:45:21.196721    1355 grpc_transport.cc:1743] [MEGASCALE_TRANSPORT_INSTR] SendRpc: key=psum.7_0_ag_0_sr_6_7|s100006->200006d|$c0$l290491730^i0 size=8388608 queue_latency_us=0 attempt=0
I0909 08:45:21.207401    1341 grpc_transport.cc:1414] [MEGASCALE_TRANSPORT_INSTR] Recv: key=psum.7_0_rs_0_sr_6_7|s200003->100003d|$c0$l290491730^i0 size=0 is_single_chunk=true is_aligned=true memcpy_needed=false
I0909 08:45:21.254216    1352 grpc_transport.cc:1743] [MEGASCALE_TRANSPORT_INSTR] SendRpc: key=psum.7_0_ag_0_sr_10_11|s100000->200000d|$c0$l290491730^i0 size=8388608 queue_latency_us=0 attempt=0
I0909 08:45:21.258796    1609 grpc_transport.cc:1414] [MEGASCALE_TRANSPORT_INSTR] Recv: key=psum.7_0_rs_0_sr_13_14|s200000->100000d|$c0$l290491730^i0 size=0 is_single_chunk=true is_aligned=true memcpy_needed=false
I0909 08:45:21.299029    1346 grpc_transport.cc:1414] [MEGASCALE_TRANSPORT_INSTR] Recv: key=psum.7_0_ag_0_sr_30_31|s200001->100001d|$c0$l290491730^i0 size=0 is_single_chunk=true is_aligned=true memcpy_needed=false
DCN_TIMING_FIRST_CALL {"compile_execute_ms": 318.50446097087115, "device_wait_ms": 200.297174975276, "dispatch_ms": 118.20728599559516, "experiment": "pi_C2_poisoned", "label": "google_all_reduce_p8_d16384", "post_barrier_ms": 2.817298984155059, "pre_barrier_ms": 4.538645967841148, "rank": 0}
I0909 08:45:21.391497    1344 grpc_transport.cc:1743] [MEGASCALE_TRANSPORT_INSTR] SendRpc: key=psum.7_0_rs_0_sr_22_23|s100004->200004d|$c0$l290491731^i0 size=8388608 queue_latency_us=0 attempt=0
I0909 08:45:21.415348    1608 grpc_transport.cc:1414] [MEGASCALE_TRANSPORT_INSTR] Recv: key=psum.7_0_rs_0_sr_8_9|s200002->100002d|$c0$l290491731^i0 size=0 is_single_chunk=true is_aligned=true memcpy_needed=false
I0909 08:45:21.419923    1355 grpc_transport.cc:1743] [MEGASCALE_TRANSPORT_INSTR] SendRpc: key=psum.7_0_ag_0_sr_15_16|s100006->200006d|$c0$l290491731^i0 size=8388608 queue_latency_us=0 attempt=0
I0909 08:45:21.451299     803 grpc_transport.cc:1414] [MEGASCALE_TRANSPORT_INSTR] Recv: key=psum.7_0_ag_0_sr_20_21|s200002->100002d|$c0$l290491731^i0 size=0 is_single_chunk=true is_aligned=true memcpy_needed=false
I0909 08:45:21.487710    1609 grpc_transport.cc:1414] [MEGASCALE_TRANSPORT_INSTR] Recv: key=psum.7_0_ag_0_sr_23_24|s200004->100004d|$c0$l290491731^i0 size=0 is_single_chunk=true is_aligned=true memcpy_needed=false
I0909 08:45:21.503352     919 block_allocator.cc:209] MegaScale alloactor peak usage: 17172678656
I0909 08:45:21.522560    1611 grpc_transport.cc:1414] [MEGASCALE_TRANSPORT_INSTR] Recv: key=psum.7_0_rs_0_sr_14_15|s200004->100004d|$c0$l290491732^i0 size=0 is_single_chunk=true is_aligned=true memcpy_needed=false
I0909 08:45:21.568339    1610 grpc_transport.cc:1743] [MEGASCALE_TRANSPORT_INSTR] SendRpc: key=psum.7_0_rs_0_sr_16_17|s100007->200007d|$c0$l290491732^i0 size=8388608 queue_latency_us=0 attempt=0
I0909 08:45:21.579823     801 grpc_transport.cc:1743] [MEGASCALE_TRANSPORT_INSTR] SendRpc: key=psum.7_0_rs_0_sr_31_32|s100003->200003d|$c0$l290491732^i0 size=8388608 queue_latency_us=1 attempt=0
I0909 08:45:21.623884     814 grpc_transport.cc:1743] [MEGASCALE_TRANSPORT_INSTR] SendRpc: key=psum.7_0_ag_0_sr_0_1|s100003->200003d|$c0$l290491732^i0 size=8388608 queue_latency_us=0 attempt=0
I0909 08:45:21.626568    1612 grpc_transport.cc:1414] [MEGASCALE_TRANSPORT_INSTR] Recv: key=psum.7_0_ag_0_sr_29_30|s200000->100000d|$c0$l290491732^i0 size=0 is_single_chunk=true is_aligned=true memcpy_needed=false
I0909 08:45:21.676644     800 grpc_transport.cc:1414] [MEGASCALE_TRANSPORT_INSTR] Recv: key=psum.7_0_rs_0_sr_12_13|s200002->100002d|$c0$l290491733^i0 size=0 is_single_chunk=true is_aligned=true memcpy_needed=false
I0909 08:45:21.745677    1491 grpc_transport.cc:1743] [MEGASCALE_TRANSPORT_INSTR] SendRpc: key=psum.7_0_rs_0_sr_20_21|s100000->200000d|$c0$l290491733^i0 size=8388608 queue_latency_us=1 attempt=0
I0909 08:45:21.765591     790 grpc_transport.cc:1414] [MEGASCALE_TRANSPORT_INSTR] Recv: key=psum.7_0_ag_0_sr_16_17|s200004->100004d|$c0$l290491733^i0 size=0 is_single_chunk=true is_aligned=true memcpy_needed=false
I0909 08:45:21.791200     797 grpc_transport.cc:1743] [MEGASCALE_TRANSPORT_INSTR] SendRpc: key=psum.7_0_ag_0_sr_10_11|s100004->200004d|$c0$l290491733^i0 size=8388608 queue_latency_us=0 attempt=0
I0909 08:45:21.805458     789 grpc_transport.cc:1743] [MEGASCALE_TRANSPORT_INSTR] SendRpc: key=psum.7_0_ag_0_sr_14_15|s100005->200005d|$c0$l290491733^i0 size=8388608 queue_latency_us=0 attempt=0
I0909 08:45:21.827325     783 grpc_transport.cc:1414] [MEGASCALE_TRANSPORT_INSTR] Recv: key=psum.7_0_ag_0_sr_30_31|s200005->100005d|$c0$l290491733^i0 size=0 is_single_chunk=true is_aligned=true memcpy_needed=false
I0909 08:45:21.856407    1356 grpc_transport.cc:1414] [MEGASCALE_TRANSPORT_INSTR] Recv: key=psum.7_0_rs_0_sr_0_1|s200004->100004d|$c0$l290491734^i0 size=0 is_single_chunk=true is_aligned=true memcpy_needed=false
I0909 08:45:21.914165     790 grpc_transport.cc:1743] [MEGASCALE_TRANSPORT_INSTR] SendRpc: key=psum.7_0_rs_0_sr_27_28|s100000->200000d|$c0$l290491734^i0 size=8388608 queue_latency_us=0 attempt=0
I0909 08:45:21.960504    1485 grpc_transport.cc:1743] [MEGASCALE_TRANSPORT_INSTR] SendRpc: key=psum.7_0_ag_0_sr_7_8|s100007->200007d|$c0$l290491734^i0 size=8388608 queue_latency_us=0 attempt=0
I0909 08:45:21.960756     813 grpc_transport.cc:1414] [MEGASCALE_TRANSPORT_INSTR] Recv: key=psum.7_0_ag_0_sr_16_17|s200002->100002d|$c0$l290491734^i0 size=0 is_single_chunk=true is_aligned=true memcpy_needed=false
I0909 08:45:22.008498    1348 grpc_transport.cc:1414] [MEGASCALE_TRANSPORT_INSTR] Recv: key=psum.7_0_rs_0_sr_12_13|s200006->100006d|$c0$l290491735^i0 size=0 is_single_chunk=true is_aligned=true memcpy_needed=false
I0909 08:45:22.076486    1618 grpc_transport.cc:1743] [MEGASCALE_TRANSPORT_INSTR] SendRpc: key=psum.7_0_rs_0_sr_28_29|s100002->200002d|$c0$l290491735^i0 size=8388608 queue_latency_us=0 attempt=0
I0909 08:45:22.087790     809 grpc_transport.cc:1414] [MEGASCALE_TRANSPORT_INSTR] Recv: key=psum.7_0_ag_0_sr_17_18|s200007->100007d|$c0$l290491735^i0 size=0 is_single_chunk=true is_aligned=true memcpy_needed=false
I0909 08:45:22.108010     814 grpc_transport.cc:1743] [MEGASCALE_TRANSPORT_INSTR] SendRpc: key=psum.7_0_ag_0_sr_4_5|s100007->200007d|$c0$l290491735^i0 size=8388608 queue_latency_us=0 attempt=0
I0909 08:45:22.134413    1558 grpc_transport.cc:1743] [MEGASCALE_TRANSPORT_INSTR] SendRpc: key=psum.7_0_ag_0_sr_5_6|s100005->200005d|$c0$l290491735^i0 size=8388608 queue_latency_us=0 attempt=0
I0909 08:45:22.156205     800 grpc_transport.cc:1414] [MEGASCALE_TRANSPORT_INSTR] Recv: key=psum.7_0_ag_0_sr_28_29|s200003->100003d|$c0$l290491735^i0 size=0 is_single_chunk=true is_aligned=true memcpy_needed=false
I0909 08:45:22.183731    1344 grpc_transport.cc:1414] [MEGASCALE_TRANSPORT_INSTR] Recv: key=psum.7_0_rs_0_sr_11_12|s200005->100005d|$c0$l290491736^i0 size=0 is_single_chunk=true is_aligned=true memcpy_needed=false
I0909 08:45:22.270573    1761 grpc_transport.cc:1743] [MEGASCALE_TRANSPORT_INSTR] SendRpc: key=psum.7_0_rs_0_sr_22_23|s100002->200002d|$c0$l290491736^i0 size=8388608 queue_latency_us=2 attempt=0
I0909 08:45:22.314259     787 grpc_transport.cc:1414] [MEGASCALE_TRANSPORT_INSTR] Recv: key=psum.7_0_ag_0_sr_27_28|s200005->100005d|$c0$l290491736^i0 size=0 is_single_chunk=true is_aligned=true memcpy_needed=false
I0909 08:45:22.322718    1482 grpc_transport.cc:1743] [MEGASCALE_TRANSPORT_INSTR] SendRpc: key=psum.7_0_ag_0_sr_3_4|s100007->200007d|$c0$l290491736^i0 size=8388608 queue_latency_us=0 attempt=0
I0909 08:45:22.362539    1606 grpc_transport.cc:1414] [MEGASCALE_TRANSPORT_INSTR] Recv: key=psum.7_0_rs_0_sr_9_10|s200003->100003d|$c0$l290491737^i0 size=0 is_single_chunk=true is_aligned=true memcpy_needed=false
I0909 08:45:22.390149    1344 grpc_transport.cc:1414] [MEGASCALE_TRANSPORT_INSTR] Recv: key=psum.7_0_rs_0_sr_7_8|s200001->100001d|$c0$l290491737^i0 size=0 is_single_chunk=true is_aligned=true memcpy_needed=false
I0909 08:45:22.444078    1743 grpc_transport.cc:1743] [MEGASCALE_TRANSPORT_INSTR] SendRpc: key=psum.7_0_rs_0_sr_16_17|s100006->200006d|$c0$l290491737^i0 size=8388608 queue_latency_us=0 attempt=0
I0909 08:45:22.452786    1771 grpc_transport.cc:1743] [MEGASCALE_TRANSPORT_INSTR] SendRpc: key=psum.7_0_rs_0_sr_17_18|s100005->200005d|$c0$l290491737^i0 size=8388608 queue_latency_us=0 attempt=0
I0909 08:45:22.499464    1749 grpc_transport.cc:1743] [MEGASCALE_TRANSPORT_INSTR] SendRpc: key=psum.7_0_ag_0_sr_5_6|s100005->200005d|$c0$l290491737^i0 size=8388608 queue_latency_us=0 attempt=0
I0909 08:45:22.515280    1357 grpc_transport.cc:1414] [MEGASCALE_TRANSPORT_INSTR] Recv: key=psum.7_0_ag_0_sr_21_22|s200004->100004d|$c0$l290491737^i0 size=0 is_single_chunk=true is_aligned=true memcpy_needed=false
I0909 08:45:22.549063    1606 grpc_transport.cc:1414] [MEGASCALE_TRANSPORT_INSTR] Recv: key=psum.7_0_rs_0_sr_1_2|s200006->100006d|$c0$l290491738^i0 size=0 is_single_chunk=true is_aligned=true memcpy_needed=false
I0909 08:45:22.624183    1609 grpc_transport.cc:1743] [MEGASCALE_TRANSPORT_INSTR] SendRpc: key=psum.7_0_rs_0_sr_16_17|s100001->200001d|$c0$l290491738^i0 size=8388608 queue_latency_us=1 attempt=0
I0909 08:45:22.661690     804 grpc_transport.cc:1414] [MEGASCALE_TRANSPORT_INSTR] Recv: key=psum.7_0_ag_0_sr_29_30|s200003->100003d|$c0$l290491738^i0 size=0 is_single_chunk=true is_aligned=true memcpy_needed=false
I0909 08:45:22.671049     805 grpc_transport.cc:1743] [MEGASCALE_TRANSPORT_INSTR] SendRpc: key=psum.7_0_ag_0_sr_11_12|s100002->200002d|$c0$l290491738^i0 size=8388608 queue_latency_us=0 attempt=0
I0909 08:45:22.708807    1608 grpc_transport.cc:1414] [MEGASCALE_TRANSPORT_INSTR] Recv: key=psum.7_0_rs_0_sr_2_3|s200003->100003d|$c0$l290491739^i0 size=0 is_single_chunk=true is_aligned=true memcpy_needed=false
I0909 08:45:22.732455     786 grpc_transport.cc:1414] [MEGASCALE_TRANSPORT_INSTR] Recv: key=psum.7_0_rs_0_sr_13_14|s200001->100001d|$c0$l290491739^i0 size=0 is_single_chunk=true is_aligned=true memcpy_needed=false
I0909 08:45:22.796088    1773 grpc_transport.cc:1743] [MEGASCALE_TRANSPORT_INSTR] SendRpc: key=psum.7_0_rs_0_sr_24_25|s100001->200001d|$c0$l290491739^i0 size=8388608 queue_latency_us=0 attempt=0
I0909 08:45:22.802633    1761 grpc_transport.cc:1743] [MEGASCALE_TRANSPORT_INSTR] SendRpc: key=psum.7_0_rs_0_sr_28_29|s100003->200003d|$c0$l290491739^i0 size=8388608 queue_latency_us=0 attempt=0
I0909 08:45:22.850380    1500 grpc_transport.cc:1743] [MEGASCALE_TRANSPORT_INSTR] SendRpc: key=psum.7_0_ag_0_sr_0_1|s100002->200002d|$c0$l290491739^i0 size=8388608 queue_latency_us=1 attempt=0
I0909 08:45:22.864742    1606 grpc_transport.cc:1414] [MEGASCALE_TRANSPORT_INSTR] Recv: key=psum.7_0_ag_0_sr_28_29|s200007->100007d|$c0$l290491739^i0 size=0 is_single_chunk=true is_aligned=true memcpy_needed=false
I0909 08:45:22.894289     786 grpc_transport.cc:1414] [MEGASCALE_TRANSPORT_INSTR] Recv: key=psum.7_0_rs_0_sr_3_4|s200005->100005d|$c0$l290491740^i0 size=0 is_single_chunk=true is_aligned=true memcpy_needed=false
I0909 08:45:22.973232    1496 grpc_transport.cc:1743] [MEGASCALE_TRANSPORT_INSTR] SendRpc: key=psum.7_0_rs_0_sr_31_32|s100002->200002d|$c0$l290491740^i0 size=8388608 queue_latency_us=0 attempt=0
I0909 08:45:23.002917     813 grpc_transport.cc:1414] [MEGASCALE_TRANSPORT_INSTR] Recv: key=psum.7_0_ag_0_sr_20_21|s200002->100002d|$c0$l290491740^i0 size=0 is_single_chunk=true is_aligned=true memcpy_needed=false
I0909 08:45:23.017428     815 grpc_transport.cc:1743] [MEGASCALE_TRANSPORT_INSTR] SendRpc: key=psum.7_0_ag_0_sr_4_5|s100003->200003d|$c0$l290491740^i0 size=8388608 queue_latency_us=0 attempt=0
I0909 08:45:23.046879    1608 grpc_transport.cc:1414] [MEGASCALE_TRANSPORT_INSTR] Recv: key=psum.7_0_ag_0_sr_23_24|s200007->100007d|$c0$l290491740^i0 size=0 is_single_chunk=true is_aligned=true memcpy_needed=false
I0909 08:45:23.078415    1608 grpc_transport.cc:1414] [MEGASCALE_TRANSPORT_INSTR] Recv: key=psum.7_0_rs_0_sr_1_2|s200007->100007d|$c0$l290491741^i0 size=0 is_single_chunk=true is_aligned=true memcpy_needed=false
I0909 08:45:23.137252     797 grpc_transport.cc:1743] [MEGASCALE_TRANSPORT_INSTR] SendRpc: key=psum.7_0_rs_0_sr_17_18|s100005->200005d|$c0$l290491741^i0 size=8388608 queue_latency_us=0 attempt=0
I0909 08:45:23.149813    1745 grpc_transport.cc:1743] [MEGASCALE_TRANSPORT_INSTR] SendRpc: key=psum.7_0_rs_0_sr_29_30|s100003->200003d|$c0$l290491741^i0 size=8388608 queue_latency_us=0 attempt=0
I0909 08:45:23.199549    1819 grpc_transport.cc:1414] [MEGASCALE_TRANSPORT_INSTR] Recv: key=psum.7_0_ag_0_sr_28_29|s200007->100007d|$c0$l290491741^i0 size=0 is_single_chunk=true is_aligned=true memcpy_needed=false
I0909 08:45:23.200180    1610 grpc_transport.cc:1743] [MEGASCALE_TRANSPORT_INSTR] SendRpc: key=psum.7_0_ag_0_sr_3_4|s100003->200003d|$c0$l290491741^i0 size=8388608 queue_latency_us=0 attempt=0
I0909 08:45:23.249966    1606 grpc_transport.cc:1414] [MEGASCALE_TRANSPORT_INSTR] Recv: key=psum.7_0_rs_0_sr_9_10|s200002->100002d|$c0$l290491742^i0 size=0 is_single_chunk=true is_aligned=true memcpy_needed=false
I0909 08:45:23.326319    1487 grpc_transport.cc:1743] [MEGASCALE_TRANSPORT_INSTR] SendRpc: key=psum.7_0_rs_0_sr_31_32|s100000->200000d|$c0$l290491742^i0 size=8388608 queue_latency_us=0 attempt=0
I0909 08:45:23.345763    1770 grpc_transport.cc:1414] [MEGASCALE_TRANSPORT_INSTR] Recv: key=psum.7_0_ag_0_sr_24_25|s200004->100004d|$c0$l290491742^i0 size=0 is_single_chunk=true is_aligned=true memcpy_needed=false
I0909 08:45:23.375797    1826 grpc_transport.cc:1743] [MEGASCALE_TRANSPORT_INSTR] SendRpc: key=psum.7_0_ag_0_sr_4_5|s100004->200004d|$c0$l290491742^i0 size=8388608 queue_latency_us=1 attempt=0
I0909 08:45:23.382879    1753 grpc_transport.cc:1414] [MEGASCALE_TRANSPORT_INSTR] Recv: key=psum.7_0_ag_0_sr_30_31|s200003->100003d|$c0$l290491742^i0 size=0 is_single_chunk=true is_aligned=true memcpy_needed=false
I0909 08:45:23.405087    1746 grpc_transport.cc:1743] [MEGASCALE_TRANSPORT_INSTR] SendRpc: key=psum.7_0_ag_0_sr_13_14|s100001->200001d|$c0$l290491742^i0 size=8388608 queue_latency_us=0 attempt=0
I0909 08:45:23.437238    1606 grpc_transport.cc:1414] [MEGASCALE_TRANSPORT_INSTR] Recv: key=psum.7_0_rs_0_sr_8_9|s200002->100002d|$c0$l290491743^i0 size=0 is_single_chunk=true is_aligned=true memcpy_needed=false
I0909 08:45:23.486030    1562 grpc_transport.cc:1743] [MEGASCALE_TRANSPORT_INSTR] SendRpc: key=psum.7_0_rs_0_sr_23_24|s100005->200005d|$c0$l290491743^i0 size=8388608 queue_latency_us=0 attempt=0
I0909 08:45:23.531302    1557 grpc_transport.cc:1414] [MEGASCALE_TRANSPORT_INSTR] Recv: key=psum.7_0_ag_0_sr_18_19|s200007->100007d|$c0$l290491743^i0 size=0 is_single_chunk=true is_aligned=true memcpy_needed=false
I0909 08:45:23.534337    1560 grpc_transport.cc:1743] [MEGASCALE_TRANSPORT_INSTR] SendRpc: key=psum.7_0_ag_0_sr_5_6|s100003->200003d|$c0$l290491743^i0 size=8388608 queue_latency_us=0 attempt=0
I0909 08:45:23.571535    1339 grpc_transport.cc:1414] [MEGASCALE_TRANSPORT_INSTR] Recv: key=psum.7_0_rs_0_sr_1_2|s200007->100007d|$c0$l290491744^i0 size=0 is_single_chunk=true is_aligned=true memcpy_needed=false
I0909 08:45:23.596836    1775 grpc_transport.cc:1414] [MEGASCALE_TRANSPORT_INSTR] Recv: key=psum.7_0_rs_0_sr_6_7|s200000->100000d|$c0$l290491744^i0 size=0 is_single_chunk=true is_aligned=true memcpy_needed=false
I0909 08:45:23.649363    1611 grpc_transport.cc:1743] [MEGASCALE_TRANSPORT_INSTR] SendRpc: key=psum.7_0_rs_0_sr_26_27|s100004->200004d|$c0$l290491744^i0 size=8388608 queue_latency_us=0 attempt=0
I0909 08:45:23.680266    1499 grpc_transport.cc:1743] [MEGASCALE_TRANSPORT_INSTR] SendRpc: key=psum.7_0_ag_0_sr_3_4|s100005->200005d|$c0$l290491744^i0 size=8388608 queue_latency_us=0 attempt=0
I0909 08:45:23.704133    1359 grpc_transport.cc:1743] [MEGASCALE_TRANSPORT_INSTR] SendRpc: key=psum.7_0_ag_0_sr_12_13|s100000->200000d|$c0$l290491744^i0 size=8388608 queue_latency_us=0 attempt=0
I0909 08:45:23.722843    1606 grpc_transport.cc:1414] [MEGASCALE_TRANSPORT_INSTR] Recv: key=psum.7_0_ag_0_sr_25_26|s200006->100006d|$c0$l290491744^i0 size=0 is_single_chunk=true is_aligned=true memcpy_needed=false
I0909 08:45:23.755726    1606 grpc_transport.cc:1414] [MEGASCALE_TRANSPORT_INSTR] Recv: key=psum.7_0_rs_0_sr_15_16|s200007->100007d|$c0$l290491745^i0 size=0 is_single_chunk=true is_aligned=true memcpy_needed=false
I0909 08:45:23.839082    1575 grpc_transport.cc:1743] [MEGASCALE_TRANSPORT_INSTR] SendRpc: key=psum.7_0_rs_0_sr_28_29|s100001->200001d|$c0$l290491745^i0 size=8388608 queue_latency_us=0 attempt=0
I0909 08:45:23.875582    1562 grpc_transport.cc:1414] [MEGASCALE_TRANSPORT_INSTR] Recv: key=psum.7_0_ag_0_sr_20_21|s200000->100000d|$c0$l290491745^i0 size=0 is_single_chunk=true is_aligned=true memcpy_needed=false
I0909 08:45:23.887031    1357 grpc_transport.cc:1743] [MEGASCALE_TRANSPORT_INSTR] SendRpc: key=psum.7_0_ag_0_sr_13_14|s100000->200000d|$c0$l290491745^i0 size=8388608 queue_latency_us=0 attempt=0
I0909 08:45:23.921552    1339 grpc_transport.cc:1414] [MEGASCALE_TRANSPORT_INSTR] Recv: key=psum.7_0_rs_0_sr_2_3|s200002->100002d|$c0$l290491746^i0 size=0 is_single_chunk=true is_aligned=true memcpy_needed=false
I0909 08:45:23.943942    1609 grpc_transport.cc:1414] [MEGASCALE_TRANSPORT_INSTR] Recv: key=psum.7_0_rs_0_sr_0_1|s200005->100005d|$c0$l290491746^i0 size=0 is_single_chunk=true is_aligned=true memcpy_needed=false
I0909 08:45:24.005010    1819 grpc_transport.cc:1743] [MEGASCALE_TRANSPORT_INSTR] SendRpc: key=psum.7_0_rs_0_sr_25_26|s100003->200003d|$c0$l290491746^i0 size=8388608 queue_latency_us=0 attempt=0
I0909 08:45:24.014730    1616 grpc_transport.cc:1743] [MEGASCALE_TRANSPORT_INSTR] SendRpc: key=psum.7_0_rs_0_sr_31_32|s100000->200000d|$c0$l290491746^i0 size=8388608 queue_latency_us=0 attempt=0
I0909 08:45:24.062748    1774 grpc_transport.cc:1743] [MEGASCALE_TRANSPORT_INSTR] SendRpc: key=psum.7_0_ag_0_sr_15_16|s100001->200001d|$c0$l290491746^i0 size=8388608 queue_latency_us=0 attempt=0
I0909 08:45:24.075771    1608 grpc_transport.cc:1414] [MEGASCALE_TRANSPORT_INSTR] Recv: key=psum.7_0_ag_0_sr_27_28|s200002->100002d|$c0$l290491746^i0 size=0 is_single_chunk=true is_aligned=true memcpy_needed=false
I0909 08:45:24.103723    1775 grpc_transport.cc:1414] [MEGASCALE_TRANSPORT_INSTR] Recv: key=psum.7_0_rs_0_sr_14_15|s200001->100001d|$c0$l290491747^i0 size=0 is_single_chunk=true is_aligned=true memcpy_needed=false
I0909 08:45:24.198208    1575 grpc_transport.cc:1743] [MEGASCALE_TRANSPORT_INSTR] SendRpc: key=psum.7_0_rs_0_sr_16_17|s100000->200000d|$c0$l290491747^i0 size=8388608 queue_latency_us=1 attempt=0
I0909 08:45:24.237053    1828 grpc_transport.cc:1414] [MEGASCALE_TRANSPORT_INSTR] Recv: key=psum.7_0_ag_0_sr_28_29|s200001->100001d|$c0$l290491747^i0 size=0 is_single_chunk=true is_aligned=true memcpy_needed=false
I0909 08:45:24.247559    1737 grpc_transport.cc:1743] [MEGASCALE_TRANSPORT_INSTR] SendRpc: key=psum.7_0_ag_0_sr_7_8|s100003->200003d|$c0$l290491747^i0 size=8388608 queue_latency_us=0 attempt=0
I0909 08:45:24.284949    1752 grpc_transport.cc:1414] [MEGASCALE_TRANSPORT_INSTR] Recv: key=psum.7_0_ag_0_sr_31_32|s200000->100000d|$c0$l290491747^i0 size=0 is_single_chunk=true is_aligned=true memcpy_needed=false
I0909 08:45:24.304505    1825 grpc_transport.cc:1414] [MEGASCALE_TRANSPORT_INSTR] Recv: key=psum.7_0_rs_0_sr_9_10|s200000->100000d|$c0$l290491748^i0 size=0 is_single_chunk=true is_aligned=true memcpy_needed=false
I0909 08:45:24.367181    1753 grpc_transport.cc:1743] [MEGASCALE_TRANSPORT_INSTR] SendRpc: key=psum.7_0_rs_0_sr_27_28|s100007->200007d|$c0$l290491748^i0 size=8388608 queue_latency_us=0 attempt=0
I0909 08:45:24.379898    1763 grpc_transport.cc:1743] [MEGASCALE_TRANSPORT_INSTR] SendRpc: key=psum.7_0_rs_0_sr_30_31|s100001->200001d|$c0$l290491748^i0 size=8388608 queue_latency_us=0 attempt=0
I0909 08:45:24.426108     802 grpc_transport.cc:1414] [MEGASCALE_TRANSPORT_INSTR] Recv: key=psum.7_0_ag_0_sr_28_29|s200002->100002d|$c0$l290491748^i0 size=0 is_single_chunk=true is_aligned=true memcpy_needed=false
I0909 08:45:24.432082     790 grpc_transport.cc:1743] [MEGASCALE_TRANSPORT_INSTR] SendRpc: key=psum.7_0_ag_0_sr_8_9|s100004->200004d|$c0$l290491748^i0 size=8388608 queue_latency_us=0 attempt=0
I0909 08:45:24.504258    1344 grpc_transport.cc:1414] [MEGASCALE_TRANSPORT_INSTR] Recv: key=psum.7_0_rs_0_sr_10_11|s200001->100001d|$c0$l290491749^i0 size=0 is_single_chunk=true is_aligned=true memcpy_needed=false
I0909 08:45:24.550078    1736 grpc_transport.cc:1743] [MEGASCALE_TRANSPORT_INSTR] SendRpc: key=psum.7_0_rs_0_sr_29_30|s100006->200006d|$c0$l290491749^i0 size=8388608 queue_latency_us=0 attempt=0
I0909 08:45:24.576520    1617 grpc_transport.cc:1414] [MEGASCALE_TRANSPORT_INSTR] Recv: key=psum.7_0_ag_0_sr_24_25|s200003->100003d|$c0$l290491749^i0 size=0 is_single_chunk=true is_aligned=true memcpy_needed=false
I0909 08:45:24.601071     796 grpc_transport.cc:1743] [MEGASCALE_TRANSPORT_INSTR] SendRpc: key=psum.7_0_ag_0_sr_4_5|s100001->200001d|$c0$l290491749^i0 size=8388608 queue_latency_us=0 attempt=0
I0909 08:45:24.608865    1614 grpc_transport.cc:1414] [MEGASCALE_TRANSPORT_INSTR] Recv: key=psum.7_0_ag_0_sr_30_31|s200004->100004d|$c0$l290491749^i0 size=0 is_single_chunk=true is_aligned=true memcpy_needed=false
I0909 08:45:24.652671    1760 grpc_transport.cc:1743] [MEGASCALE_TRANSPORT_INSTR] SendRpc: key=psum.7_0_ag_0_sr_15_16|s100004->200004d|$c0$l290491749^i0 size=8388608 queue_latency_us=0 attempt=0
I0909 08:45:24.685111    1824 grpc_transport.cc:1414] [MEGASCALE_TRANSPORT_INSTR] Recv: key=psum.7_0_rs_0_sr_3_4|s200005->100005d|$c0$l290491750^i0 size=0 is_single_chunk=true is_aligned=true memcpy_needed=false
I0909 08:45:24.708049     811 grpc_transport.cc:1743] [MEGASCALE_TRANSPORT_INSTR] SendRpc: key=psum.7_0_rs_0_sr_24_25|s100003->200003d|$c0$l290491750^i0 size=8388608 queue_latency_us=0 attempt=0
I0909 08:45:24.758834    1362 grpc_transport.cc:1414] [MEGASCALE_TRANSPORT_INSTR] Recv: key=psum.7_0_ag_0_sr_29_30|s200006->100006d|$c0$l290491750^i0 size=0 is_single_chunk=true is_aligned=true memcpy_needed=false
I0909 08:45:24.759485    1751 grpc_transport.cc:1743] [MEGASCALE_TRANSPORT_INSTR] SendRpc: key=psum.7_0_ag_0_sr_15_16|s100007->200007d|$c0$l290491750^i0 size=8388608 queue_latency_us=0 attempt=0
I0909 08:45:24.797729    1758 grpc_transport.cc:1414] [MEGASCALE_TRANSPORT_INSTR] Recv: key=psum.7_0_rs_0_sr_7_8|s200007->100007d|$c0$l290491751^i0 size=0 is_single_chunk=true is_aligned=true memcpy_needed=false
I0909 08:45:24.863473    1739 grpc_transport.cc:1743] [MEGASCALE_TRANSPORT_INSTR] SendRpc: key=psum.7_0_rs_0_sr_18_19|s100007->200007d|$c0$l290491751^i0 size=8388608 queue_latency_us=0 attempt=0
I0909 08:45:24.875946     796 grpc_transport.cc:1414] [MEGASCALE_TRANSPORT_INSTR] Recv: key=psum.7_0_ag_0_sr_17_18|s200004->100004d|$c0$l290491751^i0 size=0 is_single_chunk=true is_aligned=true memcpy_needed=false
I0909 08:45:24.909698    1822 grpc_transport.cc:1743] [MEGASCALE_TRANSPORT_INSTR] SendRpc: key=psum.7_0_ag_0_sr_1_2|s100006->200006d|$c0$l290491751^i0 size=8388608 queue_latency_us=0 attempt=0
I0909 08:45:24.920061    1775 grpc_transport.cc:1743] [MEGASCALE_TRANSPORT_INSTR] SendRpc: key=psum.7_0_ag_0_sr_9_10|s100005->200005d|$c0$l290491751^i0 size=8388608 queue_latency_us=0 attempt=0
I0909 08:45:24.934593    1819 grpc_transport.cc:1414] [MEGASCALE_TRANSPORT_INSTR] Recv: key=psum.7_0_ag_0_sr_31_32|s200007->100007d|$c0$l290491751^i0 size=0 is_single_chunk=true is_aligned=true memcpy_needed=false
I0909 08:45:24.969974    1607 grpc_transport.cc:1414] [MEGASCALE_TRANSPORT_INSTR] Recv: key=psum.7_0_rs_0_sr_8_9|s200000->100000d|$c0$l290491752^i0 size=0 is_single_chunk=true is_aligned=true memcpy_needed=false
I0909 08:45:25.024555    1822 grpc_transport.cc:1743] [MEGASCALE_TRANSPORT_INSTR] SendRpc: key=psum.7_0_rs_0_sr_21_22|s100007->200007d|$c0$l290491752^i0 size=8388608 queue_latency_us=0 attempt=0
I0909 08:45:25.068041    1362 grpc_transport.cc:1414] [MEGASCALE_TRANSPORT_INSTR] Recv: key=psum.7_0_ag_0_sr_31_32|s200002->100002d|$c0$l290491752^i0 size=0 is_single_chunk=true is_aligned=true memcpy_needed=false
I0909 08:45:25.074285    1761 grpc_transport.cc:1743] [MEGASCALE_TRANSPORT_INSTR] SendRpc: key=psum.7_0_ag_0_sr_7_8|s100002->200002d|$c0$l290491752^i0 size=8388608 queue_latency_us=0 attempt=0
I0909 08:45:25.112985    1606 grpc_transport.cc:1414] [MEGASCALE_TRANSPORT_INSTR] Recv: key=psum.7_0_rs_0_sr_6_7|s200006->100006d|$c0$l290491753^i0 size=0 is_single_chunk=true is_aligned=true memcpy_needed=false
I0909 08:45:25.143049    1344 grpc_transport.cc:1414] [MEGASCALE_TRANSPORT_INSTR] Recv: key=psum.7_0_rs_0_sr_1_2|s200001->100001d|$c0$l290491753^i0 size=0 is_single_chunk=true is_aligned=true memcpy_needed=false
I0909 08:45:25.203560     786 grpc_transport.cc:1743] [MEGASCALE_TRANSPORT_INSTR] SendRpc: key=psum.7_0_rs_0_sr_28_29|s100005->200005d|$c0$l290491753^i0 size=8388608 queue_latency_us=0 attempt=0
I0909 08:45:25.246771    1764 grpc_transport.cc:1743] [MEGASCALE_TRANSPORT_INSTR] SendRpc: key=psum.7_0_ag_0_sr_11_12|s100003->200003d|$c0$l290491753^i0 size=8388608 queue_latency_us=0 attempt=0
I0909 08:45:25.262107    1826 grpc_transport.cc:1414] [MEGASCALE_TRANSPORT_INSTR] Recv: key=psum.7_0_ag_0_sr_30_31|s200000->100000d|$c0$l290491753^i0 size=0 is_single_chunk=true is_aligned=true memcpy_needed=false
I0909 08:45:25.282648     795 grpc_transport.cc:1743] [MEGASCALE_TRANSPORT_INSTR] SendRpc: key=psum.7_0_ag_0_sr_6_7|s100005->200005d|$c0$l290491753^i0 size=8388608 queue_latency_us=0 attempt=0
I0909 08:45:25.339290    1339 grpc_transport.cc:1414] [MEGASCALE_TRANSPORT_INSTR] Recv: key=psum.7_0_rs_0_sr_13_14|s200002->100002d|$c0$l290491754^i0 size=0 is_single_chunk=true is_aligned=true memcpy_needed=false
I0909 08:45:25.373277    1742 grpc_transport.cc:1743] [MEGASCALE_TRANSPORT_INSTR] SendRpc: key=psum.7_0_rs_0_sr_24_25|s100003->200003d|$c0$l290491754^i0 size=8388608 queue_latency_us=0 attempt=0
I0909 08:45:25.416175    1738 grpc_transport.cc:1414] [MEGASCALE_TRANSPORT_INSTR] Recv: key=psum.7_0_ag_0_sr_21_22|s200002->100002d|$c0$l290491754^i0 size=0 is_single_chunk=true is_aligned=true memcpy_needed=false
I0909 08:45:25.420058    1870 grpc_transport.cc:1743] [MEGASCALE_TRANSPORT_INSTR] SendRpc: key=psum.7_0_ag_0_sr_10_11|s100002->200002d|$c0$l290491754^i0 size=8388608 queue_latency_us=0 attempt=0
I0909 08:45:25.462292    1606 grpc_transport.cc:1414] [MEGASCALE_TRANSPORT_INSTR] Recv: key=psum.7_0_rs_0_sr_4_5|s200003->100003d|$c0$l290491755^i0 size=0 is_single_chunk=true is_aligned=true memcpy_needed=false
I0909 08:45:25.482503    1760 grpc_transport.cc:1414] [MEGASCALE_TRANSPORT_INSTR] Recv: key=psum.7_0_rs_0_sr_15_16|s200005->100005d|$c0$l290491755^i0 size=0 is_single_chunk=true is_aligned=true memcpy_needed=false
I0909 08:45:25.523087    1485 grpc_transport.cc:1743] [MEGASCALE_TRANSPORT_INSTR] SendRpc: key=psum.7_0_rs_0_sr_18_19|s100002->200002d|$c0$l290491755^i0 size=8388608 queue_latency_us=0 attempt=0
I0909 08:45:25.532887     796 grpc_transport.cc:1743] [MEGASCALE_TRANSPORT_INSTR] SendRpc: key=psum.7_0_rs_0_sr_31_32|s100000->200000d|$c0$l290491755^i0 size=8388608 queue_latency_us=0 attempt=0
I0909 08:45:25.585451    1344 grpc_transport.cc:1743] [MEGASCALE_TRANSPORT_INSTR] SendRpc: key=psum.7_0_ag_0_sr_1_2|s100004->200004d|$c0$l290491755^i0 size=8388608 queue_latency_us=0 attempt=0
I0909 08:45:25.592601    1340 grpc_transport.cc:1414] [MEGASCALE_TRANSPORT_INSTR] Recv: key=psum.7_0_ag_0_sr_25_26|s200002->100002d|$c0$l290491755^i0 size=0 is_single_chunk=true is_aligned=true memcpy_needed=false
I0909 08:45:25.624146     796 grpc_transport.cc:1414] [MEGASCALE_TRANSPORT_INSTR] Recv: key=psum.7_0_rs_0_sr_5_6|s200000->100000d|$c0$l290491756^i0 size=0 is_single_chunk=true is_aligned=true memcpy_needed=false
I0909 08:45:25.677123    1485 grpc_transport.cc:1743] [MEGASCALE_TRANSPORT_INSTR] SendRpc: key=psum.7_0_rs_0_sr_25_26|s100007->200007d|$c0$l290491756^i0 size=8388608 queue_latency_us=1 attempt=0
I0909 08:45:25.713190    1501 grpc_transport.cc:1414] [MEGASCALE_TRANSPORT_INSTR] Recv: key=psum.7_0_ag_0_sr_20_21|s200005->100005d|$c0$l290491756^i0 size=0 is_single_chunk=true is_aligned=true memcpy_needed=false
I0909 08:45:25.731913     803 grpc_transport.cc:1743] [MEGASCALE_TRANSPORT_INSTR] SendRpc: key=psum.7_0_ag_0_sr_2_3|s100003->200003d|$c0$l290491756^i0 size=8388608 queue_latency_us=0 attempt=0
I0909 08:45:25.754536     786 grpc_transport.cc:1414] [MEGASCALE_TRANSPORT_INSTR] Recv: key=psum.7_0_ag_0_sr_20_21|s200004->100004d|$c0$l290491756^i0 size=0 is_single_chunk=true is_aligned=true memcpy_needed=false
I0909 08:45:25.790501    1344 grpc_transport.cc:1414] [MEGASCALE_TRANSPORT_INSTR] Recv: key=psum.7_0_rs_0_sr_15_16|s200005->100005d|$c0$l290491757^i0 size=0 is_single_chunk=true is_aligned=true memcpy_needed=false
I0909 08:45:25.821239    1828 grpc_transport.cc:1743] [MEGASCALE_TRANSPORT_INSTR] SendRpc: key=psum.7_0_rs_0_sr_17_18|s100001->200001d|$c0$l290491757^i0 size=8388608 queue_latency_us=0 attempt=0
I0909 08:45:25.835812    1828 grpc_transport.cc:1743] [MEGASCALE_TRANSPORT_INSTR] SendRpc: key=psum.7_0_rs_0_sr_28_29|s100004->200004d|$c0$l290491757^i0 size=8388608 queue_latency_us=0 attempt=0
I0909 08:45:25.883718    1495 grpc_transport.cc:1414] [MEGASCALE_TRANSPORT_INSTR] Recv: key=psum.7_0_ag_0_sr_23_24|s200000->100000d|$c0$l290491757^i0 size=0 is_single_chunk=true is_aligned=true memcpy_needed=false
I0909 08:45:25.885012     786 grpc_transport.cc:1743] [MEGASCALE_TRANSPORT_INSTR] SendRpc: key=psum.7_0_ag_0_sr_1_2|s100001->200001d|$c0$l290491757^i0 size=8388608 queue_latency_us=0 attempt=0
I0909 08:45:25.937800    1606 grpc_transport.cc:1414] [MEGASCALE_TRANSPORT_INSTR] Recv: key=psum.7_0_rs_0_sr_10_11|s200002->100002d|$c0$l290491758^i0 size=0 is_single_chunk=true is_aligned=true memcpy_needed=false
I0909 08:45:25.986325    1618 grpc_transport.cc:1743] [MEGASCALE_TRANSPORT_INSTR] SendRpc: key=psum.7_0_rs_0_sr_26_27|s100007->200007d|$c0$l290491758^i0 size=8388608 queue_latency_us=0 attempt=0
I0909 08:45:26.003592    1767 grpc_transport.cc:1414] [MEGASCALE_TRANSPORT_INSTR] Recv: key=psum.7_0_ag_0_sr_26_27|s200002->100002d|$c0$l290491758^i0 size=0 is_single_chunk=true is_aligned=true memcpy_needed=false
I0909 08:45:26.034250    1575 grpc_transport.cc:1743] [MEGASCALE_TRANSPORT_INSTR] SendRpc: key=psum.7_0_ag_0_sr_3_4|s100004->200004d|$c0$l290491758^i0 size=8388608 queue_latency_us=1 attempt=0
I0909 08:45:26.056724    1606 grpc_transport.cc:1414] [MEGASCALE_TRANSPORT_INSTR] Recv: key=psum.7_0_ag_0_sr_23_24|s200007->100007d|$c0$l290491758^i0 size=0 is_single_chunk=true is_aligned=true memcpy_needed=false
I0909 08:45:26.092856    1774 grpc_transport.cc:1414] [MEGASCALE_TRANSPORT_INSTR] Recv: key=psum.7_0_rs_0_sr_15_16|s200004->100004d|$c0$l290491759^i0 size=0 is_single_chunk=true is_aligned=true memcpy_needed=false
I0909 08:45:26.136582    1767 grpc_transport.cc:1743] [MEGASCALE_TRANSPORT_INSTR] SendRpc: key=psum.7_0_rs_0_sr_17_18|s100007->200007d|$c0$l290491759^i0 size=8388608 queue_latency_us=1 attempt=0
I0909 08:45:26.152256    1487 grpc_transport.cc:1743] [MEGASCALE_TRANSPORT_INSTR] SendRpc: key=psum.7_0_rs_0_sr_27_28|s100004->200004d|$c0$l290491759^i0 size=8388608 queue_latency_us=0 attempt=0
I0909 08:45:26.196798    1340 grpc_transport.cc:1743] [MEGASCALE_TRANSPORT_INSTR] SendRpc: key=psum.7_0_ag_0_sr_15_16|s100003->200003d|$c0$l290491759^i0 size=8388608 queue_latency_us=1 attempt=0
I0909 08:45:26.196807     815 grpc_transport.cc:1414] [MEGASCALE_TRANSPORT_INSTR] Recv: key=psum.7_0_ag_0_sr_21_22|s200002->100002d|$c0$l290491759^i0 size=0 is_single_chunk=true is_aligned=true memcpy_needed=false
I0909 08:45:26.267841    1606 grpc_transport.cc:1414] [MEGASCALE_TRANSPORT_INSTR] Recv: key=psum.7_0_rs_0_sr_0_1|s200003->100003d|$c0$l290491760^i0 size=0 is_single_chunk=true is_aligned=true memcpy_needed=false
I0909 08:45:26.322887    1762 grpc_transport.cc:1743] [MEGASCALE_TRANSPORT_INSTR] SendRpc: key=psum.7_0_rs_0_sr_30_31|s100001->200001d|$c0$l290491760^i0 size=8388608 queue_latency_us=1 attempt=0
I0909 08:45:26.331389    1755 grpc_transport.cc:1414] [MEGASCALE_TRANSPORT_INSTR] Recv: key=psum.7_0_ag_0_sr_16_17|s200002->100002d|$c0$l290491760^i0 size=0 is_single_chunk=true is_aligned=true memcpy_needed=false
I0909 08:45:26.361946    1757 grpc_transport.cc:1743] [MEGASCALE_TRANSPORT_INSTR] SendRpc: key=psum.7_0_ag_0_sr_15_16|s100006->200006d|$c0$l290491760^i0 size=8388608 queue_latency_us=0 attempt=0
I0909 08:45:26.390472    1340 grpc_transport.cc:1414] [MEGASCALE_TRANSPORT_INSTR] Recv: key=psum.7_0_ag_0_sr_30_31|s200003->100003d|$c0$l290491760^i0 size=0 is_single_chunk=true is_aligned=true memcpy_needed=false
I0909 08:45:26.402180    1762 grpc_transport.cc:1743] [MEGASCALE_TRANSPORT_INSTR] SendRpc: key=psum.7_0_ag_0_sr_14_15|s100005->200005d|$c0$l290491760^i0 size=8388608 queue_latency_us=0 attempt=0
I0909 08:45:26.446480    1340 grpc_transport.cc:1414] [MEGASCALE_TRANSPORT_INSTR] Recv: key=psum.7_0_rs_0_sr_14_15|s200003->100003d|$c0$l290491761^i0 size=0 is_single_chunk=true is_aligned=true memcpy_needed=false
I0909 08:45:26.478005    1753 grpc_transport.cc:1743] [MEGASCALE_TRANSPORT_INSTR] SendRpc: key=psum.7_0_rs_0_sr_25_26|s100002->200002d|$c0$l290491761^i0 size=8388608 queue_latency_us=0 attempt=0
I0909 08:45:26.517768    1736 grpc_transport.cc:1743] [MEGASCALE_TRANSPORT_INSTR] SendRpc: key=psum.7_0_ag_0_sr_3_4|s100002->200002d|$c0$l290491761^i0 size=8388608 queue_latency_us=0 attempt=0
I0909 08:45:26.517808    1480 grpc_transport.cc:1414] [MEGASCALE_TRANSPORT_INSTR] Recv: key=psum.7_0_ag_0_sr_30_31|s200007->100007d|$c0$l290491761^i0 size=0 is_single_chunk=true is_aligned=true memcpy_needed=false
I0909 08:45:26.598727    1340 grpc_transport.cc:1414] [MEGASCALE_TRANSPORT_INSTR] Recv: key=psum.7_0_rs_0_sr_10_11|s200006->100006d|$c0$l290491762^i0 size=0 is_single_chunk=true is_aligned=true memcpy_needed=false
I0909 08:45:26.623060    1825 grpc_transport.cc:1743] [MEGASCALE_TRANSPORT_INSTR] SendRpc: key=psum.7_0_rs_0_sr_26_27|s100005->200005d|$c0$l290491762^i0 size=8388608 queue_latency_us=0 attempt=0
I0909 08:45:26.635371    1826 grpc_transport.cc:1414] [MEGASCALE_TRANSPORT_INSTR] Recv: key=psum.7_0_rs_0_sr_11_12|s200005->100005d|$c0$l290491762^i0 size=0 is_single_chunk=true is_aligned=true memcpy_needed=false
I0909 08:45:26.659247    1742 grpc_transport.cc:1743] [MEGASCALE_TRANSPORT_INSTR] SendRpc: key=psum.7_0_ag_0_sr_3_4|s100003->200003d|$c0$l290491762^i0 size=8388608 queue_latency_us=0 attempt=0
I0909 08:45:26.688158    1563 grpc_transport.cc:1743] [MEGASCALE_TRANSPORT_INSTR] SendRpc: key=psum.7_0_ag_0_sr_1_2|s100004->200004d|$c0$l290491762^i0 size=8388608 queue_latency_us=0 attempt=0
I0909 08:45:26.701013    1340 grpc_transport.cc:1414] [MEGASCALE_TRANSPORT_INSTR] Recv: key=psum.7_0_ag_0_sr_28_29|s200002->100002d|$c0$l290491762^i0 size=0 is_single_chunk=true is_aligned=true memcpy_needed=false
I0909 08:45:26.752567    1606 grpc_transport.cc:1414] [MEGASCALE_TRANSPORT_INSTR] Recv: key=psum.7_0_rs_0_sr_1_2|s200003->100003d|$c0$l290491763^i0 size=0 is_single_chunk=true is_aligned=true memcpy_needed=false
I0909 08:45:26.782928    1759 grpc_transport.cc:1743] [MEGASCALE_TRANSPORT_INSTR] SendRpc: key=psum.7_0_rs_0_sr_27_28|s100002->200002d|$c0$l290491763^i0 size=8388608 queue_latency_us=0 attempt=0
I0909 08:45:26.819502    1771 grpc_transport.cc:1414] [MEGASCALE_TRANSPORT_INSTR] Recv: key=psum.7_0_ag_0_sr_16_17|s200005->100005d|$c0$l290491763^i0 size=0 is_single_chunk=true is_aligned=true memcpy_needed=false
I0909 08:45:26.823943    1480 grpc_transport.cc:1743] [MEGASCALE_TRANSPORT_INSTR] SendRpc: key=psum.7_0_ag_0_sr_2_3|s100006->200006d|$c0$l290491763^i0 size=8388608 queue_latency_us=0 attempt=0
I0909 08:45:26.912659    1606 grpc_transport.cc:1414] [MEGASCALE_TRANSPORT_INSTR] Recv: key=psum.7_0_rs_0_sr_9_10|s200006->100006d|$c0$l290491764^i0 size=0 is_single_chunk=true is_aligned=true memcpy_needed=false
I0909 08:45:26.929254    1344 grpc_transport.cc:1743] [MEGASCALE_TRANSPORT_INSTR] SendRpc: key=psum.7_0_rs_0_sr_23_24|s100000->200000d|$c0$l290491764^i0 size=8388608 queue_latency_us=0 attempt=0
I0909 08:45:26.937694     796 grpc_transport.cc:1743] [MEGASCALE_TRANSPORT_INSTR] SendRpc: key=psum.7_0_rs_0_sr_28_29|s100001->200001d|$c0$l290491764^i0 size=8388608 queue_latency_us=0 attempt=0
I0909 08:45:26.947452     815 grpc_transport.cc:1414] [MEGASCALE_TRANSPORT_INSTR] Recv: key=psum.7_0_rs_0_sr_15_16|s200007->100007d|$c0$l290491764^i0 size=0 is_single_chunk=true is_aligned=true memcpy_needed=false
I0909 08:45:26.993735    1340 grpc_transport.cc:1414] [MEGASCALE_TRANSPORT_INSTR] Recv: key=psum.7_0_ag_0_sr_31_32|s200002->100002d|$c0$l290491764^i0 size=0 is_single_chunk=true is_aligned=true memcpy_needed=false
I0909 08:45:26.999463    1491 grpc_transport.cc:1743] [MEGASCALE_TRANSPORT_INSTR] SendRpc: key=psum.7_0_ag_0_sr_15_16|s100000->200000d|$c0$l290491764^i0 size=8388608 queue_latency_us=0 attempt=0
I0909 08:45:27.042924    1487 grpc_transport.cc:1414] [MEGASCALE_TRANSPORT_INSTR] Recv: key=psum.7_0_rs_0_sr_7_8|s200005->100005d|$c0$l290491765^i0 size=0 is_single_chunk=true is_aligned=true memcpy_needed=false
I0909 08:45:27.096530    1563 grpc_transport.cc:1743] [MEGASCALE_TRANSPORT_INSTR] SendRpc: key=psum.7_0_rs_0_sr_30_31|s100004->200004d|$c0$l290491765^i0 size=8388608 queue_latency_us=0 attempt=0
I0909 08:45:27.123756    1762 grpc_transport.cc:1414] [MEGASCALE_TRANSPORT_INSTR] Recv: key=psum.7_0_ag_0_sr_25_26|s200004->100004d|$c0$l290491765^i0 size=0 is_single_chunk=true is_aligned=true memcpy_needed=false
I0909 08:45:27.137017    1617 grpc_transport.cc:1743] [MEGASCALE_TRANSPORT_INSTR] SendRpc: key=psum.7_0_ag_0_sr_7_8|s100006->200006d|$c0$l290491765^i0 size=8388608 queue_latency_us=0 attempt=0
I0909 08:45:27.180413     796 grpc_transport.cc:1414] [MEGASCALE_TRANSPORT_INSTR] Recv: key=psum.7_0_ag_0_sr_31_32|s200001->100001d|$c0$l290491765^i0 size=0 is_single_chunk=true is_aligned=true memcpy_needed=false
I0909 08:45:27.202163    1487 grpc_transport.cc:1414] [MEGASCALE_TRANSPORT_INSTR] Recv: key=psum.7_0_rs_0_sr_15_16|s200004->100004d|$c0$l290491766^i0 size=0 is_single_chunk=true is_aligned=true memcpy_needed=false
I0909 08:45:27.244085     809 grpc_transport.cc:1743] [MEGASCALE_TRANSPORT_INSTR] SendRpc: key=psum.7_0_rs_0_sr_20_21|s100003->200003d|$c0$l290491766^i0 size=8388608 queue_latency_us=0 attempt=0
I0909 08:45:27.254236    1736 grpc_transport.cc:1743] [MEGASCALE_TRANSPORT_INSTR] SendRpc: key=psum.7_0_rs_0_sr_30_31|s100007->200007d|$c0$l290491766^i0 size=8388608 queue_latency_us=0 attempt=0
I0909 08:45:27.305682    1340 grpc_transport.cc:1414] [MEGASCALE_TRANSPORT_INSTR] Recv: key=psum.7_0_ag_0_sr_23_24|s200007->100007d|$c0$l290491766^i0 size=0 is_single_chunk=true is_aligned=true memcpy_needed=false
I0909 08:45:27.318057    1762 grpc_transport.cc:1743] [MEGASCALE_TRANSPORT_INSTR] SendRpc: key=psum.7_0_ag_0_sr_13_14|s100001->200001d|$c0$l290491766^i0 size=8388608 queue_latency_us=0 attempt=0
I0909 08:45:27.356088    1340 grpc_transport.cc:1414] [MEGASCALE_TRANSPORT_INSTR] Recv: key=psum.7_0_rs_0_sr_2_3|s200002->100002d|$c0$l290491767^i0 size=0 is_single_chunk=true is_aligned=true memcpy_needed=false
I0909 08:45:27.419924    1896 grpc_transport.cc:1743] [MEGASCALE_TRANSPORT_INSTR] SendRpc: key=psum.7_0_rs_0_sr_16_17|s100006->200006d|$c0$l290491767^i0 size=8388608 queue_latency_us=0 attempt=0
I0909 08:45:27.444515    1762 grpc_transport.cc:1414] [MEGASCALE_TRANSPORT_INSTR] Recv: key=psum.7_0_ag_0_sr_20_21|s200005->100005d|$c0$l290491767^i0 size=0 is_single_chunk=true is_aligned=true memcpy_needed=false
I0909 08:45:27.466924    1897 grpc_transport.cc:1743] [MEGASCALE_TRANSPORT_INSTR] SendRpc: key=psum.7_0_ag_0_sr_14_15|s100007->200007d|$c0$l290491767^i0 size=8388608 queue_latency_us=0 attempt=0
I0909 08:45:27.475839    1344 grpc_transport.cc:1414] [MEGASCALE_TRANSPORT_INSTR] Recv: key=psum.7_0_ag_0_sr_31_32|s200001->100001d|$c0$l290491767^i0 size=0 is_single_chunk=true is_aligned=true memcpy_needed=false
I0909 08:45:27.540140    1744 grpc_transport.cc:1743] [MEGASCALE_TRANSPORT_INSTR] SendRpc: key=psum.7_0_ag_0_sr_0_1|s100004->200004d|$c0$l290491767^i0 size=8388608 queue_latency_us=0 attempt=0
I0909 08:45:27.568671    1756 grpc_transport.cc:1743] [MEGASCALE_TRANSPORT_INSTR] SendRpc: key=psum.7_0_rs_0_sr_29_30|s100001->200001d|$c0$l290491768^i0 size=8388608 queue_latency_us=0 attempt=0
I0909 08:45:27.585007    1826 grpc_transport.cc:1414] [MEGASCALE_TRANSPORT_INSTR] Recv: key=psum.7_0_rs_0_sr_7_8|s200000->100000d|$c0$l290491768^i0 size=0 is_single_chunk=true is_aligned=true memcpy_needed=false
I0909 08:45:27.629508    1894 grpc_transport.cc:1743] [MEGASCALE_TRANSPORT_INSTR] SendRpc: key=psum.7_0_ag_0_sr_14_15|s100002->200002d|$c0$l290491768^i0 size=8388608 queue_latency_us=0 attempt=0
I0909 08:45:27.631870    1870 grpc_transport.cc:1414] [MEGASCALE_TRANSPORT_INSTR] Recv: key=psum.7_0_ag_0_sr_26_27|s200002->100002d|$c0$l290491768^i0 size=0 is_single_chunk=true is_aligned=true memcpy_needed=false
I0909 08:45:27.704674    1558 grpc_transport.cc:1414] [MEGASCALE_TRANSPORT_INSTR] Recv: key=psum.7_0_rs_0_sr_4_5|s200004->100004d|$c0$l290491769^i0 size=0 is_single_chunk=true is_aligned=true memcpy_needed=false
I0909 08:45:27.722145    1611 grpc_transport.cc:1414] [MEGASCALE_TRANSPORT_INSTR] Recv: key=psum.7_0_rs_0_sr_0_1|s200000->100000d|$c0$l290491769^i0 size=0 is_single_chunk=true is_aligned=true memcpy_needed=false
I0909 08:45:27.742596    1743 grpc_transport.cc:1743] [MEGASCALE_TRANSPORT_INSTR] SendRpc: key=psum.7_0_rs_0_sr_31_32|s100006->200006d|$c0$l290491769^i0 size=8388608 queue_latency_us=1 attempt=0
I0909 08:45:27.782767    1897 grpc_transport.cc:1743] [MEGASCALE_TRANSPORT_INSTR] SendRpc: key=psum.7_0_ag_0_sr_2_3|s100006->200006d|$c0$l290491769^i0 size=8388608 queue_latency_us=0 attempt=0
I0909 08:45:27.801942     797 grpc_transport.cc:1743] [MEGASCALE_TRANSPORT_INSTR] SendRpc: key=psum.7_0_ag_0_sr_10_11|s100004->200004d|$c0$l290491769^i0 size=8388608 queue_latency_us=0 attempt=0
I0909 08:45:27.809410     798 grpc_transport.cc:1414] [MEGASCALE_TRANSPORT_INSTR] Recv: key=psum.7_0_ag_0_sr_29_30|s200004->100004d|$c0$l290491769^i0 size=0 is_single_chunk=true is_aligned=true memcpy_needed=false
I0909 08:45:27.852897     798 grpc_transport.cc:1414] [MEGASCALE_TRANSPORT_INSTR] Recv: key=psum.7_0_rs_0_sr_4_5|s200005->100005d|$c0$l290491770^i0 size=0 is_single_chunk=true is_aligned=true memcpy_needed=false
I0909 08:45:27.910740     809 grpc_transport.cc:1743] [MEGASCALE_TRANSPORT_INSTR] SendRpc: key=psum.7_0_rs_0_sr_31_32|s100003->200003d|$c0$l290491770^i0 size=8388608 queue_latency_us=0 attempt=0
I0909 08:45:27.950690     804 grpc_transport.cc:1414] [MEGASCALE_TRANSPORT_INSTR] Recv: key=psum.7_0_ag_0_sr_27_28|s200007->100007d|$c0$l290491770^i0 size=0 is_single_chunk=true is_aligned=true memcpy_needed=false
I0909 08:45:27.957419    1340 grpc_transport.cc:1743] [MEGASCALE_TRANSPORT_INSTR] SendRpc: key=psum.7_0_ag_0_sr_4_5|s100003->200003d|$c0$l290491770^i0 size=8388608 queue_latency_us=0 attempt=0
I0909 08:45:27.995038    1340 grpc_transport.cc:1414] [MEGASCALE_TRANSPORT_INSTR] Recv: key=psum.7_0_rs_0_sr_2_3|s200003->100003d|$c0$l290491771^i0 size=0 is_single_chunk=true is_aligned=true memcpy_needed=false
I0909 08:45:28.036726    1564 grpc_transport.cc:1414] [MEGASCALE_TRANSPORT_INSTR] Recv: key=psum.7_0_rs_0_sr_1_2|s200004->100004d|$c0$l290491771^i0 size=0 is_single_chunk=true is_aligned=true memcpy_needed=false
I0909 08:45:28.067966     795 grpc_transport.cc:1743] [MEGASCALE_TRANSPORT_INSTR] SendRpc: key=psum.7_0_rs_0_sr_29_30|s100000->200000d|$c0$l290491771^i0 size=8388608 queue_latency_us=0 attempt=0
I0909 08:45:28.089595    1894 grpc_transport.cc:1743] [MEGASCALE_TRANSPORT_INSTR] SendRpc: key=psum.7_0_ag_0_sr_11_12|s100002->200002d|$c0$l290491771^i0 size=8388608 queue_latency_us=0 attempt=0
I0909 08:45:28.126698    1772 grpc_transport.cc:1743] [MEGASCALE_TRANSPORT_INSTR] SendRpc: key=psum.7_0_ag_0_sr_12_13|s100004->200004d|$c0$l290491771^i0 size=8388608 queue_latency_us=0 attempt=0
I0909 08:45:28.140564    1340 grpc_transport.cc:1414] [MEGASCALE_TRANSPORT_INSTR] Recv: key=psum.7_0_ag_0_sr_29_30|s200007->100007d|$c0$l290491771^i0 size=0 is_single_chunk=true is_aligned=true memcpy_needed=false
I0909 08:45:28.177862    1608 grpc_transport.cc:1414] [MEGASCALE_TRANSPORT_INSTR] Recv: key=psum.7_0_rs_0_sr_12_13|s200003->100003d|$c0$l290491772^i0 size=0 is_single_chunk=true is_aligned=true memcpy_needed=false
I0909 08:45:28.234659     786 grpc_transport.cc:1743] [MEGASCALE_TRANSPORT_INSTR] SendRpc: key=psum.7_0_rs_0_sr_24_25|s100001->200001d|$c0$l290491772^i0 size=8388608 queue_latency_us=0 attempt=0
I0909 08:45:28.275770    1943 grpc_transport.cc:1414] [MEGASCALE_TRANSPORT_INSTR] Recv: key=psum.7_0_ag_0_sr_22_23|s200003->100003d|$c0$l290491772^i0 size=0 is_single_chunk=true is_aligned=true memcpy_needed=false
I0909 08:45:28.279349    1940 grpc_transport.cc:1743] [MEGASCALE_TRANSPORT_INSTR] SendRpc: key=psum.7_0_ag_0_sr_5_6|s100000->200000d|$c0$l290491772^i0 size=8388608 queue_latency_us=0 attempt=0
I0909 08:45:28.320780    1608 grpc_transport.cc:1414] [MEGASCALE_TRANSPORT_INSTR] Recv: key=psum.7_0_rs_0_sr_8_9|s200003->100003d|$c0$l290491773^i0 size=0 is_single_chunk=true is_aligned=true memcpy_needed=false
I0909 08:45:28.343570    1944 grpc_transport.cc:1414] [MEGASCALE_TRANSPORT_INSTR] Recv: key=psum.7_0_rs_0_sr_15_16|s200004->100004d|$c0$l290491773^i0 size=0 is_single_chunk=true is_aligned=true memcpy_needed=false
I0909 08:45:28.390102    1609 grpc_transport.cc:1743] [MEGASCALE_TRANSPORT_INSTR] SendRpc: key=psum.7_0_rs_0_sr_22_23|s100000->200000d|$c0$l290491773^i0 size=8388608 queue_latency_us=0 attempt=0
I0909 08:45:28.400657    1352 grpc_transport.cc:1743] [MEGASCALE_TRANSPORT_INSTR] SendRpc: key=psum.7_0_rs_0_sr_25_26|s100001->200001d|$c0$l290491773^i0 size=8388608 queue_latency_us=0 attempt=0
I0909 08:45:28.450006     803 grpc_transport.cc:1743] [MEGASCALE_TRANSPORT_INSTR] SendRpc: key=psum.7_0_ag_0_sr_7_8|s100006->200006d|$c0$l290491773^i0 size=8388608 queue_latency_us=0 attempt=0
I0909 08:45:28.458633    1944 grpc_transport.cc:1414] [MEGASCALE_TRANSPORT_INSTR] Recv: key=psum.7_0_ag_0_sr_22_23|s200005->100005d|$c0$l290491773^i0 size=0 is_single_chunk=true is_aligned=true memcpy_needed=false
I0909 08:45:28.488182    1936 grpc_transport.cc:1414] [MEGASCALE_TRANSPORT_INSTR] Recv: key=psum.7_0_rs_0_sr_2_3|s200004->100004d|$c0$l290491774^i0 size=0 is_single_chunk=true is_aligned=true memcpy_needed=false
I0909 08:45:28.552036    1483 grpc_transport.cc:1743] [MEGASCALE_TRANSPORT_INSTR] SendRpc: key=psum.7_0_rs_0_sr_24_25|s100003->200003d|$c0$l290491774^i0 size=8388608 queue_latency_us=0 attempt=0
I0909 08:45:28.571494    1743 grpc_transport.cc:1414] [MEGASCALE_TRANSPORT_INSTR] Recv: key=psum.7_0_ag_0_sr_26_27|s200002->100002d|$c0$l290491774^i0 size=0 is_single_chunk=true is_aligned=true memcpy_needed=false
I0909 08:45:28.595754    1933 grpc_transport.cc:1743] [MEGASCALE_TRANSPORT_INSTR] SendRpc: key=psum.7_0_ag_0_sr_3_4|s100001->200001d|$c0$l290491774^i0 size=8388608 queue_latency_us=0 attempt=0
I0909 08:45:28.622502    1608 grpc_transport.cc:1414] [MEGASCALE_TRANSPORT_INSTR] Recv: key=psum.7_0_ag_0_sr_25_26|s200007->100007d|$c0$l290491774^i0 size=0 is_single_chunk=true is_aligned=true memcpy_needed=false
I0909 08:45:28.653081    1608 grpc_transport.cc:1414] [MEGASCALE_TRANSPORT_INSTR] Recv: key=psum.7_0_rs_0_sr_11_12|s200003->100003d|$c0$l290491775^i0 size=0 is_single_chunk=true is_aligned=true memcpy_needed=false
I0909 08:45:28.691800    1483 grpc_transport.cc:1743] [MEGASCALE_TRANSPORT_INSTR] SendRpc: key=psum.7_0_rs_0_sr_19_20|s100006->200006d|$c0$l290491775^i0 size=8388608 queue_latency_us=0 attempt=0
I0909 08:45:28.703940    1483 grpc_transport.cc:1743] [MEGASCALE_TRANSPORT_INSTR] SendRpc: key=psum.7_0_rs_0_sr_27_28|s100002->200002d|$c0$l290491775^i0 size=8388608 queue_latency_us=0 attempt=0
I0909 08:45:28.749529    1483 grpc_transport.cc:1414] [MEGASCALE_TRANSPORT_INSTR] Recv: key=psum.7_0_ag_0_sr_22_23|s200002->100002d|$c0$l290491775^i0 size=0 is_single_chunk=true is_aligned=true memcpy_needed=false
I0909 08:45:28.751032    1340 grpc_transport.cc:1743] [MEGASCALE_TRANSPORT_INSTR] SendRpc: key=psum.7_0_ag_0_sr_6_7|s100003->200003d|$c0$l290491775^i0 size=8388608 queue_latency_us=0 attempt=0
I0909 08:45:28.791531    1935 grpc_transport.cc:1414] [MEGASCALE_TRANSPORT_INSTR] Recv: key=psum.7_0_rs_0_sr_10_11|s200004->100004d|$c0$l290491776^i0 size=0 is_single_chunk=true is_aligned=true memcpy_needed=false
I0909 08:45:28.853689    1491 grpc_transport.cc:1743] [MEGASCALE_TRANSPORT_INSTR] SendRpc: key=psum.7_0_rs_0_sr_25_26|s100001->200001d|$c0$l290491776^i0 size=8388608 queue_latency_us=1 attempt=0
I0909 08:45:28.865229    1939 grpc_transport.cc:1414] [MEGASCALE_TRANSPORT_INSTR] Recv: key=psum.7_0_ag_0_sr_23_24|s200003->100003d|$c0$l290491776^i0 size=0 is_single_chunk=true is_aligned=true memcpy_needed=false
I0909 08:45:28.896066    1617 grpc_transport.cc:1743] [MEGASCALE_TRANSPORT_INSTR] SendRpc: key=psum.7_0_ag_0_sr_1_2|s100006->200006d|$c0$l290491776^i0 size=8388608 queue_latency_us=0 attempt=0
I0909 08:45:28.908993    1743 grpc_transport.cc:1743] [MEGASCALE_TRANSPORT_INSTR] SendRpc: key=psum.7_0_ag_0_sr_8_9|s100002->200002d|$c0$l290491776^i0 size=8388608 queue_latency_us=0 attempt=0
I0909 08:45:28.926042    1771 grpc_transport.cc:1414] [MEGASCALE_TRANSPORT_INSTR] Recv: key=psum.7_0_ag_0_sr_27_28|s200004->100004d|$c0$l290491776^i0 size=0 is_single_chunk=true is_aligned=true memcpy_needed=false
I0909 08:45:28.958646    1756 grpc_transport.cc:1414] [MEGASCALE_TRANSPORT_INSTR] Recv: key=psum.7_0_rs_0_sr_10_11|s200004->100004d|$c0$l290491777^i0 size=0 is_single_chunk=true is_aligned=true memcpy_needed=false
I0909 08:45:29.023227    1575 grpc_transport.cc:1743] [MEGASCALE_TRANSPORT_INSTR] SendRpc: key=psum.7_0_rs_0_sr_24_25|s100001->200001d|$c0$l290491777^i0 size=8388608 queue_latency_us=0 attempt=0
I0909 08:45:29.067236    1941 grpc_transport.cc:1414] [MEGASCALE_TRANSPORT_INSTR] Recv: key=psum.7_0_ag_0_sr_31_32|s200006->100006d|$c0$l290491777^i0 size=0 is_single_chunk=true is_aligned=true memcpy_needed=false
I0909 08:45:29.068052    1945 grpc_transport.cc:1743] [MEGASCALE_TRANSPORT_INSTR] SendRpc: key=psum.7_0_ag_0_sr_11_12|s100003->200003d|$c0$l290491777^i0 size=8388608 queue_latency_us=0 attempt=0
I0909 08:45:29.109927    1608 grpc_transport.cc:1414] [MEGASCALE_TRANSPORT_INSTR] Recv: key=psum.7_0_rs_0_sr_12_13|s200007->100007d|$c0$l290491778^i0 size=0 is_single_chunk=true is_aligned=true memcpy_needed=false
I0909 08:45:29.137248    1771 grpc_transport.cc:1414] [MEGASCALE_TRANSPORT_INSTR] Recv: key=psum.7_0_rs_0_sr_1_2|s200004->100004d|$c0$l290491778^i0 size=0 is_single_chunk=true is_aligned=true memcpy_needed=false
I0909 08:45:29.185014    1933 grpc_transport.cc:1743] [MEGASCALE_TRANSPORT_INSTR] SendRpc: key=psum.7_0_rs_0_sr_28_29|s100000->200000d|$c0$l290491778^i0 size=8388608 queue_latency_us=0 attempt=0
I0909 08:45:29.218664    1978 grpc_transport.cc:1743] [MEGASCALE_TRANSPORT_INSTR] SendRpc: key=psum.7_0_ag_0_sr_1_2|s100006->200006d|$c0$l290491778^i0 size=8388608 queue_latency_us=0 attempt=0
I0909 08:45:29.243756     786 grpc_transport.cc:1743] [MEGASCALE_TRANSPORT_INSTR] SendRpc: key=psum.7_0_ag_0_sr_10_11|s100001->200001d|$c0$l290491778^i0 size=8388608 queue_latency_us=0 attempt=0
I0909 08:45:29.253122    1960 grpc_transport.cc:1414] [MEGASCALE_TRANSPORT_INSTR] Recv: key=psum.7_0_ag_0_sr_30_31|s200007->100007d|$c0$l290491778^i0 size=0 is_single_chunk=true is_aligned=true memcpy_needed=false
I0909 08:45:29.301179    1501 grpc_transport.cc:1414] [MEGASCALE_TRANSPORT_INSTR] Recv: key=psum.7_0_rs_0_sr_2_3|s200004->100004d|$c0$l290491779^i0 size=0 is_single_chunk=true is_aligned=true memcpy_needed=false
I0909 08:45:29.353091     786 grpc_transport.cc:1743] [MEGASCALE_TRANSPORT_INSTR] SendRpc: key=psum.7_0_rs_0_sr_28_29|s100004->200004d|$c0$l290491779^i0 size=8388608 queue_latency_us=0 attempt=0
I0909 08:45:29.386195    1980 grpc_transport.cc:1743] [MEGASCALE_TRANSPORT_INSTR] SendRpc: key=psum.7_0_ag_0_sr_8_9|s100002->200002d|$c0$l290491779^i0 size=8388608 queue_latency_us=0 attempt=0
I0909 08:45:29.389252    1940 grpc_transport.cc:1414] [MEGASCALE_TRANSPORT_INSTR] Recv: key=psum.7_0_ag_0_sr_23_24|s200005->100005d|$c0$l290491779^i0 size=0 is_single_chunk=true is_aligned=true memcpy_needed=false
I0909 08:45:29.440540    1608 grpc_transport.cc:1414] [MEGASCALE_TRANSPORT_INSTR] Recv: key=psum.7_0_rs_0_sr_5_6|s200003->100003d|$c0$l290491780^i0 size=0 is_single_chunk=true is_aligned=true memcpy_needed=false
I0909 08:45:29.481971     794 grpc_transport.cc:1414] [MEGASCALE_TRANSPORT_INSTR] Recv: key=psum.7_0_rs_0_sr_10_11|s200001->100001d|$c0$l290491780^i0 size=0 is_single_chunk=true is_aligned=true memcpy_needed=false
I0909 08:45:29.514207    1555 grpc_transport.cc:1743] [MEGASCALE_TRANSPORT_INSTR] SendRpc: key=psum.7_0_rs_0_sr_29_30|s100003->200003d|$c0$l290491780^i0 size=8388608 queue_latency_us=0 attempt=0
I0909 08:45:29.540848    1959 grpc_transport.cc:1743] [MEGASCALE_TRANSPORT_INSTR] SendRpc: key=psum.7_0_ag_0_sr_7_8|s100003->200003d|$c0$l290491780^i0 size=8388608 queue_latency_us=0 attempt=0
I0909 08:45:29.588941    1959 grpc_transport.cc:1414] [MEGASCALE_TRANSPORT_INSTR] Recv: key=psum.7_0_ag_0_sr_19_20|s200002->100002d|$c0$l290491780^i0 size=0 is_single_chunk=true is_aligned=true memcpy_needed=false
I0909 08:45:29.606606     795 grpc_transport.cc:1743] [MEGASCALE_TRANSPORT_INSTR] SendRpc: key=psum.7_0_ag_0_sr_8_9|s100000->200000d|$c0$l290491780^i0 size=8388608 queue_latency_us=0 attempt=0
I0909 08:45:29.644904    1933 grpc_transport.cc:1414] [MEGASCALE_TRANSPORT_INSTR] Recv: key=psum.7_0_rs_0_sr_5_6|s200000->100000d|$c0$l290491781^i0 size=0 is_single_chunk=true is_aligned=true memcpy_needed=false
I0909 08:45:29.705354     809 grpc_transport.cc:1743] [MEGASCALE_TRANSPORT_INSTR] SendRpc: key=psum.7_0_rs_0_sr_26_27|s100006->200006d|$c0$l290491781^i0 size=8388608 queue_latency_us=0 attempt=0
I0909 08:45:29.739150    1894 grpc_transport.cc:1414] [MEGASCALE_TRANSPORT_INSTR] Recv: key=psum.7_0_ag_0_sr_21_22|s200002->100002d|$c0$l290491781^i0 size=0 is_single_chunk=true is_aligned=true memcpy_needed=false
I0909 08:45:29.739333    1893 grpc_transport.cc:1743] [MEGASCALE_TRANSPORT_INSTR] SendRpc: key=psum.7_0_ag_0_sr_3_4|s100002->200002d|$c0$l290491781^i0 size=8388608 queue_latency_us=0 attempt=0
I0909 08:45:29.781490    1940 grpc_transport.cc:1414] [MEGASCALE_TRANSPORT_INSTR] Recv: key=psum.7_0_ag_0_sr_29_30|s200000->100000d|$c0$l290491781^i0 size=0 is_single_chunk=true is_aligned=true memcpy_needed=false
I0909 08:45:29.822910    1768 grpc_transport.cc:1414] [MEGASCALE_TRANSPORT_INSTR] Recv: key=psum.7_0_rs_0_sr_8_9|s200005->100005d|$c0$l290491782^i0 size=0 is_single_chunk=true is_aligned=true memcpy_needed=false
I0909 08:45:29.864786    1984 grpc_transport.cc:1743] [MEGASCALE_TRANSPORT_INSTR] SendRpc: key=psum.7_0_rs_0_sr_18_19|s100006->200006d|$c0$l290491782^i0 size=8388608 queue_latency_us=0 attempt=0
I0909 08:45:29.879316    1771 grpc_transport.cc:1743] [MEGASCALE_TRANSPORT_INSTR] SendRpc: key=psum.7_0_rs_0_sr_30_31|s100005->200005d|$c0$l290491782^i0 size=8388608 queue_latency_us=0 attempt=0
I0909 08:45:29.923484    1940 grpc_transport.cc:1414] [MEGASCALE_TRANSPORT_INSTR] Recv: key=psum.7_0_ag_0_sr_20_21|s200001->100001d|$c0$l290491782^i0 size=0 is_single_chunk=true is_aligned=true memcpy_needed=false
I0909 08:45:29.925184    1760 grpc_transport.cc:1743] [MEGASCALE_TRANSPORT_INSTR] SendRpc: key=psum.7_0_ag_0_sr_12_13|s100004->200004d|$c0$l290491782^i0 size=8388608 queue_latency_us=1 attempt=0
I0909 08:45:29.962928    1959 grpc_transport.cc:1414] [MEGASCALE_TRANSPORT_INSTR] Recv: key=psum.7_0_rs_0_sr_4_5|s200002->100002d|$c0$l290491783^i0 size=0 is_single_chunk=true is_aligned=true memcpy_needed=false
I0909 08:45:30.026715    1768 grpc_transport.cc:1743] [MEGASCALE_TRANSPORT_INSTR] SendRpc: key=psum.7_0_rs_0_sr_27_28|s100004->200004d|$c0$l290491783^i0 size=8388608 queue_latency_us=0 attempt=0
I0909 08:45:30.045559    1351 grpc_transport.cc:1414] [MEGASCALE_TRANSPORT_INSTR] Recv: key=psum.7_0_ag_0_sr_17_18|s200003->100003d|$c0$l290491783^i0 size=0 is_single_chunk=true is_aligned=true memcpy_needed=false
I0909 08:45:30.062049    1898 grpc_transport.cc:1743] [MEGASCALE_TRANSPORT_INSTR] SendRpc: key=psum.7_0_ag_0_sr_3_4|s100007->200007d|$c0$l290491783^i0 size=8388608 queue_latency_us=0 attempt=0
I0909 08:45:30.113468    1768 grpc_transport.cc:1414] [MEGASCALE_TRANSPORT_INSTR] Recv: key=psum.7_0_ag_0_sr_18_19|s200000->100000d|$c0$l290491783^i0 size=0 is_single_chunk=true is_aligned=true memcpy_needed=false
I0909 08:45:30.134986    1756 grpc_transport.cc:1414] [MEGASCALE_TRANSPORT_INSTR] Recv: key=psum.7_0_rs_0_sr_6_7|s200005->100005d|$c0$l290491784^i0 size=0 is_single_chunk=true is_aligned=true memcpy_needed=false
I0909 08:45:30.182167    1564 grpc_transport.cc:1743] [MEGASCALE_TRANSPORT_INSTR] SendRpc: key=psum.7_0_rs_0_sr_16_17|s100000->200000d|$c0$l290491784^i0 size=8388608 queue_latency_us=1 attempt=0
I0909 08:45:30.194682    1611 grpc_transport.cc:1743] [MEGASCALE_TRANSPORT_INSTR] SendRpc: key=psum.7_0_rs_0_sr_23_24|s100005->200005d|$c0$l290491784^i0 size=8388608 queue_latency_us=0 attempt=0
I0909 08:45:30.240939    2014 grpc_transport.cc:1414] [MEGASCALE_TRANSPORT_INSTR] Recv: key=psum.7_0_ag_0_sr_29_30|s200006->100006d|$c0$l290491784^i0 size=0 is_single_chunk=true is_aligned=true memcpy_needed=false
I0909 08:45:30.245443    1768 grpc_transport.cc:1743] [MEGASCALE_TRANSPORT_INSTR] SendRpc: key=psum.7_0_ag_0_sr_14_15|s100000->200000d|$c0$l290491784^i0 size=8388608 queue_latency_us=0 attempt=0
I0909 08:45:30.287014    2016 grpc_transport.cc:1414] [MEGASCALE_TRANSPORT_INSTR] Recv: key=psum.7_0_rs_0_sr_13_14|s200006->100006d|$c0$l290491785^i0 size=0 is_single_chunk=true is_aligned=true memcpy_needed=false
I0909 08:45:30.357931     803 grpc_transport.cc:1743] [MEGASCALE_TRANSPORT_INSTR] SendRpc: key=psum.7_0_rs_0_sr_21_22|s100002->200002d|$c0$l290491785^i0 size=8388608 queue_latency_us=0 attempt=0
I0909 08:45:30.367823    1963 grpc_transport.cc:1414] [MEGASCALE_TRANSPORT_INSTR] Recv: key=psum.7_0_ag_0_sr_17_18|s200003->100003d|$c0$l290491785^i0 size=0 is_single_chunk=true is_aligned=true memcpy_needed=false
I0909 08:45:30.402115    1963 grpc_transport.cc:1743] [MEGASCALE_TRANSPORT_INSTR] SendRpc: key=psum.7_0_ag_0_sr_14_15|s100003->200003d|$c0$l290491785^i0 size=8388608 queue_latency_us=0 attempt=0
I0909 08:45:30.420515    1826 grpc_transport.cc:1743] [MEGASCALE_TRANSPORT_INSTR] SendRpc: key=psum.7_0_ag_0_sr_12_13|s100005->200005d|$c0$l290491785^i0 size=8388608 queue_latency_us=0 attempt=0
I0909 08:45:30.425493    1608 grpc_transport.cc:1414] [MEGASCALE_TRANSPORT_INSTR] Recv: key=psum.7_0_ag_0_sr_28_29|s200007->100007d|$c0$l290491785^i0 size=0 is_single_chunk=true is_aligned=true memcpy_needed=false
I0909 08:45:30.457190    2016 grpc_transport.cc:1414] [MEGASCALE_TRANSPORT_INSTR] Recv: key=psum.7_0_rs_0_sr_15_16|s200002->100002d|$c0$l290491786^i0 size=0 is_single_chunk=true is_aligned=true memcpy_needed=false
I0909 08:45:30.535009    1558 grpc_transport.cc:1743] [MEGASCALE_TRANSPORT_INSTR] SendRpc: key=psum.7_0_rs_0_sr_29_30|s100001->200001d|$c0$l290491786^i0 size=8388608 queue_latency_us=0 attempt=0
I0909 08:45:30.579014    1555 grpc_transport.cc:1414] [MEGASCALE_TRANSPORT_INSTR] Recv: key=psum.7_0_ag_0_sr_24_25|s200007->100007d|$c0$l290491786^i0 size=0 is_single_chunk=true is_aligned=true memcpy_needed=false
I0909 08:45:30.582770    1892 grpc_transport.cc:1743] [MEGASCALE_TRANSPORT_INSTR] SendRpc: key=psum.7_0_ag_0_sr_13_14|s100007->200007d|$c0$l290491786^i0 size=8388608 queue_latency_us=0 attempt=0
I0909 08:45:30.621885    2016 grpc_transport.cc:1414] [MEGASCALE_TRANSPORT_INSTR] Recv: key=psum.7_0_rs_0_sr_3_4|s200006->100006d|$c0$l290491787^i0 size=0 is_single_chunk=true is_aligned=true memcpy_needed=false
I0909 08:45:30.656671    1772 grpc_transport.cc:1414] [MEGASCALE_TRANSPORT_INSTR] Recv: key=psum.7_0_rs_0_sr_9_10|s200000->100000d|$c0$l290491787^i0 size=0 is_single_chunk=true is_aligned=true memcpy_needed=false
I0909 08:45:30.703682    1749 grpc_transport.cc:1743] [MEGASCALE_TRANSPORT_INSTR] SendRpc: key=psum.7_0_rs_0_sr_25_26|s100000->200000d|$c0$l290491787^i0 size=8388608 queue_latency_us=0 attempt=0
I0909 08:45:30.714748    2020 grpc_transport.cc:1743] [MEGASCALE_TRANSPORT_INSTR] SendRpc: key=psum.7_0_ag_0_sr_11_12|s100002->200002d|$c0$l290491787^i0 size=8388608 queue_latency_us=0 attempt=0
I0909 08:45:30.764241    1944 grpc_transport.cc:1743] [MEGASCALE_TRANSPORT_INSTR] SendRpc: key=psum.7_0_ag_0_sr_15_16|s100004->200004d|$c0$l290491787^i0 size=8388608 queue_latency_us=0 attempt=0
I0909 08:45:30.769991    1931 grpc_transport.cc:1414] [MEGASCALE_TRANSPORT_INSTR] Recv: key=psum.7_0_ag_0_sr_30_31|s200004->100004d|$c0$l290491787^i0 size=0 is_single_chunk=true is_aligned=true memcpy_needed=false
I0909 08:45:30.810851    2019 grpc_transport.cc:1414] [MEGASCALE_TRANSPORT_INSTR] Recv: key=psum.7_0_rs_0_sr_15_16|s200006->100006d|$c0$l290491788^i0 size=0 is_single_chunk=true is_aligned=true memcpy_needed=false
I0909 08:45:30.871653     798 grpc_transport.cc:1743] [MEGASCALE_TRANSPORT_INSTR] SendRpc: key=psum.7_0_rs_0_sr_21_22|s100001->200001d|$c0$l290491788^i0 size=8388608 queue_latency_us=0 attempt=0
I0909 08:45:30.908399    2020 grpc_transport.cc:1414] [MEGASCALE_TRANSPORT_INSTR] Recv: key=psum.7_0_ag_0_sr_31_32|s200003->100003d|$c0$l290491788^i0 size=0 is_single_chunk=true is_aligned=true memcpy_needed=false
I0909 08:45:30.916539    1968 grpc_transport.cc:1743] [MEGASCALE_TRANSPORT_INSTR] SendRpc: key=psum.7_0_ag_0_sr_1_2|s100006->200006d|$c0$l290491788^i0 size=8388608 queue_latency_us=0 attempt=0
I0909 08:45:30.956915    1340 grpc_transport.cc:1414] [MEGASCALE_TRANSPORT_INSTR] Recv: key=psum.7_0_rs_0_sr_10_11|s200006->100006d|$c0$l290491789^i0 size=0 is_single_chunk=true is_aligned=true memcpy_needed=false
I0909 08:45:30.980180    1754 grpc_transport.cc:1414] [MEGASCALE_TRANSPORT_INSTR] Recv: key=psum.7_0_rs_0_sr_10_11|s200001->100001d|$c0$l290491789^i0 size=0 is_single_chunk=true is_aligned=true memcpy_needed=false
I0909 08:45:31.027425    1961 grpc_transport.cc:1743] [MEGASCALE_TRANSPORT_INSTR] SendRpc: key=psum.7_0_rs_0_sr_22_23|s100002->200002d|$c0$l290491789^i0 size=8388608 queue_latency_us=0 attempt=0
I0909 08:45:31.045703    2016 grpc_transport.cc:1743] [MEGASCALE_TRANSPORT_INSTR] SendRpc: key=psum.7_0_ag_0_sr_8_9|s100002->200002d|$c0$l290491789^i0 size=8388608 queue_latency_us=0 attempt=0
I0909 08:45:31.086420    2009 grpc_transport.cc:1414] [MEGASCALE_TRANSPORT_INSTR] Recv: key=psum.7_0_ag_0_sr_21_22|s200005->100005d|$c0$l290491789^i0 size=0 is_single_chunk=true is_aligned=true memcpy_needed=false
I0909 08:45:31.087762    2009 grpc_transport.cc:1743] [MEGASCALE_TRANSPORT_INSTR] SendRpc: key=psum.7_0_ag_0_sr_0_1|s100001->200001d|$c0$l290491789^i0 size=8388608 queue_latency_us=0 attempt=0
I0909 08:45:31.134049    1340 grpc_transport.cc:1414] [MEGASCALE_TRANSPORT_INSTR] Recv: key=psum.7_0_rs_0_sr_9_10|s200007->100007d|$c0$l290491790^i0 size=0 is_single_chunk=true is_aligned=true memcpy_needed=false
I0909 08:45:31.193723    1821 grpc_transport.cc:1743] [MEGASCALE_TRANSPORT_INSTR] SendRpc: key=psum.7_0_rs_0_sr_27_28|s100006->200006d|$c0$l290491790^i0 size=8388608 queue_latency_us=0 attempt=0
I0909 08:45:31.223269    2014 grpc_transport.cc:1414] [MEGASCALE_TRANSPORT_INSTR] Recv: key=psum.7_0_ag_0_sr_18_19|s200006->100006d|$c0$l290491790^i0 size=0 is_single_chunk=true is_aligned=true memcpy_needed=false
I0909 08:45:31.235758    1898 grpc_transport.cc:1743] [MEGASCALE_TRANSPORT_INSTR] SendRpc: key=psum.7_0_ag_0_sr_8_9|s100006->200006d|$c0$l290491790^i0 size=8388608 queue_latency_us=0 attempt=0
I0909 08:45:31.269090    1608 grpc_transport.cc:1414] [MEGASCALE_TRANSPORT_INSTR] Recv: key=psum.7_0_ag_0_sr_29_30|s200003->100003d|$c0$l290491790^i0 size=0 is_single_chunk=true is_aligned=true memcpy_needed=false
DCN_TIMING_WARMUP {"collective_ms_per_iteration": 165.79195541562513, "collective_ms_total": 9947.517324937508, "device_wait_ms_total": 5196.537378011271, "dispatch_ms_total": 4750.979946926236, "experiment": "pi_C2_poisoned", "label": "google_all_reduce_p8_d16384", "rank": 0, "warmups": 60}
I0909 08:45:31.342535    1344 grpc_transport.cc:1743] [MEGASCALE_TRANSPORT_INSTR] SendRpc: key=all-reduce_0_ag_0_sr_0_1|s100001->200001d|$c0$l-1228319955^i0 size=512 queue_latency_us=0 attempt=0
I0909 08:45:31.352322    1936 grpc_transport.cc:1743] [MEGASCALE_TRANSPORT_INSTR] SendRpc: key=psum.7_0_rs_0_sr_21_22|s100001->200001d|$c0$l290491791^i0 size=8388608 queue_latency_us=0 attempt=0
I0909 08:45:31.382947    1563 grpc_transport.cc:1414] [MEGASCALE_TRANSPORT_INSTR] Recv: key=psum.7_0_rs_0_sr_13_14|s200001->100001d|$c0$l290491791^i0 size=0 is_single_chunk=true is_aligned=true memcpy_needed=false
I0909 08:45:31.404352    1967 grpc_transport.cc:1743] [MEGASCALE_TRANSPORT_INSTR] SendRpc: key=psum.7_0_ag_0_sr_15_16|s100003->200003d|$c0$l290491791^i0 size=8388608 queue_latency_us=0 attempt=0
I0909 08:45:31.422522     798 grpc_transport.cc:1414] [MEGASCALE_TRANSPORT_INSTR] Recv: key=psum.7_0_ag_0_sr_28_29|s200005->100005d|$c0$l290491791^i0 size=0 is_single_chunk=true is_aligned=true memcpy_needed=false
I0909 08:45:31.452085    1608 grpc_transport.cc:1414] [MEGASCALE_TRANSPORT_INSTR] Recv: key=psum.7_0_rs_0_sr_15_16|s200007->100007d|$c0$l290491792^i0 size=0 is_single_chunk=true is_aligned=true memcpy_needed=false
I0909 08:45:31.488086     797 grpc_transport.cc:1414] [MEGASCALE_TRANSPORT_INSTR] Recv: key=psum.7_0_rs_0_sr_1_2|s200000->100000d|$c0$l290491792^i0 size=0 is_single_chunk=true is_aligned=true memcpy_needed=false
I0909 08:45:31.537942    1608 grpc_transport.cc:1743] [MEGASCALE_TRANSPORT_INSTR] SendRpc: key=psum.7_0_rs_0_sr_27_28|s100006->200006d|$c0$l290491792^i0 size=8388608 queue_latency_us=0 attempt=0
I0909 08:45:31.574455    1821 grpc_transport.cc:1743] [MEGASCALE_TRANSPORT_INSTR] SendRpc: key=psum.7_0_ag_0_sr_9_10|s100003->200003d|$c0$l290491792^i0 size=8388608 queue_latency_us=0 attempt=0
I0909 08:45:31.596574    1487 grpc_transport.cc:1743] [MEGASCALE_TRANSPORT_INSTR] SendRpc: key=psum.7_0_ag_0_sr_6_7|s100001->200001d|$c0$l290491792^i0 size=8388608 queue_latency_us=0 attempt=0
I0909 08:45:31.608153    1936 grpc_transport.cc:1414] [MEGASCALE_TRANSPORT_INSTR] Recv: key=psum.7_0_ag_0_sr_27_28|s200001->100001d|$c0$l290491792^i0 size=0 is_single_chunk=true is_aligned=true memcpy_needed=false
I0909 08:45:31.639295    1944 grpc_transport.cc:1414] [MEGASCALE_TRANSPORT_INSTR] Recv: key=psum.7_0_rs_0_sr_3_4|s200004->100004d|$c0$l290491793^i0 size=0 is_single_chunk=true is_aligned=true memcpy_needed=false
I0909 08:45:31.719209    1964 grpc_transport.cc:1743] [MEGASCALE_TRANSPORT_INSTR] SendRpc: key=psum.7_0_rs_0_sr_24_25|s100007->200007d|$c0$l290491793^i0 size=8388608 queue_latency_us=0 attempt=0
I0909 08:45:31.754927    1341 grpc_transport.cc:1414] [MEGASCALE_TRANSPORT_INSTR] Recv: key=psum.7_0_ag_0_sr_23_24|s200002->100002d|$c0$l290491793^i0 size=0 is_single_chunk=true is_aligned=true memcpy_needed=false
I0909 08:45:31.765786    1961 grpc_transport.cc:1743] [MEGASCALE_TRANSPORT_INSTR] SendRpc: key=psum.7_0_ag_0_sr_15_16|s100003->200003d|$c0$l290491793^i0 size=8388608 queue_latency_us=0 attempt=0
I0909 08:45:31.801999     794 grpc_transport.cc:1414] [MEGASCALE_TRANSPORT_INSTR] Recv: key=psum.7_0_ag_0_sr_24_25|s200000->100000d|$c0$l290491793^i0 size=0 is_single_chunk=true is_aligned=true memcpy_needed=false
I0909 08:45:31.840912     797 grpc_transport.cc:1414] [MEGASCALE_TRANSPORT_INSTR] Recv: key=psum.7_0_rs_0_sr_9_10|s200005->100005d|$c0$l290491794^i0 size=0 is_single_chunk=true is_aligned=true memcpy_needed=false
I0909 08:45:31.881064    1942 grpc_transport.cc:1743] [MEGASCALE_TRANSPORT_INSTR] SendRpc: key=psum.7_0_rs_0_sr_28_29|s100000->200000d|$c0$l290491794^i0 size=8388608 queue_latency_us=0 attempt=0
I0909 08:45:31.903976    2017 grpc_transport.cc:1743] [MEGASCALE_TRANSPORT_INSTR] SendRpc: key=psum.7_0_ag_0_sr_2_3|s100007->200007d|$c0$l290491794^i0 size=8388608 queue_latency_us=0 attempt=0
I0909 08:45:31.940616    1933 grpc_transport.cc:1743] [MEGASCALE_TRANSPORT_INSTR] SendRpc: key=psum.7_0_ag_0_sr_14_15|s100000->200000d|$c0$l290491794^i0 size=8388608 queue_latency_us=0 attempt=0
I0909 08:45:31.943566    1959 grpc_transport.cc:1414] [MEGASCALE_TRANSPORT_INSTR] Recv: key=psum.7_0_ag_0_sr_20_21|s200003->100003d|$c0$l290491794^i0 size=0 is_single_chunk=true is_aligned=true memcpy_needed=false
I0909 08:45:31.985256    2018 grpc_transport.cc:1414] [MEGASCALE_TRANSPORT_INSTR] Recv: key=psum.7_0_rs_0_sr_13_14|s200002->100002d|$c0$l290491795^i0 size=0 is_single_chunk=true is_aligned=true memcpy_needed=false
I0909 08:45:32.055693    1760 grpc_transport.cc:1743] [MEGASCALE_TRANSPORT_INSTR] SendRpc: key=psum.7_0_rs_0_sr_17_18|s100000->200000d|$c0$l290491795^i0 size=8388608 queue_latency_us=0 attempt=0
I0909 08:45:32.083351    1967 grpc_transport.cc:1414] [MEGASCALE_TRANSPORT_INSTR] Recv: key=psum.7_0_ag_0_sr_27_28|s200003->100003d|$c0$l290491795^i0 size=0 is_single_chunk=true is_aligned=true memcpy_needed=false
I0909 08:45:32.101048    1498 grpc_transport.cc:1743] [MEGASCALE_TRANSPORT_INSTR] SendRpc: key=psum.7_0_ag_0_sr_14_15|s100006->200006d|$c0$l290491795^i0 size=8388608 queue_latency_us=0 attempt=0
I0909 08:45:32.141598    2016 grpc_transport.cc:1414] [MEGASCALE_TRANSPORT_INSTR] Recv: key=psum.7_0_rs_0_sr_5_6|s200003->100003d|$c0$l290491796^i0 size=0 is_single_chunk=true is_aligned=true memcpy_needed=false
I0909 08:45:32.164092    1932 grpc_transport.cc:1414] [MEGASCALE_TRANSPORT_INSTR] Recv: key=psum.7_0_rs_0_sr_6_7|s200001->100001d|$c0$l290491796^i0 size=0 is_single_chunk=true is_aligned=true memcpy_needed=false
I0909 08:45:32.226592     803 grpc_transport.cc:1743] [MEGASCALE_TRANSPORT_INSTR] SendRpc: key=psum.7_0_rs_0_sr_21_22|s100007->200007d|$c0$l290491796^i0 size=8388608 queue_latency_us=0 attempt=0
I0909 08:45:32.235453    1959 grpc_transport.cc:1743] [MEGASCALE_TRANSPORT_INSTR] SendRpc: key=psum.7_0_rs_0_sr_30_31|s100003->200003d|$c0$l290491796^i0 size=8388608 queue_latency_us=1 attempt=0
I0909 08:45:32.281606    1742 grpc_transport.cc:1743] [MEGASCALE_TRANSPORT_INSTR] SendRpc: key=psum.7_0_ag_0_sr_4_5|s100007->200007d|$c0$l290491796^i0 size=8388608 queue_latency_us=0 attempt=0
I0909 08:45:32.285097    1940 grpc_transport.cc:1414] [MEGASCALE_TRANSPORT_INSTR] Recv: key=psum.7_0_ag_0_sr_28_29|s200001->100001d|$c0$l290491796^i0 size=0 is_single_chunk=true is_aligned=true memcpy_needed=false
I0909 08:45:32.330244    1959 grpc_transport.cc:1414] [MEGASCALE_TRANSPORT_INSTR] Recv: key=psum.7_0_rs_0_sr_15_16|s200003->100003d|$c0$l290491797^i0 size=0 is_single_chunk=true is_aligned=true memcpy_needed=false
I0909 08:45:32.393885    1826 grpc_transport.cc:1743] [MEGASCALE_TRANSPORT_INSTR] SendRpc: key=psum.7_0_rs_0_sr_30_31|s100005->200005d|$c0$l290491797^i0 size=8388608 queue_latency_us=0 attempt=0
I0909 08:45:32.419130    1931 grpc_transport.cc:1414] [MEGASCALE_TRANSPORT_INSTR] Recv: key=psum.7_0_ag_0_sr_23_24|s200005->100005d|$c0$l290491797^i0 size=0 is_single_chunk=true is_aligned=true memcpy_needed=false
I0909 08:45:32.442841    1772 grpc_transport.cc:1743] [MEGASCALE_TRANSPORT_INSTR] SendRpc: key=psum.7_0_ag_0_sr_5_6|s100000->200000d|$c0$l290491797^i0 size=8388608 queue_latency_us=0 attempt=0
I0909 08:45:32.467845    1491 grpc_transport.cc:1414] [MEGASCALE_TRANSPORT_INSTR] Recv: key=psum.7_0_ag_0_sr_28_29|s200004->100004d|$c0$l290491797^i0 size=0 is_single_chunk=true is_aligned=true memcpy_needed=false
I0909 08:45:32.496123    2018 grpc_transport.cc:1414] [MEGASCALE_TRANSPORT_INSTR] Recv: key=psum.7_0_rs_0_sr_4_5|s200006->100006d|$c0$l290491798^i0 size=0 is_single_chunk=true is_aligned=true memcpy_needed=false
I0909 08:45:32.545321    2019 grpc_transport.cc:1743] [MEGASCALE_TRANSPORT_INSTR] SendRpc: key=psum.7_0_rs_0_sr_17_18|s100006->200006d|$c0$l290491798^i0 size=8388608 queue_latency_us=0 attempt=0
I0909 08:45:32.556190    1611 grpc_transport.cc:1743] [MEGASCALE_TRANSPORT_INSTR] SendRpc: key=psum.7_0_rs_0_sr_21_22|s100000->200000d|$c0$l290491798^i0 size=8388608 queue_latency_us=0 attempt=0
I0909 08:45:32.600242    2020 grpc_transport.cc:1414] [MEGASCALE_TRANSPORT_INSTR] Recv: key=psum.7_0_ag_0_sr_21_22|s200002->100002d|$c0$l290491798^i0 size=0 is_single_chunk=true is_aligned=true memcpy_needed=false
I0909 08:45:32.607460    2024 grpc_transport.cc:1743] [MEGASCALE_TRANSPORT_INSTR] SendRpc: key=psum.7_0_ag_0_sr_3_4|s100006->200006d|$c0$l290491798^i0 size=8388608 queue_latency_us=0 attempt=0
I0909 08:45:32.653942    1608 grpc_transport.cc:1414] [MEGASCALE_TRANSPORT_INSTR] Recv: key=psum.7_0_rs_0_sr_7_8|s200006->100006d|$c0$l290491799^i0 size=0 is_single_chunk=true is_aligned=true memcpy_needed=false
I0909 08:45:32.729189    1932 grpc_transport.cc:1743] [MEGASCALE_TRANSPORT_INSTR] SendRpc: key=psum.7_0_rs_0_sr_27_28|s100000->200000d|$c0$l290491799^i0 size=8388608 queue_latency_us=0 attempt=0
I0909 08:45:32.739105     797 grpc_transport.cc:1414] [MEGASCALE_TRANSPORT_INSTR] Recv: key=psum.7_0_ag_0_sr_22_23|s200004->100004d|$c0$l290491799^i0 size=0 is_single_chunk=true is_aligned=true memcpy_needed=false
I0909 08:45:32.781566    2022 grpc_transport.cc:1743] [MEGASCALE_TRANSPORT_INSTR] SendRpc: key=psum.7_0_ag_0_sr_5_6|s100002->200002d|$c0$l290491799^i0 size=8388608 queue_latency_us=0 attempt=0
I0909 08:45:32.787156    2020 grpc_transport.cc:1743] [MEGASCALE_TRANSPORT_INSTR] SendRpc: key=psum.7_0_ag_0_sr_15_16|s100006->200006d|$c0$l290491799^i0 size=8388608 queue_latency_us=0 attempt=0
I0909 08:45:32.800720    1960 grpc_transport.cc:1414] [MEGASCALE_TRANSPORT_INSTR] Recv: key=psum.7_0_ag_0_sr_29_30|s200006->100006d|$c0$l290491799^i0 size=0 is_single_chunk=true is_aligned=true memcpy_needed=false
I0909 08:45:32.840762    1491 grpc_transport.cc:1414] [MEGASCALE_TRANSPORT_INSTR] Recv: key=psum.7_0_rs_0_sr_8_9|s200005->100005d|$c0$l290491800^i0 size=0 is_single_chunk=true is_aligned=true memcpy_needed=false
I0909 08:45:32.908058    1608 grpc_transport.cc:1743] [MEGASCALE_TRANSPORT_INSTR] SendRpc: key=psum.7_0_rs_0_sr_22_23|s100002->200002d|$c0$l290491800^i0 size=8388608 queue_latency_us=0 attempt=0
I0909 08:45:32.952630    1967 grpc_transport.cc:1414] [MEGASCALE_TRANSPORT_INSTR] Recv: key=psum.7_0_ag_0_sr_20_21|s200006->100006d|$c0$l290491800^i0 size=0 is_single_chunk=true is_aligned=true memcpy_needed=false
I0909 08:45:32.957538    1933 grpc_transport.cc:1743] [MEGASCALE_TRANSPORT_INSTR] SendRpc: key=psum.7_0_ag_0_sr_14_15|s100001->200001d|$c0$l290491800^i0 size=8388608 queue_latency_us=0 attempt=0
DCN_TIMING_REP {"batch": 10, "collective_ms_per_iteration": 170.22019459400326, "dcn_rx_bytes": 21653241056, "dcn_tx_bytes": 21591774464, "device_wait_ms_per_iteration": 169.8492169030942, "dispatch_ms_per_iteration": 0.37097769090905786, "end_barrier_ms": 4.093709052540362, "end_barrier_ms_per_iteration": 0.4093709052540362, "experiment": "pi_C2_poisoned", "label": "google_all_reduce_p8_d16384", "legacy_ms_per_iteration": 170.6295654992573, "network_delta": {"cilium_host": {"rx_bytes": 0, "tx_bytes": 0}, "cilium_net": {"rx_bytes": 0, "tx_bytes": 0}, "docker0": {"rx_bytes": 0, "tx_bytes": 0}, "eth0": {"rx_bytes": 10182, "tx_bytes": 480056}, "eth1": {"rx_bytes": 11376695710, "tx_bytes": 10823480471}, "eth2": {"rx_bytes": 10276545346, "tx_bytes": 10768293993}, "lo": {"rx_bytes": 2177, "tx_bytes": 2177}, "lxc24139f804dfe": {"rx_bytes": 0, "tx_bytes": 0}, "lxc2a01d986850c": {"rx_bytes": 0, "tx_bytes": 0}, "lxc4aea7d2c7fcb": {"rx_bytes": 0, "tx_bytes": 0}, "lxcc0a8ef4be915": {"rx_bytes": 19022, "tx_bytes": 38064}, "lxcde9de6c6fd2b": {"rx_bytes": 0, "tx_bytes": 0}}, "rank": 0, "rep": 0}
I0909 08:45:33.062023    2016 grpc_transport.cc:1743] [MEGASCALE_TRANSPORT_INSTR] SendRpc: key=psum.7_0_rs_0_sr_20_21|s100003->200003d|$c0$l290491801^i0 size=8388608 queue_latency_us=1 attempt=0
I0909 08:45:33.066726    2011 grpc_transport.cc:1743] [MEGASCALE_TRANSPORT_INSTR] SendRpc: key=psum.7_0_rs_0_sr_30_31|s100000->200000d|$c0$l290491801^i0 size=8388608 queue_latency_us=0 attempt=0
I0909 08:45:33.068049    1961 grpc_transport.cc:1414] [MEGASCALE_TRANSPORT_INSTR] Recv: key=psum.7_0_rs_0_sr_4_5|s200002->100002d|$c0$l290491801^i0 size=0 is_single_chunk=true is_aligned=true memcpy_needed=false
I0909 08:45:33.125335    2018 grpc_transport.cc:1414] [MEGASCALE_TRANSPORT_INSTR] Recv: key=psum.7_0_rs_0_sr_1_2|s200003->100003d|$c0$l290491801^i0 size=0 is_single_chunk=true is_aligned=true memcpy_needed=false
I0909 08:45:33.128177    1899 grpc_transport.cc:1743] [MEGASCALE_TRANSPORT_INSTR] SendRpc: key=psum.7_0_ag_0_sr_1_2|s100006->200006d|$c0$l290491801^i0 size=8388608 queue_latency_us=0 attempt=0
I0909 08:45:33.153690    1931 grpc_transport.cc:1414] [MEGASCALE_TRANSPORT_INSTR] Recv: key=psum.7_0_ag_0_sr_23_24|s200005->100005d|$c0$l290491801^i0 size=0 is_single_chunk=true is_aligned=true memcpy_needed=false
I0909 08:45:33.181641    1938 grpc_transport.cc:1414] [MEGASCALE_TRANSPORT_INSTR] Recv: key=psum.7_0_rs_0_sr_11_12|s200007->100007d|$c0$l290491802^i0 size=0 is_single_chunk=true is_aligned=true memcpy_needed=false
I0909 08:45:33.261057    1823 grpc_transport.cc:1743] [MEGASCALE_TRANSPORT_INSTR] SendRpc: key=psum.7_0_rs_0_sr_19_20|s100002->200002d|$c0$l290491802^i0 size=8388608 queue_latency_us=0 attempt=0
I0909 08:45:33.289628    2011 grpc_transport.cc:1414] [MEGASCALE_TRANSPORT_INSTR] Recv: key=psum.7_0_ag_0_sr_21_22|s200000->100000d|$c0$l290491802^i0 size=0 is_single_chunk=true is_aligned=true memcpy_needed=false
I0909 08:45:33.311816    2020 grpc_transport.cc:1743] [MEGASCALE_TRANSPORT_INSTR] SendRpc: key=psum.7_0_ag_0_sr_7_8|s100003->200003d|$c0$l290491802^i0 size=8388608 queue_latency_us=0 attempt=0
I0909 08:45:33.334789     795 grpc_transport.cc:1414] [MEGASCALE_TRANSPORT_INSTR] Recv: key=psum.7_0_ag_0_sr_29_30|s200005->100005d|$c0$l290491802^i0 size=0 is_single_chunk=true is_aligned=true memcpy_needed=false
I0909 08:45:33.361416    1942 grpc_transport.cc:1414] [MEGASCALE_TRANSPORT_INSTR] Recv: key=psum.7_0_rs_0_sr_2_3|s200005->100005d|$c0$l290491803^i0 size=0 is_single_chunk=true is_aligned=true memcpy_needed=false
I0909 08:45:33.419176    1940 grpc_transport.cc:1743] [MEGASCALE_TRANSPORT_INSTR] SendRpc: key=psum.7_0_rs_0_sr_19_20|s100000->200000d|$c0$l290491803^i0 size=8388608 queue_latency_us=0 attempt=0
I0909 08:45:33.430401     797 grpc_transport.cc:1743] [MEGASCALE_TRANSPORT_INSTR] SendRpc: key=psum.7_0_rs_0_sr_27_28|s100005->200005d|$c0$l290491803^i0 size=8388608 queue_latency_us=0 attempt=0
I0909 08:45:33.476664    1501 grpc_transport.cc:1414] [MEGASCALE_TRANSPORT_INSTR] Recv: key=psum.7_0_ag_0_sr_21_22|s200001->100001d|$c0$l290491803^i0 size=0 is_single_chunk=true is_aligned=true memcpy_needed=false
I0909 08:45:33.482513    1611 grpc_transport.cc:1743] [MEGASCALE_TRANSPORT_INSTR] SendRpc: key=psum.7_0_ag_0_sr_9_10|s100004->200004d|$c0$l290491803^i0 size=8388608 queue_latency_us=1 attempt=0
I0909 08:45:33.520877    2019 grpc_transport.cc:1414] [MEGASCALE_TRANSPORT_INSTR] Recv: key=psum.7_0_rs_0_sr_15_16|s200007->100007d|$c0$l290491804^i0 size=0 is_single_chunk=true is_aligned=true memcpy_needed=false
I0909 08:45:33.575280    2016 grpc_transport.cc:1743] [MEGASCALE_TRANSPORT_INSTR] SendRpc: key=psum.7_0_rs_0_sr_21_22|s100003->200003d|$c0$l290491804^i0 size=8388608 queue_latency_us=0 attempt=0
I0909 08:45:33.583222    1966 grpc_transport.cc:1414] [MEGASCALE_TRANSPORT_INSTR] Recv: key=psum.7_0_ag_0_sr_21_22|s200006->100006d|$c0$l290491804^i0 size=0 is_single_chunk=true is_aligned=true memcpy_needed=false
I0909 08:45:33.627210    1869 grpc_transport.cc:1743] [MEGASCALE_TRANSPORT_INSTR] SendRpc: key=psum.7_0_ag_0_sr_0_1|s100006->200006d|$c0$l290491804^i0 size=8388608 queue_latency_us=0 attempt=0
I0909 08:45:33.644302    1341 grpc_transport.cc:1414] [MEGASCALE_TRANSPORT_INSTR] Recv: key=psum.7_0_ag_0_sr_22_23|s200007->100007d|$c0$l290491804^i0 size=0 is_single_chunk=true is_aligned=true memcpy_needed=false
I0909 08:45:33.682787    1564 grpc_transport.cc:1414] [MEGASCALE_TRANSPORT_INSTR] Recv: key=psum.7_0_rs_0_sr_6_7|s200007->100007d|$c0$l290491805^i0 size=0 is_single_chunk=true is_aligned=true memcpy_needed=false
I0909 08:45:33.714969    1932 grpc_transport.cc:1743] [MEGASCALE_TRANSPORT_INSTR] SendRpc: key=psum.7_0_rs_0_sr_17_18|s100004->200004d|$c0$l290491805^i0 size=8388608 queue_latency_us=0 attempt=0
I0909 08:45:33.730193     787 grpc_transport.cc:1743] [MEGASCALE_TRANSPORT_INSTR] SendRpc: key=psum.7_0_rs_0_sr_28_29|s100000->200000d|$c0$l290491805^i0 size=8388608 queue_latency_us=0 attempt=0
I0909 08:45:33.770950    1943 grpc_transport.cc:1414] [MEGASCALE_TRANSPORT_INSTR] Recv: key=psum.7_0_ag_0_sr_28_29|s200003->100003d|$c0$l290491805^i0 size=0 is_single_chunk=true is_aligned=true memcpy_needed=false
I0909 08:45:33.779653    1494 grpc_transport.cc:1743] [MEGASCALE_TRANSPORT_INSTR] SendRpc: key=psum.7_0_ag_0_sr_10_11|s100004->200004d|$c0$l290491805^i0 size=8388608 queue_latency_us=0 attempt=0
I0909 08:45:33.819317    1608 grpc_transport.cc:1414] [MEGASCALE_TRANSPORT_INSTR] Recv: key=psum.7_0_rs_0_sr_6_7|s200006->100006d|$c0$l290491806^i0 size=0 is_single_chunk=true is_aligned=true memcpy_needed=false
I0909 08:45:33.836358    1611 grpc_transport.cc:1414] [MEGASCALE_TRANSPORT_INSTR] Recv: key=psum.7_0_rs_0_sr_1_2|s200001->100001d|$c0$l290491806^i0 size=0 is_single_chunk=true is_aligned=true memcpy_needed=false
I0909 08:45:33.880482    1931 grpc_transport.cc:1743] [MEGASCALE_TRANSPORT_INSTR] SendRpc: key=psum.7_0_rs_0_sr_24_25|s100004->200004d|$c0$l290491806^i0 size=8388608 queue_latency_us=0 attempt=0
I0909 08:45:33.926167    1575 grpc_transport.cc:1743] [MEGASCALE_TRANSPORT_INSTR] SendRpc: key=psum.7_0_ag_0_sr_8_9|s100004->200004d|$c0$l290491806^i0 size=8388608 queue_latency_us=0 attempt=0
I0909 08:45:33.937766    2011 grpc_transport.cc:1743] [MEGASCALE_TRANSPORT_INSTR] SendRpc: key=psum.7_0_ag_0_sr_15_16|s100001->200001d|$c0$l290491806^i0 size=8388608 queue_latency_us=0 attempt=0
I0909 08:45:33.952434     796 grpc_transport.cc:1414] [MEGASCALE_TRANSPORT_INSTR] Recv: key=psum.7_0_ag_0_sr_29_30|s200001->100001d|$c0$l290491806^i0 size=0 is_single_chunk=true is_aligned=true memcpy_needed=false
I0909 08:45:33.983483    1960 grpc_transport.cc:1414] [MEGASCALE_TRANSPORT_INSTR] Recv: key=psum.7_0_rs_0_sr_12_13|s200003->100003d|$c0$l290491807^i0 size=0 is_single_chunk=true is_aligned=true memcpy_needed=false
I0909 08:45:34.030609    1933 grpc_transport.cc:1743] [MEGASCALE_TRANSPORT_INSTR] SendRpc: key=psum.7_0_rs_0_sr_27_28|s100004->200004d|$c0$l290491807^i0 size=8388608 queue_latency_us=0 attempt=0
I0909 08:45:34.072563    1774 grpc_transport.cc:1414] [MEGASCALE_TRANSPORT_INSTR] Recv: key=psum.7_0_ag_0_sr_24_25|s200005->100005d|$c0$l290491807^i0 size=0 is_single_chunk=true is_aligned=true memcpy_needed=false
I0909 08:45:34.081356    1608 grpc_transport.cc:1743] [MEGASCALE_TRANSPORT_INSTR] SendRpc: key=psum.7_0_ag_0_sr_10_11|s100007->200007d|$c0$l290491807^i0 size=8388608 queue_latency_us=0 attempt=0
I0909 08:45:34.113087    2015 grpc_transport.cc:1414] [MEGASCALE_TRANSPORT_INSTR] Recv: key=psum.7_0_rs_0_sr_2_3|s200002->100002d|$c0$l290491808^i0 size=0 is_single_chunk=true is_aligned=true memcpy_needed=false
I0909 08:45:34.130924    1933 grpc_transport.cc:1414] [MEGASCALE_TRANSPORT_INSTR] Recv: key=psum.7_0_rs_0_sr_13_14|s200005->100005d|$c0$l290491808^i0 size=0 is_single_chunk=true is_aligned=true memcpy_needed=false
I0909 08:45:34.168912    2020 grpc_transport.cc:1743] [MEGASCALE_TRANSPORT_INSTR] SendRpc: key=psum.7_0_rs_0_sr_20_21|s100003->200003d|$c0$l290491808^i0 size=8388608 queue_latency_us=1 attempt=0
I0909 08:45:34.203316    1772 grpc_transport.cc:1743] [MEGASCALE_TRANSPORT_INSTR] SendRpc: key=psum.7_0_ag_0_sr_13_14|s100004->200004d|$c0$l290491808^i0 size=8388608 queue_latency_us=0 attempt=0
I0909 08:45:34.227668    1611 grpc_transport.cc:1743] [MEGASCALE_TRANSPORT_INSTR] SendRpc: key=psum.7_0_ag_0_sr_12_13|s100000->200000d|$c0$l290491808^i0 size=8388608 queue_latency_us=0 attempt=0
I0909 08:45:34.230341    2013 grpc_transport.cc:1414] [MEGASCALE_TRANSPORT_INSTR] Recv: key=psum.7_0_ag_0_sr_21_22|s200005->100005d|$c0$l290491808^i0 size=0 is_single_chunk=true is_aligned=true memcpy_needed=false
I0909 08:45:34.264137    1564 grpc_transport.cc:1414] [MEGASCALE_TRANSPORT_INSTR] Recv: key=psum.7_0_rs_0_sr_12_13|s200000->100000d|$c0$l290491809^i0 size=0 is_single_chunk=true is_aligned=true memcpy_needed=false
I0909 08:45:34.320806     786 grpc_transport.cc:1743] [MEGASCALE_TRANSPORT_INSTR] SendRpc: key=psum.7_0_rs_0_sr_19_20|s100000->200000d|$c0$l290491809^i0 size=8388608 queue_latency_us=0 attempt=0
I0909 08:45:34.363490    1753 grpc_transport.cc:1414] [MEGASCALE_TRANSPORT_INSTR] Recv: key=psum.7_0_ag_0_sr_20_21|s200006->100006d|$c0$l290491809^i0 size=0 is_single_chunk=true is_aligned=true memcpy_needed=false
I0909 08:45:34.371948    1964 grpc_transport.cc:1743] [MEGASCALE_TRANSPORT_INSTR] SendRpc: key=psum.7_0_ag_0_sr_3_4|s100006->200006d|$c0$l290491809^i0 size=8388608 queue_latency_us=0 attempt=0
I0909 08:45:34.402065    1744 grpc_transport.cc:1414] [MEGASCALE_TRANSPORT_INSTR] Recv: key=psum.7_0_ag_0_sr_29_30|s200004->100004d|$c0$l290491809^i0 size=0 is_single_chunk=true is_aligned=true memcpy_needed=false
I0909 08:45:34.424257    1936 grpc_transport.cc:1414] [MEGASCALE_TRANSPORT_INSTR] Recv: key=psum.7_0_rs_0_sr_10_11|s200005->100005d|$c0$l290491810^i0 size=0 is_single_chunk=true is_aligned=true memcpy_needed=false
I0909 08:45:34.486593    1575 grpc_transport.cc:1743] [MEGASCALE_TRANSPORT_INSTR] SendRpc: key=psum.7_0_rs_0_sr_27_28|s100000->200000d|$c0$l290491810^i0 size=8388608 queue_latency_us=1 attempt=0
I0909 08:45:34.496105    1575 grpc_transport.cc:1743] [MEGASCALE_TRANSPORT_INSTR] SendRpc: key=psum.7_0_rs_0_sr_30_31|s100001->200001d|$c0$l290491810^i0 size=8388608 queue_latency_us=0 attempt=0
I0909 08:45:34.546734    1575 grpc_transport.cc:1743] [MEGASCALE_TRANSPORT_INSTR] SendRpc: key=psum.7_0_ag_0_sr_5_6|s100004->200004d|$c0$l290491810^i0 size=8388608 queue_latency_us=0 attempt=0
I0909 08:45:34.550261    1931 grpc_transport.cc:1414] [MEGASCALE_TRANSPORT_INSTR] Recv: key=psum.7_0_ag_0_sr_19_20|s200004->100004d|$c0$l290491810^i0 size=0 is_single_chunk=true is_aligned=true memcpy_needed=false
DCN_TIMING_REP {"batch": 10, "collective_ms_per_iteration": 157.28524409933016, "dcn_rx_bytes": 21653202622, "dcn_tx_bytes": 21589902950, "device_wait_ms_per_iteration": 156.89280609367415, "dispatch_ms_per_iteration": 0.39243800565600395, "end_barrier_ms": 4.2275129817426205, "end_barrier_ms_per_iteration": 0.42275129817426205, "experiment": "pi_C2_poisoned", "label": "google_all_reduce_p8_d16384", "legacy_ms_per_iteration": 157.70799539750442, "network_delta": {"cilium_host": {"rx_bytes": 0, "tx_bytes": 0}, "cilium_net": {"rx_bytes": 0, "tx_bytes": 0}, "docker0": {"rx_bytes": 0, "tx_bytes": 0}, "eth0": {"rx_bytes": 395, "tx_bytes": 132}, "eth1": {"rx_bytes": 11342775946, "tx_bytes": 10884514301}, "eth2": {"rx_bytes": 10310426676, "tx_bytes": 10705388649}, "lo": {"rx_bytes": 751, "tx_bytes": 751}, "lxc24139f804dfe": {"rx_bytes": 0, "tx_bytes": 0}, "lxc2a01d986850c": {"rx_bytes": 0, "tx_bytes": 0}, "lxc4aea7d2c7fcb": {"rx_bytes": 0, "tx_bytes": 0}, "lxcc0a8ef4be915": {"rx_bytes": 0, "tx_bytes": 0}, "lxcde9de6c6fd2b": {"rx_bytes": 0, "tx_bytes": 0}}, "rank": 0, "rep": 1}
I0909 08:45:34.646728    1608 grpc_transport.cc:1743] [MEGASCALE_TRANSPORT_INSTR] SendRpc: key=psum.7_0_rs_0_sr_19_20|s100007->200007d|$c0$l290491811^i0 size=8388608 queue_latency_us=0 attempt=0
I0909 08:45:34.659787    1970 grpc_transport.cc:1414] [MEGASCALE_TRANSPORT_INSTR] Recv: key=psum.7_0_rs_0_sr_10_11|s200002->100002d|$c0$l290491811^i0 size=0 is_single_chunk=true is_aligned=true memcpy_needed=false
I0909 08:45:34.672278     803 grpc_transport.cc:1743] [MEGASCALE_TRANSPORT_INSTR] SendRpc: key=psum.7_0_ag_0_sr_6_7|s100006->200006d|$c0$l290491811^i0 size=8388608 queue_latency_us=0 attempt=0
I0909 08:45:34.713198    1966 grpc_transport.cc:1414] [MEGASCALE_TRANSPORT_INSTR] Recv: key=psum.7_0_rs_0_sr_14_15|s200007->100007d|$c0$l290491811^i0 size=0 is_single_chunk=true is_aligned=true memcpy_needed=false
I0909 08:45:34.722667    1755 grpc_transport.cc:1743] [MEGASCALE_TRANSPORT_INSTR] SendRpc: key=psum.7_0_ag_0_sr_14_15|s100007->200007d|$c0$l290491811^i0 size=8388608 queue_latency_us=0 attempt=0
I0909 08:45:34.737384    1960 grpc_transport.cc:1414] [MEGASCALE_TRANSPORT_INSTR] Recv: key=psum.7_0_ag_0_sr_31_32|s200006->100006d|$c0$l290491811^i0 size=0 is_single_chunk=true is_aligned=true memcpy_needed=false
I0909 08:45:34.777367    1575 grpc_transport.cc:1414] [MEGASCALE_TRANSPORT_INSTR] Recv: key=psum.7_0_rs_0_sr_9_10|s200000->100000d|$c0$l290491812^i0 size=0 is_single_chunk=true is_aligned=true memcpy_needed=false
I0909 08:45:34.824973    1977 grpc_transport.cc:1743] [MEGASCALE_TRANSPORT_INSTR] SendRpc: key=psum.7_0_rs_0_sr_19_20|s100003->200003d|$c0$l290491812^i0 size=8388608 queue_latency_us=0 attempt=0
I0909 08:45:34.866665    1961 grpc_transport.cc:1414] [MEGASCALE_TRANSPORT_INSTR] Recv: key=psum.7_0_ag_0_sr_24_25|s200007->100007d|$c0$l290491812^i0 size=0 is_single_chunk=true is_aligned=true memcpy_needed=false
I0909 08:45:34.876630    1983 grpc_transport.cc:1743] [MEGASCALE_TRANSPORT_INSTR] SendRpc: key=psum.7_0_ag_0_sr_4_5|s100006->200006d|$c0$l290491812^i0 size=8388608 queue_latency_us=0 attempt=0
I0909 08:45:34.915639    2016 grpc_transport.cc:1414] [MEGASCALE_TRANSPORT_INSTR] Recv: key=psum.7_0_rs_0_sr_11_12|s200002->100002d|$c0$l290491813^i0 size=0 is_single_chunk=true is_aligned=true memcpy_needed=false
I0909 08:45:34.936778    1774 grpc_transport.cc:1414] [MEGASCALE_TRANSPORT_INSTR] Recv: key=psum.7_0_rs_0_sr_1_2|s200004->100004d|$c0$l290491813^i0 size=0 is_single_chunk=true is_aligned=true memcpy_needed=false
I0909 08:45:34.976410     786 grpc_transport.cc:1743] [MEGASCALE_TRANSPORT_INSTR] SendRpc: key=psum.7_0_rs_0_sr_20_21|s100000->200000d|$c0$l290491813^i0 size=8388608 queue_latency_us=0 attempt=0
I0909 08:45:35.014059    1942 grpc_transport.cc:1743] [MEGASCALE_TRANSPORT_INSTR] SendRpc: key=psum.7_0_ag_0_sr_5_6|s100001->200001d|$c0$l290491813^i0 size=8388608 queue_latency_us=0 attempt=0
I0909 08:45:35.033514    1738 grpc_transport.cc:1743] [MEGASCALE_TRANSPORT_INSTR] SendRpc: key=psum.7_0_ag_0_sr_12_13|s100007->200007d|$c0$l290491813^i0 size=8388608 queue_latency_us=0 attempt=0
I0909 08:45:35.046773    1960 grpc_transport.cc:1414] [MEGASCALE_TRANSPORT_INSTR] Recv: key=psum.7_0_ag_0_sr_29_30|s200002->100002d|$c0$l290491813^i0 size=0 is_single_chunk=true is_aligned=true memcpy_needed=false
I0909 08:45:35.081283    1961 grpc_transport.cc:1414] [MEGASCALE_TRANSPORT_INSTR] Recv: key=psum.7_0_rs_0_sr_0_1|s200007->100007d|$c0$l290491814^i0 size=0 is_single_chunk=true is_aligned=true memcpy_needed=false
I0909 08:45:35.133951    1826 grpc_transport.cc:1743] [MEGASCALE_TRANSPORT_INSTR] SendRpc: key=psum.7_0_rs_0_sr_29_30|s100005->200005d|$c0$l290491814^i0 size=8388608 queue_latency_us=0 attempt=0
I0909 08:45:35.175281    2012 grpc_transport.cc:1414] [MEGASCALE_TRANSPORT_INSTR] Recv: key=psum.7_0_ag_0_sr_23_24|s200005->100005d|$c0$l290491814^i0 size=0 is_single_chunk=true is_aligned=true memcpy_needed=false
I0909 08:45:35.185923    1762 grpc_transport.cc:1743] [MEGASCALE_TRANSPORT_INSTR] SendRpc: key=psum.7_0_ag_0_sr_4_5|s100001->200001d|$c0$l290491814^i0 size=8388608 queue_latency_us=0 attempt=0
I0909 08:45:35.218472    1608 grpc_transport.cc:1414] [MEGASCALE_TRANSPORT_INSTR] Recv: key=psum.7_0_rs_0_sr_9_10|s200003->100003d|$c0$l290491815^i0 size=0 is_single_chunk=true is_aligned=true memcpy_needed=false
I0909 08:45:35.243029    1760 grpc_transport.cc:1414] [MEGASCALE_TRANSPORT_INSTR] Recv: key=psum.7_0_rs_0_sr_14_15|s200004->100004d|$c0$l290491815^i0 size=0 is_single_chunk=true is_aligned=true memcpy_needed=false
I0909 08:45:35.282259    1575 grpc_transport.cc:1743] [MEGASCALE_TRANSPORT_INSTR] SendRpc: key=psum.7_0_rs_0_sr_19_20|s100000->200000d|$c0$l290491815^i0 size=8388608 queue_latency_us=0 attempt=0
I0909 08:45:35.291495    1495 grpc_transport.cc:1743] [MEGASCALE_TRANSPORT_INSTR] SendRpc: key=psum.7_0_rs_0_sr_31_32|s100001->200001d|$c0$l290491815^i0 size=8388608 queue_latency_us=0 attempt=0
I0909 08:45:35.341618    1609 grpc_transport.cc:1743] [MEGASCALE_TRANSPORT_INSTR] SendRpc: key=psum.7_0_ag_0_sr_6_7|s100000->200000d|$c0$l290491815^i0 size=8388608 queue_latency_us=0 attempt=0
I0909 08:45:35.346210    2017 grpc_transport.cc:1414] [MEGASCALE_TRANSPORT_INSTR] Recv: key=psum.7_0_ag_0_sr_20_21|s200002->100002d|$c0$l290491815^i0 size=0 is_single_chunk=true is_aligned=true memcpy_needed=false
I0909 08:45:35.384886     796 grpc_transport.cc:1414] [MEGASCALE_TRANSPORT_INSTR] Recv: key=psum.7_0_rs_0_sr_7_8|s200004->100004d|$c0$l290491816^i0 size=0 is_single_chunk=true is_aligned=true memcpy_needed=false
I0909 08:45:35.438327    1760 grpc_transport.cc:1743] [MEGASCALE_TRANSPORT_INSTR] SendRpc: key=psum.7_0_rs_0_sr_31_32|s100005->200005d|$c0$l290491816^i0 size=8388608 queue_latency_us=1 attempt=0
I0909 08:45:35.461278    1575 grpc_transport.cc:1414] [MEGASCALE_TRANSPORT_INSTR] Recv: key=psum.7_0_ag_0_sr_20_21|s200005->100005d|$c0$l290491816^i0 size=0 is_single_chunk=true is_aligned=true memcpy_needed=false
I0909 08:45:35.484289    1972 grpc_transport.cc:1743] [MEGASCALE_TRANSPORT_INSTR] SendRpc: key=psum.7_0_ag_0_sr_6_7|s100003->200003d|$c0$l290491816^i0 size=8388608 queue_latency_us=0 attempt=0
I0909 08:45:35.512320    1772 grpc_transport.cc:1414] [MEGASCALE_TRANSPORT_INSTR] Recv: key=psum.7_0_ag_0_sr_22_23|s200001->100001d|$c0$l290491816^i0 size=0 is_single_chunk=true is_aligned=true memcpy_needed=false
I0909 08:45:35.547540    1931 grpc_transport.cc:1414] [MEGASCALE_TRANSPORT_INSTR] Recv: key=psum.7_0_rs_0_sr_8_9|s200005->100005d|$c0$l290491817^i0 size=0 is_single_chunk=true is_aligned=true memcpy_needed=false
I0909 08:45:35.589421    1826 grpc_transport.cc:1743] [MEGASCALE_TRANSPORT_INSTR] SendRpc: key=psum.7_0_rs_0_sr_30_31|s100005->200005d|$c0$l290491817^i0 size=8388608 queue_latency_us=0 attempt=0
I0909 08:45:35.596815    1972 grpc_transport.cc:1743] [MEGASCALE_TRANSPORT_INSTR] SendRpc: key=psum.7_0_rs_0_sr_29_30|s100003->200003d|$c0$l290491817^i0 size=8388608 queue_latency_us=0 attempt=0
I0909 08:45:35.646651     795 grpc_transport.cc:1414] [MEGASCALE_TRANSPORT_INSTR] Recv: key=psum.7_0_ag_0_sr_23_24|s200001->100001d|$c0$l290491817^i0 size=0 is_single_chunk=true is_aligned=true memcpy_needed=false
I0909 08:45:35.649613    1749 grpc_transport.cc:1743] [MEGASCALE_TRANSPORT_INSTR] SendRpc: key=psum.7_0_ag_0_sr_7_8|s100004->200004d|$c0$l290491817^i0 size=8388608 queue_latency_us=0 attempt=0
I0909 08:45:35.689542    2016 grpc_transport.cc:1414] [MEGASCALE_TRANSPORT_INSTR] Recv: key=psum.7_0_rs_0_sr_8_9|s200007->100007d|$c0$l290491818^i0 size=0 is_single_chunk=true is_aligned=true memcpy_needed=false
I0909 08:45:35.747444    1491 grpc_transport.cc:1743] [MEGASCALE_TRANSPORT_INSTR] SendRpc: key=psum.7_0_rs_0_sr_22_23|s100000->200000d|$c0$l290491818^i0 size=8388608 queue_latency_us=0 attempt=0
I0909 08:45:35.761690    1983 grpc_transport.cc:1414] [MEGASCALE_TRANSPORT_INSTR] Recv: key=psum.7_0_ag_0_sr_20_21|s200006->100006d|$c0$l290491818^i0 size=0 is_single_chunk=true is_aligned=true memcpy_needed=false
I0909 08:45:35.793074    2016 grpc_transport.cc:1743] [MEGASCALE_TRANSPORT_INSTR] SendRpc: key=psum.7_0_ag_0_sr_15_16|s100006->200006d|$c0$l290491818^i0 size=8388608 queue_latency_us=0 attempt=0
I0909 08:45:35.823034    1495 grpc_transport.cc:1414] [MEGASCALE_TRANSPORT_INSTR] Recv: key=psum.7_0_ag_0_sr_18_19|s200005->100005d|$c0$l290491818^i0 size=0 is_single_chunk=true is_aligned=true memcpy_needed=false
I0909 08:45:35.858787    1609 grpc_transport.cc:1414] [MEGASCALE_TRANSPORT_INSTR] Recv: key=psum.7_0_rs_0_sr_5_6|s200004->100004d|$c0$l290491819^i0 size=0 is_single_chunk=true is_aligned=true memcpy_needed=false
I0909 08:45:35.895343    1494 grpc_transport.cc:1743] [MEGASCALE_TRANSPORT_INSTR] SendRpc: key=psum.7_0_rs_0_sr_16_17|s100001->200001d|$c0$l290491819^i0 size=8388608 queue_latency_us=0 attempt=0
I0909 08:45:35.908003    1755 grpc_transport.cc:1743] [MEGASCALE_TRANSPORT_INSTR] SendRpc: key=psum.7_0_ag_0_sr_8_9|s100003->200003d|$c0$l290491819^i0 size=8388608 queue_latency_us=0 attempt=0
I0909 08:45:35.949684    1742 grpc_transport.cc:1414] [MEGASCALE_TRANSPORT_INSTR] Recv: key=psum.7_0_ag_0_sr_19_20|s200002->100002d|$c0$l290491819^i0 size=0 is_single_chunk=true is_aligned=true memcpy_needed=false
I0909 08:45:35.955382    1575 grpc_transport.cc:1743] [MEGASCALE_TRANSPORT_INSTR] SendRpc: key=psum.7_0_ag_0_sr_5_6|s100001->200001d|$c0$l290491819^i0 size=8388608 queue_latency_us=0 attempt=0
I0909 08:45:36.000229    2016 grpc_transport.cc:1414] [MEGASCALE_TRANSPORT_INSTR] Recv: key=psum.7_0_rs_0_sr_8_9|s200006->100006d|$c0$l290491820^i0 size=0 is_single_chunk=true is_aligned=true memcpy_needed=false
I0909 08:45:36.020913    2011 grpc_transport.cc:1414] [MEGASCALE_TRANSPORT_INSTR] Recv: key=psum.7_0_rs_0_sr_1_2|s200000->100000d|$c0$l290491820^i0 size=0 is_single_chunk=true is_aligned=true memcpy_needed=false
I0909 08:45:36.054243    1558 grpc_transport.cc:1743] [MEGASCALE_TRANSPORT_INSTR] SendRpc: key=psum.7_0_rs_0_sr_23_24|s100000->200000d|$c0$l290491820^i0 size=8388608 queue_latency_us=0 attempt=0
I0909 08:45:36.093234    2020 grpc_transport.cc:1743] [MEGASCALE_TRANSPORT_INSTR] SendRpc: key=psum.7_0_ag_0_sr_4_5|s100002->200002d|$c0$l290491820^i0 size=8388608 queue_latency_us=0 attempt=0
I0909 08:45:36.112479    1611 grpc_transport.cc:1743] [MEGASCALE_TRANSPORT_INSTR] SendRpc: key=psum.7_0_ag_0_sr_9_10|s100004->200004d|$c0$l290491820^i0 size=8388608 queue_latency_us=0 attempt=0
I0909 08:45:36.124650    1608 grpc_transport.cc:1414] [MEGASCALE_TRANSPORT_INSTR] Recv: key=psum.7_0_ag_0_sr_20_21|s200006->100006d|$c0$l290491820^i0 size=0 is_single_chunk=true is_aligned=true memcpy_needed=false
DCN_TIMING_REP {"batch": 10, "collective_ms_per_iteration": 154.55391970463097, "dcn_rx_bytes": 21652842146, "dcn_tx_bytes": 21591076834, "device_wait_ms_per_iteration": 154.20926309889182, "dispatch_ms_per_iteration": 0.34465660573914647, "end_barrier_ms": 3.788455971516669, "end_barrier_ms_per_iteration": 0.3788455971516669, "experiment": "pi_C2_poisoned", "label": "google_all_reduce_p8_d16384", "legacy_ms_per_iteration": 154.93276530178264, "network_delta": {"cilium_host": {"rx_bytes": 0, "tx_bytes": 0}, "cilium_net": {"rx_bytes": 0, "tx_bytes": 0}, "docker0": {"rx_bytes": 0, "tx_bytes": 0}, "eth0": {"rx_bytes": 3919, "tx_bytes": 281958}, "eth1": {"rx_bytes": 11232562329, "tx_bytes": 10815415307}, "eth2": {"rx_bytes": 10420279817, "tx_bytes": 10775661527}, "lo": {"rx_bytes": 394772, "tx_bytes": 394772}, "lxc24139f804dfe": {"rx_bytes": 0, "tx_bytes": 0}, "lxc2a01d986850c": {"rx_bytes": 0, "tx_bytes": 0}, "lxc4aea7d2c7fcb": {"rx_bytes": 0, "tx_bytes": 0}, "lxcc0a8ef4be915": {"rx_bytes": 502, "tx_bytes": 515}, "lxcde9de6c6fd2b": {"rx_bytes": 0, "tx_bytes": 0}}, "rank": 0, "rep": 2}
I0909 08:45:36.209445    1939 grpc_transport.cc:1743] [MEGASCALE_TRANSPORT_INSTR] SendRpc: key=psum.7_0_rs_0_sr_21_22|s100007->200007d|$c0$l290491821^i0 size=8388608 queue_latency_us=0 attempt=0
I0909 08:45:36.231796    1738 grpc_transport.cc:1414] [MEGASCALE_TRANSPORT_INSTR] Recv: key=psum.7_0_rs_0_sr_8_9|s200007->100007d|$c0$l290491821^i0 size=0 is_single_chunk=true is_aligned=true memcpy_needed=false
I0909 08:45:36.249173    1900 grpc_transport.cc:1743] [MEGASCALE_TRANSPORT_INSTR] SendRpc: key=psum.7_0_ag_0_sr_3_4|s100006->200006d|$c0$l290491821^i0 size=8388608 queue_latency_us=0 attempt=0
I0909 08:45:36.283503    1611 grpc_transport.cc:1414] [MEGASCALE_TRANSPORT_INSTR] Recv: key=psum.7_0_rs_0_sr_1_2|s200000->100000d|$c0$l290491821^i0 size=0 is_single_chunk=true is_aligned=true memcpy_needed=false
I0909 08:45:36.304499    2015 grpc_transport.cc:1414] [MEGASCALE_TRANSPORT_INSTR] Recv: key=psum.7_0_rs_0_sr_4_5|s200003->100003d|$c0$l290491822^i0 size=0 is_single_chunk=true is_aligned=true memcpy_needed=false
I0909 08:45:36.334024    1931 grpc_transport.cc:1414] [MEGASCALE_TRANSPORT_INSTR] Recv: key=psum.7_0_rs_0_sr_11_12|s200000->100000d|$c0$l290491822^i0 size=0 is_single_chunk=true is_aligned=true memcpy_needed=false
I0909 08:45:36.369836    1768 grpc_transport.cc:1743] [MEGASCALE_TRANSPORT_INSTR] SendRpc: key=psum.7_0_rs_0_sr_27_28|s100005->200005d|$c0$l290491822^i0 size=8388608 queue_latency_us=0 attempt=0
I0909 08:45:36.383221    1753 grpc_transport.cc:1743] [MEGASCALE_TRANSPORT_INSTR] SendRpc: key=psum.7_0_rs_0_sr_29_30|s100006->200006d|$c0$l290491822^i0 size=8388608 queue_latency_us=0 attempt=0
I0909 08:45:36.430239    1617 grpc_transport.cc:1414] [MEGASCALE_TRANSPORT_INSTR] Recv: key=psum.7_0_ag_0_sr_16_17|s200002->100002d|$c0$l290491822^i0 size=0 is_single_chunk=true is_aligned=true memcpy_needed=false
I0909 08:45:36.432453    2017 grpc_transport.cc:1743] [MEGASCALE_TRANSPORT_INSTR] SendRpc: key=psum.7_0_ag_0_sr_12_13|s100007->200007d|$c0$l290491822^i0 size=8388608 queue_latency_us=0 attempt=0
I0909 08:45:36.471027    2015 grpc_transport.cc:1414] [MEGASCALE_TRANSPORT_INSTR] Recv: key=psum.7_0_rs_0_sr_15_16|s200006->100006d|$c0$l290491823^i0 size=0 is_single_chunk=true is_aligned=true memcpy_needed=false
I0909 08:45:36.524756    1609 grpc_transport.cc:1743] [MEGASCALE_TRANSPORT_INSTR] SendRpc: key=psum.7_0_rs_0_sr_17_18|s100004->200004d|$c0$l290491823^i0 size=8388608 queue_latency_us=0 attempt=0
I0909 08:45:36.544672    1932 grpc_transport.cc:1414] [MEGASCALE_TRANSPORT_INSTR] Recv: key=psum.7_0_ag_0_sr_16_17|s200000->100000d|$c0$l290491823^i0 size=0 is_single_chunk=true is_aligned=true memcpy_needed=false
I0909 08:45:36.571204    1942 grpc_transport.cc:1743] [MEGASCALE_TRANSPORT_INSTR] SendRpc: key=psum.7_0_ag_0_sr_6_7|s100001->200001d|$c0$l290491823^i0 size=8388608 queue_latency_us=0 attempt=0
I0909 08:45:36.594695    1487 grpc_transport.cc:1414] [MEGASCALE_TRANSPORT_INSTR] Recv: key=psum.7_0_ag_0_sr_22_23|s200004->100004d|$c0$l290491823^i0 size=0 is_single_chunk=true is_aligned=true memcpy_needed=false
I0909 08:45:36.630769     786 grpc_transport.cc:1414] [MEGASCALE_TRANSPORT_INSTR] Recv: key=psum.7_0_rs_0_sr_7_8|s200001->100001d|$c0$l290491824^i0 size=0 is_single_chunk=true is_aligned=true memcpy_needed=false
I0909 08:45:36.676799    1967 grpc_transport.cc:1743] [MEGASCALE_TRANSPORT_INSTR] SendRpc: key=psum.7_0_rs_0_sr_17_18|s100007->200007d|$c0$l290491824^i0 size=8388608 queue_latency_us=0 attempt=0
I0909 08:45:36.688166    1936 grpc_transport.cc:1743] [MEGASCALE_TRANSPORT_INSTR] SendRpc: key=psum.7_0_rs_0_sr_28_29|s100005->200005d|$c0$l290491824^i0 size=8388608 queue_latency_us=0 attempt=0
I0909 08:45:36.733124    2023 grpc_transport.cc:1414] [MEGASCALE_TRANSPORT_INSTR] Recv: key=psum.7_0_ag_0_sr_20_21|s200002->100002d|$c0$l290491824^i0 size=0 is_single_chunk=true is_aligned=true memcpy_needed=false
I0909 08:45:36.741190    1608 grpc_transport.cc:1743] [MEGASCALE_TRANSPORT_INSTR] SendRpc: key=psum.7_0_ag_0_sr_2_3|s100003->200003d|$c0$l290491824^i0 size=8388608 queue_latency_us=0 attempt=0
I0909 08:45:36.775280    1960 grpc_transport.cc:1414] [MEGASCALE_TRANSPORT_INSTR] Recv: key=psum.7_0_rs_0_sr_12_13|s200006->100006d|$c0$l290491825^i0 size=0 is_single_chunk=true is_aligned=true memcpy_needed=false
I0909 08:45:36.836553    1899 grpc_transport.cc:1743] [MEGASCALE_TRANSPORT_INSTR] SendRpc: key=psum.7_0_rs_0_sr_24_25|s100007->200007d|$c0$l290491825^i0 size=8388608 queue_latency_us=0 attempt=0
I0909 08:45:36.839152    2011 grpc_transport.cc:1414] [MEGASCALE_TRANSPORT_INSTR] Recv: key=psum.7_0_ag_0_sr_17_18|s200000->100000d|$c0$l290491825^i0 size=0 is_single_chunk=true is_aligned=true memcpy_needed=false
I0909 08:45:36.881475    1749 grpc_transport.cc:1743] [MEGASCALE_TRANSPORT_INSTR] SendRpc: key=psum.7_0_ag_0_sr_6_7|s100001->200001d|$c0$l290491825^i0 size=8388608 queue_latency_us=0 attempt=0
I0909 08:45:36.893775    1743 grpc_transport.cc:1743] [MEGASCALE_TRANSPORT_INSTR] SendRpc: key=psum.7_0_ag_0_sr_12_13|s100003->200003d|$c0$l290491825^i0 size=8388608 queue_latency_us=0 attempt=0
I0909 08:45:36.905035    1960 grpc_transport.cc:1414] [MEGASCALE_TRANSPORT_INSTR] Recv: key=psum.7_0_ag_0_sr_28_29|s200006->100006d|$c0$l290491825^i0 size=0 is_single_chunk=true is_aligned=true memcpy_needed=false
I0909 08:45:36.933875    1744 grpc_transport.cc:1414] [MEGASCALE_TRANSPORT_INSTR] Recv: key=psum.7_0_rs_0_sr_6_7|s200007->100007d|$c0$l290491826^i0 size=0 is_single_chunk=true is_aligned=true memcpy_needed=false
I0909 08:45:36.990508    1960 grpc_transport.cc:1743] [MEGASCALE_TRANSPORT_INSTR] SendRpc: key=psum.7_0_rs_0_sr_31_32|s100002->200002d|$c0$l290491826^i0 size=8388608 queue_latency_us=0 attempt=0
I0909 08:45:37.030808     798 grpc_transport.cc:1414] [MEGASCALE_TRANSPORT_INSTR] Recv: key=psum.7_0_ag_0_sr_22_23|s200000->100000d|$c0$l290491826^i0 size=0 is_single_chunk=true is_aligned=true memcpy_needed=false
I0909 08:45:37.034081    1756 grpc_transport.cc:1743] [MEGASCALE_TRANSPORT_INSTR] SendRpc: key=psum.7_0_ag_0_sr_0_1|s100001->200001d|$c0$l290491826^i0 size=8388608 queue_latency_us=0 attempt=0
I0909 08:45:37.077048    1960 grpc_transport.cc:1414] [MEGASCALE_TRANSPORT_INSTR] Recv: key=psum.7_0_rs_0_sr_13_14|s200007->100007d|$c0$l290491827^i0 size=0 is_single_chunk=true is_aligned=true memcpy_needed=false
I0909 08:45:37.093775    1933 grpc_transport.cc:1414] [MEGASCALE_TRANSPORT_INSTR] Recv: key=psum.7_0_rs_0_sr_11_12|s200004->100004d|$c0$l290491827^i0 size=0 is_single_chunk=true is_aligned=true memcpy_needed=false
I0909 08:45:37.131055    1943 grpc_transport.cc:1743] [MEGASCALE_TRANSPORT_INSTR] SendRpc: key=psum.7_0_rs_0_sr_18_19|s100007->200007d|$c0$l290491827^i0 size=8388608 queue_latency_us=0 attempt=0
I0909 08:45:37.162479     797 grpc_transport.cc:1743] [MEGASCALE_TRANSPORT_INSTR] SendRpc: key=psum.7_0_ag_0_sr_6_7|s100005->200005d|$c0$l290491827^i0 size=8388608 queue_latency_us=0 attempt=0
I0909 08:45:37.191923    2023 grpc_transport.cc:1743] [MEGASCALE_TRANSPORT_INSTR] SendRpc: key=psum.7_0_ag_0_sr_10_11|s100003->200003d|$c0$l290491827^i0 size=8388608 queue_latency_us=0 attempt=0
I0909 08:45:37.200541    1760 grpc_transport.cc:1414] [MEGASCALE_TRANSPORT_INSTR] Recv: key=psum.7_0_ag_0_sr_22_23|s200004->100004d|$c0$l290491827^i0 size=0 is_single_chunk=true is_aligned=true memcpy_needed=false
I0909 08:45:37.233340    1931 grpc_transport.cc:1414] [MEGASCALE_TRANSPORT_INSTR] Recv: key=psum.7_0_rs_0_sr_7_8|s200005->100005d|$c0$l290491828^i0 size=0 is_single_chunk=true is_aligned=true memcpy_needed=false
I0909 08:45:37.275171    1983 grpc_transport.cc:1743] [MEGASCALE_TRANSPORT_INSTR] SendRpc: key=psum.7_0_rs_0_sr_30_31|s100002->200002d|$c0$l290491828^i0 size=8388608 queue_latency_us=0 attempt=0
I0909 08:45:37.314431    1931 grpc_transport.cc:1414] [MEGASCALE_TRANSPORT_INSTR] Recv: key=psum.7_0_ag_0_sr_31_32|s200004->100004d|$c0$l290491828^i0 size=0 is_single_chunk=true is_aligned=true memcpy_needed=false
I0909 08:45:37.324021    1900 grpc_transport.cc:1743] [MEGASCALE_TRANSPORT_INSTR] SendRpc: key=psum.7_0_ag_0_sr_15_16|s100006->200006d|$c0$l290491828^i0 size=8388608 queue_latency_us=0 attempt=0
I0909 08:45:37.358108    1608 grpc_transport.cc:1414] [MEGASCALE_TRANSPORT_INSTR] Recv: key=psum.7_0_rs_0_sr_2_3|s200006->100006d|$c0$l290491829^i0 size=0 is_single_chunk=true is_aligned=true memcpy_needed=false
I0909 08:45:37.378889    1609 grpc_transport.cc:1414] [MEGASCALE_TRANSPORT_INSTR] Recv: key=psum.7_0_rs_0_sr_10_11|s200000->100000d|$c0$l290491829^i0 size=0 is_single_chunk=true is_aligned=true memcpy_needed=false
I0909 08:45:37.427113    1352 grpc_transport.cc:1743] [MEGASCALE_TRANSPORT_INSTR] SendRpc: key=psum.7_0_rs_0_sr_26_27|s100005->200005d|$c0$l290491829^i0 size=8388608 queue_latency_us=0 attempt=0
I0909 08:45:37.448820    1966 grpc_transport.cc:1743] [MEGASCALE_TRANSPORT_INSTR] SendRpc: key=psum.7_0_ag_0_sr_5_6|s100006->200006d|$c0$l290491829^i0 size=8388608 queue_latency_us=0 attempt=0
I0909 08:45:37.489716    1563 grpc_transport.cc:1743] [MEGASCALE_TRANSPORT_INSTR] SendRpc: key=psum.7_0_ag_0_sr_5_6|s100004->200004d|$c0$l290491829^i0 size=8388608 queue_latency_us=0 attempt=0
I0909 08:45:37.491724    1340 grpc_transport.cc:1414] [MEGASCALE_TRANSPORT_INSTR] Recv: key=psum.7_0_ag_0_sr_31_32|s200007->100007d|$c0$l290491829^i0 size=0 is_single_chunk=true is_aligned=true memcpy_needed=false
I0909 08:45:37.534491    1340 grpc_transport.cc:1414] [MEGASCALE_TRANSPORT_INSTR] Recv: key=psum.7_0_rs_0_sr_10_11|s200002->100002d|$c0$l290491830^i0 size=0 is_single_chunk=true is_aligned=true memcpy_needed=false
I0909 08:45:37.582933    2017 grpc_transport.cc:1743] [MEGASCALE_TRANSPORT_INSTR] SendRpc: key=psum.7_0_rs_0_sr_29_30|s100006->200006d|$c0$l290491830^i0 size=8388608 queue_latency_us=0 attempt=0
I0909 08:45:37.601711    1900 grpc_transport.cc:1414] [MEGASCALE_TRANSPORT_INSTR] Recv: key=psum.7_0_ag_0_sr_25_26|s200007->100007d|$c0$l290491830^i0 size=0 is_single_chunk=true is_aligned=true memcpy_needed=false
I0909 08:45:37.630094    2023 grpc_transport.cc:1743] [MEGASCALE_TRANSPORT_INSTR] SendRpc: key=psum.7_0_ag_0_sr_8_9|s100002->200002d|$c0$l290491830^i0 size=8388608 queue_latency_us=0 attempt=0
I0909 08:45:37.664292    2015 grpc_transport.cc:1414] [MEGASCALE_TRANSPORT_INSTR] Recv: key=all-reduce_0_rs_0_sr_0_1|s200006->100006d|$c0$l-1228319948^i0 size=512 is_single_chunk=true is_aligned=false memcpy_needed=true
DCN_TIMING_REP {"batch": 10, "collective_ms_per_iteration": 152.98969339346513, "dcn_rx_bytes": 21652830356, "dcn_tx_bytes": 21598407424, "device_wait_ms_per_iteration": 152.62937509687617, "dispatch_ms_per_iteration": 0.3603182965889573, "end_barrier_ms": 3.71556100435555, "end_barrier_ms_per_iteration": 0.371556100435555, "experiment": "pi_C2_poisoned", "label": "google_all_reduce_p8_d16384", "legacy_ms_per_iteration": 153.3612494939007, "network_delta": {"cilium_host": {"rx_bytes": 0, "tx_bytes": 0}, "cilium_net": {"rx_bytes": 0, "tx_bytes": 0}, "docker0": {"rx_bytes": 0, "tx_bytes": 0}, "eth0": {"rx_bytes": 27686, "tx_bytes": 501722}, "eth1": {"rx_bytes": 11232602379, "tx_bytes": 10837788097}, "eth2": {"rx_bytes": 10420227977, "tx_bytes": 10760619327}, "lo": {"rx_bytes": 395305, "tx_bytes": 395305}, "lxc24139f804dfe": {"rx_bytes": 0, "tx_bytes": 0}, "lxc2a01d986850c": {"rx_bytes": 0, "tx_bytes": 0}, "lxc4aea7d2c7fcb": {"rx_bytes": 132, "tx_bytes": 132}, "lxcc0a8ef4be915": {"rx_bytes": 0, "tx_bytes": 0}, "lxcde9de6c6fd2b": {"rx_bytes": 0, "tx_bytes": 0}}, "rank": 0, "rep": 3}
I0909 08:45:37.744784    1340 grpc_transport.cc:1743] [MEGASCALE_TRANSPORT_INSTR] SendRpc: key=psum.7_0_rs_0_sr_17_18|s100002->200002d|$c0$l290491831^i0 size=8388608 queue_latency_us=0 attempt=0
I0909 08:45:37.750689    1608 grpc_transport.cc:1743] [MEGASCALE_TRANSPORT_INSTR] SendRpc: key=psum.7_0_rs_0_sr_26_27|s100003->200003d|$c0$l290491831^i0 size=8388608 queue_latency_us=0 attempt=0
I0909 08:45:37.774850    1771 grpc_transport.cc:1414] [MEGASCALE_TRANSPORT_INSTR] Recv: key=psum.7_0_rs_0_sr_10_11|s200004->100004d|$c0$l290491831^i0 size=0 is_single_chunk=true is_aligned=true memcpy_needed=false
I0909 08:45:37.808241    1960 grpc_transport.cc:1743] [MEGASCALE_TRANSPORT_INSTR] SendRpc: key=psum.7_0_ag_0_sr_1_2|s100003->200003d|$c0$l290491831^i0 size=8388608 queue_latency_us=0 attempt=0
I0909 08:45:37.816643    1575 grpc_transport.cc:1414] [MEGASCALE_TRANSPORT_INSTR] Recv: key=psum.7_0_ag_0_sr_21_22|s200000->100000d|$c0$l290491831^i0 size=0 is_single_chunk=true is_aligned=true memcpy_needed=false
I0909 08:45:37.849102    1960 grpc_transport.cc:1414] [MEGASCALE_TRANSPORT_INSTR] Recv: key=psum.7_0_rs_0_sr_2_3|s200002->100002d|$c0$l290491832^i0 size=0 is_single_chunk=true is_aligned=true memcpy_needed=false
I0909 08:45:37.880284    1936 grpc_transport.cc:1414] [MEGASCALE_TRANSPORT_INSTR] Recv: key=psum.7_0_rs_0_sr_12_13|s200001->100001d|$c0$l290491832^i0 size=0 is_single_chunk=true is_aligned=true memcpy_needed=false
I0909 08:45:37.914032    2017 grpc_transport.cc:1743] [MEGASCALE_TRANSPORT_INSTR] SendRpc: key=psum.7_0_rs_0_sr_26_27|s100002->200002d|$c0$l290491832^i0 size=8388608 queue_latency_us=0 attempt=0
I0909 08:45:37.959455    1943 grpc_transport.cc:1743] [MEGASCALE_TRANSPORT_INSTR] SendRpc: key=psum.7_0_ag_0_sr_14_15|s100007->200007d|$c0$l290491832^i0 size=8388608 queue_latency_us=0 attempt=0
I0909 08:45:37.975339    1933 grpc_transport.cc:1743] [MEGASCALE_TRANSPORT_INSTR] SendRpc: key=psum.7_0_ag_0_sr_9_10|s100001->200001d|$c0$l290491832^i0 size=8388608 queue_latency_us=0 attempt=0
I0909 08:45:37.984739    1340 grpc_transport.cc:1414] [MEGASCALE_TRANSPORT_INSTR] Recv: key=psum.7_0_ag_0_sr_26_27|s200006->100006d|$c0$l290491832^i0 size=0 is_single_chunk=true is_aligned=true memcpy_needed=false
I0909 08:45:38.011857    1942 grpc_transport.cc:1414] [MEGASCALE_TRANSPORT_INSTR] Recv: key=psum.7_0_rs_0_sr_3_4|s200001->100001d|$c0$l290491833^i0 size=0 is_single_chunk=true is_aligned=true memcpy_needed=false
I0909 08:45:38.070624     804 grpc_transport.cc:1743] [MEGASCALE_TRANSPORT_INSTR] SendRpc: key=psum.7_0_rs_0_sr_26_27|s100007->200007d|$c0$l290491833^i0 size=8388608 queue_latency_us=0 attempt=0
I0909 08:45:38.102288    1743 grpc_transport.cc:1414] [MEGASCALE_TRANSPORT_INSTR] Recv: key=psum.7_0_ag_0_sr_27_28|s200002->100002d|$c0$l290491833^i0 size=0 is_single_chunk=true is_aligned=true memcpy_needed=false
I0909 08:45:38.108753    1341 grpc_transport.cc:1743] [MEGASCALE_TRANSPORT_INSTR] SendRpc: key=psum.7_0_ag_0_sr_8_9|s100007->200007d|$c0$l290491833^i0 size=8388608 queue_latency_us=0 attempt=0
I0909 08:45:38.150782    2015 grpc_transport.cc:1414] [MEGASCALE_TRANSPORT_INSTR] Recv: key=psum.7_0_rs_0_sr_6_7|s200003->100003d|$c0$l290491834^i0 size=0 is_single_chunk=true is_aligned=true memcpy_needed=false
I0909 08:45:38.171257    2011 grpc_transport.cc:1414] [MEGASCALE_TRANSPORT_INSTR] Recv: key=psum.7_0_rs_0_sr_15_16|s200005->100005d|$c0$l290491834^i0 size=0 is_single_chunk=true is_aligned=true memcpy_needed=false
I0909 08:45:38.223043    1943 grpc_transport.cc:1743] [MEGASCALE_TRANSPORT_INSTR] SendRpc: key=psum.7_0_rs_0_sr_24_25|s100006->200006d|$c0$l290491834^i0 size=8388608 queue_latency_us=0 attempt=0
I0909 08:45:38.256476    1755 grpc_transport.cc:1743] [MEGASCALE_TRANSPORT_INSTR] SendRpc: key=psum.7_0_ag_0_sr_10_11|s100003->200003d|$c0$l290491834^i0 size=8388608 queue_latency_us=0 attempt=0
I0909 08:45:38.280195    1495 grpc_transport.cc:1743] [MEGASCALE_TRANSPORT_INSTR] SendRpc: key=psum.7_0_ag_0_sr_1_2|s100001->200001d|$c0$l290491834^i0 size=8388608 queue_latency_us=0 attempt=0
I0909 08:45:38.287929    1768 grpc_transport.cc:1414] [MEGASCALE_TRANSPORT_INSTR] Recv: key=psum.7_0_ag_0_sr_24_25|s200004->100004d|$c0$l290491834^i0 size=0 is_single_chunk=true is_aligned=true memcpy_needed=false
I0909 08:45:38.326401    1960 grpc_transport.cc:1414] [MEGASCALE_TRANSPORT_INSTR] Recv: key=psum.7_0_rs_0_sr_1_2|s200006->100006d|$c0$l290491835^i0 size=0 is_single_chunk=true is_aligned=true memcpy_needed=false
I0909 08:45:38.395459    1940 grpc_transport.cc:1743] [MEGASCALE_TRANSPORT_INSTR] SendRpc: key=psum.7_0_rs_0_sr_25_26|s100005->200005d|$c0$l290491835^i0 size=8388608 queue_latency_us=0 attempt=0
I0909 08:45:38.425227    1743 grpc_transport.cc:1414] [MEGASCALE_TRANSPORT_INSTR] Recv: key=psum.7_0_ag_0_sr_16_17|s200003->100003d|$c0$l290491835^i0 size=0 is_single_chunk=true is_aligned=true memcpy_needed=false
I0909 08:45:38.449373    2023 grpc_transport.cc:1743] [MEGASCALE_TRANSPORT_INSTR] SendRpc: key=psum.7_0_ag_0_sr_10_11|s100003->200003d|$c0$l290491835^i0 size=8388608 queue_latency_us=0 attempt=0
I0909 08:45:38.465353    1340 grpc_transport.cc:1414] [MEGASCALE_TRANSPORT_INSTR] Recv: key=psum.7_0_ag_0_sr_20_21|s200007->100007d|$c0$l290491835^i0 size=0 is_single_chunk=true is_aligned=true memcpy_needed=false
I0909 08:45:38.496437    1749 grpc_transport.cc:1414] [MEGASCALE_TRANSPORT_INSTR] Recv: key=psum.7_0_rs_0_sr_3_4|s200007->100007d|$c0$l290491836^i0 size=0 is_single_chunk=true is_aligned=true memcpy_needed=false
I0909 08:45:38.546763    2015 grpc_transport.cc:1743] [MEGASCALE_TRANSPORT_INSTR] SendRpc: key=psum.7_0_rs_0_sr_28_29|s100002->200002d|$c0$l290491836^i0 size=8388608 queue_latency_us=1 attempt=0
I0909 08:45:38.559503    2025 grpc_transport.cc:1743] [MEGASCALE_TRANSPORT_INSTR] SendRpc: key=psum.7_0_rs_0_sr_26_27|s100006->200006d|$c0$l290491836^i0 size=8388608 queue_latency_us=0 attempt=0
I0909 08:45:38.606663    1933 grpc_transport.cc:1743] [MEGASCALE_TRANSPORT_INSTR] SendRpc: key=psum.7_0_ag_0_sr_2_3|s100004->200004d|$c0$l290491836^i0 size=8388608 queue_latency_us=0 attempt=0
I0909 08:45:38.609774    1960 grpc_transport.cc:1414] [MEGASCALE_TRANSPORT_INSTR] Recv: key=psum.7_0_ag_0_sr_17_18|s200003->100003d|$c0$l290491836^i0 size=0 is_single_chunk=true is_aligned=true memcpy_needed=false
I0909 08:45:38.645256    1340 grpc_transport.cc:1414] [MEGASCALE_TRANSPORT_INSTR] Recv: key=psum.7_0_rs_0_sr_3_4|s200002->100002d|$c0$l290491837^i0 size=0 is_single_chunk=true is_aligned=true memcpy_needed=false
I0909 08:45:38.707809    1609 grpc_transport.cc:1743] [MEGASCALE_TRANSPORT_INSTR] SendRpc: key=psum.7_0_rs_0_sr_25_26|s100000->200000d|$c0$l290491837^i0 size=8388608 queue_latency_us=0 attempt=0
I0909 08:45:38.714608    1495 grpc_transport.cc:1414] [MEGASCALE_TRANSPORT_INSTR] Recv: key=psum.7_0_ag_0_sr_17_18|s200005->100005d|$c0$l290491837^i0 size=0 is_single_chunk=true is_aligned=true memcpy_needed=false
I0909 08:45:38.756175    1558 grpc_transport.cc:1743] [MEGASCALE_TRANSPORT_INSTR] SendRpc: key=psum.7_0_ag_0_sr_6_7|s100001->200001d|$c0$l290491837^i0 size=8388608 queue_latency_us=1 attempt=0
I0909 08:45:38.772050    1340 grpc_transport.cc:1414] [MEGASCALE_TRANSPORT_INSTR] Recv: key=psum.7_0_ag_0_sr_30_31|s200002->100002d|$c0$l290491837^i0 size=0 is_single_chunk=true is_aligned=true memcpy_needed=false
I0909 08:45:38.815582    1936 grpc_transport.cc:1414] [MEGASCALE_TRANSPORT_INSTR] Recv: key=psum.7_0_rs_0_sr_6_7|s200007->100007d|$c0$l290491838^i0 size=0 is_single_chunk=true is_aligned=true memcpy_needed=false
I0909 08:45:38.865187    1352 grpc_transport.cc:1743] [MEGASCALE_TRANSPORT_INSTR] SendRpc: key=psum.7_0_rs_0_sr_19_20|s100004->200004d|$c0$l290491838^i0 size=8388608 queue_latency_us=1 attempt=0
I0909 08:45:38.874615    1971 grpc_transport.cc:1743] [MEGASCALE_TRANSPORT_INSTR] SendRpc: key=psum.7_0_rs_0_sr_30_31|s100007->200007d|$c0$l290491838^i0 size=8388608 queue_latency_us=0 attempt=0
I0909 08:45:38.918967    1608 grpc_transport.cc:1414] [MEGASCALE_TRANSPORT_INSTR] Recv: key=psum.7_0_ag_0_sr_18_19|s200003->100003d|$c0$l290491838^i0 size=0 is_single_chunk=true is_aligned=true memcpy_needed=false
I0909 08:45:38.922531    1744 grpc_transport.cc:1743] [MEGASCALE_TRANSPORT_INSTR] SendRpc: key=psum.7_0_ag_0_sr_9_10|s100004->200004d|$c0$l290491838^i0 size=8388608 queue_latency_us=0 attempt=0
I0909 08:45:38.964541    1608 grpc_transport.cc:1414] [MEGASCALE_TRANSPORT_INSTR] Recv: key=psum.7_0_rs_0_sr_11_12|s200002->100002d|$c0$l290491839^i0 size=0 is_single_chunk=true is_aligned=true memcpy_needed=false
I0909 08:45:39.020746    2025 grpc_transport.cc:1743] [MEGASCALE_TRANSPORT_INSTR] SendRpc: key=psum.7_0_rs_0_sr_20_21|s100002->200002d|$c0$l290491839^i0 size=8388608 queue_latency_us=0 attempt=0
I0909 08:45:39.023525    1340 grpc_transport.cc:1414] [MEGASCALE_TRANSPORT_INSTR] Recv: key=psum.7_0_ag_0_sr_17_18|s200003->100003d|$c0$l290491839^i0 size=0 is_single_chunk=true is_aligned=true memcpy_needed=false
I0909 08:45:39.062130    1963 grpc_transport.cc:1743] [MEGASCALE_TRANSPORT_INSTR] SendRpc: key=psum.7_0_ag_0_sr_15_16|s100003->200003d|$c0$l290491839^i0 size=8388608 queue_latency_us=0 attempt=0
I0909 08:45:39.076878    1771 grpc_transport.cc:1743] [MEGASCALE_TRANSPORT_INSTR] SendRpc: key=psum.7_0_ag_0_sr_15_16|s100001->200001d|$c0$l290491839^i0 size=8388608 queue_latency_us=0 attempt=0
I0909 08:45:39.090573    1340 grpc_transport.cc:1414] [MEGASCALE_TRANSPORT_INSTR] Recv: key=psum.7_0_ag_0_sr_19_20|s200007->100007d|$c0$l290491839^i0 size=0 is_single_chunk=true is_aligned=true memcpy_needed=false
I0909 08:45:39.131898     787 grpc_transport.cc:1414] [MEGASCALE_TRANSPORT_INSTR] Recv: key=psum.7_0_rs_0_sr_13_14|s200005->100005d|$c0$l290491840^i0 size=0 is_single_chunk=true is_aligned=true memcpy_needed=false
I0909 08:45:39.184121     794 grpc_transport.cc:1743] [MEGASCALE_TRANSPORT_INSTR] SendRpc: key=psum.7_0_rs_0_sr_19_20|s100000->200000d|$c0$l290491840^i0 size=8388608 queue_latency_us=0 attempt=0
I0909 08:45:39.223402    2012 grpc_transport.cc:1414] [MEGASCALE_TRANSPORT_INSTR] Recv: key=psum.7_0_ag_0_sr_27_28|s200001->100001d|$c0$l290491840^i0 size=0 is_single_chunk=true is_aligned=true memcpy_needed=false
I0909 08:45:39.235268    1899 grpc_transport.cc:1743] [MEGASCALE_TRANSPORT_INSTR] SendRpc: key=psum.7_0_ag_0_sr_5_6|s100006->200006d|$c0$l290491840^i0 size=8388608 queue_latency_us=0 attempt=0
DCN_TIMING_REP {"batch": 10, "collective_ms_per_iteration": 157.56884060101584, "dcn_rx_bytes": 21652697175, "dcn_tx_bytes": 21594375474, "device_wait_ms_per_iteration": 157.18972770264372, "dispatch_ms_per_iteration": 0.3791128983721137, "end_barrier_ms": 3.4810008946806192, "end_barrier_ms_per_iteration": 0.3481000894680619, "experiment": "pi_C2_poisoned", "label": "google_all_reduce_p8_d16384", "legacy_ms_per_iteration": 157.9169406904839, "network_delta": {"cilium_host": {"rx_bytes": 0, "tx_bytes": 0}, "cilium_net": {"rx_bytes": 0, "tx_bytes": 0}, "docker0": {"rx_bytes": 0, "tx_bytes": 0}, "eth0": {"rx_bytes": 1557, "tx_bytes": 1498}, "eth1": {"rx_bytes": 11486215042, "tx_bytes": 10878612703}, "eth2": {"rx_bytes": 10166482133, "tx_bytes": 10715762771}, "lo": {"rx_bytes": 396751, "tx_bytes": 396751}, "lxc24139f804dfe": {"rx_bytes": 0, "tx_bytes": 0}, "lxc2a01d986850c": {"rx_bytes": 0, "tx_bytes": 0}, "lxc4aea7d2c7fcb": {"rx_bytes": 66, "tx_bytes": 66}, "lxcc0a8ef4be915": {"rx_bytes": 504, "tx_bytes": 517}, "lxcde9de6c6fd2b": {"rx_bytes": 0, "tx_bytes": 0}}, "rank": 0, "rep": 4}
DCN_TIMING_SUMMARY {"batch": 10, "experiment": "pi_C2_poisoned", "label": "google_all_reduce_p8_d16384", "metrics": {"collective_ms_per_iteration": {"count": 5, "cv": 0.042974364215720935, "mad": 2.731324394699186, "max": 170.22019459400326, "mean": 158.52357847848907, "median": 157.28524409933016, "min": 152.98969339346513, "p05": 153.3025386556983, "p10": 153.61538391793147, "p25": 154.55391970463097, "p75": 157.56884060101584, "p90": 165.1596529968083, "p95": 167.68992379540578, "stdev": 6.81244999831401}, "dcn_rx_bytes": {"count": 5, "cv": 1.125570133675536e-05, "mad": 144971.0, "max": 21653241056.0, "mean": 21652962671.0, "median": 21652842146.0, "min": 21652697175.0, "p05": 21652723811.2, "p10": 21652750447.4, "p25": 21652830356.0, "p75": 21653202622.0, "p90": 21653225682.4, "p95": 21653233369.2, "stdev": 243719.28088068863}, "dcn_tx_bytes": {"count": 5, "cv": 0.00015682074892444086, "mad": 1871514.0, "max": 21598407424.0, "mean": 21593107429.2, "median": 21591774464.0, "min": 21589902950.0, "p05": 21590137726.8, "p10": 21590372503.6, "p25": 21591076834.0, "p75": 21594375474.0, "p90": 21596794644.0, "p95": 21597601034.0, "stdev": 3386247.2786530517}, "device_wait_ms_per_iteration": {"count": 5, "cv": 0.043044946520081874, "mad": 2.6835429947823286, "max": 169.8492169030942, "mean": 158.15407777903602, "median": 156.89280609367415, "min": 152.62937509687617, "p05": 152.9453526972793, "p10": 153.26133029768243, "p25": 154.20926309889182, "p75": 157.18972770264372, "p90": 164.785421222914, "p95": 167.3173190630041, "stdev": 6.8077338199314745}, "dispatch_ms_per_iteration": {"count": 5, "cv": 0.049205099619832465, "mad": 0.010659394320100546, "max": 0.39243800565600395, "mean": 0.36950069945305586, "median": 0.37097769090905786, "min": 0.34465660573914647, "p05": 0.34778894390910864, "p10": 0.3509212820790708, "p25": 0.3603182965889573, "p75": 0.3791128983721137, "p90": 0.38710796274244785, "p95": 0.3897729841992259, "stdev": 0.018181318726185388}, "end_barrier_ms": {"count": 5, "cv": 0.07761945116623513, "mad": 0.3052530810236931, "max": 4.2275129817426205, "mean": 3.861247980967164, "median": 3.788455971516669, "min": 3.4810008946806192, "p05": 3.5279129166156054, "p10": 3.5748249385505915, "p25": 3.71556100435555, "p75": 4.093709052540362, "p90": 4.173991410061717, "p95": 4.200752195902169, "stdev": 0.2997079490994048}, "end_barrier_ms_per_iteration": {"count": 5, "cv": 0.07761945116623513, "mad": 0.03052530810236931, "max": 0.42275129817426205, "mean": 0.3861247980967164, "median": 0.3788455971516669, "min": 0.3481000894680619, "p05": 0.35279129166156054, "p10": 0.35748249385505915, "p25": 0.371556100435555, "p75": 0.4093709052540362, "p90": 0.4173991410061717, "p95": 0.4200752195902169, "stdev": 0.029970794909940476}, "legacy_ms_per_iteration": {"count": 5, "cv": 0.04295626310263248, "mad": 2.7752300957217813, "max": 170.6295654992573, "mean": 158.9097032765858, "median": 157.70799539750442, "min": 153.3612494939007, "p05": 153.67555265547708, "p10": 153.98985581705347, "p25": 154.93276530178264, "p75": 157.9169406904839, "p90": 165.54451557574794, "p95": 168.08704053750262, "stdev": 6.826167023510278}}, "rank": 0, "reps": 5, "warmups": 60}
I0909 08:45:39.324278      43 megascale_context.cc:439] Destroying MegaScale PjrtExecutableContext: jit_operation
DCN_GOOGLE_BASELINE_RESULT {"algorithm_GBps_per_device_best": 1.7503473457985614, "algorithm_GBps_per_device_median": 1.70210429295868, "batch": 10, "benchmark": "dcn_google_baseline", "bucket_semantics": "all_reduce_input_bytes_per_device", "dtype": "bfloat16", "host_algorithm_GBps_best": 14.002778766388492, "host_algorithm_GBps_median": 13.61683434366944, "host_ring_equivalent_bus_GBps_best": 14.002778766388492, "host_ring_equivalent_bus_GBps_median": 13.61683434366944, "matrix_dim": 16384, "n_slices": 2, "network_delta": {"cilium_host": {"rx_bytes": 0, "tx_bytes": 0}, "cilium_net": {"rx_bytes": 0, "tx_bytes": 0}, "docker0": {"rx_bytes": 0, "tx_bytes": 0}, "eth0": {"rx_bytes": 193818, "tx_bytes": 2521094}, "eth1": {"rx_bytes": 125470478516, "tx_bytes": 120279450526}, "eth2": {"rx_bytes": 114878079856, "tx_bytes": 119400065106}, "lo": {"rx_bytes": 2411095, "tx_bytes": 2411095}, "lxc24139f804dfe": {"rx_bytes": 6608, "tx_bytes": 57086}, "lxc2a01d986850c": {"rx_bytes": 66, "tx_bytes": 251}, "lxc4aea7d2c7fcb": {"rx_bytes": 921, "tx_bytes": 831}, "lxcc0a8ef4be915": {"rx_bytes": 36589, "tx_bytes": 40823}, "lxcde9de6c6fd2b": {"rx_bytes": 607, "tx_bytes": 645}}, "participants_per_slice": 8, "per_physical_chip_ring_equivalent_bus_GBps_best": 3.500694691597123, "per_physical_chip_ring_equivalent_bus_GBps_median": 3.40420858591736, "physical_chips_per_slice": 4, "rank": 0, "reps": 5, "ring_equivalent_bus_GBps_per_device_best": 1.7503473457985614, "ring_equivalent_bus_GBps_per_device_median": 1.70210429295868, "ring_equivalent_factor": 1.0, "run_id": "k8s-dcn-yp-dimsweep-20260904", "shard_bytes_per_device": 268435456.0, "source_commit": "", "time_ms_all": [170.6295654992573, 157.70799539750442, 154.93276530178264, 153.3612494939007, 157.9169406904839], "time_ms_median": 157.70799539750442, "time_ms_min": 153.3612494939007, "variant": "all_reduce", "warmups": 60}
DCN_GOOGLE_BASELINE_SUMMARY {"all_reduce": {"algorithm_GBps_per_device_best": 1.7503473457985614, "algorithm_GBps_per_device_median": 1.70210429295868, "host_algorithm_GBps_best": 14.002778766388492, "host_algorithm_GBps_median": 13.61683434366944, "host_ring_equivalent_bus_GBps_best": 14.002778766388492, "host_ring_equivalent_bus_GBps_median": 13.61683434366944, "matrix_dim": 16384, "per_physical_chip_ring_equivalent_bus_GBps_best": 3.500694691597123, "per_physical_chip_ring_equivalent_bus_GBps_median": 3.40420858591736, "ring_equivalent_bus_GBps_per_device_best": 1.7503473457985614, "ring_equivalent_bus_GBps_per_device_median": 1.70210429295868, "ring_equivalent_factor": 1.0, "shard_bytes_per_device": 268435456.0}, "ppermute_uni": {"host_tx_GBps_best": 44.69246725318099, "host_tx_GBps_median": 44.62805679593593, "matrix_dim": 16384, "per_device_tx_GBps_best": 5.586558406647624, "per_device_tx_GBps_median": 5.578507099491992, "per_physical_chip_tx_GBps_best": 11.173116813295248, "per_physical_chip_tx_GBps_median": 11.157014198983983, "shard_bytes_per_device": 268435456.0}}
I0909 08:45:39.332769      43 megascale_context.cc:439] Destroying MegaScale PjrtExecutableContext: jit__identity_fn
W0909 08:45:39.335947    1006 pjrt_client.h:601] UpdateGlobalProcessInfo is not supported.
I0909 08:45:39.363436      43 allocator_stats_reporter.cc:147] Stopping AllocatorStatsReporter. Reporting one last time first.
I0909 08:45:39.363767     764 tpu_diagnostic_coordinator.cc:565] TpuStallWorker thread exiting.
I0909 08:45:39.441452      43 tpunetd_client.cc:431] Session master stopping the session...
I0909 08:45:39.441755    1004 session_worker_service.cc:115] Session master notifies the worker to disconnect from session c4866a6914a308fd
I0909 08:45:39.441876      43 tpunetd_client.cc:433] Session master stopped the session.
I0909 08:45:39.441891      43 tpunetd_client.cc:438] Session manager stopping the session...
I0909 08:45:39.546403      43 tpunetd_client.cc:440] Session manager stopped the session.
I0909 08:45:44.787931    1581 async_driver.cc:1178] [/dev/vfio/3 tpu657:pe0:1] vf_id:0 Driver closed.
I0909 08:45:44.837101    1584 async_driver.cc:1178] [/dev/vfio/6 tpu657:pe0:3] vf_id:0 Driver closed.
I0909 08:45:44.861896    1582 async_driver.cc:1178] [/dev/vfio/4 tpu657:pe0:0] vf_id:0 Driver closed.
I0909 08:45:45.143969    2027 async_driver.cc:1178] [/dev/vfio/2 tpu657:pe0:2] vf_id:0 Driver closed.
I0909 08:45:45.145917    2027 megascale_context.cc:439] Destroying MegaScale PjrtExecutableContext: jit__identity_fn
I0909 08:45:45.146009    2027 megascale_context.cc:1131] Destroying MegaScale PjrtClientContext.
