DCN_HOSTNETWORK_PREFLIGHT_BEGIN
host=gke-tpu-edbc8be2-k600 pod_ip=10.240.0.34 node_ip=10.240.0.34
tcp_rmem=4096	41943040	314572800
lo               UNKNOWN        127.0.0.1/8 169.254.169.252/32 ::1/128 
eth0             UP             10.240.0.34/32 metric 1024 fe80::4001:aff:fef0:22/64 
eth1             UP             10.240.96.9/32 metric 1024 fe80::4001:aff:fef0:6009/64 
eth2             UP             10.240.48.9/32 metric 1024 fe80::4001:aff:fef0:3009/64 
docker0          DOWN           169.254.123.1/24 
lxc1005429a54eb@if6 UP             169.254.4.6/32 fe80::e8b1:73ff:fea8:6506/64 
cilium_net@cilium_host UP             fe80::2c3c:d5ff:fe6b:e51/64 
cilium_host@cilium_net UP             169.254.4.6/32 fe80::6c05:c4ff:fea1:1e6f/64 
lxc1dfebc52c3c2@if14 UP             169.254.4.6/32 fe80::9008:eeff:fef4:9926/64 
lxc89e2621594eb@if254 UP             169.254.4.6/32 fe80::9c97:bff:fe53:814a/64 
lxc3ec5f1141ade@if256 UP             169.254.4.6/32 fe80::30c0:15ff:fe80:c535/64 
lxc998fc01e160c@if284 UP             169.254.4.6/32 fe80::dc39:deff:fe21:654/64 
default via 10.240.0.1 dev eth0 proto dhcp src 10.240.0.34 metric 1024 quickack 1 
default via 10.240.0.1 dev eth0 proto dhcp src 10.240.0.34 metric 1024 
10.228.6.130 dev lxc1005429a54eb proto kernel scope link 
10.228.6.133 dev lxc1dfebc52c3c2 proto kernel scope link 
10.228.6.145 dev lxc998fc01e160c proto kernel scope link 
10.228.6.253 dev lxc89e2621594eb proto kernel scope link 
10.228.6.254 dev lxc3ec5f1141ade proto kernel scope link 
10.240.0.0/20 via 10.240.0.1 dev eth0 proto dhcp src 10.240.0.34 metric 1024 quickack 1 
10.240.0.0/20 via 10.240.0.1 dev eth0 proto dhcp src 10.240.0.34 metric 1024 
10.240.0.1 dev eth0 proto dhcp scope link src 10.240.0.34 metric 1024 quickack 1 
10.240.0.1 dev eth0 proto dhcp scope link src 10.240.0.34 metric 1024 
10.240.48.0/20 via 10.240.48.1 dev eth2 proto dhcp src 10.240.48.9 metric 1024 quickack 1 
10.240.48.0/20 via 10.240.48.1 dev eth2 proto dhcp src 10.240.48.9 metric 1024 
10.240.48.1 dev eth2 proto dhcp scope link src 10.240.48.9 metric 1024 quickack 1 
10.240.48.1 dev eth2 proto dhcp scope link src 10.240.48.9 metric 1024 
10.240.96.0/20 via 10.240.96.1 dev eth1 proto dhcp src 10.240.96.9 metric 1024 quickack 1 
10.240.96.0/20 via 10.240.96.1 dev eth1 proto dhcp src 10.240.96.9 metric 1024 
10.240.96.1 dev eth1 proto dhcp scope link src 10.240.96.9 metric 1024 quickack 1 
10.240.96.1 dev eth1 proto dhcp scope link src 10.240.96.9 metric 1024 
169.254.123.0/24 dev docker0 proto kernel scope link src 169.254.123.1 linkdown 
169.254.169.254 via 10.240.0.1 dev eth0 proto dhcp src 10.240.0.34 metric 1024 quickack 1 
169.254.169.254 via 10.240.0.1 dev eth0 proto dhcp src 10.240.0.34 metric 1024 
interface=eth0 speed_mbps=200000
interface=eth1 speed_mbps=200000
interface=eth2 speed_mbps=200000
interface=lo speed_mbps=
DCN_HOSTNETWORK_PREFLIGHT_END
Looking in links: https://storage.googleapis.com/jax-releases/libtpu_releases.html
Collecting jax==0.11.0 (from jax[tpu]==0.11.0)
  Downloading jax-0.11.0-py3-none-any.whl.metadata (13 kB)
Collecting libtpu==0.0.44
  Downloading libtpu-0.0.44-cp312-cp312-manylinux_2_31_x86_64.whl.metadata (1.5 kB)
Collecting jaxlib<=0.11.0,>=0.11.0 (from jax==0.11.0->jax[tpu]==0.11.0)
  Downloading jaxlib-0.11.0-cp312-cp312-manylinux_2_27_x86_64.whl.metadata (1.3 kB)
Collecting ml_dtypes>=0.5.0 (from jax==0.11.0->jax[tpu]==0.11.0)
  Downloading ml_dtypes-0.6.0-cp312-cp312-manylinux_2_27_x86_64.manylinux_2_28_x86_64.whl.metadata (8.8 kB)
Collecting numpy>=2.1 (from jax==0.11.0->jax[tpu]==0.11.0)
  Downloading numpy-2.5.3-cp312-cp312-manylinux_2_27_x86_64.manylinux_2_28_x86_64.whl.metadata (6.6 kB)
Collecting opt_einsum (from jax==0.11.0->jax[tpu]==0.11.0)
  Downloading opt_einsum-3.4.0-py3-none-any.whl.metadata (6.3 kB)
Collecting scipy>=1.15 (from jax==0.11.0->jax[tpu]==0.11.0)
  Downloading scipy-1.18.1-cp312-cp312-manylinux_2_27_x86_64.manylinux_2_28_x86_64.whl.metadata (62 kB)
Collecting requests (from jax[tpu]==0.11.0)
  Downloading requests-2.34.2-py3-none-any.whl.metadata (4.8 kB)
Collecting charset_normalizer<4,>=2 (from requests->jax[tpu]==0.11.0)
  Downloading charset_normalizer-3.5.1-cp312-cp312-manylinux2014_x86_64.manylinux_2_17_x86_64.manylinux_2_28_x86_64.whl.metadata (45 kB)
Collecting idna<4,>=2.5 (from requests->jax[tpu]==0.11.0)
  Downloading idna-3.19-py3-none-any.whl.metadata (9.2 kB)
Collecting urllib3<3,>=1.26 (from requests->jax[tpu]==0.11.0)
  Downloading urllib3-2.7.0-py3-none-any.whl.metadata (6.9 kB)
Collecting certifi>=2023.5.7 (from requests->jax[tpu]==0.11.0)
  Downloading certifi-2026.7.22-py3-none-any.whl.metadata (2.5 kB)
Downloading jax-0.11.0-py3-none-any.whl (3.3 MB)
   ━━━━━━━━━━━━━━━━━━━━━━━━━━━━━━━━━━━━━━━━ 3.3/3.3 MB 93.8 MB/s eta 0:00:00
Downloading libtpu-0.0.44-cp312-cp312-manylinux_2_31_x86_64.whl (215.6 MB)
   ━━━━━━━━━━━━━━━━━━━━━━━━━━━━━━━━━━━━━━━ 215.6/215.6 MB 411.6 MB/s eta 0:00:00
Downloading jaxlib-0.11.0-cp312-cp312-manylinux_2_27_x86_64.whl (87.3 MB)
   ━━━━━━━━━━━━━━━━━━━━━━━━━━━━━━━━━━━━━━━━ 87.3/87.3 MB 331.4 MB/s eta 0:00:00
Downloading ml_dtypes-0.6.0-cp312-cp312-manylinux_2_27_x86_64.manylinux_2_28_x86_64.whl (409 kB)
Downloading numpy-2.5.3-cp312-cp312-manylinux_2_27_x86_64.manylinux_2_28_x86_64.whl (16.7 MB)
   ━━━━━━━━━━━━━━━━━━━━━━━━━━━━━━━━━━━━━━━━ 16.7/16.7 MB 421.6 MB/s eta 0:00:00
Downloading scipy-1.18.1-cp312-cp312-manylinux_2_27_x86_64.manylinux_2_28_x86_64.whl (35.3 MB)
   ━━━━━━━━━━━━━━━━━━━━━━━━━━━━━━━━━━━━━━━━ 35.3/35.3 MB 355.4 MB/s eta 0:00:00
Downloading opt_einsum-3.4.0-py3-none-any.whl (71 kB)
Downloading requests-2.34.2-py3-none-any.whl (73 kB)
Downloading certifi-2026.7.22-py3-none-any.whl (136 kB)
Downloading charset_normalizer-3.5.1-cp312-cp312-manylinux2014_x86_64.manylinux_2_17_x86_64.manylinux_2_28_x86_64.whl (248 kB)
Downloading idna-3.19-py3-none-any.whl (68 kB)
Downloading urllib3-2.7.0-py3-none-any.whl (131 kB)
Installing collected packages: urllib3, opt_einsum, numpy, libtpu, idna, charset_normalizer, certifi, scipy, requests, ml_dtypes, jaxlib, jax
Successfully installed certifi-2026.7.22 charset_normalizer-3.5.1 idna-3.19 jax-0.11.0 jaxlib-0.11.0 libtpu-0.0.44 ml_dtypes-0.6.0 numpy-2.5.3 opt_einsum-3.4.0 requests-2.34.2 scipy-1.18.1 urllib3-2.7.0

[notice] A new release of pip is available: 25.0.1 -> 26.2.1
[notice] To update, run: python3.12 -m pip install --upgrade pip
ab32f8deaf1cdd171ebdb13a1922e8665a02cc67
DCN_VERSION_CHECK {'jax': '0.11.0', 'jaxlib': '0.11.0', 'libtpu': '0.0.44'}
ERROR: Accessing retired flag 'eventmanager2_as_default_eventmanager'
I0909 09:22:39.038384      44 b295d63588a.cc:792] Linux version 6.12.94+ (builder@b181c7a13d4c) (Chromium OS 17.0_pre498229-r33 clang version 17.0.0 (/mnt/host/source/src/third_party/llvm-project 14f0776550b5a49e1c42f49a00213f7f3fa047bf), LLD 17.0.0) #1 SMP Mon Jul 27 22:05:55 UTC 2026
I0909 09:22:39.038678      44 b295d63588a.cc:876] Process id 44
I0909 09:22:39.038693      44 b295d63588a.cc:882] Current working directory /jax-ai-image
I0909 09:22:39.038699      44 b295d63588a.cc:885] Current timezone is UTC (currently UTC +00:00)
I0909 09:22:39.038702      44 b295d63588a.cc:890] Built on Dec 31 1969 16:00:00 (0)
I0909 09:22:39.038703      44 b295d63588a.cc:891]  at redacted@redacted:.
I0909 09:22:39.038704      44 b295d63588a.cc:892]  as //learning/45eac/tfrc/executor:_libtpu.so.native
I0909 09:22:39.038706      44 b295d63588a.cc:893]  for gcc-4.X.Y-crosstool-v18-llvm-grtev4-k8.k8
I0909 09:22:39.038708      44 b295d63588a.cc:902] Build tool: redacted
I0909 09:22:39.038709      44 b295d63588a.cc:903] Build target: 
I0909 09:22:39.038716      44 b295d63588a.cc:911] Command line arguments:
I0909 09:22:39.038717      44 b295d63588a.cc:913] argv[0]: './tpu_driver'
I0909 09:22:39.038720      44 b295d63588a.cc:913] argv[1]: '--minloglevel=0'
I0909 09:22:39.038721      44 b295d63588a.cc:913] argv[2]: '--stderrthreshold=0'
I0909 09:22:39.038723      44 b295d63588a.cc:913] argv[3]: '--v=0'
I0909 09:22:39.038724      44 b295d63588a.cc:913] argv[4]: '--vmodule='
I0909 09:22:39.038726      44 b295d63588a.cc:913] argv[5]: '--log_dir=/tmp/tpu_logs/benchmark'
I0909 09:22:39.038727      44 b295d63588a.cc:913] argv[6]: '--max_log_size=1024'
I0909 09:22:39.038729      44 b295d63588a.cc:913] argv[7]: '--deepsea_hal_included_devs=3,0,1,2'
I0909 09:22:39.038730      44 b295d63588a.cc:913] argv[8]: '--megascale_transport_numa_node=0,1'
I0909 09:22:39.038731      44 b295d63588a.cc:913] argv[9]: '--next_pluggable_device_use_c_api=0'
I0909 09:22:39.038733      44 b295d63588a.cc:913] argv[10]: '--deepsea_wrap=false,false,false'
I0909 09:22:39.038734      44 b295d63588a.cc:913] argv[11]: '--deepsea_twist=false'
I0909 09:22:39.038736      44 b295d63588a.cc:913] argv[12]: '--deepsea_chip_config_name=default'
I0909 09:22:39.038737      44 b295d63588a.cc:913] argv[13]: '--deepsea_chips_per_host_bounds=2,2,1'
I0909 09:22:39.038739      44 b295d63588a.cc:913] argv[14]: '--deepsea_host_bounds=1,1,1'
I0909 09:22:39.038740      44 b295d63588a.cc:913] argv[15]: '--deepsea_slice_builder_worker_port=8471'
I0909 09:22:39.038741      44 b295d63588a.cc:913] argv[16]: '--deepsea_slice_builder_worker_addresses=dcn-ck-chunk64m-slice-0-0.dcn-ck-chunk64m:8471'
I0909 09:22:39.038743      44 b295d63588a.cc:913] argv[17]: '--tpu_slice_builder_dump_chip=false'
I0909 09:22:39.038744      44 b295d63588a.cc:913] argv[18]: '--tpu_slice_builder_dump_chip_force=false'
I0909 09:22:39.038745      44 b295d63588a.cc:913] argv[19]: '--tpu_slice_builder_dump_to_localhost=1'
I0909 09:22:39.038747      44 b295d63588a.cc:913] argv[20]: '--vbar_control_service_url=unix:///var/run/tpu-plugin/vbar.sock'
I0909 09:22:39.038748      44 b295d63588a.cc:913] argv[21]: '--bypass_vbar_control_service=0'
I0909 09:22:39.038749      44 b295d63588a.cc:913] argv[22]: '--deepsea_ici_resilient=false'
I0909 09:22:39.038751      44 b295d63588a.cc:913] argv[23]: '--xla_tpu_use_resilient_collective_emitter=false'
I0909 09:22:39.038752      44 b295d63588a.cc:913] argv[24]: '--tpu_slice_builder_topology_discovery_fault_injection='
I0909 09:22:39.038753      44 b295d63588a.cc:913] argv[25]: '--runtime_metric_service_port=8431'
I0909 09:22:39.038754      44 b295d63588a.cc:913] argv[26]: '--tpu_hbm_report_enable=1'
I0909 09:22:39.038756      44 b295d63588a.cc:913] argv[27]: '--tpu_hbm_report_frequency=5s'
I0909 09:22:39.038757      44 b295d63588a.cc:913] argv[28]: '--megascale_coordinator_address=dcn-ck-chunk64m-slice-0-0.dcn-ck-chunk64m:8081'
I0909 09:22:39.038759      44 b295d63588a.cc:913] argv[29]: '--megascale_slice_id=0'
I0909 09:22:39.038760      44 b295d63588a.cc:913] argv[30]: '--megascale_num_slices=2'
I0909 09:22:39.038761      44 b295d63588a.cc:913] argv[31]: '--megascale_transport_type=grpc'
I0909 09:22:39.038762      44 b295d63588a.cc:913] argv[32]: '--megascale_port=8081'
I0909 09:22:39.038763      44 b295d63588a.cc:913] argv[33]: '--megascale_use_insecure_grpc'
I0909 09:22:39.038765      44 b295d63588a.cc:913] argv[34]: '--megascale_grpc_use_chaotic_good=true'
I0909 09:22:39.038769      44 b295d63588a.cc:913] argv[35]: '--megascale_grpc_use_event_engine_allocator=true'
I0909 09:22:39.038771      44 b295d63588a.cc:913] argv[36]: '--grpc_enable_tcp_recv_zerocopy=false'
I0909 09:22:39.038772      44 b295d63588a.cc:913] argv[37]: '--grpc_enable_rpc_receive_coalescing=true'
I0909 09:22:39.038773      44 b295d63588a.cc:913] argv[38]: '--megascale_grpc_enable_numa_aware_transmit=true'
I0909 09:22:39.038775      44 b295d63588a.cc:913] argv[39]: '--megascale_grpc_use_numa_aware_event_engine=true'
I0909 09:22:39.038776      44 b295d63588a.cc:913] argv[40]: '--megascale_debug_port=8081'
I0909 09:22:39.038777      44 b295d63588a.cc:913] argv[41]: '--eventmanager2_as_default_eventmanager'
I0909 09:22:39.038778      44 b295d63588a.cc:913] argv[42]: '--eventmanager2_default_autosizer=mean_latency'
I0909 09:22:39.038779      44 b295d63588a.cc:913] argv[43]: '--megascale_grpc_enable_xor_tracer=true'
I0909 09:22:39.038781      44 b295d63588a.cc:913] argv[44]: '--xor_trace_sampling_period=100'
I0909 09:22:39.038782      44 b295d63588a.cc:913] argv[45]: '--rpc_transport_metrics_period=20'
I0909 09:22:39.038783      44 b295d63588a.cc:913] argv[46]: '--grpc_experiments=event_engine_client,chaotic_good_framing_layer,tcp_rcv_lowat,instrument_tcp_telemetry,event_engine_listener,use_call_event_engine_in_completion_queue'
I0909 09:22:39.038784      44 b295d63588a.cc:913] argv[47]: '--enable_runtime_uptime_telemetry=true'
I0909 09:22:39.038786      44 b295d63588a.cc:913] argv[48]: '--xla_tpu_use_megascale_host_reduction=false'
I0909 09:22:39.038787      44 b295d63588a.cc:913] argv[49]: '--megascale_enable_transport_instrumentation=true'
I0909 09:22:39.038788      44 b295d63588a.cc:913] argv[50]: '--megascale_chunk_size=67108864'
I0909 09:22:39.038790      44 b295d63588a.cc:913] argv[51]: '--xla_tpu_use_enhanced_launch_barrier=true'
I0909 09:22:39.038791      44 b295d63588a.cc:913] argv[52]: '--xla_tpu_prefer_async_allgather_to_allreduce=true'
I0909 09:22:39.038792      44 b295d63588a.cc:913] argv[53]: '--xla_tpu_data_parallel_opt_different_sized_ops=true'
I0909 09:22:39.038794      44 b295d63588a.cc:913] argv[54]: '--xla_tpu_enable_data_parallel_all_reduce_opt=true'
I0909 09:22:39.038795      44 b295d63588a.cc:913] argv[55]: '--megascale_coordinator_address=dcn-ck-chunk64m-slice-0-0.dcn-ck-chunk64m:8081'
I0909 09:22:39.038796      44 b295d63588a.cc:913] argv[56]: '--megascale_slice_id=0'
I0909 09:22:39.038798      44 b295d63588a.cc:913] argv[57]: '--megascale_num_slices=2'
I0909 09:22:39.038799      44 b295d63588a.cc:913] argv[58]: '--megascale_transport_type=grpc'
I0909 09:22:39.038800      44 b295d63588a.cc:913] argv[59]: '--megascale_port=8081'
I0909 09:22:39.038801      44 b295d63588a.cc:913] argv[60]: '--megascale_use_insecure_grpc'
I0909 09:22:39.038802      44 b295d63588a.cc:913] argv[61]: '--megascale_grpc_interface_prefixes=eth1,eth2,lo'
I0909 09:22:39.038984      44 init.cc:78] Remote crash gathering hook installed.
I0909 09:22:39.075903      44 tpu_runtime_type_flags.cc:78] --tpu_use_tfrt not specified. Using default value: true
I0909 09:22:39.076005      44 host_command_handler_factory.cc:31] Skipping registration of host command handler for opcode Log because it is not in the allowlist.
I0909 09:22:39.076027      44 tpu_hal.cc:467] Registered plugin from module: megascale_sync_flag_logger
I0909 09:22:39.078072      44 tpu_hal.cc:467] Registered plugin from module: RuntimeMetricHelper
E0909 09:22:39.078094      44 autosizer.cc:43] mean_latency is deprecated. Please remove this setting.
I0909 09:22:39.080842      44 logger.cc:308] Enabling threaded logging for severity WARNING
I0909 09:22:39.080875      44 tpu_hal.cc:467] Registered plugin from module: sdc_checker_callback
I0909 09:22:39.081305      44 mlock.cc:220] mlock()-ed 4096 bytes for BuildID, using 1 syscalls.
I0909 09:22:39.081363      44 debug_manager.cc:266] Registering error handler with name: libtpu_telemetry_handler
I0909 09:22:39.096062      44 singleton_tpu_states_manager.cc:86] TPU premapped buffer enabled. Size: 4294967296 Threshold: 4294967296 Partitions: 1
I0909 09:22:39.096077      44 singleton_tpu_states_manager.cc:110] TpuStatesManager::GetOrCreate(): no tpu system exists. Creating a new tpu system.
I0909 09:22:39.103653      44 device_util.cc:89] Found 4 TPU7x chips.
I0909 09:22:39.103670      44 tpu_version_flag.cc:77] Using auto-detected TPU version TPU7x
I0909 09:22:39.119659      44 tpu_chip_config.cc:367] Resolved chip config alias default->megachip for 6acc60406, 
I0909 09:22:39.119940      44 pending_event_logger.cc:1003] Enabling PjRt/TPU event dependency logging.
I0909 09:22:39.125699     419 flags_util.cc:316] Using 8471 from --deepsea_slice_builder_worker_port as SliceBuilder worker service port.
I0909 09:22:39.130396     419 tpu_network_factory.cc:67] Running in Cloud, using TpunetdClient
I0909 09:22:39.130416     419 tpunetd_client.cc:163] Creating TpunetdClient with topology go/debugstr   
x_dimension: 2
y_dimension: 2
z_dimension: 1
x_wrapping: false
y_wrapping: false
z_wrapping: false
I0909 09:22:39.137520     419 init-domain.cc:132] Fiber init: default domain = futex, concurrency = 246, prefix = futex-default
I0909 09:22:41.141686     422 async_driver.cc:485] [/dev/vfio/4 tpu660:pe0:0] vf_id:0 Driver opened.
I0909 09:22:41.152451     424 async_driver.cc:485] [/dev/vfio/6 tpu660:pe0:2] vf_id:0 Driver opened.
I0909 09:22:41.164451     423 async_driver.cc:485] [/dev/vfio/5 tpu660:pe0:1] vf_id:0 Driver opened.
I0909 09:22:41.167666     421 futex.cc:71] RAW: Futex::Swap(): using GFUTEX_SWAP
I0909 09:22:41.191501     422 tpu_vxc_driver.cc:967] Throttled firmware queue size configured to 223(Firmware queue size: 256, leaving 32 for misc purposes).
I0909 09:22:41.292495     423 tpu_vxc_driver.cc:967] Throttled firmware queue size configured to 223(Firmware queue size: 256, leaving 32 for misc purposes).
I0909 09:22:41.306471     424 tpu_vxc_driver.cc:967] Throttled firmware queue size configured to 223(Firmware queue size: 256, leaving 32 for misc purposes).
I0909 09:22:41.315571     425 async_driver.cc:485] [/dev/vfio/1 tpu660:pe0:3] vf_id:0 Driver opened.
I0909 09:22:41.320091     422 async_driver.cc:1843] All cores supported.
I0909 09:22:41.344656     425 tpu_vxc_driver.cc:967] Throttled firmware queue size configured to 223(Firmware queue size: 256, leaving 32 for misc purposes).
I0909 09:22:41.345664     423 async_driver.cc:1843] All cores supported.
I0909 09:22:41.347002     424 async_driver.cc:1843] All cores supported.
I0909 09:22:41.352568     425 async_driver.cc:1843] All cores supported.
I0909 09:22:41.352616     419 tpunetd_client.cc:338] Connecting to vbar control service at unix:///var/run/tpu-plugin/vbar.sock
I0909 09:22:41.352685     419 config.cc:265] gRPC experiments: instrument_tcp_telemetry:on, tcp_rcv_lowat:on, use_call_event_engine_in_completion_queue:on; default-enabled: buffer_list_deletion_prep, cache_loas_context_in_connection_context, call_tracer_send_initial_metadata_is_an_annotation, callv3_batch_validation, callv3_ef5bb7_client, callv3_ef5bb7_server, chaotic_good_framing_layer, chaotic_good_send_supported_features, custom_frame_check, directpath_rpc_header_sanitization_filter, ef5bb7_global_family_cache, event_engine_callback_cq, event_engine_client, event_engine_listener, header_data_frame, inproc_cancel_stream, message_size_refactoring, monitoring_experiment, optimization_01, optimization_02, optimization_03, optimization_04, ph2_perf_01, promise_batch_cleanup_on_cancel, promise_filter_send_cancel_metadata, psp_tsi_handshaker_shutdown, skip_clear_peer_on_cancellation, tsi_frame_protector_without_locks, v2_non_owning_waker_implementation, verbose_channelz_connection_logging, wildcard_ip_expansion_restriction, xds_server_filter_chain_per_route
I0909 09:22:41.370069     419 tpunetd_client.cc:289] Session manager starting a new session...
I0909 09:22:41.485783     419 vbar_control.cc:201] TPU backend connection test passed! 
I0909 09:22:41.699718     419 tpunetd_client.cc:291] Session manager started the new session.
I0909 09:22:41.699734     419 tpunetd_client.cc:295] Session master starting a new session...
I0909 09:22:41.699736     419 session_master.cc:263] Starting a new ICI network session...
I0909 09:22:41.700081     420 session_worker_service.cc:110] Session master notifies the worker in a new session: a331e401ea8cc6b7
I0909 09:22:41.804634     419 session_master.cc:307] Successfully started ICI network session with session id: a331e401ea8cc6b7
I0909 09:22:41.804678     419 tpunetd_client.cc:297] Session master started the new session.
I0909 09:22:41.808736     419 tpu_hal.cc:209] Starting premapped memory manager initialization...
W0909 09:22:41.811814     422 libtpu_telemetry_utils.cc:44] Metric already exists: hlo.execution.timing.distribution.microseconds
W0909 09:22:41.811826     422 libtpu_telemetry_utils.cc:44] Metric already exists: hlo.queue.size.gauge
W0909 09:22:41.811916     425 libtpu_telemetry_utils.cc:44] Metric already exists: hlo.execution.timing.distribution.microseconds
W0909 09:22:41.811915     424 libtpu_telemetry_utils.cc:44] Metric already exists: hlo.execution.timing.distribution.microseconds
W0909 09:22:41.811942     424 libtpu_telemetry_utils.cc:44] Metric already exists: hlo.queue.size.gauge
W0909 09:22:41.811935     425 libtpu_telemetry_utils.cc:44] Metric already exists: hlo.queue.size.gauge
W0909 09:22:41.813251     422 libtpu_telemetry_utils.cc:44] Metric already exists: hlo.execution.timing.distribution.microseconds
W0909 09:22:41.813250     423 libtpu_telemetry_utils.cc:44] Metric already exists: hlo.execution.timing.distribution.microseconds
W0909 09:22:41.813273     423 libtpu_telemetry_utils.cc:44] Metric already exists: hlo.queue.size.gauge
W0909 09:22:41.813267     422 libtpu_telemetry_utils.cc:44] Metric already exists: hlo.queue.size.gauge
W0909 09:22:41.813345     424 libtpu_telemetry_utils.cc:44] Metric already exists: hlo.execution.timing.distribution.microseconds
W0909 09:22:41.813358     424 libtpu_telemetry_utils.cc:44] Metric already exists: hlo.queue.size.gauge
W0909 09:22:41.813370     425 libtpu_telemetry_utils.cc:44] Metric already exists: hlo.execution.timing.distribution.microseconds
W0909 09:22:41.813382     425 libtpu_telemetry_utils.cc:44] Metric already exists: hlo.queue.size.gauge
I0909 09:22:44.143086     419 runtime_metric_service.cc:197] Successfully started Runtime Metric Service on port: 8431
I0909 09:22:44.143275     419 system.cc:1112] tpu::System initialized, current host id: 0, logical device ids: 0,1,2,3,4,5,6,7
I0909 09:22:44.143320      44 tpu_system_state.cc:224] CreateTpuSystemState: TPU initialization is successful and it took 5.023370856s
I0909 09:22:44.143339      44 tpu_system_state.cc:228] CreateTpuSystemState: using TPU host premapped buffer of size: 4294967296
I0909 09:22:44.143353      44 tpu_host_allocator.cc:68] Premapped buffer is using alignment 64
I0909 09:22:44.143821      44 tpu_linearizer.cc:104] Inflight linearization byte limit configured to : 1099511627776
I0909 09:22:44.143827      44 tpu_linearizer.cc:118] Inflight delinearization byte limit configured to : 1099511627776
I0909 09:22:44.144211     766 tpu_diagnostic_coordinator.cc:610] TpuDiagnosticCoordinator listening on socket /tmp/tpu_diag_trigger_44.socket (symlinked at /tmp/tpu_diag_latest.socket)
I0909 09:22:44.144239      44 allocator_stats_reporter.cc:117] Starting AllocatorStats Reporter with reporting interval: 5s
I0909 09:22:44.144264      44 megascale_context.cc:969] Using shared executor for compute since we are running on 6acc60406.
W0909 09:22:44.144270      44 impairments_service.cc:60] Resetting impairments.
I0909 09:22:44.144290      44 numa_utils.cc:43] Available NUMA node in this process: 0,1
E0909 09:22:44.144428      44 autosizer.cc:43] mean_latency is deprecated. Please remove this setting.
E0909 09:22:44.146947      44 autosizer.cc:43] mean_latency is deprecated. Please remove this setting.
I0909 09:22:44.149417      44 flags.cc:231] The actual send_rpc_timeout is set to: 45s. Adjusted from the original send_rpc_timeout: 45s, graph_hang_threshold: 5m, graph_within_launch_hang_threshold: 1m
I0909 09:22:44.149432      44 numa_aware_allocator.cc:60] Creating numa aware allocators, number of NUMA nodes is 2
I0909 09:22:44.149447      44 numa_aware_allocator.cc:63] Creating numa aware allocator for NUMA nodes 0
I0909 09:22:44.149467      44 communication_backend.cc:300] Done allocating premapped memory of size 17179869184 bytes in 17.792us
I0909 09:22:44.149472      44 numa_aware_allocator.cc:76] Binding memory address 0x7a3ce7fff000 with NUMA node mask 1
I0909 09:22:56.276478      44 communication_backend.cc:310] Done premapping memory of size 17179869184 bytes in 12.125995358s
I0909 09:22:56.276512      44 numa_aware_allocator.cc:63] Creating numa aware allocator for NUMA nodes 1
I0909 09:22:56.276545      44 communication_backend.cc:300] Done allocating premapped memory of size 17179869184 bytes in 28.837us
I0909 09:22:56.276550      44 numa_aware_allocator.cc:76] Binding memory address 0x7a38e7ffd000 with NUMA node mask 2
I0909 09:23:09.142738      44 communication_backend.cc:310] Done premapping memory of size 17179869184 bytes in 12.865188955s
I0909 09:23:09.142773      44 communication_backend.cc:375] Preallocated 17179869184 bytes with Megascale allocator.
I0909 09:23:09.142800      44 eigen_compute_engine.cc:333] Creating EigenComputeEngine with options: { executor = 0x578b7e203c40,  force_use_shared_executor = true,  num_cores_per_device = 16 }
I0909 09:23:09.142917     821 communication_backend.cc:1179] Initializing MegaScale transport.
E0909 09:23:09.142978     821 autosizer.cc:43] mean_latency is deprecated. Please remove this setting.
E0909 09:23:09.143223      44 autosizer.cc:43] mean_latency is deprecated. Please remove this setting.
E0909 09:23:09.147268     821 autosizer.cc:43] mean_latency is deprecated. Please remove this setting.
E0909 09:23:09.147295      44 autosizer.cc:43] mean_latency is deprecated. Please remove this setting.
E0909 09:23:09.150697      44 autosizer.cc:43] mean_latency is deprecated. Please remove this setting.
E0909 09:23:09.177124      44 autosizer.cc:43] mean_latency is deprecated. Please remove this setting.
E0909 09:23:09.177225     821 autosizer.cc:43] mean_latency is deprecated. Please remove this setting.
E0909 09:23:09.179962      44 autosizer.cc:43] mean_latency is deprecated. Please remove this setting.
I0909 09:23:09.180290     821 grpc_transport.cc:2407] Create GrpcTransport with LIBTPU_ON_GCE.
I0909 09:23:09.180346     821 transport.cc:862] Using IP addresses for interface discovery.
I0909 09:23:09.180349     821 transport.cc:757] Could not read interface to NUMA node map from env variables, falling back to reading from file system.
I0909 09:23:09.180713     821 transport.cc:723] Could not read filename /sys/class/net/cilium_host/device/numa_node with status Stat failed for /sys/class/net/cilium_host/device/numa_node: No such file or directory
I0909 09:23:09.180724     821 transport.cc:723] Could not read filename /sys/class/net/cilium_net/device/numa_node with status Stat failed for /sys/class/net/cilium_net/device/numa_node: No such file or directory
I0909 09:23:09.180731     821 transport.cc:723] Could not read filename /sys/class/net/docker0/device/numa_node with status Stat failed for /sys/class/net/docker0/device/numa_node: No such file or directory
I0909 09:23:09.181228     821 transport.cc:723] Could not read filename /sys/class/net/lo/device/numa_node with status Stat failed for /sys/class/net/lo/device/numa_node: No such file or directory
I0909 09:23:09.181235     821 transport.cc:723] Could not read filename /sys/class/net/lxc1005429a54eb/device/numa_node with status Stat failed for /sys/class/net/lxc1005429a54eb/device/numa_node: No such file or directory
I0909 09:23:09.181241     821 transport.cc:723] Could not read filename /sys/class/net/lxc1dfebc52c3c2/device/numa_node with status Stat failed for /sys/class/net/lxc1dfebc52c3c2/device/numa_node: No such file or directory
I0909 09:23:09.181246     821 transport.cc:723] Could not read filename /sys/class/net/lxc3ec5f1141ade/device/numa_node with status Stat failed for /sys/class/net/lxc3ec5f1141ade/device/numa_node: No such file or directory
I0909 09:23:09.181252     821 transport.cc:723] Could not read filename /sys/class/net/lxc89e2621594eb/device/numa_node with status Stat failed for /sys/class/net/lxc89e2621594eb/device/numa_node: No such file or directory
I0909 09:23:09.181258     821 transport.cc:723] Could not read filename /sys/class/net/lxc998fc01e160c/device/numa_node with status Stat failed for /sys/class/net/lxc998fc01e160c/device/numa_node: No such file or directory
I0909 09:23:09.181259     821 transport.cc:734] Interfaces on available NUMA nodes: [{"eth1", 0}, {"eth0", 0}, {"eth2", 1}]
I0909 09:23:09.181278     821 transport.cc:761] Interfaces corresponding to process' NUMA nodes: [[{"eth2", 1}, {"eth1", 0}, {"eth0", 0}]]
I0909 09:23:09.181814     821 transport.cc:773] Interface eth0 will not be used as it does not start with one of the prefixes: eth1,eth2,lo
I0909 09:23:09.181822     821 transport.cc:773] Interface docker0 will not be used as it does not start with one of the prefixes: eth1,eth2,lo
I0909 09:23:09.181824     821 transport.cc:773] Interface lxc1005429a54eb will not be used as it does not start with one of the prefixes: eth1,eth2,lo
I0909 09:23:09.181825     821 transport.cc:773] Interface cilium_net will not be used as it does not start with one of the prefixes: eth1,eth2,lo
I0909 09:23:09.181834     821 transport.cc:773] Interface cilium_host will not be used as it does not start with one of the prefixes: eth1,eth2,lo
I0909 09:23:09.181836     821 transport.cc:773] Interface lxc1dfebc52c3c2 will not be used as it does not start with one of the prefixes: eth1,eth2,lo
I0909 09:23:09.181837     821 transport.cc:773] Interface lxc89e2621594eb will not be used as it does not start with one of the prefixes: eth1,eth2,lo
I0909 09:23:09.181838     821 transport.cc:773] Interface lxc3ec5f1141ade will not be used as it does not start with one of the prefixes: eth1,eth2,lo
I0909 09:23:09.181840     821 transport.cc:773] Interface lxc998fc01e160c will not be used as it does not start with one of the prefixes: eth1,eth2,lo
I0909 09:23:09.181843     821 transport.cc:773] Interface eth0 will not be used as it does not start with one of the prefixes: eth1,eth2,lo
I0909 09:23:09.181893     821 transport.cc:819] Added IP address 10.240.96.9:8081 on network interface eth1
I0909 09:23:09.181898     821 transport.cc:819] Added IP address 10.240.48.9:8081 on network interface eth2
I0909 09:23:09.181900     821 transport.cc:773] Interface docker0 will not be used as it does not start with one of the prefixes: eth1,eth2,lo
I0909 09:23:09.181901     821 transport.cc:773] Interface lxc1005429a54eb will not be used as it does not start with one of the prefixes: eth1,eth2,lo
I0909 09:23:09.181902     821 transport.cc:773] Interface cilium_host will not be used as it does not start with one of the prefixes: eth1,eth2,lo
I0909 09:23:09.181903     821 transport.cc:773] Interface lxc1dfebc52c3c2 will not be used as it does not start with one of the prefixes: eth1,eth2,lo
I0909 09:23:09.181905     821 transport.cc:773] Interface lxc89e2621594eb will not be used as it does not start with one of the prefixes: eth1,eth2,lo
I0909 09:23:09.181906     821 transport.cc:773] Interface lxc3ec5f1141ade will not be used as it does not start with one of the prefixes: eth1,eth2,lo
I0909 09:23:09.181907     821 transport.cc:773] Interface lxc998fc01e160c will not be used as it does not start with one of the prefixes: eth1,eth2,lo
I0909 09:23:09.181908     821 transport.cc:773] Interface eth0 will not be used as it does not start with one of the prefixes: eth1,eth2,lo
I0909 09:23:09.181910     821 transport.cc:773] Interface lxc1005429a54eb will not be used as it does not start with one of the prefixes: eth1,eth2,lo
I0909 09:23:09.181912     821 transport.cc:773] Interface cilium_net will not be used as it does not start with one of the prefixes: eth1,eth2,lo
I0909 09:23:09.181913     821 transport.cc:773] Interface cilium_host will not be used as it does not start with one of the prefixes: eth1,eth2,lo
I0909 09:23:09.181914     821 transport.cc:773] Interface lxc1dfebc52c3c2 will not be used as it does not start with one of the prefixes: eth1,eth2,lo
I0909 09:23:09.181916     821 transport.cc:773] Interface lxc89e2621594eb will not be used as it does not start with one of the prefixes: eth1,eth2,lo
I0909 09:23:09.181918     821 transport.cc:773] Interface lxc3ec5f1141ade will not be used as it does not start with one of the prefixes: eth1,eth2,lo
I0909 09:23:09.181919     821 transport.cc:773] Interface lxc998fc01e160c will not be used as it does not start with one of the prefixes: eth1,eth2,lo
I0909 09:23:09.181928     821 grpc_transport.cc:2332] Creating gRPC server on: 10.240.96.9:8081eth1
I0909 09:23:09.181941     821 grpc_transport.cc:2348] Creating gRPC server with event engine allocator (chaotic good).
I0909 09:23:09.181950     821 grpc_transport.cc:2365] Starting gRPC server on: 10.240.96.9:8081
I0909 09:23:09.182635     821 grpc_transport.cc:2332] Creating gRPC server on: 10.240.48.9:8081eth2
I0909 09:23:09.182660     821 grpc_transport.cc:2348] Creating gRPC server with event engine allocator (chaotic good).
I0909 09:23:09.182664     821 grpc_transport.cc:2365] Starting gRPC server on: 10.240.48.9:8081
E0909 09:23:09.182733      44 autosizer.cc:43] mean_latency is deprecated. Please remove this setting.
I0909 09:23:09.182930     821 communication_backend.cc:1290] MegaScale transport initialized.
I0909 09:23:09.182943     821 communication_backend.cc:1489] MegaScale transport init succeeded.
I0909 09:23:09.185059      44 debug_service_impl.cc:185] Starting Megascale Debug Server
I0909 09:23:09.185427      44 topology_coordinator.cc:57] Megascale Topology Coordinator started for 2 slices
I0909 09:23:09.185461      44 transport.cc:862] Using IP addresses for interface discovery.
I0909 09:23:09.185463      44 transport.cc:757] Could not read interface to NUMA node map from env variables, falling back to reading from file system.
I0909 09:23:09.185466      44 transport.cc:761] Interfaces corresponding to process' NUMA nodes: [[{"eth2", 1}, {"eth1", 0}, {"eth0", 0}]]
I0909 09:23:09.185889      44 transport.cc:773] Interface eth0 will not be used as it does not start with one of the prefixes: eth1,eth2,lo
I0909 09:23:09.185898      44 transport.cc:773] Interface docker0 will not be used as it does not start with one of the prefixes: eth1,eth2,lo
I0909 09:23:09.185900      44 transport.cc:773] Interface lxc1005429a54eb will not be used as it does not start with one of the prefixes: eth1,eth2,lo
I0909 09:23:09.185901      44 transport.cc:773] Interface cilium_net will not be used as it does not start with one of the prefixes: eth1,eth2,lo
I0909 09:23:09.185903      44 transport.cc:773] Interface cilium_host will not be used as it does not start with one of the prefixes: eth1,eth2,lo
I0909 09:23:09.185904      44 transport.cc:773] Interface lxc1dfebc52c3c2 will not be used as it does not start with one of the prefixes: eth1,eth2,lo
I0909 09:23:09.185905      44 transport.cc:773] Interface lxc89e2621594eb will not be used as it does not start with one of the prefixes: eth1,eth2,lo
I0909 09:23:09.185906      44 transport.cc:773] Interface lxc3ec5f1141ade will not be used as it does not start with one of the prefixes: eth1,eth2,lo
I0909 09:23:09.185908      44 transport.cc:773] Interface lxc998fc01e160c will not be used as it does not start with one of the prefixes: eth1,eth2,lo
I0909 09:23:09.185909      44 transport.cc:773] Interface eth0 will not be used as it does not start with one of the prefixes: eth1,eth2,lo
I0909 09:23:09.185915      44 transport.cc:819] Added IP address 10.240.96.9:8081 on network interface eth1
I0909 09:23:09.185920      44 transport.cc:819] Added IP address 10.240.48.9:8081 on network interface eth2
I0909 09:23:09.185922      44 transport.cc:773] Interface docker0 will not be used as it does not start with one of the prefixes: eth1,eth2,lo
I0909 09:23:09.185924      44 transport.cc:773] Interface lxc1005429a54eb will not be used as it does not start with one of the prefixes: eth1,eth2,lo
I0909 09:23:09.185926      44 transport.cc:773] Interface cilium_host will not be used as it does not start with one of the prefixes: eth1,eth2,lo
I0909 09:23:09.185928      44 transport.cc:773] Interface lxc1dfebc52c3c2 will not be used as it does not start with one of the prefixes: eth1,eth2,lo
I0909 09:23:09.185931      44 transport.cc:773] Interface lxc89e2621594eb will not be used as it does not start with one of the prefixes: eth1,eth2,lo
I0909 09:23:09.185932      44 transport.cc:773] Interface lxc3ec5f1141ade will not be used as it does not start with one of the prefixes: eth1,eth2,lo
I0909 09:23:09.185934      44 transport.cc:773] Interface lxc998fc01e160c will not be used as it does not start with one of the prefixes: eth1,eth2,lo
I0909 09:23:09.185937      44 transport.cc:773] Interface eth0 will not be used as it does not start with one of the prefixes: eth1,eth2,lo
I0909 09:23:09.185940      44 transport.cc:773] Interface lxc1005429a54eb will not be used as it does not start with one of the prefixes: eth1,eth2,lo
I0909 09:23:09.185942      44 transport.cc:773] Interface cilium_net will not be used as it does not start with one of the prefixes: eth1,eth2,lo
I0909 09:23:09.185944      44 transport.cc:773] Interface cilium_host will not be used as it does not start with one of the prefixes: eth1,eth2,lo
I0909 09:23:09.185946      44 transport.cc:773] Interface lxc1dfebc52c3c2 will not be used as it does not start with one of the prefixes: eth1,eth2,lo
I0909 09:23:09.185949      44 transport.cc:773] Interface lxc89e2621594eb will not be used as it does not start with one of the prefixes: eth1,eth2,lo
I0909 09:23:09.185951      44 transport.cc:773] Interface lxc3ec5f1141ade will not be used as it does not start with one of the prefixes: eth1,eth2,lo
I0909 09:23:09.185953      44 transport.cc:773] Interface lxc998fc01e160c will not be used as it does not start with one of the prefixes: eth1,eth2,lo
I0909 09:23:09.185960      44 communication_backend.cc:984] Sending topology discovery request: go/debugstr   
address_mapping {
  addresses {
    address: "10.240.96.9:8081"
    interface_name: "eth1"
    host_name_for_debugging: "gke-tpu-edbc8be2-k600"
  }
  addresses {
    address: "10.240.48.9:8081"
    interface_name: "eth2"
    host_name_for_debugging: "gke-tpu-edbc8be2-k600"
    numa_node: 1
  }
  incarnation_id: 5486720884726656904
}
tpu_topology_args {
  version: TPU_VERSION_6acc60406
  platform_type: TPU_PLATFORM_TYPE_HARDWARE
  chip_config_name: "default"
  chips_per_host_bounds {
    x: 2
    y: 2
    z: 1
  }
  host_bounds {
    x: 1
    y: 1
    z: 1
  }
  wrap {
  }
  enhanced_barrier_enabled: true
  use_continuations: true
  routing_strategy: ROUTING_MESH
}
incarnation_id: 5486720884726656904
I0909 09:23:09.186248      44 grpc_transport.cc:2220] Creating client for slice 0 host 0
I0909 09:23:09.186263      44 grpc_transport.cc:2203] Using default interface. Available interfaces: [eth1,eth2]. Server information: go/debugstr   
address: "dcn-ck-chunk64m-slice-0-0.dcn-ck-chunk64m:8081"
I0909 09:23:09.186372      44 grpc_transport.cc:2278] Created 1 channels for 1 interfaces on slice 0 host 0.
 Load balancing policy: Dynamic lb: max_outstanding_bytes (8388608).
I0909 09:23:09.187028     903 cachednslookup.cc:391] TTL not found in response, not caching response
I0909 09:23:10.162208     883 tpu_chip_config.cc:367] Resolved chip config alias default->megachip for 6acc60406, 
I0909 09:23:11.162847     987 topology_coordinator.cc:178] MegaScale Topology Discovery in progress. Missing hosts (num_slices=1, num_hosts=0): slice1.*
I0909 09:23:12.162960     987 topology_coordinator.cc:178] MegaScale Topology Discovery in progress. Missing hosts (num_slices=1, num_hosts=0): slice1.*
I0909 09:23:13.163065     987 topology_coordinator.cc:178] MegaScale Topology Discovery in progress. Missing hosts (num_slices=1, num_hosts=0): slice1.*
I0909 09:23:14.163151     987 topology_coordinator.cc:178] MegaScale Topology Discovery in progress. Missing hosts (num_slices=1, num_hosts=0): slice1.*
I0909 09:23:15.163281     987 topology_coordinator.cc:178] MegaScale Topology Discovery in progress. Missing hosts (num_slices=1, num_hosts=0): slice1.*
I0909 09:23:16.163411     987 topology_coordinator.cc:178] MegaScale Topology Discovery in progress. Missing hosts (num_slices=1, num_hosts=0): slice1.*
I0909 09:23:17.163503     987 topology_coordinator.cc:178] MegaScale Topology Discovery in progress. Missing hosts (num_slices=1, num_hosts=0): slice1.*
I0909 09:23:18.163629     987 topology_coordinator.cc:178] MegaScale Topology Discovery in progress. Missing hosts (num_slices=1, num_hosts=0): slice1.*
I0909 09:23:18.532143     885 tpu_chip_config.cc:367] Resolved chip config alias default->megachip for 6acc60406, 
I0909 09:23:18.532379     885 topology_coordinator.cc:325] MegaScale Topology Discovery completed.
I0909 09:23:18.532751      44 communication_backend.cc:1002] Received topology discovery response: go/debugstr   
slice_info {
  tpu_topology_args {
    version: TPU_VERSION_6acc60406
    platform_type: TPU_PLATFORM_TYPE_HARDWARE
    chip_config_name: "default"
    chips_per_host_bounds {
      x: 2
      y: 2
      z: 1
    }
    host_bounds {
      x: 1
      y: 1
      z: 1
    }
    wrap {
    }
    enhanced_barrier_enabled: true
    use_continuations: true
    routing_strategy: ROUTING_MESH
  }
}
slice_info {
  slice_id: 1
  tpu_topology_args {
    version: TPU_VERSION_6acc60406
    platform_type: TPU_PLATFORM_TYPE_HARDWARE
    chip_config_name: "default"
    chips_per_host_bounds {
      x: 2
      y: 2
      z: 1
    }
    host_bounds {
      x: 1
      y: 1
      z: 1
    }
    wrap {
    }
    enhanced_barrier_enabled: true
    use_continuations: true
    routing_strategy: ROUTING_MESH
  }
}
address_mappings {
  addresses {
    address: "10.240.96.9:8081"
    interface_name: "eth1"
    host_name_for_debugging: "gke-tpu-edbc8be2-k600"
  }
  addresses {
    address: "10.240.48.9:8081"
    interface_name: "eth2"
    host_name_for_debugging: "gke-tpu-edbc8be2-k600"
    numa_node: 1
  }
  incarnation_id: 5486720884726656904
}
address_mappings {
  slice_id: 1
  addresses {
    address: "10.240.96.10:8081"
    interface_name: "eth1"
    host_name_for_debugging: "gke-tpu-edbc8be2-f4wr"
  }
  addresses {
    address: "10.240.48.10:8081"
    interface_name: "eth2"
    host_name_for_debugging: "gke-tpu-edbc8be2-f4wr"
    numa_node: 1
  }
  incarnation_id: 16201215596672909204
}
incarnation_id: 5486720884726656904
I0909 09:23:18.532933      44 debug_manager.cc:266] Registering error handler with name: default_handler
I0909 09:23:18.532942      44 megascale_context.cc:571] Using DCN topology: go/debugstr   
I0909 09:23:18.532975      44 tpu_chip_config.cc:367] Resolved chip config alias default->megachip for 6acc60406, 
DCN_MULTISLICE_PREFLIGHT {"global_device_count": 16, "local_device_count": 8, "process_count": 2, "process_id": 0, "slice_counts": {"0": 8, "1": 8}}
W0909 09:23:18.535234    1022 pjrt_client.h:601] UpdateGlobalProcessInfo is not supported.
I0909 09:23:18.580773      44 dump.cc:725] HloModule dump enabled with path prefix: , suffix: before_optimizations
W0909 09:23:18.585757    1024 tpu_spmd_partitioner.cc:460] Collective matmul V1 is enabled. Please consider migrating to V2 since V1 will be deprecated soon. You can enable V2 by setting xla_tpu_all_gather_collective_matmul_mode=post_spmd and xla_tpu_reduce_scatter_collective_matmul_mode=post_spmd.
I0909 09:23:18.592357      44 deepsea_compiler_hlo_passes.cc:6406] xla_tpu_impure_hlo_parallel_compile is DISABLED. jit__identity_fn
I0909 09:23:18.595123      44 latency_hiding_scheduler.cc:4420] [latency-hiding-scheduler] LatencyHidingScheduler current memory usage: 73792 bytes. Current limit: 96638113587
I0909 09:23:18.595479      44 tpu_plumb_vmem_info.cc:677] scavenging_mode: 3 for module: jit__identity_fn
I0909 09:23:18.612133      44 deepsea_compiler_hlo_passes.cc:6735] HLO_PASSES stage duration: 28.22765875ms
I0909 09:23:18.784746    1011 tpu_chip_config.cc:367] Resolved chip config alias default->megachip for 6acc60406, 
I0909 09:23:18.784970    1011 tpu_chip_config.cc:367] Resolved chip config alias default->megachip for 6acc60406, 
I0909 09:23:18.785224    1011 memory_space_assignment_util.cc:577] MSA Vmem breakdown: default scoped vmem (from flag): 33554432; does_msa_directly_allocate_scoped_vmem: T; bytes_for_msa_to_allocate: 67043328
I0909 09:23:18.801053    1250 deepsea_compiler_base.cc:4279] BACKEND_PASSES stage duration: 16.88626275ms
I0909 09:23:18.810985    1250 deepsea_compiler_backend.cc:1480] CODE_GENERATION stage duration: 9.803715ms
I0909 09:23:18.811214    1250 isa_program_util_common.cc:373] (HLO module jit__identity_fn): Executable fingerprint:67556b1dd123307c8bb711c0434fbfac86eab215225618a5f838c0c427d4c3c2
I0909 09:23:18.811218    1250 isa_program_util_common.cc:377] (HLO module jit__identity_fn): Executable fingerprint (including data segments):c43bcc07663f8b538de614a22f9271d5656acd0e5f70af981aecc6805c64d3fd
I0909 09:23:18.811220    1250 isa_program_util_common.cc:380] (HLO module jit__identity_fn): Host transfer fingerprint:e6674013302fbdec09a2c7c89a12b340e612c48cc4b68dbb5d7ca9c5a25bab54
I0909 09:23:18.811520      44 deepsea_compiler_base.cc:1055] END_TO_END stage duration: 230.9205525ms
I0909 09:23:18.811535      44 deepsea_compiler_base.cc:1056] Note that END_TO_END duration also includes time outside of HLO_PASSES, BACKEND_PASSES, and CODE_GENERATION
I0909 09:23:18.811572     784 grpc_transport.cc:1414] [MEGASCALE_TRANSPORT_INSTR] Recv: key=all-gather_0_ag_0_sr_1_2|s200005->100005d|$c0$l-1814605684^i0 size=0 is_single_chunk=true is_aligned=true memcpy_needed=false
I0909 09:23:18.812312      44 megascale_context.cc:517] MegaScale DCNTopology fingerprint for: jit__identity_fn : 1688352644216761960 DevicesHash: 11843567257950195766 Topology: go/debugstr  
I0909 09:23:18.812362      44 graph_builder.cc:257] Shapes to compress: [""]
I0909 09:23:18.812366      44 graph_builder.cc:259] Prefixes to compress: [""]
I0909 09:23:18.812398      44 graph_builder.cc:2912] Using MXLA graph seed: all-gather_0
I0909 09:23:18.812566      44 host_command_scheduler_factory.cc:1312] Created a HostCommandScheduler with 18 rules for module jit__identity_fn HostTransfers Fingerprint: 3701741969770116811.
I0909 09:23:18.812578      44 megascale_context.cc:686] MegaScale ExecutableContext created for module: jit__identity_fn with DCN topology: go/debugstr   
I0909 09:23:18.813979     778 communication_backend.cc:625] Created communicator. Hostname: gke-tpu-edbc8be2-k600 Slice ID: 0 Host ID: 0 NumSlices: 2 Device IDs: 0,1,2,3,4,5,6,7
I0909 09:23:18.815227     969 grpc_transport.cc:2220] Creating client for slice 1 host 0
I0909 09:23:18.815261     969 grpc_transport.cc:2200] Sending to 10.240.96.10:8081 on interface: eth1
I0909 09:23:18.815370     969 grpc_transport.cc:2200] Sending to 10.240.48.10:8081 on interface: eth2
I0909 09:23:18.815410     969 grpc_transport.cc:2278] Created 2 channels for 2 interfaces on slice 1 host 0.
 Load balancing policy: Dynamic lb: max_outstanding_bytes (8388608).
I0909 09:23:18.815458     801 grpc_transport.cc:1743] [MEGASCALE_TRANSPORT_INSTR] SendRpc: key=all-gather_0_ag_0_sr_0_1|s100002->200002d|$c0$l-1814605684^i0 size=32768 queue_latency_us=0 attempt=0
I0909 09:23:18.838649      44 deepsea_compiler_hlo_passes.cc:6623] XLA::TPU running hlo passes for 21 instructions, module: jit__lambda
I0909 09:23:18.838660      44 deepsea_compiler_hlo_passes.cc:6668] Initial HLO module: jit__lambda instructions: 21 fingerprint: 
I0909 09:23:18.838948      44 deepsea_compiler_hlo_passes.cc:6526] HLO optimizing module: jit__lambda instructions: 19
I0909 09:23:18.838953      44 deepsea_compiler_hlo_passes.cc:6539] XLA::TPU HLO optimization
W0909 09:23:18.839596    1286 tpu_spmd_partitioner.cc:460] Collective matmul V1 is enabled. Please consider migrating to V2 since V1 will be deprecated soon. You can enable V2 by setting xla_tpu_all_gather_collective_matmul_mode=post_spmd and xla_tpu_reduce_scatter_collective_matmul_mode=post_spmd.
I0909 09:23:18.849311      44 deepsea_compiler_hlo_passes.cc:6406] xla_tpu_impure_hlo_parallel_compile is DISABLED. jit__lambda
I0909 09:23:18.851834      44 deepsea_compiler_hlo_passes.cc:5472] XLA::TPU HLO PostOptimizationPipeline
I0909 09:23:18.853042      44 latency_hiding_scheduler.cc:4420] [latency-hiding-scheduler] LatencyHidingScheduler current memory usage: 41024 bytes. Current limit: 96637751091
I0909 09:23:18.853637      44 tpu_plumb_vmem_info.cc:677] scavenging_mode: 3 for module: jit__lambda
I0909 09:23:18.854230      44 deepsea_compiler_hlo_passes.cc:6735] HLO_PASSES stage duration: 15.57018625ms
I0909 09:23:18.855396    1011 tpu_chip_config.cc:367] Resolved chip config alias default->megachip for 6acc60406, 
I0909 09:23:18.855559    1011 tpu_chip_config.cc:367] Resolved chip config alias default->megachip for 6acc60406, 
I0909 09:23:18.855713    1011 memory_space_assignment_util.cc:577] MSA Vmem breakdown: default scoped vmem (from flag): 33554432; does_msa_directly_allocate_scoped_vmem: T; bytes_for_msa_to_allocate: 67043328
I0909 09:23:18.872539    1290 deepsea_compiler_base.cc:4279] BACKEND_PASSES stage duration: 17.68454025ms
I0909 09:23:18.875412    1290 deepsea_compiler_backend.cc:1784] final program bundle count: 788 note this count does not reflect cycles spent executing delays.
I0909 09:23:18.881268    1290 deepsea_compiler_backend.cc:1980] Program divided into 2 overlays without HLO functions (90.5K).
I0909 09:23:18.881339    1290 deepsea_compiler_backend.cc:2150] XLA::TPU module name: jit__lambda
I0909 09:23:18.881343    1290 deepsea_compiler_backend.cc:2152] XLA::TPU program HBM usage: 266.5K / 94.74G
I0909 09:23:18.881346    1290 deepsea_compiler_backend.cc:2159] Note that --xla_tpu_max_hbm_size_mib is not specified. This means that the compiler may use up all available HBM, possibly prioritizing other metrics (latency, compile-time, ..) over memory usage. To reduce memory usage, set --xla_tpu_max_hbm_size_mib to a smaller value.
I0909 09:23:18.881348    1290 deepsea_compiler_backend.cc:2193] XLA::TPU program VMEM usage: 32.00M / 64.00M
I0909 09:23:18.881355    1290 deepsea_compiler_backend.cc:2204] Total hbm usage >= 268.28M:
    reserved        268.00M 
    program          266.5K 
    arguments         16.0K 

Output size 512B; shares 0B with arguments.

Total host usage >= 0B:
    reserved             0B 
    program         unknown size 
    arguments            0B 

Output size 0B; shares 0B with arguments.

I0909 09:23:18.881368    1290 deepsea_compiler_backend.cc:2208] Program sflag requirement 228B:
    reserved           204B
    scoped              16B
    HLO temp             8B (100.0% utilization: Unpadded (8B) Padded (8B), 0.0% fragmentation (0B))
Program sparse_core_sequencer_sflag requirement 36B:
    reserved            36B
Program sparse_core_tile_sflag requirement 4B:
    reserved             4B
Program sparse_core_sequencer_smem requirement 64B:
    reserved            64B
Program sparse_core_tile_smem requirement 0B:
Program hbm requirement 266.5K:
    HLO temp         176.0K (100.0% utilization: Unpadded (24.3K) Padded (24.3K), 86.2% fragmentation (151.7K))
    overlays          90.5K
Program vmem requirement 32.00M:
    HLO temp         32.00M (0.0% utilization: Unpadded (0B) Padded (0B), 100.0% fragmentation (32.00M))
Program smem requirement 36B:
    global               4B
    scoped              32B
Program host requirement 0B:
I0909 09:23:18.881370    1290 deepsea_compiler_backend.cc:2216] XLA::TPU program SMEM usage: 1.9K / 1.00M (1 parameters)
I0909 09:23:18.881461    1290 deepsea_compiler_backend.cc:1480] CODE_GENERATION stage duration: 8.83250725ms
I0909 09:23:18.881723    1290 isa_program_util_common.cc:373] (HLO module jit__lambda): Executable fingerprint:6a126cddbd2c7a63446e46d5dcaf750209d6c974ec79e4080fdc4ca9886f81e4
I0909 09:23:18.881725    1290 isa_program_util_common.cc:377] (HLO module jit__lambda): Executable fingerprint (including data segments):12c0715cab49b82f1e3ea1846957d5d3523547d5bf3cc57bcf82f0517b7a92e8
I0909 09:23:18.881727    1290 isa_program_util_common.cc:380] (HLO module jit__lambda): Host transfer fingerprint:2b9801a161c74c27631ae5e0b6d660abd73031d7eba34a0a6e10fff8dfd2f3ae
I0909 09:23:18.881899      44 deepsea_compiler_base.cc:1055] END_TO_END stage duration: 45.5556165ms
I0909 09:23:18.881909      44 deepsea_compiler_base.cc:1056] Note that END_TO_END duration also includes time outside of HLO_PASSES, BACKEND_PASSES, and CODE_GENERATION
I0909 09:23:18.882665      44 megascale_context.cc:517] MegaScale DCNTopology fingerprint for: jit__lambda : 1688352644216761960 DevicesHash: 8081921339993277715 Topology: go/debugstr  
I0909 09:23:18.882958      44 host_command_scheduler_factory.cc:1312] Created a HostCommandScheduler with 54 rules for module jit__lambda HostTransfers Fingerprint: 12151718319723310994.
I0909 09:23:18.882978      44 megascale_context.cc:686] MegaScale ExecutableContext created for module: jit__lambda with DCN topology: go/debugstr   
I0909 09:23:18.910169      44 deepsea_compiler_hlo_passes.cc:6623] XLA::TPU running hlo passes for 21 instructions, module: jit__lambda
I0909 09:23:18.910179      44 deepsea_compiler_hlo_passes.cc:6668] Initial HLO module: jit__lambda instructions: 21 fingerprint: 
I0909 09:23:18.910409      44 deepsea_compiler_hlo_passes.cc:6526] HLO optimizing module: jit__lambda instructions: 19
I0909 09:23:18.910414      44 deepsea_compiler_hlo_passes.cc:6539] XLA::TPU HLO optimization
W0909 09:23:18.910991    1299 tpu_spmd_partitioner.cc:460] Collective matmul V1 is enabled. Please consider migrating to V2 since V1 will be deprecated soon. You can enable V2 by setting xla_tpu_all_gather_collective_matmul_mode=post_spmd and xla_tpu_reduce_scatter_collective_matmul_mode=post_spmd.
I0909 09:23:18.918392      44 deepsea_compiler_hlo_passes.cc:6406] xla_tpu_impure_hlo_parallel_compile is DISABLED. jit__lambda
I0909 09:23:18.920429      44 deepsea_compiler_hlo_passes.cc:5472] XLA::TPU HLO PostOptimizationPipeline
I0909 09:23:18.921588      44 latency_hiding_scheduler.cc:4420] [latency-hiding-scheduler] LatencyHidingScheduler current memory usage: 41024 bytes. Current limit: 96637751091
I0909 09:23:18.922140      44 tpu_plumb_vmem_info.cc:677] scavenging_mode: 3 for module: jit__lambda
I0909 09:23:18.922701      44 deepsea_compiler_hlo_passes.cc:6735] HLO_PASSES stage duration: 12.52222825ms
I0909 09:23:18.923939    1011 tpu_chip_config.cc:367] Resolved chip config alias default->megachip for 6acc60406, 
I0909 09:23:18.924083    1011 tpu_chip_config.cc:367] Resolved chip config alias default->megachip for 6acc60406, 
I0909 09:23:18.924254    1011 memory_space_assignment_util.cc:577] MSA Vmem breakdown: default scoped vmem (from flag): 33554432; does_msa_directly_allocate_scoped_vmem: T; bytes_for_msa_to_allocate: 67043328
I0909 09:23:18.941726    1303 deepsea_compiler_base.cc:4279] BACKEND_PASSES stage duration: 18.38782975ms
I0909 09:23:18.945065    1303 deepsea_compiler_backend.cc:1784] final program bundle count: 788 note this count does not reflect cycles spent executing delays.
I0909 09:23:18.951959    1303 deepsea_compiler_backend.cc:1980] Program divided into 2 overlays without HLO functions (90.5K).
I0909 09:23:18.952034    1303 deepsea_compiler_backend.cc:2150] XLA::TPU module name: jit__lambda
I0909 09:23:18.952038    1303 deepsea_compiler_backend.cc:2152] XLA::TPU program HBM usage: 266.5K / 94.74G
I0909 09:23:18.952041    1303 deepsea_compiler_backend.cc:2159] Note that --xla_tpu_max_hbm_size_mib is not specified. This means that the compiler may use up all available HBM, possibly prioritizing other metrics (latency, compile-time, ..) over memory usage. To reduce memory usage, set --xla_tpu_max_hbm_size_mib to a smaller value.
I0909 09:23:18.952042    1303 deepsea_compiler_backend.cc:2193] XLA::TPU program VMEM usage: 32.00M / 64.00M
I0909 09:23:18.952049    1303 deepsea_compiler_backend.cc:2204] Total hbm usage >= 268.28M:
    reserved        268.00M 
    program          266.5K 
    arguments         16.0K 

Output size 512B; shares 0B with arguments.

Total host usage >= 0B:
    reserved             0B 
    program         unknown size 
    arguments            0B 

Output size 0B; shares 0B with arguments.

I0909 09:23:18.952061    1303 deepsea_compiler_backend.cc:2208] Program sflag requirement 228B:
    reserved           204B
    scoped              16B
    HLO temp             8B (100.0% utilization: Unpadded (8B) Padded (8B), 0.0% fragmentation (0B))
Program sparse_core_sequencer_sflag requirement 36B:
    reserved            36B
Program sparse_core_tile_sflag requirement 4B:
    reserved             4B
Program sparse_core_sequencer_smem requirement 64B:
    reserved            64B
Program sparse_core_tile_smem requirement 0B:
Program hbm requirement 266.5K:
    HLO temp         176.0K (100.0% utilization: Unpadded (24.3K) Padded (24.3K), 86.2% fragmentation (151.7K))
    overlays          90.5K
Program vmem requirement 32.00M:
    HLO temp         32.00M (0.0% utilization: Unpadded (0B) Padded (0B), 100.0% fragmentation (32.00M))
Program smem requirement 36B:
    global               4B
    scoped              32B
Program host requirement 0B:
I0909 09:23:18.952063    1303 deepsea_compiler_backend.cc:2216] XLA::TPU program SMEM usage: 1.9K / 1.00M (1 parameters)
I0909 09:23:18.952150    1303 deepsea_compiler_backend.cc:1480] CODE_GENERATION stage duration: 10.338312ms
I0909 09:23:18.952463    1303 isa_program_util_common.cc:373] (HLO module jit__lambda): Executable fingerprint:6a126cddbd2c7a63446e46d5dcaf750209d6c974ec79e4080fdc4ca9886f81e4
I0909 09:23:18.952466    1303 isa_program_util_common.cc:377] (HLO module jit__lambda): Executable fingerprint (including data segments):12c0715cab49b82f1e3ea1846957d5d3523547d5bf3cc57bcf82f0517b7a92e8
I0909 09:23:18.952467    1303 isa_program_util_common.cc:380] (HLO module jit__lambda): Host transfer fingerprint:2b9801a161c74c27631ae5e0b6d660abd73031d7eba34a0a6e10fff8dfd2f3ae
I0909 09:23:18.952657      44 deepsea_compiler_base.cc:1055] END_TO_END stage duration: 44.779541ms
I0909 09:23:18.952670      44 deepsea_compiler_base.cc:1056] Note that END_TO_END duration also includes time outside of HLO_PASSES, BACKEND_PASSES, and CODE_GENERATION
I0909 09:23:18.953383      44 megascale_context.cc:517] MegaScale DCNTopology fingerprint for: jit__lambda : 1688352644216761960 DevicesHash: 8081921339993277715 Topology: go/debugstr  
I0909 09:23:18.953712      44 host_command_scheduler_factory.cc:1312] Created a HostCommandScheduler with 54 rules for module jit__lambda HostTransfers Fingerprint: 12151718319723310994.
I0909 09:23:18.953736      44 megascale_context.cc:686] MegaScale ExecutableContext created for module: jit__lambda with DCN topology: go/debugstr   
I0909 09:23:18.961411     823 megascale_context.cc:439] Destroying MegaScale PjrtExecutableContext: jit__lambda
I0909 09:23:18.979167      44 deepsea_compiler_hlo_passes.cc:6623] XLA::TPU running hlo passes for 19 instructions, module: jit__lambda
I0909 09:23:18.979177      44 deepsea_compiler_hlo_passes.cc:6668] Initial HLO module: jit__lambda instructions: 19 fingerprint: 
I0909 09:23:18.979405      44 deepsea_compiler_hlo_passes.cc:6526] HLO optimizing module: jit__lambda instructions: 17
I0909 09:23:18.979410      44 deepsea_compiler_hlo_passes.cc:6539] XLA::TPU HLO optimization
W0909 09:23:18.980070    1309 tpu_spmd_partitioner.cc:460] Collective matmul V1 is enabled. Please consider migrating to V2 since V1 will be deprecated soon. You can enable V2 by setting xla_tpu_all_gather_collective_matmul_mode=post_spmd and xla_tpu_reduce_scatter_collective_matmul_mode=post_spmd.
I0909 09:23:18.987100      44 deepsea_compiler_hlo_passes.cc:6406] xla_tpu_impure_hlo_parallel_compile is DISABLED. jit__lambda
I0909 09:23:18.989151      44 deepsea_compiler_hlo_passes.cc:5472] XLA::TPU HLO PostOptimizationPipeline
I0909 09:23:18.990124      44 latency_hiding_scheduler.cc:4420] [latency-hiding-scheduler] LatencyHidingScheduler current memory usage: 24640 bytes. Current limit: 96637894451
I0909 09:23:18.990595      44 tpu_plumb_vmem_info.cc:677] scavenging_mode: 3 for module: jit__lambda
I0909 09:23:18.991048      44 deepsea_compiler_hlo_passes.cc:6735] HLO_PASSES stage duration: 11.870521ms
I0909 09:23:18.992212    1011 tpu_chip_config.cc:367] Resolved chip config alias default->megachip for 6acc60406, 
I0909 09:23:18.992345    1011 tpu_chip_config.cc:367] Resolved chip config alias default->megachip for 6acc60406, 
I0909 09:23:18.992515    1011 memory_space_assignment_util.cc:577] MSA Vmem breakdown: default scoped vmem (from flag): 33554432; does_msa_directly_allocate_scoped_vmem: T; bytes_for_msa_to_allocate: 67043328
I0909 09:23:19.006637    1313 deepsea_compiler_base.cc:4279] BACKEND_PASSES stage duration: 14.972017ms
I0909 09:23:19.009284    1313 deepsea_compiler_backend.cc:1784] final program bundle count: 626 note this count does not reflect cycles spent executing delays.
I0909 09:23:19.014888    1313 deepsea_compiler_backend.cc:1980] Program divided into 2 overlays without HLO functions (80.5K).
I0909 09:23:19.014951    1313 deepsea_compiler_backend.cc:2150] XLA::TPU module name: jit__lambda
I0909 09:23:19.014954    1313 deepsea_compiler_backend.cc:2152] XLA::TPU program HBM usage: 208.5K / 94.74G
I0909 09:23:19.014956    1313 deepsea_compiler_backend.cc:2159] Note that --xla_tpu_max_hbm_size_mib is not specified. This means that the compiler may use up all available HBM, possibly prioritizing other metrics (latency, compile-time, ..) over memory usage. To reduce memory usage, set --xla_tpu_max_hbm_size_mib to a smaller value.
I0909 09:23:19.014958    1313 deepsea_compiler_backend.cc:2193] XLA::TPU program VMEM usage: 32.00M / 64.00M
I0909 09:23:19.014964    1313 deepsea_compiler_backend.cc:2204] Total hbm usage >= 268.22M:
    reserved        268.00M 
    program          208.5K 
    arguments         16.0K 

Output size 512B; shares 0B with arguments.

Total host usage >= 0B:
    reserved             0B 
    program         unknown size 
    arguments            0B 

Output size 0B; shares 0B with arguments.

I0909 09:23:19.014974    1313 deepsea_compiler_backend.cc:2208] Program sflag requirement 224B:
    reserved           204B
    scoped              12B
    HLO temp             8B (100.0% utilization: Unpadded (8B) Padded (8B), 0.0% fragmentation (0B))
Program sparse_core_sequencer_sflag requirement 36B:
    reserved            36B
Program sparse_core_tile_sflag requirement 4B:
    reserved             4B
Program sparse_core_sequencer_smem requirement 64B:
    reserved            64B
Program sparse_core_tile_smem requirement 0B:
Program hbm requirement 208.5K:
    HLO temp         128.0K (49.1% utilization: Unpadded (8.2K) Padded (16.7K), 87.0% fragmentation (111.3K))
    overlays          80.5K
Program vmem requirement 32.00M:
    HLO temp         32.00M (0.0% utilization: Unpadded (0B) Padded (0B), 100.0% fragmentation (32.00M))
Program smem requirement 36B:
    global               4B
    scoped              32B
Program host requirement 0B:
I0909 09:23:19.014976    1313 deepsea_compiler_backend.cc:2216] XLA::TPU program SMEM usage: 1.9K / 1.00M (1 parameters)
I0909 09:23:19.015057    1313 deepsea_compiler_backend.cc:1480] CODE_GENERATION stage duration: 8.33837025ms
I0909 09:23:19.015289    1313 isa_program_util_common.cc:373] (HLO module jit__lambda): Executable fingerprint:4a4bf7195f2e28a358732e4bad360b9ab79156518433b25ddb27df2e76864c13
I0909 09:23:19.015292    1313 isa_program_util_common.cc:377] (HLO module jit__lambda): Executable fingerprint (including data segments):41df051aa1d5cc95b6bd65dcd0fe59634f8d45c83e436d4b0b21da6da348f7ba
I0909 09:23:19.015293    1313 isa_program_util_common.cc:380] (HLO module jit__lambda): Host transfer fingerprint:5c8f40e7dcd653d84e947d890338940d2b2e1ffba06eadb57827e716f5782f97
I0909 09:23:19.015448      44 deepsea_compiler_base.cc:1055] END_TO_END stage duration: 38.51961275ms
I0909 09:23:19.015459      44 deepsea_compiler_base.cc:1056] Note that END_TO_END duration also includes time outside of HLO_PASSES, BACKEND_PASSES, and CODE_GENERATION
I0909 09:23:19.016026      44 megascale_context.cc:517] MegaScale DCNTopology fingerprint for: jit__lambda : 1688352644216761960 DevicesHash: 8081921339993277715 Topology: go/debugstr  
I0909 09:23:19.016213      44 host_command_scheduler_factory.cc:1312] Created a HostCommandScheduler with 36 rules for module jit__lambda HostTransfers Fingerprint: 8427318606672400244.
I0909 09:23:19.016227      44 megascale_context.cc:686] MegaScale ExecutableContext created for module: jit__lambda with DCN topology: go/debugstr   
I0909 09:23:19.021638     823 megascale_context.cc:439] Destroying MegaScale PjrtExecutableContext: jit__lambda
MANUAL_AR_VERIFY {"exchange_add": true, "psum": true, "psum_checksum": 3.0}
W0909 09:23:19.035176    1315 tpu_spmd_partitioner.cc:460] Collective matmul V1 is enabled. Please consider migrating to V2 since V1 will be deprecated soon. You can enable V2 by setting xla_tpu_all_gather_collective_matmul_mode=post_spmd and xla_tpu_reduce_scatter_collective_matmul_mode=post_spmd.
I0909 09:23:19.040658      44 deepsea_compiler_hlo_passes.cc:6406] xla_tpu_impure_hlo_parallel_compile is DISABLED. jit__lambda
I0909 09:23:19.042196      44 tpu_plumb_vmem_info.cc:677] scavenging_mode: 3 for module: jit__lambda
I0909 09:23:19.052196      44 deepsea_compiler_hlo_passes.cc:6735] HLO_PASSES stage duration: 17.66140225ms
I0909 09:23:19.053092    1011 tpu_chip_config.cc:367] Resolved chip config alias default->megachip for 6acc60406, 
I0909 09:23:19.053233    1011 tpu_chip_config.cc:367] Resolved chip config alias default->megachip for 6acc60406, 
I0909 09:23:19.053402    1011 memory_space_assignment_util.cc:577] MSA Vmem breakdown: default scoped vmem (from flag): 33554432; does_msa_directly_allocate_scoped_vmem: T; bytes_for_msa_to_allocate: 67043328
I0909 09:23:19.082756    1317 deepsea_compiler_base.cc:4279] BACKEND_PASSES stage duration: 30.05248425ms
I0909 09:23:19.089887    1317 deepsea_compiler_backend.cc:1480] CODE_GENERATION stage duration: 7.06480975ms
I0909 09:23:19.090118    1317 isa_program_util_common.cc:373] (HLO module jit__lambda): Executable fingerprint:bc586dffeac4e7ae318e7d154bf8e04f4304c94ca0093b387a7797ec3816d14b
I0909 09:23:19.090121    1317 isa_program_util_common.cc:377] (HLO module jit__lambda): Executable fingerprint (including data segments):a2faf2ce0762128844e7a122c148a8aece70b237d9b143ffa46b761ac2a0d991
I0909 09:23:19.090122    1317 isa_program_util_common.cc:380] (HLO module jit__lambda): Host transfer fingerprint:e3b0c44298fc1c149afbf4c8996fb92427ae41e4649b934ca495991b7852b855
I0909 09:23:19.090268      44 deepsea_compiler_base.cc:1055] END_TO_END stage duration: 57.9131725ms
I0909 09:23:19.090277      44 deepsea_compiler_base.cc:1056] Note that END_TO_END duration also includes time outside of HLO_PASSES, BACKEND_PASSES, and CODE_GENERATION
I0909 09:23:19.090726      44 host_command_scheduler_factory.cc:1312] Created a HostCommandScheduler with 0 rules for module jit__lambda HostTransfers Fingerprint: 0.
I0909 09:23:19.090738      44 megascale_context.cc:686] MegaScale ExecutableContext created for module: jit__lambda with DCN topology: go/debugstr   
I0909 09:23:19.095083     724 megascale_context.cc:439] Destroying MegaScale PjrtExecutableContext: jit__lambda
W0909 09:23:19.107828    1319 tpu_spmd_partitioner.cc:460] Collective matmul V1 is enabled. Please consider migrating to V2 since V1 will be deprecated soon. You can enable V2 by setting xla_tpu_all_gather_collective_matmul_mode=post_spmd and xla_tpu_reduce_scatter_collective_matmul_mode=post_spmd.
I0909 09:23:19.113000      44 deepsea_compiler_hlo_passes.cc:6406] xla_tpu_impure_hlo_parallel_compile is DISABLED. jit__identity_fn
I0909 09:23:19.116280      44 latency_hiding_scheduler.cc:4420] [latency-hiding-scheduler] LatencyHidingScheduler current memory usage: 10816 bytes. Current limit: 96637838643
I0909 09:23:19.116786      44 tpu_plumb_vmem_info.cc:677] scavenging_mode: 3 for module: jit__identity_fn
I0909 09:23:19.117229      44 deepsea_compiler_hlo_passes.cc:6735] HLO_PASSES stage duration: 9.96803125ms
I0909 09:23:19.118376    1011 tpu_chip_config.cc:367] Resolved chip config alias default->megachip for 6acc60406, 
I0909 09:23:19.118520    1011 tpu_chip_config.cc:367] Resolved chip config alias default->megachip for 6acc60406, 
I0909 09:23:19.118676    1011 memory_space_assignment_util.cc:577] MSA Vmem breakdown: default scoped vmem (from flag): 33554432; does_msa_directly_allocate_scoped_vmem: T; bytes_for_msa_to_allocate: 67043328
I0909 09:23:19.142478    1321 deepsea_compiler_base.cc:4279] BACKEND_PASSES stage duration: 24.63188975ms
I0909 09:23:19.152212    1321 deepsea_compiler_backend.cc:1480] CODE_GENERATION stage duration: 9.65677875ms
I0909 09:23:19.152558    1321 isa_program_util_common.cc:373] (HLO module jit__identity_fn): Executable fingerprint:fd3b0d6bd150f631ee1516bdd9fe68433befc25b43e5ac8c1bf0647642d4a029
I0909 09:23:19.152561    1321 isa_program_util_common.cc:377] (HLO module jit__identity_fn): Executable fingerprint (including data segments):b4793e425396e7ab5df0b40c15a832140ecb3328718901424ce0f42c7f63731d
I0909 09:23:19.152563    1321 isa_program_util_common.cc:380] (HLO module jit__identity_fn): Host transfer fingerprint:f21887b8cd1a7de9f1745e6458df4dba74bea513f1593c4409ce2cd383777ca8
I0909 09:23:19.152725      44 deepsea_compiler_base.cc:1055] END_TO_END stage duration: 47.78881475ms
I0909 09:23:19.152739      44 deepsea_compiler_base.cc:1056] Note that END_TO_END duration also includes time outside of HLO_PASSES, BACKEND_PASSES, and CODE_GENERATION
I0909 09:23:19.153321      44 megascale_context.cc:517] MegaScale DCNTopology fingerprint for: jit__identity_fn : 1688352644216761960 DevicesHash: 11843567257950195766 Topology: go/debugstr  
I0909 09:23:19.153506      44 host_command_scheduler_factory.cc:1312] Created a HostCommandScheduler with 18 rules for module jit__identity_fn HostTransfers Fingerprint: 14547820116035419324.
I0909 09:23:19.153519      44 megascale_context.cc:686] MegaScale ExecutableContext created for module: jit__identity_fn with DCN topology: go/debugstr   
I0909 09:23:19.156354     142 megascale_context.cc:439] Destroying MegaScale PjrtExecutableContext: jit__lambda
I0909 09:23:19.163732     987 topology_coordinator.cc:173] MegaScale Topology Discovery completed.
W0909 09:23:19.172997    1325 tpu_spmd_partitioner.cc:460] Collective matmul V1 is enabled. Please consider migrating to V2 since V1 will be deprecated soon. You can enable V2 by setting xla_tpu_all_gather_collective_matmul_mode=post_spmd and xla_tpu_reduce_scatter_collective_matmul_mode=post_spmd.
I0909 09:23:19.178802      44 deepsea_compiler_hlo_passes.cc:6406] xla_tpu_impure_hlo_parallel_compile is DISABLED. jit_op
I0909 09:23:19.180931      44 latency_hiding_scheduler.cc:4420] [latency-hiding-scheduler] LatencyHidingScheduler current memory usage: 1610620992 bytes. Current limit: 95564271411
I0909 09:23:19.181264      44 tpu_plumb_vmem_info.cc:677] scavenging_mode: 3 for module: jit_op
I0909 09:23:19.212367      44 deepsea_compiler_hlo_passes.cc:6735] HLO_PASSES stage duration: 39.8565555ms
I0909 09:23:19.213526     987 tpu_chip_config.cc:367] Resolved chip config alias default->megachip for 6acc60406, 
I0909 09:23:19.213684     987 tpu_chip_config.cc:367] Resolved chip config alias default->megachip for 6acc60406, 
I0909 09:23:19.213849     987 memory_space_assignment_util.cc:577] MSA Vmem breakdown: default scoped vmem (from flag): 33554432; does_msa_directly_allocate_scoped_vmem: T; bytes_for_msa_to_allocate: 67043328
I0909 09:23:19.293175    1329 deepsea_compiler_base.cc:4279] BACKEND_PASSES stage duration: 80.24567775ms
I0909 09:23:19.300613    1329 deepsea_compiler_backend.cc:1480] CODE_GENERATION stage duration: 7.35535025ms
I0909 09:23:19.300977    1329 isa_program_util_common.cc:373] (HLO module jit_op): Executable fingerprint:0f2b665f05c3c4afe211f3c371efcab563df28a2ebf1e3fea485408c5722f8dc
I0909 09:23:19.300980    1329 isa_program_util_common.cc:377] (HLO module jit_op): Executable fingerprint (including data segments):86848f6f1a06a74bef5f269280dc370998aab50634976e92618a9f9f14091724
I0909 09:23:19.300982    1329 isa_program_util_common.cc:380] (HLO module jit_op): Host transfer fingerprint:294ab033fa7a89f4c4b5c51d8744fa6f4206e6d1d2d85c49c24e64e2b1444859
I0909 09:23:19.301124      44 deepsea_compiler_base.cc:1055] END_TO_END stage duration: 130.65715375ms
I0909 09:23:19.301141      44 deepsea_compiler_base.cc:1056] Note that END_TO_END duration also includes time outside of HLO_PASSES, BACKEND_PASSES, and CODE_GENERATION
I0909 09:23:19.301927      44 megascale_context.cc:517] MegaScale DCNTopology fingerprint for: jit_op : 1688352644216761960 DevicesHash: 8081921339993277715 Topology: go/debugstr  
I0909 09:23:19.309955      44 host_command_scheduler_factory.cc:1312] Created a HostCommandScheduler with 36 rules for module jit_op HostTransfers Fingerprint: 12634255100403355191.
I0909 09:23:19.310636      44 megascale_context.cc:686] MegaScale ExecutableContext created for module: jit_op with DCN topology: go/debugstr   
I0909 09:23:19.317496     802 grpc_transport.cc:1743] [MEGASCALE_TRANSPORT_INSTR] SendRpc: key=psum.7_0_sr_77_78|s100002->200002d|$c0$l706382325^i0 size=8388608 queue_latency_us=0 attempt=0
I0909 09:23:19.321255     809 grpc_transport.cc:1743] [MEGASCALE_TRANSPORT_INSTR] SendRpc: key=psum.7_0_sr_85_86|s100001->200001d|$c0$l706382325^i0 size=8388608 queue_latency_us=0 attempt=0
W0909 09:23:19.321831     805 grpc_transport.cc:1186] Too many pending sends: 128
I0909 09:23:19.323058     785 grpc_transport.cc:1743] [MEGASCALE_TRANSPORT_INSTR] SendRpc: key=psum.7_0_sr_90_91|s100004->200004d|$c0$l706382325^i0 size=8388608 queue_latency_us=0 attempt=0
I0909 09:23:19.323374     895 generic-stream-socket.h:1667] Cannot process timestamp for type=1 seq=8438563 time=2026-09-09T09:23:19.322152772+00:00
I0909 09:23:19.326217     785 grpc_transport.cc:1743] [MEGASCALE_TRANSPORT_INSTR] SendRpc: key=psum.7_0_sr_100_101|s100004->200004d|$c0$l706382325^i0 size=8388608 queue_latency_us=0 attempt=0
I0909 09:23:19.330193     785 grpc_transport.cc:1743] [MEGASCALE_TRANSPORT_INSTR] SendRpc: key=psum.7_0_sr_113_114|s100004->200004d|$c0$l706382325^i0 size=8388608 queue_latency_us=0 attempt=0
I0909 09:23:19.341139     801 grpc_transport.cc:1414] [MEGASCALE_TRANSPORT_INSTR] Recv: key=psum.7_0_sr_15_16|s200003->100003d|$c0$l706382325^i0 size=0 is_single_chunk=true is_aligned=true memcpy_needed=false
I0909 09:23:19.387351     784 grpc_transport.cc:1414] [MEGASCALE_TRANSPORT_INSTR] Recv: key=psum.7_0_sr_30_31|s200000->100000d|$c0$l706382325^i0 size=0 is_single_chunk=true is_aligned=true memcpy_needed=false
I0909 09:23:19.435040     802 grpc_transport.cc:1414] [MEGASCALE_TRANSPORT_INSTR] Recv: key=psum.7_0_sr_15_16|s200000->100000d|$c0$l706382325^i0 size=0 is_single_chunk=true is_aligned=true memcpy_needed=false
I0909 09:23:19.457613     784 grpc_transport.cc:1414] [MEGASCALE_TRANSPORT_INSTR] Recv: key=psum.7_0_sr_51_52|s200001->100001d|$c0$l706382325^i0 size=0 is_single_chunk=true is_aligned=true memcpy_needed=false
I0909 09:23:19.489884     784 grpc_transport.cc:1743] [MEGASCALE_TRANSPORT_INSTR] SendRpc: key=psum.7_0_1_ag_0_sr_9_10|s100000->200000d|$c0$l706382325^i0 size=8388608 queue_latency_us=0 attempt=0
I0909 09:23:19.495660     784 grpc_transport.cc:1414] [MEGASCALE_TRANSPORT_INSTR] Recv: key=psum.7_0_1_ag_0_sr_88_89|s200000->100000d|$c0$l706382325^i0 size=0 is_single_chunk=true is_aligned=true memcpy_needed=false
I0909 09:23:19.498111     784 grpc_transport.cc:1743] [MEGASCALE_TRANSPORT_INSTR] SendRpc: key=psum.7_0_1_ag_0_sr_62_63|s100000->200000d|$c0$l706382325^i0 size=8388608 queue_latency_us=0 attempt=0
I0909 09:23:19.513471     784 grpc_transport.cc:1743] [MEGASCALE_TRANSPORT_INSTR] SendRpc: key=psum.7_0_1_ag_0_sr_32_33|s100001->200001d|$c0$l706382325^i0 size=8388608 queue_latency_us=0 attempt=0
I0909 09:23:19.526366     784 grpc_transport.cc:1414] [MEGASCALE_TRANSPORT_INSTR] Recv: key=psum.7_0_1_ag_0_sr_98_99|s200000->100000d|$c0$l706382325^i0 size=0 is_single_chunk=true is_aligned=true memcpy_needed=false
I0909 09:23:19.547479     801 grpc_transport.cc:1414] [MEGASCALE_TRANSPORT_INSTR] Recv: key=psum.7_0_sr_57_58|s200002->100002d|$c0$l706382325^i0 size=0 is_single_chunk=true is_aligned=true memcpy_needed=false
W0909 09:23:19.547865     779 tpu_pjrt_client.cc:2333] PjRt execution dispatch was blocked for 220.237164ms because PjRt's max in-flight computation semaphore is full (limit: 32), which may negatively affect the performance
I0909 09:23:19.556871     801 grpc_transport.cc:1743] [MEGASCALE_TRANSPORT_INSTR] SendRpc: key=psum.7_0_1_ag_0_sr_53_54|s100007->200007d|$c0$l706382325^i0 size=8388608 queue_latency_us=0 attempt=0
I0909 09:23:19.570374     784 grpc_transport.cc:1414] [MEGASCALE_TRANSPORT_INSTR] Recv: key=psum.7_0_1_ag_0_sr_106_107|s200001->100001d|$c0$l706382325^i0 size=0 is_single_chunk=true is_aligned=true memcpy_needed=false
I0909 09:23:19.574744     802 grpc_transport.cc:1743] [MEGASCALE_TRANSPORT_INSTR] SendRpc: key=psum.7_0_1_ag_0_sr_3_4|s100006->200006d|$c0$l706382325^i0 size=8388608 queue_latency_us=0 attempt=0
I0909 09:23:19.585644     801 grpc_transport.cc:1743] [MEGASCALE_TRANSPORT_INSTR] SendRpc: key=psum.7_0_1_ag_0_sr_61_62|s100003->200003d|$c0$l706382325^i0 size=8388608 queue_latency_us=0 attempt=0
I0909 09:23:19.599182     802 grpc_transport.cc:1414] [MEGASCALE_TRANSPORT_INSTR] Recv: key=psum.7_0_1_ag_0_sr_123_124|s200007->100007d|$c0$l706382325^i0 size=0 is_single_chunk=true is_aligned=true memcpy_needed=false
I0909 09:23:19.647230     802 grpc_transport.cc:1414] [MEGASCALE_TRANSPORT_INSTR] Recv: key=psum.7_0_1_ag_0_sr_100_101|s200003->100003d|$c0$l706382325^i0 size=0 is_single_chunk=true is_aligned=true memcpy_needed=false
I0909 09:23:19.690542     802 grpc_transport.cc:1414] [MEGASCALE_TRANSPORT_INSTR] Recv: key=psum.7_0_1_ag_0_sr_124_125|s200006->100006d|$c0$l706382325^i0 size=0 is_single_chunk=true is_aligned=true memcpy_needed=false
I0909 09:23:19.703580     808 grpc_transport.cc:1743] [MEGASCALE_TRANSPORT_INSTR] SendRpc: key=psum.7_0_sr_65_66|s100007->200007d|$c0$l706382326^i0 size=8388608 queue_latency_us=0 attempt=0
I0909 09:23:19.708153     785 grpc_transport.cc:1743] [MEGASCALE_TRANSPORT_INSTR] SendRpc: key=psum.7_0_sr_90_91|s100005->200005d|$c0$l706382326^i0 size=8388608 queue_latency_us=0 attempt=0
I0909 09:23:19.711591     788 grpc_transport.cc:1743] [MEGASCALE_TRANSPORT_INSTR] SendRpc: key=psum.7_0_sr_100_101|s100005->200005d|$c0$l706382326^i0 size=8388608 queue_latency_us=0 attempt=0
I0909 09:23:19.713821     807 grpc_transport.cc:1743] [MEGASCALE_TRANSPORT_INSTR] SendRpc: key=psum.7_0_sr_118_119|s100006->200006d|$c0$l706382326^i0 size=8388608 queue_latency_us=0 attempt=0
I0909 09:23:19.720501     810 grpc_transport.cc:1743] [MEGASCALE_TRANSPORT_INSTR] SendRpc: key=psum.7_0_sr_115_116|s100000->200000d|$c0$l706382326^i0 size=8388608 queue_latency_us=0 attempt=0
I0909 09:23:19.822758    1377 grpc_transport.cc:1414] [MEGASCALE_TRANSPORT_INSTR] Recv: key=psum.7_0_sr_53_54|s200000->100000d|$c0$l706382326^i0 size=0 is_single_chunk=true is_aligned=true memcpy_needed=false
I0909 09:23:19.841625    1373 grpc_transport.cc:1414] [MEGASCALE_TRANSPORT_INSTR] Recv: key=psum.7_0_sr_22_23|s200003->100003d|$c0$l706382326^i0 size=0 is_single_chunk=true is_aligned=true memcpy_needed=false
I0909 09:23:19.874104    1377 grpc_transport.cc:1414] [MEGASCALE_TRANSPORT_INSTR] Recv: key=psum.7_0_1_ag_0_sr_94_95|s200001->100001d|$c0$l706382326^i0 size=0 is_single_chunk=true is_aligned=true memcpy_needed=false
I0909 09:23:19.892882    1375 grpc_transport.cc:1743] [MEGASCALE_TRANSPORT_INSTR] SendRpc: key=psum.7_0_1_ag_0_sr_23_24|s100000->200000d|$c0$l706382326^i0 size=8388608 queue_latency_us=1 attempt=0
I0909 09:23:19.899328    1379 grpc_transport.cc:1414] [MEGASCALE_TRANSPORT_INSTR] Recv: key=psum.7_0_1_ag_0_sr_118_119|s200001->100001d|$c0$l706382326^i0 size=0 is_single_chunk=true is_aligned=true memcpy_needed=false
I0909 09:23:19.914635    1375 grpc_transport.cc:1743] [MEGASCALE_TRANSPORT_INSTR] SendRpc: key=psum.7_0_1_ag_0_sr_59_60|s100005->200005d|$c0$l706382326^i0 size=8388608 queue_latency_us=0 attempt=0
I0909 09:23:19.922133    1381 grpc_transport.cc:1414] [MEGASCALE_TRANSPORT_INSTR] Recv: key=psum.7_0_1_ag_0_sr_72_73|s200005->100005d|$c0$l706382326^i0 size=0 is_single_chunk=true is_aligned=true memcpy_needed=false
I0909 09:23:19.941427    1377 grpc_transport.cc:1414] [MEGASCALE_TRANSPORT_INSTR] Recv: key=psum.7_0_1_ag_0_sr_124_125|s200005->100005d|$c0$l706382326^i0 size=0 is_single_chunk=true is_aligned=true memcpy_needed=false
I0909 09:23:19.971514    1373 grpc_transport.cc:1743] [MEGASCALE_TRANSPORT_INSTR] SendRpc: key=psum.7_0_1_ag_0_sr_3_4|s100002->200002d|$c0$l706382326^i0 size=8388608 queue_latency_us=0 attempt=0
I0909 09:23:19.977006    1377 grpc_transport.cc:1414] [MEGASCALE_TRANSPORT_INSTR] Recv: key=psum.7_0_1_ag_0_sr_81_82|s200000->100000d|$c0$l706382326^i0 size=0 is_single_chunk=true is_aligned=true memcpy_needed=false
I0909 09:23:19.985654    1382 grpc_transport.cc:1743] [MEGASCALE_TRANSPORT_INSTR] SendRpc: key=psum.7_0_1_ag_0_sr_5_6|s100001->200001d|$c0$l706382326^i0 size=8388608 queue_latency_us=1 attempt=0
I0909 09:23:19.993035    1377 grpc_transport.cc:1743] [MEGASCALE_TRANSPORT_INSTR] SendRpc: key=psum.7_0_1_ag_0_sr_55_56|s100001->200001d|$c0$l706382326^i0 size=8388608 queue_latency_us=0 attempt=0
I0909 09:23:20.001475    1374 grpc_transport.cc:1414] [MEGASCALE_TRANSPORT_INSTR] Recv: key=psum.7_0_1_ag_0_sr_105_106|s200002->100002d|$c0$l706382326^i0 size=0 is_single_chunk=true is_aligned=true memcpy_needed=false
I0909 09:23:20.050871    1372 grpc_transport.cc:1414] [MEGASCALE_TRANSPORT_INSTR] Recv: key=psum.7_0_1_ag_0_sr_68_69|s200006->100006d|$c0$l706382326^i0 size=0 is_single_chunk=true is_aligned=true memcpy_needed=false
I0909 09:23:20.089564    1377 grpc_transport.cc:1414] [MEGASCALE_TRANSPORT_INSTR] Recv: key=psum.7_0_sr_18_19|s200004->100004d|$c0$l706382327^i0 size=0 is_single_chunk=true is_aligned=true memcpy_needed=false
I0909 09:23:20.116923    1391 grpc_transport.cc:1414] [MEGASCALE_TRANSPORT_INSTR] Recv: key=psum.7_0_sr_22_23|s200005->100005d|$c0$l706382327^i0 size=0 is_single_chunk=true is_aligned=true memcpy_needed=false
I0909 09:23:20.118090    1385 grpc_transport.cc:1743] [MEGASCALE_TRANSPORT_INSTR] SendRpc: key=psum.7_0_sr_65_66|s100003->200003d|$c0$l706382327^i0 size=8388608 queue_latency_us=0 attempt=0
I0909 09:23:20.121598    1403 grpc_transport.cc:1743] [MEGASCALE_TRANSPORT_INSTR] SendRpc: key=psum.7_0_sr_88_89|s100003->200003d|$c0$l706382327^i0 size=8388608 queue_latency_us=0 attempt=0
I0909 09:23:20.124633    1602 grpc_transport.cc:1743] [MEGASCALE_TRANSPORT_INSTR] SendRpc: key=psum.7_0_sr_103_104|s100001->200001d|$c0$l706382327^i0 size=8388608 queue_latency_us=0 attempt=0
I0909 09:23:20.128058    1470 grpc_transport.cc:1743] [MEGASCALE_TRANSPORT_INSTR] SendRpc: key=psum.7_0_sr_125_126|s100002->200002d|$c0$l706382327^i0 size=8388608 queue_latency_us=0 attempt=0
I0909 09:23:20.134284    1425 grpc_transport.cc:1743] [MEGASCALE_TRANSPORT_INSTR] SendRpc: key=psum.7_0_sr_99_100|s100000->200000d|$c0$l706382327^i0 size=8388608 queue_latency_us=0 attempt=0
I0909 09:23:20.143097    1379 grpc_transport.cc:1414] [MEGASCALE_TRANSPORT_INSTR] Recv: key=psum.7_0_sr_53_54|s200001->100001d|$c0$l706382327^i0 size=0 is_single_chunk=true is_aligned=true memcpy_needed=false
I0909 09:23:20.163490     785 grpc_transport.cc:1414] [MEGASCALE_TRANSPORT_INSTR] Recv: key=psum.7_0_sr_44_45|s200005->100005d|$c0$l706382327^i0 size=0 is_single_chunk=true is_aligned=true memcpy_needed=false
I0909 09:23:20.184629    1384 grpc_transport.cc:1414] [MEGASCALE_TRANSPORT_INSTR] Recv: key=psum.7_0_1_ag_0_sr_91_92|s200004->100004d|$c0$l706382327^i0 size=0 is_single_chunk=true is_aligned=true memcpy_needed=false
I0909 09:23:20.193911    1372 grpc_transport.cc:1743] [MEGASCALE_TRANSPORT_INSTR] SendRpc: key=psum.7_0_1_ag_0_sr_5_6|s100000->200000d|$c0$l706382327^i0 size=8388608 queue_latency_us=0 attempt=0
I0909 09:23:20.225974     784 grpc_transport.cc:1743] [MEGASCALE_TRANSPORT_INSTR] SendRpc: key=psum.7_0_1_ag_0_sr_36_37|s100005->200005d|$c0$l706382327^i0 size=8388608 queue_latency_us=0 attempt=0
I0909 09:23:20.227897     801 grpc_transport.cc:1414] [MEGASCALE_TRANSPORT_INSTR] Recv: key=psum.7_0_sr_34_35|s200006->100006d|$c0$l706382327^i0 size=0 is_single_chunk=true is_aligned=true memcpy_needed=false
I0909 09:23:20.251713    1372 grpc_transport.cc:1743] [MEGASCALE_TRANSPORT_INSTR] SendRpc: key=psum.7_0_1_ag_0_sr_3_4|s100003->200003d|$c0$l706382327^i0 size=8388608 queue_latency_us=1 attempt=0
I0909 09:23:20.266910    1372 grpc_transport.cc:1743] [MEGASCALE_TRANSPORT_INSTR] SendRpc: key=psum.7_0_1_ag_0_sr_44_45|s100007->200007d|$c0$l706382327^i0 size=8388608 queue_latency_us=0 attempt=0
I0909 09:23:20.269786    1372 grpc_transport.cc:1414] [MEGASCALE_TRANSPORT_INSTR] Recv: key=psum.7_0_sr_59_60|s200002->100002d|$c0$l706382327^i0 size=0 is_single_chunk=true is_aligned=true memcpy_needed=false
I0909 09:23:20.279565    1374 grpc_transport.cc:1743] [MEGASCALE_TRANSPORT_INSTR] SendRpc: key=psum.7_0_1_ag_0_sr_42_43|s100002->200002d|$c0$l706382327^i0 size=8388608 queue_latency_us=0 attempt=0
I0909 09:23:20.311842     784 grpc_transport.cc:1414] [MEGASCALE_TRANSPORT_INSTR] Recv: key=psum.7_0_1_ag_0_sr_111_112|s200001->100001d|$c0$l706382327^i0 size=0 is_single_chunk=true is_aligned=true memcpy_needed=false
I0909 09:23:20.340495     785 grpc_transport.cc:1414] [MEGASCALE_TRANSPORT_INSTR] Recv: key=psum.7_0_1_ag_0_sr_73_74|s200000->100000d|$c0$l706382327^i0 size=0 is_single_chunk=true is_aligned=true memcpy_needed=false
I0909 09:23:20.359570    1372 grpc_transport.cc:1414] [MEGASCALE_TRANSPORT_INSTR] Recv: key=psum.7_0_1_ag_0_sr_85_86|s200005->100005d|$c0$l706382327^i0 size=0 is_single_chunk=true is_aligned=true memcpy_needed=false
I0909 09:23:20.395346    1374 grpc_transport.cc:1414] [MEGASCALE_TRANSPORT_INSTR] Recv: key=psum.7_0_1_ag_0_sr_86_87|s200003->100003d|$c0$l706382327^i0 size=0 is_single_chunk=true is_aligned=true memcpy_needed=false
I0909 09:23:20.421569    1448 grpc_transport.cc:1743] [MEGASCALE_TRANSPORT_INSTR] SendRpc: key=psum.7_0_sr_70_71|s100005->200005d|$c0$l706382328^i0 size=8388608 queue_latency_us=0 attempt=0
I0909 09:23:20.424064    1394 grpc_transport.cc:1743] [MEGASCALE_TRANSPORT_INSTR] SendRpc: key=psum.7_0_sr_90_91|s100005->200005d|$c0$l706382328^i0 size=8388608 queue_latency_us=0 attempt=0
I0909 09:23:20.427330    1381 grpc_transport.cc:1743] [MEGASCALE_TRANSPORT_INSTR] SendRpc: key=psum.7_0_sr_109_110|s100005->200005d|$c0$l706382328^i0 size=8388608 queue_latency_us=0 attempt=0
I0909 09:23:20.430593    1375 grpc_transport.cc:1743] [MEGASCALE_TRANSPORT_INSTR] SendRpc: key=psum.7_0_sr_109_110|s100004->200004d|$c0$l706382328^i0 size=8388608 queue_latency_us=0 attempt=0
I0909 09:23:20.434411    1386 grpc_transport.cc:1743] [MEGASCALE_TRANSPORT_INSTR] SendRpc: key=psum.7_0_sr_123_124|s100000->200000d|$c0$l706382328^i0 size=8388608 queue_latency_us=0 attempt=0
I0909 09:23:20.472030    1381 grpc_transport.cc:1414] [MEGASCALE_TRANSPORT_INSTR] Recv: key=psum.7_0_sr_29_30|s200001->100001d|$c0$l706382328^i0 size=0 is_single_chunk=true is_aligned=true memcpy_needed=false
I0909 09:23:20.497723     801 grpc_transport.cc:1414] [MEGASCALE_TRANSPORT_INSTR] Recv: key=psum.7_0_sr_20_21|s200007->100007d|$c0$l706382328^i0 size=0 is_single_chunk=true is_aligned=true memcpy_needed=false
I0909 09:23:20.525083    1375 grpc_transport.cc:1414] [MEGASCALE_TRANSPORT_INSTR] Recv: key=psum.7_0_sr_57_58|s200000->100000d|$c0$l706382328^i0 size=0 is_single_chunk=true is_aligned=true memcpy_needed=false
I0909 09:23:20.534925    1379 grpc_transport.cc:1743] [MEGASCALE_TRANSPORT_INSTR] SendRpc: key=psum.7_0_1_ag_0_sr_40_41|s100004->200004d|$c0$l706382328^i0 size=8388608 queue_latency_us=0 attempt=0
I0909 09:23:20.545608     801 grpc_transport.cc:1414] [MEGASCALE_TRANSPORT_INSTR] Recv: key=psum.7_0_sr_11_12|s200007->100007d|$c0$l706382328^i0 size=0 is_single_chunk=true is_aligned=true memcpy_needed=false
I0909 09:23:20.563383    1379 grpc_transport.cc:1743] [MEGASCALE_TRANSPORT_INSTR] SendRpc: key=psum.7_0_1_ag_0_sr_38_39|s100001->200001d|$c0$l706382328^i0 size=8388608 queue_latency_us=0 attempt=0
I0909 09:23:20.567629    1376 grpc_transport.cc:1414] [MEGASCALE_TRANSPORT_INSTR] Recv: key=psum.7_0_sr_44_45|s200006->100006d|$c0$l706382328^i0 size=0 is_single_chunk=true is_aligned=true memcpy_needed=false
I0909 09:23:20.584241     784 grpc_transport.cc:1743] [MEGASCALE_TRANSPORT_INSTR] SendRpc: key=psum.7_0_1_ag_0_sr_48_49|s100000->200000d|$c0$l706382328^i0 size=8388608 queue_latency_us=0 attempt=0
I0909 09:23:20.584892    1380 grpc_transport.cc:1414] [MEGASCALE_TRANSPORT_INSTR] Recv: key=psum.7_0_sr_54_55|s200003->100003d|$c0$l706382328^i0 size=0 is_single_chunk=true is_aligned=true memcpy_needed=false
I0909 09:23:20.604324    1383 grpc_transport.cc:1414] [MEGASCALE_TRANSPORT_INSTR] Recv: key=psum.7_0_1_ag_0_sr_127_128|s200005->100005d|$c0$l706382328^i0 size=0 is_single_chunk=true is_aligned=true memcpy_needed=false
I0909 09:23:20.610483    1378 grpc_transport.cc:1743] [MEGASCALE_TRANSPORT_INSTR] SendRpc: key=psum.7_0_1_ag_0_sr_23_24|s100006->200006d|$c0$l706382328^i0 size=8388608 queue_latency_us=0 attempt=0
I0909 09:23:20.622367    1382 grpc_transport.cc:1743] [MEGASCALE_TRANSPORT_INSTR] SendRpc: key=psum.7_0_1_ag_0_sr_55_56|s100007->200007d|$c0$l706382328^i0 size=8388608 queue_latency_us=0 attempt=0
I0909 09:23:20.623016     801 grpc_transport.cc:1414] [MEGASCALE_TRANSPORT_INSTR] Recv: key=psum.7_0_1_ag_0_sr_70_71|s200002->100002d|$c0$l706382328^i0 size=0 is_single_chunk=true is_aligned=true memcpy_needed=false
I0909 09:23:20.667547    1376 grpc_transport.cc:1414] [MEGASCALE_TRANSPORT_INSTR] Recv: key=psum.7_0_1_ag_0_sr_64_65|s200006->100006d|$c0$l706382328^i0 size=0 is_single_chunk=true is_aligned=true memcpy_needed=false
I0909 09:23:20.722488    1373 grpc_transport.cc:1414] [MEGASCALE_TRANSPORT_INSTR] Recv: key=psum.7_0_1_ag_0_sr_105_106|s200007->100007d|$c0$l706382328^i0 size=0 is_single_chunk=true is_aligned=true memcpy_needed=false
I0909 09:23:20.757716    1399 grpc_transport.cc:1743] [MEGASCALE_TRANSPORT_INSTR] SendRpc: key=psum.7_0_sr_90_91|s100002->200002d|$c0$l706382329^i0 size=8388608 queue_latency_us=0 attempt=0
I0909 09:23:20.761878    1414 grpc_transport.cc:1743] [MEGASCALE_TRANSPORT_INSTR] SendRpc: key=psum.7_0_sr_87_88|s100007->200007d|$c0$l706382329^i0 size=8388608 queue_latency_us=0 attempt=0
I0909 09:23:20.765423    1390 grpc_transport.cc:1743] [MEGASCALE_TRANSPORT_INSTR] SendRpc: key=psum.7_0_sr_113_114|s100001->200001d|$c0$l706382329^i0 size=8388608 queue_latency_us=0 attempt=0
I0909 09:23:20.767831    1399 grpc_transport.cc:1414] [MEGASCALE_TRANSPORT_INSTR] Recv: key=psum.7_0_sr_3_4|s200003->100003d|$c0$l706382329^i0 size=0 is_single_chunk=true is_aligned=true memcpy_needed=false
I0909 09:23:20.769812    1417 grpc_transport.cc:1743] [MEGASCALE_TRANSPORT_INSTR] SendRpc: key=psum.7_0_sr_92_93|s100000->200000d|$c0$l706382329^i0 size=8388608 queue_latency_us=0 attempt=0
I0909 09:23:20.775449     804 grpc_transport.cc:1743] [MEGASCALE_TRANSPORT_INSTR] SendRpc: key=psum.7_0_sr_111_112|s100003->200003d|$c0$l706382329^i0 size=8388608 queue_latency_us=0 attempt=0
I0909 09:23:20.794194    1373 grpc_transport.cc:1414] [MEGASCALE_TRANSPORT_INSTR] Recv: key=psum.7_0_sr_12_13|s200006->100006d|$c0$l706382329^i0 size=0 is_single_chunk=true is_aligned=true memcpy_needed=false
I0909 09:23:20.812317    1373 grpc_transport.cc:1414] [MEGASCALE_TRANSPORT_INSTR] Recv: key=psum.7_0_sr_20_21|s200005->100005d|$c0$l706382329^i0 size=0 is_single_chunk=true is_aligned=true memcpy_needed=false
I0909 09:23:20.829512    1379 grpc_transport.cc:1414] [MEGASCALE_TRANSPORT_INSTR] Recv: key=psum.7_0_sr_52_53|s200001->100001d|$c0$l706382329^i0 size=0 is_single_chunk=true is_aligned=true memcpy_needed=false
I0909 09:23:20.838016     784 grpc_transport.cc:1743] [MEGASCALE_TRANSPORT_INSTR] SendRpc: key=psum.7_0_1_ag_0_sr_8_9|s100000->200000d|$c0$l706382329^i0 size=8388608 queue_latency_us=0 attempt=0
I0909 09:23:20.845625    1375 grpc_transport.cc:1743] [MEGASCALE_TRANSPORT_INSTR] SendRpc: key=psum.7_0_1_ag_0_sr_55_56|s100000->200000d|$c0$l706382329^i0 size=8388608 queue_latency_us=0 attempt=0
I0909 09:23:20.850815    1386 grpc_transport.cc:1414] [MEGASCALE_TRANSPORT_INSTR] Recv: key=psum.7_0_1_ag_0_sr_72_73|s200004->100004d|$c0$l706382329^i0 size=0 is_single_chunk=true is_aligned=true memcpy_needed=false
I0909 09:23:20.866726    1750 grpc_transport.cc:1743] [MEGASCALE_TRANSPORT_INSTR] SendRpc: key=psum.7_0_1_ag_0_sr_31_32|s100005->200005d|$c0$l706382329^i0 size=8388608 queue_latency_us=0 attempt=0
I0909 09:23:20.872331    1726 grpc_transport.cc:1414] [MEGASCALE_TRANSPORT_INSTR] Recv: key=psum.7_0_sr_54_55|s200003->100003d|$c0$l706382329^i0 size=0 is_single_chunk=true is_aligned=true memcpy_needed=false
I0909 09:23:20.878431    1728 grpc_transport.cc:1743] [MEGASCALE_TRANSPORT_INSTR] SendRpc: key=psum.7_0_1_ag_0_sr_60_61|s100006->200006d|$c0$l706382329^i0 size=8388608 queue_latency_us=0 attempt=0
I0909 09:23:20.899231    1726 grpc_transport.cc:1743] [MEGASCALE_TRANSPORT_INSTR] SendRpc: key=psum.7_0_1_ag_0_sr_20_21|s100007->200007d|$c0$l706382329^i0 size=8388608 queue_latency_us=0 attempt=0
I0909 09:23:20.900537    1381 grpc_transport.cc:1414] [MEGASCALE_TRANSPORT_INSTR] Recv: key=psum.7_0_1_ag_0_sr_95_96|s200001->100001d|$c0$l706382329^i0 size=0 is_single_chunk=true is_aligned=true memcpy_needed=false
I0909 09:23:20.934384    1374 grpc_transport.cc:1414] [MEGASCALE_TRANSPORT_INSTR] Recv: key=psum.7_0_1_ag_0_sr_90_91|s200007->100007d|$c0$l706382329^i0 size=0 is_single_chunk=true is_aligned=true memcpy_needed=false
I0909 09:23:20.952730    1381 grpc_transport.cc:1414] [MEGASCALE_TRANSPORT_INSTR] Recv: key=psum.7_0_1_ag_0_sr_127_128|s200000->100000d|$c0$l706382329^i0 size=0 is_single_chunk=true is_aligned=true memcpy_needed=false
I0909 09:23:20.988499    1375 grpc_transport.cc:1414] [MEGASCALE_TRANSPORT_INSTR] Recv: key=psum.7_0_1_ag_0_sr_126_127|s200005->100005d|$c0$l706382329^i0 size=0 is_single_chunk=true is_aligned=true memcpy_needed=false
I0909 09:23:21.031986    1386 grpc_transport.cc:1743] [MEGASCALE_TRANSPORT_INSTR] SendRpc: key=psum.7_0_sr_86_87|s100004->200004d|$c0$l706382330^i0 size=8388608 queue_latency_us=0 attempt=0
I0909 09:23:21.036891    1422 grpc_transport.cc:1743] [MEGASCALE_TRANSPORT_INSTR] SendRpc: key=psum.7_0_sr_74_75|s100001->200001d|$c0$l706382330^i0 size=8388608 queue_latency_us=0 attempt=0
I0909 09:23:21.039266    1756 grpc_transport.cc:1743] [MEGASCALE_TRANSPORT_INSTR] SendRpc: key=psum.7_0_sr_100_101|s100003->200003d|$c0$l706382330^i0 size=8388608 queue_latency_us=0 attempt=0
I0909 09:23:21.041646    1747 grpc_transport.cc:1743] [MEGASCALE_TRANSPORT_INSTR] SendRpc: key=psum.7_0_sr_100_101|s100001->200001d|$c0$l706382330^i0 size=8388608 queue_latency_us=0 attempt=0
I0909 09:23:21.044363    1399 grpc_transport.cc:1743] [MEGASCALE_TRANSPORT_INSTR] SendRpc: key=psum.7_0_sr_113_114|s100007->200007d|$c0$l706382330^i0 size=8388608 queue_latency_us=0 attempt=0
I0909 09:23:21.049426    1724 grpc_transport.cc:1743] [MEGASCALE_TRANSPORT_INSTR] SendRpc: key=psum.7_0_sr_121_122|s100005->200005d|$c0$l706382330^i0 size=8388608 queue_latency_us=0 attempt=0
I0909 09:23:21.121065    1381 grpc_transport.cc:1414] [MEGASCALE_TRANSPORT_INSTR] Recv: key=psum.7_0_sr_15_16|s200004->100004d|$c0$l706382330^i0 size=0 is_single_chunk=true is_aligned=true memcpy_needed=false
I0909 09:23:21.149857    1379 grpc_transport.cc:1414] [MEGASCALE_TRANSPORT_INSTR] Recv: key=psum.7_0_sr_35_36|s200004->100004d|$c0$l706382330^i0 size=0 is_single_chunk=true is_aligned=true memcpy_needed=false
I0909 09:23:21.168275     784 grpc_transport.cc:1414] [MEGASCALE_TRANSPORT_INSTR] Recv: key=psum.7_0_sr_42_43|s200004->100004d|$c0$l706382330^i0 size=0 is_single_chunk=true is_aligned=true memcpy_needed=false
I0909 09:23:21.188710    1379 grpc_transport.cc:1414] [MEGASCALE_TRANSPORT_INSTR] Recv: key=psum.7_0_sr_48_49|s200005->100005d|$c0$l706382330^i0 size=0 is_single_chunk=true is_aligned=true memcpy_needed=false
I0909 09:23:21.209219    1388 grpc_transport.cc:1414] [MEGASCALE_TRANSPORT_INSTR] Recv: key=psum.7_0_1_ag_0_sr_65_66|s200004->100004d|$c0$l706382330^i0 size=0 is_single_chunk=true is_aligned=true memcpy_needed=false
I0909 09:23:21.214147    1382 grpc_transport.cc:1743] [MEGASCALE_TRANSPORT_INSTR] SendRpc: key=psum.7_0_1_ag_0_sr_29_30|s100000->200000d|$c0$l706382330^i0 size=8388608 queue_latency_us=0 attempt=0
I0909 09:23:21.225958    1726 grpc_transport.cc:1743] [MEGASCALE_TRANSPORT_INSTR] SendRpc: key=psum.7_0_1_ag_0_sr_0_1|s100005->200005d|$c0$l706382330^i0 size=8388608 queue_latency_us=0 attempt=0
I0909 09:23:21.227172    1722 grpc_transport.cc:1414] [MEGASCALE_TRANSPORT_INSTR] Recv: key=psum.7_0_sr_23_24|s200002->100002d|$c0$l706382330^i0 size=0 is_single_chunk=true is_aligned=true memcpy_needed=false
I0909 09:23:21.230797     802 grpc_transport.cc:1743] [MEGASCALE_TRANSPORT_INSTR] SendRpc: key=psum.7_0_1_ag_0_sr_37_38|s100006->200006d|$c0$l706382330^i0 size=8388608 queue_latency_us=0 attempt=0
I0909 09:23:21.257031    1374 grpc_transport.cc:1743] [MEGASCALE_TRANSPORT_INSTR] SendRpc: key=psum.7_0_1_ag_0_sr_45_46|s100007->200007d|$c0$l706382330^i0 size=8388608 queue_latency_us=0 attempt=0
I0909 09:23:21.266796    1379 grpc_transport.cc:1414] [MEGASCALE_TRANSPORT_INSTR] Recv: key=psum.7_0_1_ag_0_sr_83_84|s200001->100001d|$c0$l706382330^i0 size=0 is_single_chunk=true is_aligned=true memcpy_needed=false
I0909 09:23:21.269278    1372 grpc_transport.cc:1743] [MEGASCALE_TRANSPORT_INSTR] SendRpc: key=psum.7_0_1_ag_0_sr_45_46|s100003->200003d|$c0$l706382330^i0 size=8388608 queue_latency_us=0 attempt=0
I0909 09:23:21.287589    1372 grpc_transport.cc:1414] [MEGASCALE_TRANSPORT_INSTR] Recv: key=psum.7_0_1_ag_0_sr_125_126|s200003->100003d|$c0$l706382330^i0 size=0 is_single_chunk=true is_aligned=true memcpy_needed=false
I0909 09:23:21.305349    1380 grpc_transport.cc:1414] [MEGASCALE_TRANSPORT_INSTR] Recv: key=psum.7_0_1_ag_0_sr_102_103|s200007->100007d|$c0$l706382330^i0 size=0 is_single_chunk=true is_aligned=true memcpy_needed=false
I0909 09:23:21.333755    1381 grpc_transport.cc:1414] [MEGASCALE_TRANSPORT_INSTR] Recv: key=psum.7_0_1_ag_0_sr_103_104|s200005->100005d|$c0$l706382330^i0 size=0 is_single_chunk=true is_aligned=true memcpy_needed=false
I0909 09:23:21.359055    1720 grpc_transport.cc:1414] [MEGASCALE_TRANSPORT_INSTR] Recv: key=psum.7_0_1_ag_0_sr_127_128|s200006->100006d|$c0$l706382330^i0 size=0 is_single_chunk=true is_aligned=true memcpy_needed=false
I0909 09:23:21.377410    1733 grpc_transport.cc:1743] [MEGASCALE_TRANSPORT_INSTR] SendRpc: key=psum.7_0_sr_72_73|s100003->200003d|$c0$l706382331^i0 size=8388608 queue_latency_us=0 attempt=0
I0909 09:23:21.381003    1405 grpc_transport.cc:1743] [MEGASCALE_TRANSPORT_INSTR] SendRpc: key=psum.7_0_sr_91_92|s100002->200002d|$c0$l706382331^i0 size=8388608 queue_latency_us=0 attempt=0
I0909 09:23:21.383186    1758 grpc_transport.cc:1743] [MEGASCALE_TRANSPORT_INSTR] SendRpc: key=psum.7_0_sr_92_93|s100000->200000d|$c0$l706382331^i0 size=8388608 queue_latency_us=0 attempt=0
I0909 09:23:21.386744     803 grpc_transport.cc:1743] [MEGASCALE_TRANSPORT_INSTR] SendRpc: key=psum.7_0_sr_89_90|s100005->200005d|$c0$l706382331^i0 size=8388608 queue_latency_us=0 attempt=0
I0909 09:23:21.390476    1733 grpc_transport.cc:1743] [MEGASCALE_TRANSPORT_INSTR] SendRpc: key=psum.7_0_sr_127_128|s100000->200000d|$c0$l706382331^i0 size=8388608 queue_latency_us=0 attempt=0
I0909 09:23:21.495421    1379 grpc_transport.cc:1414] [MEGASCALE_TRANSPORT_INSTR] Recv: key=psum.7_0_sr_24_25|s200004->100004d|$c0$l706382331^i0 size=0 is_single_chunk=true is_aligned=true memcpy_needed=false
I0909 09:23:21.517268    1720 grpc_transport.cc:1414] [MEGASCALE_TRANSPORT_INSTR] Recv: key=psum.7_0_sr_2_3|s200006->100006d|$c0$l706382331^i0 size=0 is_single_chunk=true is_aligned=true memcpy_needed=false
I0909 09:23:21.535238     784 grpc_transport.cc:1414] [MEGASCALE_TRANSPORT_INSTR] Recv: key=psum.7_0_sr_58_59|s200001->100001d|$c0$l706382331^i0 size=0 is_single_chunk=true is_aligned=true memcpy_needed=false
I0909 09:23:21.552873    1722 grpc_transport.cc:1414] [MEGASCALE_TRANSPORT_INSTR] Recv: key=psum.7_0_sr_22_23|s200005->100005d|$c0$l706382331^i0 size=0 is_single_chunk=true is_aligned=true memcpy_needed=false
I0909 09:23:21.559423    1381 grpc_transport.cc:1743] [MEGASCALE_TRANSPORT_INSTR] SendRpc: key=psum.7_0_1_ag_0_sr_47_48|s100001->200001d|$c0$l706382331^i0 size=8388608 queue_latency_us=0 attempt=0
I0909 09:23:21.574397    1376 grpc_transport.cc:1414] [MEGASCALE_TRANSPORT_INSTR] Recv: key=psum.7_0_sr_47_48|s200003->100003d|$c0$l706382331^i0 size=0 is_single_chunk=true is_aligned=true memcpy_needed=false
I0909 09:23:21.577874     784 grpc_transport.cc:1743] [MEGASCALE_TRANSPORT_INSTR] SendRpc: key=psum.7_0_1_ag_0_sr_42_43|s100000->200000d|$c0$l706382331^i0 size=8388608 queue_latency_us=0 attempt=0
I0909 09:23:21.589805    1372 grpc_transport.cc:1743] [MEGASCALE_TRANSPORT_INSTR] SendRpc: key=psum.7_0_1_ag_0_sr_62_63|s100005->200005d|$c0$l706382331^i0 size=8388608 queue_latency_us=0 attempt=0
I0909 09:23:21.609909    1374 grpc_transport.cc:1743] [MEGASCALE_TRANSPORT_INSTR] SendRpc: key=psum.7_0_1_ag_0_sr_50_51|s100002->200002d|$c0$l706382331^i0 size=8388608 queue_latency_us=0 attempt=0
I0909 09:23:21.616610     801 grpc_transport.cc:1414] [MEGASCALE_TRANSPORT_INSTR] Recv: key=psum.7_0_1_ag_0_sr_69_70|s200006->100006d|$c0$l706382331^i0 size=0 is_single_chunk=true is_aligned=true memcpy_needed=false
I0909 09:23:21.623121    1376 grpc_transport.cc:1743] [MEGASCALE_TRANSPORT_INSTR] SendRpc: key=psum.7_0_1_ag_0_sr_45_46|s100007->200007d|$c0$l706382331^i0 size=8388608 queue_latency_us=0 attempt=0
I0909 09:23:21.637726    1376 grpc_transport.cc:1414] [MEGASCALE_TRANSPORT_INSTR] Recv: key=psum.7_0_1_ag_0_sr_106_107|s200006->100006d|$c0$l706382331^i0 size=0 is_single_chunk=true is_aligned=true memcpy_needed=false
I0909 09:23:21.660571    1722 grpc_transport.cc:1414] [MEGASCALE_TRANSPORT_INSTR] Recv: key=psum.7_0_1_ag_0_sr_86_87|s200002->100002d|$c0$l706382331^i0 size=0 is_single_chunk=true is_aligned=true memcpy_needed=false
I0909 09:23:21.677979    1376 grpc_transport.cc:1414] [MEGASCALE_TRANSPORT_INSTR] Recv: key=psum.7_0_1_ag_0_sr_124_125|s200002->100002d|$c0$l706382331^i0 size=0 is_single_chunk=true is_aligned=true memcpy_needed=false
I0909 09:23:21.705490    1376 grpc_transport.cc:1414] [MEGASCALE_TRANSPORT_INSTR] Recv: key=psum.7_0_1_ag_0_sr_89_90|s200003->100003d|$c0$l706382331^i0 size=0 is_single_chunk=true is_aligned=true memcpy_needed=false
I0909 09:23:21.730352    1401 grpc_transport.cc:1743] [MEGASCALE_TRANSPORT_INSTR] SendRpc: key=psum.7_0_sr_66_67|s100004->200004d|$c0$l706382332^i0 size=8388608 queue_latency_us=0 attempt=0
I0909 09:23:21.732752    1374 grpc_transport.cc:1743] [MEGASCALE_TRANSPORT_INSTR] SendRpc: key=psum.7_0_sr_64_65|s100007->200007d|$c0$l706382332^i0 size=8388608 queue_latency_us=0 attempt=0
I0909 09:23:21.735119    1376 grpc_transport.cc:1743] [MEGASCALE_TRANSPORT_INSTR] SendRpc: key=psum.7_0_sr_103_104|s100006->200006d|$c0$l706382332^i0 size=8388608 queue_latency_us=0 attempt=0
I0909 09:23:21.738387    1730 grpc_transport.cc:1743] [MEGASCALE_TRANSPORT_INSTR] SendRpc: key=psum.7_0_sr_108_109|s100001->200001d|$c0$l706382332^i0 size=8388608 queue_latency_us=0 attempt=0
I0909 09:23:21.741514     801 grpc_transport.cc:1743] [MEGASCALE_TRANSPORT_INSTR] SendRpc: key=psum.7_0_sr_122_123|s100001->200001d|$c0$l706382332^i0 size=8388608 queue_latency_us=0 attempt=0
I0909 09:23:21.815195    1375 grpc_transport.cc:1414] [MEGASCALE_TRANSPORT_INSTR] Recv: key=psum.7_0_sr_1_2|s200007->100007d|$c0$l706382332^i0 size=0 is_single_chunk=true is_aligned=true memcpy_needed=false
I0909 09:23:21.838306    1726 grpc_transport.cc:1414] [MEGASCALE_TRANSPORT_INSTR] Recv: key=psum.7_0_sr_2_3|s200000->100000d|$c0$l706382332^i0 size=0 is_single_chunk=true is_aligned=true memcpy_needed=false
I0909 09:23:21.857035    1726 grpc_transport.cc:1414] [MEGASCALE_TRANSPORT_INSTR] Recv: key=psum.7_0_sr_25_26|s200002->100002d|$c0$l706382332^i0 size=0 is_single_chunk=true is_aligned=true memcpy_needed=false
I0909 09:23:21.876665    1383 grpc_transport.cc:1743] [MEGASCALE_TRANSPORT_INSTR] SendRpc: key=psum.7_0_1_ag_0_sr_49_50|s100005->200005d|$c0$l706382332^i0 size=8388608 queue_latency_us=0 attempt=0
I0909 09:23:21.877780     802 grpc_transport.cc:1414] [MEGASCALE_TRANSPORT_INSTR] Recv: key=psum.7_0_sr_32_33|s200001->100001d|$c0$l706382332^i0 size=0 is_single_chunk=true is_aligned=true memcpy_needed=false
I0909 09:23:21.896282    1393 grpc_transport.cc:1414] [MEGASCALE_TRANSPORT_INSTR] Recv: key=psum.7_0_1_ag_0_sr_109_110|s200000->100000d|$c0$l706382332^i0 size=0 is_single_chunk=true is_aligned=true memcpy_needed=false
I0909 09:23:21.902831    1401 grpc_transport.cc:1743] [MEGASCALE_TRANSPORT_INSTR] SendRpc: key=psum.7_0_1_ag_0_sr_42_43|s100004->200004d|$c0$l706382332^i0 size=8388608 queue_latency_us=0 attempt=0
I0909 09:23:21.916962    1384 grpc_transport.cc:1414] [MEGASCALE_TRANSPORT_INSTR] Recv: key=psum.7_0_1_ag_0_sr_88_89|s200004->100004d|$c0$l706382332^i0 size=0 is_single_chunk=true is_aligned=true memcpy_needed=false
I0909 09:23:21.919957     801 grpc_transport.cc:1743] [MEGASCALE_TRANSPORT_INSTR] SendRpc: key=psum.7_0_1_ag_0_sr_1_2|s100000->200000d|$c0$l706382332^i0 size=8388608 queue_latency_us=0 attempt=0
I0909 09:23:21.927723    1394 grpc_transport.cc:1743] [MEGASCALE_TRANSPORT_INSTR] SendRpc: key=psum.7_0_1_ag_0_sr_43_44|s100000->200000d|$c0$l706382332^i0 size=8388608 queue_latency_us=0 attempt=0
I0909 09:23:21.936866    1720 grpc_transport.cc:1414] [MEGASCALE_TRANSPORT_INSTR] Recv: key=psum.7_0_1_ag_0_sr_82_83|s200000->100000d|$c0$l706382332^i0 size=0 is_single_chunk=true is_aligned=true memcpy_needed=false
I0909 09:23:21.945382     803 grpc_transport.cc:1743] [MEGASCALE_TRANSPORT_INSTR] SendRpc: key=psum.7_0_1_ag_0_sr_10_11|s100006->200006d|$c0$l706382332^i0 size=8388608 queue_latency_us=0 attempt=0
I0909 09:23:21.955376    1374 grpc_transport.cc:1414] [MEGASCALE_TRANSPORT_INSTR] Recv: key=psum.7_0_1_ag_0_sr_65_66|s200006->100006d|$c0$l706382332^i0 size=0 is_single_chunk=true is_aligned=true memcpy_needed=false
I0909 09:23:21.971941    1376 grpc_transport.cc:1414] [MEGASCALE_TRANSPORT_INSTR] Recv: key=psum.7_0_1_ag_0_sr_118_119|s200006->100006d|$c0$l706382332^i0 size=0 is_single_chunk=true is_aligned=true memcpy_needed=false
I0909 09:23:21.989181    1375 grpc_transport.cc:1414] [MEGASCALE_TRANSPORT_INSTR] Recv: key=psum.7_0_1_ag_0_sr_72_73|s200003->100003d|$c0$l706382332^i0 size=0 is_single_chunk=true is_aligned=true memcpy_needed=false
I0909 09:23:22.013164    1724 grpc_transport.cc:1743] [MEGASCALE_TRANSPORT_INSTR] SendRpc: key=psum.7_0_sr_65_66|s100002->200002d|$c0$l706382333^i0 size=8388608 queue_latency_us=0 attempt=0
I0909 09:23:22.016726    1401 grpc_transport.cc:1743] [MEGASCALE_TRANSPORT_INSTR] SendRpc: key=psum.7_0_sr_93_94|s100004->200004d|$c0$l706382333^i0 size=8388608 queue_latency_us=0 attempt=0
I0909 09:23:22.019789    1762 grpc_transport.cc:1743] [MEGASCALE_TRANSPORT_INSTR] SendRpc: key=psum.7_0_sr_121_122|s100006->200006d|$c0$l706382333^i0 size=8388608 queue_latency_us=0 attempt=0
I0909 09:23:22.023165    1740 grpc_transport.cc:1743] [MEGASCALE_TRANSPORT_INSTR] SendRpc: key=psum.7_0_sr_94_95|s100000->200000d|$c0$l706382333^i0 size=8388608 queue_latency_us=0 attempt=0
I0909 09:23:22.026750    1751 grpc_transport.cc:1743] [MEGASCALE_TRANSPORT_INSTR] SendRpc: key=psum.7_0_sr_102_103|s100007->200007d|$c0$l706382333^i0 size=8388608 queue_latency_us=0 attempt=0
I0909 09:23:22.095572    1375 grpc_transport.cc:1414] [MEGASCALE_TRANSPORT_INSTR] Recv: key=psum.7_0_sr_21_22|s200004->100004d|$c0$l706382333^i0 size=0 is_single_chunk=true is_aligned=true memcpy_needed=false
I0909 09:23:22.118869     784 grpc_transport.cc:1414] [MEGASCALE_TRANSPORT_INSTR] Recv: key=psum.7_0_sr_41_42|s200004->100004d|$c0$l706382333^i0 size=0 is_single_chunk=true is_aligned=true memcpy_needed=false
I0909 09:23:22.137894    1375 grpc_transport.cc:1414] [MEGASCALE_TRANSPORT_INSTR] Recv: key=psum.7_0_sr_50_51|s200005->100005d|$c0$l706382333^i0 size=0 is_single_chunk=true is_aligned=true memcpy_needed=false
I0909 09:23:22.145708     784 grpc_transport.cc:1743] [MEGASCALE_TRANSPORT_INSTR] SendRpc: key=psum.7_0_1_ag_0_sr_33_34|s100004->200004d|$c0$l706382333^i0 size=8388608 queue_latency_us=0 attempt=0
I0909 09:23:22.159365    1385 grpc_transport.cc:1414] [MEGASCALE_TRANSPORT_INSTR] Recv: key=psum.7_0_sr_38_39|s200000->100000d|$c0$l706382333^i0 size=0 is_single_chunk=true is_aligned=true memcpy_needed=false
I0909 09:23:22.181944    1372 grpc_transport.cc:1414] [MEGASCALE_TRANSPORT_INSTR] Recv: key=psum.7_0_sr_51_52|s200000->100000d|$c0$l706382333^i0 size=0 is_single_chunk=true is_aligned=true memcpy_needed=false
I0909 09:23:22.183236    1372 grpc_transport.cc:1743] [MEGASCALE_TRANSPORT_INSTR] SendRpc: key=psum.7_0_1_ag_0_sr_7_8|s100007->200007d|$c0$l706382333^i0 size=8388608 queue_latency_us=0 attempt=0
I0909 09:23:22.212411    1373 grpc_transport.cc:1743] [MEGASCALE_TRANSPORT_INSTR] SendRpc: key=psum.7_0_1_ag_0_sr_41_42|s100002->200002d|$c0$l706382333^i0 size=8388608 queue_latency_us=1 attempt=0
I0909 09:23:22.218263     802 grpc_transport.cc:1414] [MEGASCALE_TRANSPORT_INSTR] Recv: key=psum.7_0_sr_18_19|s200001->100001d|$c0$l706382333^i0 size=0 is_single_chunk=true is_aligned=true memcpy_needed=false
I0909 09:23:22.221003     784 grpc_transport.cc:1743] [MEGASCALE_TRANSPORT_INSTR] SendRpc: key=psum.7_0_1_ag_0_sr_44_45|s100000->200000d|$c0$l706382333^i0 size=8388608 queue_latency_us=0 attempt=0
I0909 09:23:22.242965    1374 grpc_transport.cc:1743] [MEGASCALE_TRANSPORT_INSTR] SendRpc: key=psum.7_0_1_ag_0_sr_49_50|s100006->200006d|$c0$l706382333^i0 size=8388608 queue_latency_us=0 attempt=0
I0909 09:23:22.250292    1374 grpc_transport.cc:1414] [MEGASCALE_TRANSPORT_INSTR] Recv: key=psum.7_0_1_ag_0_sr_107_108|s200006->100006d|$c0$l706382333^i0 size=0 is_single_chunk=true is_aligned=true memcpy_needed=false
I0909 09:23:22.273019    1384 grpc_transport.cc:1414] [MEGASCALE_TRANSPORT_INSTR] Recv: key=psum.7_0_1_ag_0_sr_65_66|s200001->100001d|$c0$l706382333^i0 size=0 is_single_chunk=true is_aligned=true memcpy_needed=false
I0909 09:23:22.294816    1372 grpc_transport.cc:1414] [MEGASCALE_TRANSPORT_INSTR] Recv: key=psum.7_0_1_ag_0_sr_66_67|s200000->100000d|$c0$l706382333^i0 size=0 is_single_chunk=true is_aligned=true memcpy_needed=false
I0909 09:23:22.312314     801 grpc_transport.cc:1414] [MEGASCALE_TRANSPORT_INSTR] Recv: key=psum.7_0_1_ag_0_sr_118_119|s200000->100000d|$c0$l706382333^i0 size=0 is_single_chunk=true is_aligned=true memcpy_needed=false
I0909 09:23:22.348750     786 grpc_transport.cc:1743] [MEGASCALE_TRANSPORT_INSTR] SendRpc: key=psum.7_0_sr_71_72|s100004->200004d|$c0$l706382334^i0 size=8388608 queue_latency_us=0 attempt=0
I0909 09:23:22.352740     804 grpc_transport.cc:1743] [MEGASCALE_TRANSPORT_INSTR] SendRpc: key=psum.7_0_sr_84_85|s100000->200000d|$c0$l706382334^i0 size=8388608 queue_latency_us=0 attempt=0
I0909 09:23:22.355993     787 grpc_transport.cc:1743] [MEGASCALE_TRANSPORT_INSTR] SendRpc: key=psum.7_0_sr_122_123|s100004->200004d|$c0$l706382334^i0 size=8388608 queue_latency_us=0 attempt=0
I0909 09:23:22.359934    1756 grpc_transport.cc:1743] [MEGASCALE_TRANSPORT_INSTR] SendRpc: key=psum.7_0_sr_98_99|s100003->200003d|$c0$l706382334^i0 size=8388608 queue_latency_us=0 attempt=0
I0909 09:23:22.363165    1373 grpc_transport.cc:1743] [MEGASCALE_TRANSPORT_INSTR] SendRpc: key=psum.7_0_sr_93_94|s100005->200005d|$c0$l706382334^i0 size=8388608 queue_latency_us=0 attempt=0
I0909 09:23:22.379760    1375 grpc_transport.cc:1414] [MEGASCALE_TRANSPORT_INSTR] Recv: key=psum.7_0_sr_2_3|s200004->100004d|$c0$l706382334^i0 size=0 is_single_chunk=true is_aligned=true memcpy_needed=false
I0909 09:23:22.413690    1375 grpc_transport.cc:1414] [MEGASCALE_TRANSPORT_INSTR] Recv: key=psum.7_0_sr_19_20|s200007->100007d|$c0$l706382334^i0 size=0 is_single_chunk=true is_aligned=true memcpy_needed=false
I0909 09:23:22.433533    1379 grpc_transport.cc:1414] [MEGASCALE_TRANSPORT_INSTR] Recv: key=psum.7_0_sr_33_34|s200007->100007d|$c0$l706382334^i0 size=0 is_single_chunk=true is_aligned=true memcpy_needed=false
I0909 09:23:22.450654    1375 grpc_transport.cc:1414] [MEGASCALE_TRANSPORT_INSTR] Recv: key=psum.7_0_sr_59_60|s200004->100004d|$c0$l706382334^i0 size=0 is_single_chunk=true is_aligned=true memcpy_needed=false
I0909 09:23:22.461526     801 grpc_transport.cc:1743] [MEGASCALE_TRANSPORT_INSTR] SendRpc: key=psum.7_0_1_ag_0_sr_9_10|s100002->200002d|$c0$l706382334^i0 size=8388608 queue_latency_us=0 attempt=0
I0909 09:23:22.470340    1375 grpc_transport.cc:1414] [MEGASCALE_TRANSPORT_INSTR] Recv: key=psum.7_0_sr_34_35|s200001->100001d|$c0$l706382334^i0 size=0 is_single_chunk=true is_aligned=true memcpy_needed=false
I0909 09:23:22.474554    1375 grpc_transport.cc:1743] [MEGASCALE_TRANSPORT_INSTR] SendRpc: key=psum.7_0_1_ag_0_sr_48_49|s100004->200004d|$c0$l706382334^i0 size=8388608 queue_latency_us=0 attempt=0
I0909 09:23:22.491176    1383 grpc_transport.cc:1414] [MEGASCALE_TRANSPORT_INSTR] Recv: key=psum.7_0_1_ag_0_sr_90_91|s200004->100004d|$c0$l706382334^i0 size=0 is_single_chunk=true is_aligned=true memcpy_needed=false
I0909 09:23:22.494069    1774 grpc_transport.cc:1743] [MEGASCALE_TRANSPORT_INSTR] SendRpc: key=psum.7_0_1_ag_0_sr_19_20|s100003->200003d|$c0$l706382334^i0 size=8388608 queue_latency_us=0 attempt=0
I0909 09:23:22.502698    1395 grpc_transport.cc:1743] [MEGASCALE_TRANSPORT_INSTR] SendRpc: key=psum.7_0_1_ag_0_sr_60_61|s100007->200007d|$c0$l706382334^i0 size=8388608 queue_latency_us=0 attempt=0
I0909 09:23:22.512683    1379 grpc_transport.cc:1743] [MEGASCALE_TRANSPORT_INSTR] SendRpc: key=psum.7_0_1_ag_0_sr_30_31|s100001->200001d|$c0$l706382334^i0 size=8388608 queue_latency_us=0 attempt=0
I0909 09:23:22.518822    1375 grpc_transport.cc:1414] [MEGASCALE_TRANSPORT_INSTR] Recv: key=psum.7_0_1_ag_0_sr_72_73|s200000->100000d|$c0$l706382334^i0 size=0 is_single_chunk=true is_aligned=true memcpy_needed=false
I0909 09:23:22.537054     784 grpc_transport.cc:1414] [MEGASCALE_TRANSPORT_INSTR] Recv: key=psum.7_0_1_ag_0_sr_67_68|s200007->100007d|$c0$l706382334^i0 size=0 is_single_chunk=true is_aligned=true memcpy_needed=false
I0909 09:23:22.564189    1384 grpc_transport.cc:1414] [MEGASCALE_TRANSPORT_INSTR] Recv: key=psum.7_0_1_ag_0_sr_82_83|s200005->100005d|$c0$l706382334^i0 size=0 is_single_chunk=true is_aligned=true memcpy_needed=false
I0909 09:23:22.582278    1385 grpc_transport.cc:1414] [MEGASCALE_TRANSPORT_INSTR] Recv: key=psum.7_0_1_ag_0_sr_97_98|s200003->100003d|$c0$l706382334^i0 size=0 is_single_chunk=true is_aligned=true memcpy_needed=false
I0909 09:23:22.599039    1374 grpc_transport.cc:1414] [MEGASCALE_TRANSPORT_INSTR] Recv: key=psum.7_0_1_ag_0_sr_73_74|s200005->100005d|$c0$l706382334^i0 size=0 is_single_chunk=true is_aligned=true memcpy_needed=false
I0909 09:23:22.612807    1375 grpc_transport.cc:1743] [MEGASCALE_TRANSPORT_INSTR] SendRpc: key=psum.7_0_sr_68_69|s100001->200001d|$c0$l706382335^i0 size=8388608 queue_latency_us=0 attempt=0
I0909 09:23:22.617657    1746 grpc_transport.cc:1743] [MEGASCALE_TRANSPORT_INSTR] SendRpc: key=psum.7_0_sr_82_83|s100000->200000d|$c0$l706382335^i0 size=8388608 queue_latency_us=0 attempt=0
I0909 09:23:22.620938    1737 grpc_transport.cc:1743] [MEGASCALE_TRANSPORT_INSTR] SendRpc: key=psum.7_0_sr_84_85|s100006->200006d|$c0$l706382335^i0 size=8388608 queue_latency_us=0 attempt=0
I0909 09:23:22.623929    1758 grpc_transport.cc:1743] [MEGASCALE_TRANSPORT_INSTR] SendRpc: key=psum.7_0_sr_89_90|s100006->200006d|$c0$l706382335^i0 size=8388608 queue_latency_us=0 attempt=0
I0909 09:23:22.626463    1373 grpc_transport.cc:1743] [MEGASCALE_TRANSPORT_INSTR] SendRpc: key=psum.7_0_sr_112_113|s100003->200003d|$c0$l706382335^i0 size=8388608 queue_latency_us=0 attempt=0
I0909 09:23:22.630523    1774 grpc_transport.cc:1743] [MEGASCALE_TRANSPORT_INSTR] SendRpc: key=psum.7_0_sr_118_119|s100002->200002d|$c0$l706382335^i0 size=8388608 queue_latency_us=0 attempt=0
I0909 09:23:22.742713    1375 grpc_transport.cc:1414] [MEGASCALE_TRANSPORT_INSTR] Recv: key=psum.7_0_sr_11_12|s200003->100003d|$c0$l706382335^i0 size=0 is_single_chunk=true is_aligned=true memcpy_needed=false
I0909 09:23:22.762312     801 grpc_transport.cc:1414] [MEGASCALE_TRANSPORT_INSTR] Recv: key=psum.7_0_sr_14_15|s200005->100005d|$c0$l706382335^i0 size=0 is_single_chunk=true is_aligned=true memcpy_needed=false
I0909 09:23:22.780206    1375 grpc_transport.cc:1414] [MEGASCALE_TRANSPORT_INSTR] Recv: key=psum.7_0_sr_47_48|s200004->100004d|$c0$l706382335^i0 size=0 is_single_chunk=true is_aligned=true memcpy_needed=false
I0909 09:23:22.798695    1726 grpc_transport.cc:1414] [MEGASCALE_TRANSPORT_INSTR] Recv: key=psum.7_0_sr_63_64|s200003->100003d|$c0$l706382335^i0 size=0 is_single_chunk=true is_aligned=true memcpy_needed=false
I0909 09:23:22.809387    1734 grpc_transport.cc:1743] [MEGASCALE_TRANSPORT_INSTR] SendRpc: key=psum.7_0_1_ag_0_sr_56_57|s100003->200003d|$c0$l706382335^i0 size=8388608 queue_latency_us=0 attempt=0
I0909 09:23:22.820407    1737 grpc_transport.cc:1743] [MEGASCALE_TRANSPORT_INSTR] SendRpc: key=psum.7_0_1_ag_0_sr_61_62|s100000->200000d|$c0$l706382335^i0 size=8388608 queue_latency_us=0 attempt=0
I0909 09:23:22.822343    1374 grpc_transport.cc:1414] [MEGASCALE_TRANSPORT_INSTR] Recv: key=psum.7_0_sr_5_6|s200002->100002d|$c0$l706382335^i0 size=0 is_single_chunk=true is_aligned=true memcpy_needed=false
I0909 09:23:22.831773    1748 grpc_transport.cc:1743] [MEGASCALE_TRANSPORT_INSTR] SendRpc: key=psum.7_0_1_ag_0_sr_45_46|s100005->200005d|$c0$l706382335^i0 size=8388608 queue_latency_us=0 attempt=0
I0909 09:23:22.839808    1390 grpc_transport.cc:1743] [MEGASCALE_TRANSPORT_INSTR] SendRpc: key=psum.7_0_1_ag_0_sr_7_8|s100006->200006d|$c0$l706382335^i0 size=8388608 queue_latency_us=0 attempt=0
I0909 09:23:22.841868    1390 grpc_transport.cc:1414] [MEGASCALE_TRANSPORT_INSTR] Recv: key=psum.7_0_sr_53_54|s200002->100002d|$c0$l706382335^i0 size=0 is_single_chunk=true is_aligned=true memcpy_needed=false
I0909 09:23:22.854295    1733 grpc_transport.cc:1743] [MEGASCALE_TRANSPORT_INSTR] SendRpc: key=psum.7_0_1_ag_0_sr_40_41|s100002->200002d|$c0$l706382335^i0 size=8388608 queue_latency_us=0 attempt=0
I0909 09:23:22.872426    1377 grpc_transport.cc:1414] [MEGASCALE_TRANSPORT_INSTR] Recv: key=psum.7_0_1_ag_0_sr_81_82|s200007->100007d|$c0$l706382335^i0 size=0 is_single_chunk=true is_aligned=true memcpy_needed=false
I0909 09:23:22.904814     801 grpc_transport.cc:1414] [MEGASCALE_TRANSPORT_INSTR] Recv: key=psum.7_0_1_ag_0_sr_123_124|s200007->100007d|$c0$l706382335^i0 size=0 is_single_chunk=true is_aligned=true memcpy_needed=false
I0909 09:23:22.939525     801 grpc_transport.cc:1414] [MEGASCALE_TRANSPORT_INSTR] Recv: key=psum.7_0_1_ag_0_sr_107_108|s200002->100002d|$c0$l706382335^i0 size=0 is_single_chunk=true is_aligned=true memcpy_needed=false
I0909 09:23:22.975318    1728 grpc_transport.cc:1414] [MEGASCALE_TRANSPORT_INSTR] Recv: key=psum.7_0_1_ag_0_sr_77_78|s200006->100006d|$c0$l706382335^i0 size=0 is_single_chunk=true is_aligned=true memcpy_needed=false
I0909 09:23:23.000574    1736 grpc_transport.cc:1743] [MEGASCALE_TRANSPORT_INSTR] SendRpc: key=psum.7_0_sr_72_73|s100000->200000d|$c0$l706382336^i0 size=8388608 queue_latency_us=0 attempt=0
I0909 09:23:23.004143    1757 grpc_transport.cc:1743] [MEGASCALE_TRANSPORT_INSTR] SendRpc: key=psum.7_0_sr_81_82|s100000->200000d|$c0$l706382336^i0 size=8388608 queue_latency_us=0 attempt=0
I0909 09:23:23.006969     809 grpc_transport.cc:1743] [MEGASCALE_TRANSPORT_INSTR] SendRpc: key=psum.7_0_sr_92_93|s100006->200006d|$c0$l706382336^i0 size=8388608 queue_latency_us=0 attempt=0
I0909 09:23:23.009523    1383 grpc_transport.cc:1743] [MEGASCALE_TRANSPORT_INSTR] SendRpc: key=psum.7_0_sr_125_126|s100001->200001d|$c0$l706382336^i0 size=8388608 queue_latency_us=0 attempt=0
I0909 09:23:23.013280    1756 grpc_transport.cc:1743] [MEGASCALE_TRANSPORT_INSTR] SendRpc: key=psum.7_0_sr_127_128|s100006->200006d|$c0$l706382336^i0 size=8388608 queue_latency_us=0 attempt=0
I0909 09:23:23.049840    1379 grpc_transport.cc:1414] [MEGASCALE_TRANSPORT_INSTR] Recv: key=psum.7_0_sr_5_6|s200001->100001d|$c0$l706382336^i0 size=0 is_single_chunk=true is_aligned=true memcpy_needed=false
I0909 09:23:23.074936    1724 grpc_transport.cc:1414] [MEGASCALE_TRANSPORT_INSTR] Recv: key=psum.7_0_sr_19_20|s200005->100005d|$c0$l706382336^i0 size=0 is_single_chunk=true is_aligned=true memcpy_needed=false
I0909 09:23:23.094060    1377 grpc_transport.cc:1414] [MEGASCALE_TRANSPORT_INSTR] Recv: key=psum.7_0_sr_37_38|s200001->100001d|$c0$l706382336^i0 size=0 is_single_chunk=true is_aligned=true memcpy_needed=false
I0909 09:23:23.111609    1372 grpc_transport.cc:1414] [MEGASCALE_TRANSPORT_INSTR] Recv: key=psum.7_0_sr_48_49|s200006->100006d|$c0$l706382336^i0 size=0 is_single_chunk=true is_aligned=true memcpy_needed=false
I0909 09:23:23.131927    1387 grpc_transport.cc:1414] [MEGASCALE_TRANSPORT_INSTR] Recv: key=psum.7_0_sr_52_53|s200002->100002d|$c0$l706382336^i0 size=0 is_single_chunk=true is_aligned=true memcpy_needed=false
I0909 09:23:23.144918    1720 grpc_transport.cc:1743] [MEGASCALE_TRANSPORT_INSTR] SendRpc: key=psum.7_0_1_ag_0_sr_0_1|s100003->200003d|$c0$l706382336^i0 size=8388608 queue_latency_us=0 attempt=0
I0909 09:23:23.152975    1375 grpc_transport.cc:1414] [MEGASCALE_TRANSPORT_INSTR] Recv: key=psum.7_0_1_ag_0_sr_99_100|s200004->100004d|$c0$l706382336^i0 size=0 is_single_chunk=true is_aligned=true memcpy_needed=false
I0909 09:23:23.156422    1734 grpc_transport.cc:1743] [MEGASCALE_TRANSPORT_INSTR] SendRpc: key=psum.7_0_1_ag_0_sr_7_8|s100006->200006d|$c0$l706382336^i0 size=8388608 queue_latency_us=0 attempt=0
I0909 09:23:23.162640    1430 grpc_transport.cc:1743] [MEGASCALE_TRANSPORT_INSTR] SendRpc: key=psum.7_0_1_ag_0_sr_40_41|s100000->200000d|$c0$l706382336^i0 size=8388608 queue_latency_us=0 attempt=0
I0909 09:23:23.170001     802 grpc_transport.cc:1743] [MEGASCALE_TRANSPORT_INSTR] SendRpc: key=psum.7_0_1_ag_0_sr_29_30|s100007->200007d|$c0$l706382336^i0 size=8388608 queue_latency_us=0 attempt=0
I0909 09:23:23.176909     802 grpc_transport.cc:1414] [MEGASCALE_TRANSPORT_INSTR] Recv: key=psum.7_0_1_ag_0_sr_81_82|s200006->100006d|$c0$l706382336^i0 size=0 is_single_chunk=true is_aligned=true memcpy_needed=false
I0909 09:23:23.181937    1372 grpc_transport.cc:1743] [MEGASCALE_TRANSPORT_INSTR] SendRpc: key=psum.7_0_1_ag_0_sr_16_17|s100002->200002d|$c0$l706382336^i0 size=8388608 queue_latency_us=0 attempt=0
I0909 09:23:23.193792    1379 grpc_transport.cc:1414] [MEGASCALE_TRANSPORT_INSTR] Recv: key=psum.7_0_1_ag_0_sr_88_89|s200005->100005d|$c0$l706382336^i0 size=0 is_single_chunk=true is_aligned=true memcpy_needed=false
I0909 09:23:23.209874    1378 grpc_transport.cc:1414] [MEGASCALE_TRANSPORT_INSTR] Recv: key=psum.7_0_1_ag_0_sr_99_100|s200000->100000d|$c0$l706382336^i0 size=0 is_single_chunk=true is_aligned=true memcpy_needed=false
I0909 09:23:23.227363    1724 grpc_transport.cc:1414] [MEGASCALE_TRANSPORT_INSTR] Recv: key=psum.7_0_1_ag_0_sr_103_104|s200002->100002d|$c0$l706382336^i0 size=0 is_single_chunk=true is_aligned=true memcpy_needed=false
I0909 09:23:23.249812    1385 grpc_transport.cc:1743] [MEGASCALE_TRANSPORT_INSTR] SendRpc: key=psum.7_0_sr_77_78|s100000->200000d|$c0$l706382337^i0 size=8388608 queue_latency_us=0 attempt=0
I0909 09:23:23.253805    1417 grpc_transport.cc:1743] [MEGASCALE_TRANSPORT_INSTR] SendRpc: key=psum.7_0_sr_65_66|s100007->200007d|$c0$l706382337^i0 size=8388608 queue_latency_us=0 attempt=0
I0909 09:23:23.257162    1437 grpc_transport.cc:1743] [MEGASCALE_TRANSPORT_INSTR] SendRpc: key=psum.7_0_sr_104_105|s100006->200006d|$c0$l706382337^i0 size=8388608 queue_latency_us=0 attempt=0
I0909 09:23:23.260519    1741 grpc_transport.cc:1743] [MEGASCALE_TRANSPORT_INSTR] SendRpc: key=psum.7_0_sr_85_86|s100005->200005d|$c0$l706382337^i0 size=8388608 queue_latency_us=0 attempt=0
I0909 09:23:23.263944    1374 grpc_transport.cc:1743] [MEGASCALE_TRANSPORT_INSTR] SendRpc: key=psum.7_0_sr_99_100|s100005->200005d|$c0$l706382337^i0 size=8388608 queue_latency_us=0 attempt=0
I0909 09:23:23.346887    1379 grpc_transport.cc:1414] [MEGASCALE_TRANSPORT_INSTR] Recv: key=psum.7_0_sr_3_4|s200003->100003d|$c0$l706382337^i0 size=0 is_single_chunk=true is_aligned=true memcpy_needed=false
I0909 09:23:23.370693    1377 grpc_transport.cc:1414] [MEGASCALE_TRANSPORT_INSTR] Recv: key=psum.7_0_sr_19_20|s200004->100004d|$c0$l706382337^i0 size=0 is_single_chunk=true is_aligned=true memcpy_needed=false
I0909 09:23:23.388795    1377 grpc_transport.cc:1414] [MEGASCALE_TRANSPORT_INSTR] Recv: key=psum.7_0_sr_30_31|s200004->100004d|$c0$l706382337^i0 size=0 is_single_chunk=true is_aligned=true memcpy_needed=false
I0909 09:23:23.407617    1373 grpc_transport.cc:1414] [MEGASCALE_TRANSPORT_INSTR] Recv: key=psum.7_0_sr_38_39|s200005->100005d|$c0$l706382337^i0 size=0 is_single_chunk=true is_aligned=true memcpy_needed=false
I0909 09:23:23.424955    1379 grpc_transport.cc:1414] [MEGASCALE_TRANSPORT_INSTR] Recv: key=psum.7_0_sr_57_58|s200000->100000d|$c0$l706382337^i0 size=0 is_single_chunk=true is_aligned=true memcpy_needed=false
I0909 09:23:23.437320     785 grpc_transport.cc:1743] [MEGASCALE_TRANSPORT_INSTR] SendRpc: key=psum.7_0_1_ag_0_sr_43_44|s100001->200001d|$c0$l706382337^i0 size=8388608 queue_latency_us=0 attempt=0
I0909 09:23:23.448904    1408 grpc_transport.cc:1414] [MEGASCALE_TRANSPORT_INSTR] Recv: key=psum.7_0_sr_61_62|s200002->100002d|$c0$l706382337^i0 size=0 is_single_chunk=true is_aligned=true memcpy_needed=false
I0909 09:23:23.449467    1375 grpc_transport.cc:1743] [MEGASCALE_TRANSPORT_INSTR] SendRpc: key=psum.7_0_1_ag_0_sr_0_1|s100004->200004d|$c0$l706382337^i0 size=8388608 queue_latency_us=0 attempt=0
I0909 09:23:23.456854     785 grpc_transport.cc:1743] [MEGASCALE_TRANSPORT_INSTR] SendRpc: key=psum.7_0_1_ag_0_sr_51_52|s100004->200004d|$c0$l706382337^i0 size=8388608 queue_latency_us=0 attempt=0
I0909 09:23:23.472087     801 grpc_transport.cc:1414] [MEGASCALE_TRANSPORT_INSTR] Recv: key=psum.7_0_1_ag_0_sr_84_85|s200006->100006d|$c0$l706382337^i0 size=0 is_single_chunk=true is_aligned=true memcpy_needed=false
I0909 09:23:23.473544    1387 grpc_transport.cc:1743] [MEGASCALE_TRANSPORT_INSTR] SendRpc: key=psum.7_0_1_ag_0_sr_23_24|s100006->200006d|$c0$l706382337^i0 size=8388608 queue_latency_us=0 attempt=0
I0909 09:23:23.483171    1720 grpc_transport.cc:1743] [MEGASCALE_TRANSPORT_INSTR] SendRpc: key=psum.7_0_1_ag_0_sr_24_25|s100007->200007d|$c0$l706382337^i0 size=8388608 queue_latency_us=0 attempt=0
I0909 09:23:23.490879     801 grpc_transport.cc:1414] [MEGASCALE_TRANSPORT_INSTR] Recv: key=psum.7_0_1_ag_0_sr_124_125|s200006->100006d|$c0$l706382337^i0 size=0 is_single_chunk=true is_aligned=true memcpy_needed=false
I0909 09:23:23.509161    1724 grpc_transport.cc:1414] [MEGASCALE_TRANSPORT_INSTR] Recv: key=psum.7_0_1_ag_0_sr_122_123|s200002->100002d|$c0$l706382337^i0 size=0 is_single_chunk=true is_aligned=true memcpy_needed=false
I0909 09:23:23.534817     801 grpc_transport.cc:1414] [MEGASCALE_TRANSPORT_INSTR] Recv: key=psum.7_0_1_ag_0_sr_102_103|s200003->100003d|$c0$l706382337^i0 size=0 is_single_chunk=true is_aligned=true memcpy_needed=false
I0909 09:23:23.577401     784 grpc_transport.cc:1743] [MEGASCALE_TRANSPORT_INSTR] SendRpc: key=psum.7_0_sr_95_96|s100004->200004d|$c0$l706382338^i0 size=8388608 queue_latency_us=0 attempt=0
I0909 09:23:23.581331    1736 grpc_transport.cc:1743] [MEGASCALE_TRANSPORT_INSTR] SendRpc: key=psum.7_0_sr_87_88|s100002->200002d|$c0$l706382338^i0 size=8388608 queue_latency_us=0 attempt=0
I0909 09:23:23.585797    1407 grpc_transport.cc:1743] [MEGASCALE_TRANSPORT_INSTR] SendRpc: key=psum.7_0_sr_112_113|s100001->200001d|$c0$l706382338^i0 size=8388608 queue_latency_us=0 attempt=0
I0909 09:23:23.590462    1374 grpc_transport.cc:1743] [MEGASCALE_TRANSPORT_INSTR] SendRpc: key=psum.7_0_sr_89_90|s100007->200007d|$c0$l706382338^i0 size=8388608 queue_latency_us=0 attempt=0
I0909 09:23:23.596317    1372 grpc_transport.cc:1743] [MEGASCALE_TRANSPORT_INSTR] SendRpc: key=psum.7_0_sr_113_114|s100003->200003d|$c0$l706382338^i0 size=8388608 queue_latency_us=0 attempt=0
I0909 09:23:23.603223     784 grpc_transport.cc:1414] [MEGASCALE_TRANSPORT_INSTR] Recv: key=psum.7_0_sr_6_7|s200004->100004d|$c0$l706382338^i0 size=0 is_single_chunk=true is_aligned=true memcpy_needed=false
I0909 09:23:23.638868    1375 grpc_transport.cc:1414] [MEGASCALE_TRANSPORT_INSTR] Recv: key=psum.7_0_sr_18_19|s200001->100001d|$c0$l706382338^i0 size=0 is_single_chunk=true is_aligned=true memcpy_needed=false
I0909 09:23:23.660257    1377 grpc_transport.cc:1414] [MEGASCALE_TRANSPORT_INSTR] Recv: key=psum.7_0_sr_30_31|s200003->100003d|$c0$l706382338^i0 size=0 is_single_chunk=true is_aligned=true memcpy_needed=false
I0909 09:23:23.678227    1720 grpc_transport.cc:1414] [MEGASCALE_TRANSPORT_INSTR] Recv: key=psum.7_0_sr_46_47|s200002->100002d|$c0$l706382338^i0 size=0 is_single_chunk=true is_aligned=true memcpy_needed=false
I0909 09:23:23.697911     784 grpc_transport.cc:1414] [MEGASCALE_TRANSPORT_INSTR] Recv: key=psum.7_0_sr_58_59|s200004->100004d|$c0$l706382338^i0 size=0 is_single_chunk=true is_aligned=true memcpy_needed=false
I0909 09:23:23.702075    1720 grpc_transport.cc:1743] [MEGASCALE_TRANSPORT_INSTR] SendRpc: key=psum.7_0_1_ag_0_sr_20_21|s100007->200007d|$c0$l706382338^i0 size=8388608 queue_latency_us=0 attempt=0
I0909 09:23:23.712949     784 grpc_transport.cc:1743] [MEGASCALE_TRANSPORT_INSTR] SendRpc: key=psum.7_0_1_ag_0_sr_56_57|s100004->200004d|$c0$l706382338^i0 size=8388608 queue_latency_us=0 attempt=0
I0909 09:23:23.720449    1379 grpc_transport.cc:1414] [MEGASCALE_TRANSPORT_INSTR] Recv: key=psum.7_0_1_ag_0_sr_92_93|s200004->100004d|$c0$l706382338^i0 size=0 is_single_chunk=true is_aligned=true memcpy_needed=false
I0909 09:23:23.737069    1377 grpc_transport.cc:1743] [MEGASCALE_TRANSPORT_INSTR] SendRpc: key=psum.7_0_1_ag_0_sr_26_27|s100001->200001d|$c0$l706382338^i0 size=8388608 queue_latency_us=0 attempt=0
I0909 09:23:23.741525    1728 grpc_transport.cc:1414] [MEGASCALE_TRANSPORT_INSTR] Recv: key=psum.7_0_1_ag_0_sr_84_85|s200002->100002d|$c0$l706382338^i0 size=0 is_single_chunk=true is_aligned=true memcpy_needed=false
I0909 09:23:23.744077    1375 grpc_transport.cc:1743] [MEGASCALE_TRANSPORT_INSTR] SendRpc: key=psum.7_0_1_ag_0_sr_46_47|s100000->200000d|$c0$l706382338^i0 size=8388608 queue_latency_us=1 attempt=0
I0909 09:23:23.753660    1724 grpc_transport.cc:1743] [MEGASCALE_TRANSPORT_INSTR] SendRpc: key=psum.7_0_1_ag_0_sr_35_36|s100003->200003d|$c0$l706382338^i0 size=8388608 queue_latency_us=0 attempt=0
I0909 09:23:23.761273    1734 grpc_transport.cc:1414] [MEGASCALE_TRANSPORT_INSTR] Recv: key=psum.7_0_1_ag_0_sr_113_114|s200002->100002d|$c0$l706382338^i0 size=0 is_single_chunk=true is_aligned=true memcpy_needed=false
I0909 09:23:23.777588    1733 grpc_transport.cc:1414] [MEGASCALE_TRANSPORT_INSTR] Recv: key=psum.7_0_1_ag_0_sr_115_116|s200005->100005d|$c0$l706382338^i0 size=0 is_single_chunk=true is_aligned=true memcpy_needed=false
I0909 09:23:23.794415    1377 grpc_transport.cc:1414] [MEGASCALE_TRANSPORT_INSTR] Recv: key=psum.7_0_1_ag_0_sr_65_66|s200003->100003d|$c0$l706382338^i0 size=0 is_single_chunk=true is_aligned=true memcpy_needed=false
I0909 09:23:23.825607    1374 grpc_transport.cc:1414] [MEGASCALE_TRANSPORT_INSTR] Recv: key=psum.7_0_1_ag_0_sr_117_118|s200006->100006d|$c0$l706382338^i0 size=0 is_single_chunk=true is_aligned=true memcpy_needed=false
I0909 09:23:23.841378    1389 grpc_transport.cc:1743] [MEGASCALE_TRANSPORT_INSTR] SendRpc: key=psum.7_0_sr_70_71|s100004->200004d|$c0$l706382339^i0 size=8388608 queue_latency_us=0 attempt=0
I0909 09:23:23.846418    1568 grpc_transport.cc:1743] [MEGASCALE_TRANSPORT_INSTR] SendRpc: key=psum.7_0_sr_74_75|s100000->200000d|$c0$l706382339^i0 size=8388608 queue_latency_us=0 attempt=0
I0909 09:23:23.848961     810 grpc_transport.cc:1743] [MEGASCALE_TRANSPORT_INSTR] SendRpc: key=psum.7_0_sr_77_78|s100007->200007d|$c0$l706382339^i0 size=8388608 queue_latency_us=0 attempt=0
I0909 09:23:23.851277     798 grpc_transport.cc:1743] [MEGASCALE_TRANSPORT_INSTR] SendRpc: key=psum.7_0_sr_93_94|s100005->200005d|$c0$l706382339^i0 size=8388608 queue_latency_us=0 attempt=0
I0909 09:23:23.854902    1728 grpc_transport.cc:1743] [MEGASCALE_TRANSPORT_INSTR] SendRpc: key=psum.7_0_sr_112_113|s100002->200002d|$c0$l706382339^i0 size=8388608 queue_latency_us=0 attempt=0
I0909 09:23:23.861181    1373 grpc_transport.cc:1743] [MEGASCALE_TRANSPORT_INSTR] SendRpc: key=psum.7_0_sr_125_126|s100007->200007d|$c0$l706382339^i0 size=8388608 queue_latency_us=0 attempt=0
I0909 09:23:23.913616    1379 grpc_transport.cc:1414] [MEGASCALE_TRANSPORT_INSTR] Recv: key=psum.7_0_sr_4_5|s200001->100001d|$c0$l706382339^i0 size=0 is_single_chunk=true is_aligned=true memcpy_needed=false
I0909 09:23:23.938759     784 grpc_transport.cc:1414] [MEGASCALE_TRANSPORT_INSTR] Recv: key=psum.7_0_sr_13_14|s200004->100004d|$c0$l706382339^i0 size=0 is_single_chunk=true is_aligned=true memcpy_needed=false
I0909 09:23:23.956724    1377 grpc_transport.cc:1414] [MEGASCALE_TRANSPORT_INSTR] Recv: key=psum.7_0_sr_32_33|s200003->100003d|$c0$l706382339^i0 size=0 is_single_chunk=true is_aligned=true memcpy_needed=false
I0909 09:23:23.974998    1379 grpc_transport.cc:1414] [MEGASCALE_TRANSPORT_INSTR] Recv: key=psum.7_0_sr_27_28|s200007->100007d|$c0$l706382339^i0 size=0 is_single_chunk=true is_aligned=true memcpy_needed=false
I0909 09:23:23.979860    1372 grpc_transport.cc:1743] [MEGASCALE_TRANSPORT_INSTR] SendRpc: key=psum.7_0_1_ag_0_sr_53_54|s100002->200002d|$c0$l706382339^i0 size=8388608 queue_latency_us=0 attempt=0
I0909 09:23:24.005132    1377 grpc_transport.cc:1414] [MEGASCALE_TRANSPORT_INSTR] Recv: key=psum.7_0_sr_63_64|s200005->100005d|$c0$l706382339^i0 size=0 is_single_chunk=true is_aligned=true memcpy_needed=false
I0909 09:23:24.012875    1410 grpc_transport.cc:1743] [MEGASCALE_TRANSPORT_INSTR] SendRpc: key=psum.7_0_1_ag_0_sr_19_20|s100005->200005d|$c0$l706382339^i0 size=8388608 queue_latency_us=0 attempt=0
I0909 09:23:24.026882     784 grpc_transport.cc:1414] [MEGASCALE_TRANSPORT_INSTR] Recv: key=psum.7_0_1_ag_0_sr_71_72|s200000->100000d|$c0$l706382339^i0 size=0 is_single_chunk=true is_aligned=true memcpy_needed=false
I0909 09:23:24.028739     784 grpc_transport.cc:1743] [MEGASCALE_TRANSPORT_INSTR] SendRpc: key=psum.7_0_1_ag_0_sr_40_41|s100001->200001d|$c0$l706382339^i0 size=8388608 queue_latency_us=0 attempt=0
I0909 09:23:24.046353    1374 grpc_transport.cc:1414] [MEGASCALE_TRANSPORT_INSTR] Recv: key=psum.7_0_1_ag_0_sr_124_125|s200002->100002d|$c0$l706382339^i0 size=0 is_single_chunk=true is_aligned=true memcpy_needed=false
I0909 09:23:24.050484    1407 grpc_transport.cc:1743] [MEGASCALE_TRANSPORT_INSTR] SendRpc: key=psum.7_0_1_ag_0_sr_8_9|s100004->200004d|$c0$l706382339^i0 size=8388608 queue_latency_us=0 attempt=0
I0909 09:23:24.062069    1736 grpc_transport.cc:1743] [MEGASCALE_TRANSPORT_INSTR] SendRpc: key=psum.7_0_1_ag_0_sr_48_49|s100007->200007d|$c0$l706382339^i0 size=8388608 queue_latency_us=0 attempt=0
I0909 09:23:24.065672    1379 grpc_transport.cc:1414] [MEGASCALE_TRANSPORT_INSTR] Recv: key=psum.7_0_1_ag_0_sr_64_65|s200004->100004d|$c0$l706382339^i0 size=0 is_single_chunk=true is_aligned=true memcpy_needed=false
I0909 09:23:24.082852    1372 grpc_transport.cc:1414] [MEGASCALE_TRANSPORT_INSTR] Recv: key=psum.7_0_1_ag_0_sr_121_122|s200007->100007d|$c0$l706382339^i0 size=0 is_single_chunk=true is_aligned=true memcpy_needed=false
I0909 09:23:24.102577    1377 grpc_transport.cc:1414] [MEGASCALE_TRANSPORT_INSTR] Recv: key=psum.7_0_1_ag_0_sr_116_117|s200001->100001d|$c0$l706382339^i0 size=0 is_single_chunk=true is_aligned=true memcpy_needed=false
I0909 09:23:24.126035     784 grpc_transport.cc:1743] [MEGASCALE_TRANSPORT_INSTR] SendRpc: key=psum.7_0_sr_78_79|s100001->200001d|$c0$l706382340^i0 size=8388608 queue_latency_us=0 attempt=0
I0909 09:23:24.130612    1384 grpc_transport.cc:1743] [MEGASCALE_TRANSPORT_INSTR] SendRpc: key=psum.7_0_sr_114_115|s100004->200004d|$c0$l706382340^i0 size=8388608 queue_latency_us=0 attempt=0
I0909 09:23:24.132833    1412 grpc_transport.cc:1743] [MEGASCALE_TRANSPORT_INSTR] SendRpc: key=psum.7_0_sr_94_95|s100001->200001d|$c0$l706382340^i0 size=8388608 queue_latency_us=0 attempt=0
I0909 09:23:24.136447    1738 grpc_transport.cc:1743] [MEGASCALE_TRANSPORT_INSTR] SendRpc: key=psum.7_0_sr_107_108|s100002->200002d|$c0$l706382340^i0 size=8388608 queue_latency_us=0 attempt=0
I0909 09:23:24.140867    1376 grpc_transport.cc:1743] [MEGASCALE_TRANSPORT_INSTR] SendRpc: key=psum.7_0_sr_124_125|s100006->200006d|$c0$l706382340^i0 size=8388608 queue_latency_us=0 attempt=0
I0909 09:23:24.155457    1724 grpc_transport.cc:1414] [MEGASCALE_TRANSPORT_INSTR] Recv: key=psum.7_0_sr_22_23|s200002->100002d|$c0$l706382340^i0 size=0 is_single_chunk=true is_aligned=true memcpy_needed=false
I0909 09:23:24.179180    1393 grpc_transport.cc:1414] [MEGASCALE_TRANSPORT_INSTR] Recv: key=psum.7_0_sr_2_3|s200003->100003d|$c0$l706382340^i0 size=0 is_single_chunk=true is_aligned=true memcpy_needed=false
I0909 09:23:24.197370    1376 grpc_transport.cc:1414] [MEGASCALE_TRANSPORT_INSTR] Recv: key=psum.7_0_sr_12_13|s200006->100006d|$c0$l706382340^i0 size=0 is_single_chunk=true is_aligned=true memcpy_needed=false
I0909 09:23:24.214141     801 grpc_transport.cc:1414] [MEGASCALE_TRANSPORT_INSTR] Recv: key=psum.7_0_sr_51_52|s200002->100002d|$c0$l706382340^i0 size=0 is_single_chunk=true is_aligned=true memcpy_needed=false
I0909 09:23:24.231099    1377 grpc_transport.cc:1414] [MEGASCALE_TRANSPORT_INSTR] Recv: key=psum.7_0_sr_37_38|s200004->100004d|$c0$l706382340^i0 size=0 is_single_chunk=true is_aligned=true memcpy_needed=false
I0909 09:23:24.239622    1464 grpc_transport.cc:1743] [MEGASCALE_TRANSPORT_INSTR] SendRpc: key=psum.7_0_1_ag_0_sr_22_23|s100004->200004d|$c0$l706382340^i0 size=8388608 queue_latency_us=0 attempt=0
I0909 09:23:24.254318    1738 grpc_transport.cc:1743] [MEGASCALE_TRANSPORT_INSTR] SendRpc: key=psum.7_0_1_ag_0_sr_3_4|s100002->200002d|$c0$l706382340^i0 size=8388608 queue_latency_us=0 attempt=0
I0909 09:23:24.259290     786 grpc_transport.cc:1414] [MEGASCALE_TRANSPORT_INSTR] Recv: key=psum.7_0_1_ag_0_sr_107_108|s200000->100000d|$c0$l706382340^i0 size=0 is_single_chunk=true is_aligned=true memcpy_needed=false
I0909 09:23:24.263423    1402 grpc_transport.cc:1743] [MEGASCALE_TRANSPORT_INSTR] SendRpc: key=psum.7_0_1_ag_0_sr_17_18|s100007->200007d|$c0$l706382340^i0 size=8388608 queue_latency_us=1 attempt=0
I0909 09:23:24.270337    1462 grpc_transport.cc:1743] [MEGASCALE_TRANSPORT_INSTR] SendRpc: key=psum.7_0_1_ag_0_sr_24_25|s100005->200005d|$c0$l706382340^i0 size=8388608 queue_latency_us=0 attempt=0
I0909 09:23:24.276332     801 grpc_transport.cc:1743] [MEGASCALE_TRANSPORT_INSTR] SendRpc: key=psum.7_0_1_ag_0_sr_49_50|s100003->200003d|$c0$l706382340^i0 size=8388608 queue_latency_us=0 attempt=0
I0909 09:23:24.284906     784 grpc_transport.cc:1414] [MEGASCALE_TRANSPORT_INSTR] Recv: key=psum.7_0_1_ag_0_sr_96_97|s200004->100004d|$c0$l706382340^i0 size=0 is_single_chunk=true is_aligned=true memcpy_needed=false
I0909 09:23:24.301889    1383 grpc_transport.cc:1414] [MEGASCALE_TRANSPORT_INSTR] Recv: key=psum.7_0_1_ag_0_sr_71_72|s200001->100001d|$c0$l706382340^i0 size=0 is_single_chunk=true is_aligned=true memcpy_needed=false
I0909 09:23:24.319837     784 grpc_transport.cc:1414] [MEGASCALE_TRANSPORT_INSTR] Recv: key=psum.7_0_1_ag_0_sr_88_89|s200001->100001d|$c0$l706382340^i0 size=0 is_single_chunk=true is_aligned=true memcpy_needed=false
I0909 09:23:24.337669     801 grpc_transport.cc:1414] [MEGASCALE_TRANSPORT_INSTR] Recv: key=psum.7_0_1_ag_0_sr_127_128|s200006->100006d|$c0$l706382340^i0 size=0 is_single_chunk=true is_aligned=true memcpy_needed=false
I0909 09:23:24.367093    1736 grpc_transport.cc:1743] [MEGASCALE_TRANSPORT_INSTR] SendRpc: key=psum.7_0_sr_71_72|s100003->200003d|$c0$l706382341^i0 size=8388608 queue_latency_us=0 attempt=0
I0909 09:23:24.370195    1478 grpc_transport.cc:1743] [MEGASCALE_TRANSPORT_INSTR] SendRpc: key=psum.7_0_sr_81_82|s100006->200006d|$c0$l706382341^i0 size=8388608 queue_latency_us=0 attempt=0
I0909 09:23:24.372820    1751 grpc_transport.cc:1743] [MEGASCALE_TRANSPORT_INSTR] SendRpc: key=psum.7_0_sr_89_90|s100002->200002d|$c0$l706382341^i0 size=8388608 queue_latency_us=0 attempt=0
I0909 09:23:24.375697    1427 grpc_transport.cc:1743] [MEGASCALE_TRANSPORT_INSTR] SendRpc: key=psum.7_0_sr_120_121|s100000->200000d|$c0$l706382341^i0 size=8388608 queue_latency_us=0 attempt=0
I0909 09:23:24.378882    1772 grpc_transport.cc:1743] [MEGASCALE_TRANSPORT_INSTR] SendRpc: key=psum.7_0_sr_114_115|s100002->200002d|$c0$l706382341^i0 size=8388608 queue_latency_us=0 attempt=0
I0909 09:23:24.397916    1393 grpc_transport.cc:1414] [MEGASCALE_TRANSPORT_INSTR] Recv: key=psum.7_0_sr_26_27|s200004->100004d|$c0$l706382341^i0 size=0 is_single_chunk=true is_aligned=true memcpy_needed=false
I0909 09:23:24.419951    1372 grpc_transport.cc:1414] [MEGASCALE_TRANSPORT_INSTR] Recv: key=psum.7_0_sr_24_25|s200007->100007d|$c0$l706382341^i0 size=0 is_single_chunk=true is_aligned=true memcpy_needed=false
I0909 09:23:24.442534    1384 grpc_transport.cc:1414] [MEGASCALE_TRANSPORT_INSTR] Recv: key=psum.7_0_sr_34_35|s200001->100001d|$c0$l706382341^i0 size=0 is_single_chunk=true is_aligned=true memcpy_needed=false
I0909 09:23:24.460289    1385 grpc_transport.cc:1414] [MEGASCALE_TRANSPORT_INSTR] Recv: key=psum.7_0_sr_35_36|s200003->100003d|$c0$l706382341^i0 size=0 is_single_chunk=true is_aligned=true memcpy_needed=false
I0909 09:23:24.479148    1373 grpc_transport.cc:1414] [MEGASCALE_TRANSPORT_INSTR] Recv: key=psum.7_0_sr_54_55|s200002->100002d|$c0$l706382341^i0 size=0 is_single_chunk=true is_aligned=true memcpy_needed=false
I0909 09:23:24.479861    1427 grpc_transport.cc:1743] [MEGASCALE_TRANSPORT_INSTR] SendRpc: key=psum.7_0_1_ag_0_sr_52_53|s100004->200004d|$c0$l706382341^i0 size=8388608 queue_latency_us=0 attempt=0
I0909 09:23:24.490653    1379 grpc_transport.cc:1743] [MEGASCALE_TRANSPORT_INSTR] SendRpc: key=psum.7_0_1_ag_0_sr_48_49|s100001->200001d|$c0$l706382341^i0 size=8388608 queue_latency_us=0 attempt=0
I0909 09:23:24.502032    1728 grpc_transport.cc:1743] [MEGASCALE_TRANSPORT_INSTR] SendRpc: key=psum.7_0_1_ag_0_sr_4_5|s100006->200006d|$c0$l706382341^i0 size=8388608 queue_latency_us=0 attempt=0
I0909 09:23:24.506404     804 grpc_transport.cc:1414] [MEGASCALE_TRANSPORT_INSTR] Recv: key=psum.7_0_1_ag_0_sr_69_70|s200006->100006d|$c0$l706382341^i0 size=0 is_single_chunk=true is_aligned=true memcpy_needed=false
I0909 09:23:24.519528    1394 grpc_transport.cc:1743] [MEGASCALE_TRANSPORT_INSTR] SendRpc: key=psum.7_0_1_ag_0_sr_30_31|s100003->200003d|$c0$l706382341^i0 size=8388608 queue_latency_us=0 attempt=0
I0909 09:23:24.530505    1372 grpc_transport.cc:1743] [MEGASCALE_TRANSPORT_INSTR] SendRpc: key=psum.7_0_1_ag_0_sr_34_35|s100007->200007d|$c0$l706382341^i0 size=8388608 queue_latency_us=0 attempt=0
I0909 09:23:24.534664    1405 grpc_transport.cc:1414] [MEGASCALE_TRANSPORT_INSTR] Recv: key=psum.7_0_1_ag_0_sr_105_106|s200006->100006d|$c0$l706382341^i0 size=0 is_single_chunk=true is_aligned=true memcpy_needed=false
I0909 09:23:24.550138    1386 grpc_transport.cc:1414] [MEGASCALE_TRANSPORT_INSTR] Recv: key=psum.7_0_1_ag_0_sr_95_96|s200001->100001d|$c0$l706382341^i0 size=0 is_single_chunk=true is_aligned=true memcpy_needed=false
I0909 09:23:24.567662    1377 grpc_transport.cc:1414] [MEGASCALE_TRANSPORT_INSTR] Recv: key=psum.7_0_1_ag_0_sr_91_92|s200004->100004d|$c0$l706382341^i0 size=0 is_single_chunk=true is_aligned=true memcpy_needed=false
I0909 09:23:24.585221    1372 grpc_transport.cc:1414] [MEGASCALE_TRANSPORT_INSTR] Recv: key=psum.7_0_1_ag_0_sr_99_100|s200007->100007d|$c0$l706382341^i0 size=0 is_single_chunk=true is_aligned=true memcpy_needed=false
I0909 09:23:24.622254    1373 grpc_transport.cc:1414] [MEGASCALE_TRANSPORT_INSTR] Recv: key=psum.7_0_sr_6_7|s200006->100006d|$c0$l706382342^i0 size=0 is_single_chunk=true is_aligned=true memcpy_needed=false
I0909 09:23:24.623154    1374 grpc_transport.cc:1743] [MEGASCALE_TRANSPORT_INSTR] SendRpc: key=psum.7_0_sr_104_105|s100002->200002d|$c0$l706382342^i0 size=8388608 queue_latency_us=0 attempt=0
I0909 09:23:24.627946    1427 grpc_transport.cc:1743] [MEGASCALE_TRANSPORT_INSTR] SendRpc: key=psum.7_0_sr_79_80|s100000->200000d|$c0$l706382342^i0 size=8388608 queue_latency_us=0 attempt=0
I0909 09:23:24.631838    1530 grpc_transport.cc:1743] [MEGASCALE_TRANSPORT_INSTR] SendRpc: key=psum.7_0_sr_91_92|s100000->200000d|$c0$l706382342^i0 size=8388608 queue_latency_us=0 attempt=0
I0909 09:23:24.635338    1558 grpc_transport.cc:1743] [MEGASCALE_TRANSPORT_INSTR] SendRpc: key=psum.7_0_sr_105_106|s100000->200000d|$c0$l706382342^i0 size=8388608 queue_latency_us=0 attempt=0
I0909 09:23:24.639774    1390 grpc_transport.cc:1743] [MEGASCALE_TRANSPORT_INSTR] SendRpc: key=psum.7_0_sr_103_104|s100007->200007d|$c0$l706382342^i0 size=8388608 queue_latency_us=0 attempt=0
I0909 09:23:24.657959    1758 grpc_transport.cc:1414] [MEGASCALE_TRANSPORT_INSTR] Recv: key=psum.7_0_sr_9_10|s200002->100002d|$c0$l706382342^i0 size=0 is_single_chunk=true is_aligned=true memcpy_needed=false
I0909 09:23:24.676814     801 grpc_transport.cc:1414] [MEGASCALE_TRANSPORT_INSTR] Recv: key=psum.7_0_sr_31_32|s200007->100007d|$c0$l706382342^i0 size=0 is_single_chunk=true is_aligned=true memcpy_needed=false
I0909 09:23:24.693779    1724 grpc_transport.cc:1414] [MEGASCALE_TRANSPORT_INSTR] Recv: key=psum.7_0_sr_47_48|s200007->100007d|$c0$l706382342^i0 size=0 is_single_chunk=true is_aligned=true memcpy_needed=false
I0909 09:23:24.711688    1380 grpc_transport.cc:1414] [MEGASCALE_TRANSPORT_INSTR] Recv: key=psum.7_0_sr_53_54|s200003->100003d|$c0$l706382342^i0 size=0 is_single_chunk=true is_aligned=true memcpy_needed=false
I0909 09:23:24.722896    1733 grpc_transport.cc:1743] [MEGASCALE_TRANSPORT_INSTR] SendRpc: key=psum.7_0_1_ag_0_sr_30_31|s100007->200007d|$c0$l706382342^i0 size=8388608 queue_latency_us=0 attempt=0
I0909 09:23:24.736506    1373 grpc_transport.cc:1414] [MEGASCALE_TRANSPORT_INSTR] Recv: key=psum.7_0_1_ag_0_sr_67_68|s200002->100002d|$c0$l706382342^i0 size=0 is_single_chunk=true is_aligned=true memcpy_needed=false
I0909 09:23:24.740971    1454 grpc_transport.cc:1743] [MEGASCALE_TRANSPORT_INSTR] SendRpc: key=psum.7_0_1_ag_0_sr_11_12|s100005->200005d|$c0$l706382342^i0 size=8388608 queue_latency_us=0 attempt=0
I0909 09:23:24.745155    1584 grpc_transport.cc:1743] [MEGASCALE_TRANSPORT_INSTR] SendRpc: key=psum.7_0_1_ag_0_sr_45_46|s100005->200005d|$c0$l706382342^i0 size=8388608 queue_latency_us=0 attempt=0
I0909 09:23:24.753809    1372 grpc_transport.cc:1743] [MEGASCALE_TRANSPORT_INSTR] SendRpc: key=psum.7_0_1_ag_0_sr_3_4|s100003->200003d|$c0$l706382342^i0 size=8388608 queue_latency_us=0 attempt=0
I0909 09:23:24.766284     802 grpc_transport.cc:1743] [MEGASCALE_TRANSPORT_INSTR] SendRpc: key=psum.7_0_1_ag_0_sr_42_43|s100006->200006d|$c0$l706382342^i0 size=8388608 queue_latency_us=0 attempt=0
I0909 09:23:24.772141    1728 grpc_transport.cc:1414] [MEGASCALE_TRANSPORT_INSTR] Recv: key=psum.7_0_1_ag_0_sr_90_91|s200006->100006d|$c0$l706382342^i0 size=0 is_single_chunk=true is_aligned=true memcpy_needed=false
I0909 09:23:24.791260    1728 grpc_transport.cc:1414] [MEGASCALE_TRANSPORT_INSTR] Recv: key=psum.7_0_1_ag_0_sr_82_83|s200003->100003d|$c0$l706382342^i0 size=0 is_single_chunk=true is_aligned=true memcpy_needed=false
I0909 09:23:24.810530    1728 grpc_transport.cc:1414] [MEGASCALE_TRANSPORT_INSTR] Recv: key=psum.7_0_1_ag_0_sr_87_88|s200007->100007d|$c0$l706382342^i0 size=0 is_single_chunk=true is_aligned=true memcpy_needed=false
I0909 09:23:24.829328    1377 grpc_transport.cc:1414] [MEGASCALE_TRANSPORT_INSTR] Recv: key=psum.7_0_1_ag_0_sr_90_91|s200000->100000d|$c0$l706382342^i0 size=0 is_single_chunk=true is_aligned=true memcpy_needed=false
I0909 09:23:24.851753    1380 grpc_transport.cc:1414] [MEGASCALE_TRANSPORT_INSTR] Recv: key=psum.7_0_1_ag_0_sr_111_112|s200005->100005d|$c0$l706382342^i0 size=0 is_single_chunk=true is_aligned=true memcpy_needed=false
I0909 09:23:24.864697    1733 grpc_transport.cc:1743] [MEGASCALE_TRANSPORT_INSTR] SendRpc: key=psum.7_0_sr_78_79|s100007->200007d|$c0$l706382343^i0 size=8388608 queue_latency_us=0 attempt=0
I0909 09:23:24.868485    1750 grpc_transport.cc:1743] [MEGASCALE_TRANSPORT_INSTR] SendRpc: key=psum.7_0_sr_70_71|s100006->200006d|$c0$l706382343^i0 size=8388608 queue_latency_us=0 attempt=0
I0909 09:23:24.872710    1753 grpc_transport.cc:1743] [MEGASCALE_TRANSPORT_INSTR] SendRpc: key=psum.7_0_sr_121_122|s100007->200007d|$c0$l706382343^i0 size=8388608 queue_latency_us=0 attempt=0
I0909 09:23:24.876443    1393 grpc_transport.cc:1743] [MEGASCALE_TRANSPORT_INSTR] SendRpc: key=psum.7_0_sr_104_105|s100001->200001d|$c0$l706382343^i0 size=8388608 queue_latency_us=8 attempt=0
I0909 09:23:24.881080    1533 grpc_transport.cc:1743] [MEGASCALE_TRANSPORT_INSTR] SendRpc: key=psum.7_0_sr_93_94|s100005->200005d|$c0$l706382343^i0 size=8388608 queue_latency_us=0 attempt=0
I0909 09:23:24.940812     784 grpc_transport.cc:1414] [MEGASCALE_TRANSPORT_INSTR] Recv: key=psum.7_0_sr_35_36|s200001->100001d|$c0$l706382343^i0 size=0 is_single_chunk=true is_aligned=true memcpy_needed=false
I0909 09:23:24.962900    1372 grpc_transport.cc:1414] [MEGASCALE_TRANSPORT_INSTR] Recv: key=psum.7_0_sr_2_3|s200006->100006d|$c0$l706382343^i0 size=0 is_single_chunk=true is_aligned=true memcpy_needed=false
I0909 09:23:24.983470    1375 grpc_transport.cc:1414] [MEGASCALE_TRANSPORT_INSTR] Recv: key=psum.7_0_sr_36_37|s200000->100000d|$c0$l706382343^i0 size=0 is_single_chunk=true is_aligned=true memcpy_needed=false
I0909 09:23:25.000546    1393 grpc_transport.cc:1743] [MEGASCALE_TRANSPORT_INSTR] SendRpc: key=psum.7_0_1_ag_0_sr_9_10|s100001->200001d|$c0$l706382343^i0 size=8388608 queue_latency_us=0 attempt=0
I0909 09:23:25.003266    1374 grpc_transport.cc:1414] [MEGASCALE_TRANSPORT_INSTR] Recv: key=psum.7_0_sr_42_43|s200005->100005d|$c0$l706382343^i0 size=0 is_single_chunk=true is_aligned=true memcpy_needed=false
I0909 09:23:25.021229    1376 grpc_transport.cc:1743] [MEGASCALE_TRANSPORT_INSTR] SendRpc: key=psum.7_0_1_ag_0_sr_6_7|s100003->200003d|$c0$l706382343^i0 size=8388608 queue_latency_us=0 attempt=0
I0909 09:23:25.023957    1372 grpc_transport.cc:1414] [MEGASCALE_TRANSPORT_INSTR] Recv: key=psum.7_0_sr_56_57|s200005->100005d|$c0$l706382343^i0 size=0 is_single_chunk=true is_aligned=true memcpy_needed=false
I0909 09:23:25.033789    1400 grpc_transport.cc:1743] [MEGASCALE_TRANSPORT_INSTR] SendRpc: key=psum.7_0_1_ag_0_sr_12_13|s100000->200000d|$c0$l706382343^i0 size=8388608 queue_latency_us=1 attempt=0
I0909 09:23:25.047492    1372 grpc_transport.cc:1414] [MEGASCALE_TRANSPORT_INSTR] Recv: key=psum.7_0_sr_56_57|s200002->100002d|$c0$l706382343^i0 size=0 is_single_chunk=true is_aligned=true memcpy_needed=false
I0909 09:23:25.048403     784 grpc_transport.cc:1743] [MEGASCALE_TRANSPORT_INSTR] SendRpc: key=psum.7_0_1_ag_0_sr_48_49|s100005->200005d|$c0$l706382343^i0 size=8388608 queue_latency_us=0 attempt=0
I0909 09:23:25.064864    1379 grpc_transport.cc:1414] [MEGASCALE_TRANSPORT_INSTR] Recv: key=psum.7_0_1_ag_0_sr_73_74|s200003->100003d|$c0$l706382343^i0 size=0 is_single_chunk=true is_aligned=true memcpy_needed=false
I0909 09:23:25.077846    1374 grpc_transport.cc:1743] [MEGASCALE_TRANSPORT_INSTR] SendRpc: key=psum.7_0_1_ag_0_sr_21_22|s100006->200006d|$c0$l706382343^i0 size=8388608 queue_latency_us=0 attempt=0
I0909 09:23:25.083757     784 grpc_transport.cc:1414] [MEGASCALE_TRANSPORT_INSTR] Recv: key=psum.7_0_1_ag_0_sr_117_118|s200003->100003d|$c0$l706382343^i0 size=0 is_single_chunk=true is_aligned=true memcpy_needed=false
I0909 09:23:25.086366    1724 grpc_transport.cc:1743] [MEGASCALE_TRANSPORT_INSTR] SendRpc: key=psum.7_0_1_ag_0_sr_56_57|s100002->200002d|$c0$l706382343^i0 size=8388608 queue_latency_us=0 attempt=0
I0909 09:23:25.100663    1372 grpc_transport.cc:1414] [MEGASCALE_TRANSPORT_INSTR] Recv: key=psum.7_0_1_ag_0_sr_81_82|s200002->100002d|$c0$l706382343^i0 size=0 is_single_chunk=true is_aligned=true memcpy_needed=false
I0909 09:23:25.125929    1374 grpc_transport.cc:1414] [MEGASCALE_TRANSPORT_INSTR] Recv: key=psum.7_0_1_ag_0_sr_99_100|s200005->100005d|$c0$l706382343^i0 size=0 is_single_chunk=true is_aligned=true memcpy_needed=false
I0909 09:23:25.146915    1510 grpc_transport.cc:1743] [MEGASCALE_TRANSPORT_INSTR] SendRpc: key=psum.7_0_sr_81_82|s100001->200001d|$c0$l706382344^i0 size=8388608 queue_latency_us=0 attempt=0
I0909 09:23:25.149806    1383 grpc_transport.cc:1743] [MEGASCALE_TRANSPORT_INSTR] SendRpc: key=psum.7_0_sr_94_95|s100005->200005d|$c0$l706382344^i0 size=8388608 queue_latency_us=0 attempt=0
I0909 09:23:25.152752    1392 grpc_transport.cc:1743] [MEGASCALE_TRANSPORT_INSTR] SendRpc: key=psum.7_0_sr_107_108|s100002->200002d|$c0$l706382344^i0 size=8388608 queue_latency_us=0 attempt=0
I0909 09:23:25.156193    1380 grpc_transport.cc:1743] [MEGASCALE_TRANSPORT_INSTR] SendRpc: key=psum.7_0_sr_101_102|s100003->200003d|$c0$l706382344^i0 size=8388608 queue_latency_us=0 attempt=0
I0909 09:23:25.161337    1392 grpc_transport.cc:1743] [MEGASCALE_TRANSPORT_INSTR] SendRpc: key=psum.7_0_sr_125_126|s100003->200003d|$c0$l706382344^i0 size=8388608 queue_latency_us=0 attempt=0
I0909 09:23:25.173424     786 grpc_transport.cc:1414] [MEGASCALE_TRANSPORT_INSTR] Recv: key=psum.7_0_sr_14_15|s200001->100001d|$c0$l706382344^i0 size=0 is_single_chunk=true is_aligned=true memcpy_needed=false
I0909 09:23:25.196278    1373 grpc_transport.cc:1414] [MEGASCALE_TRANSPORT_INSTR] Recv: key=psum.7_0_sr_23_24|s200002->100002d|$c0$l706382344^i0 size=0 is_single_chunk=true is_aligned=true memcpy_needed=false
I0909 09:23:25.214953     784 grpc_transport.cc:1414] [MEGASCALE_TRANSPORT_INSTR] Recv: key=psum.7_0_sr_42_43|s200000->100000d|$c0$l706382344^i0 size=0 is_single_chunk=true is_aligned=true memcpy_needed=false
I0909 09:23:25.235606     784 grpc_transport.cc:1414] [MEGASCALE_TRANSPORT_INSTR] Recv: key=psum.7_0_sr_58_59|s200005->100005d|$c0$l706382344^i0 size=0 is_single_chunk=true is_aligned=true memcpy_needed=false
I0909 09:23:25.252995    1384 grpc_transport.cc:1743] [MEGASCALE_TRANSPORT_INSTR] SendRpc: key=psum.7_0_1_ag_0_sr_30_31|s100000->200000d|$c0$l706382344^i0 size=8388608 queue_latency_us=0 attempt=0
I0909 09:23:25.258875    1724 grpc_transport.cc:1414] [MEGASCALE_TRANSPORT_INSTR] Recv: key=psum.7_0_sr_47_48|s200003->100003d|$c0$l706382344^i0 size=0 is_single_chunk=true is_aligned=true memcpy_needed=false
I0909 09:23:25.264869    1375 grpc_transport.cc:1743] [MEGASCALE_TRANSPORT_INSTR] SendRpc: key=psum.7_0_1_ag_0_sr_25_26|s100001->200001d|$c0$l706382344^i0 size=8388608 queue_latency_us=0 attempt=0
I0909 09:23:25.272127    1738 grpc_transport.cc:1743] [MEGASCALE_TRANSPORT_INSTR] SendRpc: key=psum.7_0_1_ag_0_sr_22_23|s100002->200002d|$c0$l706382344^i0 size=8388608 queue_latency_us=0 attempt=0
I0909 09:23:25.285966    1372 grpc_transport.cc:1743] [MEGASCALE_TRANSPORT_INSTR] SendRpc: key=psum.7_0_1_ag_0_sr_39_40|s100006->200006d|$c0$l706382344^i0 size=8388608 queue_latency_us=0 attempt=0
I0909 09:23:25.289375    1379 grpc_transport.cc:1414] [MEGASCALE_TRANSPORT_INSTR] Recv: key=psum.7_0_1_ag_0_sr_85_86|s200000->100000d|$c0$l706382344^i0 size=0 is_single_chunk=true is_aligned=true memcpy_needed=false
I0909 09:23:25.296952    1741 grpc_transport.cc:1743] [MEGASCALE_TRANSPORT_INSTR] SendRpc: key=psum.7_0_1_ag_0_sr_34_35|s100003->200003d|$c0$l706382344^i0 size=8388608 queue_latency_us=0 attempt=0
I0909 09:23:25.310134    1379 grpc_transport.cc:1414] [MEGASCALE_TRANSPORT_INSTR] Recv: key=psum.7_0_1_ag_0_sr_83_84|s200004->100004d|$c0$l706382344^i0 size=0 is_single_chunk=true is_aligned=true memcpy_needed=false
I0909 09:23:25.327683     784 grpc_transport.cc:1414] [MEGASCALE_TRANSPORT_INSTR] Recv: key=psum.7_0_1_ag_0_sr_80_81|s200001->100001d|$c0$l706382344^i0 size=0 is_single_chunk=true is_aligned=true memcpy_needed=false
I0909 09:23:25.345237    1384 grpc_transport.cc:1414] [MEGASCALE_TRANSPORT_INSTR] Recv: key=psum.7_0_1_ag_0_sr_122_123|s200001->100001d|$c0$l706382344^i0 size=0 is_single_chunk=true is_aligned=true memcpy_needed=false
I0909 09:23:25.372716    1374 grpc_transport.cc:1414] [MEGASCALE_TRANSPORT_INSTR] Recv: key=psum.7_0_1_ag_0_sr_79_80|s200005->100005d|$c0$l706382344^i0 size=0 is_single_chunk=true is_aligned=true memcpy_needed=false
I0909 09:23:25.406860    1389 grpc_transport.cc:1743] [MEGASCALE_TRANSPORT_INSTR] SendRpc: key=psum.7_0_sr_72_73|s100004->200004d|$c0$l706382345^i0 size=8388608 queue_latency_us=0 attempt=0
I0909 09:23:25.410832     809 grpc_transport.cc:1743] [MEGASCALE_TRANSPORT_INSTR] SendRpc: key=psum.7_0_sr_81_82|s100006->200006d|$c0$l706382345^i0 size=8388608 queue_latency_us=1 attempt=0
I0909 09:23:25.411329    1385 grpc_transport.cc:1414] [MEGASCALE_TRANSPORT_INSTR] Recv: key=psum.7_0_sr_25_26|s200006->100006d|$c0$l706382345^i0 size=0 is_single_chunk=true is_aligned=true memcpy_needed=false
I0909 09:23:25.413357     784 grpc_transport.cc:1743] [MEGASCALE_TRANSPORT_INSTR] SendRpc: key=psum.7_0_sr_117_118|s100000->200000d|$c0$l706382345^i0 size=8388608 queue_latency_us=0 attempt=0
I0909 09:23:25.416318    1394 grpc_transport.cc:1743] [MEGASCALE_TRANSPORT_INSTR] SendRpc: key=psum.7_0_sr_106_107|s100003->200003d|$c0$l706382345^i0 size=8388608 queue_latency_us=0 attempt=0
I0909 09:23:25.421279    1411 grpc_transport.cc:1743] [MEGASCALE_TRANSPORT_INSTR] SendRpc: key=psum.7_0_sr_116_117|s100007->200007d|$c0$l706382345^i0 size=8388608 queue_latency_us=0 attempt=0
I0909 09:23:25.436126    1380 grpc_transport.cc:1414] [MEGASCALE_TRANSPORT_INSTR] Recv: key=psum.7_0_sr_23_24|s200003->100003d|$c0$l706382345^i0 size=0 is_single_chunk=true is_aligned=true memcpy_needed=false
I0909 09:23:25.455421    1377 grpc_transport.cc:1414] [MEGASCALE_TRANSPORT_INSTR] Recv: key=psum.7_0_sr_35_36|s200000->100000d|$c0$l706382345^i0 size=0 is_single_chunk=true is_aligned=true memcpy_needed=false
I0909 09:23:25.472079    1372 grpc_transport.cc:1414] [MEGASCALE_TRANSPORT_INSTR] Recv: key=psum.7_0_sr_44_45|s200003->100003d|$c0$l706382345^i0 size=0 is_single_chunk=true is_aligned=true memcpy_needed=false
I0909 09:23:25.491595    1374 grpc_transport.cc:1414] [MEGASCALE_TRANSPORT_INSTR] Recv: key=psum.7_0_sr_62_63|s200005->100005d|$c0$l706382345^i0 size=0 is_single_chunk=true is_aligned=true memcpy_needed=false
I0909 09:23:25.498142    1418 grpc_transport.cc:1743] [MEGASCALE_TRANSPORT_INSTR] SendRpc: key=psum.7_0_1_ag_0_sr_20_21|s100001->200001d|$c0$l706382345^i0 size=8388608 queue_latency_us=0 attempt=0
I0909 09:23:25.505868    1377 grpc_transport.cc:1743] [MEGASCALE_TRANSPORT_INSTR] SendRpc: key=psum.7_0_1_ag_0_sr_29_30|s100004->200004d|$c0$l706382345^i0 size=8388608 queue_latency_us=0 attempt=0
I0909 09:23:25.518998    1393 grpc_transport.cc:1743] [MEGASCALE_TRANSPORT_INSTR] SendRpc: key=psum.7_0_1_ag_0_sr_2_3|s100005->200005d|$c0$l706382345^i0 size=8388608 queue_latency_us=0 attempt=0
I0909 09:23:25.524094    1374 grpc_transport.cc:1743] [MEGASCALE_TRANSPORT_INSTR] SendRpc: key=psum.7_0_1_ag_0_sr_41_42|s100003->200003d|$c0$l706382345^i0 size=8388608 queue_latency_us=0 attempt=0
I0909 09:23:25.534025    1373 grpc_transport.cc:1743] [MEGASCALE_TRANSPORT_INSTR] SendRpc: key=psum.7_0_1_ag_0_sr_13_14|s100007->200007d|$c0$l706382345^i0 size=8388608 queue_latency_us=0 attempt=0
I0909 09:23:25.539084    1375 grpc_transport.cc:1414] [MEGASCALE_TRANSPORT_INSTR] Recv: key=psum.7_0_1_ag_0_sr_91_92|s200000->100000d|$c0$l706382345^i0 size=0 is_single_chunk=true is_aligned=true memcpy_needed=false
I0909 09:23:25.568884    1377 grpc_transport.cc:1414] [MEGASCALE_TRANSPORT_INSTR] Recv: key=psum.7_0_1_ag_0_sr_100_101|s200004->100004d|$c0$l706382345^i0 size=0 is_single_chunk=true is_aligned=true memcpy_needed=false
I0909 09:23:25.595555     784 grpc_transport.cc:1414] [MEGASCALE_TRANSPORT_INSTR] Recv: key=psum.7_0_1_ag_0_sr_68_69|s200001->100001d|$c0$l706382345^i0 size=0 is_single_chunk=true is_aligned=true memcpy_needed=false
I0909 09:23:25.613235    1724 grpc_transport.cc:1414] [MEGASCALE_TRANSPORT_INSTR] Recv: key=psum.7_0_1_ag_0_sr_66_67|s200007->100007d|$c0$l706382345^i0 size=0 is_single_chunk=true is_aligned=true memcpy_needed=false
I0909 09:23:25.630673     785 grpc_transport.cc:1414] [MEGASCALE_TRANSPORT_INSTR] Recv: key=psum.7_0_1_ag_0_sr_127_128|s200003->100003d|$c0$l706382345^i0 size=0 is_single_chunk=true is_aligned=true memcpy_needed=false
I0909 09:23:25.662624     786 grpc_transport.cc:1743] [MEGASCALE_TRANSPORT_INSTR] SendRpc: key=psum.7_0_sr_67_68|s100001->200001d|$c0$l706382346^i0 size=8388608 queue_latency_us=0 attempt=0
I0909 09:23:25.664475    1400 grpc_transport.cc:1414] [MEGASCALE_TRANSPORT_INSTR] Recv: key=psum.7_0_sr_14_15|s200001->100001d|$c0$l706382346^i0 size=0 is_single_chunk=true is_aligned=true memcpy_needed=false
I0909 09:23:25.667563    1462 grpc_transport.cc:1743] [MEGASCALE_TRANSPORT_INSTR] SendRpc: key=psum.7_0_sr_79_80|s100004->200004d|$c0$l706382346^i0 size=8388608 queue_latency_us=0 attempt=0
I0909 09:23:25.671707     785 grpc_transport.cc:1743] [MEGASCALE_TRANSPORT_INSTR] SendRpc: key=psum.7_0_sr_88_89|s100005->200005d|$c0$l706382346^i0 size=8388608 queue_latency_us=0 attempt=0
I0909 09:23:25.676058     793 grpc_transport.cc:1743] [MEGASCALE_TRANSPORT_INSTR] SendRpc: key=psum.7_0_sr_104_105|s100004->200004d|$c0$l706382346^i0 size=8388608 queue_latency_us=0 attempt=0
I0909 09:23:25.681398    1430 grpc_transport.cc:1743] [MEGASCALE_TRANSPORT_INSTR] SendRpc: key=psum.7_0_sr_103_104|s100006->200006d|$c0$l706382346^i0 size=8388608 queue_latency_us=0 attempt=0
I0909 09:23:25.700565    1393 grpc_transport.cc:1414] [MEGASCALE_TRANSPORT_INSTR] Recv: key=psum.7_0_sr_16_17|s200004->100004d|$c0$l706382346^i0 size=0 is_single_chunk=true is_aligned=true memcpy_needed=false
I0909 09:23:25.719449     784 grpc_transport.cc:1414] [MEGASCALE_TRANSPORT_INSTR] Recv: key=psum.7_0_sr_44_45|s200001->100001d|$c0$l706382346^i0 size=0 is_single_chunk=true is_aligned=true memcpy_needed=false
I0909 09:23:25.736129    1374 grpc_transport.cc:1414] [MEGASCALE_TRANSPORT_INSTR] Recv: key=psum.7_0_sr_39_40|s200003->100003d|$c0$l706382346^i0 size=0 is_single_chunk=true is_aligned=true memcpy_needed=false
I0909 09:23:25.754750    1377 grpc_transport.cc:1414] [MEGASCALE_TRANSPORT_INSTR] Recv: key=psum.7_0_sr_52_53|s200000->100000d|$c0$l706382346^i0 size=0 is_single_chunk=true is_aligned=true memcpy_needed=false
I0909 09:23:25.761836    1393 grpc_transport.cc:1743] [MEGASCALE_TRANSPORT_INSTR] SendRpc: key=psum.7_0_1_ag_0_sr_35_36|s100001->200001d|$c0$l706382346^i0 size=8388608 queue_latency_us=1 attempt=0
I0909 09:23:25.779972    1376 grpc_transport.cc:1414] [MEGASCALE_TRANSPORT_INSTR] Recv: key=psum.7_0_sr_58_59|s200007->100007d|$c0$l706382346^i0 size=0 is_single_chunk=true is_aligned=true memcpy_needed=false
I0909 09:23:25.781012    1383 grpc_transport.cc:1743] [MEGASCALE_TRANSPORT_INSTR] SendRpc: key=psum.7_0_1_ag_0_sr_11_12|s100000->200000d|$c0$l706382346^i0 size=8388608 queue_latency_us=0 attempt=0
I0909 09:23:25.787141     810 grpc_transport.cc:1743] [MEGASCALE_TRANSPORT_INSTR] SendRpc: key=psum.7_0_1_ag_0_sr_49_50|s100006->200006d|$c0$l706382346^i0 size=8388608 queue_latency_us=0 attempt=0
I0909 09:23:25.801996     784 grpc_transport.cc:1414] [MEGASCALE_TRANSPORT_INSTR] Recv: key=psum.7_0_1_ag_0_sr_115_116|s200001->100001d|$c0$l706382346^i0 size=0 is_single_chunk=true is_aligned=true memcpy_needed=false
I0909 09:23:25.803491    1391 grpc_transport.cc:1743] [MEGASCALE_TRANSPORT_INSTR] SendRpc: key=psum.7_0_1_ag_0_sr_27_28|s100005->200005d|$c0$l706382346^i0 size=8388608 queue_latency_us=0 attempt=0
I0909 09:23:25.812199    1409 grpc_transport.cc:1743] [MEGASCALE_TRANSPORT_INSTR] SendRpc: key=psum.7_0_1_ag_0_sr_7_8|s100007->200007d|$c0$l706382346^i0 size=8388608 queue_latency_us=0 attempt=0
I0909 09:23:25.826226    1902 grpc_transport.cc:1414] [MEGASCALE_TRANSPORT_INSTR] Recv: key=psum.7_0_1_ag_0_sr_86_87|s200004->100004d|$c0$l706382346^i0 size=0 is_single_chunk=true is_aligned=true memcpy_needed=false
I0909 09:23:25.853195     784 grpc_transport.cc:1414] [MEGASCALE_TRANSPORT_INSTR] Recv: key=psum.7_0_1_ag_0_sr_84_85|s200000->100000d|$c0$l706382346^i0 size=0 is_single_chunk=true is_aligned=true memcpy_needed=false
I0909 09:23:25.871558    1379 grpc_transport.cc:1414] [MEGASCALE_TRANSPORT_INSTR] Recv: key=psum.7_0_1_ag_0_sr_123_124|s200000->100000d|$c0$l706382346^i0 size=0 is_single_chunk=true is_aligned=true memcpy_needed=false
I0909 09:23:25.892626    1374 grpc_transport.cc:1414] [MEGASCALE_TRANSPORT_INSTR] Recv: key=psum.7_0_1_ag_0_sr_125_126|s200002->100002d|$c0$l706382346^i0 size=0 is_single_chunk=true is_aligned=true memcpy_needed=false
I0909 09:23:25.906612     804 grpc_transport.cc:1743] [MEGASCALE_TRANSPORT_INSTR] SendRpc: key=psum.7_0_sr_65_66|s100003->200003d|$c0$l706382347^i0 size=8388608 queue_latency_us=0 attempt=0
I0909 09:23:25.910655    1903 grpc_transport.cc:1743] [MEGASCALE_TRANSPORT_INSTR] SendRpc: key=psum.7_0_sr_65_66|s100005->200005d|$c0$l706382347^i0 size=8388608 queue_latency_us=0 attempt=0
I0909 09:23:25.913282    1392 grpc_transport.cc:1743] [MEGASCALE_TRANSPORT_INSTR] SendRpc: key=psum.7_0_sr_77_78|s100006->200006d|$c0$l706382347^i0 size=8388608 queue_latency_us=0 attempt=0
I0909 09:23:25.915310     787 grpc_transport.cc:1743] [MEGASCALE_TRANSPORT_INSTR] SendRpc: key=psum.7_0_sr_100_101|s100004->200004d|$c0$l706382347^i0 size=8388608 queue_latency_us=0 attempt=0
I0909 09:23:25.919489    1620 grpc_transport.cc:1743] [MEGASCALE_TRANSPORT_INSTR] SendRpc: key=psum.7_0_sr_114_115|s100002->200002d|$c0$l706382347^i0 size=8388608 queue_latency_us=0 attempt=0
I0909 09:23:25.962935    1376 grpc_transport.cc:1414] [MEGASCALE_TRANSPORT_INSTR] Recv: key=psum.7_0_sr_21_22|s200002->100002d|$c0$l706382347^i0 size=0 is_single_chunk=true is_aligned=true memcpy_needed=false
I0909 09:23:25.985535    1378 grpc_transport.cc:1414] [MEGASCALE_TRANSPORT_INSTR] Recv: key=psum.7_0_sr_17_18|s200002->100002d|$c0$l706382347^i0 size=0 is_single_chunk=true is_aligned=true memcpy_needed=false
I0909 09:23:26.004459    1379 grpc_transport.cc:1414] [MEGASCALE_TRANSPORT_INSTR] Recv: key=psum.7_0_sr_35_36|s200003->100003d|$c0$l706382347^i0 size=0 is_single_chunk=true is_aligned=true memcpy_needed=false
I0909 09:23:26.022134    1386 grpc_transport.cc:1743] [MEGASCALE_TRANSPORT_INSTR] SendRpc: key=psum.7_0_1_ag_0_sr_7_8|s100001->200001d|$c0$l706382347^i0 size=8388608 queue_latency_us=0 attempt=0
I0909 09:23:26.028348    1900 grpc_transport.cc:1414] [MEGASCALE_TRANSPORT_INSTR] Recv: key=psum.7_0_sr_57_58|s200003->100003d|$c0$l706382347^i0 size=0 is_single_chunk=true is_aligned=true memcpy_needed=false
I0909 09:23:26.038987    1379 grpc_transport.cc:1743] [MEGASCALE_TRANSPORT_INSTR] SendRpc: key=psum.7_0_1_ag_0_sr_36_37|s100004->200004d|$c0$l706382347^i0 size=8388608 queue_latency_us=0 attempt=0
I0909 09:23:26.048329    1901 grpc_transport.cc:1743] [MEGASCALE_TRANSPORT_INSTR] SendRpc: key=psum.7_0_1_ag_0_sr_16_17|s100000->200000d|$c0$l706382347^i0 size=8388608 queue_latency_us=0 attempt=0
I0909 09:23:26.050949    1391 grpc_transport.cc:1414] [MEGASCALE_TRANSPORT_INSTR] Recv: key=psum.7_0_1_ag_0_sr_77_78|s200004->100004d|$c0$l706382347^i0 size=0 is_single_chunk=true is_aligned=true memcpy_needed=false
I0909 09:23:26.068582    1373 grpc_transport.cc:1743] [MEGASCALE_TRANSPORT_INSTR] SendRpc: key=psum.7_0_1_ag_0_sr_55_56|s100002->200002d|$c0$l706382347^i0 size=8388608 queue_latency_us=0 attempt=0
I0909 09:23:26.072447    1379 grpc_transport.cc:1414] [MEGASCALE_TRANSPORT_INSTR] Recv: key=psum.7_0_1_ag_0_sr_67_68|s200001->100001d|$c0$l706382347^i0 size=0 is_single_chunk=true is_aligned=true memcpy_needed=false
I0909 09:23:26.086448    1738 grpc_transport.cc:1743] [MEGASCALE_TRANSPORT_INSTR] SendRpc: key=psum.7_0_1_ag_0_sr_49_50|s100006->200006d|$c0$l706382347^i0 size=8388608 queue_latency_us=0 attempt=0
I0909 09:23:26.092488    1387 grpc_transport.cc:1414] [MEGASCALE_TRANSPORT_INSTR] Recv: key=psum.7_0_1_ag_0_sr_74_75|s200005->100005d|$c0$l706382347^i0 size=0 is_single_chunk=true is_aligned=true memcpy_needed=false
I0909 09:23:26.100135    1724 grpc_transport.cc:1743] [MEGASCALE_TRANSPORT_INSTR] SendRpc: key=psum.7_0_1_ag_0_sr_62_63|s100007->200007d|$c0$l706382347^i0 size=8388608 queue_latency_us=0 attempt=0
I0909 09:23:26.108606     785 grpc_transport.cc:1414] [MEGASCALE_TRANSPORT_INSTR] Recv: key=psum.7_0_1_ag_0_sr_109_110|s200000->100000d|$c0$l706382347^i0 size=0 is_single_chunk=true is_aligned=true memcpy_needed=false
I0909 09:23:26.130602    1373 grpc_transport.cc:1414] [MEGASCALE_TRANSPORT_INSTR] Recv: key=psum.7_0_1_ag_0_sr_99_100|s200007->100007d|$c0$l706382347^i0 size=0 is_single_chunk=true is_aligned=true memcpy_needed=false
I0909 09:23:26.165781    1724 grpc_transport.cc:1414] [MEGASCALE_TRANSPORT_INSTR] Recv: key=psum.7_0_1_ag_0_sr_98_99|s200006->100006d|$c0$l706382347^i0 size=0 is_single_chunk=true is_aligned=true memcpy_needed=false
I0909 09:23:26.191585     784 grpc_transport.cc:1414] [MEGASCALE_TRANSPORT_INSTR] Recv: key=psum.7_0_sr_16_17|s200004->100004d|$c0$l706382348^i0 size=0 is_single_chunk=true is_aligned=true memcpy_needed=false
I0909 09:23:26.197124    1417 grpc_transport.cc:1743] [MEGASCALE_TRANSPORT_INSTR] SendRpc: key=psum.7_0_sr_74_75|s100006->200006d|$c0$l706382348^i0 size=8388608 queue_latency_us=0 attempt=0
I0909 09:23:26.199648    1502 grpc_transport.cc:1743] [MEGASCALE_TRANSPORT_INSTR] SendRpc: key=psum.7_0_sr_77_78|s100003->200003d|$c0$l706382348^i0 size=8388608 queue_latency_us=0 attempt=0
I0909 09:23:26.202729    1386 grpc_transport.cc:1743] [MEGASCALE_TRANSPORT_INSTR] SendRpc: key=psum.7_0_sr_118_119|s100004->200004d|$c0$l706382348^i0 size=8388608 queue_latency_us=0 attempt=0
I0909 09:23:26.206200    1462 grpc_transport.cc:1743] [MEGASCALE_TRANSPORT_INSTR] SendRpc: key=psum.7_0_sr_106_107|s100005->200005d|$c0$l706382348^i0 size=8388608 queue_latency_us=0 attempt=0
I0909 09:23:26.214196    1724 grpc_transport.cc:1743] [MEGASCALE_TRANSPORT_INSTR] SendRpc: key=psum.7_0_sr_114_115|s100006->200006d|$c0$l706382348^i0 size=8388608 queue_latency_us=0 attempt=0
I0909 09:23:26.219852    1906 grpc_transport.cc:1414] [MEGASCALE_TRANSPORT_INSTR] Recv: key=psum.7_0_sr_16_17|s200003->100003d|$c0$l706382348^i0 size=0 is_single_chunk=true is_aligned=true memcpy_needed=false
I0909 09:23:26.239368    1374 grpc_transport.cc:1414] [MEGASCALE_TRANSPORT_INSTR] Recv: key=psum.7_0_sr_5_6|s200002->100002d|$c0$l706382348^i0 size=0 is_single_chunk=true is_aligned=true memcpy_needed=false
I0909 09:23:26.258151    1724 grpc_transport.cc:1414] [MEGASCALE_TRANSPORT_INSTR] Recv: key=psum.7_0_sr_33_34|s200002->100002d|$c0$l706382348^i0 size=0 is_single_chunk=true is_aligned=true memcpy_needed=false
I0909 09:23:26.275098    1377 grpc_transport.cc:1414] [MEGASCALE_TRANSPORT_INSTR] Recv: key=psum.7_0_sr_56_57|s200005->100005d|$c0$l706382348^i0 size=0 is_single_chunk=true is_aligned=true memcpy_needed=false
I0909 09:23:26.288093    1394 grpc_transport.cc:1743] [MEGASCALE_TRANSPORT_INSTR] SendRpc: key=psum.7_0_1_ag_0_sr_21_22|s100002->200002d|$c0$l706382348^i0 size=8388608 queue_latency_us=0 attempt=0
I0909 09:23:26.295855    1408 grpc_transport.cc:1743] [MEGASCALE_TRANSPORT_INSTR] SendRpc: key=psum.7_0_1_ag_0_sr_53_54|s100007->200007d|$c0$l706382348^i0 size=8388608 queue_latency_us=0 attempt=0
I0909 09:23:26.300993    1724 grpc_transport.cc:1743] [MEGASCALE_TRANSPORT_INSTR] SendRpc: key=psum.7_0_1_ag_0_sr_25_26|s100003->200003d|$c0$l706382348^i0 size=8388608 queue_latency_us=0 attempt=0
I0909 09:23:26.304827    1379 grpc_transport.cc:1743] [MEGASCALE_TRANSPORT_INSTR] SendRpc: key=psum.7_0_1_ag_0_sr_44_45|s100004->200004d|$c0$l706382348^i0 size=8388608 queue_latency_us=0 attempt=0
I0909 09:23:26.308409    1928 grpc_transport.cc:1743] [MEGASCALE_TRANSPORT_INSTR] SendRpc: key=psum.7_0_1_ag_0_sr_63_64|s100001->200001d|$c0$l706382348^i0 size=8388608 queue_latency_us=0 attempt=0
I0909 09:23:26.335806     784 grpc_transport.cc:1414] [MEGASCALE_TRANSPORT_INSTR] Recv: key=psum.7_0_1_ag_0_sr_125_126|s200004->100004d|$c0$l706382348^i0 size=0 is_single_chunk=true is_aligned=true memcpy_needed=false
I0909 09:23:26.356489    1724 grpc_transport.cc:1414] [MEGASCALE_TRANSPORT_INSTR] Recv: key=psum.7_0_1_ag_0_sr_118_119|s200003->100003d|$c0$l706382348^i0 size=0 is_single_chunk=true is_aligned=true memcpy_needed=false
I0909 09:23:26.381477    1379 grpc_transport.cc:1414] [MEGASCALE_TRANSPORT_INSTR] Recv: key=psum.7_0_1_ag_0_sr_95_96|s200001->100001d|$c0$l706382348^i0 size=0 is_single_chunk=true is_aligned=true memcpy_needed=false
I0909 09:23:26.405194    1376 grpc_transport.cc:1414] [MEGASCALE_TRANSPORT_INSTR] Recv: key=psum.7_0_1_ag_0_sr_72_73|s200005->100005d|$c0$l706382348^i0 size=0 is_single_chunk=true is_aligned=true memcpy_needed=false
I0909 09:23:26.440178    1376 grpc_transport.cc:1414] [MEGASCALE_TRANSPORT_INSTR] Recv: key=psum.7_0_1_ag_0_sr_100_101|s200006->100006d|$c0$l706382348^i0 size=0 is_single_chunk=true is_aligned=true memcpy_needed=false
I0909 09:23:26.473942    1901 grpc_transport.cc:1414] [MEGASCALE_TRANSPORT_INSTR] Recv: key=psum.7_0_sr_5_6|s200001->100001d|$c0$l706382349^i0 size=0 is_single_chunk=true is_aligned=true memcpy_needed=false
I0909 09:23:26.477583    1750 grpc_transport.cc:1743] [MEGASCALE_TRANSPORT_INSTR] SendRpc: key=psum.7_0_sr_83_84|s100003->200003d|$c0$l706382349^i0 size=8388608 queue_latency_us=0 attempt=0
I0909 09:23:26.480278    1393 grpc_transport.cc:1743] [MEGASCALE_TRANSPORT_INSTR] SendRpc: key=psum.7_0_sr_95_96|s100001->200001d|$c0$l706382349^i0 size=8388608 queue_latency_us=0 attempt=0
I0909 09:23:26.482822    1393 grpc_transport.cc:1743] [MEGASCALE_TRANSPORT_INSTR] SendRpc: key=psum.7_0_sr_106_107|s100004->200004d|$c0$l706382349^i0 size=8388608 queue_latency_us=0 attempt=0
I0909 09:23:26.486600    1412 grpc_transport.cc:1743] [MEGASCALE_TRANSPORT_INSTR] SendRpc: key=psum.7_0_sr_124_125|s100005->200005d|$c0$l706382349^i0 size=8388608 queue_latency_us=0 attempt=0
I0909 09:23:26.491159    1387 grpc_transport.cc:1743] [MEGASCALE_TRANSPORT_INSTR] SendRpc: key=psum.7_0_sr_126_127|s100007->200007d|$c0$l706382349^i0 size=8388608 queue_latency_us=0 attempt=0
I0909 09:23:26.502959    1377 grpc_transport.cc:1414] [MEGASCALE_TRANSPORT_INSTR] Recv: key=psum.7_0_sr_17_18|s200000->100000d|$c0$l706382349^i0 size=0 is_single_chunk=true is_aligned=true memcpy_needed=false
I0909 09:23:26.522454     786 grpc_transport.cc:1414] [MEGASCALE_TRANSPORT_INSTR] Recv: key=psum.7_0_sr_33_34|s200000->100000d|$c0$l706382349^i0 size=0 is_single_chunk=true is_aligned=true memcpy_needed=false
I0909 09:23:26.539680    1374 grpc_transport.cc:1414] [MEGASCALE_TRANSPORT_INSTR] Recv: key=psum.7_0_sr_37_38|s200006->100006d|$c0$l706382349^i0 size=0 is_single_chunk=true is_aligned=true memcpy_needed=false
I0909 09:23:26.553521    1393 grpc_transport.cc:1743] [MEGASCALE_TRANSPORT_INSTR] SendRpc: key=psum.7_0_1_ag_0_sr_4_5|s100004->200004d|$c0$l706382349^i0 size=8388608 queue_latency_us=1 attempt=0
I0909 09:23:26.564226    1383 grpc_transport.cc:1743] [MEGASCALE_TRANSPORT_INSTR] SendRpc: key=psum.7_0_1_ag_0_sr_40_41|s100000->200000d|$c0$l706382349^i0 size=8388608 queue_latency_us=0 attempt=0
I0909 09:23:26.569252    1724 grpc_transport.cc:1414] [MEGASCALE_TRANSPORT_INSTR] Recv: key=psum.7_0_sr_49_50|s200007->100007d|$c0$l706382349^i0 size=0 is_single_chunk=true is_aligned=true memcpy_needed=false
I0909 09:23:26.592906    1724 grpc_transport.cc:1743] [MEGASCALE_TRANSPORT_INSTR] SendRpc: key=psum.7_0_1_ag_0_sr_63_64|s100007->200007d|$c0$l706382349^i0 size=8388608 queue_latency_us=0 attempt=0
I0909 09:23:26.600341    1385 grpc_transport.cc:1743] [MEGASCALE_TRANSPORT_INSTR] SendRpc: key=psum.7_0_1_ag_0_sr_56_57|s100003->200003d|$c0$l706382349^i0 size=8388608 queue_latency_us=1 attempt=0
I0909 09:23:26.607685     809 grpc_transport.cc:1743] [MEGASCALE_TRANSPORT_INSTR] SendRpc: key=psum.7_0_1_ag_0_sr_44_45|s100006->200006d|$c0$l706382349^i0 size=8388608 queue_latency_us=0 attempt=0
I0909 09:23:26.618914    1901 grpc_transport.cc:1414] [MEGASCALE_TRANSPORT_INSTR] Recv: key=psum.7_0_1_ag_0_sr_83_84|s200005->100005d|$c0$l706382349^i0 size=0 is_single_chunk=true is_aligned=true memcpy_needed=false
I0909 09:23:26.648288    1379 grpc_transport.cc:1414] [MEGASCALE_TRANSPORT_INSTR] Recv: key=psum.7_0_1_ag_0_sr_115_116|s200005->100005d|$c0$l706382349^i0 size=0 is_single_chunk=true is_aligned=true memcpy_needed=false
I0909 09:23:26.668616    1377 grpc_transport.cc:1414] [MEGASCALE_TRANSPORT_INSTR] Recv: key=psum.7_0_1_ag_0_sr_91_92|s200000->100000d|$c0$l706382349^i0 size=0 is_single_chunk=true is_aligned=true memcpy_needed=false
I0909 09:23:26.689428    1375 grpc_transport.cc:1414] [MEGASCALE_TRANSPORT_INSTR] Recv: key=psum.7_0_1_ag_0_sr_83_84|s200004->100004d|$c0$l706382349^i0 size=0 is_single_chunk=true is_aligned=true memcpy_needed=false
I0909 09:23:26.706117     784 grpc_transport.cc:1414] [MEGASCALE_TRANSPORT_INSTR] Recv: key=psum.7_0_1_ag_0_sr_96_97|s200003->100003d|$c0$l706382349^i0 size=0 is_single_chunk=true is_aligned=true memcpy_needed=false
I0909 09:23:26.735573    1906 grpc_transport.cc:1743] [MEGASCALE_TRANSPORT_INSTR] SendRpc: key=psum.7_0_sr_66_67|s100001->200001d|$c0$l706382350^i0 size=8388608 queue_latency_us=0 attempt=0
I0909 09:23:26.738866     790 grpc_transport.cc:1743] [MEGASCALE_TRANSPORT_INSTR] SendRpc: key=psum.7_0_sr_88_89|s100000->200000d|$c0$l706382350^i0 size=8388608 queue_latency_us=0 attempt=0
I0909 09:23:26.742620    1422 grpc_transport.cc:1743] [MEGASCALE_TRANSPORT_INSTR] SendRpc: key=psum.7_0_sr_67_68|s100002->200002d|$c0$l706382350^i0 size=8388608 queue_latency_us=0 attempt=0
I0909 09:23:26.745304    1760 grpc_transport.cc:1414] [MEGASCALE_TRANSPORT_INSTR] Recv: key=psum.7_0_sr_37_38|s200003->100003d|$c0$l706382350^i0 size=0 is_single_chunk=true is_aligned=true memcpy_needed=false
I0909 09:23:26.746404     808 grpc_transport.cc:1743] [MEGASCALE_TRANSPORT_INSTR] SendRpc: key=psum.7_0_sr_83_84|s100002->200002d|$c0$l706382350^i0 size=8388608 queue_latency_us=0 attempt=0
I0909 09:23:26.750638    1907 grpc_transport.cc:1743] [MEGASCALE_TRANSPORT_INSTR] SendRpc: key=psum.7_0_sr_120_121|s100005->200005d|$c0$l706382350^i0 size=8388608 queue_latency_us=0 attempt=0
I0909 09:23:26.772741     786 grpc_transport.cc:1414] [MEGASCALE_TRANSPORT_INSTR] Recv: key=psum.7_0_sr_6_7|s200004->100004d|$c0$l706382350^i0 size=0 is_single_chunk=true is_aligned=true memcpy_needed=false
I0909 09:23:26.791670    1376 grpc_transport.cc:1414] [MEGASCALE_TRANSPORT_INSTR] Recv: key=psum.7_0_sr_28_29|s200007->100007d|$c0$l706382350^i0 size=0 is_single_chunk=true is_aligned=true memcpy_needed=false
I0909 09:23:26.808521    1375 grpc_transport.cc:1414] [MEGASCALE_TRANSPORT_INSTR] Recv: key=psum.7_0_sr_39_40|s200001->100001d|$c0$l706382350^i0 size=0 is_single_chunk=true is_aligned=true memcpy_needed=false
I0909 09:23:26.813629    1394 grpc_transport.cc:1743] [MEGASCALE_TRANSPORT_INSTR] SendRpc: key=psum.7_0_1_ag_0_sr_48_49|s100003->200003d|$c0$l706382350^i0 size=8388608 queue_latency_us=0 attempt=0
I0909 09:23:26.826684    1722 grpc_transport.cc:1414] [MEGASCALE_TRANSPORT_INSTR] Recv: key=psum.7_0_sr_50_51|s200006->100006d|$c0$l706382350^i0 size=0 is_single_chunk=true is_aligned=true memcpy_needed=false
I0909 09:23:26.838165    1904 grpc_transport.cc:1743] [MEGASCALE_TRANSPORT_INSTR] SendRpc: key=psum.7_0_1_ag_0_sr_22_23|s100004->200004d|$c0$l706382350^i0 size=8388608 queue_latency_us=0 attempt=0
I0909 09:23:26.842937    1393 grpc_transport.cc:1743] [MEGASCALE_TRANSPORT_INSTR] SendRpc: key=psum.7_0_1_ag_0_sr_48_49|s100001->200001d|$c0$l706382350^i0 size=8388608 queue_latency_us=0 attempt=0
I0909 09:23:26.859714    1730 grpc_transport.cc:1414] [MEGASCALE_TRANSPORT_INSTR] Recv: key=psum.7_0_sr_45_46|s200002->100002d|$c0$l706382350^i0 size=0 is_single_chunk=true is_aligned=true memcpy_needed=false
I0909 09:23:26.865911    1394 grpc_transport.cc:1743] [MEGASCALE_TRANSPORT_INSTR] SendRpc: key=psum.7_0_1_ag_0_sr_19_20|s100007->200007d|$c0$l706382350^i0 size=8388608 queue_latency_us=0 attempt=0
I0909 09:23:26.877166    1746 grpc_transport.cc:1743] [MEGASCALE_TRANSPORT_INSTR] SendRpc: key=psum.7_0_1_ag_0_sr_55_56|s100002->200002d|$c0$l706382350^i0 size=8388608 queue_latency_us=0 attempt=0
I0909 09:23:26.883971    1374 grpc_transport.cc:1414] [MEGASCALE_TRANSPORT_INSTR] Recv: key=psum.7_0_1_ag_0_sr_68_69|s200007->100007d|$c0$l706382350^i0 size=0 is_single_chunk=true is_aligned=true memcpy_needed=false
I0909 09:23:26.903217    1375 grpc_transport.cc:1414] [MEGASCALE_TRANSPORT_INSTR] Recv: key=psum.7_0_1_ag_0_sr_89_90|s200000->100000d|$c0$l706382350^i0 size=0 is_single_chunk=true is_aligned=true memcpy_needed=false
I0909 09:23:26.924973    1900 grpc_transport.cc:1414] [MEGASCALE_TRANSPORT_INSTR] Recv: key=psum.7_0_1_ag_0_sr_91_92|s200004->100004d|$c0$l706382350^i0 size=0 is_single_chunk=true is_aligned=true memcpy_needed=false
I0909 09:23:26.947140    1373 grpc_transport.cc:1414] [MEGASCALE_TRANSPORT_INSTR] Recv: key=psum.7_0_1_ag_0_sr_67_68|s200002->100002d|$c0$l706382350^i0 size=0 is_single_chunk=true is_aligned=true memcpy_needed=false
I0909 09:23:26.965873    1374 grpc_transport.cc:1414] [MEGASCALE_TRANSPORT_INSTR] Recv: key=psum.7_0_1_ag_0_sr_120_121|s200002->100002d|$c0$l706382350^i0 size=0 is_single_chunk=true is_aligned=true memcpy_needed=false
I0909 09:23:26.975298     787 grpc_transport.cc:1743] [MEGASCALE_TRANSPORT_INSTR] SendRpc: key=psum.7_0_sr_95_96|s100004->200004d|$c0$l706382351^i0 size=8388608 queue_latency_us=0 attempt=0
I0909 09:23:26.981459     791 grpc_transport.cc:1743] [MEGASCALE_TRANSPORT_INSTR] SendRpc: key=psum.7_0_sr_99_100|s100000->200000d|$c0$l706382351^i0 size=8388608 queue_latency_us=0 attempt=0
I0909 09:23:26.984895    1741 grpc_transport.cc:1743] [MEGASCALE_TRANSPORT_INSTR] SendRpc: key=psum.7_0_sr_89_90|s100007->200007d|$c0$l706382351^i0 size=8388608 queue_latency_us=0 attempt=0
I0909 09:23:26.988113    1377 grpc_transport.cc:1743] [MEGASCALE_TRANSPORT_INSTR] SendRpc: key=psum.7_0_sr_98_99|s100001->200001d|$c0$l706382351^i0 size=8388608 queue_latency_us=0 attempt=0
I0909 09:23:26.992319     785 grpc_transport.cc:1743] [MEGASCALE_TRANSPORT_INSTR] SendRpc: key=psum.7_0_sr_109_110|s100005->200005d|$c0$l706382351^i0 size=8388608 queue_latency_us=0 attempt=0
I0909 09:23:27.050023    1373 grpc_transport.cc:1414] [MEGASCALE_TRANSPORT_INSTR] Recv: key=psum.7_0_sr_43_44|s200003->100003d|$c0$l706382351^i0 size=0 is_single_chunk=true is_aligned=true memcpy_needed=false
I0909 09:23:27.074101    1377 grpc_transport.cc:1414] [MEGASCALE_TRANSPORT_INSTR] Recv: key=psum.7_0_sr_19_20|s200001->100001d|$c0$l706382351^i0 size=0 is_single_chunk=true is_aligned=true memcpy_needed=false
I0909 09:23:27.094166    1373 grpc_transport.cc:1414] [MEGASCALE_TRANSPORT_INSTR] Recv: key=psum.7_0_sr_50_51|s200003->100003d|$c0$l706382351^i0 size=0 is_single_chunk=true is_aligned=true memcpy_needed=false
I0909 09:23:27.113199    1722 grpc_transport.cc:1743] [MEGASCALE_TRANSPORT_INSTR] SendRpc: key=psum.7_0_1_ag_0_sr_20_21|s100003->200003d|$c0$l706382351^i0 size=8388608 queue_latency_us=0 attempt=0
I0909 09:23:27.113964    1375 grpc_transport.cc:1414] [MEGASCALE_TRANSPORT_INSTR] Recv: key=psum.7_0_sr_60_61|s200001->100001d|$c0$l706382351^i0 size=0 is_single_chunk=true is_aligned=true memcpy_needed=false
I0909 09:23:27.119791    1730 grpc_transport.cc:1743] [MEGASCALE_TRANSPORT_INSTR] SendRpc: key=psum.7_0_1_ag_0_sr_60_61|s100003->200003d|$c0$l706382351^i0 size=8388608 queue_latency_us=0 attempt=0
I0909 09:23:27.130609    1900 grpc_transport.cc:1743] [MEGASCALE_TRANSPORT_INSTR] SendRpc: key=psum.7_0_1_ag_0_sr_22_23|s100001->200001d|$c0$l706382351^i0 size=8388608 queue_latency_us=0 attempt=0
I0909 09:23:27.140119    1374 grpc_transport.cc:1414] [MEGASCALE_TRANSPORT_INSTR] Recv: key=psum.7_0_sr_26_27|s200002->100002d|$c0$l706382351^i0 size=0 is_single_chunk=true is_aligned=true memcpy_needed=false
I0909 09:23:27.143183    1724 grpc_transport.cc:1743] [MEGASCALE_TRANSPORT_INSTR] SendRpc: key=psum.7_0_1_ag_0_sr_2_3|s100006->200006d|$c0$l706382351^i0 size=8388608 queue_latency_us=0 attempt=0
I0909 09:23:27.157075    1373 grpc_transport.cc:1414] [MEGASCALE_TRANSPORT_INSTR] Recv: key=psum.7_0_sr_57_58|s200002->100002d|$c0$l706382351^i0 size=0 is_single_chunk=true is_aligned=true memcpy_needed=false
I0909 09:23:27.164644    1385 grpc_transport.cc:1743] [MEGASCALE_TRANSPORT_INSTR] SendRpc: key=psum.7_0_1_ag_0_sr_36_37|s100007->200007d|$c0$l706382351^i0 size=8388608 queue_latency_us=0 attempt=0
I0909 09:23:27.173922    1900 grpc_transport.cc:1414] [MEGASCALE_TRANSPORT_INSTR] Recv: key=psum.7_0_1_ag_0_sr_66_67|s200001->100001d|$c0$l706382351^i0 size=0 is_single_chunk=true is_aligned=true memcpy_needed=false
I0909 09:23:27.192264     784 grpc_transport.cc:1414] [MEGASCALE_TRANSPORT_INSTR] Recv: key=psum.7_0_1_ag_0_sr_97_98|s200001->100001d|$c0$l706382351^i0 size=0 is_single_chunk=true is_aligned=true memcpy_needed=false
I0909 09:23:27.208377    1376 grpc_transport.cc:1414] [MEGASCALE_TRANSPORT_INSTR] Recv: key=psum.7_0_1_ag_0_sr_111_112|s200007->100007d|$c0$l706382351^i0 size=0 is_single_chunk=true is_aligned=true memcpy_needed=false
I0909 09:23:27.225086     784 grpc_transport.cc:1414] [MEGASCALE_TRANSPORT_INSTR] Recv: key=psum.7_0_1_ag_0_sr_124_125|s200003->100003d|$c0$l706382351^i0 size=0 is_single_chunk=true is_aligned=true memcpy_needed=false
I0909 09:23:27.243129     784 grpc_transport.cc:1743] [MEGASCALE_TRANSPORT_INSTR] SendRpc: key=psum.7_0_sr_92_93|s100001->200001d|$c0$l706382352^i0 size=8388608 queue_latency_us=0 attempt=0
I0909 09:23:27.247377    1484 grpc_transport.cc:1743] [MEGASCALE_TRANSPORT_INSTR] SendRpc: key=psum.7_0_sr_80_81|s100005->200005d|$c0$l706382352^i0 size=8388608 queue_latency_us=0 attempt=0
I0909 09:23:27.249770     810 grpc_transport.cc:1743] [MEGASCALE_TRANSPORT_INSTR] SendRpc: key=psum.7_0_sr_79_80|s100003->200003d|$c0$l706382352^i0 size=8388608 queue_latency_us=0 attempt=0
I0909 09:23:27.252239    1926 grpc_transport.cc:1743] [MEGASCALE_TRANSPORT_INSTR] SendRpc: key=psum.7_0_sr_99_100|s100000->200000d|$c0$l706382352^i0 size=8388608 queue_latency_us=0 attempt=0
I0909 09:23:27.255614     788 grpc_transport.cc:1743] [MEGASCALE_TRANSPORT_INSTR] SendRpc: key=psum.7_0_sr_118_119|s100005->200005d|$c0$l706382352^i0 size=8388608 queue_latency_us=0 attempt=0
I0909 09:23:27.260538    1743 grpc_transport.cc:1743] [MEGASCALE_TRANSPORT_INSTR] SendRpc: key=psum.7_0_sr_126_127|s100002->200002d|$c0$l706382352^i0 size=8388608 queue_latency_us=0 attempt=0
I0909 09:23:27.331231    1722 grpc_transport.cc:1414] [MEGASCALE_TRANSPORT_INSTR] Recv: key=psum.7_0_sr_17_18|s200002->100002d|$c0$l706382352^i0 size=0 is_single_chunk=true is_aligned=true memcpy_needed=false
I0909 09:23:27.353343    1376 grpc_transport.cc:1414] [MEGASCALE_TRANSPORT_INSTR] Recv: key=psum.7_0_sr_9_10|s200007->100007d|$c0$l706382352^i0 size=0 is_single_chunk=true is_aligned=true memcpy_needed=false
I0909 09:23:27.372639    1722 grpc_transport.cc:1414] [MEGASCALE_TRANSPORT_INSTR] Recv: key=psum.7_0_sr_16_17|s200007->100007d|$c0$l706382352^i0 size=0 is_single_chunk=true is_aligned=true memcpy_needed=false
I0909 09:23:27.393005    1375 grpc_transport.cc:1414] [MEGASCALE_TRANSPORT_INSTR] Recv: key=psum.7_0_sr_55_56|s200005->100005d|$c0$l706382352^i0 size=0 is_single_chunk=true is_aligned=true memcpy_needed=false
I0909 09:23:27.401265    1900 grpc_transport.cc:1743] [MEGASCALE_TRANSPORT_INSTR] SendRpc: key=psum.7_0_1_ag_0_sr_34_35|s100001->200001d|$c0$l706382352^i0 size=8388608 queue_latency_us=0 attempt=0
I0909 09:23:27.412676    1722 grpc_transport.cc:1414] [MEGASCALE_TRANSPORT_INSTR] Recv: key=psum.7_0_sr_63_64|s200002->100002d|$c0$l706382352^i0 size=0 is_single_chunk=true is_aligned=true memcpy_needed=false
I0909 09:23:27.421463    1375 grpc_transport.cc:1743] [MEGASCALE_TRANSPORT_INSTR] SendRpc: key=psum.7_0_1_ag_0_sr_6_7|s100000->200000d|$c0$l706382352^i0 size=8388608 queue_latency_us=0 attempt=0
I0909 09:23:27.428892    1722 grpc_transport.cc:1743] [MEGASCALE_TRANSPORT_INSTR] SendRpc: key=psum.7_0_1_ag_0_sr_52_53|s100002->200002d|$c0$l706382352^i0 size=8388608 queue_latency_us=0 attempt=0
I0909 09:23:27.434411    1375 grpc_transport.cc:1414] [MEGASCALE_TRANSPORT_INSTR] Recv: key=psum.7_0_1_ag_0_sr_76_77|s200004->100004d|$c0$l706382352^i0 size=0 is_single_chunk=true is_aligned=true memcpy_needed=false
I0909 09:23:27.443165    1374 grpc_transport.cc:1743] [MEGASCALE_TRANSPORT_INSTR] SendRpc: key=psum.7_0_1_ag_0_sr_56_57|s100006->200006d|$c0$l706382352^i0 size=8388608 queue_latency_us=0 attempt=0
I0909 09:23:27.452352    1733 grpc_transport.cc:1414] [MEGASCALE_TRANSPORT_INSTR] Recv: key=psum.7_0_1_ag_0_sr_87_88|s200006->100006d|$c0$l706382352^i0 size=0 is_single_chunk=true is_aligned=true memcpy_needed=false
I0909 09:23:27.457243    1724 grpc_transport.cc:1743] [MEGASCALE_TRANSPORT_INSTR] SendRpc: key=psum.7_0_1_ag_0_sr_49_50|s100007->200007d|$c0$l706382352^i0 size=8388608 queue_latency_us=1 attempt=0
I0909 09:23:27.468347    1376 grpc_transport.cc:1414] [MEGASCALE_TRANSPORT_INSTR] Recv: key=psum.7_0_1_ag_0_sr_123_124|s200006->100006d|$c0$l706382352^i0 size=0 is_single_chunk=true is_aligned=true memcpy_needed=false
I0909 09:23:27.485428    1374 grpc_transport.cc:1414] [MEGASCALE_TRANSPORT_INSTR] Recv: key=psum.7_0_1_ag_0_sr_120_121|s200002->100002d|$c0$l706382352^i0 size=0 is_single_chunk=true is_aligned=true memcpy_needed=false
I0909 09:23:27.502519    1377 grpc_transport.cc:1414] [MEGASCALE_TRANSPORT_INSTR] Recv: key=psum.7_0_1_ag_0_sr_80_81|s200003->100003d|$c0$l706382352^i0 size=0 is_single_chunk=true is_aligned=true memcpy_needed=false
I0909 09:23:27.524503    1910 grpc_transport.cc:1743] [MEGASCALE_TRANSPORT_INSTR] SendRpc: key=psum.7_0_sr_65_66|s100005->200005d|$c0$l706382353^i0 size=8388608 queue_latency_us=0 attempt=0
I0909 09:23:27.527126     804 grpc_transport.cc:1743] [MEGASCALE_TRANSPORT_INSTR] SendRpc: key=psum.7_0_sr_79_80|s100002->200002d|$c0$l706382353^i0 size=8388608 queue_latency_us=0 attempt=0
I0909 09:23:27.529591    1584 grpc_transport.cc:1743] [MEGASCALE_TRANSPORT_INSTR] SendRpc: key=psum.7_0_sr_93_94|s100000->200000d|$c0$l706382353^i0 size=8388608 queue_latency_us=0 attempt=0
I0909 09:23:27.533382    1401 grpc_transport.cc:1743] [MEGASCALE_TRANSPORT_INSTR] SendRpc: key=psum.7_0_sr_110_111|s100005->200005d|$c0$l706382353^i0 size=8388608 queue_latency_us=0 attempt=0
I0909 09:23:27.537211    1756 grpc_transport.cc:1743] [MEGASCALE_TRANSPORT_INSTR] SendRpc: key=psum.7_0_sr_113_114|s100002->200002d|$c0$l706382353^i0 size=8388608 queue_latency_us=0 attempt=0
I0909 09:23:27.613641     784 grpc_transport.cc:1414] [MEGASCALE_TRANSPORT_INSTR] Recv: key=psum.7_0_sr_1_2|s200001->100001d|$c0$l706382353^i0 size=0 is_single_chunk=true is_aligned=true memcpy_needed=false
I0909 09:23:27.636781    1376 grpc_transport.cc:1414] [MEGASCALE_TRANSPORT_INSTR] Recv: key=psum.7_0_sr_19_20|s200006->100006d|$c0$l706382353^i0 size=0 is_single_chunk=true is_aligned=true memcpy_needed=false
I0909 09:23:27.655584     784 grpc_transport.cc:1414] [MEGASCALE_TRANSPORT_INSTR] Recv: key=psum.7_0_sr_27_28|s200003->100003d|$c0$l706382353^i0 size=0 is_single_chunk=true is_aligned=true memcpy_needed=false
I0909 09:23:27.677179    1375 grpc_transport.cc:1414] [MEGASCALE_TRANSPORT_INSTR] Recv: key=psum.7_0_sr_59_60|s200005->100005d|$c0$l706382353^i0 size=0 is_single_chunk=true is_aligned=true memcpy_needed=false
I0909 09:23:27.687202    1902 grpc_transport.cc:1743] [MEGASCALE_TRANSPORT_INSTR] SendRpc: key=psum.7_0_1_ag_0_sr_10_11|s100001->200001d|$c0$l706382353^i0 size=8388608 queue_latency_us=0 attempt=0
I0909 09:23:27.700322    1373 grpc_transport.cc:1743] [MEGASCALE_TRANSPORT_INSTR] SendRpc: key=psum.7_0_1_ag_0_sr_46_47|s100007->200007d|$c0$l706382353^i0 size=8388608 queue_latency_us=0 attempt=0
I0909 09:23:27.700421    1900 grpc_transport.cc:1414] [MEGASCALE_TRANSPORT_INSTR] Recv: key=psum.7_0_sr_61_62|s200003->100003d|$c0$l706382353^i0 size=0 is_single_chunk=true is_aligned=true memcpy_needed=false
I0909 09:23:27.717400    1377 grpc_transport.cc:1743] [MEGASCALE_TRANSPORT_INSTR] SendRpc: key=psum.7_0_1_ag_0_sr_14_15|s100004->200004d|$c0$l706382353^i0 size=8388608 queue_latency_us=0 attempt=0
I0909 09:23:27.718801     784 grpc_transport.cc:1414] [MEGASCALE_TRANSPORT_INSTR] Recv: key=psum.7_0_1_ag_0_sr_64_65|s200003->100003d|$c0$l706382353^i0 size=0 is_single_chunk=true is_aligned=true memcpy_needed=false
I0909 09:23:27.730100    1374 grpc_transport.cc:1743] [MEGASCALE_TRANSPORT_INSTR] SendRpc: key=psum.7_0_1_ag_0_sr_5_6|s100002->200002d|$c0$l706382353^i0 size=8388608 queue_latency_us=0 attempt=0
I0909 09:23:27.736164    1392 grpc_transport.cc:1743] [MEGASCALE_TRANSPORT_INSTR] SendRpc: key=psum.7_0_1_ag_0_sr_41_42|s100002->200002d|$c0$l706382353^i0 size=8388608 queue_latency_us=0 attempt=0
I0909 09:23:27.738624     784 grpc_transport.cc:1414] [MEGASCALE_TRANSPORT_INSTR] Recv: key=psum.7_0_1_ag_0_sr_77_78|s200004->100004d|$c0$l706382353^i0 size=0 is_single_chunk=true is_aligned=true memcpy_needed=false
I0909 09:23:27.754850    1373 grpc_transport.cc:1414] [MEGASCALE_TRANSPORT_INSTR] Recv: key=psum.7_0_1_ag_0_sr_69_70|s200007->100007d|$c0$l706382353^i0 size=0 is_single_chunk=true is_aligned=true memcpy_needed=false
I0909 09:23:27.772196    1373 grpc_transport.cc:1414] [MEGASCALE_TRANSPORT_INSTR] Recv: key=psum.7_0_1_ag_0_sr_114_115|s200007->100007d|$c0$l706382353^i0 size=0 is_single_chunk=true is_aligned=true memcpy_needed=false
I0909 09:23:27.792375    1373 grpc_transport.cc:1414] [MEGASCALE_TRANSPORT_INSTR] Recv: key=psum.7_0_1_ag_0_sr_97_98|s200006->100006d|$c0$l706382353^i0 size=0 is_single_chunk=true is_aligned=true memcpy_needed=false
I0909 09:23:27.827613    1408 grpc_transport.cc:1743] [MEGASCALE_TRANSPORT_INSTR] SendRpc: key=psum.7_0_sr_83_84|s100002->200002d|$c0$l706382354^i0 size=8388608 queue_latency_us=0 attempt=0
I0909 09:23:27.830186    1907 grpc_transport.cc:1743] [MEGASCALE_TRANSPORT_INSTR] SendRpc: key=psum.7_0_sr_94_95|s100005->200005d|$c0$l706382354^i0 size=8388608 queue_latency_us=0 attempt=0
I0909 09:23:27.832500    1407 grpc_transport.cc:1743] [MEGASCALE_TRANSPORT_INSTR] SendRpc: key=psum.7_0_sr_105_106|s100000->200000d|$c0$l706382354^i0 size=8388608 queue_latency_us=0 attempt=0
I0909 09:23:27.835584    1411 grpc_transport.cc:1743] [MEGASCALE_TRANSPORT_INSTR] SendRpc: key=psum.7_0_sr_108_109|s100003->200003d|$c0$l706382354^i0 size=8388608 queue_latency_us=0 attempt=0
I0909 09:23:27.838834    1403 grpc_transport.cc:1743] [MEGASCALE_TRANSPORT_INSTR] SendRpc: key=psum.7_0_sr_126_127|s100003->200003d|$c0$l706382354^i0 size=8388608 queue_latency_us=0 attempt=0
I0909 09:23:27.853085    1373 grpc_transport.cc:1414] [MEGASCALE_TRANSPORT_INSTR] Recv: key=psum.7_0_sr_7_8|s200006->100006d|$c0$l706382354^i0 size=0 is_single_chunk=true is_aligned=true memcpy_needed=false
I0909 09:23:27.876541    1376 grpc_transport.cc:1414] [MEGASCALE_TRANSPORT_INSTR] Recv: key=psum.7_0_sr_19_20|s200007->100007d|$c0$l706382354^i0 size=0 is_single_chunk=true is_aligned=true memcpy_needed=false
I0909 09:23:27.895924    1957 grpc_transport.cc:1414] [MEGASCALE_TRANSPORT_INSTR] Recv: key=psum.7_0_sr_30_31|s200002->100002d|$c0$l706382354^i0 size=0 is_single_chunk=true is_aligned=true memcpy_needed=false
I0909 09:23:27.914234    1900 grpc_transport.cc:1414] [MEGASCALE_TRANSPORT_INSTR] Recv: key=psum.7_0_sr_41_42|s200001->100001d|$c0$l706382354^i0 size=0 is_single_chunk=true is_aligned=true memcpy_needed=false
I0909 09:23:27.932280    1957 grpc_transport.cc:1414] [MEGASCALE_TRANSPORT_INSTR] Recv: key=psum.7_0_sr_42_43|s200007->100007d|$c0$l706382354^i0 size=0 is_single_chunk=true is_aligned=true memcpy_needed=false
I0909 09:23:27.943381     785 grpc_transport.cc:1743] [MEGASCALE_TRANSPORT_INSTR] SendRpc: key=psum.7_0_1_ag_0_sr_36_37|s100004->200004d|$c0$l706382354^i0 size=8388608 queue_latency_us=0 attempt=0
I0909 09:23:27.955412    1392 grpc_transport.cc:1743] [MEGASCALE_TRANSPORT_INSTR] SendRpc: key=psum.7_0_1_ag_0_sr_22_23|s100002->200002d|$c0$l706382354^i0 size=8388608 queue_latency_us=0 attempt=0
I0909 09:23:27.955628    1374 grpc_transport.cc:1414] [MEGASCALE_TRANSPORT_INSTR] Recv: key=psum.7_0_1_ag_0_sr_86_87|s200003->100003d|$c0$l706382354^i0 size=0 is_single_chunk=true is_aligned=true memcpy_needed=false
I0909 09:23:27.965271    1724 grpc_transport.cc:1743] [MEGASCALE_TRANSPORT_INSTR] SendRpc: key=psum.7_0_1_ag_0_sr_55_56|s100007->200007d|$c0$l706382354^i0 size=8388608 queue_latency_us=0 attempt=0
I0909 09:23:27.974405    1386 grpc_transport.cc:1743] [MEGASCALE_TRANSPORT_INSTR] SendRpc: key=psum.7_0_1_ag_0_sr_0_1|s100005->200005d|$c0$l706382354^i0 size=8388608 queue_latency_us=0 attempt=0
I0909 09:23:27.979293    1401 grpc_transport.cc:1743] [MEGASCALE_TRANSPORT_INSTR] SendRpc: key=psum.7_0_1_ag_0_sr_56_57|s100001->200001d|$c0$l706382354^i0 size=8388608 queue_latency_us=0 attempt=0
I0909 09:23:27.979747    1901 grpc_transport.cc:1414] [MEGASCALE_TRANSPORT_INSTR] Recv: key=psum.7_0_1_ag_0_sr_104_105|s200000->100000d|$c0$l706382354^i0 size=0 is_single_chunk=true is_aligned=true memcpy_needed=false
I0909 09:23:27.996674    1900 grpc_transport.cc:1414] [MEGASCALE_TRANSPORT_INSTR] Recv: key=psum.7_0_1_ag_0_sr_89_90|s200004->100004d|$c0$l706382354^i0 size=0 is_single_chunk=true is_aligned=true memcpy_needed=false
I0909 09:23:28.013640    1376 grpc_transport.cc:1414] [MEGASCALE_TRANSPORT_INSTR] Recv: key=psum.7_0_1_ag_0_sr_82_83|s200007->100007d|$c0$l706382354^i0 size=0 is_single_chunk=true is_aligned=true memcpy_needed=false
I0909 09:23:28.031147     785 grpc_transport.cc:1414] [MEGASCALE_TRANSPORT_INSTR] Recv: key=psum.7_0_1_ag_0_sr_125_126|s200004->100004d|$c0$l706382354^i0 size=0 is_single_chunk=true is_aligned=true memcpy_needed=false
I0909 09:23:28.066243    1393 grpc_transport.cc:1743] [MEGASCALE_TRANSPORT_INSTR] SendRpc: key=psum.7_0_sr_84_85|s100004->200004d|$c0$l706382355^i0 size=8388608 queue_latency_us=0 attempt=0
I0909 09:23:28.071196    1401 grpc_transport.cc:1743] [MEGASCALE_TRANSPORT_INSTR] SendRpc: key=psum.7_0_sr_83_84|s100000->200000d|$c0$l706382355^i0 size=8388608 queue_latency_us=0 attempt=0
I0909 09:23:28.074678    1901 grpc_transport.cc:1743] [MEGASCALE_TRANSPORT_INSTR] SendRpc: key=psum.7_0_sr_121_122|s100004->200004d|$c0$l706382355^i0 size=8388608 queue_latency_us=0 attempt=0
I0909 09:23:28.078731    1418 grpc_transport.cc:1743] [MEGASCALE_TRANSPORT_INSTR] SendRpc: key=psum.7_0_sr_109_110|s100000->200000d|$c0$l706382355^i0 size=8388608 queue_latency_us=0 attempt=0
I0909 09:23:28.083411    1376 grpc_transport.cc:1743] [MEGASCALE_TRANSPORT_INSTR] SendRpc: key=psum.7_0_sr_89_90|s100002->200002d|$c0$l706382355^i0 size=8388608 queue_latency_us=0 attempt=0
I0909 09:23:28.086400    1378 grpc_transport.cc:1414] [MEGASCALE_TRANSPORT_INSTR] Recv: key=psum.7_0_sr_4_5|s200007->100007d|$c0$l706382355^i0 size=0 is_single_chunk=true is_aligned=true memcpy_needed=false
I0909 09:23:28.118266    1900 grpc_transport.cc:1414] [MEGASCALE_TRANSPORT_INSTR] Recv: key=psum.7_0_sr_46_47|s200001->100001d|$c0$l706382355^i0 size=0 is_single_chunk=true is_aligned=true memcpy_needed=false
I0909 09:23:28.138217    1900 grpc_transport.cc:1414] [MEGASCALE_TRANSPORT_INSTR] Recv: key=psum.7_0_sr_35_36|s200004->100004d|$c0$l706382355^i0 size=0 is_single_chunk=true is_aligned=true memcpy_needed=false
I0909 09:23:28.156276    1901 grpc_transport.cc:1414] [MEGASCALE_TRANSPORT_INSTR] Recv: key=psum.7_0_sr_45_46|s200004->100004d|$c0$l706382355^i0 size=0 is_single_chunk=true is_aligned=true memcpy_needed=false
I0909 09:23:28.169263    1400 grpc_transport.cc:1743] [MEGASCALE_TRANSPORT_INSTR] SendRpc: key=psum.7_0_1_ag_0_sr_29_30|s100001->200001d|$c0$l706382355^i0 size=8388608 queue_latency_us=0 attempt=0
I0909 09:23:28.176145    1376 grpc_transport.cc:1414] [MEGASCALE_TRANSPORT_INSTR] Recv: key=psum.7_0_sr_34_35|s200006->100006d|$c0$l706382355^i0 size=0 is_single_chunk=true is_aligned=true memcpy_needed=false
I0909 09:23:28.195496    1900 grpc_transport.cc:1414] [MEGASCALE_TRANSPORT_INSTR] Recv: key=psum.7_0_1_ag_0_sr_79_80|s200004->100004d|$c0$l706382355^i0 size=0 is_single_chunk=true is_aligned=true memcpy_needed=false
I0909 09:23:28.195616    1733 grpc_transport.cc:1743] [MEGASCALE_TRANSPORT_INSTR] SendRpc: key=psum.7_0_1_ag_0_sr_2_3|s100003->200003d|$c0$l706382355^i0 size=8388608 queue_latency_us=0 attempt=0
I0909 09:23:28.203364    1900 grpc_transport.cc:1743] [MEGASCALE_TRANSPORT_INSTR] SendRpc: key=psum.7_0_1_ag_0_sr_39_40|s100005->200005d|$c0$l706382355^i0 size=8388608 queue_latency_us=0 attempt=0
I0909 09:23:28.208718    1376 grpc_transport.cc:1743] [MEGASCALE_TRANSPORT_INSTR] SendRpc: key=psum.7_0_1_ag_0_sr_22_23|s100006->200006d|$c0$l706382355^i0 size=8388608 queue_latency_us=0 attempt=0
I0909 09:23:28.214848    1722 grpc_transport.cc:1743] [MEGASCALE_TRANSPORT_INSTR] SendRpc: key=psum.7_0_1_ag_0_sr_61_62|s100006->200006d|$c0$l706382355^i0 size=8388608 queue_latency_us=0 attempt=0
I0909 09:23:28.216967    1722 grpc_transport.cc:1414] [MEGASCALE_TRANSPORT_INSTR] Recv: key=psum.7_0_1_ag_0_sr_102_103|s200007->100007d|$c0$l706382355^i0 size=0 is_single_chunk=true is_aligned=true memcpy_needed=false
I0909 09:23:28.233235    1724 grpc_transport.cc:1414] [MEGASCALE_TRANSPORT_INSTR] Recv: key=psum.7_0_1_ag_0_sr_90_91|s200006->100006d|$c0$l706382355^i0 size=0 is_single_chunk=true is_aligned=true memcpy_needed=false
I0909 09:23:28.252156    1900 grpc_transport.cc:1414] [MEGASCALE_TRANSPORT_INSTR] Recv: key=psum.7_0_1_ag_0_sr_91_92|s200000->100000d|$c0$l706382355^i0 size=0 is_single_chunk=true is_aligned=true memcpy_needed=false
I0909 09:23:28.269617    1373 grpc_transport.cc:1414] [MEGASCALE_TRANSPORT_INSTR] Recv: key=psum.7_0_1_ag_0_sr_110_111|s200002->100002d|$c0$l706382355^i0 size=0 is_single_chunk=true is_aligned=true memcpy_needed=false
I0909 09:23:28.292768    1733 grpc_transport.cc:1414] [MEGASCALE_TRANSPORT_INSTR] Recv: key=psum.7_0_1_ag_0_sr_124_125|s200003->100003d|$c0$l706382355^i0 size=0 is_single_chunk=true is_aligned=true memcpy_needed=false
I0909 09:23:28.312862    1733 grpc_transport.cc:1743] [MEGASCALE_TRANSPORT_INSTR] SendRpc: key=psum.7_0_sr_74_75|s100006->200006d|$c0$l706382356^i0 size=8388608 queue_latency_us=0 attempt=0
I0909 09:23:28.316792    1385 grpc_transport.cc:1743] [MEGASCALE_TRANSPORT_INSTR] SendRpc: key=psum.7_0_sr_66_67|s100007->200007d|$c0$l706382356^i0 size=8388608 queue_latency_us=0 attempt=0
I0909 09:23:28.319296     785 grpc_transport.cc:1743] [MEGASCALE_TRANSPORT_INSTR] SendRpc: key=psum.7_0_sr_76_77|s100005->200005d|$c0$l706382356^i0 size=8388608 queue_latency_us=0 attempt=0
I0909 09:23:28.321744    1515 grpc_transport.cc:1743] [MEGASCALE_TRANSPORT_INSTR] SendRpc: key=psum.7_0_sr_110_111|s100001->200001d|$c0$l706382356^i0 size=8388608 queue_latency_us=0 attempt=0
I0909 09:23:28.325821    1374 grpc_transport.cc:1743] [MEGASCALE_TRANSPORT_INSTR] SendRpc: key=psum.7_0_sr_115_116|s100007->200007d|$c0$l706382356^i0 size=8388608 queue_latency_us=0 attempt=0
I0909 09:23:28.390787    1901 grpc_transport.cc:1414] [MEGASCALE_TRANSPORT_INSTR] Recv: key=psum.7_0_sr_11_12|s200001->100001d|$c0$l706382356^i0 size=0 is_single_chunk=true is_aligned=true memcpy_needed=false
I0909 09:23:28.413298    1376 grpc_transport.cc:1414] [MEGASCALE_TRANSPORT_INSTR] Recv: key=psum.7_0_sr_25_26|s200007->100007d|$c0$l706382356^i0 size=0 is_single_chunk=true is_aligned=true memcpy_needed=false
I0909 09:23:28.433335    1375 grpc_transport.cc:1414] [MEGASCALE_TRANSPORT_INSTR] Recv: key=psum.7_0_sr_52_53|s200004->100004d|$c0$l706382356^i0 size=0 is_single_chunk=true is_aligned=true memcpy_needed=false
I0909 09:23:28.453639    1373 grpc_transport.cc:1414] [MEGASCALE_TRANSPORT_INSTR] Recv: key=psum.7_0_sr_38_39|s200002->100002d|$c0$l706382356^i0 size=0 is_single_chunk=true is_aligned=true memcpy_needed=false
I0909 09:23:28.471733    1375 grpc_transport.cc:1414] [MEGASCALE_TRANSPORT_INSTR] Recv: key=psum.7_0_sr_58_59|s200000->100000d|$c0$l706382356^i0 size=0 is_single_chunk=true is_aligned=true memcpy_needed=false
I0909 09:23:28.472612    1376 grpc_transport.cc:1743] [MEGASCALE_TRANSPORT_INSTR] SendRpc: key=psum.7_0_1_ag_0_sr_0_1|s100003->200003d|$c0$l706382356^i0 size=8388608 queue_latency_us=0 attempt=0
I0909 09:23:28.481328    1377 grpc_transport.cc:1743] [MEGASCALE_TRANSPORT_INSTR] SendRpc: key=psum.7_0_1_ag_0_sr_45_46|s100004->200004d|$c0$l706382356^i0 size=8388608 queue_latency_us=0 attempt=0
I0909 09:23:28.495289    1959 grpc_transport.cc:1743] [MEGASCALE_TRANSPORT_INSTR] SendRpc: key=psum.7_0_1_ag_0_sr_4_5|s100006->200006d|$c0$l706382356^i0 size=8388608 queue_latency_us=1 attempt=0
I0909 09:23:28.497372    1377 grpc_transport.cc:1414] [MEGASCALE_TRANSPORT_INSTR] Recv: key=psum.7_0_1_ag_0_sr_68_69|s200001->100001d|$c0$l706382356^i0 size=0 is_single_chunk=true is_aligned=true memcpy_needed=false
I0909 09:23:28.504207    1378 grpc_transport.cc:1743] [MEGASCALE_TRANSPORT_INSTR] SendRpc: key=psum.7_0_1_ag_0_sr_16_17|s100007->200007d|$c0$l706382356^i0 size=8388608 queue_latency_us=0 attempt=0
I0909 09:23:28.512831    1412 grpc_transport.cc:1743] [MEGASCALE_TRANSPORT_INSTR] SendRpc: key=psum.7_0_1_ag_0_sr_20_21|s100005->200005d|$c0$l706382356^i0 size=8388608 queue_latency_us=0 attempt=0
I0909 09:23:28.517139    1393 grpc_transport.cc:1414] [MEGASCALE_TRANSPORT_INSTR] Recv: key=psum.7_0_1_ag_0_sr_67_68|s200001->100001d|$c0$l706382356^i0 size=0 is_single_chunk=true is_aligned=true memcpy_needed=false
I0909 09:23:28.524557    1414 grpc_transport.cc:1743] [MEGASCALE_TRANSPORT_INSTR] SendRpc: key=psum.7_0_1_ag_0_sr_57_58|s100002->200002d|$c0$l706382356^i0 size=8388608 queue_latency_us=0 attempt=0
I0909 09:23:28.533697    1724 grpc_transport.cc:1414] [MEGASCALE_TRANSPORT_INSTR] Recv: key=psum.7_0_1_ag_0_sr_104_105|s200007->100007d|$c0$l706382356^i0 size=0 is_single_chunk=true is_aligned=true memcpy_needed=false
I0909 09:23:28.551278    1377 grpc_transport.cc:1414] [MEGASCALE_TRANSPORT_INSTR] Recv: key=psum.7_0_1_ag_0_sr_105_106|s200000->100000d|$c0$l706382356^i0 size=0 is_single_chunk=true is_aligned=true memcpy_needed=false
I0909 09:23:28.570124    1900 grpc_transport.cc:1414] [MEGASCALE_TRANSPORT_INSTR] Recv: key=psum.7_0_1_ag_0_sr_110_111|s200004->100004d|$c0$l706382356^i0 size=0 is_single_chunk=true is_aligned=true memcpy_needed=false
I0909 09:23:28.603355    1490 grpc_transport.cc:1743] [MEGASCALE_TRANSPORT_INSTR] SendRpc: key=psum.7_0_sr_94_95|s100005->200005d|$c0$l706382357^i0 size=8388608 queue_latency_us=0 attempt=0
I0909 09:23:28.607673    1905 grpc_transport.cc:1743] [MEGASCALE_TRANSPORT_INSTR] SendRpc: key=psum.7_0_sr_114_115|s100005->200005d|$c0$l706382357^i0 size=8388608 queue_latency_us=0 attempt=0
I0909 09:23:28.610237    1421 grpc_transport.cc:1743] [MEGASCALE_TRANSPORT_INSTR] SendRpc: key=psum.7_0_sr_87_88|s100003->200003d|$c0$l706382357^i0 size=8388608 queue_latency_us=0 attempt=0
I0909 09:23:28.613253    1769 grpc_transport.cc:1743] [MEGASCALE_TRANSPORT_INSTR] SendRpc: key=psum.7_0_sr_123_124|s100002->200002d|$c0$l706382357^i0 size=8388608 queue_latency_us=0 attempt=0
I0909 09:23:28.617254    1375 grpc_transport.cc:1743] [MEGASCALE_TRANSPORT_INSTR] SendRpc: key=psum.7_0_sr_122_123|s100004->200004d|$c0$l706382357^i0 size=8388608 queue_latency_us=0 attempt=0
I0909 09:23:28.675128    1374 grpc_transport.cc:1414] [MEGASCALE_TRANSPORT_INSTR] Recv: key=psum.7_0_sr_28_29|s200002->100002d|$c0$l706382357^i0 size=0 is_single_chunk=true is_aligned=true memcpy_needed=false
I0909 09:23:28.703843    1900 grpc_transport.cc:1414] [MEGASCALE_TRANSPORT_INSTR] Recv: key=psum.7_0_sr_24_25|s200004->100004d|$c0$l706382357^i0 size=0 is_single_chunk=true is_aligned=true memcpy_needed=false
I0909 09:23:28.723945    1375 grpc_transport.cc:1414] [MEGASCALE_TRANSPORT_INSTR] Recv: key=psum.7_0_sr_22_23|s200003->100003d|$c0$l706382357^i0 size=0 is_single_chunk=true is_aligned=true memcpy_needed=false
I0909 09:23:28.742248    1375 grpc_transport.cc:1414] [MEGASCALE_TRANSPORT_INSTR] Recv: key=psum.7_0_sr_59_60|s200001->100001d|$c0$l706382357^i0 size=0 is_single_chunk=true is_aligned=true memcpy_needed=false
I0909 09:23:28.759700    1900 grpc_transport.cc:1743] [MEGASCALE_TRANSPORT_INSTR] SendRpc: key=psum.7_0_1_ag_0_sr_56_57|s100001->200001d|$c0$l706382357^i0 size=8388608 queue_latency_us=0 attempt=0
I0909 09:23:28.763803    1374 grpc_transport.cc:1414] [MEGASCALE_TRANSPORT_INSTR] Recv: key=psum.7_0_sr_50_51|s200006->100006d|$c0$l706382357^i0 size=0 is_single_chunk=true is_aligned=true memcpy_needed=false
I0909 09:23:28.774980    1901 grpc_transport.cc:1743] [MEGASCALE_TRANSPORT_INSTR] SendRpc: key=psum.7_0_1_ag_0_sr_29_30|s100000->200000d|$c0$l706382357^i0 size=8388608 queue_latency_us=0 attempt=0
I0909 09:23:28.782126    1724 grpc_transport.cc:1414] [MEGASCALE_TRANSPORT_INSTR] Recv: key=psum.7_0_1_ag_0_sr_65_66|s200006->100006d|$c0$l706382357^i0 size=0 is_single_chunk=true is_aligned=true memcpy_needed=false
I0909 09:23:28.783915    1378 grpc_transport.cc:1743] [MEGASCALE_TRANSPORT_INSTR] SendRpc: key=psum.7_0_1_ag_0_sr_15_16|s100006->200006d|$c0$l706382357^i0 size=8388608 queue_latency_us=0 attempt=0
I0909 09:23:28.791833    1733 grpc_transport.cc:1743] [MEGASCALE_TRANSPORT_INSTR] SendRpc: key=psum.7_0_1_ag_0_sr_62_63|s100003->200003d|$c0$l706382357^i0 size=8388608 queue_latency_us=0 attempt=0
I0909 09:23:28.802392    1374 grpc_transport.cc:1414] [MEGASCALE_TRANSPORT_INSTR] Recv: key=psum.7_0_1_ag_0_sr_102_103|s200006->100006d|$c0$l706382357^i0 size=0 is_single_chunk=true is_aligned=true memcpy_needed=false
I0909 09:23:28.803499    1722 grpc_transport.cc:1743] [MEGASCALE_TRANSPORT_INSTR] SendRpc: key=psum.7_0_1_ag_0_sr_35_36|s100007->200007d|$c0$l706382357^i0 size=8388608 queue_latency_us=0 attempt=0
I0909 09:23:28.820613    1730 grpc_transport.cc:1414] [MEGASCALE_TRANSPORT_INSTR] Recv: key=psum.7_0_1_ag_0_sr_102_103|s200005->100005d|$c0$l706382357^i0 size=0 is_single_chunk=true is_aligned=true memcpy_needed=false
I0909 09:23:28.837953    1377 grpc_transport.cc:1414] [MEGASCALE_TRANSPORT_INSTR] Recv: key=psum.7_0_1_ag_0_sr_95_96|s200001->100001d|$c0$l706382357^i0 size=0 is_single_chunk=true is_aligned=true memcpy_needed=false
I0909 09:23:28.855664    1377 grpc_transport.cc:1414] [MEGASCALE_TRANSPORT_INSTR] Recv: key=psum.7_0_1_ag_0_sr_126_127|s200001->100001d|$c0$l706382357^i0 size=0 is_single_chunk=true is_aligned=true memcpy_needed=false
I0909 09:23:28.895334    1383 grpc_transport.cc:1743] [MEGASCALE_TRANSPORT_INSTR] SendRpc: key=psum.7_0_sr_66_67|s100001->200001d|$c0$l706382358^i0 size=8388608 queue_latency_us=0 attempt=0
I0909 09:23:28.897971    1756 grpc_transport.cc:1743] [MEGASCALE_TRANSPORT_INSTR] SendRpc: key=psum.7_0_sr_65_66|s100007->200007d|$c0$l706382358^i0 size=8388608 queue_latency_us=0 attempt=0
I0909 09:23:28.900189    1722 grpc_transport.cc:1743] [MEGASCALE_TRANSPORT_INSTR] SendRpc: key=psum.7_0_sr_105_106|s100007->200007d|$c0$l706382358^i0 size=8388608 queue_latency_us=0 attempt=0
I0909 09:23:28.903926    1722 grpc_transport.cc:1743] [MEGASCALE_TRANSPORT_INSTR] SendRpc: key=psum.7_0_sr_110_111|s100002->200002d|$c0$l706382358^i0 size=8388608 queue_latency_us=0 attempt=0
I0909 09:23:28.907428    1374 grpc_transport.cc:1743] [MEGASCALE_TRANSPORT_INSTR] SendRpc: key=psum.7_0_sr_126_127|s100007->200007d|$c0$l706382358^i0 size=8388608 queue_latency_us=0 attempt=0
I0909 09:23:28.912286    1385 grpc_transport.cc:1414] [MEGASCALE_TRANSPORT_INSTR] Recv: key=psum.7_0_sr_20_21|s200007->100007d|$c0$l706382358^i0 size=0 is_single_chunk=true is_aligned=true memcpy_needed=false
I0909 09:23:28.946909    1724 grpc_transport.cc:1414] [MEGASCALE_TRANSPORT_INSTR] Recv: key=psum.7_0_sr_5_6|s200002->100002d|$c0$l706382358^i0 size=0 is_single_chunk=true is_aligned=true memcpy_needed=false
I0909 09:23:28.967128    1374 grpc_transport.cc:1414] [MEGASCALE_TRANSPORT_INSTR] Recv: key=psum.7_0_sr_6_7|s200006->100006d|$c0$l706382358^i0 size=0 is_single_chunk=true is_aligned=true memcpy_needed=false
I0909 09:23:28.984470    1374 grpc_transport.cc:1414] [MEGASCALE_TRANSPORT_INSTR] Recv: key=psum.7_0_sr_50_51|s200007->100007d|$c0$l706382358^i0 size=0 is_single_chunk=true is_aligned=true memcpy_needed=false
I0909 09:23:29.003497    1374 grpc_transport.cc:1414] [MEGASCALE_TRANSPORT_INSTR] Recv: key=psum.7_0_sr_32_33|s200006->100006d|$c0$l706382358^i0 size=0 is_single_chunk=true is_aligned=true memcpy_needed=false
I0909 09:23:29.003800    1377 grpc_transport.cc:1743] [MEGASCALE_TRANSPORT_INSTR] SendRpc: key=psum.7_0_1_ag_0_sr_59_60|s100000->200000d|$c0$l706382358^i0 size=8388608 queue_latency_us=0 attempt=0
I0909 09:23:29.016126     785 grpc_transport.cc:1743] [MEGASCALE_TRANSPORT_INSTR] SendRpc: key=psum.7_0_1_ag_0_sr_58_59|s100004->200004d|$c0$l706382358^i0 size=8388608 queue_latency_us=0 attempt=0
I0909 09:23:29.028486    1900 grpc_transport.cc:1743] [MEGASCALE_TRANSPORT_INSTR] SendRpc: key=psum.7_0_1_ag_0_sr_5_6|s100005->200005d|$c0$l706382358^i0 size=8388608 queue_latency_us=0 attempt=0
I0909 09:23:29.035929    1385 grpc_transport.cc:1414] [MEGASCALE_TRANSPORT_INSTR] Recv: key=psum.7_0_1_ag_0_sr_91_92|s200003->100003d|$c0$l706382358^i0 size=0 is_single_chunk=true is_aligned=true memcpy_needed=false
I0909 09:23:29.036222    1738 grpc_transport.cc:1743] [MEGASCALE_TRANSPORT_INSTR] SendRpc: key=psum.7_0_1_ag_0_sr_41_42|s100003->200003d|$c0$l706382358^i0 size=8388608 queue_latency_us=0 attempt=0
I0909 09:23:29.058252     804 grpc_transport.cc:1414] [MEGASCALE_TRANSPORT_INSTR] Recv: key=psum.7_0_1_ag_0_sr_109_110|s200003->100003d|$c0$l706382358^i0 size=0 is_single_chunk=true is_aligned=true memcpy_needed=false
I0909 09:23:29.058677     804 grpc_transport.cc:1743] [MEGASCALE_TRANSPORT_INSTR] SendRpc: key=psum.7_0_1_ag_0_sr_18_19|s100002->200002d|$c0$l706382358^i0 size=8388608 queue_latency_us=0 attempt=0
I0909 09:23:29.078911    1900 grpc_transport.cc:1414] [MEGASCALE_TRANSPORT_INSTR] Recv: key=psum.7_0_1_ag_0_sr_115_116|s200000->100000d|$c0$l706382358^i0 size=0 is_single_chunk=true is_aligned=true memcpy_needed=false
I0909 09:23:29.099143    1900 grpc_transport.cc:1414] [MEGASCALE_TRANSPORT_INSTR] Recv: key=psum.7_0_1_ag_0_sr_80_81|s200004->100004d|$c0$l706382358^i0 size=0 is_single_chunk=true is_aligned=true memcpy_needed=false
I0909 09:23:29.116692    1956 grpc_transport.cc:1414] [MEGASCALE_TRANSPORT_INSTR] Recv: key=psum.7_0_1_ag_0_sr_90_91|s200002->100002d|$c0$l706382358^i0 size=0 is_single_chunk=true is_aligned=true memcpy_needed=false
I0909 09:23:29.150071     785 grpc_transport.cc:1743] [MEGASCALE_TRANSPORT_INSTR] SendRpc: key=psum.7_0_sr_64_65|s100000->200000d|$c0$l706382359^i0 size=8388608 queue_latency_us=0 attempt=0
I0909 09:23:29.153227    1917 grpc_transport.cc:1743] [MEGASCALE_TRANSPORT_INSTR] SendRpc: key=psum.7_0_sr_74_75|s100001->200001d|$c0$l706382359^i0 size=8388608 queue_latency_us=0 attempt=0
I0909 09:23:29.156821    1389 grpc_transport.cc:1743] [MEGASCALE_TRANSPORT_INSTR] SendRpc: key=psum.7_0_sr_92_93|s100005->200005d|$c0$l706382359^i0 size=8388608 queue_latency_us=0 attempt=0
I0909 09:23:29.160095    1389 grpc_transport.cc:1743] [MEGASCALE_TRANSPORT_INSTR] SendRpc: key=psum.7_0_sr_113_114|s100000->200000d|$c0$l706382359^i0 size=8388608 queue_latency_us=0 attempt=0
I0909 09:23:29.163516    1393 grpc_transport.cc:1743] [MEGASCALE_TRANSPORT_INSTR] SendRpc: key=psum.7_0_sr_118_119|s100001->200001d|$c0$l706382359^i0 size=8388608 queue_latency_us=0 attempt=0
I0909 09:23:29.175004    1901 grpc_transport.cc:1414] [MEGASCALE_TRANSPORT_INSTR] Recv: key=psum.7_0_sr_12_13|s200001->100001d|$c0$l706382359^i0 size=0 is_single_chunk=true is_aligned=true memcpy_needed=false
I0909 09:23:29.208474    1375 grpc_transport.cc:1414] [MEGASCALE_TRANSPORT_INSTR] Recv: key=psum.7_0_sr_6_7|s200004->100004d|$c0$l706382359^i0 size=0 is_single_chunk=true is_aligned=true memcpy_needed=false
I0909 09:23:29.232410    1377 grpc_transport.cc:1414] [MEGASCALE_TRANSPORT_INSTR] Recv: key=psum.7_0_sr_35_36|s200004->100004d|$c0$l706382359^i0 size=0 is_single_chunk=true is_aligned=true memcpy_needed=false
I0909 09:23:29.252755    1379 grpc_transport.cc:1414] [MEGASCALE_TRANSPORT_INSTR] Recv: key=psum.7_0_sr_58_59|s200000->100000d|$c0$l706382359^i0 size=0 is_single_chunk=true is_aligned=true memcpy_needed=false
I0909 09:23:29.267725    1377 grpc_transport.cc:1743] [MEGASCALE_TRANSPORT_INSTR] SendRpc: key=psum.7_0_1_ag_0_sr_35_36|s100001->200001d|$c0$l706382359^i0 size=8388608 queue_latency_us=0 attempt=0
I0909 09:23:29.275316    1724 grpc_transport.cc:1414] [MEGASCALE_TRANSPORT_INSTR] Recv: key=psum.7_0_sr_44_45|s200006->100006d|$c0$l706382359^i0 size=0 is_single_chunk=true is_aligned=true memcpy_needed=false
I0909 09:23:29.277056    1377 grpc_transport.cc:1743] [MEGASCALE_TRANSPORT_INSTR] SendRpc: key=psum.7_0_1_ag_0_sr_7_8|s100000->200000d|$c0$l706382359^i0 size=8388608 queue_latency_us=1 attempt=0
I0909 09:23:29.298868    1724 grpc_transport.cc:1414] [MEGASCALE_TRANSPORT_INSTR] Recv: key=psum.7_0_sr_51_52|s200007->100007d|$c0$l706382359^i0 size=0 is_single_chunk=true is_aligned=true memcpy_needed=false
I0909 09:23:29.319562    1722 grpc_transport.cc:1414] [MEGASCALE_TRANSPORT_INSTR] Recv: key=psum.7_0_sr_61_62|s200006->100006d|$c0$l706382359^i0 size=0 is_single_chunk=true is_aligned=true memcpy_needed=false
I0909 09:23:29.321990    1957 grpc_transport.cc:1743] [MEGASCALE_TRANSPORT_INSTR] SendRpc: key=psum.7_0_1_ag_0_sr_43_44|s100003->200003d|$c0$l706382359^i0 size=8388608 queue_latency_us=0 attempt=0
I0909 09:23:29.332418    1741 grpc_transport.cc:1743] [MEGASCALE_TRANSPORT_INSTR] SendRpc: key=psum.7_0_1_ag_0_sr_29_30|s100007->200007d|$c0$l706382359^i0 size=8388608 queue_latency_us=0 attempt=0
W0909 09:23:29.334086    1958 grpc_transport.cc:1186] Too many pending sends: 128
I0909 09:23:29.339569    1402 grpc_transport.cc:1743] [MEGASCALE_TRANSPORT_INSTR] SendRpc: key=psum.7_0_1_ag_0_sr_56_57|s100002->200002d|$c0$l706382359^i0 size=8388608 queue_latency_us=0 attempt=0
I0909 09:23:29.343430    1373 grpc_transport.cc:1414] [MEGASCALE_TRANSPORT_INSTR] Recv: key=psum.7_0_1_ag_0_sr_102_103|s200007->100007d|$c0$l706382359^i0 size=0 is_single_chunk=true is_aligned=true memcpy_needed=false
I0909 09:23:29.360291    1901 grpc_transport.cc:1414] [MEGASCALE_TRANSPORT_INSTR] Recv: key=psum.7_0_1_ag_0_sr_124_125|s200000->100000d|$c0$l706382359^i0 size=0 is_single_chunk=true is_aligned=true memcpy_needed=false
I0909 09:23:29.397871    1722 grpc_transport.cc:1414] [MEGASCALE_TRANSPORT_INSTR] Recv: key=psum.7_0_1_ag_0_sr_68_69|s200005->100005d|$c0$l706382359^i0 size=0 is_single_chunk=true is_aligned=true memcpy_needed=false
I0909 09:23:29.433950    1900 grpc_transport.cc:1414] [MEGASCALE_TRANSPORT_INSTR] Recv: key=psum.7_0_sr_22_23|s200001->100001d|$c0$l706382360^i0 size=0 is_single_chunk=true is_aligned=true memcpy_needed=false
I0909 09:23:29.456737    1375 grpc_transport.cc:1414] [MEGASCALE_TRANSPORT_INSTR] Recv: key=psum.7_0_sr_12_13|s200000->100000d|$c0$l706382360^i0 size=0 is_single_chunk=true is_aligned=true memcpy_needed=false
I0909 09:23:29.460175    1387 grpc_transport.cc:1743] [MEGASCALE_TRANSPORT_INSTR] SendRpc: key=psum.7_0_sr_69_70|s100002->200002d|$c0$l706382360^i0 size=8388608 queue_latency_us=1 attempt=0
I0909 09:23:29.463879    1391 grpc_transport.cc:1743] [MEGASCALE_TRANSPORT_INSTR] SendRpc: key=psum.7_0_sr_76_77|s100004->200004d|$c0$l706382360^i0 size=8388608 queue_latency_us=0 attempt=0
I0909 09:23:29.466945    1383 grpc_transport.cc:1743] [MEGASCALE_TRANSPORT_INSTR] SendRpc: key=psum.7_0_sr_76_77|s100001->200001d|$c0$l706382360^i0 size=8388608 queue_latency_us=0 attempt=0
I0909 09:23:29.470199    1479 grpc_transport.cc:1743] [MEGASCALE_TRANSPORT_INSTR] SendRpc: key=psum.7_0_sr_95_96|s100001->200001d|$c0$l706382360^i0 size=8388608 queue_latency_us=0 attempt=0
I0909 09:23:29.473538    1900 grpc_transport.cc:1743] [MEGASCALE_TRANSPORT_INSTR] SendRpc: key=psum.7_0_sr_123_124|s100000->200000d|$c0$l706382360^i0 size=8388608 queue_latency_us=0 attempt=0
I0909 09:23:29.484967    1391 grpc_transport.cc:1414] [MEGASCALE_TRANSPORT_INSTR] Recv: key=psum.7_0_sr_5_6|s200003->100003d|$c0$l706382360^i0 size=0 is_single_chunk=true is_aligned=true memcpy_needed=false
I0909 09:23:29.506008    1380 grpc_transport.cc:1414] [MEGASCALE_TRANSPORT_INSTR] Recv: key=psum.7_0_sr_50_51|s200007->100007d|$c0$l706382360^i0 size=0 is_single_chunk=true is_aligned=true memcpy_needed=false
I0909 09:23:29.526234    1375 grpc_transport.cc:1414] [MEGASCALE_TRANSPORT_INSTR] Recv: key=psum.7_0_sr_61_62|s200001->100001d|$c0$l706382360^i0 size=0 is_single_chunk=true is_aligned=true memcpy_needed=false
I0909 09:23:29.545607    1901 grpc_transport.cc:1743] [MEGASCALE_TRANSPORT_INSTR] SendRpc: key=psum.7_0_1_ag_0_sr_13_14|s100005->200005d|$c0$l706382360^i0 size=8388608 queue_latency_us=0 attempt=0
I0909 09:23:29.553360    1903 grpc_transport.cc:1743] [MEGASCALE_TRANSPORT_INSTR] SendRpc: key=psum.7_0_1_ag_0_sr_49_50|s100001->200001d|$c0$l706382360^i0 size=8388608 queue_latency_us=0 attempt=0
I0909 09:23:29.564897    1401 grpc_transport.cc:1743] [MEGASCALE_TRANSPORT_INSTR] SendRpc: key=psum.7_0_1_ag_0_sr_32_33|s100004->200004d|$c0$l706382360^i0 size=8388608 queue_latency_us=0 attempt=0
I0909 09:23:29.570858    1400 grpc_transport.cc:1743] [MEGASCALE_TRANSPORT_INSTR] SendRpc: key=psum.7_0_1_ag_0_sr_57_58|s100000->200000d|$c0$l706382360^i0 size=8388608 queue_latency_us=0 attempt=0
I0909 09:23:29.578485    1956 grpc_transport.cc:1414] [MEGASCALE_TRANSPORT_INSTR] Recv: key=psum.7_0_sr_36_37|s200002->100002d|$c0$l706382360^i0 size=0 is_single_chunk=true is_aligned=true memcpy_needed=false
I0909 09:23:29.588339    1733 grpc_transport.cc:1743] [MEGASCALE_TRANSPORT_INSTR] SendRpc: key=psum.7_0_1_ag_0_sr_27_28|s100006->200006d|$c0$l706382360^i0 size=8388608 queue_latency_us=0 attempt=0
I0909 09:23:29.613800    1377 grpc_transport.cc:1414] [MEGASCALE_TRANSPORT_INSTR] Recv: key=psum.7_0_1_ag_0_sr_108_109|s200000->100000d|$c0$l706382360^i0 size=0 is_single_chunk=true is_aligned=true memcpy_needed=false
I0909 09:23:29.621275    1374 grpc_transport.cc:1743] [MEGASCALE_TRANSPORT_INSTR] SendRpc: key=psum.7_0_1_ag_0_sr_63_64|s100002->200002d|$c0$l706382360^i0 size=8388608 queue_latency_us=0 attempt=0
I0909 09:23:29.640712    1374 grpc_transport.cc:1414] [MEGASCALE_TRANSPORT_INSTR] Recv: key=psum.7_0_1_ag_0_sr_95_96|s200002->100002d|$c0$l706382360^i0 size=0 is_single_chunk=true is_aligned=true memcpy_needed=false
I0909 09:23:29.659772    1722 grpc_transport.cc:1414] [MEGASCALE_TRANSPORT_INSTR] Recv: key=psum.7_0_1_ag_0_sr_116_117|s200002->100002d|$c0$l706382360^i0 size=0 is_single_chunk=true is_aligned=true memcpy_needed=false
I0909 09:23:29.682008    1722 grpc_transport.cc:1414] [MEGASCALE_TRANSPORT_INSTR] Recv: key=psum.7_0_1_ag_0_sr_87_88|s200007->100007d|$c0$l706382360^i0 size=0 is_single_chunk=true is_aligned=true memcpy_needed=false
I0909 09:23:29.698808    1373 grpc_transport.cc:1414] [MEGASCALE_TRANSPORT_INSTR] Recv: key=psum.7_0_1_ag_0_sr_73_74|s200005->100005d|$c0$l706382360^i0 size=0 is_single_chunk=true is_aligned=true memcpy_needed=false
I0909 09:23:29.722406    1957 grpc_transport.cc:1743] [MEGASCALE_TRANSPORT_INSTR] SendRpc: key=psum.7_0_sr_71_72|s100007->200007d|$c0$l706382361^i0 size=8388608 queue_latency_us=0 attempt=0
I0909 09:23:29.726281    1408 grpc_transport.cc:1743] [MEGASCALE_TRANSPORT_INSTR] SendRpc: key=psum.7_0_sr_69_70|s100002->200002d|$c0$l706382361^i0 size=8388608 queue_latency_us=0 attempt=0
I0909 09:23:29.730360    1425 grpc_transport.cc:1743] [MEGASCALE_TRANSPORT_INSTR] SendRpc: key=psum.7_0_sr_110_111|s100006->200006d|$c0$l706382361^i0 size=8388608 queue_latency_us=0 attempt=0
I0909 09:23:29.734096    1959 grpc_transport.cc:1743] [MEGASCALE_TRANSPORT_INSTR] SendRpc: key=psum.7_0_sr_104_105|s100003->200003d|$c0$l706382361^i0 size=8388608 queue_latency_us=0 attempt=0
I0909 09:23:29.735393    1567 grpc_transport.cc:1414] [MEGASCALE_TRANSPORT_INSTR] Recv: key=psum.7_0_sr_20_21|s200002->100002d|$c0$l706382361^i0 size=0 is_single_chunk=true is_aligned=true memcpy_needed=false
I0909 09:23:29.740643    1961 grpc_transport.cc:1743] [MEGASCALE_TRANSPORT_INSTR] SendRpc: key=psum.7_0_sr_127_128|s100003->200003d|$c0$l706382361^i0 size=8388608 queue_latency_us=0 attempt=0
I0909 09:23:29.761024    1959 grpc_transport.cc:1414] [MEGASCALE_TRANSPORT_INSTR] Recv: key=psum.7_0_sr_28_29|s200002->100002d|$c0$l706382361^i0 size=0 is_single_chunk=true is_aligned=true memcpy_needed=false
I0909 09:23:29.778931    1733 grpc_transport.cc:1414] [MEGASCALE_TRANSPORT_INSTR] Recv: key=psum.7_0_sr_46_47|s200002->100002d|$c0$l706382361^i0 size=0 is_single_chunk=true is_aligned=true memcpy_needed=false
I0909 09:23:29.795649    1724 grpc_transport.cc:1414] [MEGASCALE_TRANSPORT_INSTR] Recv: key=psum.7_0_sr_58_59|s200006->100006d|$c0$l706382361^i0 size=0 is_single_chunk=true is_aligned=true memcpy_needed=false
I0909 09:23:29.817115    1374 grpc_transport.cc:1414] [MEGASCALE_TRANSPORT_INSTR] Recv: key=psum.7_0_sr_6_7|s200005->100005d|$c0$l706382361^i0 size=0 is_single_chunk=true is_aligned=true memcpy_needed=false
I0909 09:23:29.818637     808 grpc_transport.cc:1743] [MEGASCALE_TRANSPORT_INSTR] SendRpc: key=psum.7_0_1_ag_0_sr_37_38|s100002->200002d|$c0$l706382361^i0 size=8388608 queue_latency_us=0 attempt=0
I0909 09:23:29.829058     786 grpc_transport.cc:1743] [MEGASCALE_TRANSPORT_INSTR] SendRpc: key=psum.7_0_1_ag_0_sr_60_61|s100000->200000d|$c0$l706382361^i0 size=8388608 queue_latency_us=0 attempt=0
I0909 09:23:29.837381    1411 grpc_transport.cc:1743] [MEGASCALE_TRANSPORT_INSTR] SendRpc: key=psum.7_0_1_ag_0_sr_11_12|s100003->200003d|$c0$l706382361^i0 size=8388608 queue_latency_us=0 attempt=0
I0909 09:23:29.842592    1733 grpc_transport.cc:1743] [MEGASCALE_TRANSPORT_INSTR] SendRpc: key=psum.7_0_1_ag_0_sr_32_33|s100003->200003d|$c0$l706382361^i0 size=8388608 queue_latency_us=0 attempt=0
I0909 09:23:29.849868    1900 grpc_transport.cc:1743] [MEGASCALE_TRANSPORT_INSTR] SendRpc: key=psum.7_0_1_ag_0_sr_2_3|s100005->200005d|$c0$l706382361^i0 size=8388608 queue_latency_us=0 attempt=0
I0909 09:23:29.862867    1900 grpc_transport.cc:1414] [MEGASCALE_TRANSPORT_INSTR] Recv: key=psum.7_0_1_ag_0_sr_69_70|s200001->100001d|$c0$l706382361^i0 size=0 is_single_chunk=true is_aligned=true memcpy_needed=false
I0909 09:23:29.893998    1901 grpc_transport.cc:1414] [MEGASCALE_TRANSPORT_INSTR] Recv: key=psum.7_0_1_ag_0_sr_77_78|s200003->100003d|$c0$l706382361^i0 size=0 is_single_chunk=true is_aligned=true memcpy_needed=false
I0909 09:23:29.919428    1722 grpc_transport.cc:1414] [MEGASCALE_TRANSPORT_INSTR] Recv: key=psum.7_0_1_ag_0_sr_127_128|s200007->100007d|$c0$l706382361^i0 size=0 is_single_chunk=true is_aligned=true memcpy_needed=false
I0909 09:23:29.937803    1901 grpc_transport.cc:1414] [MEGASCALE_TRANSPORT_INSTR] Recv: key=psum.7_0_1_ag_0_sr_119_120|s200005->100005d|$c0$l706382361^i0 size=0 is_single_chunk=true is_aligned=true memcpy_needed=false
I0909 09:23:29.961627    1900 grpc_transport.cc:1414] [MEGASCALE_TRANSPORT_INSTR] Recv: key=psum.7_0_1_ag_0_sr_125_126|s200000->100000d|$c0$l706382361^i0 size=0 is_single_chunk=true is_aligned=true memcpy_needed=false
I0909 09:23:30.000226    1410 grpc_transport.cc:1743] [MEGASCALE_TRANSPORT_INSTR] SendRpc: key=psum.7_0_sr_84_85|s100000->200000d|$c0$l706382362^i0 size=8388608 queue_latency_us=0 attempt=0
I0909 09:23:30.001996    1393 grpc_transport.cc:1414] [MEGASCALE_TRANSPORT_INSTR] Recv: key=psum.7_0_sr_0_1|s200004->100004d|$c0$l706382362^i0 size=0 is_single_chunk=true is_aligned=true memcpy_needed=false
I0909 09:23:30.003956    1901 grpc_transport.cc:1743] [MEGASCALE_TRANSPORT_INSTR] SendRpc: key=psum.7_0_sr_106_107|s100000->200000d|$c0$l706382362^i0 size=8388608 queue_latency_us=0 attempt=0
I0909 09:23:30.007373    1756 grpc_transport.cc:1743] [MEGASCALE_TRANSPORT_INSTR] SendRpc: key=psum.7_0_sr_99_100|s100002->200002d|$c0$l706382362^i0 size=8388608 queue_latency_us=0 attempt=0
I0909 09:23:30.011322    1733 grpc_transport.cc:1743] [MEGASCALE_TRANSPORT_INSTR] SendRpc: key=psum.7_0_sr_106_107|s100006->200006d|$c0$l706382362^i0 size=8388608 queue_latency_us=0 attempt=0
I0909 09:23:30.015904    1741 grpc_transport.cc:1743] [MEGASCALE_TRANSPORT_INSTR] SendRpc: key=psum.7_0_sr_122_123|s100007->200007d|$c0$l706382362^i0 size=8388608 queue_latency_us=0 attempt=0
I0909 09:23:30.028150    1377 grpc_transport.cc:1414] [MEGASCALE_TRANSPORT_INSTR] Recv: key=psum.7_0_sr_14_15|s200004->100004d|$c0$l706382362^i0 size=0 is_single_chunk=true is_aligned=true memcpy_needed=false
I0909 09:23:30.048074    1901 grpc_transport.cc:1414] [MEGASCALE_TRANSPORT_INSTR] Recv: key=psum.7_0_sr_17_18|s200004->100004d|$c0$l706382362^i0 size=0 is_single_chunk=true is_aligned=true memcpy_needed=false
I0909 09:23:30.065914    1730 grpc_transport.cc:1414] [MEGASCALE_TRANSPORT_INSTR] Recv: key=psum.7_0_sr_59_60|s200006->100006d|$c0$l706382362^i0 size=0 is_single_chunk=true is_aligned=true memcpy_needed=false
I0909 09:23:30.086355    1380 grpc_transport.cc:1743] [MEGASCALE_TRANSPORT_INSTR] SendRpc: key=psum.7_0_1_ag_0_sr_1_2|s100002->200002d|$c0$l706382362^i0 size=8388608 queue_latency_us=0 attempt=0
I0909 09:23:30.091322    1377 grpc_transport.cc:1414] [MEGASCALE_TRANSPORT_INSTR] Recv: key=psum.7_0_sr_46_47|s200003->100003d|$c0$l706382362^i0 size=0 is_single_chunk=true is_aligned=true memcpy_needed=false
I0909 09:23:30.092288    1392 grpc_transport.cc:1743] [MEGASCALE_TRANSPORT_INSTR] SendRpc: key=psum.7_0_1_ag_0_sr_47_48|s100006->200006d|$c0$l706382362^i0 size=8388608 queue_latency_us=0 attempt=0
I0909 09:23:30.115432    1385 grpc_transport.cc:1743] [MEGASCALE_TRANSPORT_INSTR] SendRpc: key=psum.7_0_1_ag_0_sr_34_35|s100003->200003d|$c0$l706382362^i0 size=8388608 queue_latency_us=0 attempt=0
I0909 09:23:30.125216    1906 grpc_transport.cc:1743] [MEGASCALE_TRANSPORT_INSTR] SendRpc: key=psum.7_0_1_ag_0_sr_12_13|s100000->200000d|$c0$l706382362^i0 size=8388608 queue_latency_us=0 attempt=0
I0909 09:23:30.132579    1384 grpc_transport.cc:1743] [MEGASCALE_TRANSPORT_INSTR] SendRpc: key=psum.7_0_1_ag_0_sr_57_58|s100001->200001d|$c0$l706382362^i0 size=8388608 queue_latency_us=0 attempt=0
I0909 09:23:30.133204    1419 grpc_transport.cc:1414] [MEGASCALE_TRANSPORT_INSTR] Recv: key=psum.7_0_1_ag_0_sr_69_70|s200000->100000d|$c0$l706382362^i0 size=0 is_single_chunk=true is_aligned=true memcpy_needed=false
I0909 09:23:30.161398    1375 grpc_transport.cc:1414] [MEGASCALE_TRANSPORT_INSTR] Recv: key=psum.7_0_1_ag_0_sr_68_69|s200004->100004d|$c0$l706382362^i0 size=0 is_single_chunk=true is_aligned=true memcpy_needed=false
I0909 09:23:30.184785    1385 grpc_transport.cc:1414] [MEGASCALE_TRANSPORT_INSTR] Recv: key=psum.7_0_1_ag_0_sr_92_93|s200007->100007d|$c0$l706382362^i0 size=0 is_single_chunk=true is_aligned=true memcpy_needed=false
I0909 09:23:30.202978    1722 grpc_transport.cc:1414] [MEGASCALE_TRANSPORT_INSTR] Recv: key=psum.7_0_1_ag_0_sr_119_120|s200007->100007d|$c0$l706382362^i0 size=0 is_single_chunk=true is_aligned=true memcpy_needed=false
I0909 09:23:30.225874    1900 grpc_transport.cc:1414] [MEGASCALE_TRANSPORT_INSTR] Recv: key=psum.7_0_1_ag_0_sr_100_101|s200003->100003d|$c0$l706382362^i0 size=0 is_single_chunk=true is_aligned=true memcpy_needed=false
I0909 09:23:30.264985    1400 grpc_transport.cc:1743] [MEGASCALE_TRANSPORT_INSTR] SendRpc: key=psum.7_0_sr_99_100|s100001->200001d|$c0$l706382363^i0 size=8388608 queue_latency_us=0 attempt=0
I0909 09:23:30.268907    1730 grpc_transport.cc:1743] [MEGASCALE_TRANSPORT_INSTR] SendRpc: key=psum.7_0_sr_66_67|s100006->200006d|$c0$l706382363^i0 size=8388608 queue_latency_us=0 attempt=0
I0909 09:23:30.271275    1783 grpc_transport.cc:1743] [MEGASCALE_TRANSPORT_INSTR] SendRpc: key=psum.7_0_sr_75_76|s100006->200006d|$c0$l706382363^i0 size=8388608 queue_latency_us=0 attempt=0
I0909 09:23:30.272829    1901 grpc_transport.cc:1414] [MEGASCALE_TRANSPORT_INSTR] Recv: key=psum.7_0_sr_15_16|s200001->100001d|$c0$l706382363^i0 size=0 is_single_chunk=true is_aligned=true memcpy_needed=false
I0909 09:23:30.274776    1380 grpc_transport.cc:1743] [MEGASCALE_TRANSPORT_INSTR] SendRpc: key=psum.7_0_sr_112_113|s100007->200007d|$c0$l706382363^i0 size=8388608 queue_latency_us=0 attempt=0
I0909 09:23:30.278737    1375 grpc_transport.cc:1743] [MEGASCALE_TRANSPORT_INSTR] SendRpc: key=psum.7_0_sr_120_121|s100004->200004d|$c0$l706382363^i0 size=8388608 queue_latency_us=0 attempt=0
I0909 09:23:30.295009    1733 grpc_transport.cc:1414] [MEGASCALE_TRANSPORT_INSTR] Recv: key=psum.7_0_sr_27_28|s200007->100007d|$c0$l706382363^i0 size=0 is_single_chunk=true is_aligned=true memcpy_needed=false
I0909 09:23:30.315566    1383 grpc_transport.cc:1414] [MEGASCALE_TRANSPORT_INSTR] Recv: key=psum.7_0_sr_16_17|s200000->100000d|$c0$l706382363^i0 size=0 is_single_chunk=true is_aligned=true memcpy_needed=false
I0909 09:23:30.333449    1375 grpc_transport.cc:1414] [MEGASCALE_TRANSPORT_INSTR] Recv: key=psum.7_0_sr_29_30|s200004->100004d|$c0$l706382363^i0 size=0 is_single_chunk=true is_aligned=true memcpy_needed=false
I0909 09:23:30.351089    1384 grpc_transport.cc:1414] [MEGASCALE_TRANSPORT_INSTR] Recv: key=psum.7_0_sr_49_50|s200005->100005d|$c0$l706382363^i0 size=0 is_single_chunk=true is_aligned=true memcpy_needed=false
I0909 09:23:30.366412    1733 grpc_transport.cc:1743] [MEGASCALE_TRANSPORT_INSTR] SendRpc: key=psum.7_0_1_ag_0_sr_41_42|s100003->200003d|$c0$l706382363^i0 size=8388608 queue_latency_us=0 attempt=0
I0909 09:23:30.372006    1735 grpc_transport.cc:1743] [MEGASCALE_TRANSPORT_INSTR] SendRpc: key=psum.7_0_1_ag_0_sr_20_21|s100002->200002d|$c0$l706382363^i0 size=8388608 queue_latency_us=0 attempt=0
I0909 09:23:30.377491    1387 grpc_transport.cc:1743] [MEGASCALE_TRANSPORT_INSTR] SendRpc: key=psum.7_0_1_ag_0_sr_58_59|s100002->200002d|$c0$l706382363^i0 size=8388608 queue_latency_us=0 attempt=0
I0909 09:23:30.379315    1386 grpc_transport.cc:1414] [MEGASCALE_TRANSPORT_INSTR] Recv: key=psum.7_0_sr_60_61|s200004->100004d|$c0$l706382363^i0 size=0 is_single_chunk=true is_aligned=true memcpy_needed=false
I0909 09:23:30.392222    1911 grpc_transport.cc:1743] [MEGASCALE_TRANSPORT_INSTR] SendRpc: key=psum.7_0_1_ag_0_sr_23_24|s100005->200005d|$c0$l706382363^i0 size=8388608 queue_latency_us=0 attempt=0
I0909 09:23:30.397144    1386 grpc_transport.cc:1743] [MEGASCALE_TRANSPORT_INSTR] SendRpc: key=psum.7_0_1_ag_0_sr_22_23|s100000->200000d|$c0$l706382363^i0 size=8388608 queue_latency_us=1 attempt=0
I0909 09:23:30.411220    1900 grpc_transport.cc:1414] [MEGASCALE_TRANSPORT_INSTR] Recv: key=psum.7_0_1_ag_0_sr_67_68|s200005->100005d|$c0$l706382363^i0 size=0 is_single_chunk=true is_aligned=true memcpy_needed=false
I0909 09:23:30.438291    1375 grpc_transport.cc:1414] [MEGASCALE_TRANSPORT_INSTR] Recv: key=psum.7_0_1_ag_0_sr_125_126|s200005->100005d|$c0$l706382363^i0 size=0 is_single_chunk=true is_aligned=true memcpy_needed=false
I0909 09:23:30.459245    1956 grpc_transport.cc:1414] [MEGASCALE_TRANSPORT_INSTR] Recv: key=psum.7_0_1_ag_0_sr_107_108|s200007->100007d|$c0$l706382363^i0 size=0 is_single_chunk=true is_aligned=true memcpy_needed=false
I0909 09:23:30.477045    1377 grpc_transport.cc:1414] [MEGASCALE_TRANSPORT_INSTR] Recv: key=psum.7_0_1_ag_0_sr_112_113|s200000->100000d|$c0$l706382363^i0 size=0 is_single_chunk=true is_aligned=true memcpy_needed=false
I0909 09:23:30.501173    1956 grpc_transport.cc:1414] [MEGASCALE_TRANSPORT_INSTR] Recv: key=psum.7_0_1_ag_0_sr_122_123|s200006->100006d|$c0$l706382363^i0 size=0 is_single_chunk=true is_aligned=true memcpy_needed=false
I0909 09:23:30.513992    1739 grpc_transport.cc:1743] [MEGASCALE_TRANSPORT_INSTR] SendRpc: key=psum.7_0_sr_70_71|s100006->200006d|$c0$l706382364^i0 size=8388608 queue_latency_us=0 attempt=0
I0909 09:23:30.517033    1567 grpc_transport.cc:1743] [MEGASCALE_TRANSPORT_INSTR] SendRpc: key=psum.7_0_sr_67_68|s100007->200007d|$c0$l706382364^i0 size=8388608 queue_latency_us=1 attempt=0
I0909 09:23:30.519629    1741 grpc_transport.cc:1743] [MEGASCALE_TRANSPORT_INSTR] SendRpc: key=psum.7_0_sr_91_92|s100006->200006d|$c0$l706382364^i0 size=8388608 queue_latency_us=0 attempt=0
I0909 09:23:30.522398    1910 grpc_transport.cc:1743] [MEGASCALE_TRANSPORT_INSTR] SendRpc: key=psum.7_0_sr_112_113|s100004->200004d|$c0$l706382364^i0 size=8388608 queue_latency_us=0 attempt=0
I0909 09:23:30.525689    1463 grpc_transport.cc:1743] [MEGASCALE_TRANSPORT_INSTR] SendRpc: key=psum.7_0_sr_121_122|s100003->200003d|$c0$l706382364^i0 size=8388608 queue_latency_us=0 attempt=0
I0909 09:23:30.551171    1375 grpc_transport.cc:1414] [MEGASCALE_TRANSPORT_INSTR] Recv: key=psum.7_0_sr_25_26|s200004->100004d|$c0$l706382364^i0 size=0 is_single_chunk=true is_aligned=true memcpy_needed=false
I0909 09:23:30.572698    1724 grpc_transport.cc:1414] [MEGASCALE_TRANSPORT_INSTR] Recv: key=psum.7_0_sr_20_21|s200007->100007d|$c0$l706382364^i0 size=0 is_single_chunk=true is_aligned=true memcpy_needed=false
I0909 09:23:30.592855    1956 grpc_transport.cc:1414] [MEGASCALE_TRANSPORT_INSTR] Recv: key=psum.7_0_sr_31_32|s200007->100007d|$c0$l706382364^i0 size=0 is_single_chunk=true is_aligned=true memcpy_needed=false
I0909 09:23:30.611103    1374 grpc_transport.cc:1414] [MEGASCALE_TRANSPORT_INSTR] Recv: key=psum.7_0_sr_33_34|s200006->100006d|$c0$l706382364^i0 size=0 is_single_chunk=true is_aligned=true memcpy_needed=false
I0909 09:23:30.616537    1900 grpc_transport.cc:1743] [MEGASCALE_TRANSPORT_INSTR] SendRpc: key=psum.7_0_1_ag_0_sr_19_20|s100000->200000d|$c0$l706382364^i0 size=8388608 queue_latency_us=0 attempt=0
I0909 09:23:30.628226    1377 grpc_transport.cc:1743] [MEGASCALE_TRANSPORT_INSTR] SendRpc: key=psum.7_0_1_ag_0_sr_15_16|s100004->200004d|$c0$l706382364^i0 size=8388608 queue_latency_us=0 attempt=0
I0909 09:23:30.634422    1957 grpc_transport.cc:1414] [MEGASCALE_TRANSPORT_INSTR] Recv: key=psum.7_0_1_ag_0_sr_74_75|s200003->100003d|$c0$l706382364^i0 size=0 is_single_chunk=true is_aligned=true memcpy_needed=false
I0909 09:23:30.640281    1403 grpc_transport.cc:1743] [MEGASCALE_TRANSPORT_INSTR] SendRpc: key=psum.7_0_1_ag_0_sr_34_35|s100006->200006d|$c0$l706382364^i0 size=8388608 queue_latency_us=0 attempt=0
I0909 09:23:30.652044    1411 grpc_transport.cc:1743] [MEGASCALE_TRANSPORT_INSTR] SendRpc: key=psum.7_0_1_ag_0_sr_30_31|s100007->200007d|$c0$l706382364^i0 size=8388608 queue_latency_us=0 attempt=0
I0909 09:23:30.659089    1389 grpc_transport.cc:1743] [MEGASCALE_TRANSPORT_INSTR] SendRpc: key=psum.7_0_1_ag_0_sr_35_36|s100005->200005d|$c0$l706382364^i0 size=8388608 queue_latency_us=0 attempt=0
I0909 09:23:30.665545    1384 grpc_transport.cc:1414] [MEGASCALE_TRANSPORT_INSTR] Recv: key=psum.7_0_1_ag_0_sr_68_69|s200004->100004d|$c0$l706382364^i0 size=0 is_single_chunk=true is_aligned=true memcpy_needed=false
I0909 09:23:30.683732    1377 grpc_transport.cc:1414] [MEGASCALE_TRANSPORT_INSTR] Recv: key=psum.7_0_1_ag_0_sr_73_74|s200001->100001d|$c0$l706382364^i0 size=0 is_single_chunk=true is_aligned=true memcpy_needed=false
I0909 09:23:30.702463    1375 grpc_transport.cc:1414] [MEGASCALE_TRANSPORT_INSTR] Recv: key=psum.7_0_1_ag_0_sr_104_105|s200001->100001d|$c0$l706382364^i0 size=0 is_single_chunk=true is_aligned=true memcpy_needed=false
I0909 09:23:30.721279    1375 grpc_transport.cc:1414] [MEGASCALE_TRANSPORT_INSTR] Recv: key=psum.7_0_1_ag_0_sr_99_100|s200005->100005d|$c0$l706382364^i0 size=0 is_single_chunk=true is_aligned=true memcpy_needed=false
I0909 09:23:30.739349    1900 grpc_transport.cc:1414] [MEGASCALE_TRANSPORT_INSTR] Recv: key=psum.7_0_1_ag_0_sr_66_67|s200000->100000d|$c0$l706382364^i0 size=0 is_single_chunk=true is_aligned=true memcpy_needed=false
I0909 09:23:30.760333    1393 grpc_transport.cc:1743] [MEGASCALE_TRANSPORT_INSTR] SendRpc: key=psum.7_0_sr_77_78|s100004->200004d|$c0$l706382365^i0 size=8388608 queue_latency_us=0 attempt=0
I0909 09:23:30.762971    1384 grpc_transport.cc:1743] [MEGASCALE_TRANSPORT_INSTR] SendRpc: key=psum.7_0_sr_102_103|s100000->200000d|$c0$l706382365^i0 size=8388608 queue_latency_us=0 attempt=0
I0909 09:23:30.766785    1759 grpc_transport.cc:1743] [MEGASCALE_TRANSPORT_INSTR] SendRpc: key=psum.7_0_sr_73_74|s100006->200006d|$c0$l706382365^i0 size=8388608 queue_latency_us=0 attempt=0
I0909 09:23:30.769212    1389 grpc_transport.cc:1743] [MEGASCALE_TRANSPORT_INSTR] SendRpc: key=psum.7_0_sr_113_114|s100004->200004d|$c0$l706382365^i0 size=8388608 queue_latency_us=0 attempt=0
I0909 09:23:30.771776    1377 grpc_transport.cc:1743] [MEGASCALE_TRANSPORT_INSTR] SendRpc: key=psum.7_0_sr_121_122|s100004->200004d|$c0$l706382365^i0 size=8388608 queue_latency_us=0 attempt=0
I0909 09:23:30.776725    1375 grpc_transport.cc:1743] [MEGASCALE_TRANSPORT_INSTR] SendRpc: key=psum.7_0_sr_126_127|s100001->200001d|$c0$l706382365^i0 size=8388608 queue_latency_us=0 attempt=0
I0909 09:23:30.820334    1377 grpc_transport.cc:1414] [MEGASCALE_TRANSPORT_INSTR] Recv: key=psum.7_0_sr_6_7|s200000->100000d|$c0$l706382365^i0 size=0 is_single_chunk=true is_aligned=true memcpy_needed=false
I0909 09:23:30.847532    1724 grpc_transport.cc:1414] [MEGASCALE_TRANSPORT_INSTR] Recv: key=psum.7_0_sr_25_26|s200006->100006d|$c0$l706382365^i0 size=0 is_single_chunk=true is_aligned=true memcpy_needed=false
I0909 09:23:30.865839    1383 grpc_transport.cc:1414] [MEGASCALE_TRANSPORT_INSTR] Recv: key=psum.7_0_sr_46_47|s200000->100000d|$c0$l706382365^i0 size=0 is_single_chunk=true is_aligned=true memcpy_needed=false
I0909 09:23:30.887285    1377 grpc_transport.cc:1414] [MEGASCALE_TRANSPORT_INSTR] Recv: key=psum.7_0_sr_51_52|s200000->100000d|$c0$l706382365^i0 size=0 is_single_chunk=true is_aligned=true memcpy_needed=false
I0909 09:23:30.909597    1901 grpc_transport.cc:1414] [MEGASCALE_TRANSPORT_INSTR] Recv: key=psum.7_0_sr_54_55|s200003->100003d|$c0$l706382365^i0 size=0 is_single_chunk=true is_aligned=true memcpy_needed=false
I0909 09:23:30.911520    1377 grpc_transport.cc:1743] [MEGASCALE_TRANSPORT_INSTR] SendRpc: key=psum.7_0_1_ag_0_sr_27_28|s100000->200000d|$c0$l706382365^i0 size=8388608 queue_latency_us=0 attempt=0
I0909 09:23:30.923621    1722 grpc_transport.cc:1743] [MEGASCALE_TRANSPORT_INSTR] SendRpc: key=psum.7_0_1_ag_0_sr_12_13|s100002->200002d|$c0$l706382365^i0 size=8388608 queue_latency_us=0 attempt=0
I0909 09:23:30.933827    1419 grpc_transport.cc:1743] [MEGASCALE_TRANSPORT_INSTR] SendRpc: key=psum.7_0_1_ag_0_sr_42_43|s100005->200005d|$c0$l706382365^i0 size=8388608 queue_latency_us=0 attempt=0
I0909 09:23:30.935960    1377 grpc_transport.cc:1414] [MEGASCALE_TRANSPORT_INSTR] Recv: key=psum.7_0_1_ag_0_sr_84_85|s200003->100003d|$c0$l706382365^i0 size=0 is_single_chunk=true is_aligned=true memcpy_needed=false
I0909 09:23:30.952544    1901 grpc_transport.cc:1743] [MEGASCALE_TRANSPORT_INSTR] SendRpc: key=psum.7_0_1_ag_0_sr_18_19|s100001->200001d|$c0$l706382365^i0 size=8388608 queue_latency_us=0 attempt=0
I0909 09:23:30.955630    1384 grpc_transport.cc:1414] [MEGASCALE_TRANSPORT_INSTR] Recv: key=psum.7_0_1_ag_0_sr_75_76|s200004->100004d|$c0$l706382365^i0 size=0 is_single_chunk=true is_aligned=true memcpy_needed=false
I0909 09:23:30.958666    1433 grpc_transport.cc:1743] [MEGASCALE_TRANSPORT_INSTR] SendRpc: key=psum.7_0_1_ag_0_sr_53_54|s100004->200004d|$c0$l706382365^i0 size=8388608 queue_latency_us=0 attempt=0
I0909 09:23:30.970250    1384 grpc_transport.cc:1414] [MEGASCALE_TRANSPORT_INSTR] Recv: key=psum.7_0_1_ag_0_sr_69_70|s200000->100000d|$c0$l706382365^i0 size=0 is_single_chunk=true is_aligned=true memcpy_needed=false
I0909 09:23:30.987668    1957 grpc_transport.cc:1414] [MEGASCALE_TRANSPORT_INSTR] Recv: key=psum.7_0_1_ag_0_sr_122_123|s200006->100006d|$c0$l706382365^i0 size=0 is_single_chunk=true is_aligned=true memcpy_needed=false
I0909 09:23:31.020006    1377 grpc_transport.cc:1414] [MEGASCALE_TRANSPORT_INSTR] Recv: key=psum.7_0_1_ag_0_sr_116_117|s200005->100005d|$c0$l706382365^i0 size=0 is_single_chunk=true is_aligned=true memcpy_needed=false
I0909 09:23:31.049138    1386 grpc_transport.cc:1743] [MEGASCALE_TRANSPORT_INSTR] SendRpc: key=psum.7_0_sr_92_93|s100005->200005d|$c0$l706382366^i0 size=8388608 queue_latency_us=0 attempt=0
I0909 09:23:31.053116    1901 grpc_transport.cc:1743] [MEGASCALE_TRANSPORT_INSTR] SendRpc: key=psum.7_0_sr_87_88|s100004->200004d|$c0$l706382366^i0 size=8388608 queue_latency_us=0 attempt=0
I0909 09:23:31.056292    1408 grpc_transport.cc:1743] [MEGASCALE_TRANSPORT_INSTR] SendRpc: key=psum.7_0_sr_90_91|s100006->200006d|$c0$l706382366^i0 size=8388608 queue_latency_us=0 attempt=0
I0909 09:23:31.059170    1385 grpc_transport.cc:1743] [MEGASCALE_TRANSPORT_INSTR] SendRpc: key=psum.7_0_sr_124_125|s100003->200003d|$c0$l706382366^i0 size=8388608 queue_latency_us=0 attempt=0
I0909 09:23:31.062596    1387 grpc_transport.cc:1414] [MEGASCALE_TRANSPORT_INSTR] Recv: key=psum.7_0_sr_18_19|s200002->100002d|$c0$l706382366^i0 size=0 is_single_chunk=true is_aligned=true memcpy_needed=false
I0909 09:23:31.064228    1389 grpc_transport.cc:1743] [MEGASCALE_TRANSPORT_INSTR] SendRpc: key=psum.7_0_sr_111_112|s100000->200000d|$c0$l706382366^i0 size=8388608 queue_latency_us=0 attempt=0
I0909 09:23:31.085295    1377 grpc_transport.cc:1414] [MEGASCALE_TRANSPORT_INSTR] Recv: key=psum.7_0_sr_30_31|s200001->100001d|$c0$l706382366^i0 size=0 is_single_chunk=true is_aligned=true memcpy_needed=false
I0909 09:23:31.109011    1374 grpc_transport.cc:1414] [MEGASCALE_TRANSPORT_INSTR] Recv: key=psum.7_0_sr_54_55|s200003->100003d|$c0$l706382366^i0 size=0 is_single_chunk=true is_aligned=true memcpy_needed=false
I0909 09:23:31.126891    1385 grpc_transport.cc:1743] [MEGASCALE_TRANSPORT_INSTR] SendRpc: key=psum.7_0_1_ag_0_sr_24_25|s100002->200002d|$c0$l706382366^i0 size=8388608 queue_latency_us=0 attempt=0
I0909 09:23:31.127965    1380 grpc_transport.cc:1414] [MEGASCALE_TRANSPORT_INSTR] Recv: key=psum.7_0_sr_9_10|s200007->100007d|$c0$l706382366^i0 size=0 is_single_chunk=true is_aligned=true memcpy_needed=false
I0909 09:23:31.136415    1956 grpc_transport.cc:1743] [MEGASCALE_TRANSPORT_INSTR] SendRpc: key=psum.7_0_1_ag_0_sr_58_59|s100002->200002d|$c0$l706382366^i0 size=8388608 queue_latency_us=0 attempt=0
I0909 09:23:31.146978    1377 grpc_transport.cc:1414] [MEGASCALE_TRANSPORT_INSTR] Recv: key=psum.7_0_sr_49_50|s200000->100000d|$c0$l706382366^i0 size=0 is_single_chunk=true is_aligned=true memcpy_needed=false
I0909 09:23:31.161924    1377 grpc_transport.cc:1743] [MEGASCALE_TRANSPORT_INSTR] SendRpc: key=psum.7_0_1_ag_0_sr_19_20|s100005->200005d|$c0$l706382366^i0 size=8388608 queue_latency_us=0 attempt=0
I0909 09:23:31.168100    1392 grpc_transport.cc:1743] [MEGASCALE_TRANSPORT_INSTR] SendRpc: key=psum.7_0_1_ag_0_sr_55_56|s100006->200006d|$c0$l706382366^i0 size=8388608 queue_latency_us=18 attempt=0
I0909 09:23:31.175540    1733 grpc_transport.cc:1743] [MEGASCALE_TRANSPORT_INSTR] SendRpc: key=psum.7_0_1_ag_0_sr_19_20|s100007->200007d|$c0$l706382366^i0 size=8388608 queue_latency_us=0 attempt=0
I0909 09:23:31.180249    1377 grpc_transport.cc:1414] [MEGASCALE_TRANSPORT_INSTR] Recv: key=psum.7_0_1_ag_0_sr_65_66|s200003->100003d|$c0$l706382366^i0 size=0 is_single_chunk=true is_aligned=true memcpy_needed=false
I0909 09:23:31.205027    1901 grpc_transport.cc:1414] [MEGASCALE_TRANSPORT_INSTR] Recv: key=psum.7_0_1_ag_0_sr_78_79|s200005->100005d|$c0$l706382366^i0 size=0 is_single_chunk=true is_aligned=true memcpy_needed=false
I0909 09:23:31.234135    1901 grpc_transport.cc:1414] [MEGASCALE_TRANSPORT_INSTR] Recv: key=psum.7_0_1_ag_0_sr_121_122|s200005->100005d|$c0$l706382366^i0 size=0 is_single_chunk=true is_aligned=true memcpy_needed=false
I0909 09:23:31.253112    1956 grpc_transport.cc:1414] [MEGASCALE_TRANSPORT_INSTR] Recv: key=psum.7_0_1_ag_0_sr_93_94|s200007->100007d|$c0$l706382366^i0 size=0 is_single_chunk=true is_aligned=true memcpy_needed=false
I0909 09:23:31.270263    1900 grpc_transport.cc:1414] [MEGASCALE_TRANSPORT_INSTR] Recv: key=psum.7_0_1_ag_0_sr_100_101|s200000->100000d|$c0$l706382366^i0 size=0 is_single_chunk=true is_aligned=true memcpy_needed=false
I0909 09:23:31.298257    1433 grpc_transport.cc:1743] [MEGASCALE_TRANSPORT_INSTR] SendRpc: key=psum.7_0_sr_85_86|s100005->200005d|$c0$l706382367^i0 size=8388608 queue_latency_us=0 attempt=0
I0909 09:23:31.300593    1557 grpc_transport.cc:1743] [MEGASCALE_TRANSPORT_INSTR] SendRpc: key=psum.7_0_sr_70_71|s100003->200003d|$c0$l706382367^i0 size=8388608 queue_latency_us=0 attempt=0
I0909 09:23:31.302738    1386 grpc_transport.cc:1743] [MEGASCALE_TRANSPORT_INSTR] SendRpc: key=psum.7_0_sr_95_96|s100005->200005d|$c0$l706382367^i0 size=8388608 queue_latency_us=0 attempt=0
I0909 09:23:31.305826    1393 grpc_transport.cc:1743] [MEGASCALE_TRANSPORT_INSTR] SendRpc: key=psum.7_0_sr_105_106|s100005->200005d|$c0$l706382367^i0 size=8388608 queue_latency_us=0 attempt=0
I0909 09:23:31.309334    1407 grpc_transport.cc:1743] [MEGASCALE_TRANSPORT_INSTR] SendRpc: key=psum.7_0_sr_119_120|s100005->200005d|$c0$l706382367^i0 size=8388608 queue_latency_us=0 attempt=0
I0909 09:23:31.315178    1724 grpc_transport.cc:1414] [MEGASCALE_TRANSPORT_INSTR] Recv: key=psum.7_0_sr_10_11|s200007->100007d|$c0$l706382367^i0 size=0 is_single_chunk=true is_aligned=true memcpy_needed=false
I0909 09:23:31.347430    1722 grpc_transport.cc:1414] [MEGASCALE_TRANSPORT_INSTR] Recv: key=psum.7_0_sr_21_22|s200007->100007d|$c0$l706382367^i0 size=0 is_single_chunk=true is_aligned=true memcpy_needed=false
I0909 09:23:31.367172    1956 grpc_transport.cc:1414] [MEGASCALE_TRANSPORT_INSTR] Recv: key=psum.7_0_sr_26_27|s200002->100002d|$c0$l706382367^i0 size=0 is_single_chunk=true is_aligned=true memcpy_needed=false
I0909 09:23:31.383885    1957 grpc_transport.cc:1743] [MEGASCALE_TRANSPORT_INSTR] SendRpc: key=psum.7_0_1_ag_0_sr_53_54|s100007->200007d|$c0$l706382367^i0 size=8388608 queue_latency_us=0 attempt=0
I0909 09:23:31.385602    1730 grpc_transport.cc:1414] [MEGASCALE_TRANSPORT_INSTR] Recv: key=psum.7_0_sr_17_18|s200006->100006d|$c0$l706382367^i0 size=0 is_single_chunk=true is_aligned=true memcpy_needed=false
I0909 09:23:31.403410    1377 grpc_transport.cc:1414] [MEGASCALE_TRANSPORT_INSTR] Recv: key=psum.7_0_sr_23_24|s200004->100004d|$c0$l706382367^i0 size=0 is_single_chunk=true is_aligned=true memcpy_needed=false
I0909 09:23:31.410198    1900 grpc_transport.cc:1743] [MEGASCALE_TRANSPORT_INSTR] SendRpc: key=psum.7_0_1_ag_0_sr_25_26|s100001->200001d|$c0$l706382367^i0 size=8388608 queue_latency_us=0 attempt=0
I0909 09:23:31.419775    1374 grpc_transport.cc:1743] [MEGASCALE_TRANSPORT_INSTR] SendRpc: key=psum.7_0_1_ag_0_sr_61_62|s100003->200003d|$c0$l706382367^i0 size=8388608 queue_latency_us=0 attempt=0
I0909 09:23:31.423551    1900 grpc_transport.cc:1414] [MEGASCALE_TRANSPORT_INSTR] Recv: key=psum.7_0_sr_50_51|s200004->100004d|$c0$l706382367^i0 size=0 is_single_chunk=true is_aligned=true memcpy_needed=false
I0909 09:23:31.429430    1373 grpc_transport.cc:1743] [MEGASCALE_TRANSPORT_INSTR] SendRpc: key=psum.7_0_1_ag_0_sr_30_31|s100002->200002d|$c0$l706382367^i0 size=8388608 queue_latency_us=0 attempt=0
I0909 09:23:31.447076    1393 grpc_transport.cc:1743] [MEGASCALE_TRANSPORT_INSTR] SendRpc: key=psum.7_0_1_ag_0_sr_10_11|s100004->200004d|$c0$l706382367^i0 size=8388608 queue_latency_us=0 attempt=0
I0909 09:23:31.450894    1956 grpc_transport.cc:1414] [MEGASCALE_TRANSPORT_INSTR] Recv: key=psum.7_0_1_ag_0_sr_64_65|s200002->100002d|$c0$l706382367^i0 size=0 is_single_chunk=true is_aligned=true memcpy_needed=false
I0909 09:23:31.474464    1901 grpc_transport.cc:1414] [MEGASCALE_TRANSPORT_INSTR] Recv: key=psum.7_0_1_ag_0_sr_102_103|s200001->100001d|$c0$l706382367^i0 size=0 is_single_chunk=true is_aligned=true memcpy_needed=false
I0909 09:23:31.495232    1724 grpc_transport.cc:1414] [MEGASCALE_TRANSPORT_INSTR] Recv: key=psum.7_0_1_ag_0_sr_116_117|s200006->100006d|$c0$l706382367^i0 size=0 is_single_chunk=true is_aligned=true memcpy_needed=false
I0909 09:23:31.517648    1377 grpc_transport.cc:1414] [MEGASCALE_TRANSPORT_INSTR] Recv: key=psum.7_0_1_ag_0_sr_89_90|s200005->100005d|$c0$l706382367^i0 size=0 is_single_chunk=true is_aligned=true memcpy_needed=false
I0909 09:23:31.553147    1900 grpc_transport.cc:1414] [MEGASCALE_TRANSPORT_INSTR] Recv: key=psum.7_0_1_ag_0_sr_121_122|s200000->100000d|$c0$l706382367^i0 size=0 is_single_chunk=true is_aligned=true memcpy_needed=false
I0909 09:23:31.564871    1410 grpc_transport.cc:1743] [MEGASCALE_TRANSPORT_INSTR] SendRpc: key=psum.7_0_sr_104_105|s100004->200004d|$c0$l706382368^i0 size=8388608 queue_latency_us=0 attempt=0
I0909 09:23:31.568102    1901 grpc_transport.cc:1743] [MEGASCALE_TRANSPORT_INSTR] SendRpc: key=psum.7_0_sr_66_67|s100005->200005d|$c0$l706382368^i0 size=8388608 queue_latency_us=0 attempt=0
I0909 09:23:31.571314     786 grpc_transport.cc:1743] [MEGASCALE_TRANSPORT_INSTR] SendRpc: key=psum.7_0_sr_74_75|s100005->200005d|$c0$l706382368^i0 size=8388608 queue_latency_us=0 attempt=0
I0909 09:23:31.574515    1759 grpc_transport.cc:1743] [MEGASCALE_TRANSPORT_INSTR] SendRpc: key=psum.7_0_sr_122_123|s100003->200003d|$c0$l706382368^i0 size=8388608 queue_latency_us=0 attempt=0
I0909 09:23:31.578627    1722 grpc_transport.cc:1743] [MEGASCALE_TRANSPORT_INSTR] SendRpc: key=psum.7_0_sr_120_121|s100007->200007d|$c0$l706382368^i0 size=8388608 queue_latency_us=0 attempt=0
I0909 09:23:31.610015    1377 grpc_transport.cc:1414] [MEGASCALE_TRANSPORT_INSTR] Recv: key=psum.7_0_sr_19_20|s200000->100000d|$c0$l706382368^i0 size=0 is_single_chunk=true is_aligned=true memcpy_needed=false
I0909 09:23:31.631394    1724 grpc_transport.cc:1414] [MEGASCALE_TRANSPORT_INSTR] Recv: key=psum.7_0_sr_10_11|s200002->100002d|$c0$l706382368^i0 size=0 is_single_chunk=true is_aligned=true memcpy_needed=false
I0909 09:23:31.650230    1722 grpc_transport.cc:1414] [MEGASCALE_TRANSPORT_INSTR] Recv: key=psum.7_0_sr_28_29|s200006->100006d|$c0$l706382368^i0 size=0 is_single_chunk=true is_aligned=true memcpy_needed=false
I0909 09:23:31.660704    1386 grpc_transport.cc:1743] [MEGASCALE_TRANSPORT_INSTR] SendRpc: key=psum.7_0_1_ag_0_sr_31_32|s100001->200001d|$c0$l706382368^i0 size=8388608 queue_latency_us=0 attempt=0
I0909 09:23:31.672055    1901 grpc_transport.cc:1414] [MEGASCALE_TRANSPORT_INSTR] Recv: key=psum.7_0_sr_16_17|s200004->100004d|$c0$l706382368^i0 size=0 is_single_chunk=true is_aligned=true memcpy_needed=false
I0909 09:23:31.679109    1386 grpc_transport.cc:1743] [MEGASCALE_TRANSPORT_INSTR] SendRpc: key=psum.7_0_1_ag_0_sr_11_12|s100000->200000d|$c0$l706382368^i0 size=8388608 queue_latency_us=0 attempt=0
I0909 09:23:31.690590    1901 grpc_transport.cc:1414] [MEGASCALE_TRANSPORT_INSTR] Recv: key=psum.7_0_1_ag_0_sr_72_73|s200004->100004d|$c0$l706382368^i0 size=0 is_single_chunk=true is_aligned=true memcpy_needed=false
I0909 09:23:31.697285    1411 grpc_transport.cc:1743] [MEGASCALE_TRANSPORT_INSTR] SendRpc: key=psum.7_0_1_ag_0_sr_16_17|s100007->200007d|$c0$l706382368^i0 size=8388608 queue_latency_us=0 attempt=0
I0909 09:23:31.706423    1386 grpc_transport.cc:1743] [MEGASCALE_TRANSPORT_INSTR] SendRpc: key=psum.7_0_1_ag_0_sr_8_9|s100004->200004d|$c0$l706382368^i0 size=8388608 queue_latency_us=0 attempt=0
I0909 09:23:31.716054    1901 grpc_transport.cc:1414] [MEGASCALE_TRANSPORT_INSTR] Recv: key=psum.7_0_1_ag_0_sr_119_120|s200004->100004d|$c0$l706382368^i0 size=0 is_single_chunk=true is_aligned=true memcpy_needed=false
I0909 09:23:31.722586    1960 grpc_transport.cc:1743] [MEGASCALE_TRANSPORT_INSTR] SendRpc: key=psum.7_0_1_ag_0_sr_13_14|s100002->200002d|$c0$l706382368^i0 size=8388608 queue_latency_us=0 attempt=0
I0909 09:23:31.737822    1956 grpc_transport.cc:1414] [MEGASCALE_TRANSPORT_INSTR] Recv: key=psum.7_0_1_ag_0_sr_79_80|s200006->100006d|$c0$l706382368^i0 size=0 is_single_chunk=true is_aligned=true memcpy_needed=false
I0909 09:23:31.756076    1900 grpc_transport.cc:1414] [MEGASCALE_TRANSPORT_INSTR] Recv: key=psum.7_0_1_ag_0_sr_95_96|s200000->100000d|$c0$l706382368^i0 size=0 is_single_chunk=true is_aligned=true memcpy_needed=false
I0909 09:23:31.774103    1901 grpc_transport.cc:1414] [MEGASCALE_TRANSPORT_INSTR] Recv: key=psum.7_0_1_ag_0_sr_89_90|s200005->100005d|$c0$l706382368^i0 size=0 is_single_chunk=true is_aligned=true memcpy_needed=false
I0909 09:23:31.792135    1956 grpc_transport.cc:1414] [MEGASCALE_TRANSPORT_INSTR] Recv: key=psum.7_0_1_ag_0_sr_98_99|s200007->100007d|$c0$l706382368^i0 size=0 is_single_chunk=true is_aligned=true memcpy_needed=false
I0909 09:23:31.810538    1900 grpc_transport.cc:1743] [MEGASCALE_TRANSPORT_INSTR] SendRpc: key=psum.7_0_sr_71_72|s100005->200005d|$c0$l706382369^i0 size=8388608 queue_latency_us=0 attempt=0
I0909 09:23:31.813892    1411 grpc_transport.cc:1743] [MEGASCALE_TRANSPORT_INSTR] SendRpc: key=psum.7_0_sr_84_85|s100007->200007d|$c0$l706382369^i0 size=8388608 queue_latency_us=0 attempt=0
I0909 09:23:31.816628    1408 grpc_transport.cc:1743] [MEGASCALE_TRANSPORT_INSTR] SendRpc: key=psum.7_0_sr_95_96|s100007->200007d|$c0$l706382369^i0 size=8388608 queue_latency_us=0 attempt=0
I0909 09:23:31.819920    1769 grpc_transport.cc:1743] [MEGASCALE_TRANSPORT_INSTR] SendRpc: key=psum.7_0_sr_120_121|s100007->200007d|$c0$l706382369^i0 size=8388608 queue_latency_us=0 attempt=0
I0909 09:23:31.823631    1377 grpc_transport.cc:1743] [MEGASCALE_TRANSPORT_INSTR] SendRpc: key=psum.7_0_sr_127_128|s100001->200001d|$c0$l706382369^i0 size=8388608 queue_latency_us=0 attempt=0
I0909 09:23:31.838178    1386 grpc_transport.cc:1414] [MEGASCALE_TRANSPORT_INSTR] Recv: key=psum.7_0_sr_17_18|s200000->100000d|$c0$l706382369^i0 size=0 is_single_chunk=true is_aligned=true memcpy_needed=false
I0909 09:23:31.864531    1724 grpc_transport.cc:1414] [MEGASCALE_TRANSPORT_INSTR] Recv: key=psum.7_0_sr_4_5|s200003->100003d|$c0$l706382369^i0 size=0 is_single_chunk=true is_aligned=true memcpy_needed=false
I0909 09:23:31.881742    1900 grpc_transport.cc:1414] [MEGASCALE_TRANSPORT_INSTR] Recv: key=psum.7_0_sr_40_41|s200001->100001d|$c0$l706382369^i0 size=0 is_single_chunk=true is_aligned=true memcpy_needed=false
I0909 09:23:31.901976    1377 grpc_transport.cc:1414] [MEGASCALE_TRANSPORT_INSTR] Recv: key=psum.7_0_sr_55_56|s200005->100005d|$c0$l706382369^i0 size=0 is_single_chunk=true is_aligned=true memcpy_needed=false
I0909 09:23:31.909092    1389 grpc_transport.cc:1743] [MEGASCALE_TRANSPORT_INSTR] SendRpc: key=psum.7_0_1_ag_0_sr_15_16|s100000->200000d|$c0$l706382369^i0 size=8388608 queue_latency_us=0 attempt=0
I0909 09:23:31.921170    1958 grpc_transport.cc:1414] [MEGASCALE_TRANSPORT_INSTR] Recv: key=psum.7_0_sr_43_44|s200003->100003d|$c0$l706382369^i0 size=0 is_single_chunk=true is_aligned=true memcpy_needed=false
I0909 09:23:31.926290    1393 grpc_transport.cc:1743] [MEGASCALE_TRANSPORT_INSTR] SendRpc: key=psum.7_0_1_ag_0_sr_42_43|s100005->200005d|$c0$l706382369^i0 size=8388608 queue_latency_us=0 attempt=0
I0909 09:23:31.935129    1920 grpc_transport.cc:1743] [MEGASCALE_TRANSPORT_INSTR] SendRpc: key=psum.7_0_1_ag_0_sr_0_1|s100004->200004d|$c0$l706382369^i0 size=8388608 queue_latency_us=0 attempt=0
I0909 09:23:31.940755    1906 grpc_transport.cc:1743] [MEGASCALE_TRANSPORT_INSTR] SendRpc: key=psum.7_0_1_ag_0_sr_62_63|s100004->200004d|$c0$l706382369^i0 size=8388608 queue_latency_us=0 attempt=0
I0909 09:23:31.948344    1383 grpc_transport.cc:1414] [MEGASCALE_TRANSPORT_INSTR] Recv: key=psum.7_0_1_ag_0_sr_110_111|s200005->100005d|$c0$l706382369^i0 size=0 is_single_chunk=true is_aligned=true memcpy_needed=false
I0909 09:23:31.958388    1392 grpc_transport.cc:1743] [MEGASCALE_TRANSPORT_INSTR] SendRpc: key=psum.7_0_1_ag_0_sr_22_23|s100003->200003d|$c0$l706382369^i0 size=8388608 queue_latency_us=0 attempt=0
I0909 09:23:31.967250    1383 grpc_transport.cc:1414] [MEGASCALE_TRANSPORT_INSTR] Recv: key=psum.7_0_1_ag_0_sr_91_92|s200001->100001d|$c0$l706382369^i0 size=0 is_single_chunk=true is_aligned=true memcpy_needed=false
I0909 09:23:31.968639     804 grpc_transport.cc:1743] [MEGASCALE_TRANSPORT_INSTR] SendRpc: key=psum.7_0_1_ag_0_sr_59_60|s100006->200006d|$c0$l706382369^i0 size=8388608 queue_latency_us=0 attempt=0
I0909 09:23:31.981926    1724 grpc_transport.cc:1414] [MEGASCALE_TRANSPORT_INSTR] Recv: key=psum.7_0_1_ag_0_sr_110_111|s200003->100003d|$c0$l706382369^i0 size=0 is_single_chunk=true is_aligned=true memcpy_needed=false
I0909 09:23:32.001429    1377 grpc_transport.cc:1414] [MEGASCALE_TRANSPORT_INSTR] Recv: key=psum.7_0_1_ag_0_sr_87_88|s200000->100000d|$c0$l706382369^i0 size=0 is_single_chunk=true is_aligned=true memcpy_needed=false
I0909 09:23:32.019447    1956 grpc_transport.cc:1414] [MEGASCALE_TRANSPORT_INSTR] Recv: key=psum.7_0_1_ag_0_sr_65_66|s200006->100006d|$c0$l706382369^i0 size=0 is_single_chunk=true is_aligned=true memcpy_needed=false
I0909 09:23:32.055068    1907 grpc_transport.cc:1743] [MEGASCALE_TRANSPORT_INSTR] SendRpc: key=psum.7_0_sr_66_67|s100004->200004d|$c0$l706382370^i0 size=8388608 queue_latency_us=0 attempt=0
I0909 09:23:32.059106    1756 grpc_transport.cc:1743] [MEGASCALE_TRANSPORT_INSTR] SendRpc: key=psum.7_0_sr_99_100|s100002->200002d|$c0$l706382370^i0 size=8388608 queue_latency_us=0 attempt=0
I0909 09:23:32.063480    1964 grpc_transport.cc:1743] [MEGASCALE_TRANSPORT_INSTR] SendRpc: key=psum.7_0_sr_119_120|s100002->200002d|$c0$l706382370^i0 size=8388608 queue_latency_us=0 attempt=0
I0909 09:23:32.068449    1942 grpc_transport.cc:1743] [MEGASCALE_TRANSPORT_INSTR] SendRpc: key=psum.7_0_sr_97_98|s100004->200004d|$c0$l706382370^i0 size=8388608 queue_latency_us=0 attempt=0
I0909 09:23:32.073575    1464 grpc_transport.cc:1743] [MEGASCALE_TRANSPORT_INSTR] SendRpc: key=psum.7_0_sr_123_124|s100005->200005d|$c0$l706382370^i0 size=8388608 queue_latency_us=0 attempt=0
I0909 09:23:32.093700    1900 grpc_transport.cc:1414] [MEGASCALE_TRANSPORT_INSTR] Recv: key=psum.7_0_sr_2_3|s200000->100000d|$c0$l706382370^i0 size=0 is_single_chunk=true is_aligned=true memcpy_needed=false
I0909 09:23:32.120913    1900 grpc_transport.cc:1414] [MEGASCALE_TRANSPORT_INSTR] Recv: key=psum.7_0_sr_1_2|s200001->100001d|$c0$l706382370^i0 size=0 is_single_chunk=true is_aligned=true memcpy_needed=false
I0909 09:23:32.142338    1722 grpc_transport.cc:1414] [MEGASCALE_TRANSPORT_INSTR] Recv: key=psum.7_0_sr_25_26|s200006->100006d|$c0$l706382370^i0 size=0 is_single_chunk=true is_aligned=true memcpy_needed=false
I0909 09:23:32.165581    1377 grpc_transport.cc:1414] [MEGASCALE_TRANSPORT_INSTR] Recv: key=psum.7_0_sr_34_35|s200005->100005d|$c0$l706382370^i0 size=0 is_single_chunk=true is_aligned=true memcpy_needed=false
I0909 09:23:32.170576    1377 grpc_transport.cc:1743] [MEGASCALE_TRANSPORT_INSTR] SendRpc: key=psum.7_0_1_ag_0_sr_19_20|s100004->200004d|$c0$l706382370^i0 size=8388608 queue_latency_us=0 attempt=0
I0909 09:23:32.185121    1377 grpc_transport.cc:1414] [MEGASCALE_TRANSPORT_INSTR] Recv: key=psum.7_0_sr_56_57|s200001->100001d|$c0$l706382370^i0 size=0 is_single_chunk=true is_aligned=true memcpy_needed=false
I0909 09:23:32.196615    1722 grpc_transport.cc:1743] [MEGASCALE_TRANSPORT_INSTR] SendRpc: key=psum.7_0_1_ag_0_sr_7_8|s100007->200007d|$c0$l706382370^i0 size=8388608 queue_latency_us=0 attempt=0
I0909 09:23:32.207543    1961 grpc_transport.cc:1743] [MEGASCALE_TRANSPORT_INSTR] SendRpc: key=psum.7_0_1_ag_0_sr_27_28|s100002->200002d|$c0$l706382370^i0 size=8388608 queue_latency_us=0 attempt=0
I0909 09:23:32.210608    1377 grpc_transport.cc:1414] [MEGASCALE_TRANSPORT_INSTR] Recv: key=psum.7_0_1_ag_0_sr_89_90|s200000->100000d|$c0$l706382370^i0 size=0 is_single_chunk=true is_aligned=true memcpy_needed=false
I0909 09:23:32.221524    1907 grpc_transport.cc:1743] [MEGASCALE_TRANSPORT_INSTR] SendRpc: key=psum.7_0_1_ag_0_sr_41_42|s100001->200001d|$c0$l706382370^i0 size=8388608 queue_latency_us=0 attempt=0
I0909 09:23:32.229315    1373 grpc_transport.cc:1414] [MEGASCALE_TRANSPORT_INSTR] Recv: key=psum.7_0_1_ag_0_sr_116_117|s200007->100007d|$c0$l706382370^i0 size=0 is_single_chunk=true is_aligned=true memcpy_needed=false
I0909 09:23:32.233718    1411 grpc_transport.cc:1743] [MEGASCALE_TRANSPORT_INSTR] SendRpc: key=psum.7_0_1_ag_0_sr_30_31|s100003->200003d|$c0$l706382370^i0 size=8388608 queue_latency_us=0 attempt=0
I0909 09:23:32.245370    1724 grpc_transport.cc:1414] [MEGASCALE_TRANSPORT_INSTR] Recv: key=psum.7_0_1_ag_0_sr_99_100|s200002->100002d|$c0$l706382370^i0 size=0 is_single_chunk=true is_aligned=true memcpy_needed=false
I0909 09:23:32.263562    1956 grpc_transport.cc:1414] [MEGASCALE_TRANSPORT_INSTR] Recv: key=psum.7_0_1_ag_0_sr_87_88|s200006->100006d|$c0$l706382370^i0 size=0 is_single_chunk=true is_aligned=true memcpy_needed=false
I0909 09:23:32.280280    1956 grpc_transport.cc:1414] [MEGASCALE_TRANSPORT_INSTR] Recv: key=psum.7_0_1_ag_0_sr_65_66|s200003->100003d|$c0$l706382370^i0 size=0 is_single_chunk=true is_aligned=true memcpy_needed=false
I0909 09:23:32.314265    1580 grpc_transport.cc:1743] [MEGASCALE_TRANSPORT_INSTR] SendRpc: key=psum.7_0_sr_72_73|s100001->200001d|$c0$l706382371^i0 size=8388608 queue_latency_us=0 attempt=0
I0909 09:23:32.317376     792 grpc_transport.cc:1743] [MEGASCALE_TRANSPORT_INSTR] SendRpc: key=psum.7_0_sr_71_72|s100001->200001d|$c0$l706382371^i0 size=8388608 queue_latency_us=0 attempt=0
I0909 09:23:32.319663    1910 grpc_transport.cc:1743] [MEGASCALE_TRANSPORT_INSTR] SendRpc: key=psum.7_0_sr_100_101|s100004->200004d|$c0$l706382371^i0 size=8388608 queue_latency_us=0 attempt=0
I0909 09:23:32.322238    1464 grpc_transport.cc:1743] [MEGASCALE_TRANSPORT_INSTR] SendRpc: key=psum.7_0_sr_124_125|s100001->200001d|$c0$l706382371^i0 size=8388608 queue_latency_us=0 attempt=0
I0909 09:23:32.326257    1724 grpc_transport.cc:1743] [MEGASCALE_TRANSPORT_INSTR] SendRpc: key=psum.7_0_sr_123_124|s100006->200006d|$c0$l706382371^i0 size=8388608 queue_latency_us=0 attempt=0
I0909 09:23:32.346585    1900 grpc_transport.cc:1414] [MEGASCALE_TRANSPORT_INSTR] Recv: key=psum.7_0_sr_16_17|s200000->100000d|$c0$l706382371^i0 size=0 is_single_chunk=true is_aligned=true memcpy_needed=false
I0909 09:23:32.380663    1956 grpc_transport.cc:1414] [MEGASCALE_TRANSPORT_INSTR] Recv: key=psum.7_0_sr_4_5|s200002->100002d|$c0$l706382371^i0 size=0 is_single_chunk=true is_aligned=true memcpy_needed=false
I0909 09:23:32.400690    1956 grpc_transport.cc:1414] [MEGASCALE_TRANSPORT_INSTR] Recv: key=psum.7_0_sr_34_35|s200003->100003d|$c0$l706382371^i0 size=0 is_single_chunk=true is_aligned=true memcpy_needed=false
I0909 09:23:32.419409    1377 grpc_transport.cc:1414] [MEGASCALE_TRANSPORT_INSTR] Recv: key=psum.7_0_sr_55_56|s200001->100001d|$c0$l706382371^i0 size=0 is_single_chunk=true is_aligned=true memcpy_needed=false
I0909 09:23:32.439811    1418 grpc_transport.cc:1743] [MEGASCALE_TRANSPORT_INSTR] SendRpc: key=psum.7_0_1_ag_0_sr_8_9|s100004->200004d|$c0$l706382371^i0 size=8388608 queue_latency_us=0 attempt=0
I0909 09:23:32.440231    1956 grpc_transport.cc:1414] [MEGASCALE_TRANSPORT_INSTR] Recv: key=psum.7_0_sr_22_23|s200007->100007d|$c0$l706382371^i0 size=0 is_single_chunk=true is_aligned=true memcpy_needed=false
I0909 09:23:32.445147    1464 grpc_transport.cc:1743] [MEGASCALE_TRANSPORT_INSTR] SendRpc: key=psum.7_0_1_ag_0_sr_49_50|s100004->200004d|$c0$l706382371^i0 size=8388608 queue_latency_us=0 attempt=0
I0909 09:23:32.460856    1407 grpc_transport.cc:1743] [MEGASCALE_TRANSPORT_INSTR] SendRpc: key=psum.7_0_1_ag_0_sr_5_6|s100000->200000d|$c0$l706382371^i0 size=8388608 queue_latency_us=0 attempt=0
I0909 09:23:32.465699    1374 grpc_transport.cc:1414] [MEGASCALE_TRANSPORT_INSTR] Recv: key=psum.7_0_sr_44_45|s200007->100007d|$c0$l706382371^i0 size=0 is_single_chunk=true is_aligned=true memcpy_needed=false
I0909 09:23:32.466832    1377 grpc_transport.cc:1743] [MEGASCALE_TRANSPORT_INSTR] SendRpc: key=psum.7_0_1_ag_0_sr_38_39|s100005->200005d|$c0$l706382371^i0 size=8388608 queue_latency_us=1 attempt=0
I0909 09:23:32.484681    1386 grpc_transport.cc:1414] [MEGASCALE_TRANSPORT_INSTR] Recv: key=psum.7_0_1_ag_0_sr_64_65|s200001->100001d|$c0$l706382371^i0 size=0 is_single_chunk=true is_aligned=true memcpy_needed=false
I0909 09:23:32.485795    1387 grpc_transport.cc:1743] [MEGASCALE_TRANSPORT_INSTR] SendRpc: key=psum.7_0_1_ag_0_sr_15_16|s100007->200007d|$c0$l706382371^i0 size=8388608 queue_latency_us=0 attempt=0
I0909 09:23:32.502066    1722 grpc_transport.cc:1414] [MEGASCALE_TRANSPORT_INSTR] Recv: key=psum.7_0_1_ag_0_sr_79_80|s200006->100006d|$c0$l706382371^i0 size=0 is_single_chunk=true is_aligned=true memcpy_needed=false
I0909 09:23:32.519355    1383 grpc_transport.cc:1414] [MEGASCALE_TRANSPORT_INSTR] Recv: key=psum.7_0_1_ag_0_sr_112_113|s200000->100000d|$c0$l706382371^i0 size=0 is_single_chunk=true is_aligned=true memcpy_needed=false
I0909 09:23:32.537073    1373 grpc_transport.cc:1414] [MEGASCALE_TRANSPORT_INSTR] Recv: key=psum.7_0_1_ag_0_sr_113_114|s200002->100002d|$c0$l706382371^i0 size=0 is_single_chunk=true is_aligned=true memcpy_needed=false
I0909 09:23:32.559368    1722 grpc_transport.cc:1414] [MEGASCALE_TRANSPORT_INSTR] Recv: key=psum.7_0_1_ag_0_sr_118_119|s200003->100003d|$c0$l706382371^i0 size=0 is_single_chunk=true is_aligned=true memcpy_needed=false
I0909 09:23:32.569334     793 grpc_transport.cc:1743] [MEGASCALE_TRANSPORT_INSTR] SendRpc: key=psum.7_0_sr_99_100|s100001->200001d|$c0$l706382372^i0 size=8388608 queue_latency_us=1 attempt=0
I0909 09:23:32.572204    1961 grpc_transport.cc:1743] [MEGASCALE_TRANSPORT_INSTR] SendRpc: key=psum.7_0_sr_74_75|s100002->200002d|$c0$l706382372^i0 size=8388608 queue_latency_us=0 attempt=0
I0909 09:23:32.574447    1386 grpc_transport.cc:1743] [MEGASCALE_TRANSPORT_INSTR] SendRpc: key=psum.7_0_sr_109_110|s100004->200004d|$c0$l706382372^i0 size=8388608 queue_latency_us=0 attempt=0
I0909 09:23:32.577622    1930 grpc_transport.cc:1743] [MEGASCALE_TRANSPORT_INSTR] SendRpc: key=psum.7_0_sr_127_128|s100001->200001d|$c0$l706382372^i0 size=8388608 queue_latency_us=0 attempt=0
I0909 09:23:32.581682    1956 grpc_transport.cc:1743] [MEGASCALE_TRANSPORT_INSTR] SendRpc: key=psum.7_0_sr_124_125|s100007->200007d|$c0$l706382372^i0 size=8388608 queue_latency_us=0 attempt=0
I0909 09:23:32.607097    1386 grpc_transport.cc:1414] [MEGASCALE_TRANSPORT_INSTR] Recv: key=psum.7_0_sr_8_9|s200004->100004d|$c0$l706382372^i0 size=0 is_single_chunk=true is_aligned=true memcpy_needed=false
I0909 09:23:32.627560    1900 grpc_transport.cc:1414] [MEGASCALE_TRANSPORT_INSTR] Recv: key=psum.7_0_sr_6_7|s200004->100004d|$c0$l706382372^i0 size=0 is_single_chunk=true is_aligned=true memcpy_needed=false
I0909 09:23:32.638840    1377 grpc_transport.cc:1743] [MEGASCALE_TRANSPORT_INSTR] SendRpc: key=psum.7_0_1_ag_0_sr_39_40|s100000->200000d|$c0$l706382372^i0 size=8388608 queue_latency_us=0 attempt=0
I0909 09:23:32.645160    1900 grpc_transport.cc:1414] [MEGASCALE_TRANSPORT_INSTR] Recv: key=psum.7_0_sr_44_45|s200004->100004d|$c0$l706382372^i0 size=0 is_single_chunk=true is_aligned=true memcpy_needed=false
I0909 09:23:32.663381    1900 grpc_transport.cc:1414] [MEGASCALE_TRANSPORT_INSTR] Recv: key=psum.7_0_sr_54_55|s200005->100005d|$c0$l706382372^i0 size=0 is_single_chunk=true is_aligned=true memcpy_needed=false
I0909 09:23:32.681291    1722 grpc_transport.cc:1414] [MEGASCALE_TRANSPORT_INSTR] Recv: key=psum.7_0_sr_58_59|s200007->100007d|$c0$l706382372^i0 size=0 is_single_chunk=true is_aligned=true memcpy_needed=false
I0909 09:23:32.685010    1392 grpc_transport.cc:1743] [MEGASCALE_TRANSPORT_INSTR] SendRpc: key=psum.7_0_1_ag_0_sr_8_9|s100006->200006d|$c0$l706382372^i0 size=8388608 queue_latency_us=0 attempt=0
I0909 09:23:32.694366    1433 grpc_transport.cc:1743] [MEGASCALE_TRANSPORT_INSTR] SendRpc: key=psum.7_0_1_ag_0_sr_39_40|s100001->200001d|$c0$l706382372^i0 size=8388608 queue_latency_us=1 attempt=0
I0909 09:23:32.706616    1741 grpc_transport.cc:1743] [MEGASCALE_TRANSPORT_INSTR] SendRpc: key=psum.7_0_1_ag_0_sr_15_16|s100002->200002d|$c0$l706382372^i0 size=8388608 queue_latency_us=0 attempt=0
I0909 09:23:32.709072    1722 grpc_transport.cc:1414] [MEGASCALE_TRANSPORT_INSTR] Recv: key=psum.7_0_1_ag_0_sr_114_115|s200003->100003d|$c0$l706382372^i0 size=0 is_single_chunk=true is_aligned=true memcpy_needed=false
I0909 09:23:32.713834    1380 grpc_transport.cc:1743] [MEGASCALE_TRANSPORT_INSTR] SendRpc: key=psum.7_0_1_ag_0_sr_34_35|s100003->200003d|$c0$l706382372^i0 size=8388608 queue_latency_us=0 attempt=0
I0909 09:23:32.728989    1383 grpc_transport.cc:1414] [MEGASCALE_TRANSPORT_INSTR] Recv: key=psum.7_0_1_ag_0_sr_69_70|s200004->100004d|$c0$l706382372^i0 size=0 is_single_chunk=true is_aligned=true memcpy_needed=false
I0909 09:23:32.750001    1380 grpc_transport.cc:1414] [MEGASCALE_TRANSPORT_INSTR] Recv: key=psum.7_0_1_ag_0_sr_113_114|s200007->100007d|$c0$l706382372^i0 size=0 is_single_chunk=true is_aligned=true memcpy_needed=false
I0909 09:23:32.768659    1724 grpc_transport.cc:1414] [MEGASCALE_TRANSPORT_INSTR] Recv: key=psum.7_0_1_ag_0_sr_65_66|s200006->100006d|$c0$l706382372^i0 size=0 is_single_chunk=true is_aligned=true memcpy_needed=false
I0909 09:23:32.785979    1900 grpc_transport.cc:1414] [MEGASCALE_TRANSPORT_INSTR] Recv: key=psum.7_0_1_ag_0_sr_115_116|s200000->100000d|$c0$l706382372^i0 size=0 is_single_chunk=true is_aligned=true memcpy_needed=false
I0909 09:23:32.800392    1423 grpc_transport.cc:1743] [MEGASCALE_TRANSPORT_INSTR] SendRpc: key=psum.7_0_sr_68_69|s100005->200005d|$c0$l706382373^i0 size=8388608 queue_latency_us=0 attempt=0
I0909 09:23:32.803049    1724 grpc_transport.cc:1743] [MEGASCALE_TRANSPORT_INSTR] SendRpc: key=psum.7_0_sr_75_76|s100006->200006d|$c0$l706382373^i0 size=8388608 queue_latency_us=0 attempt=0
I0909 09:23:32.804864    1724 grpc_transport.cc:1743] [MEGASCALE_TRANSPORT_INSTR] SendRpc: key=psum.7_0_sr_98_99|s100006->200006d|$c0$l706382373^i0 size=8388608 queue_latency_us=0 attempt=0
I0909 09:23:32.807408    1383 grpc_transport.cc:1743] [MEGASCALE_TRANSPORT_INSTR] SendRpc: key=psum.7_0_sr_114_115|s100000->200000d|$c0$l706382373^i0 size=8388608 queue_latency_us=0 attempt=0
I0909 09:23:32.810520    1374 grpc_transport.cc:1743] [MEGASCALE_TRANSPORT_INSTR] SendRpc: key=psum.7_0_sr_124_125|s100003->200003d|$c0$l706382373^i0 size=8388608 queue_latency_us=0 attempt=0
I0909 09:23:32.883241    1379 grpc_transport.cc:1414] [MEGASCALE_TRANSPORT_INSTR] Recv: key=psum.7_0_sr_4_5|s200001->100001d|$c0$l706382373^i0 size=0 is_single_chunk=true is_aligned=true memcpy_needed=false
I0909 09:23:32.905351    1377 grpc_transport.cc:1414] [MEGASCALE_TRANSPORT_INSTR] Recv: key=psum.7_0_sr_4_5|s200005->100005d|$c0$l706382373^i0 size=0 is_single_chunk=true is_aligned=true memcpy_needed=false
I0909 09:23:32.927621    1900 grpc_transport.cc:1414] [MEGASCALE_TRANSPORT_INSTR] Recv: key=psum.7_0_sr_32_33|s200001->100001d|$c0$l706382373^i0 size=0 is_single_chunk=true is_aligned=true memcpy_needed=false
I0909 09:23:32.947710     785 grpc_transport.cc:1414] [MEGASCALE_TRANSPORT_INSTR] Recv: key=psum.7_0_sr_34_35|s200005->100005d|$c0$l706382373^i0 size=0 is_single_chunk=true is_aligned=true memcpy_needed=false
I0909 09:23:32.965200    1956 grpc_transport.cc:1414] [MEGASCALE_TRANSPORT_INSTR] Recv: key=psum.7_0_sr_56_57|s200007->100007d|$c0$l706382373^i0 size=0 is_single_chunk=true is_aligned=true memcpy_needed=false
I0909 09:23:32.973888    1956 grpc_transport.cc:1743] [MEGASCALE_TRANSPORT_INSTR] SendRpc: key=psum.7_0_1_ag_0_sr_9_10|s100007->200007d|$c0$l706382373^i0 size=8388608 queue_latency_us=0 attempt=0
I0909 09:23:32.979549    1380 grpc_transport.cc:1743] [MEGASCALE_TRANSPORT_INSTR] SendRpc: key=psum.7_0_1_ag_0_sr_22_23|s100003->200003d|$c0$l706382373^i0 size=8388608 queue_latency_us=0 attempt=0
I0909 09:23:32.985684    1410 grpc_transport.cc:1743] [MEGASCALE_TRANSPORT_INSTR] SendRpc: key=psum.7_0_1_ag_0_sr_11_12|s100001->200001d|$c0$l706382373^i0 size=8388608 queue_latency_us=1 attempt=0
I0909 09:23:32.990080    1380 grpc_transport.cc:1414] [MEGASCALE_TRANSPORT_INSTR] Recv: key=psum.7_0_1_ag_0_sr_79_80|s200003->100003d|$c0$l706382373^i0 size=0 is_single_chunk=true is_aligned=true memcpy_needed=false
I0909 09:23:32.993718    1379 grpc_transport.cc:1743] [MEGASCALE_TRANSPORT_INSTR] SendRpc: key=psum.7_0_1_ag_0_sr_56_57|s100001->200001d|$c0$l706382373^i0 size=8388608 queue_latency_us=0 attempt=0
I0909 09:23:32.998183    1724 grpc_transport.cc:1743] [MEGASCALE_TRANSPORT_INSTR] SendRpc: key=psum.7_0_1_ag_0_sr_59_60|s100006->200006d|$c0$l706382373^i0 size=8388608 queue_latency_us=0 attempt=0
I0909 09:23:33.012810    1724 grpc_transport.cc:1414] [MEGASCALE_TRANSPORT_INSTR] Recv: key=psum.7_0_1_ag_0_sr_113_114|s200006->100006d|$c0$l706382373^i0 size=0 is_single_chunk=true is_aligned=true memcpy_needed=false
I0909 09:23:33.028356    1900 grpc_transport.cc:1414] [MEGASCALE_TRANSPORT_INSTR] Recv: key=psum.7_0_1_ag_0_sr_93_94|s200000->100000d|$c0$l706382373^i0 size=0 is_single_chunk=true is_aligned=true memcpy_needed=false
I0909 09:23:33.045628    1379 grpc_transport.cc:1414] [MEGASCALE_TRANSPORT_INSTR] Recv: key=psum.7_0_1_ag_0_sr_89_90|s200004->100004d|$c0$l706382373^i0 size=0 is_single_chunk=true is_aligned=true memcpy_needed=false
I0909 09:23:33.062341    1956 grpc_transport.cc:1414] [MEGASCALE_TRANSPORT_INSTR] Recv: key=psum.7_0_1_ag_0_sr_123_124|s200002->100002d|$c0$l706382373^i0 size=0 is_single_chunk=true is_aligned=true memcpy_needed=false
I0909 09:23:33.087466    1410 grpc_transport.cc:1743] [MEGASCALE_TRANSPORT_INSTR] SendRpc: key=psum.7_0_sr_74_75|s100001->200001d|$c0$l706382374^i0 size=8388608 queue_latency_us=0 attempt=0
I0909 09:23:33.091918    1943 grpc_transport.cc:1743] [MEGASCALE_TRANSPORT_INSTR] SendRpc: key=psum.7_0_sr_68_69|s100005->200005d|$c0$l706382374^i0 size=8388608 queue_latency_us=0 attempt=0
I0909 09:23:33.094998    1941 grpc_transport.cc:1743] [MEGASCALE_TRANSPORT_INSTR] SendRpc: key=psum.7_0_sr_104_105|s100000->200000d|$c0$l706382374^i0 size=8388608 queue_latency_us=0 attempt=0
I0909 09:23:33.097344    1938 grpc_transport.cc:1743] [MEGASCALE_TRANSPORT_INSTR] SendRpc: key=psum.7_0_sr_123_124|s100001->200001d|$c0$l706382374^i0 size=8388608 queue_latency_us=0 attempt=0
I0909 09:23:33.101310    1760 grpc_transport.cc:1743] [MEGASCALE_TRANSPORT_INSTR] SendRpc: key=psum.7_0_sr_104_105|s100006->200006d|$c0$l706382374^i0 size=8388608 queue_latency_us=0 attempt=0
I0909 09:23:33.106448    1739 grpc_transport.cc:1743] [MEGASCALE_TRANSPORT_INSTR] SendRpc: key=psum.7_0_sr_126_127|s100002->200002d|$c0$l706382374^i0 size=8388608 queue_latency_us=0 attempt=0
I0909 09:23:33.154679    1377 grpc_transport.cc:1414] [MEGASCALE_TRANSPORT_INSTR] Recv: key=psum.7_0_sr_2_3|s200000->100000d|$c0$l706382374^i0 size=0 is_single_chunk=true is_aligned=true memcpy_needed=false
I0909 09:23:33.176304    1379 grpc_transport.cc:1414] [MEGASCALE_TRANSPORT_INSTR] Recv: key=psum.7_0_sr_15_16|s200004->100004d|$c0$l706382374^i0 size=0 is_single_chunk=true is_aligned=true memcpy_needed=false
I0909 09:23:33.197671    1722 grpc_transport.cc:1414] [MEGASCALE_TRANSPORT_INSTR] Recv: key=psum.7_0_sr_34_35|s200002->100002d|$c0$l706382374^i0 size=0 is_single_chunk=true is_aligned=true memcpy_needed=false
I0909 09:23:33.215962    1374 grpc_transport.cc:1414] [MEGASCALE_TRANSPORT_INSTR] Recv: key=psum.7_0_sr_50_51|s200003->100003d|$c0$l706382374^i0 size=0 is_single_chunk=true is_aligned=true memcpy_needed=false
I0909 09:23:33.233724    1900 grpc_transport.cc:1743] [MEGASCALE_TRANSPORT_INSTR] SendRpc: key=psum.7_0_1_ag_0_sr_33_34|s100004->200004d|$c0$l706382374^i0 size=8388608 queue_latency_us=0 attempt=0
I0909 09:23:33.238626    1377 grpc_transport.cc:1414] [MEGASCALE_TRANSPORT_INSTR] Recv: key=psum.7_0_sr_58_59|s200005->100005d|$c0$l706382374^i0 size=0 is_single_chunk=true is_aligned=true memcpy_needed=false
I0909 09:23:33.255677    1379 grpc_transport.cc:1743] [MEGASCALE_TRANSPORT_INSTR] SendRpc: key=psum.7_0_1_ag_0_sr_24_25|s100005->200005d|$c0$l706382374^i0 size=8388608 queue_latency_us=0 attempt=0
I0909 09:23:33.263057     785 grpc_transport.cc:1414] [MEGASCALE_TRANSPORT_INSTR] Recv: key=psum.7_0_1_ag_0_sr_87_88|s200004->100004d|$c0$l706382374^i0 size=0 is_single_chunk=true is_aligned=true memcpy_needed=false
I0909 09:23:33.266576    1956 grpc_transport.cc:1743] [MEGASCALE_TRANSPORT_INSTR] SendRpc: key=psum.7_0_1_ag_0_sr_9_10|s100002->200002d|$c0$l706382374^i0 size=8388608 queue_latency_us=0 attempt=0
I0909 09:23:33.273005    1421 grpc_transport.cc:1743] [MEGASCALE_TRANSPORT_INSTR] SendRpc: key=psum.7_0_1_ag_0_sr_60_61|s100002->200002d|$c0$l706382374^i0 size=8388608 queue_latency_us=0 attempt=0
I0909 09:23:33.282567    1735 grpc_transport.cc:1414] [MEGASCALE_TRANSPORT_INSTR] Recv: key=psum.7_0_1_ag_0_sr_124_125|s200007->100007d|$c0$l706382374^i0 size=0 is_single_chunk=true is_aligned=true memcpy_needed=false
I0909 09:23:33.283820    1733 grpc_transport.cc:1743] [MEGASCALE_TRANSPORT_INSTR] SendRpc: key=psum.7_0_1_ag_0_sr_48_49|s100007->200007d|$c0$l706382374^i0 size=8388608 queue_latency_us=0 attempt=0
I0909 09:23:33.300005    1733 grpc_transport.cc:1414] [MEGASCALE_TRANSPORT_INSTR] Recv: key=psum.7_0_1_ag_0_sr_83_84|s200003->100003d|$c0$l706382374^i0 size=0 is_single_chunk=true is_aligned=true memcpy_needed=false
I0909 09:23:33.317228    1379 grpc_transport.cc:1414] [MEGASCALE_TRANSPORT_INSTR] Recv: key=psum.7_0_1_ag_0_sr_97_98|s200005->100005d|$c0$l706382374^i0 size=0 is_single_chunk=true is_aligned=true memcpy_needed=false
I0909 09:23:33.332932    1377 grpc_transport.cc:1414] [MEGASCALE_TRANSPORT_INSTR] Recv: key=psum.7_0_1_ag_0_sr_125_126|s200005->100005d|$c0$l706382374^i0 size=0 is_single_chunk=true is_aligned=true memcpy_needed=false
I0909 09:23:33.365936    1750 grpc_transport.cc:1743] [MEGASCALE_TRANSPORT_INSTR] SendRpc: key=psum.7_0_sr_77_78|s100006->200006d|$c0$l706382375^i0 size=8388608 queue_latency_us=0 attempt=0
I0909 09:23:33.369371    1391 grpc_transport.cc:1743] [MEGASCALE_TRANSPORT_INSTR] SendRpc: key=psum.7_0_sr_85_86|s100005->200005d|$c0$l706382375^i0 size=8388608 queue_latency_us=0 attempt=0
I0909 09:23:33.372985    1750 grpc_transport.cc:1743] [MEGASCALE_TRANSPORT_INSTR] SendRpc: key=psum.7_0_sr_90_91|s100003->200003d|$c0$l706382375^i0 size=8388608 queue_latency_us=0 attempt=0
I0909 09:23:33.376658    1374 grpc_transport.cc:1743] [MEGASCALE_TRANSPORT_INSTR] SendRpc: key=psum.7_0_sr_111_112|s100007->200007d|$c0$l706382375^i0 size=8388608 queue_latency_us=0 attempt=0
I0909 09:23:33.380609    1762 grpc_transport.cc:1743] [MEGASCALE_TRANSPORT_INSTR] SendRpc: key=psum.7_0_sr_126_127|s100007->200007d|$c0$l706382375^i0 size=8388608 queue_latency_us=0 attempt=0
I0909 09:23:33.419414    1900 grpc_transport.cc:1414] [MEGASCALE_TRANSPORT_INSTR] Recv: key=psum.7_0_sr_18_19|s200005->100005d|$c0$l706382375^i0 size=0 is_single_chunk=true is_aligned=true memcpy_needed=false
I0909 09:23:33.452773    1377 grpc_transport.cc:1414] [MEGASCALE_TRANSPORT_INSTR] Recv: key=psum.7_0_sr_2_3|s200000->100000d|$c0$l706382375^i0 size=0 is_single_chunk=true is_aligned=true memcpy_needed=false
I0909 09:23:33.471313    1374 grpc_transport.cc:1414] [MEGASCALE_TRANSPORT_INSTR] Recv: key=psum.7_0_sr_18_19|s200003->100003d|$c0$l706382375^i0 size=0 is_single_chunk=true is_aligned=true memcpy_needed=false
I0909 09:23:33.489998    1379 grpc_transport.cc:1414] [MEGASCALE_TRANSPORT_INSTR] Recv: key=psum.7_0_sr_48_49|s200001->100001d|$c0$l706382375^i0 size=0 is_single_chunk=true is_aligned=true memcpy_needed=false
I0909 09:23:33.509005    1724 grpc_transport.cc:1414] [MEGASCALE_TRANSPORT_INSTR] Recv: key=psum.7_0_sr_51_52|s200006->100006d|$c0$l706382375^i0 size=0 is_single_chunk=true is_aligned=true memcpy_needed=false
I0909 09:23:33.518255    1379 grpc_transport.cc:1743] [MEGASCALE_TRANSPORT_INSTR] SendRpc: key=psum.7_0_1_ag_0_sr_7_8|s100001->200001d|$c0$l706382375^i0 size=8388608 queue_latency_us=0 attempt=0
I0909 09:23:33.535153    1730 grpc_transport.cc:1743] [MEGASCALE_TRANSPORT_INSTR] SendRpc: key=psum.7_0_1_ag_0_sr_43_44|s100003->200003d|$c0$l706382375^i0 size=8388608 queue_latency_us=0 attempt=0
I0909 09:23:33.537621    1401 grpc_transport.cc:1414] [MEGASCALE_TRANSPORT_INSTR] Recv: key=psum.7_0_1_ag_0_sr_76_77|s200001->100001d|$c0$l706382375^i0 size=0 is_single_chunk=true is_aligned=true memcpy_needed=false
I0909 09:23:33.545070    1935 grpc_transport.cc:1743] [MEGASCALE_TRANSPORT_INSTR] SendRpc: key=psum.7_0_1_ag_0_sr_21_22|s100005->200005d|$c0$l706382375^i0 size=8388608 queue_latency_us=0 attempt=0
I0909 09:23:33.556376    1907 grpc_transport.cc:1743] [MEGASCALE_TRANSPORT_INSTR] SendRpc: key=psum.7_0_1_ag_0_sr_33_34|s100004->200004d|$c0$l706382375^i0 size=8388608 queue_latency_us=0 attempt=0
I0909 09:23:33.559370    1900 grpc_transport.cc:1414] [MEGASCALE_TRANSPORT_INSTR] Recv: key=psum.7_0_1_ag_0_sr_72_73|s200005->100005d|$c0$l706382375^i0 size=0 is_single_chunk=true is_aligned=true memcpy_needed=false
I0909 09:23:33.563619    1387 grpc_transport.cc:1743] [MEGASCALE_TRANSPORT_INSTR] SendRpc: key=psum.7_0_1_ag_0_sr_26_27|s100002->200002d|$c0$l706382375^i0 size=8388608 queue_latency_us=0 attempt=0
I0909 09:23:33.575075    1374 grpc_transport.cc:1414] [MEGASCALE_TRANSPORT_INSTR] Recv: key=psum.7_0_1_ag_0_sr_114_115|s200003->100003d|$c0$l706382375^i0 size=0 is_single_chunk=true is_aligned=true memcpy_needed=false
I0909 09:23:33.593587    1374 grpc_transport.cc:1414] [MEGASCALE_TRANSPORT_INSTR] Recv: key=psum.7_0_1_ag_0_sr_69_70|s200002->100002d|$c0$l706382375^i0 size=0 is_single_chunk=true is_aligned=true memcpy_needed=false
I0909 09:23:33.610378    1373 grpc_transport.cc:1414] [MEGASCALE_TRANSPORT_INSTR] Recv: key=psum.7_0_1_ag_0_sr_93_94|s200002->100002d|$c0$l706382375^i0 size=0 is_single_chunk=true is_aligned=true memcpy_needed=false
I0909 09:23:33.645670    1936 grpc_transport.cc:1743] [MEGASCALE_TRANSPORT_INSTR] SendRpc: key=psum.7_0_sr_83_84|s100001->200001d|$c0$l706382376^i0 size=8388608 queue_latency_us=0 attempt=0
I0909 09:23:33.649583    1762 grpc_transport.cc:1743] [MEGASCALE_TRANSPORT_INSTR] SendRpc: key=psum.7_0_sr_89_90|s100003->200003d|$c0$l706382376^i0 size=8388608 queue_latency_us=0 attempt=0
I0909 09:23:33.651307     814 grpc_transport.cc:1743] [MEGASCALE_TRANSPORT_INSTR] SendRpc: key=psum.7_0_sr_88_89|s100006->200006d|$c0$l706382376^i0 size=8388608 queue_latency_us=0 attempt=0
I0909 09:23:33.652628    1636 grpc_transport.cc:1743] [MEGASCALE_TRANSPORT_INSTR] SendRpc: key=psum.7_0_sr_98_99|s100003->200003d|$c0$l706382376^i0 size=8388608 queue_latency_us=0 attempt=0
I0909 09:23:33.655446     785 grpc_transport.cc:1743] [MEGASCALE_TRANSPORT_INSTR] SendRpc: key=psum.7_0_sr_116_117|s100001->200001d|$c0$l706382376^i0 size=8388608 queue_latency_us=0 attempt=0
I0909 09:23:33.664512    1724 grpc_transport.cc:1414] [MEGASCALE_TRANSPORT_INSTR] Recv: key=psum.7_0_sr_4_5|s200007->100007d|$c0$l706382376^i0 size=0 is_single_chunk=true is_aligned=true memcpy_needed=false
I0909 09:23:33.704135    1379 grpc_transport.cc:1414] [MEGASCALE_TRANSPORT_INSTR] Recv: key=psum.7_0_sr_13_14|s200001->100001d|$c0$l706382376^i0 size=0 is_single_chunk=true is_aligned=true memcpy_needed=false
I0909 09:23:33.723706    1900 grpc_transport.cc:1414] [MEGASCALE_TRANSPORT_INSTR] Recv: key=psum.7_0_sr_22_23|s200001->100001d|$c0$l706382376^i0 size=0 is_single_chunk=true is_aligned=true memcpy_needed=false
I0909 09:23:33.741803    1379 grpc_transport.cc:1414] [MEGASCALE_TRANSPORT_INSTR] Recv: key=psum.7_0_sr_38_39|s200005->100005d|$c0$l706382376^i0 size=0 is_single_chunk=true is_aligned=true memcpy_needed=false
I0909 09:23:33.759029    1380 grpc_transport.cc:1414] [MEGASCALE_TRANSPORT_INSTR] Recv: key=psum.7_0_sr_42_43|s200006->100006d|$c0$l706382376^i0 size=0 is_single_chunk=true is_aligned=true memcpy_needed=false
I0909 09:23:33.765707    1724 grpc_transport.cc:1743] [MEGASCALE_TRANSPORT_INSTR] SendRpc: key=psum.7_0_1_ag_0_sr_2_3|s100007->200007d|$c0$l706382376^i0 size=8388608 queue_latency_us=0 attempt=0
I0909 09:23:33.778157    1391 grpc_transport.cc:1743] [MEGASCALE_TRANSPORT_INSTR] SendRpc: key=psum.7_0_1_ag_0_sr_20_21|s100001->200001d|$c0$l706382376^i0 size=8388608 queue_latency_us=0 attempt=0
I0909 09:23:33.786919    1379 grpc_transport.cc:1743] [MEGASCALE_TRANSPORT_INSTR] SendRpc: key=psum.7_0_1_ag_0_sr_43_44|s100005->200005d|$c0$l706382376^i0 size=8388608 queue_latency_us=0 attempt=0
I0909 09:23:33.791280    1377 grpc_transport.cc:1414] [MEGASCALE_TRANSPORT_INSTR] Recv: key=psum.7_0_1_ag_0_sr_81_82|s200004->100004d|$c0$l706382376^i0 size=0 is_single_chunk=true is_aligned=true memcpy_needed=false
I0909 09:23:33.812647    1385 grpc_transport.cc:1743] [MEGASCALE_TRANSPORT_INSTR] SendRpc: key=psum.7_0_1_ag_0_sr_5_6|s100003->200003d|$c0$l706382376^i0 size=8388608 queue_latency_us=0 attempt=0
I0909 09:23:33.816584    1389 grpc_transport.cc:1414] [MEGASCALE_TRANSPORT_INSTR] Recv: key=psum.7_0_1_ag_0_sr_70_71|s200000->100000d|$c0$l706382376^i0 size=0 is_single_chunk=true is_aligned=true memcpy_needed=false
I0909 09:23:33.828197    1730 grpc_transport.cc:1743] [MEGASCALE_TRANSPORT_INSTR] SendRpc: key=psum.7_0_1_ag_0_sr_0_1|s100002->200002d|$c0$l706382376^i0 size=8388608 queue_latency_us=22 attempt=0
I0909 09:23:33.834494     785 grpc_transport.cc:1414] [MEGASCALE_TRANSPORT_INSTR] Recv: key=psum.7_0_1_ag_0_sr_125_126|s200000->100000d|$c0$l706382376^i0 size=0 is_single_chunk=true is_aligned=true memcpy_needed=false
I0909 09:23:33.850784    1733 grpc_transport.cc:1414] [MEGASCALE_TRANSPORT_INSTR] Recv: key=psum.7_0_1_ag_0_sr_114_115|s200006->100006d|$c0$l706382376^i0 size=0 is_single_chunk=true is_aligned=true memcpy_needed=false
I0909 09:23:33.867884    1722 grpc_transport.cc:1414] [MEGASCALE_TRANSPORT_INSTR] Recv: key=psum.7_0_1_ag_0_sr_102_103|s200003->100003d|$c0$l706382376^i0 size=0 is_single_chunk=true is_aligned=true memcpy_needed=false
I0909 09:23:33.888395    1722 grpc_transport.cc:1414] [MEGASCALE_TRANSPORT_INSTR] Recv: key=psum.7_0_1_ag_0_sr_110_111|s200007->100007d|$c0$l706382376^i0 size=0 is_single_chunk=true is_aligned=true memcpy_needed=false
I0909 09:23:33.904970    1722 grpc_transport.cc:1743] [MEGASCALE_TRANSPORT_INSTR] SendRpc: key=psum.7_0_sr_87_88|s100007->200007d|$c0$l706382377^i0 size=8388608 queue_latency_us=0 attempt=0
I0909 09:23:33.908000    1738 grpc_transport.cc:1743] [MEGASCALE_TRANSPORT_INSTR] SendRpc: key=psum.7_0_sr_107_108|s100007->200007d|$c0$l706382377^i0 size=8388608 queue_latency_us=0 attempt=0
I0909 09:23:33.910988     804 grpc_transport.cc:1743] [MEGASCALE_TRANSPORT_INSTR] SendRpc: key=psum.7_0_sr_118_119|s100007->200007d|$c0$l706382377^i0 size=8388608 queue_latency_us=0 attempt=0
I0909 09:23:33.914545    1373 grpc_transport.cc:1743] [MEGASCALE_TRANSPORT_INSTR] SendRpc: key=psum.7_0_sr_103_104|s100002->200002d|$c0$l706382377^i0 size=8388608 queue_latency_us=0 attempt=0
I0909 09:23:33.918703    1411 grpc_transport.cc:1743] [MEGASCALE_TRANSPORT_INSTR] SendRpc: key=psum.7_0_sr_104_105|s100006->200006d|$c0$l706382377^i0 size=8388608 queue_latency_us=0 attempt=0
I0909 09:23:33.947516    1379 grpc_transport.cc:1414] [MEGASCALE_TRANSPORT_INSTR] Recv: key=psum.7_0_sr_28_29|s200004->100004d|$c0$l706382377^i0 size=0 is_single_chunk=true is_aligned=true memcpy_needed=false
I0909 09:23:33.968749    1385 grpc_transport.cc:1414] [MEGASCALE_TRANSPORT_INSTR] Recv: key=psum.7_0_sr_17_18|s200006->100006d|$c0$l706382377^i0 size=0 is_single_chunk=true is_aligned=true memcpy_needed=false
I0909 09:23:33.987410    1377 grpc_transport.cc:1414] [MEGASCALE_TRANSPORT_INSTR] Recv: key=psum.7_0_sr_47_48|s200004->100004d|$c0$l706382377^i0 size=0 is_single_chunk=true is_aligned=true memcpy_needed=false
I0909 09:23:34.005047    1956 grpc_transport.cc:1743] [MEGASCALE_TRANSPORT_INSTR] SendRpc: key=psum.7_0_1_ag_0_sr_27_28|s100003->200003d|$c0$l706382377^i0 size=8388608 queue_latency_us=0 attempt=0
I0909 09:23:34.007551    1377 grpc_transport.cc:1414] [MEGASCALE_TRANSPORT_INSTR] Recv: key=psum.7_0_sr_51_52|s200005->100005d|$c0$l706382377^i0 size=0 is_single_chunk=true is_aligned=true memcpy_needed=false
I0909 09:23:34.024405    1410 grpc_transport.cc:1414] [MEGASCALE_TRANSPORT_INSTR] Recv: key=psum.7_0_sr_63_64|s200001->100001d|$c0$l706382377^i0 size=0 is_single_chunk=true is_aligned=true memcpy_needed=false
I0909 09:23:34.025877    1379 grpc_transport.cc:1743] [MEGASCALE_TRANSPORT_INSTR] SendRpc: key=psum.7_0_1_ag_0_sr_61_62|s100004->200004d|$c0$l706382377^i0 size=8388608 queue_latency_us=0 attempt=0
I0909 09:23:34.039702    1956 grpc_transport.cc:1743] [MEGASCALE_TRANSPORT_INSTR] SendRpc: key=psum.7_0_1_ag_0_sr_32_33|s100006->200006d|$c0$l706382377^i0 size=8388608 queue_latency_us=0 attempt=0
I0909 09:23:34.051832     785 grpc_transport.cc:1743] [MEGASCALE_TRANSPORT_INSTR] SendRpc: key=psum.7_0_1_ag_0_sr_5_6|s100001->200001d|$c0$l706382377^i0 size=8388608 queue_latency_us=0 attempt=0
I0909 09:23:34.052579    1418 grpc_transport.cc:1414] [MEGASCALE_TRANSPORT_INSTR] Recv: key=psum.7_0_1_ag_0_sr_107_108|s200000->100000d|$c0$l706382377^i0 size=0 is_single_chunk=true is_aligned=true memcpy_needed=false
I0909 09:23:34.058870    1430 grpc_transport.cc:1743] [MEGASCALE_TRANSPORT_INSTR] SendRpc: key=psum.7_0_1_ag_0_sr_9_10|s100007->200007d|$c0$l706382377^i0 size=8388608 queue_latency_us=0 attempt=0
I0909 09:23:34.074084    1386 grpc_transport.cc:1414] [MEGASCALE_TRANSPORT_INSTR] Recv: key=psum.7_0_1_ag_0_sr_72_73|s200004->100004d|$c0$l706382377^i0 size=0 is_single_chunk=true is_aligned=true memcpy_needed=false
I0909 09:23:34.089425    1722 grpc_transport.cc:1414] [MEGASCALE_TRANSPORT_INSTR] Recv: key=psum.7_0_1_ag_0_sr_125_126|s200002->100002d|$c0$l706382377^i0 size=0 is_single_chunk=true is_aligned=true memcpy_needed=false
I0909 09:23:34.106793    1379 grpc_transport.cc:1414] [MEGASCALE_TRANSPORT_INSTR] Recv: key=psum.7_0_1_ag_0_sr_104_105|s200005->100005d|$c0$l706382377^i0 size=0 is_single_chunk=true is_aligned=true memcpy_needed=false
I0909 09:23:34.123581    1377 grpc_transport.cc:1414] [MEGASCALE_TRANSPORT_INSTR] Recv: key=psum.7_0_1_ag_0_sr_125_126|s200005->100005d|$c0$l706382377^i0 size=0 is_single_chunk=true is_aligned=true memcpy_needed=false
I0909 09:23:34.143498    1393 grpc_transport.cc:1743] [MEGASCALE_TRANSPORT_INSTR] SendRpc: key=psum.7_0_sr_80_81|s100005->200005d|$c0$l706382378^i0 size=8388608 queue_latency_us=0 attempt=0
I0909 09:23:34.147897    1420 grpc_transport.cc:1743] [MEGASCALE_TRANSPORT_INSTR] SendRpc: key=psum.7_0_sr_73_74|s100001->200001d|$c0$l706382378^i0 size=8388608 queue_latency_us=0 attempt=0
I0909 09:23:34.150523    1768 grpc_transport.cc:1743] [MEGASCALE_TRANSPORT_INSTR] SendRpc: key=psum.7_0_sr_82_83|s100002->200002d|$c0$l706382378^i0 size=8388608 queue_latency_us=0 attempt=0
I0909 09:23:34.153156    1631 grpc_transport.cc:1743] [MEGASCALE_TRANSPORT_INSTR] SendRpc: key=psum.7_0_sr_100_101|s100006->200006d|$c0$l706382378^i0 size=8388608 queue_latency_us=0 attempt=0
I0909 09:23:34.156358    1937 grpc_transport.cc:1743] [MEGASCALE_TRANSPORT_INSTR] SendRpc: key=psum.7_0_sr_121_122|s100005->200005d|$c0$l706382378^i0 size=8388608 queue_latency_us=0 attempt=0
I0909 09:23:34.200990    1722 grpc_transport.cc:1414] [MEGASCALE_TRANSPORT_INSTR] Recv: key=psum.7_0_sr_13_14|s200002->100002d|$c0$l706382378^i0 size=0 is_single_chunk=true is_aligned=true memcpy_needed=false
I0909 09:23:34.228400    1956 grpc_transport.cc:1414] [MEGASCALE_TRANSPORT_INSTR] Recv: key=psum.7_0_sr_5_6|s200003->100003d|$c0$l706382378^i0 size=0 is_single_chunk=true is_aligned=true memcpy_needed=false
I0909 09:23:34.247357    1374 grpc_transport.cc:1414] [MEGASCALE_TRANSPORT_INSTR] Recv: key=psum.7_0_sr_37_38|s200006->100006d|$c0$l706382378^i0 size=0 is_single_chunk=true is_aligned=true memcpy_needed=false
I0909 09:23:34.264588    1377 grpc_transport.cc:1414] [MEGASCALE_TRANSPORT_INSTR] Recv: key=psum.7_0_sr_52_53|s200005->100005d|$c0$l706382378^i0 size=0 is_single_chunk=true is_aligned=true memcpy_needed=false
I0909 09:23:34.280051    1377 grpc_transport.cc:1743] [MEGASCALE_TRANSPORT_INSTR] SendRpc: key=psum.7_0_1_ag_0_sr_4_5|s100001->200001d|$c0$l706382378^i0 size=8388608 queue_latency_us=0 attempt=0
I0909 09:23:34.282323    1722 grpc_transport.cc:1414] [MEGASCALE_TRANSPORT_INSTR] Recv: key=psum.7_0_sr_60_61|s200006->100006d|$c0$l706382378^i0 size=0 is_single_chunk=true is_aligned=true memcpy_needed=false
I0909 09:23:34.287103    1958 grpc_transport.cc:1743] [MEGASCALE_TRANSPORT_INSTR] SendRpc: key=psum.7_0_1_ag_0_sr_3_4|s100006->200006d|$c0$l706382378^i0 size=8388608 queue_latency_us=0 attempt=0
I0909 09:23:34.293711    1722 grpc_transport.cc:1743] [MEGASCALE_TRANSPORT_INSTR] SendRpc: key=psum.7_0_1_ag_0_sr_59_60|s100006->200006d|$c0$l706382378^i0 size=8388608 queue_latency_us=0 attempt=0
I0909 09:23:34.302770    1906 grpc_transport.cc:1743] [MEGASCALE_TRANSPORT_INSTR] SendRpc: key=psum.7_0_1_ag_0_sr_45_46|s100000->200000d|$c0$l706382378^i0 size=8388608 queue_latency_us=0 attempt=0
I0909 09:23:34.309518    1374 grpc_transport.cc:1414] [MEGASCALE_TRANSPORT_INSTR] Recv: key=psum.7_0_1_ag_0_sr_65_66|s200003->100003d|$c0$l706382378^i0 size=0 is_single_chunk=true is_aligned=true memcpy_needed=false
I0909 09:23:34.320945    1385 grpc_transport.cc:1743] [MEGASCALE_TRANSPORT_INSTR] SendRpc: key=psum.7_0_1_ag_0_sr_49_50|s100007->200007d|$c0$l706382378^i0 size=8388608 queue_latency_us=0 attempt=0
I0909 09:23:34.328166    1386 grpc_transport.cc:1414] [MEGASCALE_TRANSPORT_INSTR] Recv: key=psum.7_0_1_ag_0_sr_72_73|s200001->100001d|$c0$l706382378^i0 size=0 is_single_chunk=true is_aligned=true memcpy_needed=false
I0909 09:23:34.331924    1743 grpc_transport.cc:1743] [MEGASCALE_TRANSPORT_INSTR] SendRpc: key=psum.7_0_1_ag_0_sr_56_57|s100002->200002d|$c0$l706382378^i0 size=8388608 queue_latency_us=0 attempt=0
I0909 09:23:34.344475    1956 grpc_transport.cc:1414] [MEGASCALE_TRANSPORT_INSTR] Recv: key=psum.7_0_1_ag_0_sr_113_114|s200003->100003d|$c0$l706382378^i0 size=0 is_single_chunk=true is_aligned=true memcpy_needed=false
I0909 09:23:34.361350    1377 grpc_transport.cc:1414] [MEGASCALE_TRANSPORT_INSTR] Recv: key=psum.7_0_1_ag_0_sr_108_109|s200001->100001d|$c0$l706382378^i0 size=0 is_single_chunk=true is_aligned=true memcpy_needed=false
I0909 09:23:34.379468     785 grpc_transport.cc:1414] [MEGASCALE_TRANSPORT_INSTR] Recv: key=psum.7_0_1_ag_0_sr_127_128|s200004->100004d|$c0$l706382378^i0 size=0 is_single_chunk=true is_aligned=true memcpy_needed=false
I0909 09:23:34.410956    1575 grpc_transport.cc:1743] [MEGASCALE_TRANSPORT_INSTR] SendRpc: key=psum.7_0_sr_103_104|s100003->200003d|$c0$l706382379^i0 size=8388608 queue_latency_us=0 attempt=0
I0909 09:23:34.414454     792 grpc_transport.cc:1743] [MEGASCALE_TRANSPORT_INSTR] SendRpc: key=psum.7_0_sr_88_89|s100005->200005d|$c0$l706382379^i0 size=8388608 queue_latency_us=0 attempt=0
I0909 09:23:34.418035    1420 grpc_transport.cc:1743] [MEGASCALE_TRANSPORT_INSTR] SendRpc: key=psum.7_0_sr_89_90|s100000->200000d|$c0$l706382379^i0 size=8388608 queue_latency_us=0 attempt=0
I0909 09:23:34.422077    1906 grpc_transport.cc:1743] [MEGASCALE_TRANSPORT_INSTR] SendRpc: key=psum.7_0_sr_100_101|s100000->200000d|$c0$l706382379^i0 size=8388608 queue_latency_us=0 attempt=0
I0909 09:23:34.425422    1910 grpc_transport.cc:1743] [MEGASCALE_TRANSPORT_INSTR] SendRpc: key=psum.7_0_sr_121_122|s100000->200000d|$c0$l706382379^i0 size=8388608 queue_latency_us=0 attempt=0
I0909 09:23:34.454091    1377 grpc_transport.cc:1414] [MEGASCALE_TRANSPORT_INSTR] Recv: key=psum.7_0_sr_0_1|s200000->100000d|$c0$l706382379^i0 size=0 is_single_chunk=true is_aligned=true memcpy_needed=false
I0909 09:23:34.480346    1377 grpc_transport.cc:1414] [MEGASCALE_TRANSPORT_INSTR] Recv: key=psum.7_0_sr_5_6|s200001->100001d|$c0$l706382379^i0 size=0 is_single_chunk=true is_aligned=true memcpy_needed=false
I0909 09:23:34.501860    1373 grpc_transport.cc:1414] [MEGASCALE_TRANSPORT_INSTR] Recv: key=psum.7_0_sr_21_22|s200007->100007d|$c0$l706382379^i0 size=0 is_single_chunk=true is_aligned=true memcpy_needed=false
I0909 09:23:34.519058    1380 grpc_transport.cc:1414] [MEGASCALE_TRANSPORT_INSTR] Recv: key=psum.7_0_sr_36_37|s200007->100007d|$c0$l706382379^i0 size=0 is_single_chunk=true is_aligned=true memcpy_needed=false
I0909 09:23:34.537824    1377 grpc_transport.cc:1414] [MEGASCALE_TRANSPORT_INSTR] Recv: key=psum.7_0_sr_59_60|s200001->100001d|$c0$l706382379^i0 size=0 is_single_chunk=true is_aligned=true memcpy_needed=false
I0909 09:23:34.540985    1379 grpc_transport.cc:1743] [MEGASCALE_TRANSPORT_INSTR] SendRpc: key=psum.7_0_1_ag_0_sr_15_16|s100004->200004d|$c0$l706382379^i0 size=8388608 queue_latency_us=0 attempt=0
I0909 09:23:34.553997    1374 grpc_transport.cc:1743] [MEGASCALE_TRANSPORT_INSTR] SendRpc: key=psum.7_0_1_ag_0_sr_2_3|s100003->200003d|$c0$l706382379^i0 size=8388608 queue_latency_us=0 attempt=0
I0909 09:23:34.559632    1374 grpc_transport.cc:1743] [MEGASCALE_TRANSPORT_INSTR] SendRpc: key=psum.7_0_1_ag_0_sr_41_42|s100003->200003d|$c0$l706382379^i0 size=8388608 queue_latency_us=0 attempt=0
I0909 09:23:34.563000    1377 grpc_transport.cc:1414] [MEGASCALE_TRANSPORT_INSTR] Recv: key=psum.7_0_1_ag_0_sr_107_108|s200001->100001d|$c0$l706382379^i0 size=0 is_single_chunk=true is_aligned=true memcpy_needed=false
I0909 09:23:34.576549    1374 grpc_transport.cc:1743] [MEGASCALE_TRANSPORT_INSTR] SendRpc: key=psum.7_0_1_ag_0_sr_59_60|s100006->200006d|$c0$l706382379^i0 size=8388608 queue_latency_us=0 attempt=0
I0909 09:23:34.582527    1379 grpc_transport.cc:1414] [MEGASCALE_TRANSPORT_INSTR] Recv: key=psum.7_0_1_ag_0_sr_98_99|s200005->100005d|$c0$l706382379^i0 size=0 is_single_chunk=true is_aligned=true memcpy_needed=false
I0909 09:23:34.585611    1722 grpc_transport.cc:1743] [MEGASCALE_TRANSPORT_INSTR] SendRpc: key=psum.7_0_1_ag_0_sr_31_32|s100007->200007d|$c0$l706382379^i0 size=8388608 queue_latency_us=0 attempt=0
I0909 09:23:34.598995    1374 grpc_transport.cc:1414] [MEGASCALE_TRANSPORT_INSTR] Recv: key=psum.7_0_1_ag_0_sr_90_91|s200007->100007d|$c0$l706382379^i0 size=0 is_single_chunk=true is_aligned=true memcpy_needed=false
I0909 09:23:34.614888    1377 grpc_transport.cc:1414] [MEGASCALE_TRANSPORT_INSTR] Recv: key=psum.7_0_1_ag_0_sr_64_65|s200000->100000d|$c0$l706382379^i0 size=0 is_single_chunk=true is_aligned=true memcpy_needed=false
I0909 09:23:34.631292    1956 grpc_transport.cc:1414] [MEGASCALE_TRANSPORT_INSTR] Recv: key=psum.7_0_1_ag_0_sr_103_104|s200006->100006d|$c0$l706382379^i0 size=0 is_single_chunk=true is_aligned=true memcpy_needed=false
I0909 09:23:34.667311    1762 grpc_transport.cc:1743] [MEGASCALE_TRANSPORT_INSTR] SendRpc: key=psum.7_0_sr_103_104|s100003->200003d|$c0$l706382380^i0 size=8388608 queue_latency_us=1 attempt=0
I0909 09:23:34.670940    1942 grpc_transport.cc:1743] [MEGASCALE_TRANSPORT_INSTR] SendRpc: key=psum.7_0_sr_70_71|s100001->200001d|$c0$l706382380^i0 size=8388608 queue_latency_us=0 attempt=0
I0909 09:23:34.674539    1743 grpc_transport.cc:1743] [MEGASCALE_TRANSPORT_INSTR] SendRpc: key=psum.7_0_sr_108_109|s100006->200006d|$c0$l706382380^i0 size=8388608 queue_latency_us=0 attempt=0
I0909 09:23:34.677686    1959 grpc_transport.cc:1743] [MEGASCALE_TRANSPORT_INSTR] SendRpc: key=psum.7_0_sr_120_121|s100007->200007d|$c0$l706382380^i0 size=8388608 queue_latency_us=0 attempt=0
I0909 09:23:34.680377    1932 grpc_transport.cc:1414] [MEGASCALE_TRANSPORT_INSTR] Recv: key=psum.7_0_sr_10_11|s200004->100004d|$c0$l706382380^i0 size=0 is_single_chunk=true is_aligned=true memcpy_needed=false
I0909 09:23:34.681065    1379 grpc_transport.cc:1743] [MEGASCALE_TRANSPORT_INSTR] SendRpc: key=psum.7_0_sr_109_110|s100004->200004d|$c0$l706382380^i0 size=8388608 queue_latency_us=0 attempt=0
I0909 09:23:34.710239    1379 grpc_transport.cc:1414] [MEGASCALE_TRANSPORT_INSTR] Recv: key=psum.7_0_sr_19_20|s200001->100001d|$c0$l706382380^i0 size=0 is_single_chunk=true is_aligned=true memcpy_needed=false
I0909 09:23:34.732062    1733 grpc_transport.cc:1414] [MEGASCALE_TRANSPORT_INSTR] Recv: key=psum.7_0_sr_4_5|s200006->100006d|$c0$l706382380^i0 size=0 is_single_chunk=true is_aligned=true memcpy_needed=false
I0909 09:23:34.749795    1379 grpc_transport.cc:1414] [MEGASCALE_TRANSPORT_INSTR] Recv: key=psum.7_0_sr_23_24|s200000->100000d|$c0$l706382380^i0 size=0 is_single_chunk=true is_aligned=true memcpy_needed=false
I0909 09:23:34.766891    1379 grpc_transport.cc:1414] [MEGASCALE_TRANSPORT_INSTR] Recv: key=psum.7_0_sr_37_38|s200000->100000d|$c0$l706382380^i0 size=0 is_single_chunk=true is_aligned=true memcpy_needed=false
I0909 09:23:34.778041    1379 grpc_transport.cc:1743] [MEGASCALE_TRANSPORT_INSTR] SendRpc: key=psum.7_0_1_ag_0_sr_14_15|s100004->200004d|$c0$l706382380^i0 size=8388608 queue_latency_us=0 attempt=0
I0909 09:23:34.789527    1956 grpc_transport.cc:1743] [MEGASCALE_TRANSPORT_INSTR] SendRpc: key=psum.7_0_1_ag_0_sr_25_26|s100003->200003d|$c0$l706382380^i0 size=8388608 queue_latency_us=0 attempt=0
I0909 09:23:34.789638    1738 grpc_transport.cc:1414] [MEGASCALE_TRANSPORT_INSTR] Recv: key=psum.7_0_sr_55_56|s200006->100006d|$c0$l706382380^i0 size=0 is_single_chunk=true is_aligned=true memcpy_needed=false
I0909 09:23:34.796334    1722 grpc_transport.cc:1743] [MEGASCALE_TRANSPORT_INSTR] SendRpc: key=psum.7_0_1_ag_0_sr_63_64|s100007->200007d|$c0$l706382380^i0 size=8388608 queue_latency_us=1 attempt=0
I0909 09:23:34.804369     804 grpc_transport.cc:1743] [MEGASCALE_TRANSPORT_INSTR] SendRpc: key=psum.7_0_1_ag_0_sr_53_54|s100002->200002d|$c0$l706382380^i0 size=8388608 queue_latency_us=1 attempt=0
I0909 09:23:34.814524     785 grpc_transport.cc:1743] [MEGASCALE_TRANSPORT_INSTR] SendRpc: key=psum.7_0_1_ag_0_sr_28_29|s100000->200000d|$c0$l706382380^i0 size=8388608 queue_latency_us=0 attempt=0
I0909 09:23:34.820996    1900 grpc_transport.cc:1414] [MEGASCALE_TRANSPORT_INSTR] Recv: key=psum.7_0_1_ag_0_sr_102_103|s200001->100001d|$c0$l706382380^i0 size=0 is_single_chunk=true is_aligned=true memcpy_needed=false
I0909 09:23:34.838913    1900 grpc_transport.cc:1414] [MEGASCALE_TRANSPORT_INSTR] Recv: key=psum.7_0_1_ag_0_sr_88_89|s200005->100005d|$c0$l706382380^i0 size=0 is_single_chunk=true is_aligned=true memcpy_needed=false
I0909 09:23:34.856042    1379 grpc_transport.cc:1414] [MEGASCALE_TRANSPORT_INSTR] Recv: key=psum.7_0_1_ag_0_sr_111_112|s200005->100005d|$c0$l706382380^i0 size=0 is_single_chunk=true is_aligned=true memcpy_needed=false
I0909 09:23:34.873392    1377 grpc_transport.cc:1414] [MEGASCALE_TRANSPORT_INSTR] Recv: key=psum.7_0_1_ag_0_sr_88_89|s200000->100000d|$c0$l706382380^i0 size=0 is_single_chunk=true is_aligned=true memcpy_needed=false
I0909 09:23:34.890526    1956 grpc_transport.cc:1414] [MEGASCALE_TRANSPORT_INSTR] Recv: key=psum.7_0_1_ag_0_sr_124_125|s200007->100007d|$c0$l706382380^i0 size=0 is_single_chunk=true is_aligned=true memcpy_needed=false
I0909 09:23:34.906853    1959 grpc_transport.cc:1743] [MEGASCALE_TRANSPORT_INSTR] SendRpc: key=psum.7_0_sr_75_76|s100006->200006d|$c0$l706382381^i0 size=8388608 queue_latency_us=0 attempt=0
I0909 09:23:34.909896    1739 grpc_transport.cc:1743] [MEGASCALE_TRANSPORT_INSTR] SendRpc: key=psum.7_0_sr_82_83|s100006->200006d|$c0$l706382381^i0 size=8388608 queue_latency_us=0 attempt=0
I0909 09:23:34.913453    1416 grpc_transport.cc:1743] [MEGASCALE_TRANSPORT_INSTR] SendRpc: key=psum.7_0_sr_64_65|s100007->200007d|$c0$l706382381^i0 size=8388608 queue_latency_us=0 attempt=0
I0909 09:23:34.916552    1502 grpc_transport.cc:1743] [MEGASCALE_TRANSPORT_INSTR] SendRpc: key=psum.7_0_sr_95_96|s100003->200003d|$c0$l706382381^i0 size=8388608 queue_latency_us=0 attempt=0
I0909 09:23:34.920351     790 grpc_transport.cc:1743] [MEGASCALE_TRANSPORT_INSTR] SendRpc: key=psum.7_0_sr_118_119|s100000->200000d|$c0$l706382381^i0 size=8388608 queue_latency_us=0 attempt=0
I0909 09:23:34.979591    1722 grpc_transport.cc:1414] [MEGASCALE_TRANSPORT_INSTR] Recv: key=psum.7_0_sr_30_31|s200003->100003d|$c0$l706382381^i0 size=0 is_single_chunk=true is_aligned=true memcpy_needed=false
I0909 09:23:35.001358    1722 grpc_transport.cc:1414] [MEGASCALE_TRANSPORT_INSTR] Recv: key=psum.7_0_sr_4_5|s200006->100006d|$c0$l706382381^i0 size=0 is_single_chunk=true is_aligned=true memcpy_needed=false
I0909 09:23:35.018511    1377 grpc_transport.cc:1743] [MEGASCALE_TRANSPORT_INSTR] SendRpc: key=psum.7_0_1_ag_0_sr_31_32|s100000->200000d|$c0$l706382381^i0 size=8388608 queue_latency_us=0 attempt=0
I0909 09:23:35.023210    1722 grpc_transport.cc:1414] [MEGASCALE_TRANSPORT_INSTR] Recv: key=psum.7_0_sr_11_12|s200007->100007d|$c0$l706382381^i0 size=0 is_single_chunk=true is_aligned=true memcpy_needed=false
I0909 09:23:35.036935    1956 grpc_transport.cc:1743] [MEGASCALE_TRANSPORT_INSTR] SendRpc: key=psum.7_0_1_ag_0_sr_26_27|s100003->200003d|$c0$l706382381^i0 size=8388608 queue_latency_us=0 attempt=0
I0909 09:23:35.045883    1900 grpc_transport.cc:1414] [MEGASCALE_TRANSPORT_INSTR] Recv: key=psum.7_0_sr_44_45|s200001->100001d|$c0$l706382381^i0 size=0 is_single_chunk=true is_aligned=true memcpy_needed=false
I0909 09:23:35.059838    1386 grpc_transport.cc:1743] [MEGASCALE_TRANSPORT_INSTR] SendRpc: key=psum.7_0_1_ag_0_sr_32_33|s100004->200004d|$c0$l706382381^i0 size=8388608 queue_latency_us=0 attempt=0
I0909 09:23:35.071810    1956 grpc_transport.cc:1414] [MEGASCALE_TRANSPORT_INSTR] Recv: key=psum.7_0_sr_49_50|s200002->100002d|$c0$l706382381^i0 size=0 is_single_chunk=true is_aligned=true memcpy_needed=false
I0909 09:23:35.084898    1724 grpc_transport.cc:1743] [MEGASCALE_TRANSPORT_INSTR] SendRpc: key=psum.7_0_1_ag_0_sr_11_12|s100002->200002d|$c0$l706382381^i0 size=8388608 queue_latency_us=0 attempt=0
I0909 09:23:35.090102    1379 grpc_transport.cc:1414] [MEGASCALE_TRANSPORT_INSTR] Recv: key=psum.7_0_1_ag_0_sr_85_86|s200001->100001d|$c0$l706382381^i0 size=0 is_single_chunk=true is_aligned=true memcpy_needed=false
I0909 09:23:35.102789    1733 grpc_transport.cc:1743] [MEGASCALE_TRANSPORT_INSTR] SendRpc: key=psum.7_0_1_ag_0_sr_47_48|s100006->200006d|$c0$l706382381^i0 size=8388608 queue_latency_us=0 attempt=0
I0909 09:23:35.107770    1374 grpc_transport.cc:1414] [MEGASCALE_TRANSPORT_INSTR] Recv: key=psum.7_0_1_ag_0_sr_95_96|s200006->100006d|$c0$l706382381^i0 size=0 is_single_chunk=true is_aligned=true memcpy_needed=false
I0909 09:23:35.126325    1900 grpc_transport.cc:1414] [MEGASCALE_TRANSPORT_INSTR] Recv: key=psum.7_0_1_ag_0_sr_125_126|s200005->100005d|$c0$l706382381^i0 size=0 is_single_chunk=true is_aligned=true memcpy_needed=false
I0909 09:23:35.143128    1373 grpc_transport.cc:1414] [MEGASCALE_TRANSPORT_INSTR] Recv: key=psum.7_0_1_ag_0_sr_74_75|s200007->100007d|$c0$l706382381^i0 size=0 is_single_chunk=true is_aligned=true memcpy_needed=false
I0909 09:23:35.170471    1956 grpc_transport.cc:1414] [MEGASCALE_TRANSPORT_INSTR] Recv: key=psum.7_0_1_ag_0_sr_108_109|s200007->100007d|$c0$l706382381^i0 size=0 is_single_chunk=true is_aligned=true memcpy_needed=false
I0909 09:23:35.199269    1956 grpc_transport.cc:1414] [MEGASCALE_TRANSPORT_INSTR] Recv: key=psum.7_0_sr_5_6|s200003->100003d|$c0$l706382382^i0 size=0 is_single_chunk=true is_aligned=true memcpy_needed=false
I0909 09:23:35.200505    1401 grpc_transport.cc:1743] [MEGASCALE_TRANSPORT_INSTR] SendRpc: key=psum.7_0_sr_89_90|s100001->200001d|$c0$l706382382^i0 size=8388608 queue_latency_us=0 attempt=0
I0909 09:23:35.205267    1942 grpc_transport.cc:1743] [MEGASCALE_TRANSPORT_INSTR] SendRpc: key=psum.7_0_sr_86_87|s100004->200004d|$c0$l706382382^i0 size=8388608 queue_latency_us=6 attempt=0
I0909 09:23:35.209178    1401 grpc_transport.cc:1743] [MEGASCALE_TRANSPORT_INSTR] SendRpc: key=psum.7_0_sr_107_108|s100004->200004d|$c0$l706382382^i0 size=8388608 queue_latency_us=0 attempt=0
I0909 09:23:35.212839    1377 grpc_transport.cc:1743] [MEGASCALE_TRANSPORT_INSTR] SendRpc: key=psum.7_0_sr_93_94|s100000->200000d|$c0$l706382382^i0 size=8388608 queue_latency_us=0 attempt=0
I0909 09:23:35.217509    1957 grpc_transport.cc:1743] [MEGASCALE_TRANSPORT_INSTR] SendRpc: key=psum.7_0_sr_121_122|s100002->200002d|$c0$l706382382^i0 size=8388608 queue_latency_us=0 attempt=0
I0909 09:23:35.226351    1387 grpc_transport.cc:1414] [MEGASCALE_TRANSPORT_INSTR] Recv: key=psum.7_0_sr_4_5|s200007->100007d|$c0$l706382382^i0 size=0 is_single_chunk=true is_aligned=true memcpy_needed=false
I0909 09:23:35.246768    1377 grpc_transport.cc:1414] [MEGASCALE_TRANSPORT_INSTR] Recv: key=psum.7_0_sr_44_45|s200001->100001d|$c0$l706382382^i0 size=0 is_single_chunk=true is_aligned=true memcpy_needed=false
I0909 09:23:35.263215    1379 grpc_transport.cc:1414] [MEGASCALE_TRANSPORT_INSTR] Recv: key=psum.7_0_sr_48_49|s200004->100004d|$c0$l706382382^i0 size=0 is_single_chunk=true is_aligned=true memcpy_needed=false
I0909 09:23:35.278909    1410 grpc_transport.cc:1743] [MEGASCALE_TRANSPORT_INSTR] SendRpc: key=psum.7_0_1_ag_0_sr_11_12|s100001->200001d|$c0$l706382382^i0 size=8388608 queue_latency_us=0 attempt=0
I0909 09:23:35.280906    1900 grpc_transport.cc:1414] [MEGASCALE_TRANSPORT_INSTR] Recv: key=psum.7_0_sr_63_64|s200000->100000d|$c0$l706382382^i0 size=0 is_single_chunk=true is_aligned=true memcpy_needed=false
I0909 09:23:35.295510    1389 grpc_transport.cc:1743] [MEGASCALE_TRANSPORT_INSTR] SendRpc: key=psum.7_0_1_ag_0_sr_29_30|s100005->200005d|$c0$l706382382^i0 size=8388608 queue_latency_us=0 attempt=0
I0909 09:23:35.302265    1391 grpc_transport.cc:1743] [MEGASCALE_TRANSPORT_INSTR] SendRpc: key=psum.7_0_1_ag_0_sr_40_41|s100004->200004d|$c0$l706382382^i0 size=8388608 queue_latency_us=0 attempt=0
I0909 09:23:35.310058    1746 grpc_transport.cc:1743] [MEGASCALE_TRANSPORT_INSTR] SendRpc: key=psum.7_0_1_ag_0_sr_50_51|s100003->200003d|$c0$l706382382^i0 size=8388608 queue_latency_us=0 attempt=0
I0909 09:23:35.317408    1771 grpc_transport.cc:1743] [MEGASCALE_TRANSPORT_INSTR] SendRpc: key=psum.7_0_1_ag_0_sr_10_11|s100002->200002d|$c0$l706382382^i0 size=8388608 queue_latency_us=1 attempt=0
I0909 09:23:35.322589    1383 grpc_transport.cc:1414] [MEGASCALE_TRANSPORT_INSTR] Recv: key=psum.7_0_1_ag_0_sr_109_110|s200001->100001d|$c0$l706382382^i0 size=0 is_single_chunk=true is_aligned=true memcpy_needed=false
I0909 09:23:35.324764    1733 grpc_transport.cc:1743] [MEGASCALE_TRANSPORT_INSTR] SendRpc: key=psum.7_0_1_ag_0_sr_59_60|s100006->200006d|$c0$l706382382^i0 size=8388608 queue_latency_us=0 attempt=0
I0909 09:23:35.350548    1722 grpc_transport.cc:1414] [MEGASCALE_TRANSPORT_INSTR] Recv: key=psum.7_0_1_ag_0_sr_88_89|s200003->100003d|$c0$l706382382^i0 size=0 is_single_chunk=true is_aligned=true memcpy_needed=false
I0909 09:23:35.374213    1379 grpc_transport.cc:1414] [MEGASCALE_TRANSPORT_INSTR] Recv: key=psum.7_0_1_ag_0_sr_84_85|s200000->100000d|$c0$l706382382^i0 size=0 is_single_chunk=true is_aligned=true memcpy_needed=false
I0909 09:23:35.397027    1374 grpc_transport.cc:1414] [MEGASCALE_TRANSPORT_INSTR] Recv: key=psum.7_0_1_ag_0_sr_82_83|s200002->100002d|$c0$l706382382^i0 size=0 is_single_chunk=true is_aligned=true memcpy_needed=false
I0909 09:23:35.414635    1900 grpc_transport.cc:1414] [MEGASCALE_TRANSPORT_INSTR] Recv: key=psum.7_0_1_ag_0_sr_122_123|s200005->100005d|$c0$l706382382^i0 size=0 is_single_chunk=true is_aligned=true memcpy_needed=false
I0909 09:23:35.453342    1928 grpc_transport.cc:1743] [MEGASCALE_TRANSPORT_INSTR] SendRpc: key=psum.7_0_sr_78_79|s100001->200001d|$c0$l706382383^i0 size=8388608 queue_latency_us=0 attempt=0
I0909 09:23:35.455732    1408 grpc_transport.cc:1743] [MEGASCALE_TRANSPORT_INSTR] SendRpc: key=psum.7_0_sr_91_92|s100007->200007d|$c0$l706382383^i0 size=8388608 queue_latency_us=0 attempt=0
I0909 09:23:35.457618    1463 grpc_transport.cc:1743] [MEGASCALE_TRANSPORT_INSTR] SendRpc: key=psum.7_0_sr_100_101|s100006->200006d|$c0$l706382383^i0 size=8388608 queue_latency_us=0 attempt=0
I0909 09:23:35.460126    1957 grpc_transport.cc:1743] [MEGASCALE_TRANSPORT_INSTR] SendRpc: key=psum.7_0_sr_120_121|s100003->200003d|$c0$l706382383^i0 size=8388608 queue_latency_us=1 attempt=0
I0909 09:23:35.463788    1733 grpc_transport.cc:1743] [MEGASCALE_TRANSPORT_INSTR] SendRpc: key=psum.7_0_sr_125_126|s100007->200007d|$c0$l706382383^i0 size=8388608 queue_latency_us=0 attempt=0
I0909 09:23:35.482290     785 grpc_transport.cc:1414] [MEGASCALE_TRANSPORT_INSTR] Recv: key=psum.7_0_sr_3_4|s200001->100001d|$c0$l706382383^i0 size=0 is_single_chunk=true is_aligned=true memcpy_needed=false
I0909 09:23:35.507117    1900 grpc_transport.cc:1414] [MEGASCALE_TRANSPORT_INSTR] Recv: key=psum.7_0_sr_24_25|s200000->100000d|$c0$l706382383^i0 size=0 is_single_chunk=true is_aligned=true memcpy_needed=false
I0909 09:23:35.530455    1957 grpc_transport.cc:1414] [MEGASCALE_TRANSPORT_INSTR] Recv: key=psum.7_0_sr_25_26|s200006->100006d|$c0$l706382383^i0 size=0 is_single_chunk=true is_aligned=true memcpy_needed=false
I0909 09:23:35.550727    1722 grpc_transport.cc:1414] [MEGASCALE_TRANSPORT_INSTR] Recv: key=psum.7_0_sr_37_38|s200007->100007d|$c0$l706382383^i0 size=0 is_single_chunk=true is_aligned=true memcpy_needed=false
I0909 09:23:35.567955    1379 grpc_transport.cc:1414] [MEGASCALE_TRANSPORT_INSTR] Recv: key=psum.7_0_sr_60_61|s200000->100000d|$c0$l706382383^i0 size=0 is_single_chunk=true is_aligned=true memcpy_needed=false
I0909 09:23:35.572461    1393 grpc_transport.cc:1743] [MEGASCALE_TRANSPORT_INSTR] SendRpc: key=psum.7_0_1_ag_0_sr_4_5|s100004->200004d|$c0$l706382383^i0 size=8388608 queue_latency_us=1 attempt=0
I0909 09:23:35.579054    1377 grpc_transport.cc:1743] [MEGASCALE_TRANSPORT_INSTR] SendRpc: key=psum.7_0_1_ag_0_sr_58_59|s100004->200004d|$c0$l706382383^i0 size=8388608 queue_latency_us=0 attempt=0
I0909 09:23:35.598333    1722 grpc_transport.cc:1743] [MEGASCALE_TRANSPORT_INSTR] SendRpc: key=psum.7_0_1_ag_0_sr_28_29|s100006->200006d|$c0$l706382383^i0 size=8388608 queue_latency_us=0 attempt=0
I0909 09:23:35.598985    1380 grpc_transport.cc:1414] [MEGASCALE_TRANSPORT_INSTR] Recv: key=psum.7_0_sr_62_63|s200002->100002d|$c0$l706382383^i0 size=0 is_single_chunk=true is_aligned=true memcpy_needed=false
I0909 09:23:35.613955    1722 grpc_transport.cc:1743] [MEGASCALE_TRANSPORT_INSTR] SendRpc: key=psum.7_0_1_ag_0_sr_1_2|s100007->200007d|$c0$l706382383^i0 size=8388608 queue_latency_us=0 attempt=0
I0909 09:23:35.622823    1385 grpc_transport.cc:1743] [MEGASCALE_TRANSPORT_INSTR] SendRpc: key=psum.7_0_1_ag_0_sr_39_40|s100002->200002d|$c0$l706382383^i0 size=8388608 queue_latency_us=0 attempt=0
I0909 09:23:35.624168    1380 grpc_transport.cc:1414] [MEGASCALE_TRANSPORT_INSTR] Recv: key=psum.7_0_1_ag_0_sr_87_88|s200002->100002d|$c0$l706382383^i0 size=0 is_single_chunk=true is_aligned=true memcpy_needed=false
I0909 09:23:35.639426    1900 grpc_transport.cc:1414] [MEGASCALE_TRANSPORT_INSTR] Recv: key=psum.7_0_1_ag_0_sr_64_65|s200001->100001d|$c0$l706382383^i0 size=0 is_single_chunk=true is_aligned=true memcpy_needed=false
I0909 09:23:35.657392    1385 grpc_transport.cc:1414] [MEGASCALE_TRANSPORT_INSTR] Recv: key=psum.7_0_1_ag_0_sr_78_79|s200003->100003d|$c0$l706382383^i0 size=0 is_single_chunk=true is_aligned=true memcpy_needed=false
I0909 09:23:35.674858    1374 grpc_transport.cc:1414] [MEGASCALE_TRANSPORT_INSTR] Recv: key=psum.7_0_1_ag_0_sr_113_114|s200003->100003d|$c0$l706382383^i0 size=0 is_single_chunk=true is_aligned=true memcpy_needed=false
I0909 09:23:35.707370    1373 grpc_transport.cc:1743] [MEGASCALE_TRANSPORT_INSTR] SendRpc: key=psum.7_0_sr_108_109|s100003->200003d|$c0$l706382384^i0 size=8388608 queue_latency_us=0 attempt=0
I0909 09:23:35.711207    1464 grpc_transport.cc:1743] [MEGASCALE_TRANSPORT_INSTR] SendRpc: key=psum.7_0_sr_79_80|s100000->200000d|$c0$l706382384^i0 size=8388608 queue_latency_us=0 attempt=0
I0909 09:23:35.714087    1935 grpc_transport.cc:1743] [MEGASCALE_TRANSPORT_INSTR] SendRpc: key=psum.7_0_sr_100_101|s100001->200001d|$c0$l706382384^i0 size=8388608 queue_latency_us=0 attempt=0
I0909 09:23:35.717726    1391 grpc_transport.cc:1743] [MEGASCALE_TRANSPORT_INSTR] SendRpc: key=psum.7_0_sr_109_110|s100005->200005d|$c0$l706382384^i0 size=8388608 queue_latency_us=0 attempt=0
I0909 09:23:35.722823    1383 grpc_transport.cc:1743] [MEGASCALE_TRANSPORT_INSTR] SendRpc: key=psum.7_0_sr_125_126|s100005->200005d|$c0$l706382384^i0 size=8388608 queue_latency_us=0 attempt=0
I0909 09:23:35.722853    1379 grpc_transport.cc:1414] [MEGASCALE_TRANSPORT_INSTR] Recv: key=psum.7_0_sr_19_20|s200005->100005d|$c0$l706382384^i0 size=0 is_single_chunk=true is_aligned=true memcpy_needed=false
I0909 09:23:35.755636    1956 grpc_transport.cc:1414] [MEGASCALE_TRANSPORT_INSTR] Recv: key=psum.7_0_sr_44_45|s200003->100003d|$c0$l706382384^i0 size=0 is_single_chunk=true is_aligned=true memcpy_needed=false
I0909 09:23:35.775154    1956 grpc_transport.cc:1414] [MEGASCALE_TRANSPORT_INSTR] Recv: key=psum.7_0_sr_18_19|s200002->100002d|$c0$l706382384^i0 size=0 is_single_chunk=true is_aligned=true memcpy_needed=false
I0909 09:23:35.794251    1956 grpc_transport.cc:1414] [MEGASCALE_TRANSPORT_INSTR] Recv: key=psum.7_0_sr_29_30|s200006->100006d|$c0$l706382384^i0 size=0 is_single_chunk=true is_aligned=true memcpy_needed=false
I0909 09:23:35.802773    1374 grpc_transport.cc:1743] [MEGASCALE_TRANSPORT_INSTR] SendRpc: key=psum.7_0_1_ag_0_sr_4_5|s100003->200003d|$c0$l706382384^i0 size=8388608 queue_latency_us=0 attempt=0
I0909 09:23:35.813115    1532 grpc_transport.cc:1414] [MEGASCALE_TRANSPORT_INSTR] Recv: key=psum.7_0_sr_37_38|s200004->100004d|$c0$l706382384^i0 size=0 is_single_chunk=true is_aligned=true memcpy_needed=false
I0909 09:23:35.829731    1464 grpc_transport.cc:1743] [MEGASCALE_TRANSPORT_INSTR] SendRpc: key=psum.7_0_1_ag_0_sr_8_9|s100001->200001d|$c0$l706382384^i0 size=8388608 queue_latency_us=0 attempt=0
I0909 09:23:35.833833    1374 grpc_transport.cc:1414] [MEGASCALE_TRANSPORT_INSTR] Recv: key=psum.7_0_sr_61_62|s200006->100006d|$c0$l706382384^i0 size=0 is_single_chunk=true is_aligned=true memcpy_needed=false
I0909 09:23:35.841009    1385 grpc_transport.cc:1743] [MEGASCALE_TRANSPORT_INSTR] SendRpc: key=psum.7_0_1_ag_0_sr_36_37|s100002->200002d|$c0$l706382384^i0 size=8388608 queue_latency_us=0 attempt=0
I0909 09:23:35.852700    1392 grpc_transport.cc:1743] [MEGASCALE_TRANSPORT_INSTR] SendRpc: key=psum.7_0_1_ag_0_sr_42_43|s100007->200007d|$c0$l706382384^i0 size=8388608 queue_latency_us=0 attempt=0
I0909 09:23:35.856914    1408 grpc_transport.cc:1414] [MEGASCALE_TRANSPORT_INSTR] Recv: key=psum.7_0_1_ag_0_sr_114_115|s200003->100003d|$c0$l706382384^i0 size=0 is_single_chunk=true is_aligned=true memcpy_needed=false
I0909 09:23:35.859291    1733 grpc_transport.cc:1743] [MEGASCALE_TRANSPORT_INSTR] SendRpc: key=psum.7_0_1_ag_0_sr_44_45|s100006->200006d|$c0$l706382384^i0 size=8388608 queue_latency_us=0 attempt=0
I0909 09:23:35.872958    1374 grpc_transport.cc:1414] [MEGASCALE_TRANSPORT_INSTR] Recv: key=psum.7_0_1_ag_0_sr_102_103|s200007->100007d|$c0$l706382384^i0 size=0 is_single_chunk=true is_aligned=true memcpy_needed=false
I0909 09:23:35.890054    1377 grpc_transport.cc:1414] [MEGASCALE_TRANSPORT_INSTR] Recv: key=psum.7_0_1_ag_0_sr_86_87|s200001->100001d|$c0$l706382384^i0 size=0 is_single_chunk=true is_aligned=true memcpy_needed=false
I0909 09:23:35.908712    1386 grpc_transport.cc:1414] [MEGASCALE_TRANSPORT_INSTR] Recv: key=psum.7_0_1_ag_0_sr_71_72|s200005->100005d|$c0$l706382384^i0 size=0 is_single_chunk=true is_aligned=true memcpy_needed=false
I0909 09:23:35.925341    1900 grpc_transport.cc:1414] [MEGASCALE_TRANSPORT_INSTR] Recv: key=psum.7_0_1_ag_0_sr_116_117|s200005->100005d|$c0$l706382384^i0 size=0 is_single_chunk=true is_aligned=true memcpy_needed=false
I0909 09:23:35.980744    1373 grpc_transport.cc:1743] [MEGASCALE_TRANSPORT_INSTR] SendRpc: key=psum.7_0_sr_71_72|s100006->200006d|$c0$l706382385^i0 size=8388608 queue_latency_us=0 attempt=0
I0909 09:23:35.983599    1730 grpc_transport.cc:1743] [MEGASCALE_TRANSPORT_INSTR] SendRpc: key=psum.7_0_sr_67_68|s100002->200002d|$c0$l706382385^i0 size=8388608 queue_latency_us=0 attempt=0
I0909 09:23:35.986453    1385 grpc_transport.cc:1743] [MEGASCALE_TRANSPORT_INSTR] SendRpc: key=psum.7_0_sr_100_101|s100006->200006d|$c0$l706382385^i0 size=8388608 queue_latency_us=0 attempt=0
I0909 09:23:35.989824    1386 grpc_transport.cc:1743] [MEGASCALE_TRANSPORT_INSTR] SendRpc: key=psum.7_0_sr_113_114|s100001->200001d|$c0$l706382385^i0 size=8388608 queue_latency_us=0 attempt=0
I0909 09:23:35.993263    1393 grpc_transport.cc:1743] [MEGASCALE_TRANSPORT_INSTR] SendRpc: key=psum.7_0_sr_124_125|s100004->200004d|$c0$l706382385^i0 size=8388608 queue_latency_us=0 attempt=0
I0909 09:23:36.009519    1900 grpc_transport.cc:1414] [MEGASCALE_TRANSPORT_INSTR] Recv: key=psum.7_0_sr_6_7|s200001->100001d|$c0$l706382385^i0 size=0 is_single_chunk=true is_aligned=true memcpy_needed=false
I0909 09:23:36.030001    1722 grpc_transport.cc:1414] [MEGASCALE_TRANSPORT_INSTR] Recv: key=psum.7_0_sr_11_12|s200003->100003d|$c0$l706382385^i0 size=0 is_single_chunk=true is_aligned=true memcpy_needed=false
I0909 09:23:36.047266    1724 grpc_transport.cc:1414] [MEGASCALE_TRANSPORT_INSTR] Recv: key=psum.7_0_sr_37_38|s200002->100002d|$c0$l706382385^i0 size=0 is_single_chunk=true is_aligned=true memcpy_needed=false
I0909 09:23:36.064566    1956 grpc_transport.cc:1414] [MEGASCALE_TRANSPORT_INSTR] Recv: key=psum.7_0_sr_48_49|s200006->100006d|$c0$l706382385^i0 size=0 is_single_chunk=true is_aligned=true memcpy_needed=false
I0909 09:23:36.082827    1385 grpc_transport.cc:1414] [MEGASCALE_TRANSPORT_INSTR] Recv: key=psum.7_0_sr_55_56|s200007->100007d|$c0$l706382385^i0 size=0 is_single_chunk=true is_aligned=true memcpy_needed=false
I0909 09:23:36.086204    1962 grpc_transport.cc:1743] [MEGASCALE_TRANSPORT_INSTR] SendRpc: key=psum.7_0_1_ag_0_sr_27_28|s100002->200002d|$c0$l706382385^i0 size=8388608 queue_latency_us=0 attempt=0
I0909 09:23:36.096731    1906 grpc_transport.cc:1743] [MEGASCALE_TRANSPORT_INSTR] SendRpc: key=psum.7_0_1_ag_0_sr_44_45|s100004->200004d|$c0$l706382385^i0 size=8388608 queue_latency_us=0 attempt=0
I0909 09:23:36.108771    1957 grpc_transport.cc:1743] [MEGASCALE_TRANSPORT_INSTR] SendRpc: key=psum.7_0_1_ag_0_sr_25_26|s100007->200007d|$c0$l706382385^i0 size=8388608 queue_latency_us=0 attempt=0
I0909 09:23:36.113993    1423 grpc_transport.cc:1743] [MEGASCALE_TRANSPORT_INSTR] SendRpc: key=psum.7_0_1_ag_0_sr_31_32|s100000->200000d|$c0$l706382385^i0 size=8388608 queue_latency_us=0 attempt=0
I0909 09:23:36.117772    1733 grpc_transport.cc:1414] [MEGASCALE_TRANSPORT_INSTR] Recv: key=psum.7_0_1_ag_0_sr_119_120|s200006->100006d|$c0$l706382385^i0 size=0 is_single_chunk=true is_aligned=true memcpy_needed=false
I0909 09:23:36.120833    1599 grpc_transport.cc:1743] [MEGASCALE_TRANSPORT_INSTR] SendRpc: key=psum.7_0_1_ag_0_sr_22_23|s100005->200005d|$c0$l706382385^i0 size=8388608 queue_latency_us=0 attempt=0
I0909 09:23:36.136817    1386 grpc_transport.cc:1414] [MEGASCALE_TRANSPORT_INSTR] Recv: key=psum.7_0_1_ag_0_sr_102_103|s200001->100001d|$c0$l706382385^i0 size=0 is_single_chunk=true is_aligned=true memcpy_needed=false
I0909 09:23:36.159231    1373 grpc_transport.cc:1414] [MEGASCALE_TRANSPORT_INSTR] Recv: key=psum.7_0_1_ag_0_sr_118_119|s200007->100007d|$c0$l706382385^i0 size=0 is_single_chunk=true is_aligned=true memcpy_needed=false
I0909 09:23:36.178392    1374 grpc_transport.cc:1414] [MEGASCALE_TRANSPORT_INSTR] Recv: key=psum.7_0_1_ag_0_sr_92_93|s200003->100003d|$c0$l706382385^i0 size=0 is_single_chunk=true is_aligned=true memcpy_needed=false
I0909 09:23:36.199256    1900 grpc_transport.cc:1414] [MEGASCALE_TRANSPORT_INSTR] Recv: key=psum.7_0_1_ag_0_sr_76_77|s200005->100005d|$c0$l706382385^i0 size=0 is_single_chunk=true is_aligned=true memcpy_needed=false
I0909 09:23:36.227233    1386 grpc_transport.cc:1743] [MEGASCALE_TRANSPORT_INSTR] SendRpc: key=psum.7_0_sr_79_80|s100001->200001d|$c0$l706382386^i0 size=8388608 queue_latency_us=0 attempt=0
I0909 09:23:36.230799    1730 grpc_transport.cc:1743] [MEGASCALE_TRANSPORT_INSTR] SendRpc: key=psum.7_0_sr_67_68|s100006->200006d|$c0$l706382386^i0 size=8388608 queue_latency_us=0 attempt=0
I0909 09:23:36.232870     791 grpc_transport.cc:1743] [MEGASCALE_TRANSPORT_INSTR] SendRpc: key=psum.7_0_sr_92_93|s100004->200004d|$c0$l706382386^i0 size=8388608 queue_latency_us=0 attempt=0
I0909 09:23:36.236007    1422 grpc_transport.cc:1743] [MEGASCALE_TRANSPORT_INSTR] SendRpc: key=psum.7_0_sr_97_98|s100007->200007d|$c0$l706382386^i0 size=8388608 queue_latency_us=0 attempt=0
I0909 09:23:36.238993    1377 grpc_transport.cc:1743] [MEGASCALE_TRANSPORT_INSTR] SendRpc: key=psum.7_0_sr_127_128|s100001->200001d|$c0$l706382386^i0 size=8388608 queue_latency_us=0 attempt=0
I0909 09:23:36.271240    1373 grpc_transport.cc:1414] [MEGASCALE_TRANSPORT_INSTR] Recv: key=psum.7_0_sr_36_37|s200002->100002d|$c0$l706382386^i0 size=0 is_single_chunk=true is_aligned=true memcpy_needed=false
I0909 09:23:36.295153    1957 grpc_transport.cc:1414] [MEGASCALE_TRANSPORT_INSTR] Recv: key=psum.7_0_sr_45_46|s200002->100002d|$c0$l706382386^i0 size=0 is_single_chunk=true is_aligned=true memcpy_needed=false
I0909 09:23:36.315316    1900 grpc_transport.cc:1414] [MEGASCALE_TRANSPORT_INSTR] Recv: key=psum.7_0_sr_33_34|s200004->100004d|$c0$l706382386^i0 size=0 is_single_chunk=true is_aligned=true memcpy_needed=false
I0909 09:23:36.332812    1956 grpc_transport.cc:1414] [MEGASCALE_TRANSPORT_INSTR] Recv: key=psum.7_0_sr_48_49|s200006->100006d|$c0$l706382386^i0 size=0 is_single_chunk=true is_aligned=true memcpy_needed=false
I0909 09:23:36.336465    1373 grpc_transport.cc:1743] [MEGASCALE_TRANSPORT_INSTR] SendRpc: key=psum.7_0_1_ag_0_sr_3_4|s100002->200002d|$c0$l706382386^i0 size=8388608 queue_latency_us=0 attempt=0
I0909 09:23:36.350883    1722 grpc_transport.cc:1414] [MEGASCALE_TRANSPORT_INSTR] Recv: key=psum.7_0_sr_58_59|s200007->100007d|$c0$l706382386^i0 size=0 is_single_chunk=true is_aligned=true memcpy_needed=false
I0909 09:23:36.360519    1957 grpc_transport.cc:1743] [MEGASCALE_TRANSPORT_INSTR] SendRpc: key=psum.7_0_1_ag_0_sr_12_13|s100003->200003d|$c0$l706382386^i0 size=8388608 queue_latency_us=0 attempt=0
I0909 09:23:36.366084    1957 grpc_transport.cc:1743] [MEGASCALE_TRANSPORT_INSTR] SendRpc: key=psum.7_0_1_ag_0_sr_47_48|s100003->200003d|$c0$l706382386^i0 size=8388608 queue_latency_us=0 attempt=0
I0909 09:23:36.376509    1957 grpc_transport.cc:1414] [MEGASCALE_TRANSPORT_INSTR] Recv: key=psum.7_0_1_ag_0_sr_84_85|s200006->100006d|$c0$l706382386^i0 size=0 is_single_chunk=true is_aligned=true memcpy_needed=false
I0909 09:23:36.377902    1724 grpc_transport.cc:1743] [MEGASCALE_TRANSPORT_INSTR] SendRpc: key=psum.7_0_1_ag_0_sr_41_42|s100007->200007d|$c0$l706382386^i0 size=8388608 queue_latency_us=0 attempt=0
I0909 09:23:36.383989    1386 grpc_transport.cc:1743] [MEGASCALE_TRANSPORT_INSTR] SendRpc: key=psum.7_0_1_ag_0_sr_33_34|s100001->200001d|$c0$l706382386^i0 size=8388608 queue_latency_us=0 attempt=0
I0909 09:23:36.393649    1900 grpc_transport.cc:1743] [MEGASCALE_TRANSPORT_INSTR] SendRpc: key=psum.7_0_1_ag_0_sr_52_53|s100005->200005d|$c0$l706382386^i0 size=8388608 queue_latency_us=0 attempt=0
I0909 09:23:36.400331    1391 grpc_transport.cc:1414] [MEGASCALE_TRANSPORT_INSTR] Recv: key=psum.7_0_1_ag_0_sr_96_97|s200001->100001d|$c0$l706382386^i0 size=0 is_single_chunk=true is_aligned=true memcpy_needed=false
I0909 09:23:36.418141    1900 grpc_transport.cc:1414] [MEGASCALE_TRANSPORT_INSTR] Recv: key=psum.7_0_1_ag_0_sr_103_104|s200005->100005d|$c0$l706382386^i0 size=0 is_single_chunk=true is_aligned=true memcpy_needed=false
I0909 09:23:36.434894    1724 grpc_transport.cc:1414] [MEGASCALE_TRANSPORT_INSTR] Recv: key=psum.7_0_1_ag_0_sr_70_71|s200002->100002d|$c0$l706382386^i0 size=0 is_single_chunk=true is_aligned=true memcpy_needed=false
I0909 09:23:36.451818    1377 grpc_transport.cc:1414] [MEGASCALE_TRANSPORT_INSTR] Recv: key=psum.7_0_1_ag_0_sr_76_77|s200004->100004d|$c0$l706382386^i0 size=0 is_single_chunk=true is_aligned=true memcpy_needed=false
I0909 09:23:36.484029     791 grpc_transport.cc:1743] [MEGASCALE_TRANSPORT_INSTR] SendRpc: key=psum.7_0_sr_119_120|s100004->200004d|$c0$l706382387^i0 size=8388608 queue_latency_us=0 attempt=0
I0909 09:23:36.487982    1408 grpc_transport.cc:1743] [MEGASCALE_TRANSPORT_INSTR] SendRpc: key=psum.7_0_sr_77_78|s100007->200007d|$c0$l706382387^i0 size=8388608 queue_latency_us=0 attempt=0
I0909 09:23:36.490403    1907 grpc_transport.cc:1743] [MEGASCALE_TRANSPORT_INSTR] SendRpc: key=psum.7_0_sr_79_80|s100005->200005d|$c0$l706382387^i0 size=8388608 queue_latency_us=0 attempt=0
I0909 09:23:36.494109    1403 grpc_transport.cc:1743] [MEGASCALE_TRANSPORT_INSTR] SendRpc: key=psum.7_0_sr_124_125|s100002->200002d|$c0$l706382387^i0 size=8388608 queue_latency_us=0 attempt=0
I0909 09:23:36.499312    1377 grpc_transport.cc:1743] [MEGASCALE_TRANSPORT_INSTR] SendRpc: key=psum.7_0_sr_125_126|s100000->200000d|$c0$l706382387^i0 size=8388608 queue_latency_us=0 attempt=0
I0909 09:23:36.505400    1374 grpc_transport.cc:1414] [MEGASCALE_TRANSPORT_INSTR] Recv: key=psum.7_0_sr_7_8|s200003->100003d|$c0$l706382387^i0 size=0 is_single_chunk=true is_aligned=true memcpy_needed=false
I0909 09:23:36.534965    1900 grpc_transport.cc:1414] [MEGASCALE_TRANSPORT_INSTR] Recv: key=psum.7_0_sr_18_19|s200000->100000d|$c0$l706382387^i0 size=0 is_single_chunk=true is_aligned=true memcpy_needed=false
I0909 09:23:36.551208    1377 grpc_transport.cc:1414] [MEGASCALE_TRANSPORT_INSTR] Recv: key=psum.7_0_sr_43_44|s200004->100004d|$c0$l706382387^i0 size=0 is_single_chunk=true is_aligned=true memcpy_needed=false
I0909 09:23:36.568815    1956 grpc_transport.cc:1414] [MEGASCALE_TRANSPORT_INSTR] Recv: key=psum.7_0_sr_44_45|s200002->100002d|$c0$l706382387^i0 size=0 is_single_chunk=true is_aligned=true memcpy_needed=false
I0909 09:23:36.587601    1383 grpc_transport.cc:1414] [MEGASCALE_TRANSPORT_INSTR] Recv: key=psum.7_0_sr_43_44|s200001->100001d|$c0$l706382387^i0 size=0 is_single_chunk=true is_aligned=true memcpy_needed=false
I0909 09:23:36.601456    1956 grpc_transport.cc:1743] [MEGASCALE_TRANSPORT_INSTR] SendRpc: key=psum.7_0_1_ag_0_sr_9_10|s100002->200002d|$c0$l706382387^i0 size=8388608 queue_latency_us=0 attempt=0
I0909 09:23:36.609846    1730 grpc_transport.cc:1414] [MEGASCALE_TRANSPORT_INSTR] Recv: key=psum.7_0_1_ag_0_sr_80_81|s200002->100002d|$c0$l706382387^i0 size=0 is_single_chunk=true is_aligned=true memcpy_needed=false
I0909 09:23:36.616523    1418 grpc_transport.cc:1743] [MEGASCALE_TRANSPORT_INSTR] SendRpc: key=psum.7_0_1_ag_0_sr_26_27|s100000->200000d|$c0$l706382387^i0 size=8388608 queue_latency_us=0 attempt=0
I0909 09:23:36.624872    1408 grpc_transport.cc:1743] [MEGASCALE_TRANSPORT_INSTR] SendRpc: key=psum.7_0_1_ag_0_sr_28_29|s100007->200007d|$c0$l706382387^i0 size=8388608 queue_latency_us=0 attempt=0
I0909 09:23:36.631612    1425 grpc_transport.cc:1743] [MEGASCALE_TRANSPORT_INSTR] SendRpc: key=psum.7_0_1_ag_0_sr_58_59|s100003->200003d|$c0$l706382387^i0 size=8388608 queue_latency_us=0 attempt=0
I0909 09:23:36.633672    1386 grpc_transport.cc:1414] [MEGASCALE_TRANSPORT_INSTR] Recv: key=psum.7_0_1_ag_0_sr_122_123|s200004->100004d|$c0$l706382387^i0 size=0 is_single_chunk=true is_aligned=true memcpy_needed=false
I0909 09:23:36.642912    1484 grpc_transport.cc:1743] [MEGASCALE_TRANSPORT_INSTR] SendRpc: key=psum.7_0_1_ag_0_sr_27_28|s100005->200005d|$c0$l706382387^i0 size=8388608 queue_latency_us=0 attempt=0
I0909 09:23:36.651141    1377 grpc_transport.cc:1414] [MEGASCALE_TRANSPORT_INSTR] Recv: key=psum.7_0_1_ag_0_sr_103_104|s200001->100001d|$c0$l706382387^i0 size=0 is_single_chunk=true is_aligned=true memcpy_needed=false
I0909 09:23:36.667176    1386 grpc_transport.cc:1414] [MEGASCALE_TRANSPORT_INSTR] Recv: key=psum.7_0_1_ag_0_sr_87_88|s200000->100000d|$c0$l706382387^i0 size=0 is_single_chunk=true is_aligned=true memcpy_needed=false
I0909 09:23:36.683453    1377 grpc_transport.cc:1414] [MEGASCALE_TRANSPORT_INSTR] Recv: key=psum.7_0_1_ag_0_sr_78_79|s200005->100005d|$c0$l706382387^i0 size=0 is_single_chunk=true is_aligned=true memcpy_needed=false
I0909 09:23:36.702378    1377 grpc_transport.cc:1414] [MEGASCALE_TRANSPORT_INSTR] Recv: key=psum.7_0_1_ag_0_sr_127_128|s200005->100005d|$c0$l706382387^i0 size=0 is_single_chunk=true is_aligned=true memcpy_needed=false
I0909 09:23:36.719872     791 grpc_transport.cc:1743] [MEGASCALE_TRANSPORT_INSTR] SendRpc: key=psum.7_0_sr_70_71|s100000->200000d|$c0$l706382388^i0 size=8388608 queue_latency_us=0 attempt=0
I0909 09:23:36.723216    1722 grpc_transport.cc:1743] [MEGASCALE_TRANSPORT_INSTR] SendRpc: key=psum.7_0_sr_76_77|s100007->200007d|$c0$l706382388^i0 size=8388608 queue_latency_us=0 attempt=0
I0909 09:23:36.727387    1738 grpc_transport.cc:1743] [MEGASCALE_TRANSPORT_INSTR] SendRpc: key=psum.7_0_sr_97_98|s100007->200007d|$c0$l706382388^i0 size=8388608 queue_latency_us=0 attempt=0
I0909 09:23:36.730488    1936 grpc_transport.cc:1743] [MEGASCALE_TRANSPORT_INSTR] SendRpc: key=psum.7_0_sr_92_93|s100001->200001d|$c0$l706382388^i0 size=8388608 queue_latency_us=0 attempt=0
I0909 09:23:36.736035    1900 grpc_transport.cc:1743] [MEGASCALE_TRANSPORT_INSTR] SendRpc: key=psum.7_0_sr_117_118|s100000->200000d|$c0$l706382388^i0 size=8388608 queue_latency_us=0 attempt=0
I0909 09:23:36.835171    1900 grpc_transport.cc:1414] [MEGASCALE_TRANSPORT_INSTR] Recv: key=psum.7_0_sr_32_33|s200001->100001d|$c0$l706382388^i0 size=0 is_single_chunk=true is_aligned=true memcpy_needed=false
I0909 09:23:36.852956    1377 grpc_transport.cc:1414] [MEGASCALE_TRANSPORT_INSTR] Recv: key=psum.7_0_sr_39_40|s200005->100005d|$c0$l706382388^i0 size=0 is_single_chunk=true is_aligned=true memcpy_needed=false
I0909 09:23:36.874467    1900 grpc_transport.cc:1414] [MEGASCALE_TRANSPORT_INSTR] Recv: key=psum.7_0_sr_19_20|s200000->100000d|$c0$l706382388^i0 size=0 is_single_chunk=true is_aligned=true memcpy_needed=false
I0909 09:23:36.891816    1374 grpc_transport.cc:1414] [MEGASCALE_TRANSPORT_INSTR] Recv: key=psum.7_0_sr_62_63|s200003->100003d|$c0$l706382388^i0 size=0 is_single_chunk=true is_aligned=true memcpy_needed=false
I0909 09:23:36.903376    1724 grpc_transport.cc:1743] [MEGASCALE_TRANSPORT_INSTR] SendRpc: key=psum.7_0_1_ag_0_sr_54_55|s100003->200003d|$c0$l706382388^i0 size=8388608 queue_latency_us=0 attempt=0
I0909 09:23:36.912080    1379 grpc_transport.cc:1743] [MEGASCALE_TRANSPORT_INSTR] SendRpc: key=psum.7_0_1_ag_0_sr_55_56|s100001->200001d|$c0$l706382388^i0 size=8388608 queue_latency_us=0 attempt=0
I0909 09:23:36.913345    1722 grpc_transport.cc:1414] [MEGASCALE_TRANSPORT_INSTR] Recv: key=psum.7_0_sr_61_62|s200002->100002d|$c0$l706382388^i0 size=0 is_single_chunk=true is_aligned=true memcpy_needed=false
I0909 09:23:36.923761    1724 grpc_transport.cc:1743] [MEGASCALE_TRANSPORT_INSTR] SendRpc: key=psum.7_0_1_ag_0_sr_19_20|s100002->200002d|$c0$l706382388^i0 size=8388608 queue_latency_us=0 attempt=0
I0909 09:23:36.932793    1380 grpc_transport.cc:1414] [MEGASCALE_TRANSPORT_INSTR] Recv: key=psum.7_0_1_ag_0_sr_108_109|s200003->100003d|$c0$l706382388^i0 size=0 is_single_chunk=true is_aligned=true memcpy_needed=false
I0909 09:23:36.933237    1393 grpc_transport.cc:1743] [MEGASCALE_TRANSPORT_INSTR] SendRpc: key=psum.7_0_1_ag_0_sr_6_7|s100000->200000d|$c0$l706382388^i0 size=8388608 queue_latency_us=0 attempt=0
I0909 09:23:36.939377    1920 grpc_transport.cc:1743] [MEGASCALE_TRANSPORT_INSTR] SendRpc: key=psum.7_0_1_ag_0_sr_51_52|s100000->200000d|$c0$l706382388^i0 size=8388608 queue_latency_us=0 attempt=0
I0909 09:23:36.949352     785 grpc_transport.cc:1414] [MEGASCALE_TRANSPORT_INSTR] Recv: key=psum.7_0_1_ag_0_sr_65_66|s200000->100000d|$c0$l706382388^i0 size=0 is_single_chunk=true is_aligned=true memcpy_needed=false
I0909 09:23:36.967641    1374 grpc_transport.cc:1414] [MEGASCALE_TRANSPORT_INSTR] Recv: key=psum.7_0_1_ag_0_sr_108_109|s200006->100006d|$c0$l706382388^i0 size=0 is_single_chunk=true is_aligned=true memcpy_needed=false
I0909 09:23:36.985050    1900 grpc_transport.cc:1414] [MEGASCALE_TRANSPORT_INSTR] Recv: key=psum.7_0_1_ag_0_sr_97_98|s200001->100001d|$c0$l706382388^i0 size=0 is_single_chunk=true is_aligned=true memcpy_needed=false
I0909 09:23:37.001903    1373 grpc_transport.cc:1414] [MEGASCALE_TRANSPORT_INSTR] Recv: key=psum.7_0_1_ag_0_sr_99_100|s200002->100002d|$c0$l706382388^i0 size=0 is_single_chunk=true is_aligned=true memcpy_needed=false
I0909 09:23:37.022021    1430 grpc_transport.cc:1743] [MEGASCALE_TRANSPORT_INSTR] SendRpc: key=psum.7_0_sr_81_82|s100003->200003d|$c0$l706382389^i0 size=8388608 queue_latency_us=0 attempt=0
I0909 09:23:37.025070    1611 grpc_transport.cc:1743] [MEGASCALE_TRANSPORT_INSTR] SendRpc: key=psum.7_0_sr_79_80|s100007->200007d|$c0$l706382389^i0 size=8388608 queue_latency_us=0 attempt=0
I0909 09:23:37.027768    1402 grpc_transport.cc:1743] [MEGASCALE_TRANSPORT_INSTR] SendRpc: key=psum.7_0_sr_87_88|s100007->200007d|$c0$l706382389^i0 size=8388608 queue_latency_us=0 attempt=0
I0909 09:23:37.030991    1920 grpc_transport.cc:1743] [MEGASCALE_TRANSPORT_INSTR] SendRpc: key=psum.7_0_sr_81_82|s100005->200005d|$c0$l706382389^i0 size=8388608 queue_latency_us=0 attempt=0
I0909 09:23:37.035020    1425 grpc_transport.cc:1743] [MEGASCALE_TRANSPORT_INSTR] SendRpc: key=psum.7_0_sr_113_114|s100007->200007d|$c0$l706382389^i0 size=8388608 queue_latency_us=0 attempt=0
I0909 09:23:37.100159    1956 grpc_transport.cc:1414] [MEGASCALE_TRANSPORT_INSTR] Recv: key=psum.7_0_sr_30_31|s200002->100002d|$c0$l706382389^i0 size=0 is_single_chunk=true is_aligned=true memcpy_needed=false
I0909 09:23:37.121088    1377 grpc_transport.cc:1414] [MEGASCALE_TRANSPORT_INSTR] Recv: key=psum.7_0_sr_21_22|s200001->100001d|$c0$l706382389^i0 size=0 is_single_chunk=true is_aligned=true memcpy_needed=false
I0909 09:23:37.140774    1724 grpc_transport.cc:1414] [MEGASCALE_TRANSPORT_INSTR] Recv: key=psum.7_0_sr_28_29|s200007->100007d|$c0$l706382389^i0 size=0 is_single_chunk=true is_aligned=true memcpy_needed=false
I0909 09:23:37.161406    1379 grpc_transport.cc:1414] [MEGASCALE_TRANSPORT_INSTR] Recv: key=psum.7_0_sr_48_49|s200000->100000d|$c0$l706382389^i0 size=0 is_single_chunk=true is_aligned=true memcpy_needed=false
I0909 09:23:37.177640    1386 grpc_transport.cc:1743] [MEGASCALE_TRANSPORT_INSTR] SendRpc: key=psum.7_0_1_ag_0_sr_6_7|s100005->200005d|$c0$l706382389^i0 size=8388608 queue_latency_us=0 attempt=0
I0909 09:23:37.181157    1379 grpc_transport.cc:1414] [MEGASCALE_TRANSPORT_INSTR] Recv: key=psum.7_0_sr_58_59|s200004->100004d|$c0$l706382389^i0 size=0 is_single_chunk=true is_aligned=true memcpy_needed=false
I0909 09:23:37.185789    1724 grpc_transport.cc:1743] [MEGASCALE_TRANSPORT_INSTR] SendRpc: key=psum.7_0_1_ag_0_sr_8_9|s100002->200002d|$c0$l706382389^i0 size=8388608 queue_latency_us=0 attempt=0
I0909 09:23:37.198344    1957 grpc_transport.cc:1743] [MEGASCALE_TRANSPORT_INSTR] SendRpc: key=psum.7_0_1_ag_0_sr_41_42|s100007->200007d|$c0$l706382389^i0 size=8388608 queue_latency_us=0 attempt=0
I0909 09:23:37.203545    1389 grpc_transport.cc:1414] [MEGASCALE_TRANSPORT_INSTR] Recv: key=psum.7_0_1_ag_0_sr_95_96|s200001->100001d|$c0$l706382389^i0 size=0 is_single_chunk=true is_aligned=true memcpy_needed=false
I0909 09:23:37.205708    1418 grpc_transport.cc:1743] [MEGASCALE_TRANSPORT_INSTR] SendRpc: key=psum.7_0_1_ag_0_sr_63_64|s100004->200004d|$c0$l706382389^i0 size=8388608 queue_latency_us=0 attempt=0
I0909 09:23:37.215586    1380 grpc_transport.cc:1743] [MEGASCALE_TRANSPORT_INSTR] SendRpc: key=psum.7_0_1_ag_0_sr_50_51|s100006->200006d|$c0$l706382389^i0 size=8388608 queue_latency_us=0 attempt=0
I0909 09:23:37.222842    1956 grpc_transport.cc:1414] [MEGASCALE_TRANSPORT_INSTR] Recv: key=psum.7_0_1_ag_0_sr_71_72|s200006->100006d|$c0$l706382389^i0 size=0 is_single_chunk=true is_aligned=true memcpy_needed=false
I0909 09:23:37.238450    1900 grpc_transport.cc:1414] [MEGASCALE_TRANSPORT_INSTR] Recv: key=psum.7_0_1_ag_0_sr_80_81|s200000->100000d|$c0$l706382389^i0 size=0 is_single_chunk=true is_aligned=true memcpy_needed=false
I0909 09:23:37.256165    1956 grpc_transport.cc:1414] [MEGASCALE_TRANSPORT_INSTR] Recv: key=psum.7_0_1_ag_0_sr_105_106|s200002->100002d|$c0$l706382389^i0 size=0 is_single_chunk=true is_aligned=true memcpy_needed=false
I0909 09:23:37.272804    1900 grpc_transport.cc:1414] [MEGASCALE_TRANSPORT_INSTR] Recv: key=psum.7_0_1_ag_0_sr_117_118|s200005->100005d|$c0$l706382389^i0 size=0 is_single_chunk=true is_aligned=true memcpy_needed=false
I0909 09:23:37.299303    1391 grpc_transport.cc:1743] [MEGASCALE_TRANSPORT_INSTR] SendRpc: key=psum.7_0_sr_65_66|s100000->200000d|$c0$l706382390^i0 size=8388608 queue_latency_us=0 attempt=0
I0909 09:23:37.303204    1936 grpc_transport.cc:1743] [MEGASCALE_TRANSPORT_INSTR] SendRpc: key=psum.7_0_sr_65_66|s100004->200004d|$c0$l706382390^i0 size=8388608 queue_latency_us=0 attempt=0
I0909 09:23:37.306322    1730 grpc_transport.cc:1743] [MEGASCALE_TRANSPORT_INSTR] SendRpc: key=psum.7_0_sr_70_71|s100007->200007d|$c0$l706382390^i0 size=8388608 queue_latency_us=0 attempt=0
I0909 09:23:37.309845    1910 grpc_transport.cc:1743] [MEGASCALE_TRANSPORT_INSTR] SendRpc: key=psum.7_0_sr_95_96|s100004->200004d|$c0$l706382390^i0 size=8388608 queue_latency_us=0 attempt=0
I0909 09:23:37.313160     785 grpc_transport.cc:1743] [MEGASCALE_TRANSPORT_INSTR] SendRpc: key=psum.7_0_sr_124_125|s100005->200005d|$c0$l706382390^i0 size=8388608 queue_latency_us=0 attempt=0
I0909 09:23:37.359517    1377 grpc_transport.cc:1414] [MEGASCALE_TRANSPORT_INSTR] Recv: key=psum.7_0_sr_3_4|s200005->100005d|$c0$l706382390^i0 size=0 is_single_chunk=true is_aligned=true memcpy_needed=false
I0909 09:23:37.388668    1377 grpc_transport.cc:1414] [MEGASCALE_TRANSPORT_INSTR] Recv: key=psum.7_0_sr_22_23|s200005->100005d|$c0$l706382390^i0 size=0 is_single_chunk=true is_aligned=true memcpy_needed=false
I0909 09:23:37.407862    1900 grpc_transport.cc:1414] [MEGASCALE_TRANSPORT_INSTR] Recv: key=psum.7_0_sr_39_40|s200005->100005d|$c0$l706382390^i0 size=0 is_single_chunk=true is_aligned=true memcpy_needed=false
I0909 09:23:37.425324    1956 grpc_transport.cc:1414] [MEGASCALE_TRANSPORT_INSTR] Recv: key=psum.7_0_sr_36_37|s200006->100006d|$c0$l706382390^i0 size=0 is_single_chunk=true is_aligned=true memcpy_needed=false
I0909 09:23:37.430865    1379 grpc_transport.cc:1743] [MEGASCALE_TRANSPORT_INSTR] SendRpc: key=psum.7_0_1_ag_0_sr_11_12|s100004->200004d|$c0$l706382390^i0 size=8388608 queue_latency_us=0 attempt=0
I0909 09:23:37.440046    1377 grpc_transport.cc:1743] [MEGASCALE_TRANSPORT_INSTR] SendRpc: key=psum.7_0_1_ag_0_sr_41_42|s100001->200001d|$c0$l706382390^i0 size=8388608 queue_latency_us=0 attempt=0
I0909 09:23:37.447400    1379 grpc_transport.cc:1414] [MEGASCALE_TRANSPORT_INSTR] Recv: key=psum.7_0_sr_17_18|s200000->100000d|$c0$l706382390^i0 size=0 is_single_chunk=true is_aligned=true memcpy_needed=false
I0909 09:23:37.455011    1373 grpc_transport.cc:1743] [MEGASCALE_TRANSPORT_INSTR] SendRpc: key=psum.7_0_1_ag_0_sr_14_15|s100002->200002d|$c0$l706382390^i0 size=8388608 queue_latency_us=0 attempt=0
I0909 09:23:37.465557    1722 grpc_transport.cc:1743] [MEGASCALE_TRANSPORT_INSTR] SendRpc: key=psum.7_0_1_ag_0_sr_59_60|s100007->200007d|$c0$l706382390^i0 size=8388608 queue_latency_us=0 attempt=0
I0909 09:23:37.476117    1738 grpc_transport.cc:1414] [MEGASCALE_TRANSPORT_INSTR] Recv: key=psum.7_0_1_ag_0_sr_72_73|s200006->100006d|$c0$l706382390^i0 size=0 is_single_chunk=true is_aligned=true memcpy_needed=false
I0909 09:23:37.484111    1407 grpc_transport.cc:1743] [MEGASCALE_TRANSPORT_INSTR] SendRpc: key=psum.7_0_1_ag_0_sr_27_28|s100000->200000d|$c0$l706382390^i0 size=8388608 queue_latency_us=0 attempt=0
I0909 09:23:37.493462    1377 grpc_transport.cc:1414] [MEGASCALE_TRANSPORT_INSTR] Recv: key=psum.7_0_1_ag_0_sr_75_76|s200000->100000d|$c0$l706382390^i0 size=0 is_single_chunk=true is_aligned=true memcpy_needed=false
I0909 09:23:37.494542    1958 grpc_transport.cc:1743] [MEGASCALE_TRANSPORT_INSTR] SendRpc: key=psum.7_0_1_ag_0_sr_63_64|s100003->200003d|$c0$l706382390^i0 size=8388608 queue_latency_us=0 attempt=0
I0909 09:23:37.509676    1373 grpc_transport.cc:1414] [MEGASCALE_TRANSPORT_INSTR] Recv: key=psum.7_0_1_ag_0_sr_120_121|s200006->100006d|$c0$l706382390^i0 size=0 is_single_chunk=true is_aligned=true memcpy_needed=false
I0909 09:23:37.527035    1374 grpc_transport.cc:1414] [MEGASCALE_TRANSPORT_INSTR] Recv: key=psum.7_0_1_ag_0_sr_79_80|s200007->100007d|$c0$l706382390^i0 size=0 is_single_chunk=true is_aligned=true memcpy_needed=false
I0909 09:23:37.543845    1900 grpc_transport.cc:1414] [MEGASCALE_TRANSPORT_INSTR] Recv: key=psum.7_0_1_ag_0_sr_115_116|s200005->100005d|$c0$l706382390^i0 size=0 is_single_chunk=true is_aligned=true memcpy_needed=false
I0909 09:23:37.566525    1377 grpc_transport.cc:1743] [MEGASCALE_TRANSPORT_INSTR] SendRpc: key=psum.7_0_sr_92_93|s100005->200005d|$c0$l706382391^i0 size=8388608 queue_latency_us=0 attempt=0
I0909 09:23:37.569663    1391 grpc_transport.cc:1743] [MEGASCALE_TRANSPORT_INSTR] SendRpc: key=psum.7_0_sr_99_100|s100001->200001d|$c0$l706382391^i0 size=8388608 queue_latency_us=0 attempt=0
I0909 09:23:37.572683    1408 grpc_transport.cc:1743] [MEGASCALE_TRANSPORT_INSTR] SendRpc: key=psum.7_0_sr_84_85|s100002->200002d|$c0$l706382391^i0 size=8388608 queue_latency_us=0 attempt=0
I0909 09:23:37.576158    1389 grpc_transport.cc:1743] [MEGASCALE_TRANSPORT_INSTR] SendRpc: key=psum.7_0_sr_111_112|s100000->200000d|$c0$l706382391^i0 size=8388608 queue_latency_us=0 attempt=0
I0909 09:23:37.580411    1956 grpc_transport.cc:1743] [MEGASCALE_TRANSPORT_INSTR] SendRpc: key=psum.7_0_sr_127_128|s100002->200002d|$c0$l706382391^i0 size=8388608 queue_latency_us=0 attempt=0
I0909 09:23:37.583042    1389 grpc_transport.cc:1414] [MEGASCALE_TRANSPORT_INSTR] Recv: key=psum.7_0_sr_20_21|s200004->100004d|$c0$l706382391^i0 size=0 is_single_chunk=true is_aligned=true memcpy_needed=false
I0909 09:23:37.608006    1374 grpc_transport.cc:1414] [MEGASCALE_TRANSPORT_INSTR] Recv: key=psum.7_0_sr_8_9|s200003->100003d|$c0$l706382391^i0 size=0 is_single_chunk=true is_aligned=true memcpy_needed=false
I0909 09:23:37.628222    1374 grpc_transport.cc:1414] [MEGASCALE_TRANSPORT_INSTR] Recv: key=psum.7_0_sr_41_42|s200006->100006d|$c0$l706382391^i0 size=0 is_single_chunk=true is_aligned=true memcpy_needed=false
I0909 09:23:37.646569    1377 grpc_transport.cc:1414] [MEGASCALE_TRANSPORT_INSTR] Recv: key=psum.7_0_sr_22_23|s200005->100005d|$c0$l706382391^i0 size=0 is_single_chunk=true is_aligned=true memcpy_needed=false
I0909 09:23:37.665615    1377 grpc_transport.cc:1414] [MEGASCALE_TRANSPORT_INSTR] Recv: key=psum.7_0_sr_54_55|s200001->100001d|$c0$l706382391^i0 size=0 is_single_chunk=true is_aligned=true memcpy_needed=false
I0909 09:23:37.671806    1423 grpc_transport.cc:1743] [MEGASCALE_TRANSPORT_INSTR] SendRpc: key=psum.7_0_1_ag_0_sr_25_26|s100004->200004d|$c0$l706382391^i0 size=8388608 queue_latency_us=0 attempt=0
I0909 09:23:37.681782    1387 grpc_transport.cc:1743] [MEGASCALE_TRANSPORT_INSTR] SendRpc: key=psum.7_0_1_ag_0_sr_62_63|s100006->200006d|$c0$l706382391^i0 size=8388608 queue_latency_us=0 attempt=0
I0909 09:23:37.691660     785 grpc_transport.cc:1743] [MEGASCALE_TRANSPORT_INSTR] SendRpc: key=psum.7_0_1_ag_0_sr_38_39|s100000->200000d|$c0$l706382391^i0 size=8388608 queue_latency_us=0 attempt=0
I0909 09:23:37.695000    1392 grpc_transport.cc:1743] [MEGASCALE_TRANSPORT_INSTR] SendRpc: key=psum.7_0_1_ag_0_sr_58_59|s100002->200002d|$c0$l706382391^i0 size=8388608 queue_latency_us=0 attempt=0
I0909 09:23:37.698760    1722 grpc_transport.cc:1414] [MEGASCALE_TRANSPORT_INSTR] Recv: key=psum.7_0_1_ag_0_sr_74_75|s200003->100003d|$c0$l706382391^i0 size=0 is_single_chunk=true is_aligned=true memcpy_needed=false
I0909 09:23:37.702867    1386 grpc_transport.cc:1743] [MEGASCALE_TRANSPORT_INSTR] SendRpc: key=psum.7_0_1_ag_0_sr_40_41|s100005->200005d|$c0$l706382391^i0 size=8388608 queue_latency_us=0 attempt=0
I0909 09:23:37.717195    1956 grpc_transport.cc:1414] [MEGASCALE_TRANSPORT_INSTR] Recv: key=psum.7_0_1_ag_0_sr_100_101|s200003->100003d|$c0$l706382391^i0 size=0 is_single_chunk=true is_aligned=true memcpy_needed=false
I0909 09:23:37.739139    1956 grpc_transport.cc:1414] [MEGASCALE_TRANSPORT_INSTR] Recv: key=psum.7_0_1_ag_0_sr_70_71|s200007->100007d|$c0$l706382391^i0 size=0 is_single_chunk=true is_aligned=true memcpy_needed=false
I0909 09:23:37.758446    1733 grpc_transport.cc:1414] [MEGASCALE_TRANSPORT_INSTR] Recv: key=psum.7_0_1_ag_0_sr_91_92|s200007->100007d|$c0$l706382391^i0 size=0 is_single_chunk=true is_aligned=true memcpy_needed=false
I0909 09:23:37.775481    1379 grpc_transport.cc:1414] [MEGASCALE_TRANSPORT_INSTR] Recv: key=psum.7_0_1_ag_0_sr_94_95|s200000->100000d|$c0$l706382391^i0 size=0 is_single_chunk=true is_aligned=true memcpy_needed=false
I0909 09:23:37.810612    1757 grpc_transport.cc:1743] [MEGASCALE_TRANSPORT_INSTR] SendRpc: key=psum.7_0_sr_71_72|s100006->200006d|$c0$l706382392^i0 size=8388608 queue_latency_us=0 attempt=0
I0909 09:23:37.813117    1941 grpc_transport.cc:1743] [MEGASCALE_TRANSPORT_INSTR] SendRpc: key=psum.7_0_sr_82_83|s100001->200001d|$c0$l706382392^i0 size=8388608 queue_latency_us=0 attempt=0
I0909 09:23:37.815876    1900 grpc_transport.cc:1743] [MEGASCALE_TRANSPORT_INSTR] SendRpc: key=psum.7_0_sr_88_89|s100004->200004d|$c0$l706382392^i0 size=8388608 queue_latency_us=0 attempt=0
I0909 09:23:37.816105    1594 grpc_transport.cc:1414] [MEGASCALE_TRANSPORT_INSTR] Recv: key=psum.7_0_sr_12_13|s200001->100001d|$c0$l706382392^i0 size=0 is_single_chunk=true is_aligned=true memcpy_needed=false
I0909 09:23:37.819215    1391 grpc_transport.cc:1743] [MEGASCALE_TRANSPORT_INSTR] SendRpc: key=psum.7_0_sr_118_119|s100005->200005d|$c0$l706382392^i0 size=8388608 queue_latency_us=0 attempt=0
I0909 09:23:37.823682    1956 grpc_transport.cc:1743] [MEGASCALE_TRANSPORT_INSTR] SendRpc: key=psum.7_0_sr_114_115|s100002->200002d|$c0$l706382392^i0 size=8388608 queue_latency_us=0 attempt=0
I0909 09:23:37.849128    1379 grpc_transport.cc:1414] [MEGASCALE_TRANSPORT_INSTR] Recv: key=psum.7_0_sr_17_18|s200004->100004d|$c0$l706382392^i0 size=0 is_single_chunk=true is_aligned=true memcpy_needed=false
I0909 09:23:37.868766    1724 grpc_transport.cc:1414] [MEGASCALE_TRANSPORT_INSTR] Recv: key=psum.7_0_sr_15_16|s200006->100006d|$c0$l706382392^i0 size=0 is_single_chunk=true is_aligned=true memcpy_needed=false
I0909 09:23:37.885845    1900 grpc_transport.cc:1414] [MEGASCALE_TRANSPORT_INSTR] Recv: key=psum.7_0_sr_47_48|s200004->100004d|$c0$l706382392^i0 size=0 is_single_chunk=true is_aligned=true memcpy_needed=false
I0909 09:23:37.904150    1374 grpc_transport.cc:1414] [MEGASCALE_TRANSPORT_INSTR] Recv: key=psum.7_0_sr_43_44|s200002->100002d|$c0$l706382392^i0 size=0 is_single_chunk=true is_aligned=true memcpy_needed=false
I0909 09:23:37.908156    1956 grpc_transport.cc:1743] [MEGASCALE_TRANSPORT_INSTR] SendRpc: key=psum.7_0_1_ag_0_sr_4_5|s100007->200007d|$c0$l706382392^i0 size=8388608 queue_latency_us=0 attempt=0
I0909 09:23:37.919336    1900 grpc_transport.cc:1743] [MEGASCALE_TRANSPORT_INSTR] SendRpc: key=psum.7_0_1_ag_0_sr_37_38|s100004->200004d|$c0$l706382392^i0 size=8388608 queue_latency_us=0 attempt=0
I0909 09:23:37.927480    1373 grpc_transport.cc:1414] [MEGASCALE_TRANSPORT_INSTR] Recv: key=psum.7_0_sr_59_60|s200003->100003d|$c0$l706382392^i0 size=0 is_single_chunk=true is_aligned=true memcpy_needed=false
I0909 09:23:37.930432    1386 grpc_transport.cc:1743] [MEGASCALE_TRANSPORT_INSTR] SendRpc: key=psum.7_0_1_ag_0_sr_20_21|s100005->200005d|$c0$l706382392^i0 size=8388608 queue_latency_us=0 attempt=0
I0909 09:23:37.936300    1724 grpc_transport.cc:1743] [MEGASCALE_TRANSPORT_INSTR] SendRpc: key=psum.7_0_1_ag_0_sr_51_52|s100002->200002d|$c0$l706382392^i0 size=8388608 queue_latency_us=0 attempt=0
I0909 09:23:37.949191    1733 grpc_transport.cc:1743] [MEGASCALE_TRANSPORT_INSTR] SendRpc: key=psum.7_0_1_ag_0_sr_17_18|s100003->200003d|$c0$l706382392^i0 size=8388608 queue_latency_us=3 attempt=0
I0909 09:23:37.952853    1722 grpc_transport.cc:1414] [MEGASCALE_TRANSPORT_INSTR] Recv: key=psum.7_0_1_ag_0_sr_71_72|s200006->100006d|$c0$l706382392^i0 size=0 is_single_chunk=true is_aligned=true memcpy_needed=false
I0909 09:23:37.979068    1724 grpc_transport.cc:1414] [MEGASCALE_TRANSPORT_INSTR] Recv: key=psum.7_0_1_ag_0_sr_107_108|s200006->100006d|$c0$l706382392^i0 size=0 is_single_chunk=true is_aligned=true memcpy_needed=false
I0909 09:23:37.998223    1724 grpc_transport.cc:1414] [MEGASCALE_TRANSPORT_INSTR] Recv: key=psum.7_0_1_ag_0_sr_80_81|s200007->100007d|$c0$l706382392^i0 size=0 is_single_chunk=true is_aligned=true memcpy_needed=false
I0909 09:23:38.015669    1379 grpc_transport.cc:1414] [MEGASCALE_TRANSPORT_INSTR] Recv: key=psum.7_0_1_ag_0_sr_108_109|s200001->100001d|$c0$l706382392^i0 size=0 is_single_chunk=true is_aligned=true memcpy_needed=false
I0909 09:23:38.031779    1379 grpc_transport.cc:1414] [MEGASCALE_TRANSPORT_INSTR] Recv: key=psum.7_0_1_ag_0_sr_124_125|s200001->100001d|$c0$l706382392^i0 size=0 is_single_chunk=true is_aligned=true memcpy_needed=false
I0909 09:23:38.048866    1464 grpc_transport.cc:1743] [MEGASCALE_TRANSPORT_INSTR] SendRpc: key=psum.7_0_sr_71_72|s100001->200001d|$c0$l706382393^i0 size=8388608 queue_latency_us=0 attempt=0
I0909 09:23:38.052170    1379 grpc_transport.cc:1743] [MEGASCALE_TRANSPORT_INSTR] SendRpc: key=psum.7_0_sr_67_68|s100005->200005d|$c0$l706382393^i0 size=8388608 queue_latency_us=0 attempt=0
I0909 09:23:38.055274    1596 grpc_transport.cc:1743] [MEGASCALE_TRANSPORT_INSTR] SendRpc: key=psum.7_0_sr_97_98|s100002->200002d|$c0$l706382393^i0 size=8388608 queue_latency_us=0 attempt=0
I0909 09:23:38.057980    1756 grpc_transport.cc:1743] [MEGASCALE_TRANSPORT_INSTR] SendRpc: key=psum.7_0_sr_111_112|s100002->200002d|$c0$l706382393^i0 size=8388608 queue_latency_us=0 attempt=0
I0909 09:23:38.060975    1385 grpc_transport.cc:1743] [MEGASCALE_TRANSPORT_INSTR] SendRpc: key=psum.7_0_sr_111_112|s100006->200006d|$c0$l706382393^i0 size=8388608 queue_latency_us=0 attempt=0
I0909 09:23:38.113072    1900 grpc_transport.cc:1414] [MEGASCALE_TRANSPORT_INSTR] Recv: key=psum.7_0_sr_7_8|s200001->100001d|$c0$l706382393^i0 size=0 is_single_chunk=true is_aligned=true memcpy_needed=false
I0909 09:23:38.135755    1956 grpc_transport.cc:1414] [MEGASCALE_TRANSPORT_INSTR] Recv: key=psum.7_0_sr_6_7|s200006->100006d|$c0$l706382393^i0 size=0 is_single_chunk=true is_aligned=true memcpy_needed=false
I0909 09:23:38.153678    1956 grpc_transport.cc:1414] [MEGASCALE_TRANSPORT_INSTR] Recv: key=psum.7_0_sr_40_41|s200006->100006d|$c0$l706382393^i0 size=0 is_single_chunk=true is_aligned=true memcpy_needed=false
I0909 09:23:38.160158    1379 grpc_transport.cc:1743] [MEGASCALE_TRANSPORT_INSTR] SendRpc: key=psum.7_0_1_ag_0_sr_41_42|s100001->200001d|$c0$l706382393^i0 size=8388608 queue_latency_us=0 attempt=0
I0909 09:23:38.176594    1956 grpc_transport.cc:1414] [MEGASCALE_TRANSPORT_INSTR] Recv: key=psum.7_0_sr_48_49|s200006->100006d|$c0$l706382393^i0 size=0 is_single_chunk=true is_aligned=true memcpy_needed=false
I0909 09:23:38.198981    1379 grpc_transport.cc:1414] [MEGASCALE_TRANSPORT_INSTR] Recv: key=psum.7_0_1_ag_0_sr_68_69|s200000->100000d|$c0$l706382393^i0 size=0 is_single_chunk=true is_aligned=true memcpy_needed=false
I0909 09:23:38.206724    1387 grpc_transport.cc:1743] [MEGASCALE_TRANSPORT_INSTR] SendRpc: key=psum.7_0_1_ag_0_sr_2_3|s100007->200007d|$c0$l706382393^i0 size=8388608 queue_latency_us=1 attempt=0
I0909 09:23:38.214224    1391 grpc_transport.cc:1743] [MEGASCALE_TRANSPORT_INSTR] SendRpc: key=psum.7_0_1_ag_0_sr_48_49|s100004->200004d|$c0$l706382393^i0 size=8388608 queue_latency_us=0 attempt=0
I0909 09:23:38.221240    1956 grpc_transport.cc:1743] [MEGASCALE_TRANSPORT_INSTR] SendRpc: key=psum.7_0_1_ag_0_sr_12_13|s100006->200006d|$c0$l706382393^i0 size=8388608 queue_latency_us=0 attempt=0
I0909 09:23:38.224967    1386 grpc_transport.cc:1414] [MEGASCALE_TRANSPORT_INSTR] Recv: key=psum.7_0_1_ag_0_sr_120_121|s200000->100000d|$c0$l706382393^i0 size=0 is_single_chunk=true is_aligned=true memcpy_needed=false
I0909 09:23:38.227959    1733 grpc_transport.cc:1743] [MEGASCALE_TRANSPORT_INSTR] SendRpc: key=psum.7_0_1_ag_0_sr_57_58|s100006->200006d|$c0$l706382393^i0 size=8388608 queue_latency_us=0 attempt=0
I0909 09:23:38.241446    1900 grpc_transport.cc:1414] [MEGASCALE_TRANSPORT_INSTR] Recv: key=psum.7_0_1_ag_0_sr_90_91|s200004->100004d|$c0$l706382393^i0 size=0 is_single_chunk=true is_aligned=true memcpy_needed=false
I0909 09:23:38.258158    1374 grpc_transport.cc:1414] [MEGASCALE_TRANSPORT_INSTR] Recv: key=psum.7_0_1_ag_0_sr_88_89|s200007->100007d|$c0$l706382393^i0 size=0 is_single_chunk=true is_aligned=true memcpy_needed=false
I0909 09:23:38.276586    1956 grpc_transport.cc:1414] [MEGASCALE_TRANSPORT_INSTR] Recv: key=psum.7_0_1_ag_0_sr_113_114|s200007->100007d|$c0$l706382393^i0 size=0 is_single_chunk=true is_aligned=true memcpy_needed=false
I0909 09:23:38.293146    1956 grpc_transport.cc:1414] [MEGASCALE_TRANSPORT_INSTR] Recv: key=psum.7_0_1_ag_0_sr_76_77|s200003->100003d|$c0$l706382393^i0 size=0 is_single_chunk=true is_aligned=true memcpy_needed=false
I0909 09:23:38.320722    1402 grpc_transport.cc:1743] [MEGASCALE_TRANSPORT_INSTR] SendRpc: key=psum.7_0_sr_70_71|s100002->200002d|$c0$l706382394^i0 size=8388608 queue_latency_us=0 attempt=0
I0909 09:23:38.324665     804 grpc_transport.cc:1743] [MEGASCALE_TRANSPORT_INSTR] SendRpc: key=psum.7_0_sr_75_76|s100007->200007d|$c0$l706382394^i0 size=8388608 queue_latency_us=0 attempt=0
I0909 09:23:38.328048     796 grpc_transport.cc:1743] [MEGASCALE_TRANSPORT_INSTR] SendRpc: key=psum.7_0_sr_73_74|s100005->200005d|$c0$l706382394^i0 size=8388608 queue_latency_us=0 attempt=0
I0909 09:23:38.331716    1464 grpc_transport.cc:1743] [MEGASCALE_TRANSPORT_INSTR] SendRpc: key=psum.7_0_sr_110_111|s100001->200001d|$c0$l706382394^i0 size=8388608 queue_latency_us=0 attempt=0
I0909 09:23:38.335070    1423 grpc_transport.cc:1743] [MEGASCALE_TRANSPORT_INSTR] SendRpc: key=psum.7_0_sr_111_112|s100004->200004d|$c0$l706382394^i0 size=8388608 queue_latency_us=0 attempt=0
I0909 09:23:38.390299    1724 grpc_transport.cc:1414] [MEGASCALE_TRANSPORT_INSTR] Recv: key=psum.7_0_sr_31_32|s200006->100006d|$c0$l706382394^i0 size=0 is_single_chunk=true is_aligned=true memcpy_needed=false
I0909 09:23:38.413225    1373 grpc_transport.cc:1414] [MEGASCALE_TRANSPORT_INSTR] Recv: key=psum.7_0_sr_11_12|s200006->100006d|$c0$l706382394^i0 size=0 is_single_chunk=true is_aligned=true memcpy_needed=false
I0909 09:23:38.435299    1900 grpc_transport.cc:1414] [MEGASCALE_TRANSPORT_INSTR] Recv: key=psum.7_0_sr_38_39|s200004->100004d|$c0$l706382394^i0 size=0 is_single_chunk=true is_aligned=true memcpy_needed=false
I0909 09:23:38.452924    1374 grpc_transport.cc:1414] [MEGASCALE_TRANSPORT_INSTR] Recv: key=psum.7_0_sr_31_32|s200003->100003d|$c0$l706382394^i0 size=0 is_single_chunk=true is_aligned=true memcpy_needed=false
I0909 09:23:38.468646    1900 grpc_transport.cc:1743] [MEGASCALE_TRANSPORT_INSTR] SendRpc: key=psum.7_0_1_ag_0_sr_18_19|s100004->200004d|$c0$l706382394^i0 size=8388608 queue_latency_us=0 attempt=0
I0909 09:23:38.474394    1900 grpc_transport.cc:1414] [MEGASCALE_TRANSPORT_INSTR] Recv: key=psum.7_0_1_ag_0_sr_80_81|s200001->100001d|$c0$l706382394^i0 size=0 is_single_chunk=true is_aligned=true memcpy_needed=false
I0909 09:23:38.475159    1379 grpc_transport.cc:1743] [MEGASCALE_TRANSPORT_INSTR] SendRpc: key=psum.7_0_1_ag_0_sr_58_59|s100004->200004d|$c0$l706382394^i0 size=8388608 queue_latency_us=0 attempt=0
I0909 09:23:38.486974    1932 grpc_transport.cc:1743] [MEGASCALE_TRANSPORT_INSTR] SendRpc: key=psum.7_0_1_ag_0_sr_3_4|s100005->200005d|$c0$l706382394^i0 size=8388608 queue_latency_us=0 attempt=0
I0909 09:23:38.498383    1391 grpc_transport.cc:1743] [MEGASCALE_TRANSPORT_INSTR] SendRpc: key=psum.7_0_1_ag_0_sr_63_64|s100001->200001d|$c0$l706382394^i0 size=8388608 queue_latency_us=0 attempt=0
I0909 09:23:38.498512    1956 grpc_transport.cc:1414] [MEGASCALE_TRANSPORT_INSTR] Recv: key=psum.7_0_sr_57_58|s200002->100002d|$c0$l706382394^i0 size=0 is_single_chunk=true is_aligned=true memcpy_needed=false
I0909 09:23:38.511204    1380 grpc_transport.cc:1743] [MEGASCALE_TRANSPORT_INSTR] SendRpc: key=psum.7_0_1_ag_0_sr_33_34|s100007->200007d|$c0$l706382394^i0 size=8388608 queue_latency_us=0 attempt=0
I0909 09:23:38.515376    1379 grpc_transport.cc:1414] [MEGASCALE_TRANSPORT_INSTR] Recv: key=psum.7_0_1_ag_0_sr_103_104|s200004->100004d|$c0$l706382394^i0 size=0 is_single_chunk=true is_aligned=true memcpy_needed=false
I0909 09:23:38.532484    1724 grpc_transport.cc:1414] [MEGASCALE_TRANSPORT_INSTR] Recv: key=psum.7_0_1_ag_0_sr_98_99|s200006->100006d|$c0$l706382394^i0 size=0 is_single_chunk=true is_aligned=true memcpy_needed=false
I0909 09:23:38.549177    1900 grpc_transport.cc:1414] [MEGASCALE_TRANSPORT_INSTR] Recv: key=psum.7_0_1_ag_0_sr_70_71|s200005->100005d|$c0$l706382394^i0 size=0 is_single_chunk=true is_aligned=true memcpy_needed=false
I0909 09:23:38.566509    1380 grpc_transport.cc:1414] [MEGASCALE_TRANSPORT_INSTR] Recv: key=psum.7_0_1_ag_0_sr_113_114|s200003->100003d|$c0$l706382394^i0 size=0 is_single_chunk=true is_aligned=true memcpy_needed=false
I0909 09:23:38.592687    1374 grpc_transport.cc:1743] [MEGASCALE_TRANSPORT_INSTR] SendRpc: key=all-reduce_0_ag_0_sr_0_1|s100007->200007d|$c0$l-493875067^i0 size=512 queue_latency_us=0 attempt=0
I0909 09:23:38.612651     808 grpc_transport.cc:1743] [MEGASCALE_TRANSPORT_INSTR] SendRpc: key=psum.7_0_sr_67_68|s100007->200007d|$c0$l706382395^i0 size=8388608 queue_latency_us=0 attempt=0
I0909 09:23:38.614978    1391 grpc_transport.cc:1743] [MEGASCALE_TRANSPORT_INSTR] SendRpc: key=psum.7_0_sr_78_79|s100000->200000d|$c0$l706382395^i0 size=8388608 queue_latency_us=0 attempt=0
I0909 09:23:38.617999    1379 grpc_transport.cc:1743] [MEGASCALE_TRANSPORT_INSTR] SendRpc: key=psum.7_0_sr_88_89|s100000->200000d|$c0$l706382395^i0 size=8388608 queue_latency_us=0 attempt=0
I0909 09:23:38.621448    1743 grpc_transport.cc:1743] [MEGASCALE_TRANSPORT_INSTR] SendRpc: key=psum.7_0_sr_111_112|s100006->200006d|$c0$l706382395^i0 size=8388608 queue_latency_us=0 attempt=0
I0909 09:23:38.623313    1385 grpc_transport.cc:1414] [MEGASCALE_TRANSPORT_INSTR] Recv: key=psum.7_0_sr_9_10|s200006->100006d|$c0$l706382395^i0 size=0 is_single_chunk=true is_aligned=true memcpy_needed=false
I0909 09:23:38.625012    1730 grpc_transport.cc:1743] [MEGASCALE_TRANSPORT_INSTR] SendRpc: key=psum.7_0_sr_126_127|s100006->200006d|$c0$l706382395^i0 size=8388608 queue_latency_us=0 attempt=0
I0909 09:23:38.651224    1385 grpc_transport.cc:1414] [MEGASCALE_TRANSPORT_INSTR] Recv: key=psum.7_0_sr_5_6|s200003->100003d|$c0$l706382395^i0 size=0 is_single_chunk=true is_aligned=true memcpy_needed=false
I0909 09:23:38.671740    1383 grpc_transport.cc:1414] [MEGASCALE_TRANSPORT_INSTR] Recv: key=psum.7_0_sr_27_28|s200005->100005d|$c0$l706382395^i0 size=0 is_single_chunk=true is_aligned=true memcpy_needed=false
I0909 09:23:38.689715    1379 grpc_transport.cc:1414] [MEGASCALE_TRANSPORT_INSTR] Recv: key=psum.7_0_sr_45_46|s200004->100004d|$c0$l706382395^i0 size=0 is_single_chunk=true is_aligned=true memcpy_needed=false
I0909 09:23:38.707090    1900 grpc_transport.cc:1414] [MEGASCALE_TRANSPORT_INSTR] Recv: key=psum.7_0_sr_58_59|s200000->100000d|$c0$l706382395^i0 size=0 is_single_chunk=true is_aligned=true memcpy_needed=false
I0909 09:23:38.721837    1407 grpc_transport.cc:1743] [MEGASCALE_TRANSPORT_INSTR] SendRpc: key=psum.7_0_1_ag_0_sr_21_22|s100000->200000d|$c0$l706382395^i0 size=8388608 queue_latency_us=0 attempt=0
I0909 09:23:38.732665    1733 grpc_transport.cc:1414] [MEGASCALE_TRANSPORT_INSTR] Recv: key=psum.7_0_sr_63_64|s200003->100003d|$c0$l706382395^i0 size=0 is_single_chunk=true is_aligned=true memcpy_needed=false
I0909 09:23:38.734726    1379 grpc_transport.cc:1743] [MEGASCALE_TRANSPORT_INSTR] SendRpc: key=psum.7_0_1_ag_0_sr_9_10|s100005->200005d|$c0$l706382395^i0 size=8388608 queue_latency_us=0 attempt=0
I0909 09:23:38.739986    1402 grpc_transport.cc:1743] [MEGASCALE_TRANSPORT_INSTR] SendRpc: key=psum.7_0_1_ag_0_sr_37_38|s100002->200002d|$c0$l706382395^i0 size=8388608 queue_latency_us=0 attempt=0
I0909 09:23:38.747183    1733 grpc_transport.cc:1743] [MEGASCALE_TRANSPORT_INSTR] SendRpc: key=psum.7_0_1_ag_0_sr_7_8|s100007->200007d|$c0$l706382395^i0 size=8388608 queue_latency_us=0 attempt=0
I0909 09:23:38.751855    1959 grpc_transport.cc:1743] [MEGASCALE_TRANSPORT_INSTR] SendRpc: key=psum.7_0_1_ag_0_sr_62_63|s100007->200007d|$c0$l706382395^i0 size=8388608 queue_latency_us=0 attempt=0
I0909 09:23:38.760827    1379 grpc_transport.cc:1414] [MEGASCALE_TRANSPORT_INSTR] Recv: key=psum.7_0_1_ag_0_sr_105_106|s200005->100005d|$c0$l706382395^i0 size=0 is_single_chunk=true is_aligned=true memcpy_needed=false
I0909 09:23:38.777772    1374 grpc_transport.cc:1414] [MEGASCALE_TRANSPORT_INSTR] Recv: key=psum.7_0_1_ag_0_sr_103_104|s200003->100003d|$c0$l706382395^i0 size=0 is_single_chunk=true is_aligned=true memcpy_needed=false
I0909 09:23:38.797009    1379 grpc_transport.cc:1414] [MEGASCALE_TRANSPORT_INSTR] Recv: key=psum.7_0_1_ag_0_sr_108_109|s200000->100000d|$c0$l706382395^i0 size=0 is_single_chunk=true is_aligned=true memcpy_needed=false
I0909 09:23:38.815240    1373 grpc_transport.cc:1414] [MEGASCALE_TRANSPORT_INSTR] Recv: key=psum.7_0_1_ag_0_sr_70_71|s200002->100002d|$c0$l706382395^i0 size=0 is_single_chunk=true is_aligned=true memcpy_needed=false
I0909 09:23:38.832105    1900 grpc_transport.cc:1414] [MEGASCALE_TRANSPORT_INSTR] Recv: key=psum.7_0_1_ag_0_sr_111_112|s200001->100001d|$c0$l706382395^i0 size=0 is_single_chunk=true is_aligned=true memcpy_needed=false
I0909 09:23:38.847600    1722 grpc_transport.cc:1743] [MEGASCALE_TRANSPORT_INSTR] SendRpc: key=psum.7_0_sr_71_72|s100003->200003d|$c0$l706382396^i0 size=8388608 queue_latency_us=0 attempt=0
I0909 09:23:38.850261    1724 grpc_transport.cc:1743] [MEGASCALE_TRANSPORT_INSTR] SendRpc: key=psum.7_0_sr_79_80|s100007->200007d|$c0$l706382396^i0 size=8388608 queue_latency_us=0 attempt=0
I0909 09:23:38.853392     785 grpc_transport.cc:1743] [MEGASCALE_TRANSPORT_INSTR] SendRpc: key=psum.7_0_sr_98_99|s100001->200001d|$c0$l706382396^i0 size=8388608 queue_latency_us=0 attempt=0
I0909 09:23:38.856751    1900 grpc_transport.cc:1743] [MEGASCALE_TRANSPORT_INSTR] SendRpc: key=psum.7_0_sr_111_112|s100005->200005d|$c0$l706382396^i0 size=8388608 queue_latency_us=0 attempt=0
I0909 09:23:38.860493    1941 grpc_transport.cc:1743] [MEGASCALE_TRANSPORT_INSTR] SendRpc: key=psum.7_0_sr_126_127|s100001->200001d|$c0$l706382396^i0 size=8388608 queue_latency_us=0 attempt=0
I0909 09:23:38.920844    1379 grpc_transport.cc:1414] [MEGASCALE_TRANSPORT_INSTR] Recv: key=psum.7_0_sr_27_28|s200001->100001d|$c0$l706382396^i0 size=0 is_single_chunk=true is_aligned=true memcpy_needed=false
I0909 09:23:38.942591    1379 grpc_transport.cc:1414] [MEGASCALE_TRANSPORT_INSTR] Recv: key=psum.7_0_sr_42_43|s200001->100001d|$c0$l706382396^i0 size=0 is_single_chunk=true is_aligned=true memcpy_needed=false
I0909 09:23:38.962555    1733 grpc_transport.cc:1414] [MEGASCALE_TRANSPORT_INSTR] Recv: key=psum.7_0_sr_32_33|s200002->100002d|$c0$l706382396^i0 size=0 is_single_chunk=true is_aligned=true memcpy_needed=false
I0909 09:23:38.979136    1900 grpc_transport.cc:1743] [MEGASCALE_TRANSPORT_INSTR] SendRpc: key=psum.7_0_1_ag_0_sr_43_44|s100001->200001d|$c0$l706382396^i0 size=8388608 queue_latency_us=0 attempt=0
I0909 09:23:38.982539    1386 grpc_transport.cc:1414] [MEGASCALE_TRANSPORT_INSTR] Recv: key=psum.7_0_sr_24_25|s200004->100004d|$c0$l706382396^i0 size=0 is_single_chunk=true is_aligned=true memcpy_needed=false
I0909 09:23:38.991144    1383 grpc_transport.cc:1743] [MEGASCALE_TRANSPORT_INSTR] SendRpc: key=psum.7_0_1_ag_0_sr_32_33|s100000->200000d|$c0$l706382396^i0 size=8388608 queue_latency_us=0 attempt=0
I0909 09:23:39.001245    1724 grpc_transport.cc:1414] [MEGASCALE_TRANSPORT_INSTR] Recv: key=psum.7_0_sr_57_58|s200003->100003d|$c0$l706382396^i0 size=0 is_single_chunk=true is_aligned=true memcpy_needed=false
I0909 09:23:39.011349    1379 grpc_transport.cc:1743] [MEGASCALE_TRANSPORT_INSTR] SendRpc: key=psum.7_0_1_ag_0_sr_56_57|s100004->200004d|$c0$l706382396^i0 size=8388608 queue_latency_us=0 attempt=0
I0909 09:23:39.018960    1956 grpc_transport.cc:1743] [MEGASCALE_TRANSPORT_INSTR] SendRpc: key=psum.7_0_1_ag_0_sr_57_58|s100002->200002d|$c0$l706382396^i0 size=8388608 queue_latency_us=0 attempt=0
I0909 09:23:39.022173    1374 grpc_transport.cc:1414] [MEGASCALE_TRANSPORT_INSTR] Recv: key=psum.7_0_1_ag_0_sr_68_69|s200002->100002d|$c0$l706382396^i0 size=0 is_single_chunk=true is_aligned=true memcpy_needed=false
I0909 09:23:39.035103    1956 grpc_transport.cc:1743] [MEGASCALE_TRANSPORT_INSTR] SendRpc: key=psum.7_0_1_ag_0_sr_49_50|s100003->200003d|$c0$l706382396^i0 size=8388608 queue_latency_us=0 attempt=0
I0909 09:23:39.039719    1722 grpc_transport.cc:1414] [MEGASCALE_TRANSPORT_INSTR] Recv: key=psum.7_0_1_ag_0_sr_67_68|s200003->100003d|$c0$l706382396^i0 size=0 is_single_chunk=true is_aligned=true memcpy_needed=false
I0909 09:23:39.055783    1900 grpc_transport.cc:1414] [MEGASCALE_TRANSPORT_INSTR] Recv: key=psum.7_0_1_ag_0_sr_113_114|s200005->100005d|$c0$l706382396^i0 size=0 is_single_chunk=true is_aligned=true memcpy_needed=false
I0909 09:23:39.072755    1379 grpc_transport.cc:1414] [MEGASCALE_TRANSPORT_INSTR] Recv: key=psum.7_0_1_ag_0_sr_72_73|s200001->100001d|$c0$l706382396^i0 size=0 is_single_chunk=true is_aligned=true memcpy_needed=false
I0909 09:23:39.091163    1722 grpc_transport.cc:1414] [MEGASCALE_TRANSPORT_INSTR] Recv: key=psum.7_0_1_ag_0_sr_99_100|s200006->100006d|$c0$l706382396^i0 size=0 is_single_chunk=true is_aligned=true memcpy_needed=false
I0909 09:23:39.117590    1403 grpc_transport.cc:1743] [MEGASCALE_TRANSPORT_INSTR] SendRpc: key=psum.7_0_sr_65_66|s100006->200006d|$c0$l706382397^i0 size=8388608 queue_latency_us=0 attempt=0
I0909 09:23:39.120539    1418 grpc_transport.cc:1743] [MEGASCALE_TRANSPORT_INSTR] SendRpc: key=psum.7_0_sr_75_76|s100004->200004d|$c0$l706382397^i0 size=8388608 queue_latency_us=0 attempt=0
I0909 09:23:39.123071    1922 grpc_transport.cc:1743] [MEGASCALE_TRANSPORT_INSTR] SendRpc: key=psum.7_0_sr_80_81|s100000->200000d|$c0$l706382397^i0 size=8388608 queue_latency_us=0 attempt=0
I0909 09:23:39.125816     792 grpc_transport.cc:1743] [MEGASCALE_TRANSPORT_INSTR] SendRpc: key=psum.7_0_sr_102_103|s100000->200000d|$c0$l706382397^i0 size=8388608 queue_latency_us=0 attempt=0
I0909 09:23:39.129958    1746 grpc_transport.cc:1743] [MEGASCALE_TRANSPORT_INSTR] SendRpc: key=psum.7_0_sr_118_119|s100002->200002d|$c0$l706382397^i0 size=8388608 queue_latency_us=0 attempt=0
I0909 09:23:39.181210    1383 grpc_transport.cc:1414] [MEGASCALE_TRANSPORT_INSTR] Recv: key=psum.7_0_sr_31_32|s200005->100005d|$c0$l706382397^i0 size=0 is_single_chunk=true is_aligned=true memcpy_needed=false
I0909 09:23:39.188660    1709 cachednslookup.cc:391] TTL not found in response, not caching response
I0909 09:23:39.205026    1724 grpc_transport.cc:1414] [MEGASCALE_TRANSPORT_INSTR] Recv: key=psum.7_0_sr_11_12|s200007->100007d|$c0$l706382397^i0 size=0 is_single_chunk=true is_aligned=true memcpy_needed=false
I0909 09:23:39.226064    1900 grpc_transport.cc:1414] [MEGASCALE_TRANSPORT_INSTR] Recv: key=psum.7_0_sr_63_64|s200000->100000d|$c0$l706382397^i0 size=0 is_single_chunk=true is_aligned=true memcpy_needed=false
I0909 09:23:39.245587    1379 grpc_transport.cc:1414] [MEGASCALE_TRANSPORT_INSTR] Recv: key=psum.7_0_sr_37_38|s200001->100001d|$c0$l706382397^i0 size=0 is_single_chunk=true is_aligned=true memcpy_needed=false
I0909 09:23:39.259926    1379 grpc_transport.cc:1743] [MEGASCALE_TRANSPORT_INSTR] SendRpc: key=psum.7_0_1_ag_0_sr_19_20|s100004->200004d|$c0$l706382397^i0 size=8388608 queue_latency_us=0 attempt=0
I0909 09:23:39.266869    1730 grpc_transport.cc:1414] [MEGASCALE_TRANSPORT_INSTR] Recv: key=psum.7_0_sr_56_57|s200007->100007d|$c0$l706382397^i0 size=0 is_single_chunk=true is_aligned=true memcpy_needed=false
I0909 09:23:39.269712    1379 grpc_transport.cc:1743] [MEGASCALE_TRANSPORT_INSTR] SendRpc: key=psum.7_0_1_ag_0_sr_9_10|s100001->200001d|$c0$l706382397^i0 size=8388608 queue_latency_us=0 attempt=0
I0909 09:23:39.281654    1379 grpc_transport.cc:1743] [MEGASCALE_TRANSPORT_INSTR] SendRpc: key=psum.7_0_1_ag_0_sr_45_46|s100005->200005d|$c0$l706382397^i0 size=8388608 queue_latency_us=0 attempt=0
I0909 09:23:39.284971    1379 grpc_transport.cc:1414] [MEGASCALE_TRANSPORT_INSTR] Recv: key=psum.7_0_1_ag_0_sr_78_79|s200005->100005d|$c0$l706382397^i0 size=0 is_single_chunk=true is_aligned=true memcpy_needed=false
I0909 09:23:39.296574    1957 grpc_transport.cc:1743] [MEGASCALE_TRANSPORT_INSTR] SendRpc: key=psum.7_0_1_ag_0_sr_28_29|s100007->200007d|$c0$l706382397^i0 size=8388608 queue_latency_us=0 attempt=0
I0909 09:23:39.303999    1374 grpc_transport.cc:1743] [MEGASCALE_TRANSPORT_INSTR] SendRpc: key=psum.7_0_1_ag_0_sr_11_12|s100006->200006d|$c0$l706382397^i0 size=8388608 queue_latency_us=0 attempt=0
I0909 09:23:39.306622    1900 grpc_transport.cc:1414] [MEGASCALE_TRANSPORT_INSTR] Recv: key=psum.7_0_1_ag_0_sr_76_77|s200000->100000d|$c0$l706382397^i0 size=0 is_single_chunk=true is_aligned=true memcpy_needed=false
I0909 09:23:39.321544    1730 grpc_transport.cc:1414] [MEGASCALE_TRANSPORT_INSTR] Recv: key=psum.7_0_1_ag_0_sr_68_69|s200007->100007d|$c0$l706382397^i0 size=0 is_single_chunk=true is_aligned=true memcpy_needed=false
I0909 09:23:39.339317    1379 grpc_transport.cc:1414] [MEGASCALE_TRANSPORT_INSTR] Recv: key=psum.7_0_1_ag_0_sr_114_115|s200000->100000d|$c0$l706382397^i0 size=0 is_single_chunk=true is_aligned=true memcpy_needed=false
I0909 09:23:39.362269    1722 grpc_transport.cc:1414] [MEGASCALE_TRANSPORT_INSTR] Recv: key=psum.7_0_1_ag_0_sr_108_109|s200002->100002d|$c0$l706382397^i0 size=0 is_single_chunk=true is_aligned=true memcpy_needed=false
I0909 09:23:39.391970    1383 grpc_transport.cc:1743] [MEGASCALE_TRANSPORT_INSTR] SendRpc: key=psum.7_0_sr_65_66|s100004->200004d|$c0$l706382398^i0 size=8388608 queue_latency_us=0 attempt=0
I0909 09:23:39.396616    1379 grpc_transport.cc:1743] [MEGASCALE_TRANSPORT_INSTR] SendRpc: key=psum.7_0_sr_115_116|s100004->200004d|$c0$l706382398^i0 size=8388608 queue_latency_us=0 attempt=0
W0909 09:23:39.397386    1930 grpc_transport.cc:1186] Too many pending sends: 128
I0909 09:23:39.399518    1411 grpc_transport.cc:1743] [MEGASCALE_TRANSPORT_INSTR] SendRpc: key=psum.7_0_sr_87_88|s100003->200003d|$c0$l706382398^i0 size=8388608 queue_latency_us=0 attempt=0
I0909 09:23:39.402951    1557 grpc_transport.cc:1743] [MEGASCALE_TRANSPORT_INSTR] SendRpc: key=psum.7_0_sr_102_103|s100002->200002d|$c0$l706382398^i0 size=8388608 queue_latency_us=0 attempt=0
I0909 09:23:39.406320    1385 grpc_transport.cc:1743] [MEGASCALE_TRANSPORT_INSTR] SendRpc: key=psum.7_0_sr_119_120|s100002->200002d|$c0$l706382398^i0 size=8388608 queue_latency_us=0 attempt=0
I0909 09:23:39.449814    1900 grpc_transport.cc:1414] [MEGASCALE_TRANSPORT_INSTR] Recv: key=psum.7_0_sr_29_30|s200005->100005d|$c0$l706382398^i0 size=0 is_single_chunk=true is_aligned=true memcpy_needed=false
I0909 09:23:39.478412    1373 grpc_transport.cc:1414] [MEGASCALE_TRANSPORT_INSTR] Recv: key=psum.7_0_sr_29_30|s200006->100006d|$c0$l706382398^i0 size=0 is_single_chunk=true is_aligned=true memcpy_needed=false
I0909 09:23:39.498054    1724 grpc_transport.cc:1414] [MEGASCALE_TRANSPORT_INSTR] Recv: key=psum.7_0_sr_28_29|s200007->100007d|$c0$l706382398^i0 size=0 is_single_chunk=true is_aligned=true memcpy_needed=false
I0909 09:23:39.518014    1379 grpc_transport.cc:1414] [MEGASCALE_TRANSPORT_INSTR] Recv: key=psum.7_0_sr_39_40|s200001->100001d|$c0$l706382398^i0 size=0 is_single_chunk=true is_aligned=true memcpy_needed=false
I0909 09:23:39.519524    1377 grpc_transport.cc:1743] [MEGASCALE_TRANSPORT_INSTR] SendRpc: key=psum.7_0_1_ag_0_sr_14_15|s100005->200005d|$c0$l706382398^i0 size=8388608 queue_latency_us=0 attempt=0
I0909 09:23:39.537119    1379 grpc_transport.cc:1743] [MEGASCALE_TRANSPORT_INSTR] SendRpc: key=psum.7_0_1_ag_0_sr_50_51|s100000->200000d|$c0$l706382398^i0 size=8388608 queue_latency_us=0 attempt=0
I0909 09:23:39.537443    1722 grpc_transport.cc:1414] [MEGASCALE_TRANSPORT_INSTR] Recv: key=psum.7_0_sr_42_43|s200002->100002d|$c0$l706382398^i0 size=0 is_single_chunk=true is_aligned=true memcpy_needed=false
I0909 09:23:39.555880    1722 grpc_transport.cc:1743] [MEGASCALE_TRANSPORT_INSTR] SendRpc: key=psum.7_0_1_ag_0_sr_39_40|s100006->200006d|$c0$l706382398^i0 size=8388608 queue_latency_us=0 attempt=0
I0909 09:23:39.563607    1379 grpc_transport.cc:1743] [MEGASCALE_TRANSPORT_INSTR] SendRpc: key=psum.7_0_1_ag_0_sr_60_61|s100004->200004d|$c0$l706382398^i0 size=8388608 queue_latency_us=0 attempt=0
I0909 09:23:39.564691    1379 grpc_transport.cc:1414] [MEGASCALE_TRANSPORT_INSTR] Recv: key=psum.7_0_1_ag_0_sr_103_104|s200004->100004d|$c0$l706382398^i0 size=0 is_single_chunk=true is_aligned=true memcpy_needed=false
I0909 09:23:39.575801    1724 grpc_transport.cc:1743] [MEGASCALE_TRANSPORT_INSTR] SendRpc: key=psum.7_0_1_ag_0_sr_32_33|s100007->200007d|$c0$l706382398^i0 size=8388608 queue_latency_us=0 attempt=0
I0909 09:23:39.582198    1900 grpc_transport.cc:1414] [MEGASCALE_TRANSPORT_INSTR] Recv: key=psum.7_0_1_ag_0_sr_120_121|s200004->100004d|$c0$l706382398^i0 size=0 is_single_chunk=true is_aligned=true memcpy_needed=false
I0909 09:23:39.598475    1900 grpc_transport.cc:1414] [MEGASCALE_TRANSPORT_INSTR] Recv: key=psum.7_0_1_ag_0_sr_80_81|s200000->100000d|$c0$l706382398^i0 size=0 is_single_chunk=true is_aligned=true memcpy_needed=false
I0909 09:23:39.616727    1956 grpc_transport.cc:1414] [MEGASCALE_TRANSPORT_INSTR] Recv: key=psum.7_0_1_ag_0_sr_88_89|s200002->100002d|$c0$l706382398^i0 size=0 is_single_chunk=true is_aligned=true memcpy_needed=false
I0909 09:23:39.633446    1900 grpc_transport.cc:1414] [MEGASCALE_TRANSPORT_INSTR] Recv: key=psum.7_0_1_ag_0_sr_116_117|s200005->100005d|$c0$l706382398^i0 size=0 is_single_chunk=true is_aligned=true memcpy_needed=false
I0909 09:23:39.672063    1377 grpc_transport.cc:1743] [MEGASCALE_TRANSPORT_INSTR] SendRpc: key=psum.7_0_sr_79_80|s100005->200005d|$c0$l706382399^i0 size=8388608 queue_latency_us=0 attempt=0
I0909 09:23:39.676231    1611 grpc_transport.cc:1743] [MEGASCALE_TRANSPORT_INSTR] SendRpc: key=psum.7_0_sr_71_72|s100007->200007d|$c0$l706382399^i0 size=8388608 queue_latency_us=1 attempt=0
I0909 09:23:39.678177    1900 grpc_transport.cc:1743] [MEGASCALE_TRANSPORT_INSTR] SendRpc: key=psum.7_0_sr_84_85|s100000->200000d|$c0$l706382399^i0 size=8388608 queue_latency_us=0 attempt=0
I0909 09:23:39.680209    1456 grpc_transport.cc:1743] [MEGASCALE_TRANSPORT_INSTR] SendRpc: key=psum.7_0_sr_100_101|s100003->200003d|$c0$l706382399^i0 size=8388608 queue_latency_us=0 attempt=0
I0909 09:23:39.682981    1502 grpc_transport.cc:1743] [MEGASCALE_TRANSPORT_INSTR] SendRpc: key=psum.7_0_sr_116_117|s100002->200002d|$c0$l706382399^i0 size=8388608 queue_latency_us=0 attempt=0
I0909 09:23:39.687288    1907 grpc_transport.cc:1743] [MEGASCALE_TRANSPORT_INSTR] SendRpc: key=psum.7_0_sr_126_127|s100000->200000d|$c0$l706382399^i0 size=8388608 queue_latency_us=0 attempt=0
I0909 09:23:39.691843    1733 grpc_transport.cc:1414] [MEGASCALE_TRANSPORT_INSTR] Recv: key=psum.7_0_sr_5_6|s200007->100007d|$c0$l706382399^i0 size=0 is_single_chunk=true is_aligned=true memcpy_needed=false
I0909 09:23:39.727912    1900 grpc_transport.cc:1414] [MEGASCALE_TRANSPORT_INSTR] Recv: key=psum.7_0_sr_26_27|s200005->100005d|$c0$l706382399^i0 size=0 is_single_chunk=true is_aligned=true memcpy_needed=false
I0909 09:23:39.746310    1900 grpc_transport.cc:1414] [MEGASCALE_TRANSPORT_INSTR] Recv: key=psum.7_0_sr_34_35|s200005->100005d|$c0$l706382399^i0 size=0 is_single_chunk=true is_aligned=true memcpy_needed=false
I0909 09:23:39.764996    1900 grpc_transport.cc:1414] [MEGASCALE_TRANSPORT_INSTR] Recv: key=psum.7_0_sr_50_51|s200005->100005d|$c0$l706382399^i0 size=0 is_single_chunk=true is_aligned=true memcpy_needed=false
I0909 09:23:39.780675    1374 grpc_transport.cc:1414] [MEGASCALE_TRANSPORT_INSTR] Recv: key=psum.7_0_sr_40_41|s200003->100003d|$c0$l706382399^i0 size=0 is_single_chunk=true is_aligned=true memcpy_needed=false
I0909 09:23:39.784552    1379 grpc_transport.cc:1743] [MEGASCALE_TRANSPORT_INSTR] SendRpc: key=psum.7_0_1_ag_0_sr_28_29|s100005->200005d|$c0$l706382399^i0 size=8388608 queue_latency_us=0 attempt=0
I0909 09:23:39.795977    1379 grpc_transport.cc:1743] [MEGASCALE_TRANSPORT_INSTR] SendRpc: key=psum.7_0_1_ag_0_sr_13_14|s100004->200004d|$c0$l706382399^i0 size=8388608 queue_latency_us=0 attempt=0
I0909 09:23:39.805861    1956 grpc_transport.cc:1743] [MEGASCALE_TRANSPORT_INSTR] SendRpc: key=psum.7_0_1_ag_0_sr_36_37|s100007->200007d|$c0$l706382399^i0 size=8388608 queue_latency_us=0 attempt=0
I0909 09:23:39.811247    1956 grpc_transport.cc:1414] [MEGASCALE_TRANSPORT_INSTR] Recv: key=psum.7_0_sr_62_63|s200003->100003d|$c0$l706382399^i0 size=0 is_single_chunk=true is_aligned=true memcpy_needed=false
I0909 09:23:39.820782    1373 grpc_transport.cc:1743] [MEGASCALE_TRANSPORT_INSTR] SendRpc: key=psum.7_0_1_ag_0_sr_8_9|s100006->200006d|$c0$l706382399^i0 size=8388608 queue_latency_us=0 attempt=0
I0909 09:23:39.832052    1957 grpc_transport.cc:1743] [MEGASCALE_TRANSPORT_INSTR] SendRpc: key=psum.7_0_1_ag_0_sr_44_45|s100003->200003d|$c0$l706382399^i0 size=8388608 queue_latency_us=0 attempt=0
I0909 09:23:39.833753    1957 grpc_transport.cc:1414] [MEGASCALE_TRANSPORT_INSTR] Recv: key=psum.7_0_1_ag_0_sr_90_91|s200007->100007d|$c0$l706382399^i0 size=0 is_single_chunk=true is_aligned=true memcpy_needed=false
I0909 09:23:39.850725    1377 grpc_transport.cc:1414] [MEGASCALE_TRANSPORT_INSTR] Recv: key=psum.7_0_1_ag_0_sr_80_81|s200004->100004d|$c0$l706382399^i0 size=0 is_single_chunk=true is_aligned=true memcpy_needed=false
I0909 09:23:39.867993    1377 grpc_transport.cc:1414] [MEGASCALE_TRANSPORT_INSTR] Recv: key=psum.7_0_1_ag_0_sr_114_115|s200004->100004d|$c0$l706382399^i0 size=0 is_single_chunk=true is_aligned=true memcpy_needed=false
I0909 09:23:39.885591    1724 grpc_transport.cc:1414] [MEGASCALE_TRANSPORT_INSTR] Recv: key=psum.7_0_1_ag_0_sr_120_121|s200002->100002d|$c0$l706382399^i0 size=0 is_single_chunk=true is_aligned=true memcpy_needed=false
I0909 09:23:39.904491    1377 grpc_transport.cc:1414] [MEGASCALE_TRANSPORT_INSTR] Recv: key=psum.7_0_1_ag_0_sr_113_114|s200005->100005d|$c0$l706382399^i0 size=0 is_single_chunk=true is_aligned=true memcpy_needed=false
I0909 09:23:39.918580    1937 grpc_transport.cc:1743] [MEGASCALE_TRANSPORT_INSTR] SendRpc: key=psum.7_0_sr_76_77|s100001->200001d|$c0$l706382400^i0 size=8388608 queue_latency_us=0 attempt=0
I0909 09:23:39.921687    1411 grpc_transport.cc:1743] [MEGASCALE_TRANSPORT_INSTR] SendRpc: key=psum.7_0_sr_83_84|s100006->200006d|$c0$l706382400^i0 size=8388608 queue_latency_us=0 attempt=0
I0909 09:23:39.923905    1594 grpc_transport.cc:1743] [MEGASCALE_TRANSPORT_INSTR] SendRpc: key=psum.7_0_sr_104_105|s100004->200004d|$c0$l706382400^i0 size=8388608 queue_latency_us=0 attempt=0
I0909 09:23:39.926615    1377 grpc_transport.cc:1743] [MEGASCALE_TRANSPORT_INSTR] SendRpc: key=psum.7_0_sr_104_105|s100005->200005d|$c0$l706382400^i0 size=8388608 queue_latency_us=0 attempt=0
I0909 09:23:39.929813    1743 grpc_transport.cc:1743] [MEGASCALE_TRANSPORT_INSTR] SendRpc: key=psum.7_0_sr_124_125|s100006->200006d|$c0$l706382400^i0 size=8388608 queue_latency_us=0 attempt=0
I0909 09:23:39.987876    1383 grpc_transport.cc:1414] [MEGASCALE_TRANSPORT_INSTR] Recv: key=psum.7_0_sr_13_14|s200000->100000d|$c0$l706382400^i0 size=0 is_single_chunk=true is_aligned=true memcpy_needed=false
I0909 09:23:40.009209    1956 grpc_transport.cc:1414] [MEGASCALE_TRANSPORT_INSTR] Recv: key=psum.7_0_sr_21_22|s200002->100002d|$c0$l706382400^i0 size=0 is_single_chunk=true is_aligned=true memcpy_needed=false
I0909 09:23:40.026299    1900 grpc_transport.cc:1414] [MEGASCALE_TRANSPORT_INSTR] Recv: key=psum.7_0_sr_44_45|s200001->100001d|$c0$l706382400^i0 size=0 is_single_chunk=true is_aligned=true memcpy_needed=false
I0909 09:23:40.044976    1377 grpc_transport.cc:1414] [MEGASCALE_TRANSPORT_INSTR] Recv: key=psum.7_0_sr_51_52|s200000->100000d|$c0$l706382400^i0 size=0 is_single_chunk=true is_aligned=true memcpy_needed=false
I0909 09:23:40.065454    1374 grpc_transport.cc:1414] [MEGASCALE_TRANSPORT_INSTR] Recv: key=psum.7_0_sr_60_61|s200002->100002d|$c0$l706382400^i0 size=0 is_single_chunk=true is_aligned=true memcpy_needed=false
I0909 09:23:40.065998    1900 grpc_transport.cc:1743] [MEGASCALE_TRANSPORT_INSTR] SendRpc: key=psum.7_0_1_ag_0_sr_53_54|s100001->200001d|$c0$l706382400^i0 size=8388608 queue_latency_us=0 attempt=0
I0909 09:23:40.072488    1393 grpc_transport.cc:1743] [MEGASCALE_TRANSPORT_INSTR] SendRpc: key=psum.7_0_1_ag_0_sr_56_57|s100004->200004d|$c0$l706382400^i0 size=8388608 queue_latency_us=0 attempt=0
I0909 09:23:40.084757    1920 grpc_transport.cc:1743] [MEGASCALE_TRANSPORT_INSTR] SendRpc: key=psum.7_0_1_ag_0_sr_25_26|s100000->200000d|$c0$l706382400^i0 size=8388608 queue_latency_us=0 attempt=0
I0909 09:23:40.093521    1910 grpc_transport.cc:1414] [MEGASCALE_TRANSPORT_INSTR] Recv: key=psum.7_0_1_ag_0_sr_117_118|s200004->100004d|$c0$l706382400^i0 size=0 is_single_chunk=true is_aligned=true memcpy_needed=false
I0909 09:23:40.096241    1385 grpc_transport.cc:1743] [MEGASCALE_TRANSPORT_INSTR] SendRpc: key=psum.7_0_1_ag_0_sr_28_29|s100002->200002d|$c0$l706382400^i0 size=8388608 queue_latency_us=0 attempt=0
I0909 09:23:40.103863    1960 grpc_transport.cc:1743] [MEGASCALE_TRANSPORT_INSTR] SendRpc: key=psum.7_0_1_ag_0_sr_34_35|s100007->200007d|$c0$l706382400^i0 size=8388608 queue_latency_us=0 attempt=0
I0909 09:23:40.110298    1377 grpc_transport.cc:1414] [MEGASCALE_TRANSPORT_INSTR] Recv: key=psum.7_0_1_ag_0_sr_85_86|s200001->100001d|$c0$l706382400^i0 size=0 is_single_chunk=true is_aligned=true memcpy_needed=false
I0909 09:23:40.126936     785 grpc_transport.cc:1414] [MEGASCALE_TRANSPORT_INSTR] Recv: key=psum.7_0_1_ag_0_sr_83_84|s200000->100000d|$c0$l706382400^i0 size=0 is_single_chunk=true is_aligned=true memcpy_needed=false
I0909 09:23:40.144218    1900 grpc_transport.cc:1414] [MEGASCALE_TRANSPORT_INSTR] Recv: key=psum.7_0_1_ag_0_sr_105_106|s200000->100000d|$c0$l706382400^i0 size=0 is_single_chunk=true is_aligned=true memcpy_needed=false
I0909 09:23:40.160239    1956 grpc_transport.cc:1414] [MEGASCALE_TRANSPORT_INSTR] Recv: key=psum.7_0_1_ag_0_sr_117_118|s200007->100007d|$c0$l706382400^i0 size=0 is_single_chunk=true is_aligned=true memcpy_needed=false
I0909 09:23:40.182709    1599 grpc_transport.cc:1743] [MEGASCALE_TRANSPORT_INSTR] SendRpc: key=psum.7_0_sr_76_77|s100005->200005d|$c0$l706382401^i0 size=8388608 queue_latency_us=0 attempt=0
I0909 09:23:40.186924    1965 grpc_transport.cc:1743] [MEGASCALE_TRANSPORT_INSTR] SendRpc: key=psum.7_0_sr_75_76|s100007->200007d|$c0$l706382401^i0 size=8388608 queue_latency_us=0 attempt=0
I0909 09:23:40.191634    1730 grpc_transport.cc:1743] [MEGASCALE_TRANSPORT_INSTR] SendRpc: key=psum.7_0_sr_102_103|s100002->200002d|$c0$l706382401^i0 size=8388608 queue_latency_us=0 attempt=0
I0909 09:23:40.200011    1724 grpc_transport.cc:1743] [MEGASCALE_TRANSPORT_INSTR] SendRpc: key=psum.7_0_sr_101_102|s100006->200006d|$c0$l706382401^i0 size=8388608 queue_latency_us=0 attempt=0
I0909 09:23:40.210725    1920 grpc_transport.cc:1743] [MEGASCALE_TRANSPORT_INSTR] SendRpc: key=psum.7_0_sr_119_120|s100000->200000d|$c0$l706382401^i0 size=8388608 queue_latency_us=0 attempt=0
I0909 09:23:40.253559    1377 grpc_transport.cc:1414] [MEGASCALE_TRANSPORT_INSTR] Recv: key=psum.7_0_sr_4_5|s200001->100001d|$c0$l706382401^i0 size=0 is_single_chunk=true is_aligned=true memcpy_needed=false
I0909 09:23:40.276343    1956 grpc_transport.cc:1414] [MEGASCALE_TRANSPORT_INSTR] Recv: key=psum.7_0_sr_26_27|s200006->100006d|$c0$l706382401^i0 size=0 is_single_chunk=true is_aligned=true memcpy_needed=false
I0909 09:23:40.300087    1377 grpc_transport.cc:1414] [MEGASCALE_TRANSPORT_INSTR] Recv: key=psum.7_0_sr_34_35|s200005->100005d|$c0$l706382401^i0 size=0 is_single_chunk=true is_aligned=true memcpy_needed=false
I0909 09:23:40.322296    1956 grpc_transport.cc:1414] [MEGASCALE_TRANSPORT_INSTR] Recv: key=psum.7_0_sr_42_43|s200002->100002d|$c0$l706382401^i0 size=0 is_single_chunk=true is_aligned=true memcpy_needed=false
I0909 09:23:40.337582     785 grpc_transport.cc:1743] [MEGASCALE_TRANSPORT_INSTR] SendRpc: key=psum.7_0_1_ag_0_sr_2_3|s100001->200001d|$c0$l706382401^i0 size=8388608 queue_latency_us=0 attempt=0
I0909 09:23:40.341531    1373 grpc_transport.cc:1414] [MEGASCALE_TRANSPORT_INSTR] Recv: key=psum.7_0_sr_47_48|s200007->100007d|$c0$l706382401^i0 size=0 is_single_chunk=true is_aligned=true memcpy_needed=false
I0909 09:23:40.347291    1738 grpc_transport.cc:1743] [MEGASCALE_TRANSPORT_INSTR] SendRpc: key=psum.7_0_1_ag_0_sr_18_19|s100006->200006d|$c0$l706382401^i0 size=8388608 queue_latency_us=1 attempt=0
I0909 09:23:40.358044    1383 grpc_transport.cc:1743] [MEGASCALE_TRANSPORT_INSTR] SendRpc: key=psum.7_0_1_ag_0_sr_11_12|s100000->200000d|$c0$l706382401^i0 size=8388608 queue_latency_us=0 attempt=0
I0909 09:23:40.364046    1900 grpc_transport.cc:1414] [MEGASCALE_TRANSPORT_INSTR] Recv: key=psum.7_0_1_ag_0_sr_90_91|s200005->100005d|$c0$l706382401^i0 size=0 is_single_chunk=true is_aligned=true memcpy_needed=false
I0909 09:23:40.369346    1373 grpc_transport.cc:1743] [MEGASCALE_TRANSPORT_INSTR] SendRpc: key=psum.7_0_1_ag_0_sr_25_26|s100002->200002d|$c0$l706382401^i0 size=8388608 queue_latency_us=0 attempt=0
I0909 09:23:40.380704    1383 grpc_transport.cc:1414] [MEGASCALE_TRANSPORT_INSTR] Recv: key=psum.7_0_1_ag_0_sr_113_114|s200004->100004d|$c0$l706382401^i0 size=0 is_single_chunk=true is_aligned=true memcpy_needed=false
I0909 09:23:40.381719    1385 grpc_transport.cc:1743] [MEGASCALE_TRANSPORT_INSTR] SendRpc: key=psum.7_0_1_ag_0_sr_12_13|s100003->200003d|$c0$l706382401^i0 size=8388608 queue_latency_us=0 attempt=0
I0909 09:23:40.399119    1373 grpc_transport.cc:1414] [MEGASCALE_TRANSPORT_INSTR] Recv: key=psum.7_0_1_ag_0_sr_81_82|s200002->100002d|$c0$l706382401^i0 size=0 is_single_chunk=true is_aligned=true memcpy_needed=false
I0909 09:23:40.417982    1383 grpc_transport.cc:1414] [MEGASCALE_TRANSPORT_INSTR] Recv: key=psum.7_0_1_ag_0_sr_68_69|s200001->100001d|$c0$l706382401^i0 size=0 is_single_chunk=true is_aligned=true memcpy_needed=false
I0909 09:23:40.433158    1383 grpc_transport.cc:1414] [MEGASCALE_TRANSPORT_INSTR] Recv: key=psum.7_0_1_ag_0_sr_123_124|s200001->100001d|$c0$l706382401^i0 size=0 is_single_chunk=true is_aligned=true memcpy_needed=false
I0909 09:23:40.460560    1960 grpc_transport.cc:1743] [MEGASCALE_TRANSPORT_INSTR] SendRpc: key=psum.7_0_sr_79_80|s100007->200007d|$c0$l706382402^i0 size=8388608 queue_latency_us=0 attempt=0
I0909 09:23:40.464002    1909 grpc_transport.cc:1743] [MEGASCALE_TRANSPORT_INSTR] SendRpc: key=psum.7_0_sr_110_111|s100001->200001d|$c0$l706382402^i0 size=8388608 queue_latency_us=0 attempt=0
I0909 09:23:40.466821    1408 grpc_transport.cc:1743] [MEGASCALE_TRANSPORT_INSTR] SendRpc: key=psum.7_0_sr_96_97|s100003->200003d|$c0$l706382402^i0 size=8388608 queue_latency_us=0 attempt=0
I0909 09:23:40.470122    1402 grpc_transport.cc:1743] [MEGASCALE_TRANSPORT_INSTR] SendRpc: key=psum.7_0_sr_125_126|s100007->200007d|$c0$l706382402^i0 size=8388608 queue_latency_us=0 attempt=0
I0909 09:23:40.474374    1750 grpc_transport.cc:1743] [MEGASCALE_TRANSPORT_INSTR] SendRpc: key=psum.7_0_sr_81_82|s100006->200006d|$c0$l706382402^i0 size=8388608 queue_latency_us=0 attempt=0
I0909 09:23:40.499541    1956 grpc_transport.cc:1414] [MEGASCALE_TRANSPORT_INSTR] Recv: key=psum.7_0_sr_0_1|s200002->100002d|$c0$l706382402^i0 size=0 is_single_chunk=true is_aligned=true memcpy_needed=false
I0909 09:23:40.527410    1956 grpc_transport.cc:1414] [MEGASCALE_TRANSPORT_INSTR] Recv: key=psum.7_0_sr_17_18|s200002->100002d|$c0$l706382402^i0 size=0 is_single_chunk=true is_aligned=true memcpy_needed=false
I0909 09:23:40.547637    1956 grpc_transport.cc:1414] [MEGASCALE_TRANSPORT_INSTR] Recv: key=psum.7_0_sr_29_30|s200006->100006d|$c0$l706382402^i0 size=0 is_single_chunk=true is_aligned=true memcpy_needed=false
I0909 09:23:40.567641    1956 grpc_transport.cc:1414] [MEGASCALE_TRANSPORT_INSTR] Recv: key=psum.7_0_sr_63_64|s200003->100003d|$c0$l706382402^i0 size=0 is_single_chunk=true is_aligned=true memcpy_needed=false
I0909 09:23:40.573646    1900 grpc_transport.cc:1743] [MEGASCALE_TRANSPORT_INSTR] SendRpc: key=psum.7_0_1_ag_0_sr_22_23|s100001->200001d|$c0$l706382402^i0 size=8388608 queue_latency_us=0 attempt=0
I0909 09:23:40.584224    1730 grpc_transport.cc:1743] [MEGASCALE_TRANSPORT_INSTR] SendRpc: key=psum.7_0_1_ag_0_sr_57_58|s100003->200003d|$c0$l706382402^i0 size=8388608 queue_latency_us=1 attempt=0
I0909 09:23:40.590864    1900 grpc_transport.cc:1414] [MEGASCALE_TRANSPORT_INSTR] Recv: key=psum.7_0_sr_50_51|s200000->100000d|$c0$l706382402^i0 size=0 is_single_chunk=true is_aligned=true memcpy_needed=false
I0909 09:23:40.603191    1456 grpc_transport.cc:1743] [MEGASCALE_TRANSPORT_INSTR] SendRpc: key=psum.7_0_1_ag_0_sr_23_24|s100006->200006d|$c0$l706382402^i0 size=8388608 queue_latency_us=1 attempt=0
I0909 09:23:40.614645    1900 grpc_transport.cc:1743] [MEGASCALE_TRANSPORT_INSTR] SendRpc: key=psum.7_0_1_ag_0_sr_1_2|s100004->200004d|$c0$l706382402^i0 size=8388608 queue_latency_us=0 attempt=0
I0909 09:23:40.618022    1733 grpc_transport.cc:1414] [MEGASCALE_TRANSPORT_INSTR] Recv: key=psum.7_0_1_ag_0_sr_66_67|s200007->100007d|$c0$l706382402^i0 size=0 is_single_chunk=true is_aligned=true memcpy_needed=false
I0909 09:23:40.618524    1407 grpc_transport.cc:1743] [MEGASCALE_TRANSPORT_INSTR] SendRpc: key=psum.7_0_1_ag_0_sr_42_43|s100000->200000d|$c0$l706382402^i0 size=8388608 queue_latency_us=0 attempt=0
I0909 09:23:40.635276    1377 grpc_transport.cc:1414] [MEGASCALE_TRANSPORT_INSTR] Recv: key=psum.7_0_1_ag_0_sr_91_92|s200000->100000d|$c0$l706382402^i0 size=0 is_single_chunk=true is_aligned=true memcpy_needed=false
I0909 09:23:40.651502    1724 grpc_transport.cc:1414] [MEGASCALE_TRANSPORT_INSTR] Recv: key=psum.7_0_1_ag_0_sr_92_93|s200003->100003d|$c0$l706382402^i0 size=0 is_single_chunk=true is_aligned=true memcpy_needed=false
I0909 09:23:40.668986    1377 grpc_transport.cc:1414] [MEGASCALE_TRANSPORT_INSTR] Recv: key=psum.7_0_1_ag_0_sr_119_120|s200005->100005d|$c0$l706382402^i0 size=0 is_single_chunk=true is_aligned=true memcpy_needed=false
I0909 09:23:40.686417    1724 grpc_transport.cc:1414] [MEGASCALE_TRANSPORT_INSTR] Recv: key=psum.7_0_1_ag_0_sr_70_71|s200006->100006d|$c0$l706382402^i0 size=0 is_single_chunk=true is_aligned=true memcpy_needed=false
I0909 09:23:40.711298    1389 grpc_transport.cc:1743] [MEGASCALE_TRANSPORT_INSTR] SendRpc: key=psum.7_0_sr_71_72|s100004->200004d|$c0$l706382403^i0 size=8388608 queue_latency_us=0 attempt=0
I0909 09:23:40.714403    1962 grpc_transport.cc:1743] [MEGASCALE_TRANSPORT_INSTR] SendRpc: key=psum.7_0_sr_68_69|s100003->200003d|$c0$l706382403^i0 size=8388608 queue_latency_us=0 attempt=0
I0909 09:23:40.717201    1380 grpc_transport.cc:1743] [MEGASCALE_TRANSPORT_INSTR] SendRpc: key=psum.7_0_sr_99_100|s100002->200002d|$c0$l706382403^i0 size=8388608 queue_latency_us=0 attempt=0
I0909 09:23:40.720747    1722 grpc_transport.cc:1743] [MEGASCALE_TRANSPORT_INSTR] SendRpc: key=psum.7_0_sr_105_106|s100006->200006d|$c0$l706382403^i0 size=8388608 queue_latency_us=0 attempt=0
I0909 09:23:40.724573    1906 grpc_transport.cc:1414] [MEGASCALE_TRANSPORT_INSTR] Recv: key=psum.7_0_sr_6_7|s200001->100001d|$c0$l706382403^i0 size=0 is_single_chunk=true is_aligned=true memcpy_needed=false
I0909 09:23:40.724641    1408 grpc_transport.cc:1743] [MEGASCALE_TRANSPORT_INSTR] SendRpc: key=psum.7_0_sr_116_117|s100007->200007d|$c0$l706382403^i0 size=8388608 queue_latency_us=0 attempt=0
I0909 09:23:40.730674    1900 grpc_transport.cc:1743] [MEGASCALE_TRANSPORT_INSTR] SendRpc: key=psum.7_0_sr_127_128|s100000->200000d|$c0$l706382403^i0 size=8388608 queue_latency_us=0 attempt=0
I0909 09:23:40.751417    1380 grpc_transport.cc:1414] [MEGASCALE_TRANSPORT_INSTR] Recv: key=psum.7_0_sr_11_12|s200002->100002d|$c0$l706382403^i0 size=0 is_single_chunk=true is_aligned=true memcpy_needed=false
I0909 09:23:40.770581    1722 grpc_transport.cc:1414] [MEGASCALE_TRANSPORT_INSTR] Recv: key=psum.7_0_sr_28_29|s200007->100007d|$c0$l706382403^i0 size=0 is_single_chunk=true is_aligned=true memcpy_needed=false
I0909 09:23:40.787614    1377 grpc_transport.cc:1414] [MEGASCALE_TRANSPORT_INSTR] Recv: key=psum.7_0_sr_36_37|s200005->100005d|$c0$l706382403^i0 size=0 is_single_chunk=true is_aligned=true memcpy_needed=false
I0909 09:23:40.804928     785 grpc_transport.cc:1414] [MEGASCALE_TRANSPORT_INSTR] Recv: key=psum.7_0_sr_63_64|s200001->100001d|$c0$l706382403^i0 size=0 is_single_chunk=true is_aligned=true memcpy_needed=false
I0909 09:23:40.819688    1401 grpc_transport.cc:1743] [MEGASCALE_TRANSPORT_INSTR] SendRpc: key=psum.7_0_1_ag_0_sr_31_32|s100005->200005d|$c0$l706382403^i0 size=8388608 queue_latency_us=0 attempt=0
I0909 09:23:40.830318    1379 grpc_transport.cc:1414] [MEGASCALE_TRANSPORT_INSTR] Recv: key=psum.7_0_1_ag_0_sr_78_79|s200001->100001d|$c0$l706382403^i0 size=0 is_single_chunk=true is_aligned=true memcpy_needed=false
I0909 09:23:40.834544    1900 grpc_transport.cc:1743] [MEGASCALE_TRANSPORT_INSTR] SendRpc: key=psum.7_0_1_ag_0_sr_10_11|s100004->200004d|$c0$l706382403^i0 size=8388608 queue_latency_us=0 attempt=0
I0909 09:23:40.840880    1392 grpc_transport.cc:1743] [MEGASCALE_TRANSPORT_INSTR] SendRpc: key=psum.7_0_1_ag_0_sr_6_7|s100006->200006d|$c0$l706382403^i0 size=8388608 queue_latency_us=1 attempt=0
I0909 09:23:40.847334    1724 grpc_transport.cc:1743] [MEGASCALE_TRANSPORT_INSTR] SendRpc: key=psum.7_0_1_ag_0_sr_36_37|s100006->200006d|$c0$l706382403^i0 size=8388608 queue_latency_us=0 attempt=0
I0909 09:23:40.855065    1387 grpc_transport.cc:1743] [MEGASCALE_TRANSPORT_INSTR] SendRpc: key=psum.7_0_1_ag_0_sr_52_53|s100003->200003d|$c0$l706382403^i0 size=8388608 queue_latency_us=0 attempt=0
I0909 09:23:40.856619    1956 grpc_transport.cc:1414] [MEGASCALE_TRANSPORT_INSTR] Recv: key=psum.7_0_1_ag_0_sr_104_105|s200002->100002d|$c0$l706382403^i0 size=0 is_single_chunk=true is_aligned=true memcpy_needed=false
I0909 09:23:40.880272    1379 grpc_transport.cc:1414] [MEGASCALE_TRANSPORT_INSTR] Recv: key=psum.7_0_1_ag_0_sr_77_78|s200004->100004d|$c0$l706382403^i0 size=0 is_single_chunk=true is_aligned=true memcpy_needed=false
I0909 09:23:40.899552    1900 grpc_transport.cc:1414] [MEGASCALE_TRANSPORT_INSTR] Recv: key=psum.7_0_1_ag_0_sr_76_77|s200000->100000d|$c0$l706382403^i0 size=0 is_single_chunk=true is_aligned=true memcpy_needed=false
I0909 09:23:40.918024    1373 grpc_transport.cc:1414] [MEGASCALE_TRANSPORT_INSTR] Recv: key=psum.7_0_1_ag_0_sr_97_98|s200003->100003d|$c0$l706382403^i0 size=0 is_single_chunk=true is_aligned=true memcpy_needed=false
I0909 09:23:40.941766    1900 grpc_transport.cc:1414] [MEGASCALE_TRANSPORT_INSTR] Recv: key=psum.7_0_1_ag_0_sr_101_102|s200005->100005d|$c0$l706382403^i0 size=0 is_single_chunk=true is_aligned=true memcpy_needed=false
I0909 09:23:40.953453    1730 grpc_transport.cc:1743] [MEGASCALE_TRANSPORT_INSTR] SendRpc: key=psum.7_0_sr_66_67|s100007->200007d|$c0$l706382404^i0 size=8388608 queue_latency_us=0 attempt=0
I0909 09:23:40.957314    1730 grpc_transport.cc:1743] [MEGASCALE_TRANSPORT_INSTR] SendRpc: key=psum.7_0_sr_102_103|s100002->200002d|$c0$l706382404^i0 size=8388608 queue_latency_us=0 attempt=0
I0909 09:23:40.960776    1959 grpc_transport.cc:1743] [MEGASCALE_TRANSPORT_INSTR] SendRpc: key=psum.7_0_sr_97_98|s100007->200007d|$c0$l706382404^i0 size=8388608 queue_latency_us=0 attempt=0
I0909 09:23:40.964648    1750 grpc_transport.cc:1743] [MEGASCALE_TRANSPORT_INSTR] SendRpc: key=psum.7_0_sr_88_89|s100006->200006d|$c0$l706382404^i0 size=8388608 queue_latency_us=0 attempt=0
I0909 09:23:40.976719    1393 grpc_transport.cc:1743] [MEGASCALE_TRANSPORT_INSTR] SendRpc: key=psum.7_0_sr_100_101|s100000->200000d|$c0$l706382404^i0 size=8388608 queue_latency_us=0 attempt=0
I0909 09:23:41.044110    1722 grpc_transport.cc:1414] [MEGASCALE_TRANSPORT_INSTR] Recv: key=psum.7_0_sr_17_18|s200002->100002d|$c0$l706382404^i0 size=0 is_single_chunk=true is_aligned=true memcpy_needed=false
I0909 09:23:41.065285    1374 grpc_transport.cc:1414] [MEGASCALE_TRANSPORT_INSTR] Recv: key=psum.7_0_sr_29_30|s200002->100002d|$c0$l706382404^i0 size=0 is_single_chunk=true is_aligned=true memcpy_needed=false
I0909 09:23:41.086264    1722 grpc_transport.cc:1414] [MEGASCALE_TRANSPORT_INSTR] Recv: key=psum.7_0_sr_47_48|s200002->100002d|$c0$l706382404^i0 size=0 is_single_chunk=true is_aligned=true memcpy_needed=false
I0909 09:23:41.108380    1900 grpc_transport.cc:1414] [MEGASCALE_TRANSPORT_INSTR] Recv: key=psum.7_0_sr_38_39|s200000->100000d|$c0$l706382404^i0 size=0 is_single_chunk=true is_aligned=true memcpy_needed=false
I0909 09:23:41.111112    1374 grpc_transport.cc:1743] [MEGASCALE_TRANSPORT_INSTR] SendRpc: key=psum.7_0_1_ag_0_sr_10_11|s100007->200007d|$c0$l706382404^i0 size=8388608 queue_latency_us=0 attempt=0
I0909 09:23:41.118741    1724 grpc_transport.cc:1743] [MEGASCALE_TRANSPORT_INSTR] SendRpc: key=psum.7_0_1_ag_0_sr_51_52|s100002->200002d|$c0$l706382404^i0 size=8388608 queue_latency_us=0 attempt=0
I0909 09:23:41.128063    1377 grpc_transport.cc:1414] [MEGASCALE_TRANSPORT_INSTR] Recv: key=psum.7_0_sr_44_45|s200001->100001d|$c0$l706382404^i0 size=0 is_single_chunk=true is_aligned=true memcpy_needed=false
I0909 09:23:41.134517    1377 grpc_transport.cc:1743] [MEGASCALE_TRANSPORT_INSTR] SendRpc: key=psum.7_0_1_ag_0_sr_17_18|s100005->200005d|$c0$l706382404^i0 size=8388608 queue_latency_us=0 attempt=0
I0909 09:23:41.143973    1380 grpc_transport.cc:1743] [MEGASCALE_TRANSPORT_INSTR] SendRpc: key=psum.7_0_1_ag_0_sr_54_55|s100003->200003d|$c0$l706382404^i0 size=8388608 queue_latency_us=0 attempt=0
I0909 09:23:41.148292    1386 grpc_transport.cc:1414] [MEGASCALE_TRANSPORT_INSTR] Recv: key=psum.7_0_1_ag_0_sr_68_69|s200005->100005d|$c0$l706382404^i0 size=0 is_single_chunk=true is_aligned=true memcpy_needed=false
I0909 09:23:41.162154    1900 grpc_transport.cc:1743] [MEGASCALE_TRANSPORT_INSTR] SendRpc: key=psum.7_0_1_ag_0_sr_26_27|s100000->200000d|$c0$l706382404^i0 size=8388608 queue_latency_us=0 attempt=0
I0909 09:23:41.165016     785 grpc_transport.cc:1414] [MEGASCALE_TRANSPORT_INSTR] Recv: key=psum.7_0_1_ag_0_sr_91_92|s200005->100005d|$c0$l706382404^i0 size=0 is_single_chunk=true is_aligned=true memcpy_needed=false
I0909 09:23:41.181668    1900 grpc_transport.cc:1414] [MEGASCALE_TRANSPORT_INSTR] Recv: key=psum.7_0_1_ag_0_sr_79_80|s200001->100001d|$c0$l706382404^i0 size=0 is_single_chunk=true is_aligned=true memcpy_needed=false
I0909 09:23:41.199152     785 grpc_transport.cc:1414] [MEGASCALE_TRANSPORT_INSTR] Recv: key=psum.7_0_1_ag_0_sr_100_101|s200001->100001d|$c0$l706382404^i0 size=0 is_single_chunk=true is_aligned=true memcpy_needed=false
I0909 09:23:41.220979    1379 grpc_transport.cc:1414] [MEGASCALE_TRANSPORT_INSTR] Recv: key=psum.7_0_1_ag_0_sr_108_109|s200000->100000d|$c0$l706382404^i0 size=0 is_single_chunk=true is_aligned=true memcpy_needed=false
I0909 09:23:41.246385    1379 grpc_transport.cc:1743] [MEGASCALE_TRANSPORT_INSTR] SendRpc: key=psum.7_0_sr_67_68|s100005->200005d|$c0$l706382405^i0 size=8388608 queue_latency_us=0 attempt=0
I0909 09:23:41.249392    1567 grpc_transport.cc:1743] [MEGASCALE_TRANSPORT_INSTR] SendRpc: key=psum.7_0_sr_93_94|s100002->200002d|$c0$l706382405^i0 size=8388608 queue_latency_us=0 attempt=0
I0909 09:23:41.251328    1403 grpc_transport.cc:1743] [MEGASCALE_TRANSPORT_INSTR] SendRpc: key=psum.7_0_sr_94_95|s100007->200007d|$c0$l706382405^i0 size=8388608 queue_latency_us=0 attempt=0
I0909 09:23:41.254867     804 grpc_transport.cc:1743] [MEGASCALE_TRANSPORT_INSTR] SendRpc: key=psum.7_0_sr_107_108|s100007->200007d|$c0$l706382405^i0 size=8388608 queue_latency_us=0 attempt=0
I0909 09:23:41.258247    1956 grpc_transport.cc:1743] [MEGASCALE_TRANSPORT_INSTR] SendRpc: key=psum.7_0_sr_124_125|s100002->200002d|$c0$l706382405^i0 size=8388608 queue_latency_us=0 attempt=0
I0909 09:23:41.272712    1377 grpc_transport.cc:1414] [MEGASCALE_TRANSPORT_INSTR] Recv: key=psum.7_0_sr_10_11|s200001->100001d|$c0$l706382405^i0 size=0 is_single_chunk=true is_aligned=true memcpy_needed=false
I0909 09:23:41.294948    1956 grpc_transport.cc:1414] [MEGASCALE_TRANSPORT_INSTR] Recv: key=psum.7_0_sr_6_7|s200002->100002d|$c0$l706382405^i0 size=0 is_single_chunk=true is_aligned=true memcpy_needed=false
I0909 09:23:41.311506    1900 grpc_transport.cc:1414] [MEGASCALE_TRANSPORT_INSTR] Recv: key=psum.7_0_sr_30_31|s200001->100001d|$c0$l706382405^i0 size=0 is_single_chunk=true is_aligned=true memcpy_needed=false
I0909 09:23:41.328202    1377 grpc_transport.cc:1414] [MEGASCALE_TRANSPORT_INSTR] Recv: key=psum.7_0_sr_37_38|s200001->100001d|$c0$l706382405^i0 size=0 is_single_chunk=true is_aligned=true memcpy_needed=false
I0909 09:23:41.346496    1374 grpc_transport.cc:1414] [MEGASCALE_TRANSPORT_INSTR] Recv: key=psum.7_0_sr_49_50|s200002->100002d|$c0$l706382405^i0 size=0 is_single_chunk=true is_aligned=true memcpy_needed=false
I0909 09:23:41.353542     785 grpc_transport.cc:1743] [MEGASCALE_TRANSPORT_INSTR] SendRpc: key=psum.7_0_1_ag_0_sr_34_35|s100005->200005d|$c0$l706382405^i0 size=8388608 queue_latency_us=0 attempt=0
I0909 09:23:41.363535    1730 grpc_transport.cc:1743] [MEGASCALE_TRANSPORT_INSTR] SendRpc: key=psum.7_0_1_ag_0_sr_16_17|s100003->200003d|$c0$l706382405^i0 size=8388608 queue_latency_us=0 attempt=0
I0909 09:23:41.367854    1380 grpc_transport.cc:1743] [MEGASCALE_TRANSPORT_INSTR] SendRpc: key=psum.7_0_1_ag_0_sr_33_34|s100006->200006d|$c0$l706382405^i0 size=8388608 queue_latency_us=0 attempt=0
I0909 09:23:41.373322    1956 grpc_transport.cc:1743] [MEGASCALE_TRANSPORT_INSTR] SendRpc: key=psum.7_0_1_ag_0_sr_48_49|s100007->200007d|$c0$l706382405^i0 size=8388608 queue_latency_us=0 attempt=0
I0909 09:23:41.381243    1928 grpc_transport.cc:1743] [MEGASCALE_TRANSPORT_INSTR] SendRpc: key=psum.7_0_1_ag_0_sr_31_32|s100001->200001d|$c0$l706382405^i0 size=8388608 queue_latency_us=0 attempt=0
I0909 09:23:41.381888    1373 grpc_transport.cc:1414] [MEGASCALE_TRANSPORT_INSTR] Recv: key=psum.7_0_1_ag_0_sr_66_67|s200006->100006d|$c0$l706382405^i0 size=0 is_single_chunk=true is_aligned=true memcpy_needed=false
I0909 09:23:41.397829    1900 grpc_transport.cc:1414] [MEGASCALE_TRANSPORT_INSTR] Recv: key=psum.7_0_1_ag_0_sr_76_77|s200000->100000d|$c0$l706382405^i0 size=0 is_single_chunk=true is_aligned=true memcpy_needed=false
I0909 09:23:41.417412    1377 grpc_transport.cc:1414] [MEGASCALE_TRANSPORT_INSTR] Recv: key=psum.7_0_1_ag_0_sr_106_107|s200000->100000d|$c0$l706382405^i0 size=0 is_single_chunk=true is_aligned=true memcpy_needed=false
I0909 09:23:41.436460    1377 grpc_transport.cc:1414] [MEGASCALE_TRANSPORT_INSTR] Recv: key=psum.7_0_1_ag_0_sr_102_103|s200001->100001d|$c0$l706382405^i0 size=0 is_single_chunk=true is_aligned=true memcpy_needed=false
I0909 09:23:41.454180    1379 grpc_transport.cc:1414] [MEGASCALE_TRANSPORT_INSTR] Recv: key=psum.7_0_1_ag_0_sr_87_88|s200004->100004d|$c0$l706382405^i0 size=0 is_single_chunk=true is_aligned=true memcpy_needed=false
I0909 09:23:41.483288    1735 grpc_transport.cc:1743] [MEGASCALE_TRANSPORT_INSTR] SendRpc: key=psum.7_0_sr_67_68|s100007->200007d|$c0$l706382406^i0 size=8388608 queue_latency_us=1 attempt=0
I0909 09:23:41.487036    1415 grpc_transport.cc:1743] [MEGASCALE_TRANSPORT_INSTR] SendRpc: key=psum.7_0_sr_102_103|s100004->200004d|$c0$l706382406^i0 size=8388608 queue_latency_us=0 attempt=0
I0909 09:23:41.490485    1464 grpc_transport.cc:1743] [MEGASCALE_TRANSPORT_INSTR] SendRpc: key=psum.7_0_sr_120_121|s100004->200004d|$c0$l706382406^i0 size=8388608 queue_latency_us=0 attempt=0
I0909 09:23:41.494493    1611 grpc_transport.cc:1743] [MEGASCALE_TRANSPORT_INSTR] SendRpc: key=psum.7_0_sr_116_117|s100006->200006d|$c0$l706382406^i0 size=8388608 queue_latency_us=0 attempt=0
I0909 09:23:41.500651    1380 grpc_transport.cc:1743] [MEGASCALE_TRANSPORT_INSTR] SendRpc: key=psum.7_0_sr_123_124|s100003->200003d|$c0$l706382406^i0 size=8388608 queue_latency_us=0 attempt=0
I0909 09:23:41.535086    1379 grpc_transport.cc:1414] [MEGASCALE_TRANSPORT_INSTR] Recv: key=psum.7_0_sr_17_18|s200001->100001d|$c0$l706382406^i0 size=0 is_single_chunk=true is_aligned=true memcpy_needed=false
I0909 09:23:41.568525    1379 grpc_transport.cc:1414] [MEGASCALE_TRANSPORT_INSTR] Recv: key=psum.7_0_sr_24_25|s200001->100001d|$c0$l706382406^i0 size=0 is_single_chunk=true is_aligned=true memcpy_needed=false
I0909 09:23:41.587093    1377 grpc_transport.cc:1414] [MEGASCALE_TRANSPORT_INSTR] Recv: key=psum.7_0_sr_12_13|s200000->100000d|$c0$l706382406^i0 size=0 is_single_chunk=true is_aligned=true memcpy_needed=false
I0909 09:23:41.606390    1373 grpc_transport.cc:1414] [MEGASCALE_TRANSPORT_INSTR] Recv: key=psum.7_0_sr_50_51|s200002->100002d|$c0$l706382406^i0 size=0 is_single_chunk=true is_aligned=true memcpy_needed=false
I0909 09:23:41.611292    1722 grpc_transport.cc:1743] [MEGASCALE_TRANSPORT_INSTR] SendRpc: key=psum.7_0_1_ag_0_sr_13_14|s100003->200003d|$c0$l706382406^i0 size=8388608 queue_latency_us=0 attempt=0
I0909 09:23:41.628320    1377 grpc_transport.cc:1743] [MEGASCALE_TRANSPORT_INSTR] SendRpc: key=psum.7_0_1_ag_0_sr_49_50|s100004->200004d|$c0$l706382406^i0 size=8388608 queue_latency_us=0 attempt=0
I0909 09:23:41.632057    1900 grpc_transport.cc:1414] [MEGASCALE_TRANSPORT_INSTR] Recv: key=psum.7_0_sr_41_42|s200005->100005d|$c0$l706382406^i0 size=0 is_single_chunk=true is_aligned=true memcpy_needed=false
I0909 09:23:41.639627    1958 grpc_transport.cc:1743] [MEGASCALE_TRANSPORT_INSTR] SendRpc: key=psum.7_0_1_ag_0_sr_38_39|s100006->200006d|$c0$l706382406^i0 size=8388608 queue_latency_us=0 attempt=0
I0909 09:23:41.647493    1377 grpc_transport.cc:1743] [MEGASCALE_TRANSPORT_INSTR] SendRpc: key=psum.7_0_1_ag_0_sr_59_60|s100001->200001d|$c0$l706382406^i0 size=8388608 queue_latency_us=0 attempt=0
I0909 09:23:41.654227    1956 grpc_transport.cc:1414] [MEGASCALE_TRANSPORT_INSTR] Recv: key=psum.7_0_1_ag_0_sr_81_82|s200007->100007d|$c0$l706382406^i0 size=0 is_single_chunk=true is_aligned=true memcpy_needed=false
I0909 09:23:41.667722    1906 grpc_transport.cc:1743] [MEGASCALE_TRANSPORT_INSTR] SendRpc: key=psum.7_0_1_ag_0_sr_42_43|s100000->200000d|$c0$l706382406^i0 size=8388608 queue_latency_us=0 attempt=0
I0909 09:23:41.676817    1379 grpc_transport.cc:1414] [MEGASCALE_TRANSPORT_INSTR] Recv: key=psum.7_0_1_ag_0_sr_125_126|s200004->100004d|$c0$l706382406^i0 size=0 is_single_chunk=true is_aligned=true memcpy_needed=false
I0909 09:23:41.692620    1377 grpc_transport.cc:1414] [MEGASCALE_TRANSPORT_INSTR] Recv: key=psum.7_0_1_ag_0_sr_104_105|s200000->100000d|$c0$l706382406^i0 size=0 is_single_chunk=true is_aligned=true memcpy_needed=false
I0909 09:23:41.710473     785 grpc_transport.cc:1414] [MEGASCALE_TRANSPORT_INSTR] Recv: key=psum.7_0_1_ag_0_sr_98_99|s200001->100001d|$c0$l706382406^i0 size=0 is_single_chunk=true is_aligned=true memcpy_needed=false
I0909 09:23:41.726751    1379 grpc_transport.cc:1414] [MEGASCALE_TRANSPORT_INSTR] Recv: key=psum.7_0_1_ag_0_sr_65_66|s200005->100005d|$c0$l706382406^i0 size=0 is_single_chunk=true is_aligned=true memcpy_needed=false
I0909 09:23:41.751071    1377 grpc_transport.cc:1743] [MEGASCALE_TRANSPORT_INSTR] SendRpc: key=psum.7_0_sr_83_84|s100004->200004d|$c0$l706382407^i0 size=8388608 queue_latency_us=0 attempt=0
I0909 09:23:41.754330     796 grpc_transport.cc:1743] [MEGASCALE_TRANSPORT_INSTR] SendRpc: key=psum.7_0_sr_81_82|s100001->200001d|$c0$l706382407^i0 size=8388608 queue_latency_us=0 attempt=0
I0909 09:23:41.756896    1393 grpc_transport.cc:1743] [MEGASCALE_TRANSPORT_INSTR] SendRpc: key=psum.7_0_sr_88_89|s100005->200005d|$c0$l706382407^i0 size=8388608 queue_latency_us=0 attempt=0
I0909 09:23:41.759446    1739 grpc_transport.cc:1743] [MEGASCALE_TRANSPORT_INSTR] SendRpc: key=psum.7_0_sr_98_99|s100002->200002d|$c0$l706382407^i0 size=8388608 queue_latency_us=0 attempt=0
I0909 09:23:41.762510    1385 grpc_transport.cc:1743] [MEGASCALE_TRANSPORT_INSTR] SendRpc: key=psum.7_0_sr_117_118|s100003->200003d|$c0$l706382407^i0 size=8388608 queue_latency_us=0 attempt=0
I0909 09:23:41.766453     785 grpc_transport.cc:1743] [MEGASCALE_TRANSPORT_INSTR] SendRpc: key=psum.7_0_sr_120_121|s100000->200000d|$c0$l706382407^i0 size=8388608 queue_latency_us=0 attempt=0
I0909 09:23:41.768975    1730 grpc_transport.cc:1414] [MEGASCALE_TRANSPORT_INSTR] Recv: key=psum.7_0_sr_3_4|s200003->100003d|$c0$l706382407^i0 size=0 is_single_chunk=true is_aligned=true memcpy_needed=false
I0909 09:23:41.800940    1374 grpc_transport.cc:1414] [MEGASCALE_TRANSPORT_INSTR] Recv: key=psum.7_0_sr_32_33|s200003->100003d|$c0$l706382407^i0 size=0 is_single_chunk=true is_aligned=true memcpy_needed=false
I0909 09:23:41.823567    1724 grpc_transport.cc:1414] [MEGASCALE_TRANSPORT_INSTR] Recv: key=psum.7_0_sr_46_47|s200003->100003d|$c0$l706382407^i0 size=0 is_single_chunk=true is_aligned=true memcpy_needed=false
I0909 09:23:41.840770    1374 grpc_transport.cc:1414] [MEGASCALE_TRANSPORT_INSTR] Recv: key=psum.7_0_sr_58_59|s200003->100003d|$c0$l706382407^i0 size=0 is_single_chunk=true is_aligned=true memcpy_needed=false
I0909 09:23:41.858546    1380 grpc_transport.cc:1414] [MEGASCALE_TRANSPORT_INSTR] Recv: key=psum.7_0_sr_13_14|s200006->100006d|$c0$l706382407^i0 size=0 is_single_chunk=true is_aligned=true memcpy_needed=false
I0909 09:23:41.873529    1402 grpc_transport.cc:1743] [MEGASCALE_TRANSPORT_INSTR] SendRpc: key=psum.7_0_1_ag_0_sr_25_26|s100007->200007d|$c0$l706382407^i0 size=8388608 queue_latency_us=0 attempt=0
I0909 09:23:41.881008    1407 grpc_transport.cc:1743] [MEGASCALE_TRANSPORT_INSTR] SendRpc: key=psum.7_0_1_ag_0_sr_61_62|s100000->200000d|$c0$l706382407^i0 size=8388608 queue_latency_us=0 attempt=0
I0909 09:23:41.882971    1383 grpc_transport.cc:1414] [MEGASCALE_TRANSPORT_INSTR] Recv: key=psum.7_0_sr_59_60|s200001->100001d|$c0$l706382407^i0 size=0 is_single_chunk=true is_aligned=true memcpy_needed=false
I0909 09:23:41.891124    1402 grpc_transport.cc:1743] [MEGASCALE_TRANSPORT_INSTR] SendRpc: key=psum.7_0_1_ag_0_sr_37_38|s100006->200006d|$c0$l706382407^i0 size=8388608 queue_latency_us=0 attempt=0
I0909 09:23:41.902793    1389 grpc_transport.cc:1743] [MEGASCALE_TRANSPORT_INSTR] SendRpc: key=psum.7_0_1_ag_0_sr_4_5|s100001->200001d|$c0$l706382407^i0 size=8388608 queue_latency_us=0 attempt=0
I0909 09:23:41.909123     793 grpc_transport.cc:1743] [MEGASCALE_TRANSPORT_INSTR] SendRpc: key=psum.7_0_1_ag_0_sr_46_47|s100005->200005d|$c0$l706382407^i0 size=8388608 queue_latency_us=0 attempt=0
I0909 09:23:41.911609    1383 grpc_transport.cc:1414] [MEGASCALE_TRANSPORT_INSTR] Recv: key=psum.7_0_1_ag_0_sr_111_112|s200001->100001d|$c0$l706382407^i0 size=0 is_single_chunk=true is_aligned=true memcpy_needed=false
I0909 09:23:41.929451    1377 grpc_transport.cc:1414] [MEGASCALE_TRANSPORT_INSTR] Recv: key=psum.7_0_1_ag_0_sr_66_67|s200004->100004d|$c0$l706382407^i0 size=0 is_single_chunk=true is_aligned=true memcpy_needed=false
I0909 09:23:41.946155    1722 grpc_transport.cc:1414] [MEGASCALE_TRANSPORT_INSTR] Recv: key=psum.7_0_1_ag_0_sr_67_68|s200007->100007d|$c0$l706382407^i0 size=0 is_single_chunk=true is_aligned=true memcpy_needed=false
I0909 09:23:41.963806    1956 grpc_transport.cc:1414] [MEGASCALE_TRANSPORT_INSTR] Recv: key=psum.7_0_1_ag_0_sr_64_65|s200002->100002d|$c0$l706382407^i0 size=0 is_single_chunk=true is_aligned=true memcpy_needed=false
I0909 09:23:41.981220    1722 grpc_transport.cc:1414] [MEGASCALE_TRANSPORT_INSTR] Recv: key=psum.7_0_1_ag_0_sr_116_117|s200002->100002d|$c0$l706382407^i0 size=0 is_single_chunk=true is_aligned=true memcpy_needed=false
I0909 09:23:41.996733    1743 grpc_transport.cc:1743] [MEGASCALE_TRANSPORT_INSTR] SendRpc: key=psum.7_0_sr_64_65|s100007->200007d|$c0$l706382408^i0 size=8388608 queue_latency_us=0 attempt=0
I0909 09:23:42.000127    1772 grpc_transport.cc:1743] [MEGASCALE_TRANSPORT_INSTR] SendRpc: key=psum.7_0_sr_91_92|s100006->200006d|$c0$l706382408^i0 size=8388608 queue_latency_us=0 attempt=0
I0909 09:23:42.002541    1425 grpc_transport.cc:1743] [MEGASCALE_TRANSPORT_INSTR] SendRpc: key=psum.7_0_sr_101_102|s100003->200003d|$c0$l706382408^i0 size=8388608 queue_latency_us=0 attempt=0
I0909 09:23:42.006272    1783 grpc_transport.cc:1743] [MEGASCALE_TRANSPORT_INSTR] SendRpc: key=psum.7_0_sr_121_122|s100006->200006d|$c0$l706382408^i0 size=8388608 queue_latency_us=0 attempt=0
I0909 09:23:42.017303    1464 grpc_transport.cc:1743] [MEGASCALE_TRANSPORT_INSTR] SendRpc: key=psum.7_0_sr_95_96|s100005->200005d|$c0$l706382408^i0 size=8388608 queue_latency_us=0 attempt=0
I0909 09:23:42.063696    1373 grpc_transport.cc:1414] [MEGASCALE_TRANSPORT_INSTR] Recv: key=psum.7_0_sr_3_4|s200002->100002d|$c0$l706382408^i0 size=0 is_single_chunk=true is_aligned=true memcpy_needed=false
I0909 09:23:42.086117    1956 grpc_transport.cc:1414] [MEGASCALE_TRANSPORT_INSTR] Recv: key=psum.7_0_sr_21_22|s200007->100007d|$c0$l706382408^i0 size=0 is_single_chunk=true is_aligned=true memcpy_needed=false
I0909 09:23:42.108670    1956 grpc_transport.cc:1414] [MEGASCALE_TRANSPORT_INSTR] Recv: key=psum.7_0_sr_49_50|s200007->100007d|$c0$l706382408^i0 size=0 is_single_chunk=true is_aligned=true memcpy_needed=false
I0909 09:23:42.128517    1377 grpc_transport.cc:1414] [MEGASCALE_TRANSPORT_INSTR] Recv: key=psum.7_0_sr_52_53|s200004->100004d|$c0$l706382408^i0 size=0 is_single_chunk=true is_aligned=true memcpy_needed=false
I0909 09:23:42.145181    1956 grpc_transport.cc:1743] [MEGASCALE_TRANSPORT_INSTR] SendRpc: key=psum.7_0_1_ag_0_sr_6_7|s100003->200003d|$c0$l706382408^i0 size=8388608 queue_latency_us=0 attempt=0
I0909 09:23:42.147641    1377 grpc_transport.cc:1414] [MEGASCALE_TRANSPORT_INSTR] Recv: key=psum.7_0_sr_43_44|s200005->100005d|$c0$l706382408^i0 size=0 is_single_chunk=true is_aligned=true memcpy_needed=false
I0909 09:23:42.157715    1735 grpc_transport.cc:1743] [MEGASCALE_TRANSPORT_INSTR] SendRpc: key=psum.7_0_1_ag_0_sr_18_19|s100007->200007d|$c0$l706382408^i0 size=8388608 queue_latency_us=1 attempt=0
I0909 09:23:42.165417    1958 grpc_transport.cc:1743] [MEGASCALE_TRANSPORT_INSTR] SendRpc: key=psum.7_0_1_ag_0_sr_12_13|s100002->200002d|$c0$l706382408^i0 size=8388608 queue_latency_us=0 attempt=0
I0909 09:23:42.171287    1402 grpc_transport.cc:1414] [MEGASCALE_TRANSPORT_INSTR] Recv: key=psum.7_0_1_ag_0_sr_119_120|s200006->100006d|$c0$l706382408^i0 size=0 is_single_chunk=true is_aligned=true memcpy_needed=false
I0909 09:23:42.173187    1464 grpc_transport.cc:1743] [MEGASCALE_TRANSPORT_INSTR] SendRpc: key=psum.7_0_1_ag_0_sr_47_48|s100004->200004d|$c0$l706382408^i0 size=8388608 queue_latency_us=0 attempt=0
I0909 09:23:42.180417     796 grpc_transport.cc:1743] [MEGASCALE_TRANSPORT_INSTR] SendRpc: key=psum.7_0_1_ag_0_sr_22_23|s100005->200005d|$c0$l706382408^i0 size=8388608 queue_latency_us=0 attempt=0
I0909 09:23:42.189372    1956 grpc_transport.cc:1414] [MEGASCALE_TRANSPORT_INSTR] Recv: key=psum.7_0_1_ag_0_sr_109_110|s200003->100003d|$c0$l706382408^i0 size=0 is_single_chunk=true is_aligned=true memcpy_needed=false
I0909 09:23:42.206532    1722 grpc_transport.cc:1414] [MEGASCALE_TRANSPORT_INSTR] Recv: key=psum.7_0_1_ag_0_sr_64_65|s200007->100007d|$c0$l706382408^i0 size=0 is_single_chunk=true is_aligned=true memcpy_needed=false
I0909 09:23:42.223545    1377 grpc_transport.cc:1414] [MEGASCALE_TRANSPORT_INSTR] Recv: key=psum.7_0_1_ag_0_sr_89_90|s200000->100000d|$c0$l706382408^i0 size=0 is_single_chunk=true is_aligned=true memcpy_needed=false
I0909 09:23:42.241143    1386 grpc_transport.cc:1414] [MEGASCALE_TRANSPORT_INSTR] Recv: key=psum.7_0_1_ag_0_sr_93_94|s200005->100005d|$c0$l706382408^i0 size=0 is_single_chunk=true is_aligned=true memcpy_needed=false
I0909 09:23:42.264667     793 grpc_transport.cc:1743] [MEGASCALE_TRANSPORT_INSTR] SendRpc: key=psum.7_0_sr_91_92|s100001->200001d|$c0$l706382409^i0 size=8388608 queue_latency_us=0 attempt=0
I0909 09:23:42.268249    1757 grpc_transport.cc:1743] [MEGASCALE_TRANSPORT_INSTR] SendRpc: key=psum.7_0_sr_77_78|s100002->200002d|$c0$l706382409^i0 size=8388608 queue_latency_us=0 attempt=0
I0909 09:23:42.271159    1393 grpc_transport.cc:1743] [MEGASCALE_TRANSPORT_INSTR] SendRpc: key=psum.7_0_sr_118_119|s100001->200001d|$c0$l706382409^i0 size=8388608 queue_latency_us=0 attempt=0
I0909 09:23:42.273979    1567 grpc_transport.cc:1743] [MEGASCALE_TRANSPORT_INSTR] SendRpc: key=psum.7_0_sr_114_115|s100007->200007d|$c0$l706382409^i0 size=8388608 queue_latency_us=0 attempt=0
I0909 09:23:42.277542    1958 grpc_transport.cc:1743] [MEGASCALE_TRANSPORT_INSTR] SendRpc: key=psum.7_0_sr_125_126|s100007->200007d|$c0$l706382409^i0 size=8388608 queue_latency_us=0 attempt=0
I0909 09:23:42.333245    1956 grpc_transport.cc:1414] [MEGASCALE_TRANSPORT_INSTR] Recv: key=psum.7_0_sr_5_6|s200003->100003d|$c0$l706382409^i0 size=0 is_single_chunk=true is_aligned=true memcpy_needed=false
I0909 09:23:42.354515    1724 grpc_transport.cc:1414] [MEGASCALE_TRANSPORT_INSTR] Recv: key=psum.7_0_sr_15_16|s200007->100007d|$c0$l706382409^i0 size=0 is_single_chunk=true is_aligned=true memcpy_needed=false
I0909 09:23:42.372697    1956 grpc_transport.cc:1414] [MEGASCALE_TRANSPORT_INSTR] Recv: key=psum.7_0_sr_27_28|s200006->100006d|$c0$l706382409^i0 size=0 is_single_chunk=true is_aligned=true memcpy_needed=false
I0909 09:23:42.389280    1733 grpc_transport.cc:1743] [MEGASCALE_TRANSPORT_INSTR] SendRpc: key=psum.7_0_1_ag_0_sr_42_43|s100003->200003d|$c0$l706382409^i0 size=8388608 queue_latency_us=0 attempt=0
I0909 09:23:42.391755    1956 grpc_transport.cc:1414] [MEGASCALE_TRANSPORT_INSTR] Recv: key=psum.7_0_sr_42_43|s200007->100007d|$c0$l706382409^i0 size=0 is_single_chunk=true is_aligned=true memcpy_needed=false
I0909 09:23:42.410698    1373 grpc_transport.cc:1414] [MEGASCALE_TRANSPORT_INSTR] Recv: key=psum.7_0_sr_58_59|s200006->100006d|$c0$l706382409^i0 size=0 is_single_chunk=true is_aligned=true memcpy_needed=false
I0909 09:23:42.420568    1377 grpc_transport.cc:1743] [MEGASCALE_TRANSPORT_INSTR] SendRpc: key=psum.7_0_1_ag_0_sr_51_52|s100001->200001d|$c0$l706382409^i0 size=8388608 queue_latency_us=0 attempt=0
I0909 09:23:42.427566     790 grpc_transport.cc:1743] [MEGASCALE_TRANSPORT_INSTR] SendRpc: key=psum.7_0_1_ag_0_sr_49_50|s100004->200004d|$c0$l706382409^i0 size=8388608 queue_latency_us=0 attempt=0
I0909 09:23:42.437629    1407 grpc_transport.cc:1414] [MEGASCALE_TRANSPORT_INSTR] Recv: key=psum.7_0_1_ag_0_sr_69_70|s200001->100001d|$c0$l706382409^i0 size=0 is_single_chunk=true is_aligned=true memcpy_needed=false
I0909 09:23:42.442238    1735 grpc_transport.cc:1743] [MEGASCALE_TRANSPORT_INSTR] SendRpc: key=psum.7_0_1_ag_0_sr_27_28|s100006->200006d|$c0$l706382409^i0 size=8388608 queue_latency_us=0 attempt=0
I0909 09:23:42.448157    1594 grpc_transport.cc:1743] [MEGASCALE_TRANSPORT_INSTR] SendRpc: key=psum.7_0_1_ag_0_sr_44_45|s100000->200000d|$c0$l706382409^i0 size=8388608 queue_latency_us=0 attempt=0
I0909 09:23:42.457458    1386 grpc_transport.cc:1414] [MEGASCALE_TRANSPORT_INSTR] Recv: key=psum.7_0_1_ag_0_sr_78_79|s200000->100000d|$c0$l706382409^i0 size=0 is_single_chunk=true is_aligned=true memcpy_needed=false
I0909 09:23:42.474013    1374 grpc_transport.cc:1414] [MEGASCALE_TRANSPORT_INSTR] Recv: key=psum.7_0_1_ag_0_sr_66_67|s200003->100003d|$c0$l706382409^i0 size=0 is_single_chunk=true is_aligned=true memcpy_needed=false
I0909 09:23:42.490584    1900 grpc_transport.cc:1414] [MEGASCALE_TRANSPORT_INSTR] Recv: key=psum.7_0_1_ag_0_sr_107_108|s200004->100004d|$c0$l706382409^i0 size=0 is_single_chunk=true is_aligned=true memcpy_needed=false
I0909 09:23:42.507303    1374 grpc_transport.cc:1414] [MEGASCALE_TRANSPORT_INSTR] Recv: key=psum.7_0_1_ag_0_sr_104_105|s200006->100006d|$c0$l706382409^i0 size=0 is_single_chunk=true is_aligned=true memcpy_needed=false
I0909 09:23:42.527402    1410 grpc_transport.cc:1743] [MEGASCALE_TRANSPORT_INSTR] SendRpc: key=psum.7_0_sr_93_94|s100000->200000d|$c0$l706382410^i0 size=8388608 queue_latency_us=0 attempt=0
I0909 09:23:42.530821    1532 grpc_transport.cc:1743] [MEGASCALE_TRANSPORT_INSTR] SendRpc: key=psum.7_0_sr_98_99|s100004->200004d|$c0$l706382410^i0 size=8388608 queue_latency_us=0 attempt=0
I0909 09:23:42.533914    1385 grpc_transport.cc:1743] [MEGASCALE_TRANSPORT_INSTR] SendRpc: key=psum.7_0_sr_77_78|s100007->200007d|$c0$l706382410^i0 size=8388608 queue_latency_us=0 attempt=0
I0909 09:23:42.536414    1389 grpc_transport.cc:1743] [MEGASCALE_TRANSPORT_INSTR] SendRpc: key=psum.7_0_sr_106_107|s100001->200001d|$c0$l706382410^i0 size=8388608 queue_latency_us=0 attempt=0
I0909 09:23:42.540807    1739 grpc_transport.cc:1743] [MEGASCALE_TRANSPORT_INSTR] SendRpc: key=psum.7_0_sr_126_127|s100002->200002d|$c0$l706382410^i0 size=8388608 queue_latency_us=0 attempt=0
I0909 09:23:42.583161    1900 grpc_transport.cc:1414] [MEGASCALE_TRANSPORT_INSTR] Recv: key=psum.7_0_sr_11_12|s200005->100005d|$c0$l706382410^i0 size=0 is_single_chunk=true is_aligned=true memcpy_needed=false
I0909 09:23:42.611848    1956 grpc_transport.cc:1414] [MEGASCALE_TRANSPORT_INSTR] Recv: key=psum.7_0_sr_11_12|s200007->100007d|$c0$l706382410^i0 size=0 is_single_chunk=true is_aligned=true memcpy_needed=false
I0909 09:23:42.630157    1900 grpc_transport.cc:1414] [MEGASCALE_TRANSPORT_INSTR] Recv: key=psum.7_0_sr_51_52|s200004->100004d|$c0$l706382410^i0 size=0 is_single_chunk=true is_aligned=true memcpy_needed=false
I0909 09:23:42.649750    1377 grpc_transport.cc:1414] [MEGASCALE_TRANSPORT_INSTR] Recv: key=psum.7_0_sr_63_64|s200004->100004d|$c0$l706382410^i0 size=0 is_single_chunk=true is_aligned=true memcpy_needed=false
I0909 09:23:42.653938    1383 grpc_transport.cc:1743] [MEGASCALE_TRANSPORT_INSTR] SendRpc: key=psum.7_0_1_ag_0_sr_18_19|s100004->200004d|$c0$l706382410^i0 size=8388608 queue_latency_us=0 attempt=0
I0909 09:23:42.670071    1373 grpc_transport.cc:1743] [MEGASCALE_TRANSPORT_INSTR] SendRpc: key=psum.7_0_1_ag_0_sr_22_23|s100006->200006d|$c0$l706382410^i0 size=8388608 queue_latency_us=0 attempt=0
I0909 09:23:42.672757    1377 grpc_transport.cc:1414] [MEGASCALE_TRANSPORT_INSTR] Recv: key=psum.7_0_1_ag_0_sr_68_69|s200004->100004d|$c0$l706382410^i0 size=0 is_single_chunk=true is_aligned=true memcpy_needed=false
I0909 09:23:42.685699    1932 grpc_transport.cc:1743] [MEGASCALE_TRANSPORT_INSTR] SendRpc: key=psum.7_0_1_ag_0_sr_27_28|s100000->200000d|$c0$l706382410^i0 size=8388608 queue_latency_us=0 attempt=0
I0909 09:23:42.692977    1956 grpc_transport.cc:1743] [MEGASCALE_TRANSPORT_INSTR] SendRpc: key=psum.7_0_1_ag_0_sr_63_64|s100003->200003d|$c0$l706382410^i0 size=8388608 queue_latency_us=0 attempt=0
I0909 09:23:42.699726    1386 grpc_transport.cc:1414] [MEGASCALE_TRANSPORT_INSTR] Recv: key=psum.7_0_1_ag_0_sr_100_101|s200004->100004d|$c0$l706382410^i0 size=0 is_single_chunk=true is_aligned=true memcpy_needed=false
I0909 09:23:42.703530    1414 grpc_transport.cc:1743] [MEGASCALE_TRANSPORT_INSTR] SendRpc: key=psum.7_0_1_ag_0_sr_36_37|s100007->200007d|$c0$l706382410^i0 size=8388608 queue_latency_us=0 attempt=0
I0909 09:23:42.715130    1377 grpc_transport.cc:1414] [MEGASCALE_TRANSPORT_INSTR] Recv: key=psum.7_0_sr_42_43|s200001->100001d|$c0$l706382410^i0 size=0 is_single_chunk=true is_aligned=true memcpy_needed=false
I0909 09:23:42.731562    1374 grpc_transport.cc:1414] [MEGASCALE_TRANSPORT_INSTR] Recv: key=psum.7_0_1_ag_0_sr_123_124|s200006->100006d|$c0$l706382410^i0 size=0 is_single_chunk=true is_aligned=true memcpy_needed=false
I0909 09:23:42.750836    1377 grpc_transport.cc:1414] [MEGASCALE_TRANSPORT_INSTR] Recv: key=psum.7_0_1_ag_0_sr_91_92|s200005->100005d|$c0$l706382410^i0 size=0 is_single_chunk=true is_aligned=true memcpy_needed=false
I0909 09:23:42.767213    1377 grpc_transport.cc:1414] [MEGASCALE_TRANSPORT_INSTR] Recv: key=psum.7_0_1_ag_0_sr_78_79|s200001->100001d|$c0$l706382410^i0 size=0 is_single_chunk=true is_aligned=true memcpy_needed=false
I0909 09:23:42.793979    1906 grpc_transport.cc:1743] [MEGASCALE_TRANSPORT_INSTR] SendRpc: key=psum.7_0_sr_77_78|s100000->200000d|$c0$l706382411^i0 size=8388608 queue_latency_us=0 attempt=0
I0909 09:23:42.797106    1964 grpc_transport.cc:1743] [MEGASCALE_TRANSPORT_INSTR] SendRpc: key=psum.7_0_sr_97_98|s100007->200007d|$c0$l706382411^i0 size=8388608 queue_latency_us=0 attempt=0
I0909 09:23:42.800053    1907 grpc_transport.cc:1743] [MEGASCALE_TRANSPORT_INSTR] SendRpc: key=psum.7_0_sr_95_96|s100000->200000d|$c0$l706382411^i0 size=8388608 queue_latency_us=0 attempt=0
I0909 09:23:42.803502    1387 grpc_transport.cc:1743] [MEGASCALE_TRANSPORT_INSTR] SendRpc: key=psum.7_0_sr_103_104|s100002->200002d|$c0$l706382411^i0 size=8388608 queue_latency_us=0 attempt=0
I0909 09:23:42.807021    1416 grpc_transport.cc:1743] [MEGASCALE_TRANSPORT_INSTR] SendRpc: key=psum.7_0_sr_112_113|s100006->200006d|$c0$l706382411^i0 size=8388608 queue_latency_us=0 attempt=0
I0909 09:23:42.813057    1374 grpc_transport.cc:1414] [MEGASCALE_TRANSPORT_INSTR] Recv: key=psum.7_0_sr_15_16|s200002->100002d|$c0$l706382411^i0 size=0 is_single_chunk=true is_aligned=true memcpy_needed=false
I0909 09:23:42.817680    1393 grpc_transport.cc:1743] [MEGASCALE_TRANSPORT_INSTR] SendRpc: key=psum.7_0_sr_123_124|s100004->200004d|$c0$l706382411^i0 size=8388608 queue_latency_us=0 attempt=0
I0909 09:23:42.842581     785 grpc_transport.cc:1414] [MEGASCALE_TRANSPORT_INSTR] Recv: key=psum.7_0_sr_0_1|s200000->100000d|$c0$l706382411^i0 size=0 is_single_chunk=true is_aligned=true memcpy_needed=false
I0909 09:23:42.864626    1722 grpc_transport.cc:1414] [MEGASCALE_TRANSPORT_INSTR] Recv: key=psum.7_0_sr_19_20|s200006->100006d|$c0$l706382411^i0 size=0 is_single_chunk=true is_aligned=true memcpy_needed=false
I0909 09:23:42.882584    1900 grpc_transport.cc:1414] [MEGASCALE_TRANSPORT_INSTR] Recv: key=psum.7_0_sr_32_33|s200004->100004d|$c0$l706382411^i0 size=0 is_single_chunk=true is_aligned=true memcpy_needed=false
I0909 09:23:42.900102    1909 grpc_transport.cc:1414] [MEGASCALE_TRANSPORT_INSTR] Recv: key=psum.7_0_sr_46_47|s200004->100004d|$c0$l706382411^i0 size=0 is_single_chunk=true is_aligned=true memcpy_needed=false
I0909 09:23:42.920584    1900 grpc_transport.cc:1743] [MEGASCALE_TRANSPORT_INSTR] SendRpc: key=psum.7_0_1_ag_0_sr_31_32|s100001->200001d|$c0$l706382411^i0 size=8388608 queue_latency_us=0 attempt=0
I0909 09:23:42.921980    1733 grpc_transport.cc:1414] [MEGASCALE_TRANSPORT_INSTR] Recv: key=psum.7_0_1_ag_0_sr_64_65|s200007->100007d|$c0$l706382411^i0 size=0 is_single_chunk=true is_aligned=true memcpy_needed=false
I0909 09:23:42.928294    1957 grpc_transport.cc:1743] [MEGASCALE_TRANSPORT_INSTR] SendRpc: key=psum.7_0_1_ag_0_sr_12_13|s100006->200006d|$c0$l706382411^i0 size=8388608 queue_latency_us=0 attempt=0
I0909 09:23:42.936687    1403 grpc_transport.cc:1743] [MEGASCALE_TRANSPORT_INSTR] SendRpc: key=psum.7_0_1_ag_0_sr_29_30|s100003->200003d|$c0$l706382411^i0 size=8388608 queue_latency_us=0 attempt=0
I0909 09:23:42.942655    1920 grpc_transport.cc:1743] [MEGASCALE_TRANSPORT_INSTR] SendRpc: key=psum.7_0_1_ag_0_sr_27_28|s100004->200004d|$c0$l706382411^i0 size=8388608 queue_latency_us=3 attempt=0
I0909 09:23:42.945427     785 grpc_transport.cc:1414] [MEGASCALE_TRANSPORT_INSTR] Recv: key=psum.7_0_1_ag_0_sr_97_98|s200001->100001d|$c0$l706382411^i0 size=0 is_single_chunk=true is_aligned=true memcpy_needed=false
I0909 09:23:42.956383    1907 grpc_transport.cc:1743] [MEGASCALE_TRANSPORT_INSTR] SendRpc: key=psum.7_0_1_ag_0_sr_49_50|s100000->200000d|$c0$l706382411^i0 size=8388608 queue_latency_us=0 attempt=0
I0909 09:23:42.963995    1724 grpc_transport.cc:1414] [MEGASCALE_TRANSPORT_INSTR] Recv: key=psum.7_0_1_ag_0_sr_94_95|s200003->100003d|$c0$l706382411^i0 size=0 is_single_chunk=true is_aligned=true memcpy_needed=false
I0909 09:23:42.979851    1377 grpc_transport.cc:1414] [MEGASCALE_TRANSPORT_INSTR] Recv: key=psum.7_0_1_ag_0_sr_72_73|s200005->100005d|$c0$l706382411^i0 size=0 is_single_chunk=true is_aligned=true memcpy_needed=false
I0909 09:23:42.996754    1900 grpc_transport.cc:1414] [MEGASCALE_TRANSPORT_INSTR] Recv: key=psum.7_0_1_ag_0_sr_73_74|s200004->100004d|$c0$l706382411^i0 size=0 is_single_chunk=true is_aligned=true memcpy_needed=false
I0909 09:23:43.013541    1374 grpc_transport.cc:1414] [MEGASCALE_TRANSPORT_INSTR] Recv: key=psum.7_0_1_ag_0_sr_121_122|s200006->100006d|$c0$l706382411^i0 size=0 is_single_chunk=true is_aligned=true memcpy_needed=false
I0909 09:23:43.036541    1463 grpc_transport.cc:1743] [MEGASCALE_TRANSPORT_INSTR] SendRpc: key=psum.7_0_sr_64_65|s100006->200006d|$c0$l706382412^i0 size=8388608 queue_latency_us=0 attempt=0
I0909 09:23:43.039554    1402 grpc_transport.cc:1743] [MEGASCALE_TRANSPORT_INSTR] SendRpc: key=psum.7_0_sr_77_78|s100006->200006d|$c0$l706382412^i0 size=8388608 queue_latency_us=0 attempt=0
I0909 09:23:43.043207    1965 grpc_transport.cc:1743] [MEGASCALE_TRANSPORT_INSTR] SendRpc: key=psum.7_0_sr_96_97|s100007->200007d|$c0$l706382412^i0 size=8388608 queue_latency_us=0 attempt=0
I0909 09:23:43.047626    1374 grpc_transport.cc:1743] [MEGASCALE_TRANSPORT_INSTR] SendRpc: key=psum.7_0_sr_109_110|s100006->200006d|$c0$l706382412^i0 size=8388608 queue_latency_us=0 attempt=0
I0909 09:23:43.062658    1386 grpc_transport.cc:1743] [MEGASCALE_TRANSPORT_INSTR] SendRpc: key=psum.7_0_sr_100_101|s100004->200004d|$c0$l706382412^i0 size=8388608 queue_latency_us=0 attempt=0
I0909 09:23:43.125207     785 grpc_transport.cc:1414] [MEGASCALE_TRANSPORT_INSTR] Recv: key=psum.7_0_sr_3_4|s200004->100004d|$c0$l706382412^i0 size=0 is_single_chunk=true is_aligned=true memcpy_needed=false
I0909 09:23:43.146815    1374 grpc_transport.cc:1414] [MEGASCALE_TRANSPORT_INSTR] Recv: key=psum.7_0_sr_20_21|s200007->100007d|$c0$l706382412^i0 size=0 is_single_chunk=true is_aligned=true memcpy_needed=false
I0909 09:23:43.167070    1724 grpc_transport.cc:1414] [MEGASCALE_TRANSPORT_INSTR] Recv: key=psum.7_0_sr_40_41|s200003->100003d|$c0$l706382412^i0 size=0 is_single_chunk=true is_aligned=true memcpy_needed=false
I0909 09:23:43.186627    1722 grpc_transport.cc:1414] [MEGASCALE_TRANSPORT_INSTR] Recv: key=psum.7_0_sr_46_47|s200006->100006d|$c0$l706382412^i0 size=0 is_single_chunk=true is_aligned=true memcpy_needed=false
I0909 09:23:43.195998    1957 grpc_transport.cc:1743] [MEGASCALE_TRANSPORT_INSTR] SendRpc: key=psum.7_0_1_ag_0_sr_8_9|s100003->200003d|$c0$l706382412^i0 size=8388608 queue_latency_us=0 attempt=0
I0909 09:23:43.206942    1722 grpc_transport.cc:1414] [MEGASCALE_TRANSPORT_INSTR] Recv: key=psum.7_0_sr_60_61|s200002->100002d|$c0$l706382412^i0 size=0 is_single_chunk=true is_aligned=true memcpy_needed=false
I0909 09:23:43.213557    1907 grpc_transport.cc:1743] [MEGASCALE_TRANSPORT_INSTR] SendRpc: key=psum.7_0_1_ag_0_sr_21_22|s100005->200005d|$c0$l706382412^i0 size=8388608 queue_latency_us=0 attempt=0
I0909 09:23:43.220602    1956 grpc_transport.cc:1743] [MEGASCALE_TRANSPORT_INSTR] SendRpc: key=psum.7_0_1_ag_0_sr_21_22|s100006->200006d|$c0$l706382412^i0 size=8388608 queue_latency_us=0 attempt=0
I0909 09:23:43.229493    1957 grpc_transport.cc:1414] [MEGASCALE_TRANSPORT_INSTR] Recv: key=psum.7_0_1_ag_0_sr_106_107|s200002->100002d|$c0$l706382412^i0 size=0 is_single_chunk=true is_aligned=true memcpy_needed=false
I0909 09:23:43.230787    1380 grpc_transport.cc:1743] [MEGASCALE_TRANSPORT_INSTR] SendRpc: key=psum.7_0_1_ag_0_sr_44_45|s100002->200002d|$c0$l706382412^i0 size=8388608 queue_latency_us=0 attempt=0
I0909 09:23:43.240906    1906 grpc_transport.cc:1743] [MEGASCALE_TRANSPORT_INSTR] SendRpc: key=psum.7_0_1_ag_0_sr_26_27|s100004->200004d|$c0$l706382412^i0 size=8388608 queue_latency_us=0 attempt=0
I0909 09:23:43.247289    1722 grpc_transport.cc:1414] [MEGASCALE_TRANSPORT_INSTR] Recv: key=psum.7_0_1_ag_0_sr_88_89|s200006->100006d|$c0$l706382412^i0 size=0 is_single_chunk=true is_aligned=true memcpy_needed=false
I0909 09:23:43.264688    1377 grpc_transport.cc:1414] [MEGASCALE_TRANSPORT_INSTR] Recv: key=psum.7_0_1_ag_0_sr_113_114|s200005->100005d|$c0$l706382412^i0 size=0 is_single_chunk=true is_aligned=true memcpy_needed=false
I0909 09:23:43.281137    1374 grpc_transport.cc:1414] [MEGASCALE_TRANSPORT_INSTR] Recv: key=psum.7_0_1_ag_0_sr_86_87|s200003->100003d|$c0$l706382412^i0 size=0 is_single_chunk=true is_aligned=true memcpy_needed=false
I0909 09:23:43.298045    1379 grpc_transport.cc:1414] [MEGASCALE_TRANSPORT_INSTR] Recv: key=psum.7_0_1_ag_0_sr_117_118|s200004->100004d|$c0$l706382412^i0 size=0 is_single_chunk=true is_aligned=true memcpy_needed=false
I0909 09:23:43.317819     793 grpc_transport.cc:1743] [MEGASCALE_TRANSPORT_INSTR] SendRpc: key=psum.7_0_sr_82_83|s100001->200001d|$c0$l706382413^i0 size=8388608 queue_latency_us=0 attempt=0
I0909 09:23:43.320907    1959 grpc_transport.cc:1743] [MEGASCALE_TRANSPORT_INSTR] SendRpc: key=psum.7_0_sr_64_65|s100003->200003d|$c0$l706382413^i0 size=8388608 queue_latency_us=0 attempt=0
I0909 09:23:43.324360    1418 grpc_transport.cc:1743] [MEGASCALE_TRANSPORT_INSTR] SendRpc: key=psum.7_0_sr_107_108|s100001->200001d|$c0$l706382413^i0 size=8388608 queue_latency_us=0 attempt=0
I0909 09:23:43.328282    1920 grpc_transport.cc:1743] [MEGASCALE_TRANSPORT_INSTR] SendRpc: key=psum.7_0_sr_125_126|s100001->200001d|$c0$l706382413^i0 size=8388608 queue_latency_us=0 attempt=0
I0909 09:23:43.341640    1386 grpc_transport.cc:1743] [MEGASCALE_TRANSPORT_INSTR] SendRpc: key=psum.7_0_sr_78_79|s100005->200005d|$c0$l706382413^i0 size=8388608 queue_latency_us=0 attempt=0
I0909 09:23:43.393640    1383 grpc_transport.cc:1414] [MEGASCALE_TRANSPORT_INSTR] Recv: key=psum.7_0_sr_10_11|s200001->100001d|$c0$l706382413^i0 size=0 is_single_chunk=true is_aligned=true memcpy_needed=false
I0909 09:23:43.419429    1722 grpc_transport.cc:1414] [MEGASCALE_TRANSPORT_INSTR] Recv: key=psum.7_0_sr_28_29|s200007->100007d|$c0$l706382413^i0 size=0 is_single_chunk=true is_aligned=true memcpy_needed=false
I0909 09:23:43.440827    1380 grpc_transport.cc:1414] [MEGASCALE_TRANSPORT_INSTR] Recv: key=psum.7_0_sr_34_35|s200006->100006d|$c0$l706382413^i0 size=0 is_single_chunk=true is_aligned=true memcpy_needed=false
I0909 09:23:43.461704    1377 grpc_transport.cc:1414] [MEGASCALE_TRANSPORT_INSTR] Recv: key=psum.7_0_sr_46_47|s200001->100001d|$c0$l706382413^i0 size=0 is_single_chunk=true is_aligned=true memcpy_needed=false
I0909 09:23:43.472158    1900 grpc_transport.cc:1743] [MEGASCALE_TRANSPORT_INSTR] SendRpc: key=psum.7_0_1_ag_0_sr_48_49|s100004->200004d|$c0$l706382413^i0 size=8388608 queue_latency_us=0 attempt=0
I0909 09:23:43.480688    1374 grpc_transport.cc:1414] [MEGASCALE_TRANSPORT_INSTR] Recv: key=psum.7_0_sr_45_46|s200003->100003d|$c0$l706382413^i0 size=0 is_single_chunk=true is_aligned=true memcpy_needed=false
I0909 09:23:43.486166    1724 grpc_transport.cc:1743] [MEGASCALE_TRANSPORT_INSTR] SendRpc: key=psum.7_0_1_ag_0_sr_30_31|s100006->200006d|$c0$l706382413^i0 size=8388608 queue_latency_us=0 attempt=0
I0909 09:23:43.500447    1379 grpc_transport.cc:1743] [MEGASCALE_TRANSPORT_INSTR] SendRpc: key=psum.7_0_1_ag_0_sr_26_27|s100000->200000d|$c0$l706382413^i0 size=8388608 queue_latency_us=0 attempt=0
I0909 09:23:43.502048    1374 grpc_transport.cc:1414] [MEGASCALE_TRANSPORT_INSTR] Recv: key=psum.7_0_1_ag_0_sr_80_81|s200007->100007d|$c0$l706382413^i0 size=0 is_single_chunk=true is_aligned=true memcpy_needed=false
I0909 09:23:43.506116    1410 grpc_transport.cc:1743] [MEGASCALE_TRANSPORT_INSTR] SendRpc: key=psum.7_0_1_ag_0_sr_28_29|s100005->200005d|$c0$l706382413^i0 size=8388608 queue_latency_us=0 attempt=0
I0909 09:23:43.517500    1733 grpc_transport.cc:1743] [MEGASCALE_TRANSPORT_INSTR] SendRpc: key=psum.7_0_1_ag_0_sr_7_8|s100002->200002d|$c0$l706382413^i0 size=8388608 queue_latency_us=0 attempt=0
I0909 09:23:43.521099    1373 grpc_transport.cc:1414] [MEGASCALE_TRANSPORT_INSTR] Recv: key=psum.7_0_1_ag_0_sr_127_128|s200007->100007d|$c0$l706382413^i0 size=0 is_single_chunk=true is_aligned=true memcpy_needed=false
I0909 09:23:43.537205    1957 grpc_transport.cc:1414] [MEGASCALE_TRANSPORT_INSTR] Recv: key=psum.7_0_1_ag_0_sr_109_110|s200002->100002d|$c0$l706382413^i0 size=0 is_single_chunk=true is_aligned=true memcpy_needed=false
I0909 09:23:43.554684    1957 grpc_transport.cc:1414] [MEGASCALE_TRANSPORT_INSTR] Recv: key=psum.7_0_1_ag_0_sr_73_74|s200006->100006d|$c0$l706382413^i0 size=0 is_single_chunk=true is_aligned=true memcpy_needed=false
I0909 09:23:43.572404    1724 grpc_transport.cc:1414] [MEGASCALE_TRANSPORT_INSTR] Recv: key=psum.7_0_1_ag_0_sr_117_118|s200003->100003d|$c0$l706382413^i0 size=0 is_single_chunk=true is_aligned=true memcpy_needed=false
I0909 09:23:43.598603    1392 grpc_transport.cc:1743] [MEGASCALE_TRANSPORT_INSTR] SendRpc: key=psum.7_0_sr_73_74|s100007->200007d|$c0$l706382414^i0 size=8388608 queue_latency_us=0 attempt=0
I0909 09:23:43.601682    1746 grpc_transport.cc:1743] [MEGASCALE_TRANSPORT_INSTR] SendRpc: key=psum.7_0_sr_76_77|s100002->200002d|$c0$l706382414^i0 size=8388608 queue_latency_us=0 attempt=0
I0909 09:23:43.603591    1575 grpc_transport.cc:1743] [MEGASCALE_TRANSPORT_INSTR] SendRpc: key=psum.7_0_sr_85_86|s100007->200007d|$c0$l706382414^i0 size=8388608 queue_latency_us=0 attempt=0
I0909 09:23:43.606889    1611 grpc_transport.cc:1743] [MEGASCALE_TRANSPORT_INSTR] SendRpc: key=psum.7_0_sr_109_110|s100003->200003d|$c0$l706382414^i0 size=8388608 queue_latency_us=0 attempt=0
I0909 09:23:43.610730    1956 grpc_transport.cc:1743] [MEGASCALE_TRANSPORT_INSTR] SendRpc: key=psum.7_0_sr_114_115|s100007->200007d|$c0$l706382414^i0 size=8388608 queue_latency_us=0 attempt=0
I0909 09:23:43.656265    1722 grpc_transport.cc:1414] [MEGASCALE_TRANSPORT_INSTR] Recv: key=psum.7_0_sr_7_8|s200007->100007d|$c0$l706382414^i0 size=0 is_single_chunk=true is_aligned=true memcpy_needed=false
I0909 09:23:43.688034    1383 grpc_transport.cc:1414] [MEGASCALE_TRANSPORT_INSTR] Recv: key=psum.7_0_sr_17_18|s200005->100005d|$c0$l706382414^i0 size=0 is_single_chunk=true is_aligned=true memcpy_needed=false
I0909 09:23:43.706933    1374 grpc_transport.cc:1414] [MEGASCALE_TRANSPORT_INSTR] Recv: key=psum.7_0_sr_45_46|s200006->100006d|$c0$l706382414^i0 size=0 is_single_chunk=true is_aligned=true memcpy_needed=false
I0909 09:23:43.721287    1386 grpc_transport.cc:1743] [MEGASCALE_TRANSPORT_INSTR] SendRpc: key=psum.7_0_1_ag_0_sr_25_26|s100001->200001d|$c0$l706382414^i0 size=8388608 queue_latency_us=0 attempt=0
I0909 09:23:43.728859    1373 grpc_transport.cc:1414] [MEGASCALE_TRANSPORT_INSTR] Recv: key=psum.7_0_sr_48_49|s200007->100007d|$c0$l706382414^i0 size=0 is_single_chunk=true is_aligned=true memcpy_needed=false
I0909 09:23:43.737559    1722 grpc_transport.cc:1743] [MEGASCALE_TRANSPORT_INSTR] SendRpc: key=psum.7_0_1_ag_0_sr_61_62|s100006->200006d|$c0$l706382414^i0 size=8388608 queue_latency_us=0 attempt=0
I0909 09:23:43.758201    1373 grpc_transport.cc:1414] [MEGASCALE_TRANSPORT_INSTR] Recv: key=psum.7_0_sr_43_44|s200002->100002d|$c0$l706382414^i0 size=0 is_single_chunk=true is_aligned=true memcpy_needed=false
I0909 09:23:43.770008    1733 grpc_transport.cc:1743] [MEGASCALE_TRANSPORT_INSTR] SendRpc: key=psum.7_0_1_ag_0_sr_33_34|s100007->200007d|$c0$l706382414^i0 size=8388608 queue_latency_us=0 attempt=0
I0909 09:23:43.781282    1722 grpc_transport.cc:1414] [MEGASCALE_TRANSPORT_INSTR] Recv: key=psum.7_0_1_ag_0_sr_80_81|s200003->100003d|$c0$l706382414^i0 size=0 is_single_chunk=true is_aligned=true memcpy_needed=false
I0909 09:23:43.785584    1414 grpc_transport.cc:1743] [MEGASCALE_TRANSPORT_INSTR] SendRpc: key=psum.7_0_1_ag_0_sr_11_12|s100003->200003d|$c0$l706382414^i0 size=8388608 queue_latency_us=0 attempt=0
I0909 09:23:43.795681    1415 grpc_transport.cc:1743] [MEGASCALE_TRANSPORT_INSTR] SendRpc: key=psum.7_0_1_ag_0_sr_38_39|s100000->200000d|$c0$l706382414^i0 size=8388608 queue_latency_us=0 attempt=0
I0909 09:23:43.800671    1739 grpc_transport.cc:1414] [MEGASCALE_TRANSPORT_INSTR] Recv: key=psum.7_0_1_ag_0_sr_124_125|s200003->100003d|$c0$l706382414^i0 size=0 is_single_chunk=true is_aligned=true memcpy_needed=false
I0909 09:23:43.815758    1374 grpc_transport.cc:1414] [MEGASCALE_TRANSPORT_INSTR] Recv: key=psum.7_0_1_ag_0_sr_71_72|s200007->100007d|$c0$l706382414^i0 size=0 is_single_chunk=true is_aligned=true memcpy_needed=false
I0909 09:23:43.833154    1724 grpc_transport.cc:1414] [MEGASCALE_TRANSPORT_INSTR] Recv: key=psum.7_0_1_ag_0_sr_95_96|s200007->100007d|$c0$l706382414^i0 size=0 is_single_chunk=true is_aligned=true memcpy_needed=false
I0909 09:23:43.850525    1724 grpc_transport.cc:1414] [MEGASCALE_TRANSPORT_INSTR] Recv: key=psum.7_0_1_ag_0_sr_74_75|s200002->100002d|$c0$l706382414^i0 size=0 is_single_chunk=true is_aligned=true memcpy_needed=false
I0909 09:23:43.873762    1724 grpc_transport.cc:1743] [MEGASCALE_TRANSPORT_INSTR] SendRpc: key=all-reduce_0_ag_0_sr_0_1|s100003->200003d|$c0$l-493875062^i0 size=512 queue_latency_us=0 attempt=0
I0909 09:23:43.883386     793 grpc_transport.cc:1743] [MEGASCALE_TRANSPORT_INSTR] SendRpc: key=psum.7_0_sr_84_85|s100001->200001d|$c0$l706382415^i0 size=8388608 queue_latency_us=0 attempt=0
I0909 09:23:43.886016    1909 grpc_transport.cc:1743] [MEGASCALE_TRANSPORT_INSTR] SendRpc: key=psum.7_0_sr_101_102|s100001->200001d|$c0$l706382415^i0 size=8388608 queue_latency_us=0 attempt=0
I0909 09:23:43.887083    1930 grpc_transport.cc:1414] [MEGASCALE_TRANSPORT_INSTR] Recv: key=psum.7_0_sr_19_20|s200001->100001d|$c0$l706382415^i0 size=0 is_single_chunk=true is_aligned=true memcpy_needed=false
I0909 09:23:43.889082    1420 grpc_transport.cc:1743] [MEGASCALE_TRANSPORT_INSTR] SendRpc: key=psum.7_0_sr_95_96|s100000->200000d|$c0$l706382415^i0 size=8388608 queue_latency_us=0 attempt=0
I0909 09:23:43.892504    1380 grpc_transport.cc:1743] [MEGASCALE_TRANSPORT_INSTR] SendRpc: key=psum.7_0_sr_118_119|s100003->200003d|$c0$l706382415^i0 size=8388608 queue_latency_us=0 attempt=0
I0909 09:23:43.896586    1730 grpc_transport.cc:1743] [MEGASCALE_TRANSPORT_INSTR] SendRpc: key=psum.7_0_sr_124_125|s100007->200007d|$c0$l706382415^i0 size=8388608 queue_latency_us=0 attempt=0
I0909 09:23:43.916986    1379 grpc_transport.cc:1414] [MEGASCALE_TRANSPORT_INSTR] Recv: key=psum.7_0_sr_4_5|s200005->100005d|$c0$l706382415^i0 size=0 is_single_chunk=true is_aligned=true memcpy_needed=false
I0909 09:23:43.937118    1956 grpc_transport.cc:1414] [MEGASCALE_TRANSPORT_INSTR] Recv: key=psum.7_0_sr_21_22|s200003->100003d|$c0$l706382415^i0 size=0 is_single_chunk=true is_aligned=true memcpy_needed=false
I0909 09:23:43.954184    1722 grpc_transport.cc:1414] [MEGASCALE_TRANSPORT_INSTR] Recv: key=psum.7_0_sr_39_40|s200002->100002d|$c0$l706382415^i0 size=0 is_single_chunk=true is_aligned=true memcpy_needed=false
I0909 09:23:43.971924    1722 grpc_transport.cc:1414] [MEGASCALE_TRANSPORT_INSTR] Recv: key=psum.7_0_sr_52_53|s200007->100007d|$c0$l706382415^i0 size=0 is_single_chunk=true is_aligned=true memcpy_needed=false
I0909 09:23:43.987393    1385 grpc_transport.cc:1414] [MEGASCALE_TRANSPORT_INSTR] Recv: key=psum.7_0_sr_58_59|s200006->100006d|$c0$l706382415^i0 size=0 is_single_chunk=true is_aligned=true memcpy_needed=false
I0909 09:23:44.000683     785 grpc_transport.cc:1743] [MEGASCALE_TRANSPORT_INSTR] SendRpc: key=psum.7_0_1_ag_0_sr_23_24|s100004->200004d|$c0$l706382415^i0 size=8388608 queue_latency_us=0 attempt=0
I0909 09:23:44.006830    1416 grpc_transport.cc:1743] [MEGASCALE_TRANSPORT_INSTR] SendRpc: key=psum.7_0_1_ag_0_sr_19_20|s100003->200003d|$c0$l706382415^i0 size=8388608 queue_latency_us=0 attempt=0
I0909 09:23:44.011883    1942 grpc_transport.cc:1743] [MEGASCALE_TRANSPORT_INSTR] SendRpc: key=psum.7_0_1_ag_0_sr_34_35|s100005->200005d|$c0$l706382415^i0 size=8388608 queue_latency_us=0 attempt=0
I0909 09:23:44.016966    1393 grpc_transport.cc:1743] [MEGASCALE_TRANSPORT_INSTR] SendRpc: key=psum.7_0_1_ag_0_sr_62_63|s100005->200005d|$c0$l706382415^i0 size=8388608 queue_latency_us=0 attempt=0
I0909 09:23:44.025200    1750 grpc_transport.cc:1743] [MEGASCALE_TRANSPORT_INSTR] SendRpc: key=psum.7_0_1_ag_0_sr_56_57|s100006->200006d|$c0$l706382415^i0 size=8388608 queue_latency_us=0 attempt=0
I0909 09:23:44.028179    1410 grpc_transport.cc:1414] [MEGASCALE_TRANSPORT_INSTR] Recv: key=psum.7_0_1_ag_0_sr_102_103|s200001->100001d|$c0$l706382415^i0 size=0 is_single_chunk=true is_aligned=true memcpy_needed=false
I0909 09:23:44.043524    1383 grpc_transport.cc:1414] [MEGASCALE_TRANSPORT_INSTR] Recv: key=psum.7_0_1_ag_0_sr_96_97|s200005->100005d|$c0$l706382415^i0 size=0 is_single_chunk=true is_aligned=true memcpy_needed=false
I0909 09:23:44.065226    1374 grpc_transport.cc:1414] [MEGASCALE_TRANSPORT_INSTR] Recv: key=psum.7_0_1_ag_0_sr_83_84|s200002->100002d|$c0$l706382415^i0 size=0 is_single_chunk=true is_aligned=true memcpy_needed=false
I0909 09:23:44.084285    1374 grpc_transport.cc:1414] [MEGASCALE_TRANSPORT_INSTR] Recv: key=psum.7_0_1_ag_0_sr_68_69|s200007->100007d|$c0$l706382415^i0 size=0 is_single_chunk=true is_aligned=true memcpy_needed=false
I0909 09:23:44.100779     785 grpc_transport.cc:1414] [MEGASCALE_TRANSPORT_INSTR] Recv: key=psum.7_0_1_ag_0_sr_105_106|s200000->100000d|$c0$l706382415^i0 size=0 is_single_chunk=true is_aligned=true memcpy_needed=false
I0909 09:23:44.123228    1960 grpc_transport.cc:1743] [MEGASCALE_TRANSPORT_INSTR] SendRpc: key=psum.7_0_sr_68_69|s100003->200003d|$c0$l706382416^i0 size=8388608 queue_latency_us=1 attempt=0
I0909 09:23:44.127112    1909 grpc_transport.cc:1743] [MEGASCALE_TRANSPORT_INSTR] SendRpc: key=psum.7_0_sr_77_78|s100001->200001d|$c0$l706382416^i0 size=8388608 queue_latency_us=0 attempt=0
I0909 09:23:44.130431    1756 grpc_transport.cc:1743] [MEGASCALE_TRANSPORT_INSTR] SendRpc: key=psum.7_0_sr_89_90|s100007->200007d|$c0$l706382416^i0 size=8388608 queue_latency_us=1 attempt=0
I0909 09:23:44.134610    1393 grpc_transport.cc:1743] [MEGASCALE_TRANSPORT_INSTR] SendRpc: key=psum.7_0_sr_116_117|s100001->200001d|$c0$l706382416^i0 size=8388608 queue_latency_us=0 attempt=0
I0909 09:23:44.146610    1383 grpc_transport.cc:1743] [MEGASCALE_TRANSPORT_INSTR] SendRpc: key=psum.7_0_sr_91_92|s100005->200005d|$c0$l706382416^i0 size=8388608 queue_latency_us=0 attempt=0
I0909 09:23:44.224614    1724 grpc_transport.cc:1414] [MEGASCALE_TRANSPORT_INSTR] Recv: key=psum.7_0_sr_17_18|s200002->100002d|$c0$l706382416^i0 size=0 is_single_chunk=true is_aligned=true memcpy_needed=false
I0909 09:23:44.246967    1956 grpc_transport.cc:1414] [MEGASCALE_TRANSPORT_INSTR] Recv: key=psum.7_0_sr_13_14|s200006->100006d|$c0$l706382416^i0 size=0 is_single_chunk=true is_aligned=true memcpy_needed=false
I0909 09:23:44.271273    1956 grpc_transport.cc:1414] [MEGASCALE_TRANSPORT_INSTR] Recv: key=psum.7_0_sr_48_49|s200007->100007d|$c0$l706382416^i0 size=0 is_single_chunk=true is_aligned=true memcpy_needed=false
I0909 09:23:44.290507    1724 grpc_transport.cc:1414] [MEGASCALE_TRANSPORT_INSTR] Recv: key=psum.7_0_sr_44_45|s200002->100002d|$c0$l706382416^i0 size=0 is_single_chunk=true is_aligned=true memcpy_needed=false
I0909 09:23:44.309653    1379 grpc_transport.cc:1414] [MEGASCALE_TRANSPORT_INSTR] Recv: key=psum.7_0_sr_63_64|s200005->100005d|$c0$l706382416^i0 size=0 is_single_chunk=true is_aligned=true memcpy_needed=false
I0909 09:23:44.313110    1956 grpc_transport.cc:1743] [MEGASCALE_TRANSPORT_INSTR] SendRpc: key=psum.7_0_1_ag_0_sr_63_64|s100007->200007d|$c0$l706382416^i0 size=8388608 queue_latency_us=1 attempt=0
I0909 09:23:44.324405    1907 grpc_transport.cc:1743] [MEGASCALE_TRANSPORT_INSTR] SendRpc: key=psum.7_0_1_ag_0_sr_34_35|s100005->200005d|$c0$l706382416^i0 size=8388608 queue_latency_us=1 attempt=0
I0909 09:23:44.333129    1741 grpc_transport.cc:1743] [MEGASCALE_TRANSPORT_INSTR] SendRpc: key=psum.7_0_1_ag_0_sr_21_22|s100006->200006d|$c0$l706382416^i0 size=8388608 queue_latency_us=0 attempt=0
I0909 09:23:44.334169    1957 grpc_transport.cc:1414] [MEGASCALE_TRANSPORT_INSTR] Recv: key=psum.7_0_1_ag_0_sr_91_92|s200003->100003d|$c0$l706382416^i0 size=0 is_single_chunk=true is_aligned=true memcpy_needed=false
I0909 09:23:44.344791    1959 grpc_transport.cc:1743] [MEGASCALE_TRANSPORT_INSTR] SendRpc: key=psum.7_0_1_ag_0_sr_5_6|s100003->200003d|$c0$l706382416^i0 size=8388608 queue_latency_us=0 attempt=0
I0909 09:23:44.350274    1738 grpc_transport.cc:1743] [MEGASCALE_TRANSPORT_INSTR] SendRpc: key=psum.7_0_1_ag_0_sr_44_45|s100003->200003d|$c0$l706382416^i0 size=8388608 queue_latency_us=0 attempt=0
I0909 09:23:44.354452    1373 grpc_transport.cc:1414] [MEGASCALE_TRANSPORT_INSTR] Recv: key=psum.7_0_1_ag_0_sr_82_83|s200007->100007d|$c0$l706382416^i0 size=0 is_single_chunk=true is_aligned=true memcpy_needed=false
I0909 09:23:44.369615    1374 grpc_transport.cc:1414] [MEGASCALE_TRANSPORT_INSTR] Recv: key=psum.7_0_1_ag_0_sr_119_120|s200007->100007d|$c0$l706382416^i0 size=0 is_single_chunk=true is_aligned=true memcpy_needed=false
I0909 09:23:44.387605    1383 grpc_transport.cc:1414] [MEGASCALE_TRANSPORT_INSTR] Recv: key=psum.7_0_1_ag_0_sr_124_125|s200001->100001d|$c0$l706382416^i0 size=0 is_single_chunk=true is_aligned=true memcpy_needed=false
I0909 09:23:44.405214    1377 grpc_transport.cc:1414] [MEGASCALE_TRANSPORT_INSTR] Recv: key=psum.7_0_1_ag_0_sr_109_110|s200005->100005d|$c0$l706382416^i0 size=0 is_single_chunk=true is_aligned=true memcpy_needed=false
I0909 09:23:44.428129    1403 grpc_transport.cc:1743] [MEGASCALE_TRANSPORT_INSTR] SendRpc: key=psum.7_0_sr_73_74|s100006->200006d|$c0$l706382417^i0 size=8388608 queue_latency_us=0 attempt=0
I0909 09:23:44.431879    1961 grpc_transport.cc:1743] [MEGASCALE_TRANSPORT_INSTR] SendRpc: key=psum.7_0_sr_92_93|s100006->200006d|$c0$l706382417^i0 size=8388608 queue_latency_us=0 attempt=0
I0909 09:23:44.434908    1935 grpc_transport.cc:1743] [MEGASCALE_TRANSPORT_INSTR] SendRpc: key=psum.7_0_sr_105_106|s100000->200000d|$c0$l706382417^i0 size=8388608 queue_latency_us=0 attempt=0
I0909 09:23:44.438478     796 grpc_transport.cc:1743] [MEGASCALE_TRANSPORT_INSTR] SendRpc: key=psum.7_0_sr_125_126|s100000->200000d|$c0$l706382417^i0 size=8388608 queue_latency_us=0 attempt=0
I0909 09:23:44.447779    1410 grpc_transport.cc:1743] [MEGASCALE_TRANSPORT_INSTR] SendRpc: key=psum.7_0_sr_70_71|s100005->200005d|$c0$l706382417^i0 size=8388608 queue_latency_us=0 attempt=0
I0909 09:23:44.502700    1377 grpc_transport.cc:1414] [MEGASCALE_TRANSPORT_INSTR] Recv: key=psum.7_0_sr_19_20|s200004->100004d|$c0$l706382417^i0 size=0 is_single_chunk=true is_aligned=true memcpy_needed=false
I0909 09:23:44.522775    1957 grpc_transport.cc:1414] [MEGASCALE_TRANSPORT_INSTR] Recv: key=psum.7_0_sr_23_24|s200006->100006d|$c0$l706382417^i0 size=0 is_single_chunk=true is_aligned=true memcpy_needed=false
I0909 09:23:44.542218    1956 grpc_transport.cc:1414] [MEGASCALE_TRANSPORT_INSTR] Recv: key=psum.7_0_sr_24_25|s200002->100002d|$c0$l706382417^i0 size=0 is_single_chunk=true is_aligned=true memcpy_needed=false
I0909 09:23:44.564020    1722 grpc_transport.cc:1414] [MEGASCALE_TRANSPORT_INSTR] Recv: key=psum.7_0_sr_55_56|s200006->100006d|$c0$l706382417^i0 size=0 is_single_chunk=true is_aligned=true memcpy_needed=false
I0909 09:23:44.584273    1379 grpc_transport.cc:1414] [MEGASCALE_TRANSPORT_INSTR] Recv: key=psum.7_0_sr_60_61|s200001->100001d|$c0$l706382417^i0 size=0 is_single_chunk=true is_aligned=true memcpy_needed=false
I0909 09:23:44.586012    1907 grpc_transport.cc:1743] [MEGASCALE_TRANSPORT_INSTR] SendRpc: key=psum.7_0_1_ag_0_sr_4_5|s100004->200004d|$c0$l706382417^i0 size=8388608 queue_latency_us=0 attempt=0
I0909 09:23:44.597700    1387 grpc_transport.cc:1743] [MEGASCALE_TRANSPORT_INSTR] SendRpc: key=psum.7_0_1_ag_0_sr_17_18|s100002->200002d|$c0$l706382417^i0 size=8388608 queue_latency_us=0 attempt=0
I0909 09:23:44.605498     785 grpc_transport.cc:1414] [MEGASCALE_TRANSPORT_INSTR] Recv: key=psum.7_0_1_ag_0_sr_91_92|s200001->100001d|$c0$l706382417^i0 size=0 is_single_chunk=true is_aligned=true memcpy_needed=false
I0909 09:23:44.605914    1383 grpc_transport.cc:1743] [MEGASCALE_TRANSPORT_INSTR] SendRpc: key=psum.7_0_1_ag_0_sr_48_49|s100000->200000d|$c0$l706382417^i0 size=8388608 queue_latency_us=0 attempt=0
I0909 09:23:44.616531    1935 grpc_transport.cc:1743] [MEGASCALE_TRANSPORT_INSTR] SendRpc: key=psum.7_0_1_ag_0_sr_29_30|s100001->200001d|$c0$l706382417^i0 size=8388608 queue_latency_us=1 attempt=0
I0909 09:23:44.623174    1403 grpc_transport.cc:1743] [MEGASCALE_TRANSPORT_INSTR] SendRpc: key=psum.7_0_1_ag_0_sr_21_22|s100003->200003d|$c0$l706382417^i0 size=8388608 queue_latency_us=0 attempt=0
I0909 09:23:44.629400    1373 grpc_transport.cc:1414] [MEGASCALE_TRANSPORT_INSTR] Recv: key=psum.7_0_1_ag_0_sr_74_75|s200003->100003d|$c0$l706382417^i0 size=0 is_single_chunk=true is_aligned=true memcpy_needed=false
I0909 09:23:44.645991    1377 grpc_transport.cc:1414] [MEGASCALE_TRANSPORT_INSTR] Recv: key=psum.7_0_1_ag_0_sr_124_125|s200004->100004d|$c0$l706382417^i0 size=0 is_single_chunk=true is_aligned=true memcpy_needed=false
I0909 09:23:44.664788    1377 grpc_transport.cc:1414] [MEGASCALE_TRANSPORT_INSTR] Recv: key=psum.7_0_1_ag_0_sr_112_113|s200000->100000d|$c0$l706382417^i0 size=0 is_single_chunk=true is_aligned=true memcpy_needed=false
I0909 09:23:44.682057    1377 grpc_transport.cc:1414] [MEGASCALE_TRANSPORT_INSTR] Recv: key=psum.7_0_1_ag_0_sr_103_104|s200005->100005d|$c0$l706382417^i0 size=0 is_single_chunk=true is_aligned=true memcpy_needed=false
I0909 09:23:44.708409    1741 grpc_transport.cc:1743] [MEGASCALE_TRANSPORT_INSTR] SendRpc: key=psum.7_0_sr_70_71|s100007->200007d|$c0$l706382418^i0 size=8388608 queue_latency_us=0 attempt=0
I0909 09:23:44.712076    1907 grpc_transport.cc:1743] [MEGASCALE_TRANSPORT_INSTR] SendRpc: key=psum.7_0_sr_80_81|s100004->200004d|$c0$l706382418^i0 size=8388608 queue_latency_us=0 attempt=0
I0909 09:23:44.714193     793 grpc_transport.cc:1743] [MEGASCALE_TRANSPORT_INSTR] SendRpc: key=psum.7_0_sr_109_110|s100000->200000d|$c0$l706382418^i0 size=8388608 queue_latency_us=0 attempt=0
I0909 09:23:44.717416     816 grpc_transport.cc:1743] [MEGASCALE_TRANSPORT_INSTR] SendRpc: key=psum.7_0_sr_101_102|s100006->200006d|$c0$l706382418^i0 size=8388608 queue_latency_us=0 attempt=0
I0909 09:23:44.721214    1738 grpc_transport.cc:1743] [MEGASCALE_TRANSPORT_INSTR] SendRpc: key=psum.7_0_sr_121_122|s100007->200007d|$c0$l706382418^i0 size=8388608 queue_latency_us=0 attempt=0
I0909 09:23:44.760611    1383 grpc_transport.cc:1414] [MEGASCALE_TRANSPORT_INSTR] Recv: key=psum.7_0_sr_19_20|s200004->100004d|$c0$l706382418^i0 size=0 is_single_chunk=true is_aligned=true memcpy_needed=false
I0909 09:23:44.783928    1377 grpc_transport.cc:1414] [MEGASCALE_TRANSPORT_INSTR] Recv: key=psum.7_0_sr_9_10|s200001->100001d|$c0$l706382418^i0 size=0 is_single_chunk=true is_aligned=true memcpy_needed=false
I0909 09:23:44.805664    1379 grpc_transport.cc:1414] [MEGASCALE_TRANSPORT_INSTR] Recv: key=psum.7_0_sr_45_46|s200001->100001d|$c0$l706382418^i0 size=0 is_single_chunk=true is_aligned=true memcpy_needed=false
I0909 09:23:44.826036    1722 grpc_transport.cc:1414] [MEGASCALE_TRANSPORT_INSTR] Recv: key=psum.7_0_sr_49_50|s200003->100003d|$c0$l706382418^i0 size=0 is_single_chunk=true is_aligned=true memcpy_needed=false
I0909 09:23:44.846200    1373 grpc_transport.cc:1414] [MEGASCALE_TRANSPORT_INSTR] Recv: key=psum.7_0_sr_60_61|s200007->100007d|$c0$l706382418^i0 size=0 is_single_chunk=true is_aligned=true memcpy_needed=false
I0909 09:23:44.848031    1373 grpc_transport.cc:1743] [MEGASCALE_TRANSPORT_INSTR] SendRpc: key=psum.7_0_1_ag_0_sr_15_16|s100003->200003d|$c0$l706382418^i0 size=8388608 queue_latency_us=0 attempt=0
I0909 09:23:44.859243    1909 grpc_transport.cc:1743] [MEGASCALE_TRANSPORT_INSTR] SendRpc: key=psum.7_0_1_ag_0_sr_12_13|s100001->200001d|$c0$l706382418^i0 size=8388608 queue_latency_us=0 attempt=0
I0909 09:23:44.867961    1959 grpc_transport.cc:1743] [MEGASCALE_TRANSPORT_INSTR] SendRpc: key=psum.7_0_1_ag_0_sr_26_27|s100007->200007d|$c0$l706382418^i0 size=8388608 queue_latency_us=0 attempt=0
I0909 09:23:44.871758    1392 grpc_transport.cc:1414] [MEGASCALE_TRANSPORT_INSTR] Recv: key=psum.7_0_1_ag_0_sr_79_80|s200007->100007d|$c0$l706382418^i0 size=0 is_single_chunk=true is_aligned=true memcpy_needed=false
I0909 09:23:44.883495    1959 grpc_transport.cc:1743] [MEGASCALE_TRANSPORT_INSTR] SendRpc: key=psum.7_0_1_ag_0_sr_56_57|s100002->200002d|$c0$l706382418^i0 size=8388608 queue_latency_us=0 attempt=0
I0909 09:23:44.891332    1932 grpc_transport.cc:1743] [MEGASCALE_TRANSPORT_INSTR] SendRpc: key=psum.7_0_1_ag_0_sr_33_34|s100005->200005d|$c0$l706382418^i0 size=8388608 queue_latency_us=0 attempt=0
I0909 09:23:44.891836     793 grpc_transport.cc:1414] [MEGASCALE_TRANSPORT_INSTR] Recv: key=psum.7_0_1_ag_0_sr_121_122|s200000->100000d|$c0$l706382418^i0 size=0 is_single_chunk=true is_aligned=true memcpy_needed=false
I0909 09:23:44.908024    1900 grpc_transport.cc:1414] [MEGASCALE_TRANSPORT_INSTR] Recv: key=psum.7_0_1_ag_0_sr_65_66|s200004->100004d|$c0$l706382418^i0 size=0 is_single_chunk=true is_aligned=true memcpy_needed=false
I0909 09:23:44.925273    1379 grpc_transport.cc:1414] [MEGASCALE_TRANSPORT_INSTR] Recv: key=psum.7_0_1_ag_0_sr_92_93|s200004->100004d|$c0$l706382418^i0 size=0 is_single_chunk=true is_aligned=true memcpy_needed=false
I0909 09:23:44.943228    1956 grpc_transport.cc:1414] [MEGASCALE_TRANSPORT_INSTR] Recv: key=psum.7_0_1_ag_0_sr_121_122|s200002->100002d|$c0$l706382418^i0 size=0 is_single_chunk=true is_aligned=true memcpy_needed=false
I0909 09:23:44.970083    1385 grpc_transport.cc:1743] [MEGASCALE_TRANSPORT_INSTR] SendRpc: key=psum.7_0_sr_93_94|s100007->200007d|$c0$l706382419^i0 size=8388608 queue_latency_us=0 attempt=0
I0909 09:23:44.974342    1780 grpc_transport.cc:1743] [MEGASCALE_TRANSPORT_INSTR] SendRpc: key=psum.7_0_sr_66_67|s100003->200003d|$c0$l706382419^i0 size=8388608 queue_latency_us=0 attempt=0
I0909 09:23:44.976927    1433 grpc_transport.cc:1743] [MEGASCALE_TRANSPORT_INSTR] SendRpc: key=psum.7_0_sr_83_84|s100001->200001d|$c0$l706382419^i0 size=8388608 queue_latency_us=0 attempt=0
I0909 09:23:44.979770     791 grpc_transport.cc:1743] [MEGASCALE_TRANSPORT_INSTR] SendRpc: key=psum.7_0_sr_96_97|s100004->200004d|$c0$l706382419^i0 size=8388608 queue_latency_us=0 attempt=0
I0909 09:23:44.982630    1930 grpc_transport.cc:1743] [MEGASCALE_TRANSPORT_INSTR] SendRpc: key=psum.7_0_sr_123_124|s100005->200005d|$c0$l706382419^i0 size=8388608 queue_latency_us=0 attempt=0
I0909 09:23:44.986603    1402 grpc_transport.cc:1743] [MEGASCALE_TRANSPORT_INSTR] SendRpc: key=psum.7_0_sr_121_122|s100006->200006d|$c0$l706382419^i0 size=8388608 queue_latency_us=0 attempt=0
I0909 09:23:45.016604    1373 grpc_transport.cc:1414] [MEGASCALE_TRANSPORT_INSTR] Recv: key=psum.7_0_sr_4_5|s200006->100006d|$c0$l706382419^i0 size=0 is_single_chunk=true is_aligned=true memcpy_needed=false
I0909 09:23:45.057598    1900 grpc_transport.cc:1414] [MEGASCALE_TRANSPORT_INSTR] Recv: key=psum.7_0_sr_33_34|s200000->100000d|$c0$l706382419^i0 size=0 is_single_chunk=true is_aligned=true memcpy_needed=false
I0909 09:23:45.079903    1722 grpc_transport.cc:1414] [MEGASCALE_TRANSPORT_INSTR] Recv: key=psum.7_0_sr_25_26|s200007->100007d|$c0$l706382419^i0 size=0 is_single_chunk=true is_aligned=true memcpy_needed=false
I0909 09:23:45.099166    1724 grpc_transport.cc:1414] [MEGASCALE_TRANSPORT_INSTR] Recv: key=psum.7_0_sr_32_33|s200002->100002d|$c0$l706382419^i0 size=0 is_single_chunk=true is_aligned=true memcpy_needed=false
I0909 09:23:45.117183    1377 grpc_transport.cc:1414] [MEGASCALE_TRANSPORT_INSTR] Recv: key=psum.7_0_sr_42_43|s200001->100001d|$c0$l706382419^i0 size=0 is_single_chunk=true is_aligned=true memcpy_needed=false
I0909 09:23:45.131864    1724 grpc_transport.cc:1743] [MEGASCALE_TRANSPORT_INSTR] SendRpc: key=psum.7_0_1_ag_0_sr_62_63|s100006->200006d|$c0$l706382419^i0 size=8388608 queue_latency_us=0 attempt=0
I0909 09:23:45.138623    1373 grpc_transport.cc:1414] [MEGASCALE_TRANSPORT_INSTR] Recv: key=psum.7_0_sr_62_63|s200003->100003d|$c0$l706382419^i0 size=0 is_single_chunk=true is_aligned=true memcpy_needed=false
I0909 09:23:45.146002    1385 grpc_transport.cc:1743] [MEGASCALE_TRANSPORT_INSTR] SendRpc: key=psum.7_0_1_ag_0_sr_63_64|s100007->200007d|$c0$l706382419^i0 size=8388608 queue_latency_us=1 attempt=0
I0909 09:23:45.155108    1383 grpc_transport.cc:1743] [MEGASCALE_TRANSPORT_INSTR] SendRpc: key=psum.7_0_1_ag_0_sr_9_10|s100005->200005d|$c0$l706382419^i0 size=8388608 queue_latency_us=0 attempt=0
I0909 09:23:45.162286    1735 grpc_transport.cc:1414] [MEGASCALE_TRANSPORT_INSTR] Recv: key=psum.7_0_1_ag_0_sr_125_126|s200007->100007d|$c0$l706382419^i0 size=0 is_single_chunk=true is_aligned=true memcpy_needed=false
I0909 09:23:45.169237     785 grpc_transport.cc:1743] [MEGASCALE_TRANSPORT_INSTR] SendRpc: key=psum.7_0_1_ag_0_sr_9_10|s100004->200004d|$c0$l706382419^i0 size=8388608 queue_latency_us=0 attempt=0
I0909 09:23:45.174815    1407 grpc_transport.cc:1743] [MEGASCALE_TRANSPORT_INSTR] SendRpc: key=psum.7_0_1_ag_0_sr_46_47|s100001->200001d|$c0$l706382419^i0 size=8388608 queue_latency_us=0 attempt=0
I0909 09:23:45.180645    1379 grpc_transport.cc:1414] [MEGASCALE_TRANSPORT_INSTR] Recv: key=psum.7_0_1_ag_0_sr_98_99|s200000->100000d|$c0$l706382419^i0 size=0 is_single_chunk=true is_aligned=true memcpy_needed=false
I0909 09:23:45.196390    1374 grpc_transport.cc:1414] [MEGASCALE_TRANSPORT_INSTR] Recv: key=psum.7_0_1_ag_0_sr_65_66|s200006->100006d|$c0$l706382419^i0 size=0 is_single_chunk=true is_aligned=true memcpy_needed=false
I0909 09:23:45.213208    1900 grpc_transport.cc:1414] [MEGASCALE_TRANSPORT_INSTR] Recv: key=psum.7_0_1_ag_0_sr_96_97|s200001->100001d|$c0$l706382419^i0 size=0 is_single_chunk=true is_aligned=true memcpy_needed=false
I0909 09:23:45.232285    1386 grpc_transport.cc:1414] [MEGASCALE_TRANSPORT_INSTR] Recv: key=psum.7_0_1_ag_0_sr_119_120|s200004->100004d|$c0$l706382419^i0 size=0 is_single_chunk=true is_aligned=true memcpy_needed=false
I0909 09:23:45.247630    1484 grpc_transport.cc:1743] [MEGASCALE_TRANSPORT_INSTR] SendRpc: key=psum.7_0_sr_69_70|s100005->200005d|$c0$l706382420^i0 size=8388608 queue_latency_us=0 attempt=0
I0909 09:23:45.250992    1960 grpc_transport.cc:1743] [MEGASCALE_TRANSPORT_INSTR] SendRpc: key=psum.7_0_sr_66_67|s100007->200007d|$c0$l706382420^i0 size=8388608 queue_latency_us=0 attempt=0
I0909 09:23:45.253793    1957 grpc_transport.cc:1743] [MEGASCALE_TRANSPORT_INSTR] SendRpc: key=psum.7_0_sr_85_86|s100003->200003d|$c0$l706382420^i0 size=8388608 queue_latency_us=0 attempt=0
I0909 09:23:45.256838    1422 grpc_transport.cc:1743] [MEGASCALE_TRANSPORT_INSTR] SendRpc: key=psum.7_0_sr_118_119|s100002->200002d|$c0$l706382420^i0 size=8388608 queue_latency_us=0 attempt=0
I0909 09:23:45.260326    1379 grpc_transport.cc:1743] [MEGASCALE_TRANSPORT_INSTR] SendRpc: key=psum.7_0_sr_112_113|s100005->200005d|$c0$l706382420^i0 size=8388608 queue_latency_us=0 attempt=0
I0909 09:23:45.336693    1377 grpc_transport.cc:1414] [MEGASCALE_TRANSPORT_INSTR] Recv: key=psum.7_0_sr_12_13|s200005->100005d|$c0$l706382420^i0 size=0 is_single_chunk=true is_aligned=true memcpy_needed=false
I0909 09:23:45.359405    1373 grpc_transport.cc:1414] [MEGASCALE_TRANSPORT_INSTR] Recv: key=psum.7_0_sr_21_22|s200007->100007d|$c0$l706382420^i0 size=0 is_single_chunk=true is_aligned=true memcpy_needed=false
I0909 09:23:45.378666    1900 grpc_transport.cc:1414] [MEGASCALE_TRANSPORT_INSTR] Recv: key=psum.7_0_sr_37_38|s200000->100000d|$c0$l706382420^i0 size=0 is_single_chunk=true is_aligned=true memcpy_needed=false
I0909 09:23:45.397888    1900 grpc_transport.cc:1414] [MEGASCALE_TRANSPORT_INSTR] Recv: key=psum.7_0_sr_45_46|s200000->100000d|$c0$l706382420^i0 size=0 is_single_chunk=true is_aligned=true memcpy_needed=false
I0909 09:23:45.415388    1374 grpc_transport.cc:1414] [MEGASCALE_TRANSPORT_INSTR] Recv: key=psum.7_0_sr_63_64|s200007->100007d|$c0$l706382420^i0 size=0 is_single_chunk=true is_aligned=true memcpy_needed=false
I0909 09:23:45.422567    1377 grpc_transport.cc:1743] [MEGASCALE_TRANSPORT_INSTR] SendRpc: key=psum.7_0_1_ag_0_sr_42_43|s100000->200000d|$c0$l706382420^i0 size=8388608 queue_latency_us=0 attempt=0
I0909 09:23:45.427794    1957 grpc_transport.cc:1743] [MEGASCALE_TRANSPORT_INSTR] SendRpc: key=psum.7_0_1_ag_0_sr_58_59|s100007->200007d|$c0$l706382420^i0 size=8388608 queue_latency_us=0 attempt=0
I0909 09:23:45.437727    1379 grpc_transport.cc:1743] [MEGASCALE_TRANSPORT_INSTR] SendRpc: key=psum.7_0_1_ag_0_sr_40_41|s100001->200001d|$c0$l706382420^i0 size=8388608 queue_latency_us=0 attempt=0
I0909 09:23:45.441103    1387 grpc_transport.cc:1414] [MEGASCALE_TRANSPORT_INSTR] Recv: key=psum.7_0_1_ag_0_sr_103_104|s200002->100002d|$c0$l706382420^i0 size=0 is_single_chunk=true is_aligned=true memcpy_needed=false
I0909 09:23:45.448835    1743 grpc_transport.cc:1743] [MEGASCALE_TRANSPORT_INSTR] SendRpc: key=psum.7_0_1_ag_0_sr_30_31|s100002->200002d|$c0$l706382420^i0 size=8388608 queue_latency_us=0 attempt=0
I0909 09:23:45.454228    1735 grpc_transport.cc:1743] [MEGASCALE_TRANSPORT_INSTR] SendRpc: key=psum.7_0_1_ag_0_sr_46_47|s100006->200006d|$c0$l706382420^i0 size=8388608 queue_latency_us=0 attempt=0
I0909 09:23:45.461036    1379 grpc_transport.cc:1414] [MEGASCALE_TRANSPORT_INSTR] Recv: key=psum.7_0_1_ag_0_sr_103_104|s200001->100001d|$c0$l706382420^i0 size=0 is_single_chunk=true is_aligned=true memcpy_needed=false
I0909 09:23:45.476758    1733 grpc_transport.cc:1414] [MEGASCALE_TRANSPORT_INSTR] Recv: key=psum.7_0_1_ag_0_sr_71_72|s200007->100007d|$c0$l706382420^i0 size=0 is_single_chunk=true is_aligned=true memcpy_needed=false
I0909 09:23:45.493394    1386 grpc_transport.cc:1414] [MEGASCALE_TRANSPORT_INSTR] Recv: key=psum.7_0_1_ag_0_sr_75_76|s200000->100000d|$c0$l706382420^i0 size=0 is_single_chunk=true is_aligned=true memcpy_needed=false
I0909 09:23:45.510756     785 grpc_transport.cc:1414] [MEGASCALE_TRANSPORT_INSTR] Recv: key=psum.7_0_1_ag_0_sr_115_116|s200000->100000d|$c0$l706382420^i0 size=0 is_single_chunk=true is_aligned=true memcpy_needed=false
I0909 09:23:45.538011    1379 grpc_transport.cc:1743] [MEGASCALE_TRANSPORT_INSTR] SendRpc: key=psum.7_0_sr_80_81|s100004->200004d|$c0$l706382421^i0 size=8388608 queue_latency_us=0 attempt=0
I0909 09:23:45.540989    1557 grpc_transport.cc:1743] [MEGASCALE_TRANSPORT_INSTR] SendRpc: key=psum.7_0_sr_68_69|s100007->200007d|$c0$l706382421^i0 size=8388608 queue_latency_us=0 attempt=0
I0909 09:23:45.544698    1594 grpc_transport.cc:1743] [MEGASCALE_TRANSPORT_INSTR] SendRpc: key=psum.7_0_sr_104_105|s100004->200004d|$c0$l706382421^i0 size=8388608 queue_latency_us=0 attempt=0
I0909 09:23:45.547717    1377 grpc_transport.cc:1743] [MEGASCALE_TRANSPORT_INSTR] SendRpc: key=psum.7_0_sr_119_120|s100004->200004d|$c0$l706382421^i0 size=8388608 queue_latency_us=0 attempt=0
I0909 09:23:45.552117    1373 grpc_transport.cc:1743] [MEGASCALE_TRANSPORT_INSTR] SendRpc: key=psum.7_0_sr_107_108|s100007->200007d|$c0$l706382421^i0 size=8388608 queue_latency_us=0 attempt=0
I0909 09:23:45.605813    1379 grpc_transport.cc:1414] [MEGASCALE_TRANSPORT_INSTR] Recv: key=psum.7_0_sr_12_13|s200004->100004d|$c0$l706382421^i0 size=0 is_single_chunk=true is_aligned=true memcpy_needed=false
I0909 09:23:45.632645    1724 grpc_transport.cc:1414] [MEGASCALE_TRANSPORT_INSTR] Recv: key=psum.7_0_sr_34_35|s200007->100007d|$c0$l706382421^i0 size=0 is_single_chunk=true is_aligned=true memcpy_needed=false
I0909 09:23:45.651500    1379 grpc_transport.cc:1414] [MEGASCALE_TRANSPORT_INSTR] Recv: key=psum.7_0_sr_19_20|s200000->100000d|$c0$l706382421^i0 size=0 is_single_chunk=true is_aligned=true memcpy_needed=false
I0909 09:23:45.672213    1956 grpc_transport.cc:1414] [MEGASCALE_TRANSPORT_INSTR] Recv: key=psum.7_0_sr_56_57|s200007->100007d|$c0$l706382421^i0 size=0 is_single_chunk=true is_aligned=true memcpy_needed=false
I0909 09:23:45.690880    1956 grpc_transport.cc:1414] [MEGASCALE_TRANSPORT_INSTR] Recv: key=psum.7_0_sr_45_46|s200002->100002d|$c0$l706382421^i0 size=0 is_single_chunk=true is_aligned=true memcpy_needed=false
I0909 09:23:45.691899    1379 grpc_transport.cc:1743] [MEGASCALE_TRANSPORT_INSTR] SendRpc: key=psum.7_0_1_ag_0_sr_10_11|s100001->200001d|$c0$l706382421^i0 size=8388608 queue_latency_us=0 attempt=0
I0909 09:23:45.703135    1416 grpc_transport.cc:1743] [MEGASCALE_TRANSPORT_INSTR] SendRpc: key=psum.7_0_1_ag_0_sr_23_24|s100003->200003d|$c0$l706382421^i0 size=8388608 queue_latency_us=1 attempt=0
I0909 09:23:45.709983    1900 grpc_transport.cc:1743] [MEGASCALE_TRANSPORT_INSTR] SendRpc: key=psum.7_0_1_ag_0_sr_54_55|s100004->200004d|$c0$l706382421^i0 size=8388608 queue_latency_us=0 attempt=0
I0909 09:23:45.722263    1392 grpc_transport.cc:1414] [MEGASCALE_TRANSPORT_INSTR] Recv: key=psum.7_0_1_ag_0_sr_100_101|s200003->100003d|$c0$l706382421^i0 size=0 is_single_chunk=true is_aligned=true memcpy_needed=false
I0909 09:23:45.727578    1746 grpc_transport.cc:1743] [MEGASCALE_TRANSPORT_INSTR] SendRpc: key=psum.7_0_1_ag_0_sr_22_23|s100002->200002d|$c0$l706382421^i0 size=8388608 queue_latency_us=0 attempt=0
I0909 09:23:45.732529    1393 grpc_transport.cc:1743] [MEGASCALE_TRANSPORT_INSTR] SendRpc: key=psum.7_0_1_ag_0_sr_38_39|s100000->200000d|$c0$l706382421^i0 size=8388608 queue_latency_us=0 attempt=0
I0909 09:23:45.741465    1386 grpc_transport.cc:1414] [MEGASCALE_TRANSPORT_INSTR] Recv: key=psum.7_0_1_ag_0_sr_75_76|s200004->100004d|$c0$l706382421^i0 size=0 is_single_chunk=true is_aligned=true memcpy_needed=false
I0909 09:23:45.757137    1379 grpc_transport.cc:1414] [MEGASCALE_TRANSPORT_INSTR] Recv: key=psum.7_0_1_ag_0_sr_122_123|s200004->100004d|$c0$l706382421^i0 size=0 is_single_chunk=true is_aligned=true memcpy_needed=false
I0909 09:23:45.773817    1900 grpc_transport.cc:1414] [MEGASCALE_TRANSPORT_INSTR] Recv: key=psum.7_0_1_ag_0_sr_103_104|s200005->100005d|$c0$l706382421^i0 size=0 is_single_chunk=true is_aligned=true memcpy_needed=false
I0909 09:23:45.792173    1374 grpc_transport.cc:1414] [MEGASCALE_TRANSPORT_INSTR] Recv: key=psum.7_0_1_ag_0_sr_104_105|s200006->100006d|$c0$l706382421^i0 size=0 is_single_chunk=true is_aligned=true memcpy_needed=false
I0909 09:23:45.813358    1410 grpc_transport.cc:1743] [MEGASCALE_TRANSPORT_INSTR] SendRpc: key=psum.7_0_sr_75_76|s100001->200001d|$c0$l706382422^i0 size=8388608 queue_latency_us=0 attempt=0
I0909 09:23:45.817063    1374 grpc_transport.cc:1743] [MEGASCALE_TRANSPORT_INSTR] SendRpc: key=psum.7_0_sr_76_77|s100006->200006d|$c0$l706382422^i0 size=8388608 queue_latency_us=0 attempt=0
I0909 09:23:45.819335    1584 grpc_transport.cc:1743] [MEGASCALE_TRANSPORT_INSTR] SendRpc: key=psum.7_0_sr_106_107|s100004->200004d|$c0$l706382422^i0 size=8388608 queue_latency_us=0 attempt=0
I0909 09:23:45.821515    1762 grpc_transport.cc:1743] [MEGASCALE_TRANSPORT_INSTR] SendRpc: key=psum.7_0_sr_99_100|s100007->200007d|$c0$l706382422^i0 size=8388608 queue_latency_us=0 attempt=0
I0909 09:23:45.824422    1909 grpc_transport.cc:1743] [MEGASCALE_TRANSPORT_INSTR] SendRpc: key=psum.7_0_sr_122_123|s100005->200005d|$c0$l706382422^i0 size=8388608 queue_latency_us=0 attempt=0
I0909 09:23:45.864278    1377 grpc_transport.cc:1414] [MEGASCALE_TRANSPORT_INSTR] Recv: key=psum.7_0_sr_19_20|s200005->100005d|$c0$l706382422^i0 size=0 is_single_chunk=true is_aligned=true memcpy_needed=false
I0909 09:23:45.890570    1377 grpc_transport.cc:1414] [MEGASCALE_TRANSPORT_INSTR] Recv: key=psum.7_0_sr_27_28|s200005->100005d|$c0$l706382422^i0 size=0 is_single_chunk=true is_aligned=true memcpy_needed=false
I0909 09:23:45.909844    1379 grpc_transport.cc:1414] [MEGASCALE_TRANSPORT_INSTR] Recv: key=psum.7_0_sr_20_21|s200000->100000d|$c0$l706382422^i0 size=0 is_single_chunk=true is_aligned=true memcpy_needed=false
I0909 09:23:45.927638    1956 grpc_transport.cc:1414] [MEGASCALE_TRANSPORT_INSTR] Recv: key=psum.7_0_sr_49_50|s200007->100007d|$c0$l706382422^i0 size=0 is_single_chunk=true is_aligned=true memcpy_needed=false
I0909 09:23:45.945619    1379 grpc_transport.cc:1414] [MEGASCALE_TRANSPORT_INSTR] Recv: key=psum.7_0_sr_57_58|s200001->100001d|$c0$l706382422^i0 size=0 is_single_chunk=true is_aligned=true memcpy_needed=false
I0909 09:23:45.959608    1957 grpc_transport.cc:1743] [MEGASCALE_TRANSPORT_INSTR] SendRpc: key=psum.7_0_1_ag_0_sr_10_11|s100007->200007d|$c0$l706382422^i0 size=8388608 queue_latency_us=1 attempt=0
I0909 09:23:45.965913    1374 grpc_transport.cc:1743] [MEGASCALE_TRANSPORT_INSTR] SendRpc: key=psum.7_0_1_ag_0_sr_23_24|s100003->200003d|$c0$l706382422^i0 size=8388608 queue_latency_us=0 attempt=0
I0909 09:23:45.974015    1391 grpc_transport.cc:1414] [MEGASCALE_TRANSPORT_INSTR] Recv: key=psum.7_0_1_ag_0_sr_67_68|s200004->100004d|$c0$l706382422^i0 size=0 is_single_chunk=true is_aligned=true memcpy_needed=false
I0909 09:23:45.975084     791 grpc_transport.cc:1743] [MEGASCALE_TRANSPORT_INSTR] SendRpc: key=psum.7_0_1_ag_0_sr_33_34|s100005->200005d|$c0$l706382422^i0 size=8388608 queue_latency_us=1 attempt=0
I0909 09:23:45.983676     792 grpc_transport.cc:1743] [MEGASCALE_TRANSPORT_INSTR] SendRpc: key=psum.7_0_1_ag_0_sr_40_41|s100000->200000d|$c0$l706382422^i0 size=8388608 queue_latency_us=0 attempt=0
I0909 09:23:45.988595    1392 grpc_transport.cc:1743] [MEGASCALE_TRANSPORT_INSTR] SendRpc: key=psum.7_0_1_ag_0_sr_52_53|s100002->200002d|$c0$l706382422^i0 size=8388608 queue_latency_us=0 attempt=0
I0909 09:23:45.995705    1379 grpc_transport.cc:1414] [MEGASCALE_TRANSPORT_INSTR] Recv: key=psum.7_0_1_ag_0_sr_101_102|s200000->100000d|$c0$l706382422^i0 size=0 is_single_chunk=true is_aligned=true memcpy_needed=false
I0909 09:23:46.013141    1957 grpc_transport.cc:1414] [MEGASCALE_TRANSPORT_INSTR] Recv: key=psum.7_0_1_ag_0_sr_112_113|s200006->100006d|$c0$l706382422^i0 size=0 is_single_chunk=true is_aligned=true memcpy_needed=false
I0909 09:23:46.029580    1379 grpc_transport.cc:1414] [MEGASCALE_TRANSPORT_INSTR] Recv: key=psum.7_0_1_ag_0_sr_107_108|s200005->100005d|$c0$l706382422^i0 size=0 is_single_chunk=true is_aligned=true memcpy_needed=false
I0909 09:23:46.046792    1956 grpc_transport.cc:1414] [MEGASCALE_TRANSPORT_INSTR] Recv: key=psum.7_0_1_ag_0_sr_102_103|s200003->100003d|$c0$l706382422^i0 size=0 is_single_chunk=true is_aligned=true memcpy_needed=false
I0909 09:23:46.076234     792 grpc_transport.cc:1743] [MEGASCALE_TRANSPORT_INSTR] SendRpc: key=psum.7_0_sr_104_105|s100001->200001d|$c0$l706382423^i0 size=8388608 queue_latency_us=1 attempt=0
I0909 09:23:46.080164    1756 grpc_transport.cc:1743] [MEGASCALE_TRANSPORT_INSTR] SendRpc: key=psum.7_0_sr_85_86|s100002->200002d|$c0$l706382423^i0 size=8388608 queue_latency_us=0 attempt=0
I0909 09:23:46.082786    1599 grpc_transport.cc:1743] [MEGASCALE_TRANSPORT_INSTR] SendRpc: key=psum.7_0_sr_74_75|s100005->200005d|$c0$l706382423^i0 size=8388608 queue_latency_us=0 attempt=0
I0909 09:23:46.085953    1756 grpc_transport.cc:1743] [MEGASCALE_TRANSPORT_INSTR] SendRpc: key=psum.7_0_sr_117_118|s100006->200006d|$c0$l706382423^i0 size=8388608 queue_latency_us=0 attempt=0
I0909 09:23:46.089824     793 grpc_transport.cc:1743] [MEGASCALE_TRANSPORT_INSTR] SendRpc: key=psum.7_0_sr_70_71|s100004->200004d|$c0$l706382423^i0 size=8388608 queue_latency_us=0 attempt=0
I0909 09:23:46.134715    1379 grpc_transport.cc:1414] [MEGASCALE_TRANSPORT_INSTR] Recv: key=psum.7_0_sr_3_4|s200001->100001d|$c0$l706382423^i0 size=0 is_single_chunk=true is_aligned=true memcpy_needed=false
I0909 09:23:46.169134    1730 grpc_transport.cc:1414] [MEGASCALE_TRANSPORT_INSTR] Recv: key=psum.7_0_sr_31_32|s200007->100007d|$c0$l706382423^i0 size=0 is_single_chunk=true is_aligned=true memcpy_needed=false
I0909 09:23:46.189450    1374 grpc_transport.cc:1414] [MEGASCALE_TRANSPORT_INSTR] Recv: key=psum.7_0_sr_43_44|s200007->100007d|$c0$l706382423^i0 size=0 is_single_chunk=true is_aligned=true memcpy_needed=false
I0909 09:23:46.211133    1722 grpc_transport.cc:1414] [MEGASCALE_TRANSPORT_INSTR] Recv: key=psum.7_0_sr_49_50|s200003->100003d|$c0$l706382423^i0 size=0 is_single_chunk=true is_aligned=true memcpy_needed=false
I0909 09:23:46.220204    1722 grpc_transport.cc:1743] [MEGASCALE_TRANSPORT_INSTR] SendRpc: key=psum.7_0_1_ag_0_sr_1_2|s100007->200007d|$c0$l706382423^i0 size=8388608 queue_latency_us=0 attempt=0
I0909 09:23:46.234331    1379 grpc_transport.cc:1414] [MEGASCALE_TRANSPORT_INSTR] Recv: key=psum.7_0_sr_56_57|s200005->100005d|$c0$l706382423^i0 size=0 is_single_chunk=true is_aligned=true memcpy_needed=false
I0909 09:23:46.242022    1379 grpc_transport.cc:1743] [MEGASCALE_TRANSPORT_INSTR] SendRpc: key=psum.7_0_1_ag_0_sr_36_37|s100001->200001d|$c0$l706382423^i0 size=8388608 queue_latency_us=2 attempt=0
I0909 09:23:46.252317    1958 grpc_transport.cc:1743] [MEGASCALE_TRANSPORT_INSTR] SendRpc: key=psum.7_0_1_ag_0_sr_37_38|s100003->200003d|$c0$l706382423^i0 size=8388608 queue_latency_us=0 attempt=0
I0909 09:23:46.256789    1956 grpc_transport.cc:1414] [MEGASCALE_TRANSPORT_INSTR] Recv: key=psum.7_0_1_ag_0_sr_87_88|s200006->100006d|$c0$l706382423^i0 size=0 is_single_chunk=true is_aligned=true memcpy_needed=false
I0909 09:23:46.271379    1374 grpc_transport.cc:1743] [MEGASCALE_TRANSPORT_INSTR] SendRpc: key=psum.7_0_1_ag_0_sr_44_45|s100006->200006d|$c0$l706382423^i0 size=8388608 queue_latency_us=0 attempt=0
I0909 09:23:46.278741    1722 grpc_transport.cc:1414] [MEGASCALE_TRANSPORT_INSTR] Recv: key=psum.7_0_1_ag_0_sr_89_90|s200006->100006d|$c0$l706382423^i0 size=0 is_single_chunk=true is_aligned=true memcpy_needed=false
I0909 09:23:46.279773    1957 grpc_transport.cc:1743] [MEGASCALE_TRANSPORT_INSTR] SendRpc: key=psum.7_0_1_ag_0_sr_48_49|s100002->200002d|$c0$l706382423^i0 size=8388608 queue_latency_us=0 attempt=0
I0909 09:23:46.288932    1942 grpc_transport.cc:1743] [MEGASCALE_TRANSPORT_INSTR] SendRpc: key=psum.7_0_1_ag_0_sr_52_53|s100004->200004d|$c0$l706382423^i0 size=8388608 queue_latency_us=0 attempt=0
I0909 09:23:46.295033    1724 grpc_transport.cc:1414] [MEGASCALE_TRANSPORT_INSTR] Recv: key=psum.7_0_1_ag_0_sr_97_98|s200003->100003d|$c0$l706382423^i0 size=0 is_single_chunk=true is_aligned=true memcpy_needed=false
I0909 09:23:46.311937    1379 grpc_transport.cc:1414] [MEGASCALE_TRANSPORT_INSTR] Recv: key=psum.7_0_1_ag_0_sr_77_78|s200000->100000d|$c0$l706382423^i0 size=0 is_single_chunk=true is_aligned=true memcpy_needed=false
I0909 09:23:46.329456    1377 grpc_transport.cc:1414] [MEGASCALE_TRANSPORT_INSTR] Recv: key=psum.7_0_1_ag_0_sr_72_73|s200004->100004d|$c0$l706382423^i0 size=0 is_single_chunk=true is_aligned=true memcpy_needed=false
I0909 09:23:46.346403    1373 grpc_transport.cc:1414] [MEGASCALE_TRANSPORT_INSTR] Recv: key=psum.7_0_1_ag_0_sr_127_128|s200007->100007d|$c0$l706382423^i0 size=0 is_single_chunk=true is_aligned=true memcpy_needed=false
I0909 09:23:46.361194    1776 grpc_transport.cc:1743] [MEGASCALE_TRANSPORT_INSTR] SendRpc: key=psum.7_0_sr_80_81|s100002->200002d|$c0$l706382424^i0 size=8388608 queue_latency_us=0 attempt=0
I0909 09:23:46.363899    1478 grpc_transport.cc:1743] [MEGASCALE_TRANSPORT_INSTR] SendRpc: key=psum.7_0_sr_85_86|s100003->200003d|$c0$l706382424^i0 size=8388608 queue_latency_us=0 attempt=0
I0909 09:23:46.366509    1385 grpc_transport.cc:1743] [MEGASCALE_TRANSPORT_INSTR] SendRpc: key=psum.7_0_sr_117_118|s100006->200006d|$c0$l706382424^i0 size=8388608 queue_latency_us=0 attempt=0
I0909 09:23:46.370015    1738 grpc_transport.cc:1743] [MEGASCALE_TRANSPORT_INSTR] SendRpc: key=psum.7_0_sr_127_128|s100006->200006d|$c0$l706382424^i0 size=8388608 queue_latency_us=0 attempt=0
I0909 09:23:46.376331    1907 grpc_transport.cc:1743] [MEGASCALE_TRANSPORT_INSTR] SendRpc: key=psum.7_0_sr_107_108|s100001->200001d|$c0$l706382424^i0 size=8388608 queue_latency_us=0 attempt=0
I0909 09:23:46.421713    1374 grpc_transport.cc:1414] [MEGASCALE_TRANSPORT_INSTR] Recv: key=psum.7_0_sr_1_2|s200003->100003d|$c0$l706382424^i0 size=0 is_single_chunk=true is_aligned=true memcpy_needed=false
I0909 09:23:46.442172    1377 grpc_transport.cc:1414] [MEGASCALE_TRANSPORT_INSTR] Recv: key=psum.7_0_sr_25_26|s200005->100005d|$c0$l706382424^i0 size=0 is_single_chunk=true is_aligned=true memcpy_needed=false
I0909 09:23:46.461082    1722 grpc_transport.cc:1414] [MEGASCALE_TRANSPORT_INSTR] Recv: key=psum.7_0_sr_35_36|s200006->100006d|$c0$l706382424^i0 size=0 is_single_chunk=true is_aligned=true memcpy_needed=false
I0909 09:23:46.480843    1377 grpc_transport.cc:1414] [MEGASCALE_TRANSPORT_INSTR] Recv: key=psum.7_0_sr_44_45|s200000->100000d|$c0$l706382424^i0 size=0 is_single_chunk=true is_aligned=true memcpy_needed=false
I0909 09:23:46.499028    1377 grpc_transport.cc:1414] [MEGASCALE_TRANSPORT_INSTR] Recv: key=psum.7_0_sr_58_59|s200005->100005d|$c0$l706382424^i0 size=0 is_single_chunk=true is_aligned=true memcpy_needed=false
I0909 09:23:46.507406     785 grpc_transport.cc:1743] [MEGASCALE_TRANSPORT_INSTR] SendRpc: key=psum.7_0_1_ag_0_sr_24_25|s100004->200004d|$c0$l706382424^i0 size=8388608 queue_latency_us=0 attempt=0
I0909 09:23:46.512199    1379 grpc_transport.cc:1743] [MEGASCALE_TRANSPORT_INSTR] SendRpc: key=psum.7_0_1_ag_0_sr_50_51|s100004->200004d|$c0$l706382424^i0 size=8388608 queue_latency_us=0 attempt=0
I0909 09:23:46.523585    1959 grpc_transport.cc:1743] [MEGASCALE_TRANSPORT_INSTR] SendRpc: key=psum.7_0_1_ag_0_sr_20_21|s100002->200002d|$c0$l706382424^i0 size=8388608 queue_latency_us=1 attempt=0
I0909 09:23:46.524219    1730 grpc_transport.cc:1414] [MEGASCALE_TRANSPORT_INSTR] Recv: key=psum.7_0_1_ag_0_sr_114_115|s200002->100002d|$c0$l706382424^i0 size=0 is_single_chunk=true is_aligned=true memcpy_needed=false
I0909 09:23:46.529348    1392 grpc_transport.cc:1743] [MEGASCALE_TRANSPORT_INSTR] SendRpc: key=psum.7_0_1_ag_0_sr_60_61|s100002->200002d|$c0$l706382424^i0 size=8388608 queue_latency_us=0 attempt=0
I0909 09:23:46.540083    1377 grpc_transport.cc:1743] [MEGASCALE_TRANSPORT_INSTR] SendRpc: key=psum.7_0_1_ag_0_sr_29_30|s100000->200000d|$c0$l706382424^i0 size=8388608 queue_latency_us=0 attempt=0
I0909 09:23:46.543895    1484 grpc_transport.cc:1414] [MEGASCALE_TRANSPORT_INSTR] Recv: key=psum.7_0_1_ag_0_sr_123_124|s200004->100004d|$c0$l706382424^i0 size=0 is_single_chunk=true is_aligned=true memcpy_needed=false
I0909 09:23:46.559858    1377 grpc_transport.cc:1414] [MEGASCALE_TRANSPORT_INSTR] Recv: key=psum.7_0_1_ag_0_sr_69_70|s200005->100005d|$c0$l706382424^i0 size=0 is_single_chunk=true is_aligned=true memcpy_needed=false
I0909 09:23:46.576145    1377 grpc_transport.cc:1414] [MEGASCALE_TRANSPORT_INSTR] Recv: key=psum.7_0_1_ag_0_sr_65_66|s200001->100001d|$c0$l706382424^i0 size=0 is_single_chunk=true is_aligned=true memcpy_needed=false
I0909 09:23:46.593907    1722 grpc_transport.cc:1414] [MEGASCALE_TRANSPORT_INSTR] Recv: key=psum.7_0_1_ag_0_sr_108_109|s200003->100003d|$c0$l706382424^i0 size=0 is_single_chunk=true is_aligned=true memcpy_needed=false
I0909 09:23:46.659424    1735 grpc_transport.cc:1743] [MEGASCALE_TRANSPORT_INSTR] SendRpc: key=psum.7_0_sr_74_75|s100006->200006d|$c0$l706382425^i0 size=8388608 queue_latency_us=0 attempt=0
I0909 09:23:46.661962    1584 grpc_transport.cc:1743] [MEGASCALE_TRANSPORT_INSTR] SendRpc: key=psum.7_0_sr_82_83|s100005->200005d|$c0$l706382425^i0 size=8388608 queue_latency_us=0 attempt=0
I0909 09:23:46.664930    1380 grpc_transport.cc:1743] [MEGASCALE_TRANSPORT_INSTR] SendRpc: key=psum.7_0_sr_100_101|s100007->200007d|$c0$l706382425^i0 size=8388608 queue_latency_us=1 attempt=0
I0909 09:23:46.668078    1936 grpc_transport.cc:1743] [MEGASCALE_TRANSPORT_INSTR] SendRpc: key=psum.7_0_sr_121_122|s100000->200000d|$c0$l706382425^i0 size=8388608 queue_latency_us=0 attempt=0
I0909 09:23:46.672106    1415 grpc_transport.cc:1743] [MEGASCALE_TRANSPORT_INSTR] SendRpc: key=psum.7_0_sr_104_105|s100001->200001d|$c0$l706382425^i0 size=8388608 queue_latency_us=0 attempt=0
I0909 09:23:46.681710    1379 grpc_transport.cc:1414] [MEGASCALE_TRANSPORT_INSTR] Recv: key=psum.7_0_sr_8_9|s200000->100000d|$c0$l706382425^i0 size=0 is_single_chunk=true is_aligned=true memcpy_needed=false
I0909 09:23:46.705543    1956 grpc_transport.cc:1414] [MEGASCALE_TRANSPORT_INSTR] Recv: key=psum.7_0_sr_4_5|s200006->100006d|$c0$l706382425^i0 size=0 is_single_chunk=true is_aligned=true memcpy_needed=false
I0909 09:23:46.725734    1377 grpc_transport.cc:1414] [MEGASCALE_TRANSPORT_INSTR] Recv: key=psum.7_0_sr_39_40|s200005->100005d|$c0$l706382425^i0 size=0 is_single_chunk=true is_aligned=true memcpy_needed=false
I0909 09:23:46.745277    1724 grpc_transport.cc:1414] [MEGASCALE_TRANSPORT_INSTR] Recv: key=psum.7_0_sr_43_44|s200007->100007d|$c0$l706382425^i0 size=0 is_single_chunk=true is_aligned=true memcpy_needed=false
I0909 09:23:46.763552    1377 grpc_transport.cc:1414] [MEGASCALE_TRANSPORT_INSTR] Recv: key=psum.7_0_sr_62_63|s200001->100001d|$c0$l706382425^i0 size=0 is_single_chunk=true is_aligned=true memcpy_needed=false
I0909 09:23:46.773324    1377 grpc_transport.cc:1743] [MEGASCALE_TRANSPORT_INSTR] SendRpc: key=psum.7_0_1_ag_0_sr_11_12|s100005->200005d|$c0$l706382425^i0 size=8388608 queue_latency_us=0 attempt=0
I0909 09:23:46.780826    1724 grpc_transport.cc:1743] [MEGASCALE_TRANSPORT_INSTR] SendRpc: key=psum.7_0_1_ag_0_sr_19_20|s100002->200002d|$c0$l706382425^i0 size=8388608 queue_latency_us=0 attempt=0
I0909 09:23:46.791071     785 grpc_transport.cc:1414] [MEGASCALE_TRANSPORT_INSTR] Recv: key=psum.7_0_1_ag_0_sr_80_81|s200000->100000d|$c0$l706382425^i0 size=0 is_single_chunk=true is_aligned=true memcpy_needed=false
I0909 09:23:46.791368    1377 grpc_transport.cc:1743] [MEGASCALE_TRANSPORT_INSTR] SendRpc: key=psum.7_0_1_ag_0_sr_49_50|s100001->200001d|$c0$l706382425^i0 size=8388608 queue_latency_us=0 attempt=0
I0909 09:23:46.796487    1463 grpc_transport.cc:1743] [MEGASCALE_TRANSPORT_INSTR] SendRpc: key=psum.7_0_1_ag_0_sr_32_33|s100007->200007d|$c0$l706382425^i0 size=8388608 queue_latency_us=0 attempt=0
I0909 09:23:46.803621    1374 grpc_transport.cc:1743] [MEGASCALE_TRANSPORT_INSTR] SendRpc: key=psum.7_0_1_ag_0_sr_58_59|s100007->200007d|$c0$l706382425^i0 size=8388608 queue_latency_us=0 attempt=0
I0909 09:23:46.811915    1386 grpc_transport.cc:1414] [MEGASCALE_TRANSPORT_INSTR] Recv: key=psum.7_0_1_ag_0_sr_103_104|s200000->100000d|$c0$l706382425^i0 size=0 is_single_chunk=true is_aligned=true memcpy_needed=false
I0909 09:23:46.828359    1374 grpc_transport.cc:1414] [MEGASCALE_TRANSPORT_INSTR] Recv: key=psum.7_0_1_ag_0_sr_127_128|s200007->100007d|$c0$l706382425^i0 size=0 is_single_chunk=true is_aligned=true memcpy_needed=false
I0909 09:23:46.846183    1900 grpc_transport.cc:1414] [MEGASCALE_TRANSPORT_INSTR] Recv: key=psum.7_0_1_ag_0_sr_88_89|s200004->100004d|$c0$l706382425^i0 size=0 is_single_chunk=true is_aligned=true memcpy_needed=false
I0909 09:23:46.864172    1374 grpc_transport.cc:1414] [MEGASCALE_TRANSPORT_INSTR] Recv: key=psum.7_0_1_ag_0_sr_125_126|s200002->100002d|$c0$l706382425^i0 size=0 is_single_chunk=true is_aligned=true memcpy_needed=false
I0909 09:23:46.893674    1411 grpc_transport.cc:1743] [MEGASCALE_TRANSPORT_INSTR] SendRpc: key=psum.7_0_sr_71_72|s100003->200003d|$c0$l706382426^i0 size=8388608 queue_latency_us=0 attempt=0
I0909 09:23:46.896673    1746 grpc_transport.cc:1743] [MEGASCALE_TRANSPORT_INSTR] SendRpc: key=psum.7_0_sr_76_77|s100003->200003d|$c0$l706382426^i0 size=8388608 queue_latency_us=0 attempt=0
I0909 09:23:46.899834    1968 grpc_transport.cc:1743] [MEGASCALE_TRANSPORT_INSTR] SendRpc: key=psum.7_0_sr_97_98|s100003->200003d|$c0$l706382426^i0 size=8388608 queue_latency_us=0 attempt=0
I0909 09:23:46.903747    1414 grpc_transport.cc:1743] [MEGASCALE_TRANSPORT_INSTR] SendRpc: key=psum.7_0_sr_102_103|s100006->200006d|$c0$l706382426^i0 size=8388608 queue_latency_us=0 attempt=0
I0909 09:23:46.908000    1374 grpc_transport.cc:1743] [MEGASCALE_TRANSPORT_INSTR] SendRpc: key=psum.7_0_sr_114_115|s100002->200002d|$c0$l706382426^i0 size=8388608 queue_latency_us=0 attempt=0
I0909 09:23:46.962670    1383 grpc_transport.cc:1414] [MEGASCALE_TRANSPORT_INSTR] Recv: key=psum.7_0_sr_16_17|s200004->100004d|$c0$l706382426^i0 size=0 is_single_chunk=true is_aligned=true memcpy_needed=false
I0909 09:23:47.008397    1373 grpc_transport.cc:1414] [MEGASCALE_TRANSPORT_INSTR] Recv: key=psum.7_0_sr_2_3|s200002->100002d|$c0$l706382426^i0 size=0 is_single_chunk=true is_aligned=true memcpy_needed=false
I0909 09:23:47.025940    1900 grpc_transport.cc:1414] [MEGASCALE_TRANSPORT_INSTR] Recv: key=psum.7_0_sr_9_10|s200000->100000d|$c0$l706382426^i0 size=0 is_single_chunk=true is_aligned=true memcpy_needed=false
I0909 09:23:47.031941    1377 grpc_transport.cc:1743] [MEGASCALE_TRANSPORT_INSTR] SendRpc: key=psum.7_0_1_ag_0_sr_18_19|s100004->200004d|$c0$l706382426^i0 size=8388608 queue_latency_us=1 attempt=0
I0909 09:23:47.049652    1379 grpc_transport.cc:1414] [MEGASCALE_TRANSPORT_INSTR] Recv: key=psum.7_0_sr_11_12|s200005->100005d|$c0$l706382426^i0 size=0 is_single_chunk=true is_aligned=true memcpy_needed=false
I0909 09:23:47.052407    1722 grpc_transport.cc:1743] [MEGASCALE_TRANSPORT_INSTR] SendRpc: key=psum.7_0_1_ag_0_sr_54_55|s100003->200003d|$c0$l706382426^i0 size=8388608 queue_latency_us=0 attempt=0
I0909 09:23:47.075691    1379 grpc_transport.cc:1414] [MEGASCALE_TRANSPORT_INSTR] Recv: key=psum.7_0_sr_43_44|s200000->100000d|$c0$l706382426^i0 size=0 is_single_chunk=true is_aligned=true memcpy_needed=false
I0909 09:23:47.090106    1900 grpc_transport.cc:1743] [MEGASCALE_TRANSPORT_INSTR] SendRpc: key=psum.7_0_1_ag_0_sr_35_36|s100001->200001d|$c0$l706382426^i0 size=8388608 queue_latency_us=0 attempt=0
I0909 09:23:47.096758    1956 grpc_transport.cc:1414] [MEGASCALE_TRANSPORT_INSTR] Recv: key=psum.7_0_1_ag_0_sr_65_66|s200007->100007d|$c0$l706382426^i0 size=0 is_single_chunk=true is_aligned=true memcpy_needed=false
I0909 09:23:47.104414    1733 grpc_transport.cc:1743] [MEGASCALE_TRANSPORT_INSTR] SendRpc: key=psum.7_0_1_ag_0_sr_61_62|s100002->200002d|$c0$l706382426^i0 size=8388608 queue_latency_us=0 attempt=0
I0909 09:23:47.115283    1402 grpc_transport.cc:1743] [MEGASCALE_TRANSPORT_INSTR] SendRpc: key=psum.7_0_1_ag_0_sr_1_2|s100006->200006d|$c0$l706382426^i0 size=8388608 queue_latency_us=0 attempt=0
I0909 09:23:47.118568    1722 grpc_transport.cc:1414] [MEGASCALE_TRANSPORT_INSTR] Recv: key=psum.7_0_1_ag_0_sr_79_80|s200003->100003d|$c0$l706382426^i0 size=0 is_single_chunk=true is_aligned=true memcpy_needed=false
I0909 09:23:47.134818    1373 grpc_transport.cc:1414] [MEGASCALE_TRANSPORT_INSTR] Recv: key=psum.7_0_1_ag_0_sr_105_106|s200003->100003d|$c0$l706382426^i0 size=0 is_single_chunk=true is_aligned=true memcpy_needed=false
I0909 09:23:47.150762    1900 grpc_transport.cc:1414] [MEGASCALE_TRANSPORT_INSTR] Recv: key=psum.7_0_1_ag_0_sr_105_106|s200001->100001d|$c0$l706382426^i0 size=0 is_single_chunk=true is_aligned=true memcpy_needed=false
I0909 09:23:47.168196    1956 grpc_transport.cc:1414] [MEGASCALE_TRANSPORT_INSTR] Recv: key=psum.7_0_1_ag_0_sr_102_103|s200002->100002d|$c0$l706382426^i0 size=0 is_single_chunk=true is_aligned=true memcpy_needed=false
I0909 09:23:47.196372    1393 grpc_transport.cc:1743] [MEGASCALE_TRANSPORT_INSTR] SendRpc: key=psum.7_0_sr_88_89|s100000->200000d|$c0$l706382427^i0 size=8388608 queue_latency_us=0 attempt=0
I0909 09:23:47.200218    1416 grpc_transport.cc:1743] [MEGASCALE_TRANSPORT_INSTR] SendRpc: key=psum.7_0_sr_65_66|s100006->200006d|$c0$l706382427^i0 size=8388608 queue_latency_us=0 attempt=0
I0909 09:23:47.202640    1965 grpc_transport.cc:1743] [MEGASCALE_TRANSPORT_INSTR] SendRpc: key=psum.7_0_sr_77_78|s100002->200002d|$c0$l706382427^i0 size=8388608 queue_latency_us=1 attempt=0
I0909 09:23:47.204970    1421 grpc_transport.cc:1743] [MEGASCALE_TRANSPORT_INSTR] SendRpc: key=psum.7_0_sr_107_108|s100006->200006d|$c0$l706382427^i0 size=8388608 queue_latency_us=0 attempt=0
I0909 09:23:47.208149    1392 grpc_transport.cc:1743] [MEGASCALE_TRANSPORT_INSTR] SendRpc: key=psum.7_0_sr_119_120|s100006->200006d|$c0$l706382427^i0 size=8388608 queue_latency_us=0 attempt=0
I0909 09:23:47.211909    1900 grpc_transport.cc:1414] [MEGASCALE_TRANSPORT_INSTR] Recv: key=psum.7_0_sr_19_20|s200001->100001d|$c0$l706382427^i0 size=0 is_single_chunk=true is_aligned=true memcpy_needed=false
I0909 09:23:47.214736    1379 grpc_transport.cc:1743] [MEGASCALE_TRANSPORT_INSTR] SendRpc: key=psum.7_0_sr_122_123|s100005->200005d|$c0$l706382427^i0 size=8388608 queue_latency_us=0 attempt=0
I0909 09:23:47.244445    1373 grpc_transport.cc:1414] [MEGASCALE_TRANSPORT_INSTR] Recv: key=psum.7_0_sr_6_7|s200002->100002d|$c0$l706382427^i0 size=0 is_single_chunk=true is_aligned=true memcpy_needed=false
I0909 09:23:47.262859    1373 grpc_transport.cc:1414] [MEGASCALE_TRANSPORT_INSTR] Recv: key=psum.7_0_sr_28_29|s200006->100006d|$c0$l706382427^i0 size=0 is_single_chunk=true is_aligned=true memcpy_needed=false
I0909 09:23:47.282091    1379 grpc_transport.cc:1414] [MEGASCALE_TRANSPORT_INSTR] Recv: key=psum.7_0_sr_51_52|s200001->100001d|$c0$l706382427^i0 size=0 is_single_chunk=true is_aligned=true memcpy_needed=false
I0909 09:23:47.299905    1385 grpc_transport.cc:1414] [MEGASCALE_TRANSPORT_INSTR] Recv: key=psum.7_0_sr_36_37|s200003->100003d|$c0$l706382427^i0 size=0 is_single_chunk=true is_aligned=true memcpy_needed=false
I0909 09:23:47.315232    1377 grpc_transport.cc:1743] [MEGASCALE_TRANSPORT_INSTR] SendRpc: key=psum.7_0_1_ag_0_sr_30_31|s100005->200005d|$c0$l706382427^i0 size=8388608 queue_latency_us=0 attempt=0
I0909 09:23:47.320529    1374 grpc_transport.cc:1414] [MEGASCALE_TRANSPORT_INSTR] Recv: key=psum.7_0_sr_62_63|s200002->100002d|$c0$l706382427^i0 size=0 is_single_chunk=true is_aligned=true memcpy_needed=false
I0909 09:23:47.326548    1385 grpc_transport.cc:1743] [MEGASCALE_TRANSPORT_INSTR] SendRpc: key=psum.7_0_1_ag_0_sr_25_26|s100006->200006d|$c0$l706382427^i0 size=8388608 queue_latency_us=0 attempt=0
I0909 09:23:47.335428    1392 grpc_transport.cc:1743] [MEGASCALE_TRANSPORT_INSTR] SendRpc: key=psum.7_0_1_ag_0_sr_47_48|s100003->200003d|$c0$l706382427^i0 size=8388608 queue_latency_us=0 attempt=0
I0909 09:23:47.342778    1423 grpc_transport.cc:1743] [MEGASCALE_TRANSPORT_INSTR] SendRpc: key=psum.7_0_1_ag_0_sr_12_13|s100000->200000d|$c0$l706382427^i0 size=8388608 queue_latency_us=0 attempt=0
I0909 09:23:47.350120    1900 grpc_transport.cc:1414] [MEGASCALE_TRANSPORT_INSTR] Recv: key=psum.7_0_1_ag_0_sr_124_125|s200000->100000d|$c0$l706382427^i0 size=0 is_single_chunk=true is_aligned=true memcpy_needed=false
I0909 09:23:47.354755    1741 grpc_transport.cc:1743] [MEGASCALE_TRANSPORT_INSTR] SendRpc: key=psum.7_0_1_ag_0_sr_47_48|s100002->200002d|$c0$l706382427^i0 size=8388608 queue_latency_us=0 attempt=0
I0909 09:23:47.368835    1956 grpc_transport.cc:1414] [MEGASCALE_TRANSPORT_INSTR] Recv: key=psum.7_0_1_ag_0_sr_86_87|s200007->100007d|$c0$l706382427^i0 size=0 is_single_chunk=true is_aligned=true memcpy_needed=false
I0909 09:23:47.384411    1377 grpc_transport.cc:1414] [MEGASCALE_TRANSPORT_INSTR] Recv: key=psum.7_0_1_ag_0_sr_89_90|s200001->100001d|$c0$l706382427^i0 size=0 is_single_chunk=true is_aligned=true memcpy_needed=false
I0909 09:23:47.402219    1900 grpc_transport.cc:1414] [MEGASCALE_TRANSPORT_INSTR] Recv: key=psum.7_0_1_ag_0_sr_118_119|s200001->100001d|$c0$l706382427^i0 size=0 is_single_chunk=true is_aligned=true memcpy_needed=false
I0909 09:23:47.419114    1724 grpc_transport.cc:1414] [MEGASCALE_TRANSPORT_INSTR] Recv: key=psum.7_0_1_ag_0_sr_125_126|s200002->100002d|$c0$l706382427^i0 size=0 is_single_chunk=true is_aligned=true memcpy_needed=false
I0909 09:23:47.440568    1735 grpc_transport.cc:1743] [MEGASCALE_TRANSPORT_INSTR] SendRpc: key=psum.7_0_sr_80_81|s100007->200007d|$c0$l706382428^i0 size=8388608 queue_latency_us=1 attempt=0
I0909 09:23:47.443384    1767 grpc_transport.cc:1743] [MEGASCALE_TRANSPORT_INSTR] SendRpc: key=psum.7_0_sr_64_65|s100007->200007d|$c0$l706382428^i0 size=8388608 queue_latency_us=0 attempt=0
I0909 09:23:47.445742    1757 grpc_transport.cc:1743] [MEGASCALE_TRANSPORT_INSTR] SendRpc: key=psum.7_0_sr_86_87|s100006->200006d|$c0$l706382428^i0 size=8388608 queue_latency_us=0 attempt=0
I0909 09:23:47.448945    1910 grpc_transport.cc:1743] [MEGASCALE_TRANSPORT_INSTR] SendRpc: key=psum.7_0_sr_113_114|s100004->200004d|$c0$l706382428^i0 size=8388608 queue_latency_us=0 attempt=0
I0909 09:23:47.456089    1906 grpc_transport.cc:1743] [MEGASCALE_TRANSPORT_INSTR] SendRpc: key=psum.7_0_sr_98_99|s100000->200000d|$c0$l706382428^i0 size=8388608 queue_latency_us=0 attempt=0
I0909 09:23:47.507794    1373 grpc_transport.cc:1414] [MEGASCALE_TRANSPORT_INSTR] Recv: key=psum.7_0_sr_18_19|s200007->100007d|$c0$l706382428^i0 size=0 is_single_chunk=true is_aligned=true memcpy_needed=false
I0909 09:23:47.527522    1724 grpc_transport.cc:1414] [MEGASCALE_TRANSPORT_INSTR] Recv: key=psum.7_0_sr_27_28|s200002->100002d|$c0$l706382428^i0 size=0 is_single_chunk=true is_aligned=true memcpy_needed=false
I0909 09:23:47.547674    1900 grpc_transport.cc:1414] [MEGASCALE_TRANSPORT_INSTR] Recv: key=psum.7_0_sr_21_22|s200000->100000d|$c0$l706382428^i0 size=0 is_single_chunk=true is_aligned=true memcpy_needed=false
I0909 09:23:47.565212    1724 grpc_transport.cc:1414] [MEGASCALE_TRANSPORT_INSTR] Recv: key=psum.7_0_sr_55_56|s200007->100007d|$c0$l706382428^i0 size=0 is_single_chunk=true is_aligned=true memcpy_needed=false
I0909 09:23:47.572540     785 grpc_transport.cc:1743] [MEGASCALE_TRANSPORT_INSTR] SendRpc: key=psum.7_0_1_ag_0_sr_38_39|s100004->200004d|$c0$l706382428^i0 size=8388608 queue_latency_us=0 attempt=0
I0909 09:23:47.588229    1733 grpc_transport.cc:1414] [MEGASCALE_TRANSPORT_INSTR] Recv: key=psum.7_0_sr_63_64|s200003->100003d|$c0$l706382428^i0 size=0 is_single_chunk=true is_aligned=true memcpy_needed=false
I0909 09:23:47.592733    1722 grpc_transport.cc:1743] [MEGASCALE_TRANSPORT_INSTR] SendRpc: key=psum.7_0_1_ag_0_sr_0_1|s100002->200002d|$c0$l706382428^i0 size=8388608 queue_latency_us=1 attempt=0
I0909 09:23:47.608331    1724 grpc_transport.cc:1743] [MEGASCALE_TRANSPORT_INSTR] SendRpc: key=psum.7_0_1_ag_0_sr_18_19|s100003->200003d|$c0$l706382428^i0 size=8388608 queue_latency_us=0 attempt=0
I0909 09:23:47.613092    1420 grpc_transport.cc:1414] [MEGASCALE_TRANSPORT_INSTR] Recv: key=psum.7_0_1_ag_0_sr_99_100|s200001->100001d|$c0$l706382428^i0 size=0 is_single_chunk=true is_aligned=true memcpy_needed=false
I0909 09:23:47.616347    1415 grpc_transport.cc:1743] [MEGASCALE_TRANSPORT_INSTR] SendRpc: key=psum.7_0_1_ag_0_sr_40_41|s100005->200005d|$c0$l706382428^i0 size=8388608 queue_latency_us=0 attempt=0
I0909 09:23:47.624754    1421 grpc_transport.cc:1743] [MEGASCALE_TRANSPORT_INSTR] SendRpc: key=psum.7_0_1_ag_0_sr_24_25|s100006->200006d|$c0$l706382428^i0 size=8388608 queue_latency_us=0 attempt=0
I0909 09:23:47.631107    1722 grpc_transport.cc:1414] [MEGASCALE_TRANSPORT_INSTR] Recv: key=psum.7_0_1_ag_0_sr_83_84|s200003->100003d|$c0$l706382428^i0 size=0 is_single_chunk=true is_aligned=true memcpy_needed=false
I0909 09:23:47.646668    1733 grpc_transport.cc:1414] [MEGASCALE_TRANSPORT_INSTR] Recv: key=psum.7_0_1_ag_0_sr_98_99|s200003->100003d|$c0$l706382428^i0 size=0 is_single_chunk=true is_aligned=true memcpy_needed=false
I0909 09:23:47.663663    1379 grpc_transport.cc:1414] [MEGASCALE_TRANSPORT_INSTR] Recv: key=psum.7_0_1_ag_0_sr_126_127|s200004->100004d|$c0$l706382428^i0 size=0 is_single_chunk=true is_aligned=true memcpy_needed=false
I0909 09:23:47.680512    1374 grpc_transport.cc:1414] [MEGASCALE_TRANSPORT_INSTR] Recv: key=psum.7_0_1_ag_0_sr_118_119|s200006->100006d|$c0$l706382428^i0 size=0 is_single_chunk=true is_aligned=true memcpy_needed=false
I0909 09:23:47.703642    1423 grpc_transport.cc:1743] [MEGASCALE_TRANSPORT_INSTR] SendRpc: key=psum.7_0_sr_77_78|s100001->200001d|$c0$l706382429^i0 size=8388608 queue_latency_us=0 attempt=0
I0909 09:23:47.707692    1464 grpc_transport.cc:1743] [MEGASCALE_TRANSPORT_INSTR] SendRpc: key=psum.7_0_sr_99_100|s100001->200001d|$c0$l706382429^i0 size=8388608 queue_latency_us=0 attempt=0
I0909 09:23:47.711165    1391 grpc_transport.cc:1743] [MEGASCALE_TRANSPORT_INSTR] SendRpc: key=psum.7_0_sr_114_115|s100001->200001d|$c0$l706382429^i0 size=8388608 queue_latency_us=0 attempt=0
I0909 09:23:47.714940    1735 grpc_transport.cc:1743] [MEGASCALE_TRANSPORT_INSTR] SendRpc: key=psum.7_0_sr_117_118|s100007->200007d|$c0$l706382429^i0 size=8388608 queue_latency_us=0 attempt=0
I0909 09:23:47.722201    1418 grpc_transport.cc:1743] [MEGASCALE_TRANSPORT_INSTR] SendRpc: key=psum.7_0_sr_73_74|s100000->200000d|$c0$l706382429^i0 size=8388608 queue_latency_us=0 attempt=0
I0909 09:23:47.762835    1900 grpc_transport.cc:1414] [MEGASCALE_TRANSPORT_INSTR] Recv: key=psum.7_0_sr_26_27|s200004->100004d|$c0$l706382429^i0 size=0 is_single_chunk=true is_aligned=true memcpy_needed=false
I0909 09:23:47.784890    1724 grpc_transport.cc:1414] [MEGASCALE_TRANSPORT_INSTR] Recv: key=psum.7_0_sr_16_17|s200003->100003d|$c0$l706382429^i0 size=0 is_single_chunk=true is_aligned=true memcpy_needed=false
I0909 09:23:47.802271    1379 grpc_transport.cc:1414] [MEGASCALE_TRANSPORT_INSTR] Recv: key=psum.7_0_sr_55_56|s200001->100001d|$c0$l706382429^i0 size=0 is_single_chunk=true is_aligned=true memcpy_needed=false
I0909 09:23:47.822635    1724 grpc_transport.cc:1414] [MEGASCALE_TRANSPORT_INSTR] Recv: key=psum.7_0_sr_47_48|s200006->100006d|$c0$l706382429^i0 size=0 is_single_chunk=true is_aligned=true memcpy_needed=false
I0909 09:23:47.828990     785 grpc_transport.cc:1743] [MEGASCALE_TRANSPORT_INSTR] SendRpc: key=psum.7_0_1_ag_0_sr_46_47|s100001->200001d|$c0$l706382429^i0 size=8388608 queue_latency_us=0 attempt=0
I0909 09:23:47.842603     785 grpc_transport.cc:1414] [MEGASCALE_TRANSPORT_INSTR] Recv: key=psum.7_0_sr_60_61|s200000->100000d|$c0$l706382429^i0 size=0 is_single_chunk=true is_aligned=true memcpy_needed=false
I0909 09:23:47.851890     785 grpc_transport.cc:1743] [MEGASCALE_TRANSPORT_INSTR] SendRpc: key=psum.7_0_1_ag_0_sr_3_4|s100005->200005d|$c0$l706382429^i0 size=8388608 queue_latency_us=0 attempt=0
I0909 09:23:47.857491    1956 grpc_transport.cc:1743] [MEGASCALE_TRANSPORT_INSTR] SendRpc: key=psum.7_0_1_ag_0_sr_23_24|s100006->200006d|$c0$l706382429^i0 size=8388608 queue_latency_us=0 attempt=0
I0909 09:23:47.867220    1722 grpc_transport.cc:1414] [MEGASCALE_TRANSPORT_INSTR] Recv: key=psum.7_0_1_ag_0_sr_67_68|s200007->100007d|$c0$l706382429^i0 size=0 is_single_chunk=true is_aligned=true memcpy_needed=false
I0909 09:23:47.867905    1957 grpc_transport.cc:1743] [MEGASCALE_TRANSPORT_INSTR] SendRpc: key=psum.7_0_1_ag_0_sr_27_28|s100002->200002d|$c0$l706382429^i0 size=8388608 queue_latency_us=0 attempt=0
I0909 09:23:47.875835    1724 grpc_transport.cc:1743] [MEGASCALE_TRANSPORT_INSTR] SendRpc: key=psum.7_0_1_ag_0_sr_12_13|s100003->200003d|$c0$l706382429^i0 size=8388608 queue_latency_us=0 attempt=0
I0909 09:23:47.883172    1722 grpc_transport.cc:1414] [MEGASCALE_TRANSPORT_INSTR] Recv: key=psum.7_0_1_ag_0_sr_115_116|s200007->100007d|$c0$l706382429^i0 size=0 is_single_chunk=true is_aligned=true memcpy_needed=false
I0909 09:23:47.901511    1374 grpc_transport.cc:1414] [MEGASCALE_TRANSPORT_INSTR] Recv: key=psum.7_0_1_ag_0_sr_115_116|s200003->100003d|$c0$l706382429^i0 size=0 is_single_chunk=true is_aligned=true memcpy_needed=false
I0909 09:23:47.917987    1374 grpc_transport.cc:1414] [MEGASCALE_TRANSPORT_INSTR] Recv: key=psum.7_0_1_ag_0_sr_65_66|s200006->100006d|$c0$l706382429^i0 size=0 is_single_chunk=true is_aligned=true memcpy_needed=false
I0909 09:23:47.936165     785 grpc_transport.cc:1414] [MEGASCALE_TRANSPORT_INSTR] Recv: key=psum.7_0_1_ag_0_sr_86_87|s200000->100000d|$c0$l706382429^i0 size=0 is_single_chunk=true is_aligned=true memcpy_needed=false
I0909 09:23:47.971765    1416 grpc_transport.cc:1743] [MEGASCALE_TRANSPORT_INSTR] SendRpc: key=psum.7_0_sr_68_69|s100007->200007d|$c0$l706382430^i0 size=8388608 queue_latency_us=0 attempt=0
I0909 09:23:47.975268    1743 grpc_transport.cc:1743] [MEGASCALE_TRANSPORT_INSTR] SendRpc: key=psum.7_0_sr_70_71|s100003->200003d|$c0$l706382430^i0 size=8388608 queue_latency_us=0 attempt=0
I0909 09:23:47.977601     797 grpc_transport.cc:1743] [MEGASCALE_TRANSPORT_INSTR] SendRpc: key=psum.7_0_sr_85_86|s100001->200001d|$c0$l706382430^i0 size=8388608 queue_latency_us=0 attempt=0
I0909 09:23:47.980979    1772 grpc_transport.cc:1743] [MEGASCALE_TRANSPORT_INSTR] SendRpc: key=psum.7_0_sr_124_125|s100006->200006d|$c0$l706382430^i0 size=8388608 queue_latency_us=0 attempt=0
I0909 09:23:47.985511    1909 grpc_transport.cc:1743] [MEGASCALE_TRANSPORT_INSTR] SendRpc: key=psum.7_0_sr_122_123|s100004->200004d|$c0$l706382430^i0 size=8388608 queue_latency_us=0 attempt=0
I0909 09:23:48.029331    1379 grpc_transport.cc:1414] [MEGASCALE_TRANSPORT_INSTR] Recv: key=psum.7_0_sr_9_10|s200004->100004d|$c0$l706382430^i0 size=0 is_single_chunk=true is_aligned=true memcpy_needed=false
I0909 09:23:48.058045     785 grpc_transport.cc:1414] [MEGASCALE_TRANSPORT_INSTR] Recv: key=psum.7_0_sr_12_13|s200001->100001d|$c0$l706382430^i0 size=0 is_single_chunk=true is_aligned=true memcpy_needed=false
I0909 09:23:48.078998    1385 grpc_transport.cc:1414] [MEGASCALE_TRANSPORT_INSTR] Recv: key=psum.7_0_sr_11_12|s200003->100003d|$c0$l706382430^i0 size=0 is_single_chunk=true is_aligned=true memcpy_needed=false
I0909 09:23:48.097624    1386 grpc_transport.cc:1414] [MEGASCALE_TRANSPORT_INSTR] Recv: key=psum.7_0_sr_52_53|s200005->100005d|$c0$l706382430^i0 size=0 is_single_chunk=true is_aligned=true memcpy_needed=false
I0909 09:23:48.120558    1379 grpc_transport.cc:1743] [MEGASCALE_TRANSPORT_INSTR] SendRpc: key=psum.7_0_1_ag_0_sr_3_4|s100005->200005d|$c0$l706382430^i0 size=8388608 queue_latency_us=0 attempt=0
I0909 09:23:48.121365    1724 grpc_transport.cc:1414] [MEGASCALE_TRANSPORT_INSTR] Recv: key=psum.7_0_sr_50_51|s200003->100003d|$c0$l706382430^i0 size=0 is_single_chunk=true is_aligned=true memcpy_needed=false
I0909 09:23:48.128422    1900 grpc_transport.cc:1743] [MEGASCALE_TRANSPORT_INSTR] SendRpc: key=psum.7_0_1_ag_0_sr_60_61|s100005->200005d|$c0$l706382430^i0 size=8388608 queue_latency_us=0 attempt=0
I0909 09:23:48.139973    1900 grpc_transport.cc:1414] [MEGASCALE_TRANSPORT_INSTR] Recv: key=psum.7_0_sr_63_64|s200001->100001d|$c0$l706382430^i0 size=0 is_single_chunk=true is_aligned=true memcpy_needed=false
I0909 09:23:48.145922    1379 grpc_transport.cc:1743] [MEGASCALE_TRANSPORT_INSTR] SendRpc: key=psum.7_0_1_ag_0_sr_32_33|s100004->200004d|$c0$l706382430^i0 size=8388608 queue_latency_us=0 attempt=0
I0909 09:23:48.151594    1956 grpc_transport.cc:1743] [MEGASCALE_TRANSPORT_INSTR] SendRpc: key=psum.7_0_1_ag_0_sr_5_6|s100006->200006d|$c0$l706382430^i0 size=8388608 queue_latency_us=0 attempt=0
I0909 09:23:48.162260     785 grpc_transport.cc:1414] [MEGASCALE_TRANSPORT_INSTR] Recv: key=psum.7_0_1_ag_0_sr_108_109|s200005->100005d|$c0$l706382430^i0 size=0 is_single_chunk=true is_aligned=true memcpy_needed=false
I0909 09:23:48.164152    1956 grpc_transport.cc:1743] [MEGASCALE_TRANSPORT_INSTR] SendRpc: key=psum.7_0_1_ag_0_sr_40_41|s100003->200003d|$c0$l706382430^i0 size=8388608 queue_latency_us=0 attempt=0
I0909 09:23:48.178816    1374 grpc_transport.cc:1414] [MEGASCALE_TRANSPORT_INSTR] Recv: key=psum.7_0_1_ag_0_sr_103_104|s200002->100002d|$c0$l706382430^i0 size=0 is_single_chunk=true is_aligned=true memcpy_needed=false
I0909 09:23:48.194627    1900 grpc_transport.cc:1414] [MEGASCALE_TRANSPORT_INSTR] Recv: key=psum.7_0_1_ag_0_sr_96_97|s200004->100004d|$c0$l706382430^i0 size=0 is_single_chunk=true is_aligned=true memcpy_needed=false
I0909 09:23:48.212506    1374 grpc_transport.cc:1414] [MEGASCALE_TRANSPORT_INSTR] Recv: key=psum.7_0_1_ag_0_sr_87_88|s200003->100003d|$c0$l706382430^i0 size=0 is_single_chunk=true is_aligned=true memcpy_needed=false
I0909 09:23:48.245527    1722 grpc_transport.cc:1743] [MEGASCALE_TRANSPORT_INSTR] SendRpc: key=psum.7_0_sr_68_69|s100003->200003d|$c0$l706382431^i0 size=8388608 queue_latency_us=0 attempt=0
I0909 09:23:48.249913    1456 grpc_transport.cc:1743] [MEGASCALE_TRANSPORT_INSTR] SendRpc: key=psum.7_0_sr_83_84|s100003->200003d|$c0$l706382431^i0 size=8388608 queue_latency_us=0 attempt=0
I0909 09:23:48.253084    1730 grpc_transport.cc:1743] [MEGASCALE_TRANSPORT_INSTR] SendRpc: key=psum.7_0_sr_105_106|s100007->200007d|$c0$l706382431^i0 size=8388608 queue_latency_us=0 attempt=0
I0909 09:23:48.256077     808 grpc_transport.cc:1743] [MEGASCALE_TRANSPORT_INSTR] SendRpc: key=psum.7_0_sr_101_102|s100002->200002d|$c0$l706382431^i0 size=8388608 queue_latency_us=0 attempt=0
I0909 09:23:48.259302    1599 grpc_transport.cc:1743] [MEGASCALE_TRANSPORT_INSTR] SendRpc: key=psum.7_0_sr_99_100|s100004->200004d|$c0$l706382431^i0 size=8388608 queue_latency_us=0 attempt=0
I0909 09:23:48.281501    1374 grpc_transport.cc:1414] [MEGASCALE_TRANSPORT_INSTR] Recv: key=psum.7_0_sr_2_3|s200003->100003d|$c0$l706382431^i0 size=0 is_single_chunk=true is_aligned=true memcpy_needed=false
I0909 09:23:48.320549    1900 grpc_transport.cc:1414] [MEGASCALE_TRANSPORT_INSTR] Recv: key=psum.7_0_sr_26_27|s200004->100004d|$c0$l706382431^i0 size=0 is_single_chunk=true is_aligned=true memcpy_needed=false
I0909 09:23:48.342455    1379 grpc_transport.cc:1414] [MEGASCALE_TRANSPORT_INSTR] Recv: key=psum.7_0_sr_31_32|s200000->100000d|$c0$l706382431^i0 size=0 is_single_chunk=true is_aligned=true memcpy_needed=false
I0909 09:23:48.363449    1373 grpc_transport.cc:1414] [MEGASCALE_TRANSPORT_INSTR] Recv: key=psum.7_0_sr_22_23|s200007->100007d|$c0$l706382431^i0 size=0 is_single_chunk=true is_aligned=true memcpy_needed=false
I0909 09:23:48.378029    1379 grpc_transport.cc:1743] [MEGASCALE_TRANSPORT_INSTR] SendRpc: key=psum.7_0_1_ag_0_sr_3_4|s100001->200001d|$c0$l706382431^i0 size=8388608 queue_latency_us=0 attempt=0
I0909 09:23:48.381537    1379 grpc_transport.cc:1414] [MEGASCALE_TRANSPORT_INSTR] Recv: key=psum.7_0_sr_60_61|s200000->100000d|$c0$l706382431^i0 size=0 is_single_chunk=true is_aligned=true memcpy_needed=false
I0909 09:23:48.397299    1900 grpc_transport.cc:1743] [MEGASCALE_TRANSPORT_INSTR] SendRpc: key=psum.7_0_1_ag_0_sr_9_10|s100000->200000d|$c0$l706382431^i0 size=8388608 queue_latency_us=0 attempt=0
I0909 09:23:48.405189    1900 grpc_transport.cc:1743] [MEGASCALE_TRANSPORT_INSTR] SendRpc: key=psum.7_0_1_ag_0_sr_60_61|s100000->200000d|$c0$l706382431^i0 size=8388608 queue_latency_us=0 attempt=0
I0909 09:23:48.406625    1900 grpc_transport.cc:1414] [MEGASCALE_TRANSPORT_INSTR] Recv: key=psum.7_0_1_ag_0_sr_86_87|s200005->100005d|$c0$l706382431^i0 size=0 is_single_chunk=true is_aligned=true memcpy_needed=false
I0909 09:23:48.419726    1956 grpc_transport.cc:1743] [MEGASCALE_TRANSPORT_INSTR] SendRpc: key=psum.7_0_1_ag_0_sr_45_46|s100006->200006d|$c0$l706382431^i0 size=8388608 queue_latency_us=0 attempt=0
I0909 09:23:48.425254    1386 grpc_transport.cc:1414] [MEGASCALE_TRANSPORT_INSTR] Recv: key=psum.7_0_1_ag_0_sr_96_97|s200001->100001d|$c0$l706382431^i0 size=0 is_single_chunk=true is_aligned=true memcpy_needed=false
I0909 09:23:48.431899    1387 grpc_transport.cc:1743] [MEGASCALE_TRANSPORT_INSTR] SendRpc: key=psum.7_0_1_ag_0_sr_27_28|s100007->200007d|$c0$l706382431^i0 size=8388608 queue_latency_us=0 attempt=0
I0909 09:23:48.443631    1722 grpc_transport.cc:1743] [MEGASCALE_TRANSPORT_INSTR] SendRpc: key=psum.7_0_1_ag_0_sr_53_54|s100002->200002d|$c0$l706382431^i0 size=8388608 queue_latency_us=0 attempt=0
I0909 09:23:48.444658    1900 grpc_transport.cc:1414] [MEGASCALE_TRANSPORT_INSTR] Recv: key=psum.7_0_1_ag_0_sr_65_66|s200004->100004d|$c0$l706382431^i0 size=0 is_single_chunk=true is_aligned=true memcpy_needed=false
I0909 09:23:48.460892     785 grpc_transport.cc:1414] [MEGASCALE_TRANSPORT_INSTR] Recv: key=psum.7_0_1_ag_0_sr_81_82|s200000->100000d|$c0$l706382431^i0 size=0 is_single_chunk=true is_aligned=true memcpy_needed=false
I0909 09:23:48.477426    1373 grpc_transport.cc:1414] [MEGASCALE_TRANSPORT_INSTR] Recv: key=psum.7_0_1_ag_0_sr_89_90|s200002->100002d|$c0$l706382431^i0 size=0 is_single_chunk=true is_aligned=true memcpy_needed=false
I0909 09:23:48.502200    1722 grpc_transport.cc:1414] [MEGASCALE_TRANSPORT_INSTR] Recv: key=psum.7_0_1_ag_0_sr_116_117|s200003->100003d|$c0$l706382431^i0 size=0 is_single_chunk=true is_aligned=true memcpy_needed=false
I0909 09:23:48.524198    1386 grpc_transport.cc:1743] [MEGASCALE_TRANSPORT_INSTR] SendRpc: key=psum.7_0_sr_70_71|s100005->200005d|$c0$l706382432^i0 size=8388608 queue_latency_us=0 attempt=0
I0909 09:23:48.527067    1478 grpc_transport.cc:1743] [MEGASCALE_TRANSPORT_INSTR] SendRpc: key=psum.7_0_sr_99_100|s100007->200007d|$c0$l706382432^i0 size=8388608 queue_latency_us=0 attempt=0
I0909 09:23:48.529341    1757 grpc_transport.cc:1743] [MEGASCALE_TRANSPORT_INSTR] SendRpc: key=psum.7_0_sr_106_107|s100007->200007d|$c0$l706382432^i0 size=8388608 queue_latency_us=0 attempt=0
I0909 09:23:48.532011     796 grpc_transport.cc:1743] [MEGASCALE_TRANSPORT_INSTR] SendRpc: key=psum.7_0_sr_97_98|s100001->200001d|$c0$l706382432^i0 size=8388608 queue_latency_us=0 attempt=0
I0909 09:23:48.536727    1909 grpc_transport.cc:1743] [MEGASCALE_TRANSPORT_INSTR] SendRpc: key=psum.7_0_sr_115_116|s100000->200000d|$c0$l706382432^i0 size=8388608 queue_latency_us=0 attempt=0
I0909 09:23:48.564454    1900 grpc_transport.cc:1414] [MEGASCALE_TRANSPORT_INSTR] Recv: key=psum.7_0_sr_13_14|s200000->100000d|$c0$l706382432^i0 size=0 is_single_chunk=true is_aligned=true memcpy_needed=false
I0909 09:23:48.583939    1374 grpc_transport.cc:1414] [MEGASCALE_TRANSPORT_INSTR] Recv: key=psum.7_0_sr_23_24|s200007->100007d|$c0$l706382432^i0 size=0 is_single_chunk=true is_aligned=true memcpy_needed=false
I0909 09:23:48.603822    1379 grpc_transport.cc:1414] [MEGASCALE_TRANSPORT_INSTR] Recv: key=psum.7_0_sr_38_39|s200000->100000d|$c0$l706382432^i0 size=0 is_single_chunk=true is_aligned=true memcpy_needed=false
I0909 09:23:48.622726    1957 grpc_transport.cc:1414] [MEGASCALE_TRANSPORT_INSTR] Recv: key=psum.7_0_sr_42_43|s200007->100007d|$c0$l706382432^i0 size=0 is_single_chunk=true is_aligned=true memcpy_needed=false
I0909 09:23:48.631033    1379 grpc_transport.cc:1743] [MEGASCALE_TRANSPORT_INSTR] SendRpc: key=psum.7_0_1_ag_0_sr_15_16|s100005->200005d|$c0$l706382432^i0 size=8388608 queue_latency_us=0 attempt=0
I0909 09:23:48.640173    1373 grpc_transport.cc:1743] [MEGASCALE_TRANSPORT_INSTR] SendRpc: key=psum.7_0_1_ag_0_sr_49_50|s100003->200003d|$c0$l706382432^i0 size=8388608 queue_latency_us=0 attempt=0
I0909 09:23:48.642057    1957 grpc_transport.cc:1414] [MEGASCALE_TRANSPORT_INSTR] Recv: key=psum.7_0_sr_50_51|s200002->100002d|$c0$l706382432^i0 size=0 is_single_chunk=true is_aligned=true memcpy_needed=false
I0909 09:23:48.662969    1418 grpc_transport.cc:1743] [MEGASCALE_TRANSPORT_INSTR] SendRpc: key=psum.7_0_1_ag_0_sr_11_12|s100004->200004d|$c0$l706382432^i0 size=8388608 queue_latency_us=0 attempt=0
I0909 09:23:48.669018    1722 grpc_transport.cc:1414] [MEGASCALE_TRANSPORT_INSTR] Recv: key=psum.7_0_1_ag_0_sr_104_105|s200006->100006d|$c0$l706382432^i0 size=0 is_single_chunk=true is_aligned=true memcpy_needed=false
I0909 09:23:48.669151    1385 grpc_transport.cc:1743] [MEGASCALE_TRANSPORT_INSTR] SendRpc: key=psum.7_0_1_ag_0_sr_40_41|s100007->200007d|$c0$l706382432^i0 size=8388608 queue_latency_us=1 attempt=0
I0909 09:23:48.677992    1956 grpc_transport.cc:1743] [MEGASCALE_TRANSPORT_INSTR] SendRpc: key=psum.7_0_1_ag_0_sr_33_34|s100002->200002d|$c0$l706382432^i0 size=8388608 queue_latency_us=0 attempt=0
I0909 09:23:48.689356     785 grpc_transport.cc:1414] [MEGASCALE_TRANSPORT_INSTR] Recv: key=psum.7_0_1_ag_0_sr_76_77|s200001->100001d|$c0$l706382432^i0 size=0 is_single_chunk=true is_aligned=true memcpy_needed=false
I0909 09:23:48.711204    1900 grpc_transport.cc:1414] [MEGASCALE_TRANSPORT_INSTR] Recv: key=psum.7_0_1_ag_0_sr_109_110|s200001->100001d|$c0$l706382432^i0 size=0 is_single_chunk=true is_aligned=true memcpy_needed=false
I0909 09:23:48.729294    1379 grpc_transport.cc:1414] [MEGASCALE_TRANSPORT_INSTR] Recv: key=psum.7_0_1_ag_0_sr_111_112|s200004->100004d|$c0$l706382432^i0 size=0 is_single_chunk=true is_aligned=true memcpy_needed=false
I0909 09:23:48.745833    1374 grpc_transport.cc:1414] [MEGASCALE_TRANSPORT_INSTR] Recv: key=psum.7_0_1_ag_0_sr_115_116|s200002->100002d|$c0$l706382432^i0 size=0 is_single_chunk=true is_aligned=true memcpy_needed=false
I0909 09:23:48.766032    1414 grpc_transport.cc:1743] [MEGASCALE_TRANSPORT_INSTR] SendRpc: key=psum.7_0_sr_70_71|s100006->200006d|$c0$l706382433^i0 size=8388608 queue_latency_us=0 attempt=0
I0909 09:23:48.769087    1900 grpc_transport.cc:1743] [MEGASCALE_TRANSPORT_INSTR] SendRpc: key=psum.7_0_sr_76_77|s100000->200000d|$c0$l706382433^i0 size=8388608 queue_latency_us=0 attempt=0
I0909 09:23:48.771649    1410 grpc_transport.cc:1743] [MEGASCALE_TRANSPORT_INSTR] SendRpc: key=psum.7_0_sr_86_87|s100000->200000d|$c0$l706382433^i0 size=8388608 queue_latency_us=0 attempt=0
I0909 09:23:48.775080    1410 grpc_transport.cc:1743] [MEGASCALE_TRANSPORT_INSTR] SendRpc: key=psum.7_0_sr_120_121|s100005->200005d|$c0$l706382433^i0 size=8388608 queue_latency_us=0 attempt=0
I0909 09:23:48.780650     785 grpc_transport.cc:1743] [MEGASCALE_TRANSPORT_INSTR] SendRpc: key=psum.7_0_sr_93_94|s100004->200004d|$c0$l706382433^i0 size=8388608 queue_latency_us=0 attempt=0
I0909 09:23:48.850222    1724 grpc_transport.cc:1414] [MEGASCALE_TRANSPORT_INSTR] Recv: key=psum.7_0_sr_10_11|s200002->100002d|$c0$l706382433^i0 size=0 is_single_chunk=true is_aligned=true memcpy_needed=false
I0909 09:23:48.872003    1724 grpc_transport.cc:1414] [MEGASCALE_TRANSPORT_INSTR] Recv: key=psum.7_0_sr_21_22|s200002->100002d|$c0$l706382433^i0 size=0 is_single_chunk=true is_aligned=true memcpy_needed=false
I0909 09:23:48.892388     785 grpc_transport.cc:1414] [MEGASCALE_TRANSPORT_INSTR] Recv: key=psum.7_0_sr_48_49|s200000->100000d|$c0$l706382433^i0 size=0 is_single_chunk=true is_aligned=true memcpy_needed=false
I0909 09:23:48.916071    1379 grpc_transport.cc:1414] [MEGASCALE_TRANSPORT_INSTR] Recv: key=psum.7_0_sr_28_29|s200004->100004d|$c0$l706382433^i0 size=0 is_single_chunk=true is_aligned=true memcpy_needed=false
I0909 09:23:48.921665    1379 grpc_transport.cc:1743] [MEGASCALE_TRANSPORT_INSTR] SendRpc: key=psum.7_0_1_ag_0_sr_55_56|s100005->200005d|$c0$l706382433^i0 size=8388608 queue_latency_us=0 attempt=0
I0909 09:23:48.934651    1379 grpc_transport.cc:1414] [MEGASCALE_TRANSPORT_INSTR] Recv: key=psum.7_0_sr_52_53|s200001->100001d|$c0$l706382433^i0 size=0 is_single_chunk=true is_aligned=true memcpy_needed=false
I0909 09:23:48.938051    1722 grpc_transport.cc:1743] [MEGASCALE_TRANSPORT_INSTR] SendRpc: key=psum.7_0_1_ag_0_sr_27_28|s100007->200007d|$c0$l706382433^i0 size=8388608 queue_latency_us=0 attempt=0
I0909 09:23:48.950475    1377 grpc_transport.cc:1743] [MEGASCALE_TRANSPORT_INSTR] SendRpc: key=psum.7_0_1_ag_0_sr_25_26|s100001->200001d|$c0$l706382433^i0 size=8388608 queue_latency_us=0 attempt=0
I0909 09:23:48.956986    1900 grpc_transport.cc:1414] [MEGASCALE_TRANSPORT_INSTR] Recv: key=psum.7_0_1_ag_0_sr_102_103|s200001->100001d|$c0$l706382433^i0 size=0 is_single_chunk=true is_aligned=true memcpy_needed=false
I0909 09:23:48.963425     785 grpc_transport.cc:1743] [MEGASCALE_TRANSPORT_INSTR] SendRpc: key=psum.7_0_1_ag_0_sr_33_34|s100004->200004d|$c0$l706382433^i0 size=8388608 queue_latency_us=0 attempt=0
I0909 09:23:48.976849    1374 grpc_transport.cc:1743] [MEGASCALE_TRANSPORT_INSTR] SendRpc: key=psum.7_0_1_ag_0_sr_5_6|s100006->200006d|$c0$l706382433^i0 size=8388608 queue_latency_us=0 attempt=0
I0909 09:23:48.977230    1391 grpc_transport.cc:1414] [MEGASCALE_TRANSPORT_INSTR] Recv: key=psum.7_0_1_ag_0_sr_100_101|s200005->100005d|$c0$l706382433^i0 size=0 is_single_chunk=true is_aligned=true memcpy_needed=false
I0909 09:23:48.993908    1733 grpc_transport.cc:1414] [MEGASCALE_TRANSPORT_INSTR] Recv: key=psum.7_0_1_ag_0_sr_76_77|s200003->100003d|$c0$l706382433^i0 size=0 is_single_chunk=true is_aligned=true memcpy_needed=false
I0909 09:23:49.011038    1900 grpc_transport.cc:1414] [MEGASCALE_TRANSPORT_INSTR] Recv: key=psum.7_0_1_ag_0_sr_68_69|s200004->100004d|$c0$l706382433^i0 size=0 is_single_chunk=true is_aligned=true memcpy_needed=false
I0909 09:23:49.027522     785 grpc_transport.cc:1414] [MEGASCALE_TRANSPORT_INSTR] Recv: key=psum.7_0_1_ag_0_sr_108_109|s200000->100000d|$c0$l706382433^i0 size=0 is_single_chunk=true is_aligned=true memcpy_needed=false
I0909 09:23:49.053151    1741 grpc_transport.cc:1743] [MEGASCALE_TRANSPORT_INSTR] SendRpc: key=psum.7_0_sr_74_75|s100007->200007d|$c0$l706382434^i0 size=8388608 queue_latency_us=0 attempt=0
I0909 09:23:49.056017    1942 grpc_transport.cc:1743] [MEGASCALE_TRANSPORT_INSTR] SendRpc: key=psum.7_0_sr_110_111|s100001->200001d|$c0$l706382434^i0 size=8388608 queue_latency_us=0 attempt=0
I0909 09:23:49.059691    1906 grpc_transport.cc:1743] [MEGASCALE_TRANSPORT_INSTR] SendRpc: key=psum.7_0_sr_101_102|s100005->200005d|$c0$l706382434^i0 size=8388608 queue_latency_us=0 attempt=0
I0909 09:23:49.063138    1739 grpc_transport.cc:1743] [MEGASCALE_TRANSPORT_INSTR] SendRpc: key=psum.7_0_sr_124_125|s100007->200007d|$c0$l706382434^i0 size=8388608 queue_latency_us=0 attempt=0
I0909 09:23:49.066931    1722 grpc_transport.cc:1743] [MEGASCALE_TRANSPORT_INSTR] SendRpc: key=psum.7_0_sr_96_97|s100006->200006d|$c0$l706382434^i0 size=8388608 queue_latency_us=0 attempt=0
I0909 09:23:49.091382    1374 grpc_transport.cc:1414] [MEGASCALE_TRANSPORT_INSTR] Recv: key=psum.7_0_sr_5_6|s200002->100002d|$c0$l706382434^i0 size=0 is_single_chunk=true is_aligned=true memcpy_needed=false
I0909 09:23:49.116885    1377 grpc_transport.cc:1414] [MEGASCALE_TRANSPORT_INSTR] Recv: key=psum.7_0_sr_32_33|s200004->100004d|$c0$l706382434^i0 size=0 is_single_chunk=true is_aligned=true memcpy_needed=false
I0909 09:23:49.137712    1900 grpc_transport.cc:1414] [MEGASCALE_TRANSPORT_INSTR] Recv: key=psum.7_0_sr_45_46|s200001->100001d|$c0$l706382434^i0 size=0 is_single_chunk=true is_aligned=true memcpy_needed=false
I0909 09:23:49.157760    1900 grpc_transport.cc:1414] [MEGASCALE_TRANSPORT_INSTR] Recv: key=psum.7_0_sr_45_46|s200005->100005d|$c0$l706382434^i0 size=0 is_single_chunk=true is_aligned=true memcpy_needed=false
I0909 09:23:49.173529    1377 grpc_transport.cc:1743] [MEGASCALE_TRANSPORT_INSTR] SendRpc: key=psum.7_0_1_ag_0_sr_32_33|s100001->200001d|$c0$l706382434^i0 size=8388608 queue_latency_us=0 attempt=0
I0909 09:23:49.177554    1900 grpc_transport.cc:1414] [MEGASCALE_TRANSPORT_INSTR] Recv: key=psum.7_0_sr_62_63|s200005->100005d|$c0$l706382434^i0 size=0 is_single_chunk=true is_aligned=true memcpy_needed=false
I0909 09:23:49.189450    1377 grpc_transport.cc:1743] [MEGASCALE_TRANSPORT_INSTR] SendRpc: key=psum.7_0_1_ag_0_sr_4_5|s100000->200000d|$c0$l706382434^i0 size=8388608 queue_latency_us=0 attempt=0
I0909 09:23:49.198150    1379 grpc_transport.cc:1743] [MEGASCALE_TRANSPORT_INSTR] SendRpc: key=psum.7_0_1_ag_0_sr_43_44|s100005->200005d|$c0$l706382434^i0 size=8388608 queue_latency_us=0 attempt=0
I0909 09:23:49.198450    1380 grpc_transport.cc:1414] [MEGASCALE_TRANSPORT_INSTR] Recv: key=psum.7_0_sr_62_63|s200003->100003d|$c0$l706382434^i0 size=0 is_single_chunk=true is_aligned=true memcpy_needed=false
I0909 09:23:49.210725    1956 grpc_transport.cc:1743] [MEGASCALE_TRANSPORT_INSTR] SendRpc: key=psum.7_0_1_ag_0_sr_14_15|s100003->200003d|$c0$l706382434^i0 size=8388608 queue_latency_us=0 attempt=0
I0909 09:23:49.218738    1900 grpc_transport.cc:1414] [MEGASCALE_TRANSPORT_INSTR] Recv: key=psum.7_0_1_ag_0_sr_91_92|s200004->100004d|$c0$l706382434^i0 size=0 is_single_chunk=true is_aligned=true memcpy_needed=false
I0909 09:23:49.222096    1739 grpc_transport.cc:1743] [MEGASCALE_TRANSPORT_INSTR] SendRpc: key=psum.7_0_1_ag_0_sr_51_52|s100002->200002d|$c0$l706382434^i0 size=8388608 queue_latency_us=0 attempt=0
I0909 09:23:49.235079     785 grpc_transport.cc:1414] [MEGASCALE_TRANSPORT_INSTR] Recv: key=psum.7_0_1_ag_0_sr_67_68|s200000->100000d|$c0$l706382434^i0 size=0 is_single_chunk=true is_aligned=true memcpy_needed=false
I0909 09:23:49.252449    1377 grpc_transport.cc:1414] [MEGASCALE_TRANSPORT_INSTR] Recv: key=psum.7_0_1_ag_0_sr_83_84|s200005->100005d|$c0$l706382434^i0 size=0 is_single_chunk=true is_aligned=true memcpy_needed=false
I0909 09:23:49.269841    1374 grpc_transport.cc:1414] [MEGASCALE_TRANSPORT_INSTR] Recv: key=psum.7_0_1_ag_0_sr_88_89|s200003->100003d|$c0$l706382434^i0 size=0 is_single_chunk=true is_aligned=true memcpy_needed=false
I0909 09:23:49.331098    1900 grpc_transport.cc:1414] [MEGASCALE_TRANSPORT_INSTR] Recv: key=all-reduce_0_ag_0_sr_1_2|s200005->100005d|$c0$l-493875058^i0 size=512 is_single_chunk=true is_aligned=false memcpy_needed=true
I0909 09:23:49.339947    1900 grpc_transport.cc:1743] [MEGASCALE_TRANSPORT_INSTR] SendRpc: key=psum.7_0_sr_82_83|s100001->200001d|$c0$l706382435^i0 size=8388608 queue_latency_us=0 attempt=0
I0909 09:23:49.343259    1768 grpc_transport.cc:1743] [MEGASCALE_TRANSPORT_INSTR] SendRpc: key=psum.7_0_sr_67_68|s100007->200007d|$c0$l706382435^i0 size=8388608 queue_latency_us=1 attempt=0
I0909 09:23:49.346283    1373 grpc_transport.cc:1743] [MEGASCALE_TRANSPORT_INSTR] SendRpc: key=psum.7_0_sr_88_89|s100006->200006d|$c0$l706382435^i0 size=8388608 queue_latency_us=0 attempt=0
I0909 09:23:49.348963     785 grpc_transport.cc:1743] [MEGASCALE_TRANSPORT_INSTR] SendRpc: key=psum.7_0_sr_94_95|s100000->200000d|$c0$l706382435^i0 size=8388608 queue_latency_us=0 attempt=0
I0909 09:23:49.352374    1377 grpc_transport.cc:1743] [MEGASCALE_TRANSPORT_INSTR] SendRpc: key=psum.7_0_sr_118_119|s100001->200001d|$c0$l706382435^i0 size=8388608 queue_latency_us=0 attempt=0
I0909 09:23:49.357623    1724 grpc_transport.cc:1743] [MEGASCALE_TRANSPORT_INSTR] SendRpc: key=psum.7_0_sr_127_128|s100003->200003d|$c0$l706382435^i0 size=8388608 queue_latency_us=0 attempt=0
I0909 09:23:49.379452    1373 grpc_transport.cc:1414] [MEGASCALE_TRANSPORT_INSTR] Recv: key=psum.7_0_sr_12_13|s200006->100006d|$c0$l706382435^i0 size=0 is_single_chunk=true is_aligned=true memcpy_needed=false
I0909 09:23:49.398739    1900 grpc_transport.cc:1414] [MEGASCALE_TRANSPORT_INSTR] Recv: key=psum.7_0_sr_25_26|s200000->100000d|$c0$l706382435^i0 size=0 is_single_chunk=true is_aligned=true memcpy_needed=false
I0909 09:23:49.416159    1374 grpc_transport.cc:1414] [MEGASCALE_TRANSPORT_INSTR] Recv: key=psum.7_0_sr_22_23|s200003->100003d|$c0$l706382435^i0 size=0 is_single_chunk=true is_aligned=true memcpy_needed=false
I0909 09:23:49.433402    1900 grpc_transport.cc:1414] [MEGASCALE_TRANSPORT_INSTR] Recv: key=psum.7_0_sr_50_51|s200004->100004d|$c0$l706382435^i0 size=0 is_single_chunk=true is_aligned=true memcpy_needed=false
I0909 09:23:49.450733    1956 grpc_transport.cc:1414] [MEGASCALE_TRANSPORT_INSTR] Recv: key=psum.7_0_sr_61_62|s200006->100006d|$c0$l706382435^i0 size=0 is_single_chunk=true is_aligned=true memcpy_needed=false
I0909 09:23:49.460146    1900 grpc_transport.cc:1743] [MEGASCALE_TRANSPORT_INSTR] SendRpc: key=psum.7_0_1_ag_0_sr_10_11|s100004->200004d|$c0$l706382435^i0 size=8388608 queue_latency_us=0 attempt=0
W0909 09:23:49.466245    1938 grpc_transport.cc:1186] Too many pending sends: 128
I0909 09:23:49.468040    1386 grpc_transport.cc:1743] [MEGASCALE_TRANSPORT_INSTR] SendRpc: key=psum.7_0_1_ag_0_sr_2_3|s100005->200005d|$c0$l706382435^i0 size=8388608 queue_latency_us=0 attempt=0
I0909 09:23:49.475952     791 grpc_transport.cc:1743] [MEGASCALE_TRANSPORT_INSTR] SendRpc: key=psum.7_0_1_ag_0_sr_24_25|s100001->200001d|$c0$l706382435^i0 size=8388608 queue_latency_us=0 attempt=0
I0909 09:23:49.481488    1730 grpc_transport.cc:1414] [MEGASCALE_TRANSPORT_INSTR] Recv: key=psum.7_0_1_ag_0_sr_116_117|s200002->100002d|$c0$l706382435^i0 size=0 is_single_chunk=true is_aligned=true memcpy_needed=false
I0909 09:23:49.483085    1411 grpc_transport.cc:1743] [MEGASCALE_TRANSPORT_INSTR] SendRpc: key=psum.7_0_1_ag_0_sr_53_54|s100006->200006d|$c0$l706382435^i0 size=8388608 queue_latency_us=0 attempt=0
I0909 09:23:49.495957    1956 grpc_transport.cc:1743] [MEGASCALE_TRANSPORT_INSTR] SendRpc: key=psum.7_0_1_ag_0_sr_43_44|s100007->200007d|$c0$l706382435^i0 size=8388608 queue_latency_us=0 attempt=0
I0909 09:23:49.498447    1724 grpc_transport.cc:1414] [MEGASCALE_TRANSPORT_INSTR] Recv: key=psum.7_0_1_ag_0_sr_106_107|s200006->100006d|$c0$l706382435^i0 size=0 is_single_chunk=true is_aligned=true memcpy_needed=false
I0909 09:23:49.515348    1377 grpc_transport.cc:1414] [MEGASCALE_TRANSPORT_INSTR] Recv: key=psum.7_0_1_ag_0_sr_66_67|s200004->100004d|$c0$l706382435^i0 size=0 is_single_chunk=true is_aligned=true memcpy_needed=false
I0909 09:23:49.533636    1374 grpc_transport.cc:1414] [MEGASCALE_TRANSPORT_INSTR] Recv: key=psum.7_0_1_ag_0_sr_67_68|s200003->100003d|$c0$l706382435^i0 size=0 is_single_chunk=true is_aligned=true memcpy_needed=false
I0909 09:23:49.551143    1383 grpc_transport.cc:1414] [MEGASCALE_TRANSPORT_INSTR] Recv: key=psum.7_0_1_ag_0_sr_102_103|s200000->100000d|$c0$l706382435^i0 size=0 is_single_chunk=true is_aligned=true memcpy_needed=false
I0909 09:23:49.578724    1402 grpc_transport.cc:1743] [MEGASCALE_TRANSPORT_INSTR] SendRpc: key=psum.7_0_sr_65_66|s100007->200007d|$c0$l706382436^i0 size=8388608 queue_latency_us=0 attempt=0
I0909 09:23:49.581445    1767 grpc_transport.cc:1743] [MEGASCALE_TRANSPORT_INSTR] SendRpc: key=psum.7_0_sr_89_90|s100006->200006d|$c0$l706382436^i0 size=8388608 queue_latency_us=0 attempt=0
I0909 09:23:49.584465    1933 grpc_transport.cc:1743] [MEGASCALE_TRANSPORT_INSTR] SendRpc: key=psum.7_0_sr_75_76|s100004->200004d|$c0$l706382436^i0 size=8388608 queue_latency_us=0 attempt=0
I0909 09:23:49.586879    1960 grpc_transport.cc:1743] [MEGASCALE_TRANSPORT_INSTR] SendRpc: key=psum.7_0_sr_115_116|s100003->200003d|$c0$l706382436^i0 size=8388608 queue_latency_us=0 attempt=0
I0909 09:23:49.590728    1724 grpc_transport.cc:1743] [MEGASCALE_TRANSPORT_INSTR] SendRpc: key=psum.7_0_sr_114_115|s100002->200002d|$c0$l706382436^i0 size=8388608 queue_latency_us=0 attempt=0
I0909 09:23:49.658680    1379 grpc_transport.cc:1414] [MEGASCALE_TRANSPORT_INSTR] Recv: key=psum.7_0_sr_0_1|s200004->100004d|$c0$l706382436^i0 size=0 is_single_chunk=true is_aligned=true memcpy_needed=false
I0909 09:23:49.679994    1900 grpc_transport.cc:1414] [MEGASCALE_TRANSPORT_INSTR] Recv: key=psum.7_0_sr_39_40|s200004->100004d|$c0$l706382436^i0 size=0 is_single_chunk=true is_aligned=true memcpy_needed=false
I0909 09:23:49.701861    1957 grpc_transport.cc:1414] [MEGASCALE_TRANSPORT_INSTR] Recv: key=psum.7_0_sr_26_27|s200007->100007d|$c0$l706382436^i0 size=0 is_single_chunk=true is_aligned=true memcpy_needed=false
I0909 09:23:49.722282    1374 grpc_transport.cc:1414] [MEGASCALE_TRANSPORT_INSTR] Recv: key=psum.7_0_sr_53_54|s200002->100002d|$c0$l706382436^i0 size=0 is_single_chunk=true is_aligned=true memcpy_needed=false
I0909 09:23:49.739112    1379 grpc_transport.cc:1743] [MEGASCALE_TRANSPORT_INSTR] SendRpc: key=psum.7_0_1_ag_0_sr_38_39|s100000->200000d|$c0$l706382436^i0 size=8388608 queue_latency_us=0 attempt=0
I0909 09:23:49.745092    1374 grpc_transport.cc:1414] [MEGASCALE_TRANSPORT_INSTR] Recv: key=psum.7_0_sr_57_58|s200003->100003d|$c0$l706382436^i0 size=0 is_single_chunk=true is_aligned=true memcpy_needed=false
I0909 09:23:49.749417    1957 grpc_transport.cc:1743] [MEGASCALE_TRANSPORT_INSTR] SendRpc: key=psum.7_0_1_ag_0_sr_48_49|s100002->200002d|$c0$l706382436^i0 size=8388608 queue_latency_us=0 attempt=0
I0909 09:23:49.762770    1383 grpc_transport.cc:1414] [MEGASCALE_TRANSPORT_INSTR] Recv: key=psum.7_0_1_ag_0_sr_112_113|s200005->100005d|$c0$l706382436^i0 size=0 is_single_chunk=true is_aligned=true memcpy_needed=false
I0909 09:23:49.767454    1956 grpc_transport.cc:1743] [MEGASCALE_TRANSPORT_INSTR] SendRpc: key=psum.7_0_1_ag_0_sr_40_41|s100003->200003d|$c0$l706382436^i0 size=8388608 queue_latency_us=0 attempt=0
I0909 09:23:49.781657     785 grpc_transport.cc:1414] [MEGASCALE_TRANSPORT_INSTR] Recv: key=psum.7_0_1_ag_0_sr_93_94|s200000->100000d|$c0$l706382436^i0 size=0 is_single_chunk=true is_aligned=true memcpy_needed=false
I0909 09:23:49.786497    1724 grpc_transport.cc:1743] [MEGASCALE_TRANSPORT_INSTR] SendRpc: key=psum.7_0_1_ag_0_sr_0_1|s100007->200007d|$c0$l706382436^i0 size=8388608 queue_latency_us=0 attempt=0
I0909 09:23:49.798992    1374 grpc_transport.cc:1414] [MEGASCALE_TRANSPORT_INSTR] Recv: key=psum.7_0_1_ag_0_sr_122_123|s200003->100003d|$c0$l706382436^i0 size=0 is_single_chunk=true is_aligned=true memcpy_needed=false
I0909 09:23:49.806776    1379 grpc_transport.cc:1743] [MEGASCALE_TRANSPORT_INSTR] SendRpc: key=psum.7_0_1_ag_0_sr_28_29|s100001->200001d|$c0$l706382436^i0 size=8388608 queue_latency_us=0 attempt=0
I0909 09:23:49.818090    1957 grpc_transport.cc:1414] [MEGASCALE_TRANSPORT_INSTR] Recv: key=psum.7_0_1_ag_0_sr_100_101|s200002->100002d|$c0$l706382436^i0 size=0 is_single_chunk=true is_aligned=true memcpy_needed=false
I0909 09:23:49.835217    1722 grpc_transport.cc:1414] [MEGASCALE_TRANSPORT_INSTR] Recv: key=psum.7_0_1_ag_0_sr_113_114|s200007->100007d|$c0$l706382436^i0 size=0 is_single_chunk=true is_aligned=true memcpy_needed=false
I0909 09:23:49.866915    1757 grpc_transport.cc:1743] [MEGASCALE_TRANSPORT_INSTR] SendRpc: key=psum.7_0_sr_80_81|s100006->200006d|$c0$l706382437^i0 size=8388608 queue_latency_us=0 attempt=0
I0909 09:23:49.869871    1941 grpc_transport.cc:1743] [MEGASCALE_TRANSPORT_INSTR] SendRpc: key=psum.7_0_sr_78_79|s100000->200000d|$c0$l706382437^i0 size=8388608 queue_latency_us=0 attempt=0
I0909 09:23:49.872963    1401 grpc_transport.cc:1743] [MEGASCALE_TRANSPORT_INSTR] SendRpc: key=psum.7_0_sr_105_106|s100004->200004d|$c0$l706382437^i0 size=8388608 queue_latency_us=0 attempt=0
I0909 09:23:49.875923    1942 grpc_transport.cc:1743] [MEGASCALE_TRANSPORT_INSTR] SendRpc: key=psum.7_0_sr_109_110|s100000->200000d|$c0$l706382437^i0 size=8388608 queue_latency_us=0 attempt=0
I0909 09:23:49.880025    1920 grpc_transport.cc:1743] [MEGASCALE_TRANSPORT_INSTR] SendRpc: key=psum.7_0_sr_80_81|s100005->200005d|$c0$l706382437^i0 size=8388608 queue_latency_us=0 attempt=0
I0909 09:23:49.948308    1373 grpc_transport.cc:1414] [MEGASCALE_TRANSPORT_INSTR] Recv: key=psum.7_0_sr_13_14|s200007->100007d|$c0$l706382437^i0 size=0 is_single_chunk=true is_aligned=true memcpy_needed=false
I0909 09:23:49.977548    1900 grpc_transport.cc:1414] [MEGASCALE_TRANSPORT_INSTR] Recv: key=psum.7_0_sr_20_21|s200004->100004d|$c0$l706382437^i0 size=0 is_single_chunk=true is_aligned=true memcpy_needed=false
I0909 09:23:49.995502    1900 grpc_transport.cc:1414] [MEGASCALE_TRANSPORT_INSTR] Recv: key=psum.7_0_sr_44_45|s200004->100004d|$c0$l706382437^i0 size=0 is_single_chunk=true is_aligned=true memcpy_needed=false
I0909 09:23:50.016291    1956 grpc_transport.cc:1414] [MEGASCALE_TRANSPORT_INSTR] Recv: key=psum.7_0_sr_42_43|s200003->100003d|$c0$l706382437^i0 size=0 is_single_chunk=true is_aligned=true memcpy_needed=false
I0909 09:23:50.035433    1900 grpc_transport.cc:1414] [MEGASCALE_TRANSPORT_INSTR] Recv: key=psum.7_0_sr_58_59|s200004->100004d|$c0$l706382437^i0 size=0 is_single_chunk=true is_aligned=true memcpy_needed=false
I0909 09:23:50.049422    1386 grpc_transport.cc:1743] [MEGASCALE_TRANSPORT_INSTR] SendRpc: key=psum.7_0_1_ag_0_sr_14_15|s100004->200004d|$c0$l706382437^i0 size=8388608 queue_latency_us=0 attempt=0
I0909 09:23:50.056453    1956 grpc_transport.cc:1743] [MEGASCALE_TRANSPORT_INSTR] SendRpc: key=psum.7_0_1_ag_0_sr_21_22|s100006->200006d|$c0$l706382437^i0 size=8388608 queue_latency_us=0 attempt=0
I0909 09:23:50.059474    1383 grpc_transport.cc:1414] [MEGASCALE_TRANSPORT_INSTR] Recv: key=psum.7_0_1_ag_0_sr_82_83|s200004->100004d|$c0$l706382437^i0 size=0 is_single_chunk=true is_aligned=true memcpy_needed=false
I0909 09:23:50.061148    1722 grpc_transport.cc:1743] [MEGASCALE_TRANSPORT_INSTR] SendRpc: key=psum.7_0_1_ag_0_sr_13_14|s100007->200007d|$c0$l706382437^i0 size=8388608 queue_latency_us=1 attempt=0
I0909 09:23:50.068121    1402 grpc_transport.cc:1743] [MEGASCALE_TRANSPORT_INSTR] SendRpc: key=psum.7_0_1_ag_0_sr_51_52|s100007->200007d|$c0$l706382437^i0 size=8388608 queue_latency_us=0 attempt=0
I0909 09:23:50.082100    1722 grpc_transport.cc:1414] [MEGASCALE_TRANSPORT_INSTR] Recv: key=psum.7_0_1_ag_0_sr_78_79|s200006->100006d|$c0$l706382437^i0 size=0 is_single_chunk=true is_aligned=true memcpy_needed=false
I0909 09:23:50.084405    1377 grpc_transport.cc:1743] [MEGASCALE_TRANSPORT_INSTR] SendRpc: key=psum.7_0_1_ag_0_sr_9_10|s100005->200005d|$c0$l706382437^i0 size=8388608 queue_latency_us=0 attempt=0
I0909 09:23:50.098358    1900 grpc_transport.cc:1414] [MEGASCALE_TRANSPORT_INSTR] Recv: key=psum.7_0_1_ag_0_sr_66_67|s200000->100000d|$c0$l706382437^i0 size=0 is_single_chunk=true is_aligned=true memcpy_needed=false
I0909 09:23:50.114987    1956 grpc_transport.cc:1414] [MEGASCALE_TRANSPORT_INSTR] Recv: key=psum.7_0_1_ag_0_sr_115_116|s200003->100003d|$c0$l706382437^i0 size=0 is_single_chunk=true is_aligned=true memcpy_needed=false
I0909 09:23:50.132221    1900 grpc_transport.cc:1414] [MEGASCALE_TRANSPORT_INSTR] Recv: key=psum.7_0_1_ag_0_sr_98_99|s200005->100005d|$c0$l706382437^i0 size=0 is_single_chunk=true is_aligned=true memcpy_needed=false
I0909 09:23:50.161706    1387 grpc_transport.cc:1743] [MEGASCALE_TRANSPORT_INSTR] SendRpc: key=psum.7_0_sr_77_78|s100007->200007d|$c0$l706382438^i0 size=8388608 queue_latency_us=0 attempt=0
I0909 09:23:50.166251    1922 grpc_transport.cc:1743] [MEGASCALE_TRANSPORT_INSTR] SendRpc: key=psum.7_0_sr_81_82|s100000->200000d|$c0$l706382438^i0 size=8388608 queue_latency_us=0 attempt=0
I0909 09:23:50.169817    1389 grpc_transport.cc:1743] [MEGASCALE_TRANSPORT_INSTR] SendRpc: key=psum.7_0_sr_94_95|s100000->200000d|$c0$l706382438^i0 size=8388608 queue_latency_us=0 attempt=0
I0909 09:23:50.173949    1735 grpc_transport.cc:1743] [MEGASCALE_TRANSPORT_INSTR] SendRpc: key=psum.7_0_sr_102_103|s100006->200006d|$c0$l706382438^i0 size=8388608 queue_latency_us=0 attempt=0
I0909 09:23:50.179508    1772 grpc_transport.cc:1743] [MEGASCALE_TRANSPORT_INSTR] SendRpc: key=psum.7_0_sr_126_127|s100002->200002d|$c0$l706382438^i0 size=8388608 queue_latency_us=0 attempt=0
I0909 09:23:50.226967    1377 grpc_transport.cc:1414] [MEGASCALE_TRANSPORT_INSTR] Recv: key=psum.7_0_sr_31_32|s200004->100004d|$c0$l706382438^i0 size=0 is_single_chunk=true is_aligned=true memcpy_needed=false
I0909 09:23:50.253094    1956 grpc_transport.cc:1414] [MEGASCALE_TRANSPORT_INSTR] Recv: key=psum.7_0_sr_4_5|s200006->100006d|$c0$l706382438^i0 size=0 is_single_chunk=true is_aligned=true memcpy_needed=false
I0909 09:23:50.273319    1383 grpc_transport.cc:1414] [MEGASCALE_TRANSPORT_INSTR] Recv: key=psum.7_0_sr_25_26|s200001->100001d|$c0$l706382438^i0 size=0 is_single_chunk=true is_aligned=true memcpy_needed=false
I0909 09:23:50.295641    1724 grpc_transport.cc:1414] [MEGASCALE_TRANSPORT_INSTR] Recv: key=psum.7_0_sr_22_23|s200003->100003d|$c0$l706382438^i0 size=0 is_single_chunk=true is_aligned=true memcpy_needed=false
I0909 09:23:50.297095    1377 grpc_transport.cc:1743] [MEGASCALE_TRANSPORT_INSTR] SendRpc: key=psum.7_0_1_ag_0_sr_29_30|s100004->200004d|$c0$l706382438^i0 size=8388608 queue_latency_us=0 attempt=0
I0909 09:23:50.316303    1956 grpc_transport.cc:1414] [MEGASCALE_TRANSPORT_INSTR] Recv: key=psum.7_0_sr_36_37|s200003->100003d|$c0$l706382438^i0 size=0 is_single_chunk=true is_aligned=true memcpy_needed=false
I0909 09:23:50.326390    1386 grpc_transport.cc:1743] [MEGASCALE_TRANSPORT_INSTR] SendRpc: key=psum.7_0_1_ag_0_sr_5_6|s100005->200005d|$c0$l706382438^i0 size=8388608 queue_latency_us=0 attempt=0
I0909 09:23:50.334287    1900 grpc_transport.cc:1743] [MEGASCALE_TRANSPORT_INSTR] SendRpc: key=psum.7_0_1_ag_0_sr_57_58|s100005->200005d|$c0$l706382438^i0 size=8388608 queue_latency_us=0 attempt=0
I0909 09:23:50.338405    1900 grpc_transport.cc:1414] [MEGASCALE_TRANSPORT_INSTR] Recv: key=psum.7_0_1_ag_0_sr_96_97|s200001->100001d|$c0$l706382438^i0 size=0 is_single_chunk=true is_aligned=true memcpy_needed=false
I0909 09:23:50.354882    1956 grpc_transport.cc:1414] [MEGASCALE_TRANSPORT_INSTR] Recv: key=psum.7_0_1_ag_0_sr_98_99|s200007->100007d|$c0$l706382438^i0 size=0 is_single_chunk=true is_aligned=true memcpy_needed=false
I0909 09:23:50.358004    1385 grpc_transport.cc:1743] [MEGASCALE_TRANSPORT_INSTR] SendRpc: key=psum.7_0_1_ag_0_sr_12_13|s100002->200002d|$c0$l706382438^i0 size=8388608 queue_latency_us=0 attempt=0
I0909 09:23:50.365068    1956 grpc_transport.cc:1743] [MEGASCALE_TRANSPORT_INSTR] SendRpc: key=psum.7_0_1_ag_0_sr_43_44|s100007->200007d|$c0$l706382438^i0 size=8388608 queue_latency_us=0 attempt=0
I0909 09:23:50.375875    1377 grpc_transport.cc:1414] [MEGASCALE_TRANSPORT_INSTR] Recv: key=psum.7_0_1_ag_0_sr_79_80|s200000->100000d|$c0$l706382438^i0 size=0 is_single_chunk=true is_aligned=true memcpy_needed=false
I0909 09:23:50.392037    1900 grpc_transport.cc:1414] [MEGASCALE_TRANSPORT_INSTR] Recv: key=psum.7_0_1_ag_0_sr_122_123|s200000->100000d|$c0$l706382438^i0 size=0 is_single_chunk=true is_aligned=true memcpy_needed=false
I0909 09:23:50.409013    1377 grpc_transport.cc:1414] [MEGASCALE_TRANSPORT_INSTR] Recv: key=psum.7_0_1_ag_0_sr_73_74|s200004->100004d|$c0$l706382438^i0 size=0 is_single_chunk=true is_aligned=true memcpy_needed=false
I0909 09:23:50.434591    1373 grpc_transport.cc:1414] [MEGASCALE_TRANSPORT_INSTR] Recv: key=psum.7_0_1_ag_0_sr_111_112|s200003->100003d|$c0$l706382438^i0 size=0 is_single_chunk=true is_aligned=true memcpy_needed=false
I0909 09:23:50.444215    1387 grpc_transport.cc:1743] [MEGASCALE_TRANSPORT_INSTR] SendRpc: key=psum.7_0_sr_75_76|s100007->200007d|$c0$l706382439^i0 size=8388608 queue_latency_us=0 attempt=0
I0909 09:23:50.448938    1959 grpc_transport.cc:1743] [MEGASCALE_TRANSPORT_INSTR] SendRpc: key=psum.7_0_sr_77_78|s100003->200003d|$c0$l706382439^i0 size=8388608 queue_latency_us=0 attempt=0
I0909 09:23:50.452194     808 grpc_transport.cc:1743] [MEGASCALE_TRANSPORT_INSTR] SendRpc: key=psum.7_0_sr_70_71|s100002->200002d|$c0$l706382439^i0 size=8388608 queue_latency_us=0 attempt=0
I0909 09:23:50.454632    1910 grpc_transport.cc:1743] [MEGASCALE_TRANSPORT_INSTR] SendRpc: key=psum.7_0_sr_104_105|s100005->200005d|$c0$l706382439^i0 size=8388608 queue_latency_us=0 attempt=0
I0909 09:23:50.456909    1599 grpc_transport.cc:1743] [MEGASCALE_TRANSPORT_INSTR] SendRpc: key=psum.7_0_sr_117_118|s100001->200001d|$c0$l706382439^i0 size=8388608 queue_latency_us=0 attempt=0
I0909 09:23:50.512210    1374 grpc_transport.cc:1414] [MEGASCALE_TRANSPORT_INSTR] Recv: key=psum.7_0_sr_14_15|s200003->100003d|$c0$l706382439^i0 size=0 is_single_chunk=true is_aligned=true memcpy_needed=false
I0909 09:23:50.532241    1374 grpc_transport.cc:1414] [MEGASCALE_TRANSPORT_INSTR] Recv: key=psum.7_0_sr_11_12|s200002->100002d|$c0$l706382439^i0 size=0 is_single_chunk=true is_aligned=true memcpy_needed=false
I0909 09:23:50.551152    1377 grpc_transport.cc:1414] [MEGASCALE_TRANSPORT_INSTR] Recv: key=psum.7_0_sr_46_47|s200001->100001d|$c0$l706382439^i0 size=0 is_single_chunk=true is_aligned=true memcpy_needed=false
I0909 09:23:50.567885    1377 grpc_transport.cc:1743] [MEGASCALE_TRANSPORT_INSTR] SendRpc: key=psum.7_0_1_ag_0_sr_6_7|s100004->200004d|$c0$l706382439^i0 size=8388608 queue_latency_us=1 attempt=0
I0909 09:23:50.569136    1377 grpc_transport.cc:1414] [MEGASCALE_TRANSPORT_INSTR] Recv: key=psum.7_0_sr_59_60|s200001->100001d|$c0$l706382439^i0 size=0 is_single_chunk=true is_aligned=true memcpy_needed=false
I0909 09:23:50.582384    1383 grpc_transport.cc:1743] [MEGASCALE_TRANSPORT_INSTR] SendRpc: key=psum.7_0_1_ag_0_sr_42_43|s100001->200001d|$c0$l706382439^i0 size=8388608 queue_latency_us=0 attempt=0
I0909 09:23:50.590694    1386 grpc_transport.cc:1414] [MEGASCALE_TRANSPORT_INSTR] Recv: key=psum.7_0_sr_61_62|s200000->100000d|$c0$l706382439^i0 size=0 is_single_chunk=true is_aligned=true memcpy_needed=false
I0909 09:23:50.600140    1401 grpc_transport.cc:1743] [MEGASCALE_TRANSPORT_INSTR] SendRpc: key=psum.7_0_1_ag_0_sr_42_43|s100005->200005d|$c0$l706382439^i0 size=8388608 queue_latency_us=0 attempt=0
I0909 09:23:50.606499    1932 grpc_transport.cc:1743] [MEGASCALE_TRANSPORT_INSTR] SendRpc: key=psum.7_0_1_ag_0_sr_39_40|s100000->200000d|$c0$l706382439^i0 size=8388608 queue_latency_us=0 attempt=0
I0909 09:23:50.615918    1900 grpc_transport.cc:1414] [MEGASCALE_TRANSPORT_INSTR] Recv: key=psum.7_0_1_ag_0_sr_123_124|s200005->100005d|$c0$l706382439^i0 size=0 is_single_chunk=true is_aligned=true memcpy_needed=false
I0909 09:23:50.616200    1722 grpc_transport.cc:1743] [MEGASCALE_TRANSPORT_INSTR] SendRpc: key=psum.7_0_1_ag_0_sr_22_23|s100003->200003d|$c0$l706382439^i0 size=8388608 queue_latency_us=0 attempt=0
I0909 09:23:50.622791    1373 grpc_transport.cc:1743] [MEGASCALE_TRANSPORT_INSTR] SendRpc: key=psum.7_0_1_ag_0_sr_57_58|s100007->200007d|$c0$l706382439^i0 size=8388608 queue_latency_us=0 attempt=0
I0909 09:23:50.631604    1956 grpc_transport.cc:1414] [MEGASCALE_TRANSPORT_INSTR] Recv: key=psum.7_0_1_ag_0_sr_84_85|s200003->100003d|$c0$l706382439^i0 size=0 is_single_chunk=true is_aligned=true memcpy_needed=false
I0909 09:23:50.649166    1383 grpc_transport.cc:1414] [MEGASCALE_TRANSPORT_INSTR] Recv: key=psum.7_0_1_ag_0_sr_72_73|s200004->100004d|$c0$l706382439^i0 size=0 is_single_chunk=true is_aligned=true memcpy_needed=false
I0909 09:23:50.667134    1956 grpc_transport.cc:1414] [MEGASCALE_TRANSPORT_INSTR] Recv: key=psum.7_0_1_ag_0_sr_101_102|s200006->100006d|$c0$l706382439^i0 size=0 is_single_chunk=true is_aligned=true memcpy_needed=false
I0909 09:23:50.683733    1373 grpc_transport.cc:1414] [MEGASCALE_TRANSPORT_INSTR] Recv: key=psum.7_0_1_ag_0_sr_122_123|s200006->100006d|$c0$l706382439^i0 size=0 is_single_chunk=true is_aligned=true memcpy_needed=false
I0909 09:23:50.708008    1765 grpc_transport.cc:1743] [MEGASCALE_TRANSPORT_INSTR] SendRpc: key=psum.7_0_sr_87_88|s100007->200007d|$c0$l706382440^i0 size=8388608 queue_latency_us=0 attempt=0
I0909 09:23:50.710738    1772 grpc_transport.cc:1743] [MEGASCALE_TRANSPORT_INSTR] SendRpc: key=psum.7_0_sr_91_92|s100007->200007d|$c0$l706382440^i0 size=8388608 queue_latency_us=0 attempt=0
I0909 09:23:50.713406    1900 grpc_transport.cc:1743] [MEGASCALE_TRANSPORT_INSTR] SendRpc: key=psum.7_0_sr_80_81|s100001->200001d|$c0$l706382440^i0 size=8388608 queue_latency_us=0 attempt=0
I0909 09:23:50.716540    1937 grpc_transport.cc:1743] [MEGASCALE_TRANSPORT_INSTR] SendRpc: key=psum.7_0_sr_103_104|s100000->200000d|$c0$l706382440^i0 size=8388608 queue_latency_us=0 attempt=0
I0909 09:23:50.720941    1401 grpc_transport.cc:1743] [MEGASCALE_TRANSPORT_INSTR] SendRpc: key=psum.7_0_sr_119_120|s100001->200001d|$c0$l706382440^i0 size=8388608 queue_latency_us=0 attempt=0
I0909 09:23:50.784266    1900 grpc_transport.cc:1414] [MEGASCALE_TRANSPORT_INSTR] Recv: key=psum.7_0_sr_0_1|s200005->100005d|$c0$l706382440^i0 size=0 is_single_chunk=true is_aligned=true memcpy_needed=false
I0909 09:23:50.807696    1900 grpc_transport.cc:1414] [MEGASCALE_TRANSPORT_INSTR] Recv: key=psum.7_0_sr_11_12|s200005->100005d|$c0$l706382440^i0 size=0 is_single_chunk=true is_aligned=true memcpy_needed=false
I0909 09:23:50.827122    1957 grpc_transport.cc:1414] [MEGASCALE_TRANSPORT_INSTR] Recv: key=psum.7_0_sr_16_17|s200007->100007d|$c0$l706382440^i0 size=0 is_single_chunk=true is_aligned=true memcpy_needed=false
I0909 09:23:50.843984    1956 grpc_transport.cc:1414] [MEGASCALE_TRANSPORT_INSTR] Recv: key=psum.7_0_sr_32_33|s200003->100003d|$c0$l706382440^i0 size=0 is_single_chunk=true is_aligned=true memcpy_needed=false
I0909 09:23:50.854595    1724 grpc_transport.cc:1743] [MEGASCALE_TRANSPORT_INSTR] SendRpc: key=psum.7_0_1_ag_0_sr_18_19|s100002->200002d|$c0$l706382440^i0 size=8388608 queue_latency_us=0 attempt=0
I0909 09:23:50.866986    1377 grpc_transport.cc:1743] [MEGASCALE_TRANSPORT_INSTR] SendRpc: key=psum.7_0_1_ag_0_sr_54_55|s100004->200004d|$c0$l706382440^i0 size=8388608 queue_latency_us=0 attempt=0
I0909 09:23:50.867730    1956 grpc_transport.cc:1414] [MEGASCALE_TRANSPORT_INSTR] Recv: key=psum.7_0_sr_62_63|s200006->100006d|$c0$l706382440^i0 size=0 is_single_chunk=true is_aligned=true memcpy_needed=false
I0909 09:23:50.877087    1377 grpc_transport.cc:1743] [MEGASCALE_TRANSPORT_INSTR] SendRpc: key=psum.7_0_1_ag_0_sr_44_45|s100000->200000d|$c0$l706382440^i0 size=8388608 queue_latency_us=0 attempt=0
I0909 09:23:50.889391    1900 grpc_transport.cc:1743] [MEGASCALE_TRANSPORT_INSTR] SendRpc: key=psum.7_0_1_ag_0_sr_62_63|s100005->200005d|$c0$l706382440^i0 size=8388608 queue_latency_us=0 attempt=0
I0909 09:23:50.891222    1379 grpc_transport.cc:1414] [MEGASCALE_TRANSPORT_INSTR] Recv: key=psum.7_0_1_ag_0_sr_70_71|s200005->100005d|$c0$l706382440^i0 size=0 is_single_chunk=true is_aligned=true memcpy_needed=false
I0909 09:23:50.898403    1957 grpc_transport.cc:1743] [MEGASCALE_TRANSPORT_INSTR] SendRpc: key=psum.7_0_1_ag_0_sr_42_43|s100007->200007d|$c0$l706382440^i0 size=8388608 queue_latency_us=0 attempt=0
I0909 09:23:50.908242    1724 grpc_transport.cc:1414] [MEGASCALE_TRANSPORT_INSTR] Recv: key=psum.7_0_1_ag_0_sr_88_89|s200002->100002d|$c0$l706382440^i0 size=0 is_single_chunk=true is_aligned=true memcpy_needed=false
I0909 09:23:50.924771    1900 grpc_transport.cc:1414] [MEGASCALE_TRANSPORT_INSTR] Recv: key=psum.7_0_1_ag_0_sr_94_95|s200001->100001d|$c0$l706382440^i0 size=0 is_single_chunk=true is_aligned=true memcpy_needed=false
I0909 09:23:50.941852    1377 grpc_transport.cc:1414] [MEGASCALE_TRANSPORT_INSTR] Recv: key=psum.7_0_1_ag_0_sr_120_121|s200001->100001d|$c0$l706382440^i0 size=0 is_single_chunk=true is_aligned=true memcpy_needed=false
I0909 09:23:50.960510    1722 grpc_transport.cc:1414] [MEGASCALE_TRANSPORT_INSTR] Recv: key=psum.7_0_1_ag_0_sr_93_94|s200003->100003d|$c0$l706382440^i0 size=0 is_single_chunk=true is_aligned=true memcpy_needed=false
I0909 09:23:50.987886    1425 grpc_transport.cc:1743] [MEGASCALE_TRANSPORT_INSTR] SendRpc: key=psum.7_0_sr_87_88|s100007->200007d|$c0$l706382441^i0 size=8388608 queue_latency_us=1 attempt=0
I0909 09:23:50.990218    1938 grpc_transport.cc:1743] [MEGASCALE_TRANSPORT_INSTR] SendRpc: key=psum.7_0_sr_83_84|s100005->200005d|$c0$l706382441^i0 size=8388608 queue_latency_us=11 attempt=0
I0909 09:23:50.992295    1596 grpc_transport.cc:1743] [MEGASCALE_TRANSPORT_INSTR] SendRpc: key=psum.7_0_sr_81_82|s100003->200003d|$c0$l706382441^i0 size=8388608 queue_latency_us=0 attempt=0
I0909 09:23:50.994914    1391 grpc_transport.cc:1743] [MEGASCALE_TRANSPORT_INSTR] SendRpc: key=psum.7_0_sr_105_106|s100001->200001d|$c0$l706382441^i0 size=8388608 queue_latency_us=0 attempt=0
I0909 09:23:50.998546    1377 grpc_transport.cc:1743] [MEGASCALE_TRANSPORT_INSTR] SendRpc: key=psum.7_0_sr_114_115|s100005->200005d|$c0$l706382441^i0 size=8388608 queue_latency_us=0 attempt=0
I0909 09:23:51.040427    1956 grpc_transport.cc:1414] [MEGASCALE_TRANSPORT_INSTR] Recv: key=psum.7_0_sr_11_12|s200003->100003d|$c0$l706382441^i0 size=0 is_single_chunk=true is_aligned=true memcpy_needed=false
I0909 09:23:51.070782    1377 grpc_transport.cc:1414] [MEGASCALE_TRANSPORT_INSTR] Recv: key=psum.7_0_sr_6_7|s200004->100004d|$c0$l706382441^i0 size=0 is_single_chunk=true is_aligned=true memcpy_needed=false
I0909 09:23:51.091849    1377 grpc_transport.cc:1414] [MEGASCALE_TRANSPORT_INSTR] Recv: key=psum.7_0_sr_18_19|s200000->100000d|$c0$l706382441^i0 size=0 is_single_chunk=true is_aligned=true memcpy_needed=false
I0909 09:23:51.103213     785 grpc_transport.cc:1743] [MEGASCALE_TRANSPORT_INSTR] SendRpc: key=psum.7_0_1_ag_0_sr_59_60|s100001->200001d|$c0$l706382441^i0 size=8388608 queue_latency_us=0 attempt=0
I0909 09:23:51.110626    1379 grpc_transport.cc:1414] [MEGASCALE_TRANSPORT_INSTR] Recv: key=psum.7_0_sr_39_40|s200000->100000d|$c0$l706382441^i0 size=0 is_single_chunk=true is_aligned=true memcpy_needed=false
I0909 09:23:51.128596    1724 grpc_transport.cc:1414] [MEGASCALE_TRANSPORT_INSTR] Recv: key=psum.7_0_sr_46_47|s200007->100007d|$c0$l706382441^i0 size=0 is_single_chunk=true is_aligned=true memcpy_needed=false
I0909 09:23:51.137354    1900 grpc_transport.cc:1743] [MEGASCALE_TRANSPORT_INSTR] SendRpc: key=psum.7_0_1_ag_0_sr_25_26|s100000->200000d|$c0$l706382441^i0 size=8388608 queue_latency_us=3 attempt=0
I0909 09:23:51.146893    1373 grpc_transport.cc:1743] [MEGASCALE_TRANSPORT_INSTR] SendRpc: key=psum.7_0_1_ag_0_sr_1_2|s100007->200007d|$c0$l706382441^i0 size=8388608 queue_latency_us=0 attempt=0
I0909 09:23:51.151594    1374 grpc_transport.cc:1414] [MEGASCALE_TRANSPORT_INSTR] Recv: key=psum.7_0_1_ag_0_sr_78_79|s200007->100007d|$c0$l706382441^i0 size=0 is_single_chunk=true is_aligned=true memcpy_needed=false
I0909 09:23:51.163400    1724 grpc_transport.cc:1743] [MEGASCALE_TRANSPORT_INSTR] SendRpc: key=psum.7_0_1_ag_0_sr_39_40|s100003->200003d|$c0$l706382441^i0 size=8388608 queue_latency_us=0 attempt=0
I0909 09:23:51.171457    1956 grpc_transport.cc:1414] [MEGASCALE_TRANSPORT_INSTR] Recv: key=psum.7_0_1_ag_0_sr_116_117|s200007->100007d|$c0$l706382441^i0 size=0 is_single_chunk=true is_aligned=true memcpy_needed=false
I0909 09:23:51.178674    1374 grpc_transport.cc:1743] [MEGASCALE_TRANSPORT_INSTR] SendRpc: key=psum.7_0_1_ag_0_sr_53_54|s100006->200006d|$c0$l706382441^i0 size=8388608 queue_latency_us=0 attempt=0
I0909 09:23:51.189261    1379 grpc_transport.cc:1414] [MEGASCALE_TRANSPORT_INSTR] Recv: key=psum.7_0_1_ag_0_sr_122_123|s200000->100000d|$c0$l706382441^i0 size=0 is_single_chunk=true is_aligned=true memcpy_needed=false
I0909 09:23:51.205114    1722 grpc_transport.cc:1414] [MEGASCALE_TRANSPORT_INSTR] Recv: key=psum.7_0_1_ag_0_sr_91_92|s200006->100006d|$c0$l706382441^i0 size=0 is_single_chunk=true is_aligned=true memcpy_needed=false
I0909 09:23:51.222433    1900 grpc_transport.cc:1414] [MEGASCALE_TRANSPORT_INSTR] Recv: key=psum.7_0_1_ag_0_sr_113_114|s200005->100005d|$c0$l706382441^i0 size=0 is_single_chunk=true is_aligned=true memcpy_needed=false
I0909 09:23:51.259422    1922 grpc_transport.cc:1743] [MEGASCALE_TRANSPORT_INSTR] SendRpc: key=psum.7_0_sr_75_76|s100000->200000d|$c0$l706382442^i0 size=8388608 queue_latency_us=0 attempt=0
I0909 09:23:51.263053    1910 grpc_transport.cc:1743] [MEGASCALE_TRANSPORT_INSTR] SendRpc: key=psum.7_0_sr_64_65|s100005->200005d|$c0$l706382442^i0 size=8388608 queue_latency_us=0 attempt=0
I0909 09:23:51.265279    1567 grpc_transport.cc:1743] [MEGASCALE_TRANSPORT_INSTR] SendRpc: key=psum.7_0_sr_91_92|s100006->200006d|$c0$l706382442^i0 size=8388608 queue_latency_us=0 attempt=0
I0909 09:23:51.267174    1961 grpc_transport.cc:1743] [MEGASCALE_TRANSPORT_INSTR] SendRpc: key=psum.7_0_sr_102_103|s100006->200006d|$c0$l706382442^i0 size=8388608 queue_latency_us=0 attempt=0
I0909 09:23:51.270606    1580 grpc_transport.cc:1743] [MEGASCALE_TRANSPORT_INSTR] SendRpc: key=psum.7_0_sr_126_127|s100004->200004d|$c0$l706382442^i0 size=8388608 queue_latency_us=0 attempt=0
I0909 09:23:51.289893    1377 grpc_transport.cc:1414] [MEGASCALE_TRANSPORT_INSTR] Recv: key=psum.7_0_sr_3_4|s200001->100001d|$c0$l706382442^i0 size=0 is_single_chunk=true is_aligned=true memcpy_needed=false
I0909 09:23:51.314383    1724 grpc_transport.cc:1414] [MEGASCALE_TRANSPORT_INSTR] Recv: key=psum.7_0_sr_9_10|s200003->100003d|$c0$l706382442^i0 size=0 is_single_chunk=true is_aligned=true memcpy_needed=false
I0909 09:23:51.336477    1379 grpc_transport.cc:1414] [MEGASCALE_TRANSPORT_INSTR] Recv: key=psum.7_0_sr_43_44|s200004->100004d|$c0$l706382442^i0 size=0 is_single_chunk=true is_aligned=true memcpy_needed=false
I0909 09:23:51.353355    1379 grpc_transport.cc:1414] [MEGASCALE_TRANSPORT_INSTR] Recv: key=psum.7_0_sr_63_64|s200004->100004d|$c0$l706382442^i0 size=0 is_single_chunk=true is_aligned=true memcpy_needed=false
I0909 09:23:51.367315    1377 grpc_transport.cc:1743] [MEGASCALE_TRANSPORT_INSTR] SendRpc: key=psum.7_0_1_ag_0_sr_36_37|s100004->200004d|$c0$l706382442^i0 size=8388608 queue_latency_us=1 attempt=0
I0909 09:23:51.372796    1373 grpc_transport.cc:1414] [MEGASCALE_TRANSPORT_INSTR] Recv: key=psum.7_0_sr_40_41|s200006->100006d|$c0$l706382442^i0 size=0 is_single_chunk=true is_aligned=true memcpy_needed=false
I0909 09:23:51.385283    1377 grpc_transport.cc:1743] [MEGASCALE_TRANSPORT_INSTR] SendRpc: key=psum.7_0_1_ag_0_sr_20_21|s100005->200005d|$c0$l706382442^i0 size=8388608 queue_latency_us=0 attempt=0
I0909 09:23:51.391157    1374 grpc_transport.cc:1743] [MEGASCALE_TRANSPORT_INSTR] SendRpc: key=psum.7_0_1_ag_0_sr_35_36|s100002->200002d|$c0$l706382442^i0 size=8388608 queue_latency_us=0 attempt=0
I0909 09:23:51.397938    1957 grpc_transport.cc:1743] [MEGASCALE_TRANSPORT_INSTR] SendRpc: key=psum.7_0_1_ag_0_sr_5_6|s100007->200007d|$c0$l706382442^i0 size=8388608 queue_latency_us=0 attempt=0
I0909 09:23:51.403643    1389 grpc_transport.cc:1414] [MEGASCALE_TRANSPORT_INSTR] Recv: key=psum.7_0_1_ag_0_sr_82_83|s200000->100000d|$c0$l706382442^i0 size=0 is_single_chunk=true is_aligned=true memcpy_needed=false
I0909 09:23:51.413725    1374 grpc_transport.cc:1743] [MEGASCALE_TRANSPORT_INSTR] SendRpc: key=psum.7_0_1_ag_0_sr_52_53|s100003->200003d|$c0$l706382442^i0 size=8388608 queue_latency_us=0 attempt=0
I0909 09:23:51.423540    1733 grpc_transport.cc:1414] [MEGASCALE_TRANSPORT_INSTR] Recv: key=psum.7_0_1_ag_0_sr_117_118|s200002->100002d|$c0$l706382442^i0 size=0 is_single_chunk=true is_aligned=true memcpy_needed=false
I0909 09:23:51.441580    1900 grpc_transport.cc:1414] [MEGASCALE_TRANSPORT_INSTR] Recv: key=psum.7_0_1_ag_0_sr_116_117|s200005->100005d|$c0$l706382442^i0 size=0 is_single_chunk=true is_aligned=true memcpy_needed=false
I0909 09:23:51.459932    1377 grpc_transport.cc:1414] [MEGASCALE_TRANSPORT_INSTR] Recv: key=psum.7_0_1_ag_0_sr_72_73|s200001->100001d|$c0$l706382442^i0 size=0 is_single_chunk=true is_aligned=true memcpy_needed=false
I0909 09:23:51.477581    1957 grpc_transport.cc:1414] [MEGASCALE_TRANSPORT_INSTR] Recv: key=psum.7_0_1_ag_0_sr_111_112|s200003->100003d|$c0$l706382442^i0 size=0 is_single_chunk=true is_aligned=true memcpy_needed=false
I0909 09:23:51.504967    1389 grpc_transport.cc:1743] [MEGASCALE_TRANSPORT_INSTR] SendRpc: key=psum.7_0_sr_65_66|s100000->200000d|$c0$l706382443^i0 size=8388608 queue_latency_us=0 attempt=0
I0909 09:23:51.508301    1584 grpc_transport.cc:1743] [MEGASCALE_TRANSPORT_INSTR] SendRpc: key=psum.7_0_sr_87_88|s100005->200005d|$c0$l706382443^i0 size=8388608 queue_latency_us=0 attempt=0
I0909 09:23:51.510326    1968 grpc_transport.cc:1743] [MEGASCALE_TRANSPORT_INSTR] SendRpc: key=psum.7_0_sr_85_86|s100002->200002d|$c0$l706382443^i0 size=8388608 queue_latency_us=0 attempt=0
I0909 09:23:51.512490    1722 grpc_transport.cc:1743] [MEGASCALE_TRANSPORT_INSTR] SendRpc: key=psum.7_0_sr_99_100|s100006->200006d|$c0$l706382443^i0 size=8388608 queue_latency_us=0 attempt=0
I0909 09:23:51.515687    1788 grpc_transport.cc:1743] [MEGASCALE_TRANSPORT_INSTR] SendRpc: key=psum.7_0_sr_112_113|s100006->200006d|$c0$l706382443^i0 size=8388608 queue_latency_us=0 attempt=0
I0909 09:23:51.562827    1377 grpc_transport.cc:1414] [MEGASCALE_TRANSPORT_INSTR] Recv: key=psum.7_0_sr_13_14|s200000->100000d|$c0$l706382443^i0 size=0 is_single_chunk=true is_aligned=true memcpy_needed=false
I0909 09:23:51.608065    1377 grpc_transport.cc:1414] [MEGASCALE_TRANSPORT_INSTR] Recv: key=psum.7_0_sr_31_32|s200000->100000d|$c0$l706382443^i0 size=0 is_single_chunk=true is_aligned=true memcpy_needed=false
I0909 09:23:51.628096    1377 grpc_transport.cc:1414] [MEGASCALE_TRANSPORT_INSTR] Recv: key=psum.7_0_sr_16_17|s200001->100001d|$c0$l706382443^i0 size=0 is_single_chunk=true is_aligned=true memcpy_needed=false
I0909 09:23:51.647276    1373 grpc_transport.cc:1414] [MEGASCALE_TRANSPORT_INSTR] Recv: key=psum.7_0_sr_34_35|s200007->100007d|$c0$l706382443^i0 size=0 is_single_chunk=true is_aligned=true memcpy_needed=false
I0909 09:23:51.663418    1377 grpc_transport.cc:1743] [MEGASCALE_TRANSPORT_INSTR] SendRpc: key=psum.7_0_1_ag_0_sr_12_13|s100000->200000d|$c0$l706382443^i0 size=8388608 queue_latency_us=1 attempt=0
I0909 09:23:51.665693    1377 grpc_transport.cc:1414] [MEGASCALE_TRANSPORT_INSTR] Recv: key=psum.7_0_sr_56_57|s200004->100004d|$c0$l706382443^i0 size=0 is_single_chunk=true is_aligned=true memcpy_needed=false
I0909 09:23:51.678137    1379 grpc_transport.cc:1743] [MEGASCALE_TRANSPORT_INSTR] SendRpc: key=psum.7_0_1_ag_0_sr_28_29|s100004->200004d|$c0$l706382443^i0 size=8388608 queue_latency_us=0 attempt=0
I0909 09:23:51.687435    1722 grpc_transport.cc:1414] [MEGASCALE_TRANSPORT_INSTR] Recv: key=psum.7_0_sr_54_55|s200002->100002d|$c0$l706382443^i0 size=0 is_single_chunk=true is_aligned=true memcpy_needed=false
I0909 09:23:51.687818    1393 grpc_transport.cc:1743] [MEGASCALE_TRANSPORT_INSTR] SendRpc: key=psum.7_0_1_ag_0_sr_20_21|s100001->200001d|$c0$l706382443^i0 size=8388608 queue_latency_us=1 attempt=0
I0909 09:23:51.696499    1379 grpc_transport.cc:1743] [MEGASCALE_TRANSPORT_INSTR] SendRpc: key=psum.7_0_1_ag_0_sr_56_57|s100005->200005d|$c0$l706382443^i0 size=8388608 queue_latency_us=0 attempt=0
I0909 09:23:51.706864    1373 grpc_transport.cc:1414] [MEGASCALE_TRANSPORT_INSTR] Recv: key=psum.7_0_1_ag_0_sr_67_68|s200006->100006d|$c0$l706382443^i0 size=0 is_single_chunk=true is_aligned=true memcpy_needed=false
I0909 09:23:51.707749    1730 grpc_transport.cc:1743] [MEGASCALE_TRANSPORT_INSTR] SendRpc: key=psum.7_0_1_ag_0_sr_31_32|s100007->200007d|$c0$l706382443^i0 size=8388608 queue_latency_us=0 attempt=0
I0909 09:23:51.724180    1724 grpc_transport.cc:1414] [MEGASCALE_TRANSPORT_INSTR] Recv: key=psum.7_0_1_ag_0_sr_76_77|s200002->100002d|$c0$l706382443^i0 size=0 is_single_chunk=true is_aligned=true memcpy_needed=false
I0909 09:23:51.741107    1379 grpc_transport.cc:1414] [MEGASCALE_TRANSPORT_INSTR] Recv: key=psum.7_0_1_ag_0_sr_86_87|s200001->100001d|$c0$l706382443^i0 size=0 is_single_chunk=true is_aligned=true memcpy_needed=false
I0909 09:23:51.756777    1377 grpc_transport.cc:1414] [MEGASCALE_TRANSPORT_INSTR] Recv: key=psum.7_0_1_ag_0_sr_121_122|s200005->100005d|$c0$l706382443^i0 size=0 is_single_chunk=true is_aligned=true memcpy_needed=false
I0909 09:23:51.777852    1722 grpc_transport.cc:1414] [MEGASCALE_TRANSPORT_INSTR] Recv: key=psum.7_0_1_ag_0_sr_123_124|s200006->100006d|$c0$l706382443^i0 size=0 is_single_chunk=true is_aligned=true memcpy_needed=false
I0909 09:23:51.796672    1379 grpc_transport.cc:1743] [MEGASCALE_TRANSPORT_INSTR] SendRpc: key=psum.7_0_sr_85_86|s100005->200005d|$c0$l706382444^i0 size=8388608 queue_latency_us=0 attempt=0
I0909 09:23:51.800523    1425 grpc_transport.cc:1743] [MEGASCALE_TRANSPORT_INSTR] SendRpc: key=psum.7_0_sr_82_83|s100002->200002d|$c0$l706382444^i0 size=8388608 queue_latency_us=0 attempt=0
I0909 09:23:51.802873    1900 grpc_transport.cc:1743] [MEGASCALE_TRANSPORT_INSTR] SendRpc: key=psum.7_0_sr_80_81|s100001->200001d|$c0$l706382444^i0 size=8388608 queue_latency_us=0 attempt=0
I0909 09:23:51.804931    1420 grpc_transport.cc:1743] [MEGASCALE_TRANSPORT_INSTR] SendRpc: key=psum.7_0_sr_98_99|s100001->200001d|$c0$l706382444^i0 size=8388608 queue_latency_us=0 attempt=0
I0909 09:23:51.808319     785 grpc_transport.cc:1743] [MEGASCALE_TRANSPORT_INSTR] SendRpc: key=psum.7_0_sr_111_112|s100001->200001d|$c0$l706382444^i0 size=8388608 queue_latency_us=0 attempt=0
I0909 09:23:51.812390    1738 grpc_transport.cc:1743] [MEGASCALE_TRANSPORT_INSTR] SendRpc: key=psum.7_0_sr_118_119|s100002->200002d|$c0$l706382444^i0 size=8388608 queue_latency_us=0 attempt=0
I0909 09:23:51.870700    1377 grpc_transport.cc:1414] [MEGASCALE_TRANSPORT_INSTR] Recv: key=psum.7_0_sr_13_14|s200001->100001d|$c0$l706382444^i0 size=0 is_single_chunk=true is_aligned=true memcpy_needed=false
I0909 09:23:51.893742    1383 grpc_transport.cc:1414] [MEGASCALE_TRANSPORT_INSTR] Recv: key=psum.7_0_sr_27_28|s200000->100000d|$c0$l706382444^i0 size=0 is_single_chunk=true is_aligned=true memcpy_needed=false
I0909 09:23:51.913693    1730 grpc_transport.cc:1414] [MEGASCALE_TRANSPORT_INSTR] Recv: key=psum.7_0_sr_11_12|s200006->100006d|$c0$l706382444^i0 size=0 is_single_chunk=true is_aligned=true memcpy_needed=false
I0909 09:23:51.931903    1724 grpc_transport.cc:1414] [MEGASCALE_TRANSPORT_INSTR] Recv: key=psum.7_0_sr_31_32|s200006->100006d|$c0$l706382444^i0 size=0 is_single_chunk=true is_aligned=true memcpy_needed=false
I0909 09:23:51.943198    1389 grpc_transport.cc:1743] [MEGASCALE_TRANSPORT_INSTR] SendRpc: key=psum.7_0_1_ag_0_sr_13_14|s100001->200001d|$c0$l706382444^i0 size=8388608 queue_latency_us=0 attempt=0
I0909 09:23:51.950508    1377 grpc_transport.cc:1743] [MEGASCALE_TRANSPORT_INSTR] SendRpc: key=psum.7_0_1_ag_0_sr_61_62|s100001->200001d|$c0$l706382444^i0 size=8388608 queue_latency_us=0 attempt=0
I0909 09:23:51.954835    1373 grpc_transport.cc:1414] [MEGASCALE_TRANSPORT_INSTR] Recv: key=psum.7_0_sr_49_50|s200006->100006d|$c0$l706382444^i0 size=0 is_single_chunk=true is_aligned=true memcpy_needed=false
I0909 09:23:51.967539    1724 grpc_transport.cc:1743] [MEGASCALE_TRANSPORT_INSTR] SendRpc: key=psum.7_0_1_ag_0_sr_33_34|s100003->200003d|$c0$l706382444^i0 size=8388608 queue_latency_us=0 attempt=0
I0909 09:23:51.974270    1383 grpc_transport.cc:1414] [MEGASCALE_TRANSPORT_INSTR] Recv: key=psum.7_0_1_ag_0_sr_69_70|s200004->100004d|$c0$l706382444^i0 size=0 is_single_chunk=true is_aligned=true memcpy_needed=false
I0909 09:23:51.985638    1722 grpc_transport.cc:1743] [MEGASCALE_TRANSPORT_INSTR] SendRpc: key=psum.7_0_1_ag_0_sr_2_3|s100007->200007d|$c0$l706382444^i0 size=8388608 queue_latency_us=0 attempt=0
I0909 09:23:51.992971    1956 grpc_transport.cc:1743] [MEGASCALE_TRANSPORT_INSTR] SendRpc: key=psum.7_0_1_ag_0_sr_45_46|s100007->200007d|$c0$l706382444^i0 size=8388608 queue_latency_us=0 attempt=0
I0909 09:23:51.994103     804 grpc_transport.cc:1414] [MEGASCALE_TRANSPORT_INSTR] Recv: key=psum.7_0_1_ag_0_sr_66_67|s200003->100003d|$c0$l706382444^i0 size=0 is_single_chunk=true is_aligned=true memcpy_needed=false
I0909 09:23:52.010785     785 grpc_transport.cc:1414] [MEGASCALE_TRANSPORT_INSTR] Recv: key=psum.7_0_1_ag_0_sr_93_94|s200001->100001d|$c0$l706382444^i0 size=0 is_single_chunk=true is_aligned=true memcpy_needed=false
I0909 09:23:52.026864    1379 grpc_transport.cc:1414] [MEGASCALE_TRANSPORT_INSTR] Recv: key=psum.7_0_1_ag_0_sr_108_109|s200001->100001d|$c0$l706382444^i0 size=0 is_single_chunk=true is_aligned=true memcpy_needed=false
I0909 09:23:52.048861    1373 grpc_transport.cc:1414] [MEGASCALE_TRANSPORT_INSTR] Recv: key=psum.7_0_1_ag_0_sr_93_94|s200006->100006d|$c0$l706382444^i0 size=0 is_single_chunk=true is_aligned=true memcpy_needed=false
I0909 09:23:52.088573    1532 grpc_transport.cc:1743] [MEGASCALE_TRANSPORT_INSTR] SendRpc: key=psum.7_0_sr_84_85|s100000->200000d|$c0$l706382445^i0 size=8388608 queue_latency_us=0 attempt=0
I0909 09:23:52.091469    1906 grpc_transport.cc:1743] [MEGASCALE_TRANSPORT_INSTR] SendRpc: key=psum.7_0_sr_93_94|s100000->200000d|$c0$l706382445^i0 size=8388608 queue_latency_us=0 attempt=0
I0909 09:23:52.093696    1741 grpc_transport.cc:1743] [MEGASCALE_TRANSPORT_INSTR] SendRpc: key=psum.7_0_sr_92_93|s100002->200002d|$c0$l706382445^i0 size=8388608 queue_latency_us=0 attempt=0
I0909 09:23:52.097236    1385 grpc_transport.cc:1743] [MEGASCALE_TRANSPORT_INSTR] SendRpc: key=psum.7_0_sr_105_106|s100006->200006d|$c0$l706382445^i0 size=8388608 queue_latency_us=0 attempt=0
I0909 09:23:52.100644    1383 grpc_transport.cc:1743] [MEGASCALE_TRANSPORT_INSTR] SendRpc: key=psum.7_0_sr_123_124|s100001->200001d|$c0$l706382445^i0 size=8388608 queue_latency_us=0 attempt=0
I0909 09:23:52.106768     785 grpc_transport.cc:1414] [MEGASCALE_TRANSPORT_INSTR] Recv: key=psum.7_0_sr_4_5|s200000->100000d|$c0$l706382445^i0 size=0 is_single_chunk=true is_aligned=true memcpy_needed=false
I0909 09:23:52.128024    1722 grpc_transport.cc:1414] [MEGASCALE_TRANSPORT_INSTR] Recv: key=psum.7_0_sr_7_8|s200007->100007d|$c0$l706382445^i0 size=0 is_single_chunk=true is_aligned=true memcpy_needed=false
I0909 09:23:52.147536    1724 grpc_transport.cc:1414] [MEGASCALE_TRANSPORT_INSTR] Recv: key=psum.7_0_sr_21_22|s200006->100006d|$c0$l706382445^i0 size=0 is_single_chunk=true is_aligned=true memcpy_needed=false
I0909 09:23:52.163780    1956 grpc_transport.cc:1414] [MEGASCALE_TRANSPORT_INSTR] Recv: key=psum.7_0_sr_50_51|s200003->100003d|$c0$l706382445^i0 size=0 is_single_chunk=true is_aligned=true memcpy_needed=false
I0909 09:23:52.181844    1957 grpc_transport.cc:1414] [MEGASCALE_TRANSPORT_INSTR] Recv: key=psum.7_0_sr_56_57|s200006->100006d|$c0$l706382445^i0 size=0 is_single_chunk=true is_aligned=true memcpy_needed=false
I0909 09:23:52.189018    1379 grpc_transport.cc:1743] [MEGASCALE_TRANSPORT_INSTR] SendRpc: key=psum.7_0_1_ag_0_sr_28_29|s100000->200000d|$c0$l706382445^i0 size=8388608 queue_latency_us=0 attempt=0
I0909 09:23:52.194275    1909 grpc_transport.cc:1743] [MEGASCALE_TRANSPORT_INSTR] SendRpc: key=psum.7_0_1_ag_0_sr_58_59|s100000->200000d|$c0$l706382445^i0 size=8388608 queue_latency_us=1 attempt=0
I0909 09:23:52.208804    1724 grpc_transport.cc:1743] [MEGASCALE_TRANSPORT_INSTR] SendRpc: key=psum.7_0_1_ag_0_sr_27_28|s100007->200007d|$c0$l706382445^i0 size=8388608 queue_latency_us=0 attempt=0
I0909 09:23:52.210307    1373 grpc_transport.cc:1414] [MEGASCALE_TRANSPORT_INSTR] Recv: key=psum.7_0_1_ag_0_sr_94_95|s200007->100007d|$c0$l706382445^i0 size=0 is_single_chunk=true is_aligned=true memcpy_needed=false
I0909 09:23:52.216774    1909 grpc_transport.cc:1743] [MEGASCALE_TRANSPORT_INSTR] SendRpc: key=psum.7_0_1_ag_0_sr_51_52|s100001->200001d|$c0$l706382445^i0 size=8388608 queue_latency_us=0 attempt=0
I0909 09:23:52.223554    1958 grpc_transport.cc:1743] [MEGASCALE_TRANSPORT_INSTR] SendRpc: key=psum.7_0_1_ag_0_sr_38_39|s100002->200002d|$c0$l706382445^i0 size=8388608 queue_latency_us=0 attempt=0
I0909 09:23:52.245836    1724 grpc_transport.cc:1414] [MEGASCALE_TRANSPORT_INSTR] Recv: key=psum.7_0_1_ag_0_sr_127_128|s200003->100003d|$c0$l706382445^i0 size=0 is_single_chunk=true is_aligned=true memcpy_needed=false
I0909 09:23:52.270316    1379 grpc_transport.cc:1414] [MEGASCALE_TRANSPORT_INSTR] Recv: key=psum.7_0_1_ag_0_sr_103_104|s200001->100001d|$c0$l706382445^i0 size=0 is_single_chunk=true is_aligned=true memcpy_needed=false
I0909 09:23:52.289643    1379 grpc_transport.cc:1414] [MEGASCALE_TRANSPORT_INSTR] Recv: key=psum.7_0_1_ag_0_sr_90_91|s200005->100005d|$c0$l706382445^i0 size=0 is_single_chunk=true is_aligned=true memcpy_needed=false
I0909 09:23:52.315999    1379 grpc_transport.cc:1414] [MEGASCALE_TRANSPORT_INSTR] Recv: key=psum.7_0_1_ag_0_sr_127_128|s200005->100005d|$c0$l706382445^i0 size=0 is_single_chunk=true is_aligned=true memcpy_needed=false
I0909 09:23:52.354924    1739 grpc_transport.cc:1743] [MEGASCALE_TRANSPORT_INSTR] SendRpc: key=psum.7_0_sr_64_65|s100007->200007d|$c0$l706382446^i0 size=8388608 queue_latency_us=0 attempt=0
I0909 09:23:52.357638    1401 grpc_transport.cc:1743] [MEGASCALE_TRANSPORT_INSTR] SendRpc: key=psum.7_0_sr_90_91|s100005->200005d|$c0$l706382446^i0 size=8388608 queue_latency_us=0 attempt=0
I0909 09:23:52.359807     793 grpc_transport.cc:1743] [MEGASCALE_TRANSPORT_INSTR] SendRpc: key=psum.7_0_sr_105_106|s100004->200004d|$c0$l706382446^i0 size=8388608 queue_latency_us=0 attempt=0
I0909 09:23:52.362932    1433 grpc_transport.cc:1743] [MEGASCALE_TRANSPORT_INSTR] SendRpc: key=psum.7_0_sr_86_87|s100000->200000d|$c0$l706382446^i0 size=8388608 queue_latency_us=0 attempt=0
I0909 09:23:52.366115    1780 grpc_transport.cc:1743] [MEGASCALE_TRANSPORT_INSTR] SendRpc: key=psum.7_0_sr_113_114|s100006->200006d|$c0$l706382446^i0 size=8388608 queue_latency_us=0 attempt=0
I0909 09:23:52.389007    1722 grpc_transport.cc:1414] [MEGASCALE_TRANSPORT_INSTR] Recv: key=psum.7_0_sr_9_10|s200007->100007d|$c0$l706382446^i0 size=0 is_single_chunk=true is_aligned=true memcpy_needed=false
I0909 09:23:52.426841    1722 grpc_transport.cc:1414] [MEGASCALE_TRANSPORT_INSTR] Recv: key=psum.7_0_sr_7_8|s200003->100003d|$c0$l706382446^i0 size=0 is_single_chunk=true is_aligned=true memcpy_needed=false
I0909 09:23:52.448420    1722 grpc_transport.cc:1414] [MEGASCALE_TRANSPORT_INSTR] Recv: key=psum.7_0_sr_24_25|s200007->100007d|$c0$l706382446^i0 size=0 is_single_chunk=true is_aligned=true memcpy_needed=false
I0909 09:23:52.465739    1956 grpc_transport.cc:1414] [MEGASCALE_TRANSPORT_INSTR] Recv: key=psum.7_0_sr_23_24|s200002->100002d|$c0$l706382446^i0 size=0 is_single_chunk=true is_aligned=true memcpy_needed=false
I0909 09:23:52.473453    1379 grpc_transport.cc:1743] [MEGASCALE_TRANSPORT_INSTR] SendRpc: key=psum.7_0_1_ag_0_sr_27_28|s100000->200000d|$c0$l706382446^i0 size=8388608 queue_latency_us=0 attempt=0
I0909 09:23:52.483423    1377 grpc_transport.cc:1743] [MEGASCALE_TRANSPORT_INSTR] SendRpc: key=psum.7_0_1_ag_0_sr_63_64|s100005->200005d|$c0$l706382446^i0 size=8388608 queue_latency_us=0 attempt=0
I0909 09:23:52.486389    1377 grpc_transport.cc:1414] [MEGASCALE_TRANSPORT_INSTR] Recv: key=psum.7_0_sr_62_63|s200004->100004d|$c0$l706382446^i0 size=0 is_single_chunk=true is_aligned=true memcpy_needed=false
I0909 09:23:52.500049    1377 grpc_transport.cc:1743] [MEGASCALE_TRANSPORT_INSTR] SendRpc: key=psum.7_0_1_ag_0_sr_63_64|s100001->200001d|$c0$l706382446^i0 size=8388608 queue_latency_us=0 attempt=0
I0909 09:23:52.507623    1379 grpc_transport.cc:1414] [MEGASCALE_TRANSPORT_INSTR] Recv: key=psum.7_0_1_ag_0_sr_97_98|s200004->100004d|$c0$l706382446^i0 size=0 is_single_chunk=true is_aligned=true memcpy_needed=false
I0909 09:23:52.526293    1735 grpc_transport.cc:1743] [MEGASCALE_TRANSPORT_INSTR] SendRpc: key=psum.7_0_1_ag_0_sr_7_8|s100003->200003d|$c0$l706382446^i0 size=8388608 queue_latency_us=0 attempt=0
I0909 09:23:52.528807    1741 grpc_transport.cc:1414] [MEGASCALE_TRANSPORT_INSTR] Recv: key=psum.7_0_1_ag_0_sr_65_66|s200003->100003d|$c0$l706382446^i0 size=0 is_single_chunk=true is_aligned=true memcpy_needed=false
I0909 09:23:52.540686     804 grpc_transport.cc:1743] [MEGASCALE_TRANSPORT_INSTR] SendRpc: key=psum.7_0_1_ag_0_sr_15_16|s100006->200006d|$c0$l706382446^i0 size=8388608 queue_latency_us=0 attempt=0
I0909 09:23:52.546968    1957 grpc_transport.cc:1414] [MEGASCALE_TRANSPORT_INSTR] Recv: key=psum.7_0_1_ag_0_sr_100_101|s200007->100007d|$c0$l706382446^i0 size=0 is_single_chunk=true is_aligned=true memcpy_needed=false
I0909 09:23:52.561970    1724 grpc_transport.cc:1414] [MEGASCALE_TRANSPORT_INSTR] Recv: key=psum.7_0_1_ag_0_sr_116_117|s200003->100003d|$c0$l706382446^i0 size=0 is_single_chunk=true is_aligned=true memcpy_needed=false
I0909 09:23:52.578710    1956 grpc_transport.cc:1414] [MEGASCALE_TRANSPORT_INSTR] Recv: key=psum.7_0_1_ag_0_sr_81_82|s200006->100006d|$c0$l706382446^i0 size=0 is_single_chunk=true is_aligned=true memcpy_needed=false
I0909 09:23:52.608959    1956 grpc_transport.cc:1414] [MEGASCALE_TRANSPORT_INSTR] Recv: key=psum.7_0_1_ag_0_sr_126_127|s200002->100002d|$c0$l706382446^i0 size=0 is_single_chunk=true is_aligned=true memcpy_needed=false
I0909 09:23:52.623656    1909 grpc_transport.cc:1743] [MEGASCALE_TRANSPORT_INSTR] SendRpc: key=psum.7_0_sr_68_69|s100004->200004d|$c0$l706382447^i0 size=8388608 queue_latency_us=0 attempt=0
I0909 09:23:52.627431    1383 grpc_transport.cc:1743] [MEGASCALE_TRANSPORT_INSTR] SendRpc: key=psum.7_0_sr_111_112|s100004->200004d|$c0$l706382447^i0 size=8388608 queue_latency_us=0 attempt=0
I0909 09:23:52.630836    1965 grpc_transport.cc:1743] [MEGASCALE_TRANSPORT_INSTR] SendRpc: key=psum.7_0_sr_83_84|s100007->200007d|$c0$l706382447^i0 size=8388608 queue_latency_us=0 attempt=0
I0909 09:23:52.634182    1414 grpc_transport.cc:1743] [MEGASCALE_TRANSPORT_INSTR] SendRpc: key=psum.7_0_sr_102_103|s100007->200007d|$c0$l706382447^i0 size=8388608 queue_latency_us=0 attempt=0
I0909 09:23:52.638041    1909 grpc_transport.cc:1743] [MEGASCALE_TRANSPORT_INSTR] SendRpc: key=psum.7_0_sr_114_115|s100005->200005d|$c0$l706382447^i0 size=8388608 queue_latency_us=0 attempt=0
I0909 09:23:52.693912    1377 grpc_transport.cc:1414] [MEGASCALE_TRANSPORT_INSTR] Recv: key=psum.7_0_sr_29_30|s200001->100001d|$c0$l706382447^i0 size=0 is_single_chunk=true is_aligned=true memcpy_needed=false
I0909 09:23:52.715626    1722 grpc_transport.cc:1414] [MEGASCALE_TRANSPORT_INSTR] Recv: key=psum.7_0_sr_36_37|s200003->100003d|$c0$l706382447^i0 size=0 is_single_chunk=true is_aligned=true memcpy_needed=false
I0909 09:23:52.734511    1373 grpc_transport.cc:1414] [MEGASCALE_TRANSPORT_INSTR] Recv: key=psum.7_0_sr_43_44|s200007->100007d|$c0$l706382447^i0 size=0 is_single_chunk=true is_aligned=true memcpy_needed=false
I0909 09:23:52.748430    1377 grpc_transport.cc:1743] [MEGASCALE_TRANSPORT_INSTR] SendRpc: key=psum.7_0_1_ag_0_sr_6_7|s100004->200004d|$c0$l706382447^i0 size=8388608 queue_latency_us=0 attempt=0
I0909 09:23:52.757678    1379 grpc_transport.cc:1743] [MEGASCALE_TRANSPORT_INSTR] SendRpc: key=psum.7_0_1_ag_0_sr_42_43|s100001->200001d|$c0$l706382447^i0 size=8388608 queue_latency_us=0 attempt=0
I0909 09:23:52.758127    1377 grpc_transport.cc:1414] [MEGASCALE_TRANSPORT_INSTR] Recv: key=psum.7_0_sr_46_47|s200000->100000d|$c0$l706382447^i0 size=0 is_single_chunk=true is_aligned=true memcpy_needed=false
I0909 09:23:52.777670    1379 grpc_transport.cc:1414] [MEGASCALE_TRANSPORT_INSTR] Recv: key=psum.7_0_1_ag_0_sr_71_72|s200004->100004d|$c0$l706382447^i0 size=0 is_single_chunk=true is_aligned=true memcpy_needed=false
I0909 09:23:52.781780    1724 grpc_transport.cc:1743] [MEGASCALE_TRANSPORT_INSTR] SendRpc: key=psum.7_0_1_ag_0_sr_38_39|s100003->200003d|$c0$l706382447^i0 size=8388608 queue_latency_us=0 attempt=0
I0909 09:23:52.790873    1722 grpc_transport.cc:1743] [MEGASCALE_TRANSPORT_INSTR] SendRpc: key=psum.7_0_1_ag_0_sr_50_51|s100007->200007d|$c0$l706382447^i0 size=8388608 queue_latency_us=0 attempt=0
I0909 09:23:52.799574     790 grpc_transport.cc:1414] [MEGASCALE_TRANSPORT_INSTR] Recv: key=psum.7_0_1_ag_0_sr_76_77|s200000->100000d|$c0$l706382447^i0 size=0 is_single_chunk=true is_aligned=true memcpy_needed=false
I0909 09:23:52.802611    1380 grpc_transport.cc:1743] [MEGASCALE_TRANSPORT_INSTR] SendRpc: key=psum.7_0_1_ag_0_sr_3_4|s100002->200002d|$c0$l706382447^i0 size=8388608 queue_latency_us=0 attempt=0
I0909 09:23:52.815563    1956 grpc_transport.cc:1743] [MEGASCALE_TRANSPORT_INSTR] SendRpc: key=psum.7_0_1_ag_0_sr_58_59|s100006->200006d|$c0$l706382447^i0 size=8388608 queue_latency_us=0 attempt=0
I0909 09:23:52.815893    1900 grpc_transport.cc:1414] [MEGASCALE_TRANSPORT_INSTR] Recv: key=psum.7_0_1_ag_0_sr_110_111|s200000->100000d|$c0$l706382447^i0 size=0 is_single_chunk=true is_aligned=true memcpy_needed=false
I0909 09:23:52.832485    1377 grpc_transport.cc:1414] [MEGASCALE_TRANSPORT_INSTR] Recv: key=psum.7_0_1_ag_0_sr_98_99|s200005->100005d|$c0$l706382447^i0 size=0 is_single_chunk=true is_aligned=true memcpy_needed=false
I0909 09:23:52.849587    1380 grpc_transport.cc:1414] [MEGASCALE_TRANSPORT_INSTR] Recv: key=psum.7_0_1_ag_0_sr_125_126|s200006->100006d|$c0$l706382447^i0 size=0 is_single_chunk=true is_aligned=true memcpy_needed=false
I0909 09:23:52.867572    1722 grpc_transport.cc:1414] [MEGASCALE_TRANSPORT_INSTR] Recv: key=psum.7_0_1_ag_0_sr_88_89|s200002->100002d|$c0$l706382447^i0 size=0 is_single_chunk=true is_aligned=true memcpy_needed=false
I0909 09:23:52.892049    1930 grpc_transport.cc:1743] [MEGASCALE_TRANSPORT_INSTR] SendRpc: key=psum.7_0_sr_64_65|s100001->200001d|$c0$l706382448^i0 size=8388608 queue_latency_us=0 attempt=0
I0909 09:23:52.894748    1933 grpc_transport.cc:1743] [MEGASCALE_TRANSPORT_INSTR] SendRpc: key=psum.7_0_sr_96_97|s100001->200001d|$c0$l706382448^i0 size=8388608 queue_latency_us=0 attempt=0
I0909 09:23:52.897728     792 grpc_transport.cc:1743] [MEGASCALE_TRANSPORT_INSTR] SendRpc: key=psum.7_0_sr_98_99|s100004->200004d|$c0$l706382448^i0 size=8388608 queue_latency_us=0 attempt=0
I0909 09:23:52.900613    1910 grpc_transport.cc:1743] [MEGASCALE_TRANSPORT_INSTR] SendRpc: key=psum.7_0_sr_105_106|s100005->200005d|$c0$l706382448^i0 size=8388608 queue_latency_us=0 attempt=0
I0909 09:23:52.904604    1408 grpc_transport.cc:1743] [MEGASCALE_TRANSPORT_INSTR] SendRpc: key=psum.7_0_sr_125_126|s100003->200003d|$c0$l706382448^i0 size=8388608 queue_latency_us=0 attempt=0
I0909 09:23:52.955428    1900 grpc_transport.cc:1414] [MEGASCALE_TRANSPORT_INSTR] Recv: key=psum.7_0_sr_13_14|s200000->100000d|$c0$l706382448^i0 size=0 is_single_chunk=true is_aligned=true memcpy_needed=false
I0909 09:23:52.980849    1386 grpc_transport.cc:1414] [MEGASCALE_TRANSPORT_INSTR] Recv: key=psum.7_0_sr_43_44|s200001->100001d|$c0$l706382448^i0 size=0 is_single_chunk=true is_aligned=true memcpy_needed=false
I0909 09:23:53.000264    1374 grpc_transport.cc:1414] [MEGASCALE_TRANSPORT_INSTR] Recv: key=psum.7_0_sr_44_45|s200006->100006d|$c0$l706382448^i0 size=0 is_single_chunk=true is_aligned=true memcpy_needed=false
I0909 09:23:53.016827    1379 grpc_transport.cc:1414] [MEGASCALE_TRANSPORT_INSTR] Recv: key=psum.7_0_sr_31_32|s200004->100004d|$c0$l706382448^i0 size=0 is_single_chunk=true is_aligned=true memcpy_needed=false
I0909 09:23:53.024752    1379 grpc_transport.cc:1743] [MEGASCALE_TRANSPORT_INSTR] SendRpc: key=psum.7_0_1_ag_0_sr_55_56|s100001->200001d|$c0$l706382448^i0 size=8388608 queue_latency_us=1 attempt=0
I0909 09:23:53.035941    1900 grpc_transport.cc:1414] [MEGASCALE_TRANSPORT_INSTR] Recv: key=psum.7_0_sr_51_52|s200004->100004d|$c0$l706382448^i0 size=0 is_single_chunk=true is_aligned=true memcpy_needed=false
I0909 09:23:53.041989    1724 grpc_transport.cc:1743] [MEGASCALE_TRANSPORT_INSTR] SendRpc: key=psum.7_0_1_ag_0_sr_3_4|s100006->200006d|$c0$l706382448^i0 size=8388608 queue_latency_us=0 attempt=0
I0909 09:23:53.049097    1374 grpc_transport.cc:1743] [MEGASCALE_TRANSPORT_INSTR] SendRpc: key=psum.7_0_1_ag_0_sr_54_55|s100006->200006d|$c0$l706382448^i0 size=8388608 queue_latency_us=1 attempt=0
I0909 09:23:53.058496     785 grpc_transport.cc:1414] [MEGASCALE_TRANSPORT_INSTR] Recv: key=psum.7_0_1_ag_0_sr_110_111|s200001->100001d|$c0$l706382448^i0 size=0 is_single_chunk=true is_aligned=true memcpy_needed=false
I0909 09:23:53.065188    1724 grpc_transport.cc:1743] [MEGASCALE_TRANSPORT_INSTR] SendRpc: key=psum.7_0_1_ag_0_sr_63_64|s100003->200003d|$c0$l706382448^i0 size=8388608 queue_latency_us=0 attempt=0
I0909 09:23:53.076113    1724 grpc_transport.cc:1414] [MEGASCALE_TRANSPORT_INSTR] Recv: key=psum.7_0_1_ag_0_sr_112_113|s200007->100007d|$c0$l706382448^i0 size=0 is_single_chunk=true is_aligned=true memcpy_needed=false
I0909 09:23:53.079803    1373 grpc_transport.cc:1743] [MEGASCALE_TRANSPORT_INSTR] SendRpc: key=psum.7_0_1_ag_0_sr_35_36|s100002->200002d|$c0$l706382448^i0 size=8388608 queue_latency_us=0 attempt=0
I0909 09:23:53.094571    1956 grpc_transport.cc:1414] [MEGASCALE_TRANSPORT_INSTR] Recv: key=psum.7_0_1_ag_0_sr_75_76|s200002->100002d|$c0$l706382448^i0 size=0 is_single_chunk=true is_aligned=true memcpy_needed=false
I0909 09:23:53.110837    1900 grpc_transport.cc:1414] [MEGASCALE_TRANSPORT_INSTR] Recv: key=psum.7_0_1_ag_0_sr_77_78|s200005->100005d|$c0$l706382448^i0 size=0 is_single_chunk=true is_aligned=true memcpy_needed=false
I0909 09:23:53.128473    1724 grpc_transport.cc:1414] [MEGASCALE_TRANSPORT_INSTR] Recv: key=psum.7_0_1_ag_0_sr_90_91|s200003->100003d|$c0$l706382448^i0 size=0 is_single_chunk=true is_aligned=true memcpy_needed=false
I0909 09:23:53.162304    1416 grpc_transport.cc:1743] [MEGASCALE_TRANSPORT_INSTR] SendRpc: key=psum.7_0_sr_86_87|s100006->200006d|$c0$l706382449^i0 size=8388608 queue_latency_us=0 attempt=0
I0909 09:23:53.165408    1964 grpc_transport.cc:1743] [MEGASCALE_TRANSPORT_INSTR] SendRpc: key=psum.7_0_sr_103_104|s100002->200002d|$c0$l706382449^i0 size=8388608 queue_latency_us=0 attempt=0
I0909 09:23:53.168307    1464 grpc_transport.cc:1743] [MEGASCALE_TRANSPORT_INSTR] SendRpc: key=psum.7_0_sr_88_89|s100005->200005d|$c0$l706382449^i0 size=8388608 queue_latency_us=0 attempt=0
I0909 09:23:53.171434    1733 grpc_transport.cc:1743] [MEGASCALE_TRANSPORT_INSTR] SendRpc: key=psum.7_0_sr_104_105|s100007->200007d|$c0$l706382449^i0 size=8388608 queue_latency_us=0 attempt=0
I0909 09:23:53.175067    1943 grpc_transport.cc:1743] [MEGASCALE_TRANSPORT_INSTR] SendRpc: key=psum.7_0_sr_113_114|s100004->200004d|$c0$l706382449^i0 size=8388608 queue_latency_us=0 attempt=0
I0909 09:23:53.213304    1377 grpc_transport.cc:1414] [MEGASCALE_TRANSPORT_INSTR] Recv: key=psum.7_0_sr_6_7|s200001->100001d|$c0$l706382449^i0 size=0 is_single_chunk=true is_aligned=true memcpy_needed=false
I0909 09:23:53.239472    1377 grpc_transport.cc:1414] [MEGASCALE_TRANSPORT_INSTR] Recv: key=psum.7_0_sr_8_9|s200004->100004d|$c0$l706382449^i0 size=0 is_single_chunk=true is_aligned=true memcpy_needed=false
I0909 09:23:53.259028    1373 grpc_transport.cc:1414] [MEGASCALE_TRANSPORT_INSTR] Recv: key=psum.7_0_sr_5_6|s200002->100002d|$c0$l706382449^i0 size=0 is_single_chunk=true is_aligned=true memcpy_needed=false
I0909 09:23:53.278457    1379 grpc_transport.cc:1414] [MEGASCALE_TRANSPORT_INSTR] Recv: key=psum.7_0_sr_60_61|s200000->100000d|$c0$l706382449^i0 size=0 is_single_chunk=true is_aligned=true memcpy_needed=false
I0909 09:23:53.287541    1383 grpc_transport.cc:1743] [MEGASCALE_TRANSPORT_INSTR] SendRpc: key=psum.7_0_1_ag_0_sr_45_46|s100001->200001d|$c0$l706382449^i0 size=8388608 queue_latency_us=0 attempt=0
I0909 09:23:53.298405    1379 grpc_transport.cc:1414] [MEGASCALE_TRANSPORT_INSTR] Recv: key=psum.7_0_1_ag_0_sr_77_78|s200005->100005d|$c0$l706382449^i0 size=0 is_single_chunk=true is_aligned=true memcpy_needed=false
I0909 09:23:53.299190    1379 grpc_transport.cc:1743] [MEGASCALE_TRANSPORT_INSTR] SendRpc: key=psum.7_0_1_ag_0_sr_31_32|s100000->200000d|$c0$l706382449^i0 size=8388608 queue_latency_us=0 attempt=0
I0909 09:23:53.315319    1377 grpc_transport.cc:1743] [MEGASCALE_TRANSPORT_INSTR] SendRpc: key=psum.7_0_1_ag_0_sr_31_32|s100004->200004d|$c0$l706382449^i0 size=8388608 queue_latency_us=0 attempt=0
I0909 09:23:53.320421    1379 grpc_transport.cc:1414] [MEGASCALE_TRANSPORT_INSTR] Recv: key=psum.7_0_1_ag_0_sr_120_121|s200005->100005d|$c0$l706382449^i0 size=0 is_single_chunk=true is_aligned=true memcpy_needed=false
I0909 09:23:53.335323    1724 grpc_transport.cc:1743] [MEGASCALE_TRANSPORT_INSTR] SendRpc: key=psum.7_0_1_ag_0_sr_40_41|s100007->200007d|$c0$l706382449^i0 size=8388608 queue_latency_us=0 attempt=0
I0909 09:23:53.336894    1722 grpc_transport.cc:1414] [MEGASCALE_TRANSPORT_INSTR] Recv: key=psum.7_0_1_ag_0_sr_70_71|s200006->100006d|$c0$l706382449^i0 size=0 is_single_chunk=true is_aligned=true memcpy_needed=false
I0909 09:23:53.344991    1373 grpc_transport.cc:1743] [MEGASCALE_TRANSPORT_INSTR] SendRpc: key=psum.7_0_1_ag_0_sr_14_15|s100006->200006d|$c0$l706382449^i0 size=8388608 queue_latency_us=1 attempt=0
I0909 09:23:53.354295    1386 grpc_transport.cc:1414] [MEGASCALE_TRANSPORT_INSTR] Recv: key=psum.7_0_1_ag_0_sr_83_84|s200001->100001d|$c0$l706382449^i0 size=0 is_single_chunk=true is_aligned=true memcpy_needed=false
I0909 09:23:53.371611    1377 grpc_transport.cc:1414] [MEGASCALE_TRANSPORT_INSTR] Recv: key=psum.7_0_1_ag_0_sr_66_67|s200004->100004d|$c0$l706382449^i0 size=0 is_single_chunk=true is_aligned=true memcpy_needed=false
I0909 09:23:53.389215    1724 grpc_transport.cc:1414] [MEGASCALE_TRANSPORT_INSTR] Recv: key=psum.7_0_1_ag_0_sr_115_116|s200007->100007d|$c0$l706382449^i0 size=0 is_single_chunk=true is_aligned=true memcpy_needed=false
I0909 09:23:53.427777    1756 grpc_transport.cc:1743] [MEGASCALE_TRANSPORT_INSTR] SendRpc: key=psum.7_0_sr_67_68|s100003->200003d|$c0$l706382450^i0 size=8388608 queue_latency_us=0 attempt=0
I0909 09:23:53.430638    1407 grpc_transport.cc:1743] [MEGASCALE_TRANSPORT_INSTR] SendRpc: key=psum.7_0_sr_64_65|s100005->200005d|$c0$l706382450^i0 size=8388608 queue_latency_us=0 attempt=0
I0909 09:23:53.433596    1746 grpc_transport.cc:1743] [MEGASCALE_TRANSPORT_INSTR] SendRpc: key=psum.7_0_sr_90_91|s100003->200003d|$c0$l706382450^i0 size=8388608 queue_latency_us=0 attempt=0
I0909 09:23:53.436520    1922 grpc_transport.cc:1743] [MEGASCALE_TRANSPORT_INSTR] SendRpc: key=psum.7_0_sr_86_87|s100000->200000d|$c0$l706382450^i0 size=8388608 queue_latency_us=0 attempt=0
I0909 09:23:53.440030    1408 grpc_transport.cc:1743] [MEGASCALE_TRANSPORT_INSTR] SendRpc: key=psum.7_0_sr_112_113|s100003->200003d|$c0$l706382450^i0 size=8388608 queue_latency_us=0 attempt=0
I0909 09:23:53.469820    1379 grpc_transport.cc:1414] [MEGASCALE_TRANSPORT_INSTR] Recv: key=psum.7_0_sr_30_31|s200005->100005d|$c0$l706382450^i0 size=0 is_single_chunk=true is_aligned=true memcpy_needed=false
I0909 09:23:53.504559    1379 grpc_transport.cc:1414] [MEGASCALE_TRANSPORT_INSTR] Recv: key=psum.7_0_sr_4_5|s200004->100004d|$c0$l706382450^i0 size=0 is_single_chunk=true is_aligned=true memcpy_needed=false
I0909 09:23:53.526114    1377 grpc_transport.cc:1414] [MEGASCALE_TRANSPORT_INSTR] Recv: key=psum.7_0_sr_38_39|s200004->100004d|$c0$l706382450^i0 size=0 is_single_chunk=true is_aligned=true memcpy_needed=false
I0909 09:23:53.543182    1900 grpc_transport.cc:1414] [MEGASCALE_TRANSPORT_INSTR] Recv: key=psum.7_0_sr_61_62|s200000->100000d|$c0$l706382450^i0 size=0 is_single_chunk=true is_aligned=true memcpy_needed=false
I0909 09:23:53.557519    1377 grpc_transport.cc:1743] [MEGASCALE_TRANSPORT_INSTR] SendRpc: key=psum.7_0_1_ag_0_sr_21_22|s100005->200005d|$c0$l706382450^i0 size=8388608 queue_latency_us=0 attempt=0
I0909 09:23:53.563953    1386 grpc_transport.cc:1414] [MEGASCALE_TRANSPORT_INSTR] Recv: key=psum.7_0_sr_61_62|s200001->100001d|$c0$l706382450^i0 size=0 is_single_chunk=true is_aligned=true memcpy_needed=false
I0909 09:23:53.576257    1900 grpc_transport.cc:1743] [MEGASCALE_TRANSPORT_INSTR] SendRpc: key=psum.7_0_1_ag_0_sr_9_10|s100004->200004d|$c0$l706382450^i0 size=8388608 queue_latency_us=0 attempt=0
I0909 09:23:53.585911    1373 grpc_transport.cc:1414] [MEGASCALE_TRANSPORT_INSTR] Recv: key=psum.7_0_sr_63_64|s200007->100007d|$c0$l706382450^i0 size=0 is_single_chunk=true is_aligned=true memcpy_needed=false
I0909 09:23:53.588736    1377 grpc_transport.cc:1743] [MEGASCALE_TRANSPORT_INSTR] SendRpc: key=psum.7_0_1_ag_0_sr_45_46|s100001->200001d|$c0$l706382450^i0 size=8388608 queue_latency_us=0 attempt=0
I0909 09:23:53.600593     804 grpc_transport.cc:1743] [MEGASCALE_TRANSPORT_INSTR] SendRpc: key=psum.7_0_1_ag_0_sr_22_23|s100003->200003d|$c0$l706382450^i0 size=8388608 queue_latency_us=0 attempt=0
I0909 09:23:53.608361    1957 grpc_transport.cc:1414] [MEGASCALE_TRANSPORT_INSTR] Recv: key=psum.7_0_1_ag_0_sr_94_95|s200002->100002d|$c0$l706382450^i0 size=0 is_single_chunk=true is_aligned=true memcpy_needed=false
I0909 09:23:53.612856    1722 grpc_transport.cc:1743] [MEGASCALE_TRANSPORT_INSTR] SendRpc: key=psum.7_0_1_ag_0_sr_53_54|s100006->200006d|$c0$l706382450^i0 size=8388608 queue_latency_us=0 attempt=0
I0909 09:23:53.624537    1383 grpc_transport.cc:1414] [MEGASCALE_TRANSPORT_INSTR] Recv: key=psum.7_0_1_ag_0_sr_123_124|s200005->100005d|$c0$l706382450^i0 size=0 is_single_chunk=true is_aligned=true memcpy_needed=false
I0909 09:23:53.641194    1379 grpc_transport.cc:1414] [MEGASCALE_TRANSPORT_INSTR] Recv: key=psum.7_0_1_ag_0_sr_118_119|s200004->100004d|$c0$l706382450^i0 size=0 is_single_chunk=true is_aligned=true memcpy_needed=false
I0909 09:23:53.659061    1956 grpc_transport.cc:1414] [MEGASCALE_TRANSPORT_INSTR] Recv: key=psum.7_0_1_ag_0_sr_118_119|s200003->100003d|$c0$l706382450^i0 size=0 is_single_chunk=true is_aligned=true memcpy_needed=false
I0909 09:23:53.683344    1724 grpc_transport.cc:1414] [MEGASCALE_TRANSPORT_INSTR] Recv: key=psum.7_0_1_ag_0_sr_110_111|s200007->100007d|$c0$l706382450^i0 size=0 is_single_chunk=true is_aligned=true memcpy_needed=false
I0909 09:23:53.694243    1402 grpc_transport.cc:1743] [MEGASCALE_TRANSPORT_INSTR] SendRpc: key=psum.7_0_sr_66_67|s100002->200002d|$c0$l706382451^i0 size=8388608 queue_latency_us=0 attempt=0
I0909 09:23:53.699071    1909 grpc_transport.cc:1743] [MEGASCALE_TRANSPORT_INSTR] SendRpc: key=psum.7_0_sr_90_91|s100005->200005d|$c0$l706382451^i0 size=8388608 queue_latency_us=0 attempt=0
I0909 09:23:53.702383    1937 grpc_transport.cc:1743] [MEGASCALE_TRANSPORT_INSTR] SendRpc: key=psum.7_0_sr_70_71|s100000->200000d|$c0$l706382451^i0 size=8388608 queue_latency_us=0 attempt=0
I0909 09:23:53.704811    1464 grpc_transport.cc:1743] [MEGASCALE_TRANSPORT_INSTR] SendRpc: key=psum.7_0_sr_98_99|s100001->200001d|$c0$l706382451^i0 size=8388608 queue_latency_us=0 attempt=0
I0909 09:23:53.707679    1410 grpc_transport.cc:1743] [MEGASCALE_TRANSPORT_INSTR] SendRpc: key=psum.7_0_sr_115_116|s100004->200004d|$c0$l706382451^i0 size=8388608 queue_latency_us=0 attempt=0
I0909 09:23:53.752341    1374 grpc_transport.cc:1414] [MEGASCALE_TRANSPORT_INSTR] Recv: key=psum.7_0_sr_7_8|s200003->100003d|$c0$l706382451^i0 size=0 is_single_chunk=true is_aligned=true memcpy_needed=false
I0909 09:23:53.773382    1379 grpc_transport.cc:1414] [MEGASCALE_TRANSPORT_INSTR] Recv: key=psum.7_0_sr_16_17|s200004->100004d|$c0$l706382451^i0 size=0 is_single_chunk=true is_aligned=true memcpy_needed=false
I0909 09:23:53.792180    1374 grpc_transport.cc:1414] [MEGASCALE_TRANSPORT_INSTR] Recv: key=psum.7_0_sr_32_33|s200006->100006d|$c0$l706382451^i0 size=0 is_single_chunk=true is_aligned=true memcpy_needed=false
I0909 09:23:53.807773    1374 grpc_transport.cc:1414] [MEGASCALE_TRANSPORT_INSTR] Recv: key=psum.7_0_sr_39_40|s200002->100002d|$c0$l706382451^i0 size=0 is_single_chunk=true is_aligned=true memcpy_needed=false
I0909 09:23:53.813045    1900 grpc_transport.cc:1743] [MEGASCALE_TRANSPORT_INSTR] SendRpc: key=psum.7_0_1_ag_0_sr_13_14|s100005->200005d|$c0$l706382451^i0 size=8388608 queue_latency_us=0 attempt=0
I0909 09:23:53.820490    1377 grpc_transport.cc:1743] [MEGASCALE_TRANSPORT_INSTR] SendRpc: key=psum.7_0_1_ag_0_sr_61_62|s100005->200005d|$c0$l706382451^i0 size=8388608 queue_latency_us=0 attempt=0
I0909 09:23:53.832196    1722 grpc_transport.cc:1414] [MEGASCALE_TRANSPORT_INSTR] Recv: key=psum.7_0_sr_54_55|s200006->100006d|$c0$l706382451^i0 size=0 is_single_chunk=true is_aligned=true memcpy_needed=false
I0909 09:23:53.837347    1385 grpc_transport.cc:1743] [MEGASCALE_TRANSPORT_INSTR] SendRpc: key=psum.7_0_1_ag_0_sr_0_1|s100007->200007d|$c0$l706382451^i0 size=8388608 queue_latency_us=0 attempt=0
I0909 09:23:53.843948    1373 grpc_transport.cc:1743] [MEGASCALE_TRANSPORT_INSTR] SendRpc: key=psum.7_0_1_ag_0_sr_27_28|s100003->200003d|$c0$l706382451^i0 size=8388608 queue_latency_us=0 attempt=0
I0909 09:23:53.852253    1722 grpc_transport.cc:1743] [MEGASCALE_TRANSPORT_INSTR] SendRpc: key=psum.7_0_1_ag_0_sr_29_30|s100002->200002d|$c0$l706382451^i0 size=8388608 queue_latency_us=0 attempt=0
I0909 09:23:53.858357    1374 grpc_transport.cc:1414] [MEGASCALE_TRANSPORT_INSTR] Recv: key=psum.7_0_1_ag_0_sr_108_109|s200002->100002d|$c0$l706382451^i0 size=0 is_single_chunk=true is_aligned=true memcpy_needed=false
I0909 09:23:53.875179    1957 grpc_transport.cc:1414] [MEGASCALE_TRANSPORT_INSTR] Recv: key=psum.7_0_1_ag_0_sr_69_70|s200003->100003d|$c0$l706382451^i0 size=0 is_single_chunk=true is_aligned=true memcpy_needed=false
I0909 09:23:53.891533    1373 grpc_transport.cc:1414] [MEGASCALE_TRANSPORT_INSTR] Recv: key=psum.7_0_1_ag_0_sr_101_102|s200003->100003d|$c0$l706382451^i0 size=0 is_single_chunk=true is_aligned=true memcpy_needed=false
I0909 09:23:53.909277    1379 grpc_transport.cc:1414] [MEGASCALE_TRANSPORT_INSTR] Recv: key=psum.7_0_1_ag_0_sr_101_102|s200004->100004d|$c0$l706382451^i0 size=0 is_single_chunk=true is_aligned=true memcpy_needed=false
I0909 09:23:53.926166    1374 grpc_transport.cc:1414] [MEGASCALE_TRANSPORT_INSTR] Recv: key=psum.7_0_1_ag_0_sr_121_122|s200007->100007d|$c0$l706382451^i0 size=0 is_single_chunk=true is_aligned=true memcpy_needed=false
I0909 09:23:53.945112    1379 grpc_transport.cc:1743] [MEGASCALE_TRANSPORT_INSTR] SendRpc: key=psum.7_0_sr_72_73|s100005->200005d|$c0$l706382452^i0 size=8388608 queue_latency_us=0 attempt=0
I0909 09:23:53.949484    1575 grpc_transport.cc:1743] [MEGASCALE_TRANSPORT_INSTR] SendRpc: key=psum.7_0_sr_81_82|s100006->200006d|$c0$l706382452^i0 size=8388608 queue_latency_us=0 attempt=0
I0909 09:23:53.952284     808 grpc_transport.cc:1743] [MEGASCALE_TRANSPORT_INSTR] SendRpc: key=psum.7_0_sr_78_79|s100007->200007d|$c0$l706382452^i0 size=8388608 queue_latency_us=0 attempt=0
I0909 09:23:53.955847    1958 grpc_transport.cc:1743] [MEGASCALE_TRANSPORT_INSTR] SendRpc: key=psum.7_0_sr_105_106|s100002->200002d|$c0$l706382452^i0 size=8388608 queue_latency_us=0 attempt=0
I0909 09:23:53.959736    1743 grpc_transport.cc:1743] [MEGASCALE_TRANSPORT_INSTR] SendRpc: key=psum.7_0_sr_112_113|s100006->200006d|$c0$l706382452^i0 size=8388608 queue_latency_us=0 attempt=0
I0909 09:23:53.969906    1407 grpc_transport.cc:1743] [MEGASCALE_TRANSPORT_INSTR] SendRpc: key=psum.7_0_sr_117_118|s100001->200001d|$c0$l706382452^i0 size=8388608 queue_latency_us=0 attempt=0
I0909 09:23:54.026365    2060 grpc_transport.cc:1414] [MEGASCALE_TRANSPORT_INSTR] Recv: key=psum.7_0_sr_15_16|s200004->100004d|$c0$l706382452^i0 size=0 is_single_chunk=true is_aligned=true memcpy_needed=false
I0909 09:23:54.047125    1386 grpc_transport.cc:1414] [MEGASCALE_TRANSPORT_INSTR] Recv: key=psum.7_0_sr_18_19|s200001->100001d|$c0$l706382452^i0 size=0 is_single_chunk=true is_aligned=true memcpy_needed=false
I0909 09:23:54.066629    1377 grpc_transport.cc:1414] [MEGASCALE_TRANSPORT_INSTR] Recv: key=psum.7_0_sr_50_51|s200001->100001d|$c0$l706382452^i0 size=0 is_single_chunk=true is_aligned=true memcpy_needed=false
I0909 09:23:54.087397    1374 grpc_transport.cc:1414] [MEGASCALE_TRANSPORT_INSTR] Recv: key=psum.7_0_sr_39_40|s200002->100002d|$c0$l706382452^i0 size=0 is_single_chunk=true is_aligned=true memcpy_needed=false
I0909 09:23:54.101065    1377 grpc_transport.cc:1743] [MEGASCALE_TRANSPORT_INSTR] SendRpc: key=psum.7_0_1_ag_0_sr_26_27|s100005->200005d|$c0$l706382452^i0 size=8388608 queue_latency_us=0 attempt=0
I0909 09:23:54.107295    1374 grpc_transport.cc:1414] [MEGASCALE_TRANSPORT_INSTR] Recv: key=psum.7_0_sr_59_60|s200003->100003d|$c0$l706382452^i0 size=0 is_single_chunk=true is_aligned=true memcpy_needed=false
I0909 09:23:54.119078    1373 grpc_transport.cc:1743] [MEGASCALE_TRANSPORT_INSTR] SendRpc: key=psum.7_0_1_ag_0_sr_62_63|s100007->200007d|$c0$l706382452^i0 size=8388608 queue_latency_us=0 attempt=0
I0909 09:23:54.129706    1900 grpc_transport.cc:1414] [MEGASCALE_TRANSPORT_INSTR] Recv: key=psum.7_0_1_ag_0_sr_107_108|s200005->100005d|$c0$l706382452^i0 size=0 is_single_chunk=true is_aligned=true memcpy_needed=false
I0909 09:23:54.131557    1374 grpc_transport.cc:1743] [MEGASCALE_TRANSPORT_INSTR] SendRpc: key=psum.7_0_1_ag_0_sr_15_16|s100002->200002d|$c0$l706382452^i0 size=8388608 queue_latency_us=0 attempt=0
I0909 09:23:54.136144    1401 grpc_transport.cc:1743] [MEGASCALE_TRANSPORT_INSTR] SendRpc: key=psum.7_0_1_ag_0_sr_13_14|s100004->200004d|$c0$l706382452^i0 size=8388608 queue_latency_us=0 attempt=0
I0909 09:23:54.148670    1957 grpc_transport.cc:1743] [MEGASCALE_TRANSPORT_INSTR] SendRpc: key=psum.7_0_1_ag_0_sr_38_39|s100003->200003d|$c0$l706382452^i0 size=8388608 queue_latency_us=0 attempt=0
I0909 09:23:54.149599    1386 grpc_transport.cc:1414] [MEGASCALE_TRANSPORT_INSTR] Recv: key=psum.7_0_1_ag_0_sr_109_110|s200005->100005d|$c0$l706382452^i0 size=0 is_single_chunk=true is_aligned=true memcpy_needed=false
I0909 09:23:54.165791    1374 grpc_transport.cc:1414] [MEGASCALE_TRANSPORT_INSTR] Recv: key=psum.7_0_1_ag_0_sr_89_90|s200003->100003d|$c0$l706382452^i0 size=0 is_single_chunk=true is_aligned=true memcpy_needed=false
I0909 09:23:54.183505    1956 grpc_transport.cc:1414] [MEGASCALE_TRANSPORT_INSTR] Recv: key=psum.7_0_1_ag_0_sr_117_118|s200006->100006d|$c0$l706382452^i0 size=0 is_single_chunk=true is_aligned=true memcpy_needed=false
I0909 09:23:54.199952    1373 grpc_transport.cc:1414] [MEGASCALE_TRANSPORT_INSTR] Recv: key=psum.7_0_1_ag_0_sr_93_94|s200007->100007d|$c0$l706382452^i0 size=0 is_single_chunk=true is_aligned=true memcpy_needed=false
I0909 09:23:54.224118    1407 grpc_transport.cc:1743] [MEGASCALE_TRANSPORT_INSTR] SendRpc: key=psum.7_0_sr_77_78|s100004->200004d|$c0$l706382453^i0 size=8388608 queue_latency_us=0 attempt=0
I0909 09:23:54.226833    1386 grpc_transport.cc:1743] [MEGASCALE_TRANSPORT_INSTR] SendRpc: key=psum.7_0_sr_112_113|s100005->200005d|$c0$l706382453^i0 size=8388608 queue_latency_us=0 attempt=0
I0909 09:23:54.229759    1724 grpc_transport.cc:1743] [MEGASCALE_TRANSPORT_INSTR] SendRpc: key=psum.7_0_sr_98_99|s100007->200007d|$c0$l706382453^i0 size=8388608 queue_latency_us=0 attempt=0
I0909 09:23:54.233484    1768 grpc_transport.cc:1743] [MEGASCALE_TRANSPORT_INSTR] SendRpc: key=psum.7_0_sr_110_111|s100002->200002d|$c0$l706382453^i0 size=8388608 queue_latency_us=0 attempt=0
I0909 09:23:54.240648    2060 grpc_transport.cc:1743] [MEGASCALE_TRANSPORT_INSTR] SendRpc: key=psum.7_0_sr_94_95|s100000->200000d|$c0$l706382453^i0 size=8388608 queue_latency_us=0 attempt=0
I0909 09:23:54.267582    1956 grpc_transport.cc:1414] [MEGASCALE_TRANSPORT_INSTR] Recv: key=psum.7_0_sr_7_8|s200002->100002d|$c0$l706382453^i0 size=0 is_single_chunk=true is_aligned=true memcpy_needed=false
I0909 09:23:54.293732    2060 grpc_transport.cc:1414] [MEGASCALE_TRANSPORT_INSTR] Recv: key=psum.7_0_sr_12_13|s200001->100001d|$c0$l706382453^i0 size=0 is_single_chunk=true is_aligned=true memcpy_needed=false
I0909 09:23:54.313099    1722 grpc_transport.cc:1414] [MEGASCALE_TRANSPORT_INSTR] Recv: key=psum.7_0_sr_14_15|s200006->100006d|$c0$l706382453^i0 size=0 is_single_chunk=true is_aligned=true memcpy_needed=false
I0909 09:23:54.331766    1377 grpc_transport.cc:1414] [MEGASCALE_TRANSPORT_INSTR] Recv: key=psum.7_0_sr_62_63|s200005->100005d|$c0$l706382453^i0 size=0 is_single_chunk=true is_aligned=true memcpy_needed=false
I0909 09:23:54.353617    1900 grpc_transport.cc:1414] [MEGASCALE_TRANSPORT_INSTR] Recv: key=psum.7_0_sr_63_64|s200001->100001d|$c0$l706382453^i0 size=0 is_single_chunk=true is_aligned=true memcpy_needed=false
I0909 09:23:54.354473    1722 grpc_transport.cc:1743] [MEGASCALE_TRANSPORT_INSTR] SendRpc: key=psum.7_0_1_ag_0_sr_4_5|s100002->200002d|$c0$l706382453^i0 size=8388608 queue_latency_us=0 attempt=0
I0909 09:23:54.365289    1379 grpc_transport.cc:1743] [MEGASCALE_TRANSPORT_INSTR] SendRpc: key=psum.7_0_1_ag_0_sr_38_39|s100001->200001d|$c0$l706382453^i0 size=8388608 queue_latency_us=0 attempt=0
I0909 09:23:54.380195    1957 grpc_transport.cc:1743] [MEGASCALE_TRANSPORT_INSTR] SendRpc: key=psum.7_0_1_ag_0_sr_31_32|s100006->200006d|$c0$l706382453^i0 size=8388608 queue_latency_us=0 attempt=0
I0909 09:23:54.382184    1385 grpc_transport.cc:1414] [MEGASCALE_TRANSPORT_INSTR] Recv: key=psum.7_0_1_ag_0_sr_71_72|s200006->100006d|$c0$l706382453^i0 size=0 is_single_chunk=true is_aligned=true memcpy_needed=false
I0909 09:23:54.390839    1373 grpc_transport.cc:1743] [MEGASCALE_TRANSPORT_INSTR] SendRpc: key=psum.7_0_1_ag_0_sr_35_36|s100007->200007d|$c0$l706382453^i0 size=8388608 queue_latency_us=0 attempt=0
I0909 09:23:54.396471    1414 grpc_transport.cc:1743] [MEGASCALE_TRANSPORT_INSTR] SendRpc: key=psum.7_0_1_ag_0_sr_62_63|s100007->200007d|$c0$l706382453^i0 size=8388608 queue_latency_us=0 attempt=0
I0909 09:23:54.404426    1724 grpc_transport.cc:1414] [MEGASCALE_TRANSPORT_INSTR] Recv: key=psum.7_0_1_ag_0_sr_126_127|s200006->100006d|$c0$l706382453^i0 size=0 is_single_chunk=true is_aligned=true memcpy_needed=false
I0909 09:23:54.419873    1374 grpc_transport.cc:1414] [MEGASCALE_TRANSPORT_INSTR] Recv: key=psum.7_0_1_ag_0_sr_113_114|s200002->100002d|$c0$l706382453^i0 size=0 is_single_chunk=true is_aligned=true memcpy_needed=false
I0909 09:23:54.436474    1724 grpc_transport.cc:1414] [MEGASCALE_TRANSPORT_INSTR] Recv: key=psum.7_0_1_ag_0_sr_96_97|s200007->100007d|$c0$l706382453^i0 size=0 is_single_chunk=true is_aligned=true memcpy_needed=false
I0909 09:23:54.453935    1379 grpc_transport.cc:1414] [MEGASCALE_TRANSPORT_INSTR] Recv: key=psum.7_0_1_ag_0_sr_95_96|s200000->100000d|$c0$l706382453^i0 size=0 is_single_chunk=true is_aligned=true memcpy_needed=false
I0909 09:23:54.474502    1410 grpc_transport.cc:1743] [MEGASCALE_TRANSPORT_INSTR] SendRpc: key=psum.7_0_sr_73_74|s100004->200004d|$c0$l706382454^i0 size=8388608 queue_latency_us=0 attempt=0
I0909 09:23:54.477844    1414 grpc_transport.cc:1743] [MEGASCALE_TRANSPORT_INSTR] SendRpc: key=psum.7_0_sr_84_85|s100002->200002d|$c0$l706382454^i0 size=8388608 queue_latency_us=1 attempt=0
I0909 09:23:54.480898    2063 grpc_transport.cc:1743] [MEGASCALE_TRANSPORT_INSTR] SendRpc: key=psum.7_0_sr_114_115|s100000->200000d|$c0$l706382454^i0 size=8388608 queue_latency_us=0 attempt=0
I0909 09:23:54.484260    1722 grpc_transport.cc:1743] [MEGASCALE_TRANSPORT_INSTR] SendRpc: key=psum.7_0_sr_119_120|s100007->200007d|$c0$l706382454^i0 size=8388608 queue_latency_us=0 attempt=0
I0909 09:23:54.488481    1967 grpc_transport.cc:1743] [MEGASCALE_TRANSPORT_INSTR] SendRpc: key=psum.7_0_sr_120_121|s100003->200003d|$c0$l706382454^i0 size=8388608 queue_latency_us=0 attempt=0
I0909 09:23:54.495515    1379 grpc_transport.cc:1414] [MEGASCALE_TRANSPORT_INSTR] Recv: key=psum.7_0_sr_9_10|s200001->100001d|$c0$l706382454^i0 size=0 is_single_chunk=true is_aligned=true memcpy_needed=false
I0909 09:23:54.522293    1377 grpc_transport.cc:1414] [MEGASCALE_TRANSPORT_INSTR] Recv: key=psum.7_0_sr_1_2|s200005->100005d|$c0$l706382454^i0 size=0 is_single_chunk=true is_aligned=true memcpy_needed=false
I0909 09:23:54.542945    1373 grpc_transport.cc:1414] [MEGASCALE_TRANSPORT_INSTR] Recv: key=psum.7_0_sr_53_54|s200007->100007d|$c0$l706382454^i0 size=0 is_single_chunk=true is_aligned=true memcpy_needed=false
I0909 09:23:54.560901    1379 grpc_transport.cc:1414] [MEGASCALE_TRANSPORT_INSTR] Recv: key=psum.7_0_sr_33_34|s200000->100000d|$c0$l706382454^i0 size=0 is_single_chunk=true is_aligned=true memcpy_needed=false
I0909 09:23:54.578449    1373 grpc_transport.cc:1743] [MEGASCALE_TRANSPORT_INSTR] SendRpc: key=psum.7_0_1_ag_0_sr_42_43|s100007->200007d|$c0$l706382454^i0 size=8388608 queue_latency_us=0 attempt=0
I0909 09:23:54.579626    1730 grpc_transport.cc:1414] [MEGASCALE_TRANSPORT_INSTR] Recv: key=psum.7_0_sr_43_44|s200002->100002d|$c0$l706382454^i0 size=0 is_single_chunk=true is_aligned=true memcpy_needed=false
I0909 09:23:54.594682    1379 grpc_transport.cc:1743] [MEGASCALE_TRANSPORT_INSTR] SendRpc: key=psum.7_0_1_ag_0_sr_28_29|s100004->200004d|$c0$l706382454^i0 size=8388608 queue_latency_us=0 attempt=0
I0909 09:23:54.603177    1380 grpc_transport.cc:1414] [MEGASCALE_TRANSPORT_INSTR] Recv: key=psum.7_0_sr_63_64|s200006->100006d|$c0$l706382454^i0 size=0 is_single_chunk=true is_aligned=true memcpy_needed=false
I0909 09:23:54.606615    2063 grpc_transport.cc:1743] [MEGASCALE_TRANSPORT_INSTR] SendRpc: key=psum.7_0_1_ag_0_sr_6_7|s100000->200000d|$c0$l706382454^i0 size=8388608 queue_latency_us=0 attempt=0
I0909 09:23:54.612703    1722 grpc_transport.cc:1743] [MEGASCALE_TRANSPORT_INSTR] SendRpc: key=psum.7_0_1_ag_0_sr_34_35|s100003->200003d|$c0$l706382454^i0 size=8388608 queue_latency_us=0 attempt=0
I0909 09:23:54.627642     785 grpc_transport.cc:1414] [MEGASCALE_TRANSPORT_INSTR] Recv: key=psum.7_0_1_ag_0_sr_71_72|s200000->100000d|$c0$l706382454^i0 size=0 is_single_chunk=true is_aligned=true memcpy_needed=false
I0909 09:23:54.628875    1730 grpc_transport.cc:1743] [MEGASCALE_TRANSPORT_INSTR] SendRpc: key=psum.7_0_1_ag_0_sr_56_57|s100006->200006d|$c0$l706382454^i0 size=8388608 queue_latency_us=0 attempt=0
I0909 09:23:54.645395    1724 grpc_transport.cc:1414] [MEGASCALE_TRANSPORT_INSTR] Recv: key=psum.7_0_1_ag_0_sr_81_82|s200002->100002d|$c0$l706382454^i0 size=0 is_single_chunk=true is_aligned=true memcpy_needed=false
I0909 09:23:54.662604    1900 grpc_transport.cc:1414] [MEGASCALE_TRANSPORT_INSTR] Recv: key=psum.7_0_1_ag_0_sr_100_101|s200001->100001d|$c0$l706382454^i0 size=0 is_single_chunk=true is_aligned=true memcpy_needed=false
I0909 09:23:54.680977    1374 grpc_transport.cc:1414] [MEGASCALE_TRANSPORT_INSTR] Recv: key=psum.7_0_1_ag_0_sr_82_83|s200006->100006d|$c0$l706382454^i0 size=0 is_single_chunk=true is_aligned=true memcpy_needed=false
I0909 09:23:54.704907    1956 grpc_transport.cc:1414] [MEGASCALE_TRANSPORT_INSTR] Recv: key=psum.7_0_1_ag_0_sr_118_119|s200006->100006d|$c0$l706382454^i0 size=0 is_single_chunk=true is_aligned=true memcpy_needed=false
I0909 09:23:54.748492    1401 grpc_transport.cc:1743] [MEGASCALE_TRANSPORT_INSTR] SendRpc: key=psum.7_0_sr_64_65|s100005->200005d|$c0$l706382455^i0 size=8388608 queue_latency_us=0 attempt=0
I0909 09:23:54.752131    2061 grpc_transport.cc:1743] [MEGASCALE_TRANSPORT_INSTR] SendRpc: key=psum.7_0_sr_89_90|s100004->200004d|$c0$l706382455^i0 size=8388608 queue_latency_us=0 attempt=0
I0909 09:23:54.754916    1567 grpc_transport.cc:1743] [MEGASCALE_TRANSPORT_INSTR] SendRpc: key=psum.7_0_sr_79_80|s100006->200006d|$c0$l706382455^i0 size=8388608 queue_latency_us=0 attempt=0
I0909 09:23:54.757317    1776 grpc_transport.cc:1743] [MEGASCALE_TRANSPORT_INSTR] SendRpc: key=psum.7_0_sr_104_105|s100002->200002d|$c0$l706382455^i0 size=8388608 queue_latency_us=0 attempt=0
I0909 09:23:54.760560    1730 grpc_transport.cc:1743] [MEGASCALE_TRANSPORT_INSTR] SendRpc: key=psum.7_0_sr_111_112|s100003->200003d|$c0$l706382455^i0 size=8388608 queue_latency_us=0 attempt=0
I0909 09:23:54.785621    1379 grpc_transport.cc:1414] [MEGASCALE_TRANSPORT_INSTR] Recv: key=psum.7_0_sr_13_14|s200000->100000d|$c0$l706382455^i0 size=0 is_single_chunk=true is_aligned=true memcpy_needed=false
I0909 09:23:54.812210    1373 grpc_transport.cc:1414] [MEGASCALE_TRANSPORT_INSTR] Recv: key=psum.7_0_sr_26_27|s200006->100006d|$c0$l706382455^i0 size=0 is_single_chunk=true is_aligned=true memcpy_needed=false
I0909 09:23:54.830549    1386 grpc_transport.cc:1414] [MEGASCALE_TRANSPORT_INSTR] Recv: key=psum.7_0_sr_32_33|s200000->100000d|$c0$l706382455^i0 size=0 is_single_chunk=true is_aligned=true memcpy_needed=false
I0909 09:23:54.847315    1377 grpc_transport.cc:1414] [MEGASCALE_TRANSPORT_INSTR] Recv: key=psum.7_0_sr_43_44|s200005->100005d|$c0$l706382455^i0 size=0 is_single_chunk=true is_aligned=true memcpy_needed=false
I0909 09:23:54.865144     785 grpc_transport.cc:1743] [MEGASCALE_TRANSPORT_INSTR] SendRpc: key=psum.7_0_1_ag_0_sr_4_5|s100001->200001d|$c0$l706382455^i0 size=8388608 queue_latency_us=1 attempt=0
I0909 09:23:54.865391    1900 grpc_transport.cc:1414] [MEGASCALE_TRANSPORT_INSTR] Recv: key=psum.7_0_sr_61_62|s200005->100005d|$c0$l706382455^i0 size=0 is_single_chunk=true is_aligned=true memcpy_needed=false
I0909 09:23:54.870919     785 grpc_transport.cc:1743] [MEGASCALE_TRANSPORT_INSTR] SendRpc: key=psum.7_0_1_ag_0_sr_41_42|s100001->200001d|$c0$l706382455^i0 size=8388608 queue_latency_us=0 attempt=0
I0909 09:23:54.881131    1386 grpc_transport.cc:1743] [MEGASCALE_TRANSPORT_INSTR] SendRpc: key=psum.7_0_1_ag_0_sr_10_11|s100005->200005d|$c0$l706382455^i0 size=8388608 queue_latency_us=0 attempt=0
I0909 09:23:54.889086    1735 grpc_transport.cc:1743] [MEGASCALE_TRANSPORT_INSTR] SendRpc: key=psum.7_0_1_ag_0_sr_54_55|s100006->200006d|$c0$l706382455^i0 size=8388608 queue_latency_us=0 attempt=0
I0909 09:23:54.894423    1385 grpc_transport.cc:1414] [MEGASCALE_TRANSPORT_INSTR] Recv: key=psum.7_0_1_ag_0_sr_100_101|s200006->100006d|$c0$l706382455^i0 size=0 is_single_chunk=true is_aligned=true memcpy_needed=false
I0909 09:23:54.899304    1567 grpc_transport.cc:1743] [MEGASCALE_TRANSPORT_INSTR] SendRpc: key=psum.7_0_1_ag_0_sr_19_20|s100002->200002d|$c0$l706382455^i0 size=8388608 queue_latency_us=0 attempt=0
I0909 09:23:54.905481    1722 grpc_transport.cc:1743] [MEGASCALE_TRANSPORT_INSTR] SendRpc: key=psum.7_0_1_ag_0_sr_63_64|s100002->200002d|$c0$l706382455^i0 size=8388608 queue_latency_us=0 attempt=0
I0909 09:23:54.915529    1379 grpc_transport.cc:1414] [MEGASCALE_TRANSPORT_INSTR] Recv: key=psum.7_0_1_ag_0_sr_83_84|s200004->100004d|$c0$l706382455^i0 size=0 is_single_chunk=true is_aligned=true memcpy_needed=false
I0909 09:23:54.931758    1374 grpc_transport.cc:1414] [MEGASCALE_TRANSPORT_INSTR] Recv: key=psum.7_0_1_ag_0_sr_119_120|s200003->100003d|$c0$l706382455^i0 size=0 is_single_chunk=true is_aligned=true memcpy_needed=false
I0909 09:23:54.949720    1956 grpc_transport.cc:1414] [MEGASCALE_TRANSPORT_INSTR] Recv: key=psum.7_0_1_ag_0_sr_93_94|s200007->100007d|$c0$l706382455^i0 size=0 is_single_chunk=true is_aligned=true memcpy_needed=false
I0909 09:23:54.975577    1379 grpc_transport.cc:1414] [MEGASCALE_TRANSPORT_INSTR] Recv: key=psum.7_0_1_ag_0_sr_65_66|s200005->100005d|$c0$l706382455^i0 size=0 is_single_chunk=true is_aligned=true memcpy_needed=false
I0909 09:23:55.000043    1932 grpc_transport.cc:1743] [MEGASCALE_TRANSPORT_INSTR] SendRpc: key=psum.7_0_sr_89_90|s100001->200001d|$c0$l706382456^i0 size=8388608 queue_latency_us=0 attempt=0
I0909 09:23:55.003533    1906 grpc_transport.cc:1743] [MEGASCALE_TRANSPORT_INSTR] SendRpc: key=psum.7_0_sr_85_86|s100000->200000d|$c0$l706382456^i0 size=8388608 queue_latency_us=0 attempt=0
I0909 09:23:55.006401    1769 grpc_transport.cc:1743] [MEGASCALE_TRANSPORT_INSTR] SendRpc: key=psum.7_0_sr_87_88|s100002->200002d|$c0$l706382456^i0 size=8388608 queue_latency_us=0 attempt=0
I0909 09:23:55.009823    1411 grpc_transport.cc:1743] [MEGASCALE_TRANSPORT_INSTR] SendRpc: key=psum.7_0_sr_108_109|s100002->200002d|$c0$l706382456^i0 size=8388608 queue_latency_us=0 attempt=0
I0909 09:23:55.013063    1430 grpc_transport.cc:1743] [MEGASCALE_TRANSPORT_INSTR] SendRpc: key=psum.7_0_sr_126_127|s100007->200007d|$c0$l706382456^i0 size=8388608 queue_latency_us=0 attempt=0
I0909 09:23:55.059815    1379 grpc_transport.cc:1414] [MEGASCALE_TRANSPORT_INSTR] Recv: key=psum.7_0_sr_1_2|s200001->100001d|$c0$l706382456^i0 size=0 is_single_chunk=true is_aligned=true memcpy_needed=false
I0909 09:23:55.082806    1900 grpc_transport.cc:1414] [MEGASCALE_TRANSPORT_INSTR] Recv: key=psum.7_0_sr_10_11|s200005->100005d|$c0$l706382456^i0 size=0 is_single_chunk=true is_aligned=true memcpy_needed=false
I0909 09:23:55.103997    1379 grpc_transport.cc:1414] [MEGASCALE_TRANSPORT_INSTR] Recv: key=psum.7_0_sr_15_16|s200002->100002d|$c0$l706382456^i0 size=0 is_single_chunk=true is_aligned=true memcpy_needed=false
I0909 09:23:55.126158    1900 grpc_transport.cc:1414] [MEGASCALE_TRANSPORT_INSTR] Recv: key=psum.7_0_sr_31_32|s200001->100001d|$c0$l706382456^i0 size=0 is_single_chunk=true is_aligned=true memcpy_needed=false
I0909 09:23:55.128972    1900 grpc_transport.cc:1743] [MEGASCALE_TRANSPORT_INSTR] SendRpc: key=psum.7_0_1_ag_0_sr_27_28|s100000->200000d|$c0$l706382456^i0 size=8388608 queue_latency_us=0 attempt=0
I0909 09:23:55.141340    1374 grpc_transport.cc:1743] [MEGASCALE_TRANSPORT_INSTR] SendRpc: key=psum.7_0_1_ag_0_sr_53_54|s100007->200007d|$c0$l706382456^i0 size=8388608 queue_latency_us=0 attempt=0
I0909 09:23:55.153851    1379 grpc_transport.cc:1414] [MEGASCALE_TRANSPORT_INSTR] Recv: key=psum.7_0_sr_48_49|s200001->100001d|$c0$l706382456^i0 size=0 is_single_chunk=true is_aligned=true memcpy_needed=false
I0909 09:23:55.168994    1722 grpc_transport.cc:1743] [MEGASCALE_TRANSPORT_INSTR] SendRpc: key=psum.7_0_1_ag_0_sr_25_26|s100006->200006d|$c0$l706382456^i0 size=8388608 queue_latency_us=0 attempt=0
I0909 09:23:55.174742    1377 grpc_transport.cc:1743] [MEGASCALE_TRANSPORT_INSTR] SendRpc: key=psum.7_0_1_ag_0_sr_22_23|s100005->200005d|$c0$l706382456^i0 size=8388608 queue_latency_us=0 attempt=0
I0909 09:23:55.176393    1956 grpc_transport.cc:1414] [MEGASCALE_TRANSPORT_INSTR] Recv: key=psum.7_0_1_ag_0_sr_96_97|s200006->100006d|$c0$l706382456^i0 size=0 is_single_chunk=true is_aligned=true memcpy_needed=false
I0909 09:23:55.184192     793 grpc_transport.cc:1743] [MEGASCALE_TRANSPORT_INSTR] SendRpc: key=psum.7_0_1_ag_0_sr_35_36|s100001->200001d|$c0$l706382456^i0 size=8388608 queue_latency_us=0 attempt=0
I0909 09:23:55.194273    1383 grpc_transport.cc:1414] [MEGASCALE_TRANSPORT_INSTR] Recv: key=psum.7_0_1_ag_0_sr_103_104|s200001->100001d|$c0$l706382456^i0 size=0 is_single_chunk=true is_aligned=true memcpy_needed=false
I0909 09:23:55.211007    1377 grpc_transport.cc:1414] [MEGASCALE_TRANSPORT_INSTR] Recv: key=psum.7_0_1_ag_0_sr_104_105|s200004->100004d|$c0$l706382456^i0 size=0 is_single_chunk=true is_aligned=true memcpy_needed=false
I0909 09:23:55.228483    1379 grpc_transport.cc:1414] [MEGASCALE_TRANSPORT_INSTR] Recv: key=psum.7_0_1_ag_0_sr_95_96|s200002->100002d|$c0$l706382456^i0 size=0 is_single_chunk=true is_aligned=true memcpy_needed=false
I0909 09:23:55.260691    1377 grpc_transport.cc:1414] [MEGASCALE_TRANSPORT_INSTR] Recv: key=psum.7_0_1_ag_0_sr_112_113|s200005->100005d|$c0$l706382456^i0 size=0 is_single_chunk=true is_aligned=true memcpy_needed=false
I0909 09:23:55.287304    1722 grpc_transport.cc:1414] [MEGASCALE_TRANSPORT_INSTR] Recv: key=psum.7_0_sr_12_13|s200007->100007d|$c0$l706382457^i0 size=0 is_single_chunk=true is_aligned=true memcpy_needed=false
I0909 09:23:55.309227    1900 grpc_transport.cc:1414] [MEGASCALE_TRANSPORT_INSTR] Recv: key=psum.7_0_sr_22_23|s200004->100004d|$c0$l706382457^i0 size=0 is_single_chunk=true is_aligned=true memcpy_needed=false
I0909 09:23:55.312104    1936 grpc_transport.cc:1743] [MEGASCALE_TRANSPORT_INSTR] SendRpc: key=psum.7_0_sr_71_72|s100001->200001d|$c0$l706382457^i0 size=8388608 queue_latency_us=0 attempt=0
I0909 09:23:55.314628    1960 grpc_transport.cc:1743] [MEGASCALE_TRANSPORT_INSTR] SendRpc: key=psum.7_0_sr_83_84|s100006->200006d|$c0$l706382457^i0 size=8388608 queue_latency_us=0 attempt=0
I0909 09:23:55.318118    1377 grpc_transport.cc:1743] [MEGASCALE_TRANSPORT_INSTR] SendRpc: key=psum.7_0_sr_107_108|s100001->200001d|$c0$l706382457^i0 size=8388608 queue_latency_us=0 attempt=0
I0909 09:23:55.321905    1401 grpc_transport.cc:1743] [MEGASCALE_TRANSPORT_INSTR] SendRpc: key=psum.7_0_sr_115_116|s100005->200005d|$c0$l706382457^i0 size=8388608 queue_latency_us=0 attempt=0
I0909 09:23:55.337309    1385 grpc_transport.cc:1743] [MEGASCALE_TRANSPORT_INSTR] SendRpc: key=psum.7_0_sr_87_88|s100003->200003d|$c0$l706382457^i0 size=8388608 queue_latency_us=0 attempt=0
I0909 09:23:55.337609    1373 grpc_transport.cc:1414] [MEGASCALE_TRANSPORT_INSTR] Recv: key=psum.7_0_sr_54_55|s200006->100006d|$c0$l706382457^i0 size=0 is_single_chunk=true is_aligned=true memcpy_needed=false
I0909 09:23:55.358665    1900 grpc_transport.cc:1414] [MEGASCALE_TRANSPORT_INSTR] Recv: key=psum.7_0_sr_21_22|s200005->100005d|$c0$l706382457^i0 size=0 is_single_chunk=true is_aligned=true memcpy_needed=false
I0909 09:23:55.378876    1373 grpc_transport.cc:1743] [MEGASCALE_TRANSPORT_INSTR] SendRpc: key=psum.7_0_1_ag_0_sr_59_60|s100003->200003d|$c0$l706382457^i0 size=8388608 queue_latency_us=0 attempt=0
I0909 09:23:55.388111    1403 grpc_transport.cc:1743] [MEGASCALE_TRANSPORT_INSTR] SendRpc: key=psum.7_0_1_ag_0_sr_9_10|s100007->200007d|$c0$l706382457^i0 size=8388608 queue_latency_us=0 attempt=0
I0909 09:23:55.393061     785 grpc_transport.cc:1414] [MEGASCALE_TRANSPORT_INSTR] Recv: key=psum.7_0_sr_42_43|s200001->100001d|$c0$l706382457^i0 size=0 is_single_chunk=true is_aligned=true memcpy_needed=false
I0909 09:23:55.404561    1377 grpc_transport.cc:1743] [MEGASCALE_TRANSPORT_INSTR] SendRpc: key=psum.7_0_1_ag_0_sr_12_13|s100000->200000d|$c0$l706382457^i0 size=8388608 queue_latency_us=0 attempt=0
I0909 09:23:55.424690    1722 grpc_transport.cc:1743] [MEGASCALE_TRANSPORT_INSTR] SendRpc: key=psum.7_0_1_ag_0_sr_39_40|s100002->200002d|$c0$l706382457^i0 size=8388608 queue_latency_us=0 attempt=0
I0909 09:23:55.428079    1722 grpc_transport.cc:1414] [MEGASCALE_TRANSPORT_INSTR] Recv: key=psum.7_0_1_ag_0_sr_78_79|s200006->100006d|$c0$l706382457^i0 size=0 is_single_chunk=true is_aligned=true memcpy_needed=false
I0909 09:23:55.429562     785 grpc_transport.cc:1743] [MEGASCALE_TRANSPORT_INSTR] SendRpc: key=psum.7_0_1_ag_0_sr_41_42|s100001->200001d|$c0$l706382457^i0 size=8388608 queue_latency_us=0 attempt=0
I0909 09:23:55.451113    1373 grpc_transport.cc:1414] [MEGASCALE_TRANSPORT_INSTR] Recv: key=psum.7_0_1_ag_0_sr_124_125|s200002->100002d|$c0$l706382457^i0 size=0 is_single_chunk=true is_aligned=true memcpy_needed=false
I0909 09:23:55.478566    1379 grpc_transport.cc:1414] [MEGASCALE_TRANSPORT_INSTR] Recv: key=psum.7_0_1_ag_0_sr_91_92|s200005->100005d|$c0$l706382457^i0 size=0 is_single_chunk=true is_aligned=true memcpy_needed=false
I0909 09:23:55.500762    1724 grpc_transport.cc:1414] [MEGASCALE_TRANSPORT_INSTR] Recv: key=psum.7_0_1_ag_0_sr_107_108|s200003->100003d|$c0$l706382457^i0 size=0 is_single_chunk=true is_aligned=true memcpy_needed=false
I0909 09:23:55.532335    1379 grpc_transport.cc:1414] [MEGASCALE_TRANSPORT_INSTR] Recv: key=psum.7_0_1_ag_0_sr_116_117|s200000->100000d|$c0$l706382457^i0 size=0 is_single_chunk=true is_aligned=true memcpy_needed=false
I0909 09:23:55.570213    1958 grpc_transport.cc:1743] [MEGASCALE_TRANSPORT_INSTR] SendRpc: key=psum.7_0_sr_81_82|s100002->200002d|$c0$l706382458^i0 size=8388608 queue_latency_us=0 attempt=0
I0909 09:23:55.573028    1765 grpc_transport.cc:1743] [MEGASCALE_TRANSPORT_INSTR] SendRpc: key=psum.7_0_sr_73_74|s100002->200002d|$c0$l706382458^i0 size=8388608 queue_latency_us=0 attempt=0
I0909 09:23:55.575360    1380 grpc_transport.cc:1743] [MEGASCALE_TRANSPORT_INSTR] SendRpc: key=psum.7_0_sr_87_88|s100003->200003d|$c0$l706382458^i0 size=8388608 queue_latency_us=0 attempt=0
I0909 09:23:55.578770    1387 grpc_transport.cc:1743] [MEGASCALE_TRANSPORT_INSTR] SendRpc: key=psum.7_0_sr_114_115|s100006->200006d|$c0$l706382458^i0 size=8388608 queue_latency_us=0 attempt=0
I0909 09:23:55.579974    1408 grpc_transport.cc:1414] [MEGASCALE_TRANSPORT_INSTR] Recv: key=psum.7_0_sr_8_9|s200003->100003d|$c0$l706382458^i0 size=0 is_single_chunk=true is_aligned=true memcpy_needed=false
I0909 09:23:55.583029    1957 grpc_transport.cc:1743] [MEGASCALE_TRANSPORT_INSTR] SendRpc: key=psum.7_0_sr_116_117|s100003->200003d|$c0$l706382458^i0 size=8388608 queue_latency_us=0 attempt=0
I0909 09:23:55.610216    1374 grpc_transport.cc:1414] [MEGASCALE_TRANSPORT_INSTR] Recv: key=psum.7_0_sr_3_4|s200002->100002d|$c0$l706382458^i0 size=0 is_single_chunk=true is_aligned=true memcpy_needed=false
I0909 09:23:55.628701    1377 grpc_transport.cc:1414] [MEGASCALE_TRANSPORT_INSTR] Recv: key=psum.7_0_sr_8_9|s200004->100004d|$c0$l706382458^i0 size=0 is_single_chunk=true is_aligned=true memcpy_needed=false
I0909 09:23:55.646386    1377 grpc_transport.cc:1414] [MEGASCALE_TRANSPORT_INSTR] Recv: key=psum.7_0_sr_25_26|s200004->100004d|$c0$l706382458^i0 size=0 is_single_chunk=true is_aligned=true memcpy_needed=false
I0909 09:23:55.665833    1900 grpc_transport.cc:1743] [MEGASCALE_TRANSPORT_INSTR] SendRpc: key=psum.7_0_1_ag_0_sr_36_37|s100005->200005d|$c0$l706382458^i0 size=8388608 queue_latency_us=0 attempt=0
I0909 09:23:55.666417    1374 grpc_transport.cc:1414] [MEGASCALE_TRANSPORT_INSTR] Recv: key=psum.7_0_sr_55_56|s200007->100007d|$c0$l706382458^i0 size=0 is_single_chunk=true is_aligned=true memcpy_needed=false
I0909 09:23:55.683272    1377 grpc_transport.cc:1414] [MEGASCALE_TRANSPORT_INSTR] Recv: key=psum.7_0_1_ag_0_sr_70_71|s200004->100004d|$c0$l706382458^i0 size=0 is_single_chunk=true is_aligned=true memcpy_needed=false
I0909 09:23:55.685243    1722 grpc_transport.cc:1743] [MEGASCALE_TRANSPORT_INSTR] SendRpc: key=psum.7_0_1_ag_0_sr_17_18|s100007->200007d|$c0$l706382458^i0 size=8388608 queue_latency_us=0 attempt=0
I0909 09:23:55.693825    1900 grpc_transport.cc:1743] [MEGASCALE_TRANSPORT_INSTR] SendRpc: key=psum.7_0_1_ag_0_sr_45_46|s100000->200000d|$c0$l706382458^i0 size=8388608 queue_latency_us=0 attempt=0
I0909 09:23:55.703580    1750 grpc_transport.cc:1743] [MEGASCALE_TRANSPORT_INSTR] SendRpc: key=psum.7_0_1_ag_0_sr_6_7|s100006->200006d|$c0$l706382458^i0 size=8388608 queue_latency_us=0 attempt=0
I0909 09:23:55.709631    2070 grpc_transport.cc:1743] [MEGASCALE_TRANSPORT_INSTR] SendRpc: key=psum.7_0_1_ag_0_sr_47_48|s100001->200001d|$c0$l706382458^i0 size=8388608 queue_latency_us=0 attempt=0
I0909 09:23:55.713054    1738 grpc_transport.cc:1414] [MEGASCALE_TRANSPORT_INSTR] Recv: key=psum.7_0_1_ag_0_sr_104_105|s200002->100002d|$c0$l706382458^i0 size=0 is_single_chunk=true is_aligned=true memcpy_needed=false
I0909 09:23:55.737014    1379 grpc_transport.cc:1414] [MEGASCALE_TRANSPORT_INSTR] Recv: key=psum.7_0_1_ag_0_sr_72_73|s200001->100001d|$c0$l706382458^i0 size=0 is_single_chunk=true is_aligned=true memcpy_needed=false
I0909 09:23:55.758232    1733 grpc_transport.cc:1414] [MEGASCALE_TRANSPORT_INSTR] Recv: key=psum.7_0_1_ag_0_sr_84_85|s200007->100007d|$c0$l706382458^i0 size=0 is_single_chunk=true is_aligned=true memcpy_needed=false
I0909 09:23:55.776097    1900 grpc_transport.cc:1414] [MEGASCALE_TRANSPORT_INSTR] Recv: key=psum.7_0_1_ag_0_sr_88_89|s200000->100000d|$c0$l706382458^i0 size=0 is_single_chunk=true is_aligned=true memcpy_needed=false
I0909 09:23:55.798273    1377 grpc_transport.cc:1414] [MEGASCALE_TRANSPORT_INSTR] Recv: key=psum.7_0_1_ag_0_sr_116_117|s200000->100000d|$c0$l706382458^i0 size=0 is_single_chunk=true is_aligned=true memcpy_needed=false
I0909 09:23:55.813125    1401 grpc_transport.cc:1743] [MEGASCALE_TRANSPORT_INSTR] SendRpc: key=psum.7_0_sr_70_71|s100001->200001d|$c0$l706382459^i0 size=8388608 queue_latency_us=0 attempt=0
I0909 09:23:55.816076    2068 grpc_transport.cc:1743] [MEGASCALE_TRANSPORT_INSTR] SendRpc: key=psum.7_0_sr_97_98|s100005->200005d|$c0$l706382459^i0 size=8388608 queue_latency_us=0 attempt=0
I0909 09:23:55.818353    1739 grpc_transport.cc:1743] [MEGASCALE_TRANSPORT_INSTR] SendRpc: key=psum.7_0_sr_77_78|s100006->200006d|$c0$l706382459^i0 size=8388608 queue_latency_us=0 attempt=0
I0909 09:23:55.820799    1962 grpc_transport.cc:1743] [MEGASCALE_TRANSPORT_INSTR] SendRpc: key=psum.7_0_sr_99_100|s100006->200006d|$c0$l706382459^i0 size=8388608 queue_latency_us=0 attempt=0
I0909 09:23:55.823830    1961 grpc_transport.cc:1743] [MEGASCALE_TRANSPORT_INSTR] SendRpc: key=psum.7_0_sr_120_121|s100003->200003d|$c0$l706382459^i0 size=8388608 queue_latency_us=0 attempt=0
I0909 09:23:55.897179    1730 grpc_transport.cc:1414] [MEGASCALE_TRANSPORT_INSTR] Recv: key=psum.7_0_sr_20_21|s200007->100007d|$c0$l706382459^i0 size=0 is_single_chunk=true is_aligned=true memcpy_needed=false
I0909 09:23:55.918757    1956 grpc_transport.cc:1414] [MEGASCALE_TRANSPORT_INSTR] Recv: key=psum.7_0_sr_29_30|s200007->100007d|$c0$l706382459^i0 size=0 is_single_chunk=true is_aligned=true memcpy_needed=false
I0909 09:23:55.936025    1379 grpc_transport.cc:1414] [MEGASCALE_TRANSPORT_INSTR] Recv: key=psum.7_0_sr_47_48|s200000->100000d|$c0$l706382459^i0 size=0 is_single_chunk=true is_aligned=true memcpy_needed=false
I0909 09:23:55.954130    2060 grpc_transport.cc:1743] [MEGASCALE_TRANSPORT_INSTR] SendRpc: key=psum.7_0_1_ag_0_sr_13_14|s100001->200001d|$c0$l706382459^i0 size=8388608 queue_latency_us=0 attempt=0
I0909 09:23:55.956511    2060 grpc_transport.cc:1414] [MEGASCALE_TRANSPORT_INSTR] Recv: key=psum.7_0_sr_46_47|s200004->100004d|$c0$l706382459^i0 size=0 is_single_chunk=true is_aligned=true memcpy_needed=false
I0909 09:23:55.975909    1730 grpc_transport.cc:1414] [MEGASCALE_TRANSPORT_INSTR] Recv: key=psum.7_0_sr_50_51|s200003->100003d|$c0$l706382459^i0 size=0 is_single_chunk=true is_aligned=true memcpy_needed=false
I0909 09:23:55.980477    1377 grpc_transport.cc:1743] [MEGASCALE_TRANSPORT_INSTR] SendRpc: key=psum.7_0_1_ag_0_sr_23_24|s100000->200000d|$c0$l706382459^i0 size=8388608 queue_latency_us=0 attempt=0
I0909 09:23:55.991868    1379 grpc_transport.cc:1743] [MEGASCALE_TRANSPORT_INSTR] SendRpc: key=psum.7_0_1_ag_0_sr_21_22|s100004->200004d|$c0$l706382459^i0 size=8388608 queue_latency_us=0 attempt=0
I0909 09:23:55.999508    1385 grpc_transport.cc:1743] [MEGASCALE_TRANSPORT_INSTR] SendRpc: key=psum.7_0_1_ag_0_sr_5_6|s100006->200006d|$c0$l706382459^i0 size=8388608 queue_latency_us=0 attempt=0
I0909 09:23:56.002805    1387 grpc_transport.cc:1414] [MEGASCALE_TRANSPORT_INSTR] Recv: key=psum.7_0_1_ag_0_sr_93_94|s200003->100003d|$c0$l706382459^i0 size=0 is_single_chunk=true is_aligned=true memcpy_needed=false
I0909 09:23:56.006617    1733 grpc_transport.cc:1743] [MEGASCALE_TRANSPORT_INSTR] SendRpc: key=psum.7_0_1_ag_0_sr_38_39|s100002->200002d|$c0$l706382459^i0 size=8388608 queue_latency_us=0 attempt=0
I0909 09:23:56.020625    2060 grpc_transport.cc:1414] [MEGASCALE_TRANSPORT_INSTR] Recv: key=psum.7_0_1_ag_0_sr_71_72|s200000->100000d|$c0$l706382459^i0 size=0 is_single_chunk=true is_aligned=true memcpy_needed=false
I0909 09:23:56.036789    1374 grpc_transport.cc:1414] [MEGASCALE_TRANSPORT_INSTR] Recv: key=psum.7_0_1_ag_0_sr_122_123|s200003->100003d|$c0$l706382459^i0 size=0 is_single_chunk=true is_aligned=true memcpy_needed=false
I0909 09:23:56.053502    1377 grpc_transport.cc:1414] [MEGASCALE_TRANSPORT_INSTR] Recv: key=psum.7_0_1_ag_0_sr_90_91|s200004->100004d|$c0$l706382459^i0 size=0 is_single_chunk=true is_aligned=true memcpy_needed=false
I0909 09:23:56.070538    1377 grpc_transport.cc:1414] [MEGASCALE_TRANSPORT_INSTR] Recv: key=psum.7_0_1_ag_0_sr_122_123|s200004->100004d|$c0$l706382459^i0 size=0 is_single_chunk=true is_aligned=true memcpy_needed=false
I0909 09:23:56.087254    2061 grpc_transport.cc:1743] [MEGASCALE_TRANSPORT_INSTR] SendRpc: key=psum.7_0_sr_74_75|s100000->200000d|$c0$l706382460^i0 size=8388608 queue_latency_us=0 attempt=0
I0909 09:23:56.091936    1393 grpc_transport.cc:1743] [MEGASCALE_TRANSPORT_INSTR] SendRpc: key=psum.7_0_sr_83_84|s100004->200004d|$c0$l706382460^i0 size=8388608 queue_latency_us=0 attempt=0
I0909 09:23:56.095043    1418 grpc_transport.cc:1743] [MEGASCALE_TRANSPORT_INSTR] SendRpc: key=psum.7_0_sr_81_82|s100005->200005d|$c0$l706382460^i0 size=8388608 queue_latency_us=0 attempt=0
I0909 09:23:56.098669    1907 grpc_transport.cc:1743] [MEGASCALE_TRANSPORT_INSTR] SendRpc: key=psum.7_0_sr_108_109|s100004->200004d|$c0$l706382460^i0 size=8388608 queue_latency_us=0 attempt=0
I0909 09:23:56.102378    1928 grpc_transport.cc:1743] [MEGASCALE_TRANSPORT_INSTR] SendRpc: key=psum.7_0_sr_100_101|s100001->200001d|$c0$l706382460^i0 size=8388608 queue_latency_us=0 attempt=0
I0909 09:23:56.107299    1759 grpc_transport.cc:1743] [MEGASCALE_TRANSPORT_INSTR] SendRpc: key=psum.7_0_sr_123_124|s100002->200002d|$c0$l706382460^i0 size=8388608 queue_latency_us=0 attempt=0
I0909 09:23:56.158831    1900 grpc_transport.cc:1414] [MEGASCALE_TRANSPORT_INSTR] Recv: key=psum.7_0_sr_1_2|s200001->100001d|$c0$l706382460^i0 size=0 is_single_chunk=true is_aligned=true memcpy_needed=false
I0909 09:23:56.182552    1373 grpc_transport.cc:1414] [MEGASCALE_TRANSPORT_INSTR] Recv: key=psum.7_0_sr_9_10|s200006->100006d|$c0$l706382460^i0 size=0 is_single_chunk=true is_aligned=true memcpy_needed=false
I0909 09:23:56.202398    1956 grpc_transport.cc:1414] [MEGASCALE_TRANSPORT_INSTR] Recv: key=psum.7_0_sr_28_29|s200002->100002d|$c0$l706382460^i0 size=0 is_single_chunk=true is_aligned=true memcpy_needed=false
I0909 09:23:56.223047    1956 grpc_transport.cc:1414] [MEGASCALE_TRANSPORT_INSTR] Recv: key=psum.7_0_sr_37_38|s200002->100002d|$c0$l706382460^i0 size=0 is_single_chunk=true is_aligned=true memcpy_needed=false
I0909 09:23:56.243008    1373 grpc_transport.cc:1414] [MEGASCALE_TRANSPORT_INSTR] Recv: key=psum.7_0_sr_60_61|s200003->100003d|$c0$l706382460^i0 size=0 is_single_chunk=true is_aligned=true memcpy_needed=false
I0909 09:23:56.248841    2060 grpc_transport.cc:1743] [MEGASCALE_TRANSPORT_INSTR] SendRpc: key=psum.7_0_1_ag_0_sr_26_27|s100001->200001d|$c0$l706382460^i0 size=8388608 queue_latency_us=0 attempt=0
I0909 09:23:56.254196    2061 grpc_transport.cc:1743] [MEGASCALE_TRANSPORT_INSTR] SendRpc: key=psum.7_0_1_ag_0_sr_58_59|s100001->200001d|$c0$l706382460^i0 size=8388608 queue_latency_us=1 attempt=0
I0909 09:23:56.260991    1377 grpc_transport.cc:1743] [MEGASCALE_TRANSPORT_INSTR] SendRpc: key=psum.7_0_1_ag_0_sr_35_36|s100004->200004d|$c0$l706382460^i0 size=8388608 queue_latency_us=0 attempt=0
I0909 09:23:56.264698    1385 grpc_transport.cc:1414] [MEGASCALE_TRANSPORT_INSTR] Recv: key=psum.7_0_sr_63_64|s200007->100007d|$c0$l706382460^i0 size=0 is_single_chunk=true is_aligned=true memcpy_needed=false
I0909 09:23:56.271682    1724 grpc_transport.cc:1743] [MEGASCALE_TRANSPORT_INSTR] SendRpc: key=psum.7_0_1_ag_0_sr_3_4|s100007->200007d|$c0$l706382460^i0 size=8388608 queue_latency_us=0 attempt=0
I0909 09:23:56.278147    1956 grpc_transport.cc:1743] [MEGASCALE_TRANSPORT_INSTR] SendRpc: key=psum.7_0_1_ag_0_sr_45_46|s100007->200007d|$c0$l706382460^i0 size=8388608 queue_latency_us=0 attempt=0
I0909 09:23:56.283692    1379 grpc_transport.cc:1414] [MEGASCALE_TRANSPORT_INSTR] Recv: key=psum.7_0_1_ag_0_sr_85_86|s200004->100004d|$c0$l706382460^i0 size=0 is_single_chunk=true is_aligned=true memcpy_needed=false
I0909 09:23:56.299952    1379 grpc_transport.cc:1414] [MEGASCALE_TRANSPORT_INSTR] Recv: key=psum.7_0_1_ag_0_sr_127_128|s200004->100004d|$c0$l706382460^i0 size=0 is_single_chunk=true is_aligned=true memcpy_needed=false
I0909 09:23:56.317032    2060 grpc_transport.cc:1414] [MEGASCALE_TRANSPORT_INSTR] Recv: key=psum.7_0_1_ag_0_sr_114_115|s200001->100001d|$c0$l706382460^i0 size=0 is_single_chunk=true is_aligned=true memcpy_needed=false
I0909 09:23:56.334327    1724 grpc_transport.cc:1414] [MEGASCALE_TRANSPORT_INSTR] Recv: key=psum.7_0_1_ag_0_sr_107_108|s200007->100007d|$c0$l706382460^i0 size=0 is_single_chunk=true is_aligned=true memcpy_needed=false
I0909 09:23:56.363041    1932 grpc_transport.cc:1743] [MEGASCALE_TRANSPORT_INSTR] SendRpc: key=psum.7_0_sr_70_71|s100000->200000d|$c0$l706382461^i0 size=8388608 queue_latency_us=0 attempt=0
I0909 09:23:56.366262    1938 grpc_transport.cc:1743] [MEGASCALE_TRANSPORT_INSTR] SendRpc: key=psum.7_0_sr_86_87|s100000->200000d|$c0$l706382461^i0 size=8388608 queue_latency_us=0 attempt=0
I0909 09:23:56.369054    1420 grpc_transport.cc:1743] [MEGASCALE_TRANSPORT_INSTR] SendRpc: key=psum.7_0_sr_107_108|s100005->200005d|$c0$l706382461^i0 size=8388608 queue_latency_us=0 attempt=0
I0909 09:23:56.372727    1906 grpc_transport.cc:1743] [MEGASCALE_TRANSPORT_INSTR] SendRpc: key=psum.7_0_sr_122_123|s100005->200005d|$c0$l706382461^i0 size=8388608 queue_latency_us=0 attempt=0
I0909 09:23:56.377628    1414 grpc_transport.cc:1743] [MEGASCALE_TRANSPORT_INSTR] SendRpc: key=psum.7_0_sr_123_124|s100003->200003d|$c0$l706382461^i0 size=8388608 queue_latency_us=0 attempt=0
I0909 09:23:56.402028    1377 grpc_transport.cc:1414] [MEGASCALE_TRANSPORT_INSTR] Recv: key=psum.7_0_sr_15_16|s200001->100001d|$c0$l706382461^i0 size=0 is_single_chunk=true is_aligned=true memcpy_needed=false
I0909 09:23:56.427987    1377 grpc_transport.cc:1414] [MEGASCALE_TRANSPORT_INSTR] Recv: key=psum.7_0_sr_40_41|s200005->100005d|$c0$l706382461^i0 size=0 is_single_chunk=true is_aligned=true memcpy_needed=false
I0909 09:23:56.449302    1377 grpc_transport.cc:1414] [MEGASCALE_TRANSPORT_INSTR] Recv: key=psum.7_0_sr_14_15|s200000->100000d|$c0$l706382461^i0 size=0 is_single_chunk=true is_aligned=true memcpy_needed=false
I0909 09:23:56.466694    1722 grpc_transport.cc:1414] [MEGASCALE_TRANSPORT_INSTR] Recv: key=psum.7_0_sr_15_16|s200007->100007d|$c0$l706382461^i0 size=0 is_single_chunk=true is_aligned=true memcpy_needed=false
I0909 09:23:56.481453    1391 grpc_transport.cc:1743] [MEGASCALE_TRANSPORT_INSTR] SendRpc: key=psum.7_0_1_ag_0_sr_6_7|s100001->200001d|$c0$l706382461^i0 size=8388608 queue_latency_us=3 attempt=0
I0909 09:23:56.490167    1906 grpc_transport.cc:1743] [MEGASCALE_TRANSPORT_INSTR] SendRpc: key=psum.7_0_1_ag_0_sr_37_38|s100005->200005d|$c0$l706382461^i0 size=8388608 queue_latency_us=1 attempt=0
I0909 09:23:56.491595    1724 grpc_transport.cc:1414] [MEGASCALE_TRANSPORT_INSTR] Recv: key=psum.7_0_sr_16_17|s200002->100002d|$c0$l706382461^i0 size=0 is_single_chunk=true is_aligned=true memcpy_needed=false
I0909 09:23:56.504901    2061 grpc_transport.cc:1743] [MEGASCALE_TRANSPORT_INSTR] SendRpc: key=psum.7_0_1_ag_0_sr_18_19|s100000->200000d|$c0$l706382461^i0 size=8388608 queue_latency_us=0 attempt=0
I0909 09:23:56.509783    2062 grpc_transport.cc:1743] [MEGASCALE_TRANSPORT_INSTR] SendRpc: key=psum.7_0_1_ag_0_sr_48_49|s100004->200004d|$c0$l706382461^i0 size=8388608 queue_latency_us=0 attempt=0
I0909 09:23:56.521487    1377 grpc_transport.cc:1414] [MEGASCALE_TRANSPORT_INSTR] Recv: key=psum.7_0_1_ag_0_sr_126_127|s200001->100001d|$c0$l706382461^i0 size=0 is_single_chunk=true is_aligned=true memcpy_needed=false
I0909 09:23:56.540532    1377 grpc_transport.cc:1414] [MEGASCALE_TRANSPORT_INSTR] Recv: key=psum.7_0_1_ag_0_sr_99_100|s200005->100005d|$c0$l706382461^i0 size=0 is_single_chunk=true is_aligned=true memcpy_needed=false
I0909 09:23:56.551228    1957 grpc_transport.cc:1743] [MEGASCALE_TRANSPORT_INSTR] SendRpc: key=psum.7_0_1_ag_0_sr_19_20|s100002->200002d|$c0$l706382461^i0 size=8388608 queue_latency_us=0 attempt=0
I0909 09:23:56.559952    1374 grpc_transport.cc:1414] [MEGASCALE_TRANSPORT_INSTR] Recv: key=psum.7_0_1_ag_0_sr_77_78|s200003->100003d|$c0$l706382461^i0 size=0 is_single_chunk=true is_aligned=true memcpy_needed=false
I0909 09:23:56.575852    1377 grpc_transport.cc:1414] [MEGASCALE_TRANSPORT_INSTR] Recv: key=psum.7_0_1_ag_0_sr_119_120|s200000->100000d|$c0$l706382461^i0 size=0 is_single_chunk=true is_aligned=true memcpy_needed=false
I0909 09:23:56.592551    1373 grpc_transport.cc:1414] [MEGASCALE_TRANSPORT_INSTR] Recv: key=psum.7_0_1_ag_0_sr_81_82|s200007->100007d|$c0$l706382461^i0 size=0 is_single_chunk=true is_aligned=true memcpy_needed=false
I0909 09:23:56.620324    1374 grpc_transport.cc:1414] [MEGASCALE_TRANSPORT_INSTR] Recv: key=psum.7_0_1_ag_0_sr_127_128|s200007->100007d|$c0$l706382461^i0 size=0 is_single_chunk=true is_aligned=true memcpy_needed=false
I0909 09:23:56.635822    1750 grpc_transport.cc:1743] [MEGASCALE_TRANSPORT_INSTR] SendRpc: key=psum.7_0_sr_88_89|s100006->200006d|$c0$l706382462^i0 size=8388608 queue_latency_us=1 attempt=0
I0909 09:23:56.638371    1932 grpc_transport.cc:1743] [MEGASCALE_TRANSPORT_INSTR] SendRpc: key=psum.7_0_sr_77_78|s100005->200005d|$c0$l706382462^i0 size=8388608 queue_latency_us=0 attempt=0
I0909 09:23:56.640849    1772 grpc_transport.cc:1743] [MEGASCALE_TRANSPORT_INSTR] SendRpc: key=psum.7_0_sr_99_100|s100002->200002d|$c0$l706382462^i0 size=8388608 queue_latency_us=0 attempt=0
I0909 09:23:56.644609    2062 grpc_transport.cc:1743] [MEGASCALE_TRANSPORT_INSTR] SendRpc: key=psum.7_0_sr_99_100|s100005->200005d|$c0$l706382462^i0 size=8388608 queue_latency_us=0 attempt=0
I0909 09:23:56.649018    1957 grpc_transport.cc:1743] [MEGASCALE_TRANSPORT_INSTR] SendRpc: key=psum.7_0_sr_119_120|s100002->200002d|$c0$l706382462^i0 size=8388608 queue_latency_us=0 attempt=0
I0909 09:23:56.652627    1386 grpc_transport.cc:1414] [MEGASCALE_TRANSPORT_INSTR] Recv: key=psum.7_0_sr_4_5|s200004->100004d|$c0$l706382462^i0 size=0 is_single_chunk=true is_aligned=true memcpy_needed=false
I0909 09:23:56.673527    2060 grpc_transport.cc:1414] [MEGASCALE_TRANSPORT_INSTR] Recv: key=psum.7_0_sr_29_30|s200004->100004d|$c0$l706382462^i0 size=0 is_single_chunk=true is_aligned=true memcpy_needed=false
I0909 09:23:56.693179    1722 grpc_transport.cc:1414] [MEGASCALE_TRANSPORT_INSTR] Recv: key=psum.7_0_sr_39_40|s200002->100002d|$c0$l706382462^i0 size=0 is_single_chunk=true is_aligned=true memcpy_needed=false
I0909 09:23:56.708912    1379 grpc_transport.cc:1414] [MEGASCALE_TRANSPORT_INSTR] Recv: key=psum.7_0_sr_45_46|s200004->100004d|$c0$l706382462^i0 size=0 is_single_chunk=true is_aligned=true memcpy_needed=false
I0909 09:23:56.723931    2060 grpc_transport.cc:1743] [MEGASCALE_TRANSPORT_INSTR] SendRpc: key=psum.7_0_1_ag_0_sr_2_3|s100005->200005d|$c0$l706382462^i0 size=8388608 queue_latency_us=0 attempt=0
I0909 09:23:56.733273    1379 grpc_transport.cc:1743] [MEGASCALE_TRANSPORT_INSTR] SendRpc: key=psum.7_0_1_ag_0_sr_21_22|s100001->200001d|$c0$l706382462^i0 size=8388608 queue_latency_us=0 attempt=0
I0909 09:23:56.737633    1900 grpc_transport.cc:1743] [MEGASCALE_TRANSPORT_INSTR] SendRpc: key=psum.7_0_1_ag_0_sr_56_57|s100001->200001d|$c0$l706382462^i0 size=8388608 queue_latency_us=0 attempt=0
I0909 09:23:56.747268    1738 grpc_transport.cc:1743] [MEGASCALE_TRANSPORT_INSTR] SendRpc: key=psum.7_0_1_ag_0_sr_15_16|s100003->200003d|$c0$l706382462^i0 size=8388608 queue_latency_us=0 attempt=0
I0909 09:23:56.750687    1964 grpc_transport.cc:1743] [MEGASCALE_TRANSPORT_INSTR] SendRpc: key=psum.7_0_1_ag_0_sr_35_36|s100007->200007d|$c0$l706382462^i0 size=8388608 queue_latency_us=0 attempt=0
I0909 09:23:56.751980    2063 grpc_transport.cc:1414] [MEGASCALE_TRANSPORT_INSTR] Recv: key=psum.7_0_1_ag_0_sr_67_68|s200004->100004d|$c0$l706382462^i0 size=0 is_single_chunk=true is_aligned=true memcpy_needed=false
I0909 09:23:56.779483    1373 grpc_transport.cc:1414] [MEGASCALE_TRANSPORT_INSTR] Recv: key=psum.7_0_1_ag_0_sr_102_103|s200006->100006d|$c0$l706382462^i0 size=0 is_single_chunk=true is_aligned=true memcpy_needed=false
I0909 09:23:56.814921    1377 grpc_transport.cc:1414] [MEGASCALE_TRANSPORT_INSTR] Recv: key=psum.7_0_1_ag_0_sr_74_75|s200000->100000d|$c0$l706382462^i0 size=0 is_single_chunk=true is_aligned=true memcpy_needed=false
I0909 09:23:56.835424    1377 grpc_transport.cc:1414] [MEGASCALE_TRANSPORT_INSTR] Recv: key=psum.7_0_1_ag_0_sr_95_96|s200000->100000d|$c0$l706382462^i0 size=0 is_single_chunk=true is_aligned=true memcpy_needed=false
I0909 09:23:56.853584    2061 grpc_transport.cc:1414] [MEGASCALE_TRANSPORT_INSTR] Recv: key=psum.7_0_1_ag_0_sr_119_120|s200000->100000d|$c0$l706382462^i0 size=0 is_single_chunk=true is_aligned=true memcpy_needed=false
I0909 09:23:56.873277    1956 grpc_transport.cc:1414] [MEGASCALE_TRANSPORT_INSTR] Recv: key=psum.7_0_1_ag_0_sr_123_124|s200007->100007d|$c0$l706382462^i0 size=0 is_single_chunk=true is_aligned=true memcpy_needed=false
I0909 09:23:56.880317    1377 grpc_transport.cc:1743] [MEGASCALE_TRANSPORT_INSTR] SendRpc: key=psum.7_0_sr_82_83|s100004->200004d|$c0$l706382463^i0 size=8388608 queue_latency_us=0 attempt=0
I0909 09:23:56.884714    1768 grpc_transport.cc:1743] [MEGASCALE_TRANSPORT_INSTR] SendRpc: key=psum.7_0_sr_72_73|s100006->200006d|$c0$l706382463^i0 size=8388608 queue_latency_us=0 attempt=0
I0909 09:23:56.887463    1957 grpc_transport.cc:1743] [MEGASCALE_TRANSPORT_INSTR] SendRpc: key=psum.7_0_sr_92_93|s100006->200006d|$c0$l706382463^i0 size=8388608 queue_latency_us=0 attempt=0
I0909 09:23:56.892113    1373 grpc_transport.cc:1743] [MEGASCALE_TRANSPORT_INSTR] SendRpc: key=psum.7_0_sr_112_113|s100006->200006d|$c0$l706382463^i0 size=8388608 queue_latency_us=0 attempt=0
I0909 09:23:56.899999    2060 grpc_transport.cc:1743] [MEGASCALE_TRANSPORT_INSTR] SendRpc: key=psum.7_0_sr_87_88|s100000->200000d|$c0$l706382463^i0 size=8388608 queue_latency_us=0 attempt=0
I0909 09:23:56.930986    1722 grpc_transport.cc:1414] [MEGASCALE_TRANSPORT_INSTR] Recv: key=psum.7_0_sr_16_17|s200007->100007d|$c0$l706382463^i0 size=0 is_single_chunk=true is_aligned=true memcpy_needed=false
I0909 09:23:56.952093    1724 grpc_transport.cc:1414] [MEGASCALE_TRANSPORT_INSTR] Recv: key=psum.7_0_sr_26_27|s200006->100006d|$c0$l706382463^i0 size=0 is_single_chunk=true is_aligned=true memcpy_needed=false
I0909 09:23:56.970937    1724 grpc_transport.cc:1414] [MEGASCALE_TRANSPORT_INSTR] Recv: key=psum.7_0_sr_42_43|s200006->100006d|$c0$l706382463^i0 size=0 is_single_chunk=true is_aligned=true memcpy_needed=false
I0909 09:23:56.989135    1733 grpc_transport.cc:1414] [MEGASCALE_TRANSPORT_INSTR] Recv: key=psum.7_0_sr_59_60|s200006->100006d|$c0$l706382463^i0 size=0 is_single_chunk=true is_aligned=true memcpy_needed=false
I0909 09:23:56.992146    1379 grpc_transport.cc:1743] [MEGASCALE_TRANSPORT_INSTR] SendRpc: key=psum.7_0_1_ag_0_sr_1_2|s100001->200001d|$c0$l706382463^i0 size=8388608 queue_latency_us=0 attempt=0
I0909 09:23:57.000968    1377 grpc_transport.cc:1743] [MEGASCALE_TRANSPORT_INSTR] SendRpc: key=psum.7_0_1_ag_0_sr_40_41|s100004->200004d|$c0$l706382463^i0 size=8388608 queue_latency_us=0 attempt=0
I0909 09:23:57.012036    1385 grpc_transport.cc:1414] [MEGASCALE_TRANSPORT_INSTR] Recv: key=psum.7_0_sr_22_23|s200003->100003d|$c0$l706382463^i0 size=0 is_single_chunk=true is_aligned=true memcpy_needed=false
I0909 09:23:57.016627    1743 grpc_transport.cc:1743] [MEGASCALE_TRANSPORT_INSTR] SendRpc: key=psum.7_0_1_ag_0_sr_9_10|s100002->200002d|$c0$l706382463^i0 size=8388608 queue_latency_us=1 attempt=0
I0909 09:23:57.021313    1407 grpc_transport.cc:1743] [MEGASCALE_TRANSPORT_INSTR] SendRpc: key=psum.7_0_1_ag_0_sr_30_31|s100005->200005d|$c0$l706382463^i0 size=8388608 queue_latency_us=0 attempt=0
I0909 09:23:57.030580    1722 grpc_transport.cc:1743] [MEGASCALE_TRANSPORT_INSTR] SendRpc: key=psum.7_0_1_ag_0_sr_37_38|s100007->200007d|$c0$l706382463^i0 size=8388608 queue_latency_us=0 attempt=0
I0909 09:23:57.033582    1374 grpc_transport.cc:1414] [MEGASCALE_TRANSPORT_INSTR] Recv: key=psum.7_0_1_ag_0_sr_77_78|s200007->100007d|$c0$l706382463^i0 size=0 is_single_chunk=true is_aligned=true memcpy_needed=false
I0909 09:23:57.051072    1722 grpc_transport.cc:1414] [MEGASCALE_TRANSPORT_INSTR] Recv: key=psum.7_0_1_ag_0_sr_108_109|s200007->100007d|$c0$l706382463^i0 size=0 is_single_chunk=true is_aligned=true memcpy_needed=false
I0909 09:23:57.067447    1722 grpc_transport.cc:1414] [MEGASCALE_TRANSPORT_INSTR] Recv: key=psum.7_0_1_ag_0_sr_94_95|s200002->100002d|$c0$l706382463^i0 size=0 is_single_chunk=true is_aligned=true memcpy_needed=false
I0909 09:23:57.084561    1379 grpc_transport.cc:1414] [MEGASCALE_TRANSPORT_INSTR] Recv: key=psum.7_0_1_ag_0_sr_105_106|s200000->100000d|$c0$l706382463^i0 size=0 is_single_chunk=true is_aligned=true memcpy_needed=false
I0909 09:23:57.111062    1956 grpc_transport.cc:1414] [MEGASCALE_TRANSPORT_INSTR] Recv: key=psum.7_0_1_ag_0_sr_118_119|s200006->100006d|$c0$l706382463^i0 size=0 is_single_chunk=true is_aligned=true memcpy_needed=false
I0909 09:23:57.130659    1373 grpc_transport.cc:1743] [MEGASCALE_TRANSPORT_INSTR] SendRpc: key=psum.7_0_sr_84_85|s100007->200007d|$c0$l706382464^i0 size=8388608 queue_latency_us=0 attempt=0
I0909 09:23:57.134668    1965 grpc_transport.cc:1743] [MEGASCALE_TRANSPORT_INSTR] SendRpc: key=psum.7_0_sr_69_70|s100003->200003d|$c0$l706382464^i0 size=8388608 queue_latency_us=0 attempt=0
I0909 09:23:57.135820    1594 grpc_transport.cc:1743] [MEGASCALE_TRANSPORT_INSTR] SendRpc: key=psum.7_0_sr_104_105|s100004->200004d|$c0$l706382464^i0 size=8388608 queue_latency_us=0 attempt=0
I0909 09:23:57.139296    1374 grpc_transport.cc:1743] [MEGASCALE_TRANSPORT_INSTR] SendRpc: key=psum.7_0_sr_103_104|s100002->200002d|$c0$l706382464^i0 size=8388608 queue_latency_us=0 attempt=0
I0909 09:23:57.141620    1379 grpc_transport.cc:1743] [MEGASCALE_TRANSPORT_INSTR] SendRpc: key=psum.7_0_sr_108_109|s100001->200001d|$c0$l706382464^i0 size=8388608 queue_latency_us=0 attempt=0
I0909 09:23:57.144241    1735 grpc_transport.cc:1743] [MEGASCALE_TRANSPORT_INSTR] SendRpc: key=psum.7_0_sr_123_124|s100003->200003d|$c0$l706382464^i0 size=8388608 queue_latency_us=0 attempt=0
I0909 09:23:57.170257    1383 grpc_transport.cc:1414] [MEGASCALE_TRANSPORT_INSTR] Recv: key=psum.7_0_sr_4_5|s200004->100004d|$c0$l706382464^i0 size=0 is_single_chunk=true is_aligned=true memcpy_needed=false
I0909 09:23:57.196796    1722 grpc_transport.cc:1414] [MEGASCALE_TRANSPORT_INSTR] Recv: key=psum.7_0_sr_13_14|s200003->100003d|$c0$l706382464^i0 size=0 is_single_chunk=true is_aligned=true memcpy_needed=false
I0909 09:23:57.217901    1380 grpc_transport.cc:1414] [MEGASCALE_TRANSPORT_INSTR] Recv: key=psum.7_0_sr_11_12|s200006->100006d|$c0$l706382464^i0 size=0 is_single_chunk=true is_aligned=true memcpy_needed=false
I0909 09:23:57.228311    1907 grpc_transport.cc:1743] [MEGASCALE_TRANSPORT_INSTR] SendRpc: key=psum.7_0_1_ag_0_sr_33_34|s100001->200001d|$c0$l706382464^i0 size=8388608 queue_latency_us=0 attempt=0
I0909 09:23:57.235833    2061 grpc_transport.cc:1414] [MEGASCALE_TRANSPORT_INSTR] Recv: key=psum.7_0_sr_55_56|s200000->100000d|$c0$l706382464^i0 size=0 is_single_chunk=true is_aligned=true memcpy_needed=false
I0909 09:23:57.253161    1730 grpc_transport.cc:1743] [MEGASCALE_TRANSPORT_INSTR] SendRpc: key=psum.7_0_1_ag_0_sr_17_18|s100003->200003d|$c0$l706382464^i0 size=8388608 queue_latency_us=0 attempt=0
I0909 09:23:57.253983    1389 grpc_transport.cc:1414] [MEGASCALE_TRANSPORT_INSTR] Recv: key=psum.7_0_sr_59_60|s200005->100005d|$c0$l706382464^i0 size=0 is_single_chunk=true is_aligned=true memcpy_needed=false
I0909 09:23:57.263777    1377 grpc_transport.cc:1743] [MEGASCALE_TRANSPORT_INSTR] SendRpc: key=psum.7_0_1_ag_0_sr_36_37|s100005->200005d|$c0$l706382464^i0 size=8388608 queue_latency_us=0 attempt=0
I0909 09:23:57.285443    1374 grpc_transport.cc:1414] [MEGASCALE_TRANSPORT_INSTR] Recv: key=psum.7_0_1_ag_0_sr_88_89|s200007->100007d|$c0$l706382464^i0 size=0 is_single_chunk=true is_aligned=true memcpy_needed=false
I0909 09:23:57.291347    1741 grpc_transport.cc:1743] [MEGASCALE_TRANSPORT_INSTR] SendRpc: key=psum.7_0_1_ag_0_sr_12_13|s100002->200002d|$c0$l706382464^i0 size=8388608 queue_latency_us=0 attempt=0
I0909 09:23:57.296596    1733 grpc_transport.cc:1743] [MEGASCALE_TRANSPORT_INSTR] SendRpc: key=psum.7_0_1_ag_0_sr_50_51|s100006->200006d|$c0$l706382464^i0 size=8388608 queue_latency_us=0 attempt=0
I0909 09:23:57.306639    2060 grpc_transport.cc:1414] [MEGASCALE_TRANSPORT_INSTR] Recv: key=psum.7_0_1_ag_0_sr_80_81|s200005->100005d|$c0$l706382464^i0 size=0 is_single_chunk=true is_aligned=true memcpy_needed=false
I0909 09:23:57.325356    1724 grpc_transport.cc:1414] [MEGASCALE_TRANSPORT_INSTR] Recv: key=psum.7_0_1_ag_0_sr_122_123|s200002->100002d|$c0$l706382464^i0 size=0 is_single_chunk=true is_aligned=true memcpy_needed=false
I0909 09:23:57.342043    1379 grpc_transport.cc:1414] [MEGASCALE_TRANSPORT_INSTR] Recv: key=psum.7_0_1_ag_0_sr_108_109|s200005->100005d|$c0$l706382464^i0 size=0 is_single_chunk=true is_aligned=true memcpy_needed=false
I0909 09:23:57.359628    1722 grpc_transport.cc:1414] [MEGASCALE_TRANSPORT_INSTR] Recv: key=psum.7_0_1_ag_0_sr_99_100|s200006->100006d|$c0$l706382464^i0 size=0 is_single_chunk=true is_aligned=true memcpy_needed=false
I0909 09:23:57.396071    2070 grpc_transport.cc:1743] [MEGASCALE_TRANSPORT_INSTR] SendRpc: key=psum.7_0_sr_67_68|s100000->200000d|$c0$l706382465^i0 size=8388608 queue_latency_us=0 attempt=0
I0909 09:23:57.398275    1591 grpc_transport.cc:1743] [MEGASCALE_TRANSPORT_INSTR] SendRpc: key=psum.7_0_sr_73_74|s100007->200007d|$c0$l706382465^i0 size=8388608 queue_latency_us=1 attempt=0
I0909 09:23:57.400991    1956 grpc_transport.cc:1743] [MEGASCALE_TRANSPORT_INSTR] SendRpc: key=psum.7_0_sr_94_95|s100006->200006d|$c0$l706382465^i0 size=8388608 queue_latency_us=0 attempt=0
I0909 09:23:57.404133    1392 grpc_transport.cc:1743] [MEGASCALE_TRANSPORT_INSTR] SendRpc: key=psum.7_0_sr_113_114|s100003->200003d|$c0$l706382465^i0 size=8388608 queue_latency_us=0 attempt=0
I0909 09:23:57.407547    1906 grpc_transport.cc:1743] [MEGASCALE_TRANSPORT_INSTR] SendRpc: key=psum.7_0_sr_121_122|s100004->200004d|$c0$l706382465^i0 size=8388608 queue_latency_us=0 attempt=0
I0909 09:23:57.412693    1391 grpc_transport.cc:1414] [MEGASCALE_TRANSPORT_INSTR] Recv: key=psum.7_0_sr_11_12|s200004->100004d|$c0$l706382465^i0 size=0 is_single_chunk=true is_aligned=true memcpy_needed=false
I0909 09:23:57.437386    1379 grpc_transport.cc:1414] [MEGASCALE_TRANSPORT_INSTR] Recv: key=psum.7_0_sr_20_21|s200000->100000d|$c0$l706382465^i0 size=0 is_single_chunk=true is_aligned=true memcpy_needed=false
I0909 09:23:57.457340    1373 grpc_transport.cc:1414] [MEGASCALE_TRANSPORT_INSTR] Recv: key=psum.7_0_sr_11_12|s200007->100007d|$c0$l706382465^i0 size=0 is_single_chunk=true is_aligned=true memcpy_needed=false
I0909 09:23:57.475082    1374 grpc_transport.cc:1414] [MEGASCALE_TRANSPORT_INSTR] Recv: key=psum.7_0_sr_39_40|s200006->100006d|$c0$l706382465^i0 size=0 is_single_chunk=true is_aligned=true memcpy_needed=false
I0909 09:23:57.492419    1373 grpc_transport.cc:1414] [MEGASCALE_TRANSPORT_INSTR] Recv: key=psum.7_0_sr_43_44|s200007->100007d|$c0$l706382465^i0 size=0 is_single_chunk=true is_aligned=true memcpy_needed=false
I0909 09:23:57.507579    1377 grpc_transport.cc:1743] [MEGASCALE_TRANSPORT_INSTR] SendRpc: key=psum.7_0_1_ag_0_sr_35_36|s100004->200004d|$c0$l706382465^i0 size=8388608 queue_latency_us=0 attempt=0
I0909 09:23:57.515471    1733 grpc_transport.cc:1743] [MEGASCALE_TRANSPORT_INSTR] SendRpc: key=psum.7_0_1_ag_0_sr_28_29|s100003->200003d|$c0$l706382465^i0 size=8388608 queue_latency_us=0 attempt=0
I0909 09:23:57.518199    1724 grpc_transport.cc:1414] [MEGASCALE_TRANSPORT_INSTR] Recv: key=psum.7_0_1_ag_0_sr_64_65|s200003->100003d|$c0$l706382465^i0 size=0 is_single_chunk=true is_aligned=true memcpy_needed=false
I0909 09:23:57.526027    1959 grpc_transport.cc:1743] [MEGASCALE_TRANSPORT_INSTR] SendRpc: key=psum.7_0_1_ag_0_sr_9_10|s100002->200002d|$c0$l706382465^i0 size=8388608 queue_latency_us=3 attempt=0
I0909 09:23:57.532706    2064 grpc_transport.cc:1743] [MEGASCALE_TRANSPORT_INSTR] SendRpc: key=psum.7_0_1_ag_0_sr_36_37|s100001->200001d|$c0$l706382465^i0 size=8388608 queue_latency_us=0 attempt=0
I0909 09:23:57.538878    1403 grpc_transport.cc:1743] [MEGASCALE_TRANSPORT_INSTR] SendRpc: key=psum.7_0_1_ag_0_sr_17_18|s100007->200007d|$c0$l706382465^i0 size=8388608 queue_latency_us=1 attempt=0
I0909 09:23:57.547779    2060 grpc_transport.cc:1414] [MEGASCALE_TRANSPORT_INSTR] Recv: key=psum.7_0_1_ag_0_sr_91_92|s200000->100000d|$c0$l706382465^i0 size=0 is_single_chunk=true is_aligned=true memcpy_needed=false
I0909 09:23:57.564497    1374 grpc_transport.cc:1414] [MEGASCALE_TRANSPORT_INSTR] Recv: key=psum.7_0_1_ag_0_sr_72_73|s200006->100006d|$c0$l706382465^i0 size=0 is_single_chunk=true is_aligned=true memcpy_needed=false
I0909 09:23:57.583216    1377 grpc_transport.cc:1414] [MEGASCALE_TRANSPORT_INSTR] Recv: key=psum.7_0_1_ag_0_sr_123_124|s200005->100005d|$c0$l706382465^i0 size=0 is_single_chunk=true is_aligned=true memcpy_needed=false
I0909 09:23:57.601429    1377 grpc_transport.cc:1414] [MEGASCALE_TRANSPORT_INSTR] Recv: key=psum.7_0_1_ag_0_sr_120_121|s200001->100001d|$c0$l706382465^i0 size=0 is_single_chunk=true is_aligned=true memcpy_needed=false
I0909 09:23:57.641062    1418 grpc_transport.cc:1743] [MEGASCALE_TRANSPORT_INSTR] SendRpc: key=psum.7_0_sr_82_83|s100004->200004d|$c0$l706382466^i0 size=8388608 queue_latency_us=0 attempt=0
I0909 09:23:57.644210     804 grpc_transport.cc:1743] [MEGASCALE_TRANSPORT_INSTR] SendRpc: key=psum.7_0_sr_74_75|s100002->200002d|$c0$l706382466^i0 size=8388608 queue_latency_us=0 attempt=0
I0909 09:23:57.648075    1416 grpc_transport.cc:1743] [MEGASCALE_TRANSPORT_INSTR] SendRpc: key=psum.7_0_sr_76_77|s100006->200006d|$c0$l706382466^i0 size=8388608 queue_latency_us=0 attempt=0
I0909 09:23:57.651479    1387 grpc_transport.cc:1743] [MEGASCALE_TRANSPORT_INSTR] SendRpc: key=psum.7_0_sr_124_125|s100002->200002d|$c0$l706382466^i0 size=8388608 queue_latency_us=0 attempt=0
I0909 09:23:57.655034    1743 grpc_transport.cc:1743] [MEGASCALE_TRANSPORT_INSTR] SendRpc: key=psum.7_0_sr_120_121|s100006->200006d|$c0$l706382466^i0 size=8388608 queue_latency_us=0 attempt=0
I0909 09:23:57.687334    1379 grpc_transport.cc:1414] [MEGASCALE_TRANSPORT_INSTR] Recv: key=psum.7_0_sr_5_6|s200005->100005d|$c0$l706382466^i0 size=0 is_single_chunk=true is_aligned=true memcpy_needed=false
I0909 09:23:57.726522    1379 grpc_transport.cc:1414] [MEGASCALE_TRANSPORT_INSTR] Recv: key=psum.7_0_sr_5_6|s200004->100004d|$c0$l706382466^i0 size=0 is_single_chunk=true is_aligned=true memcpy_needed=false
I0909 09:23:57.749265    2060 grpc_transport.cc:1414] [MEGASCALE_TRANSPORT_INSTR] Recv: key=psum.7_0_sr_36_37|s200004->100004d|$c0$l706382466^i0 size=0 is_single_chunk=true is_aligned=true memcpy_needed=false
I0909 09:23:57.768626    1373 grpc_transport.cc:1414] [MEGASCALE_TRANSPORT_INSTR] Recv: key=psum.7_0_sr_31_32|s200006->100006d|$c0$l706382466^i0 size=0 is_single_chunk=true is_aligned=true memcpy_needed=false
I0909 09:23:57.787527    2060 grpc_transport.cc:1414] [MEGASCALE_TRANSPORT_INSTR] Recv: key=psum.7_0_sr_51_52|s200001->100001d|$c0$l706382466^i0 size=0 is_single_chunk=true is_aligned=true memcpy_needed=false
I0909 09:23:57.794987    1379 grpc_transport.cc:1743] [MEGASCALE_TRANSPORT_INSTR] SendRpc: key=psum.7_0_1_ag_0_sr_32_33|s100004->200004d|$c0$l706382466^i0 size=8388608 queue_latency_us=0 attempt=0
I0909 09:23:57.805991     785 grpc_transport.cc:1414] [MEGASCALE_TRANSPORT_INSTR] Recv: key=psum.7_0_1_ag_0_sr_86_87|s200000->100000d|$c0$l706382466^i0 size=0 is_single_chunk=true is_aligned=true memcpy_needed=false
I0909 09:23:57.808330    1733 grpc_transport.cc:1743] [MEGASCALE_TRANSPORT_INSTR] SendRpc: key=psum.7_0_1_ag_0_sr_13_14|s100007->200007d|$c0$l706382466^i0 size=8388608 queue_latency_us=0 attempt=0
I0909 09:23:57.815336    2060 grpc_transport.cc:1743] [MEGASCALE_TRANSPORT_INSTR] SendRpc: key=psum.7_0_1_ag_0_sr_48_49|s100005->200005d|$c0$l706382466^i0 size=8388608 queue_latency_us=0 attempt=0
I0909 09:23:57.824800    1420 grpc_transport.cc:1743] [MEGASCALE_TRANSPORT_INSTR] SendRpc: key=psum.7_0_1_ag_0_sr_36_37|s100001->200001d|$c0$l706382466^i0 size=8388608 queue_latency_us=0 attempt=0
I0909 09:23:57.828330    2060 grpc_transport.cc:1414] [MEGASCALE_TRANSPORT_INSTR] Recv: key=psum.7_0_1_ag_0_sr_78_79|s200004->100004d|$c0$l706382466^i0 size=0 is_single_chunk=true is_aligned=true memcpy_needed=false
I0909 09:23:57.833956    1416 grpc_transport.cc:1743] [MEGASCALE_TRANSPORT_INSTR] SendRpc: key=psum.7_0_1_ag_0_sr_18_19|s100006->200006d|$c0$l706382466^i0 size=8388608 queue_latency_us=1 attempt=0
I0909 09:23:57.844936    1722 grpc_transport.cc:1414] [MEGASCALE_TRANSPORT_INSTR] Recv: key=psum.7_0_1_ag_0_sr_65_66|s200007->100007d|$c0$l706382466^i0 size=0 is_single_chunk=true is_aligned=true memcpy_needed=false
I0909 09:23:57.861890    1724 grpc_transport.cc:1414] [MEGASCALE_TRANSPORT_INSTR] Recv: key=psum.7_0_1_ag_0_sr_115_116|s200007->100007d|$c0$l706382466^i0 size=0 is_single_chunk=true is_aligned=true memcpy_needed=false
I0909 09:23:57.879221    1374 grpc_transport.cc:1414] [MEGASCALE_TRANSPORT_INSTR] Recv: key=psum.7_0_1_ag_0_sr_78_79|s200003->100003d|$c0$l706382466^i0 size=0 is_single_chunk=true is_aligned=true memcpy_needed=false
I0909 09:23:57.901272    1374 grpc_transport.cc:1414] [MEGASCALE_TRANSPORT_INSTR] Recv: key=psum.7_0_1_ag_0_sr_118_119|s200003->100003d|$c0$l706382466^i0 size=0 is_single_chunk=true is_aligned=true memcpy_needed=false
I0909 09:23:57.920209    1735 grpc_transport.cc:1743] [MEGASCALE_TRANSPORT_INSTR] SendRpc: key=psum.7_0_sr_65_66|s100007->200007d|$c0$l706382467^i0 size=8388608 queue_latency_us=0 attempt=0
I0909 09:23:57.923930    1760 grpc_transport.cc:1743] [MEGASCALE_TRANSPORT_INSTR] SendRpc: key=psum.7_0_sr_74_75|s100002->200002d|$c0$l706382467^i0 size=8388608 queue_latency_us=0 attempt=0
I0909 09:23:57.926922    1750 grpc_transport.cc:1743] [MEGASCALE_TRANSPORT_INSTR] SendRpc: key=psum.7_0_sr_83_84|s100006->200006d|$c0$l706382467^i0 size=8388608 queue_latency_us=0 attempt=0
I0909 09:23:57.929545    1920 grpc_transport.cc:1743] [MEGASCALE_TRANSPORT_INSTR] SendRpc: key=psum.7_0_sr_115_116|s100001->200001d|$c0$l706382467^i0 size=8388608 queue_latency_us=0 attempt=0
I0909 09:23:57.932800     808 grpc_transport.cc:1743] [MEGASCALE_TRANSPORT_INSTR] SendRpc: key=psum.7_0_sr_107_108|s100003->200003d|$c0$l706382467^i0 size=8388608 queue_latency_us=0 attempt=0
I0909 09:23:57.990018    1377 grpc_transport.cc:1414] [MEGASCALE_TRANSPORT_INSTR] Recv: key=psum.7_0_sr_5_6|s200001->100001d|$c0$l706382467^i0 size=0 is_single_chunk=true is_aligned=true memcpy_needed=false
I0909 09:23:58.011508    1374 grpc_transport.cc:1414] [MEGASCALE_TRANSPORT_INSTR] Recv: key=psum.7_0_sr_14_15|s200002->100002d|$c0$l706382467^i0 size=0 is_single_chunk=true is_aligned=true memcpy_needed=false
I0909 09:23:58.030255    2060 grpc_transport.cc:1414] [MEGASCALE_TRANSPORT_INSTR] Recv: key=psum.7_0_sr_40_41|s200001->100001d|$c0$l706382467^i0 size=0 is_single_chunk=true is_aligned=true memcpy_needed=false
I0909 09:23:58.032396    1389 grpc_transport.cc:1743] [MEGASCALE_TRANSPORT_INSTR] SendRpc: key=psum.7_0_1_ag_0_sr_1_2|s100004->200004d|$c0$l706382467^i0 size=8388608 queue_latency_us=0 attempt=0
I0909 09:23:58.053378    1377 grpc_transport.cc:1414] [MEGASCALE_TRANSPORT_INSTR] Recv: key=psum.7_0_sr_38_39|s200000->100000d|$c0$l706382467^i0 size=0 is_single_chunk=true is_aligned=true memcpy_needed=false
I0909 09:23:58.072700    1377 grpc_transport.cc:1743] [MEGASCALE_TRANSPORT_INSTR] SendRpc: key=psum.7_0_1_ag_0_sr_35_36|s100005->200005d|$c0$l706382467^i0 size=8388608 queue_latency_us=0 attempt=0
I0909 09:23:58.073400    2060 grpc_transport.cc:1414] [MEGASCALE_TRANSPORT_INSTR] Recv: key=psum.7_0_1_ag_0_sr_83_84|s200000->100000d|$c0$l706382467^i0 size=0 is_single_chunk=true is_aligned=true memcpy_needed=false
I0909 09:23:58.083627    2060 grpc_transport.cc:1743] [MEGASCALE_TRANSPORT_INSTR] SendRpc: key=psum.7_0_1_ag_0_sr_16_17|s100000->200000d|$c0$l706382467^i0 size=8388608 queue_latency_us=0 attempt=0
I0909 09:23:58.093215    1373 grpc_transport.cc:1743] [MEGASCALE_TRANSPORT_INSTR] SendRpc: key=psum.7_0_1_ag_0_sr_52_53|s100002->200002d|$c0$l706382467^i0 size=8388608 queue_latency_us=1 attempt=0
I0909 09:23:58.096477    2060 grpc_transport.cc:1414] [MEGASCALE_TRANSPORT_INSTR] Recv: key=psum.7_0_1_ag_0_sr_126_127|s200000->100000d|$c0$l706382467^i0 size=0 is_single_chunk=true is_aligned=true memcpy_needed=false
I0909 09:23:58.107042    1722 grpc_transport.cc:1743] [MEGASCALE_TRANSPORT_INSTR] SendRpc: key=psum.7_0_1_ag_0_sr_24_25|s100003->200003d|$c0$l706382467^i0 size=8388608 queue_latency_us=0 attempt=0
I0909 09:23:58.113769    1377 grpc_transport.cc:1414] [MEGASCALE_TRANSPORT_INSTR] Recv: key=psum.7_0_1_ag_0_sr_101_102|s200004->100004d|$c0$l706382467^i0 size=0 is_single_chunk=true is_aligned=true memcpy_needed=false
I0909 09:23:58.123552    1374 grpc_transport.cc:1743] [MEGASCALE_TRANSPORT_INSTR] SendRpc: key=psum.7_0_1_ag_0_sr_60_61|s100006->200006d|$c0$l706382467^i0 size=8388608 queue_latency_us=0 attempt=0
I0909 09:23:58.131448    1956 grpc_transport.cc:1414] [MEGASCALE_TRANSPORT_INSTR] Recv: key=psum.7_0_1_ag_0_sr_106_107|s200003->100003d|$c0$l706382467^i0 size=0 is_single_chunk=true is_aligned=true memcpy_needed=false
I0909 09:23:58.146977    1722 grpc_transport.cc:1414] [MEGASCALE_TRANSPORT_INSTR] Recv: key=psum.7_0_1_ag_0_sr_90_91|s200006->100006d|$c0$l706382467^i0 size=0 is_single_chunk=true is_aligned=true memcpy_needed=false
I0909 09:23:58.165757    1733 grpc_transport.cc:1414] [MEGASCALE_TRANSPORT_INSTR] Recv: key=psum.7_0_1_ag_0_sr_103_104|s200006->100006d|$c0$l706382467^i0 size=0 is_single_chunk=true is_aligned=true memcpy_needed=false
I0909 09:23:58.192868    1762 grpc_transport.cc:1743] [MEGASCALE_TRANSPORT_INSTR] SendRpc: key=psum.7_0_sr_86_87|s100003->200003d|$c0$l706382468^i0 size=8388608 queue_latency_us=0 attempt=0
I0909 09:23:58.196140    1383 grpc_transport.cc:1743] [MEGASCALE_TRANSPORT_INSTR] SendRpc: key=psum.7_0_sr_68_69|s100005->200005d|$c0$l706382468^i0 size=8388608 queue_latency_us=0 attempt=0
I0909 09:23:58.199713    1383 grpc_transport.cc:1743] [MEGASCALE_TRANSPORT_INSTR] SendRpc: key=psum.7_0_sr_92_93|s100004->200004d|$c0$l706382468^i0 size=8388608 queue_latency_us=0 attempt=0
I0909 09:23:58.202988    2060 grpc_transport.cc:1743] [MEGASCALE_TRANSPORT_INSTR] SendRpc: key=psum.7_0_sr_107_108|s100000->200000d|$c0$l706382468^i0 size=8388608 queue_latency_us=0 attempt=0
I0909 09:23:58.205927    1420 grpc_transport.cc:1743] [MEGASCALE_TRANSPORT_INSTR] SendRpc: key=psum.7_0_sr_120_121|s100001->200001d|$c0$l706382468^i0 size=8388608 queue_latency_us=0 attempt=0
I0909 09:23:58.238072    1377 grpc_transport.cc:1414] [MEGASCALE_TRANSPORT_INSTR] Recv: key=psum.7_0_sr_10_11|s200001->100001d|$c0$l706382468^i0 size=0 is_single_chunk=true is_aligned=true memcpy_needed=false
I0909 09:23:58.261405    1377 grpc_transport.cc:1414] [MEGASCALE_TRANSPORT_INSTR] Recv: key=psum.7_0_sr_28_29|s200001->100001d|$c0$l706382468^i0 size=0 is_single_chunk=true is_aligned=true memcpy_needed=false
I0909 09:23:58.281822    1724 grpc_transport.cc:1414] [MEGASCALE_TRANSPORT_INSTR] Recv: key=psum.7_0_sr_29_30|s200003->100003d|$c0$l706382468^i0 size=0 is_single_chunk=true is_aligned=true memcpy_needed=false
I0909 09:23:58.306778    2060 grpc_transport.cc:1414] [MEGASCALE_TRANSPORT_INSTR] Recv: key=psum.7_0_sr_31_32|s200004->100004d|$c0$l706382468^i0 size=0 is_single_chunk=true is_aligned=true memcpy_needed=false
I0909 09:23:58.320136    1377 grpc_transport.cc:1743] [MEGASCALE_TRANSPORT_INSTR] SendRpc: key=psum.7_0_1_ag_0_sr_49_50|s100000->200000d|$c0$l706382468^i0 size=8388608 queue_latency_us=0 attempt=0
I0909 09:23:58.326721    1377 grpc_transport.cc:1414] [MEGASCALE_TRANSPORT_INSTR] Recv: key=psum.7_0_sr_56_57|s200004->100004d|$c0$l706382468^i0 size=0 is_single_chunk=true is_aligned=true memcpy_needed=false
I0909 09:23:58.335329    1377 grpc_transport.cc:1743] [MEGASCALE_TRANSPORT_INSTR] SendRpc: key=psum.7_0_1_ag_0_sr_57_58|s100001->200001d|$c0$l706382468^i0 size=8388608 queue_latency_us=0 attempt=0
I0909 09:23:58.343309    1733 grpc_transport.cc:1743] [MEGASCALE_TRANSPORT_INSTR] SendRpc: key=psum.7_0_1_ag_0_sr_48_49|s100002->200002d|$c0$l706382468^i0 size=8388608 queue_latency_us=0 attempt=0
I0909 09:23:58.347952    1373 grpc_transport.cc:1414] [MEGASCALE_TRANSPORT_INSTR] Recv: key=psum.7_0_sr_51_52|s200006->100006d|$c0$l706382468^i0 size=0 is_single_chunk=true is_aligned=true memcpy_needed=false
I0909 09:23:58.356358    1957 grpc_transport.cc:1743] [MEGASCALE_TRANSPORT_INSTR] SendRpc: key=psum.7_0_1_ag_0_sr_4_5|s100003->200003d|$c0$l706382468^i0 size=8388608 queue_latency_us=0 attempt=0
I0909 09:23:58.365162    2060 grpc_transport.cc:1414] [MEGASCALE_TRANSPORT_INSTR] Recv: key=psum.7_0_1_ag_0_sr_100_101|s200005->100005d|$c0$l706382468^i0 size=0 is_single_chunk=true is_aligned=true memcpy_needed=false
I0909 09:23:58.373029    1373 grpc_transport.cc:1743] [MEGASCALE_TRANSPORT_INSTR] SendRpc: key=psum.7_0_1_ag_0_sr_37_38|s100006->200006d|$c0$l706382468^i0 size=8388608 queue_latency_us=0 attempt=0
I0909 09:23:58.382331    2060 grpc_transport.cc:1414] [MEGASCALE_TRANSPORT_INSTR] Recv: key=psum.7_0_1_ag_0_sr_91_92|s200004->100004d|$c0$l706382468^i0 size=0 is_single_chunk=true is_aligned=true memcpy_needed=false
I0909 09:23:58.399801    1373 grpc_transport.cc:1414] [MEGASCALE_TRANSPORT_INSTR] Recv: key=psum.7_0_1_ag_0_sr_78_79|s200002->100002d|$c0$l706382468^i0 size=0 is_single_chunk=true is_aligned=true memcpy_needed=false
I0909 09:23:58.416492    1724 grpc_transport.cc:1414] [MEGASCALE_TRANSPORT_INSTR] Recv: key=psum.7_0_1_ag_0_sr_65_66|s200006->100006d|$c0$l706382468^i0 size=0 is_single_chunk=true is_aligned=true memcpy_needed=false
I0909 09:23:58.450410    1389 grpc_transport.cc:1743] [MEGASCALE_TRANSPORT_INSTR] SendRpc: key=psum.7_0_sr_76_77|s100004->200004d|$c0$l706382469^i0 size=8388608 queue_latency_us=0 attempt=0
I0909 09:23:58.452929    1750 grpc_transport.cc:1743] [MEGASCALE_TRANSPORT_INSTR] SendRpc: key=psum.7_0_sr_66_67|s100003->200003d|$c0$l706382469^i0 size=8388608 queue_latency_us=0 attempt=0
I0909 09:23:58.455626    1389 grpc_transport.cc:1743] [MEGASCALE_TRANSPORT_INSTR] SendRpc: key=psum.7_0_sr_121_122|s100001->200001d|$c0$l706382469^i0 size=8388608 queue_latency_us=0 attempt=0
I0909 09:23:58.457508    1743 grpc_transport.cc:1743] [MEGASCALE_TRANSPORT_INSTR] SendRpc: key=psum.7_0_sr_83_84|s100006->200006d|$c0$l706382469^i0 size=8388608 queue_latency_us=0 attempt=0
I0909 09:23:58.459592    1463 grpc_transport.cc:1743] [MEGASCALE_TRANSPORT_INSTR] SendRpc: key=psum.7_0_sr_120_121|s100002->200002d|$c0$l706382469^i0 size=8388608 queue_latency_us=0 attempt=0
I0909 09:23:58.499763    1377 grpc_transport.cc:1414] [MEGASCALE_TRANSPORT_INSTR] Recv: key=psum.7_0_sr_27_28|s200001->100001d|$c0$l706382469^i0 size=0 is_single_chunk=true is_aligned=true memcpy_needed=false
I0909 09:23:58.528590    1377 grpc_transport.cc:1414] [MEGASCALE_TRANSPORT_INSTR] Recv: key=psum.7_0_sr_9_10|s200000->100000d|$c0$l706382469^i0 size=0 is_single_chunk=true is_aligned=true memcpy_needed=false
I0909 09:23:58.548913    1377 grpc_transport.cc:1414] [MEGASCALE_TRANSPORT_INSTR] Recv: key=psum.7_0_sr_27_28|s200005->100005d|$c0$l706382469^i0 size=0 is_single_chunk=true is_aligned=true memcpy_needed=false
I0909 09:23:58.574756    2060 grpc_transport.cc:1414] [MEGASCALE_TRANSPORT_INSTR] Recv: key=psum.7_0_sr_41_42|s200004->100004d|$c0$l706382469^i0 size=0 is_single_chunk=true is_aligned=true memcpy_needed=false
I0909 09:23:58.594768    2060 grpc_transport.cc:1414] [MEGASCALE_TRANSPORT_INSTR] Recv: key=psum.7_0_sr_62_63|s200005->100005d|$c0$l706382469^i0 size=0 is_single_chunk=true is_aligned=true memcpy_needed=false
I0909 09:23:58.597822    1377 grpc_transport.cc:1743] [MEGASCALE_TRANSPORT_INSTR] SendRpc: key=psum.7_0_1_ag_0_sr_62_63|s100001->200001d|$c0$l706382469^i0 size=8388608 queue_latency_us=0 attempt=0
I0909 09:23:58.605808    1373 grpc_transport.cc:1743] [MEGASCALE_TRANSPORT_INSTR] SendRpc: key=psum.7_0_1_ag_0_sr_50_51|s100007->200007d|$c0$l706382469^i0 size=8388608 queue_latency_us=0 attempt=0
I0909 09:23:58.611960    1377 grpc_transport.cc:1743] [MEGASCALE_TRANSPORT_INSTR] SendRpc: key=psum.7_0_1_ag_0_sr_25_26|s100005->200005d|$c0$l706382469^i0 size=8388608 queue_latency_us=1 attempt=0
I0909 09:23:58.618772    1724 grpc_transport.cc:1743] [MEGASCALE_TRANSPORT_INSTR] SendRpc: key=psum.7_0_1_ag_0_sr_9_10|s100002->200002d|$c0$l706382469^i0 size=8388608 queue_latency_us=0 attempt=0
I0909 09:23:58.619391    1733 grpc_transport.cc:1414] [MEGASCALE_TRANSPORT_INSTR] Recv: key=psum.7_0_sr_42_43|s200003->100003d|$c0$l706382469^i0 size=0 is_single_chunk=true is_aligned=true memcpy_needed=false
I0909 09:23:58.636076    1377 grpc_transport.cc:1414] [MEGASCALE_TRANSPORT_INSTR] Recv: key=psum.7_0_1_ag_0_sr_104_105|s200005->100005d|$c0$l706382469^i0 size=0 is_single_chunk=true is_aligned=true memcpy_needed=false
I0909 09:23:58.642391    1956 grpc_transport.cc:1743] [MEGASCALE_TRANSPORT_INSTR] SendRpc: key=psum.7_0_1_ag_0_sr_12_13|s100003->200003d|$c0$l706382469^i0 size=8388608 queue_latency_us=0 attempt=0
I0909 09:23:58.653735    1377 grpc_transport.cc:1414] [MEGASCALE_TRANSPORT_INSTR] Recv: key=psum.7_0_1_ag_0_sr_89_90|s200004->100004d|$c0$l706382469^i0 size=0 is_single_chunk=true is_aligned=true memcpy_needed=false
I0909 09:23:58.670893    1383 grpc_transport.cc:1414] [MEGASCALE_TRANSPORT_INSTR] Recv: key=psum.7_0_1_ag_0_sr_66_67|s200000->100000d|$c0$l706382469^i0 size=0 is_single_chunk=true is_aligned=true memcpy_needed=false
I0909 09:23:58.688635    1377 grpc_transport.cc:1414] [MEGASCALE_TRANSPORT_INSTR] Recv: key=psum.7_0_1_ag_0_sr_123_124|s200000->100000d|$c0$l706382469^i0 size=0 is_single_chunk=true is_aligned=true memcpy_needed=false
I0909 09:23:58.728897    1423 grpc_transport.cc:1743] [MEGASCALE_TRANSPORT_INSTR] SendRpc: key=psum.7_0_sr_85_86|s100004->200004d|$c0$l706382470^i0 size=8388608 queue_latency_us=0 attempt=0
I0909 09:23:58.731756    1478 grpc_transport.cc:1743] [MEGASCALE_TRANSPORT_INSTR] SendRpc: key=psum.7_0_sr_77_78|s100003->200003d|$c0$l706382470^i0 size=8388608 queue_latency_us=1 attempt=0
I0909 09:23:58.734495    1393 grpc_transport.cc:1743] [MEGASCALE_TRANSPORT_INSTR] SendRpc: key=psum.7_0_sr_100_101|s100000->200000d|$c0$l706382470^i0 size=8388608 queue_latency_us=0 attempt=0
I0909 09:23:58.737762    1739 grpc_transport.cc:1743] [MEGASCALE_TRANSPORT_INSTR] SendRpc: key=psum.7_0_sr_108_109|s100007->200007d|$c0$l706382470^i0 size=8388608 queue_latency_us=0 attempt=0
I0909 09:23:58.739351    1385 grpc_transport.cc:1414] [MEGASCALE_TRANSPORT_INSTR] Recv: key=psum.7_0_sr_24_25|s200007->100007d|$c0$l706382470^i0 size=0 is_single_chunk=true is_aligned=true memcpy_needed=false
I0909 09:23:58.741222    1389 grpc_transport.cc:1743] [MEGASCALE_TRANSPORT_INSTR] SendRpc: key=psum.7_0_sr_125_126|s100000->200000d|$c0$l706382470^i0 size=8388608 queue_latency_us=0 attempt=0
I0909 09:23:58.767146    1389 grpc_transport.cc:1414] [MEGASCALE_TRANSPORT_INSTR] Recv: key=psum.7_0_sr_3_4|s200000->100000d|$c0$l706382470^i0 size=0 is_single_chunk=true is_aligned=true memcpy_needed=false
I0909 09:23:58.787036    2060 grpc_transport.cc:1414] [MEGASCALE_TRANSPORT_INSTR] Recv: key=psum.7_0_sr_32_33|s200000->100000d|$c0$l706382470^i0 size=0 is_single_chunk=true is_aligned=true memcpy_needed=false
I0909 09:23:58.804322    1383 grpc_transport.cc:1414] [MEGASCALE_TRANSPORT_INSTR] Recv: key=psum.7_0_sr_42_43|s200004->100004d|$c0$l706382470^i0 size=0 is_single_chunk=true is_aligned=true memcpy_needed=false
I0909 09:23:58.822676    1956 grpc_transport.cc:1414] [MEGASCALE_TRANSPORT_INSTR] Recv: key=psum.7_0_sr_62_63|s200007->100007d|$c0$l706382470^i0 size=0 is_single_chunk=true is_aligned=true memcpy_needed=false
I0909 09:23:58.830472    1373 grpc_transport.cc:1743] [MEGASCALE_TRANSPORT_INSTR] SendRpc: key=psum.7_0_1_ag_0_sr_40_41|s100007->200007d|$c0$l706382470^i0 size=8388608 queue_latency_us=0 attempt=0
I0909 09:23:58.845027    1389 grpc_transport.cc:1743] [MEGASCALE_TRANSPORT_INSTR] SendRpc: key=psum.7_0_1_ag_0_sr_22_23|s100001->200001d|$c0$l706382470^i0 size=8388608 queue_latency_us=0 attempt=0
I0909 09:23:58.850701    2060 grpc_transport.cc:1743] [MEGASCALE_TRANSPORT_INSTR] SendRpc: key=psum.7_0_1_ag_0_sr_29_30|s100005->200005d|$c0$l706382470^i0 size=8388608 queue_latency_us=0 attempt=0
I0909 09:23:58.851373    1380 grpc_transport.cc:1414] [MEGASCALE_TRANSPORT_INSTR] Recv: key=psum.7_0_1_ag_0_sr_67_68|s200002->100002d|$c0$l706382470^i0 size=0 is_single_chunk=true is_aligned=true memcpy_needed=false
I0909 09:23:58.856901    1959 grpc_transport.cc:1743] [MEGASCALE_TRANSPORT_INSTR] SendRpc: key=psum.7_0_1_ag_0_sr_37_38|s100003->200003d|$c0$l706382470^i0 size=8388608 queue_latency_us=0 attempt=0
I0909 09:23:58.869002    1961 grpc_transport.cc:1743] [MEGASCALE_TRANSPORT_INSTR] SendRpc: key=psum.7_0_1_ag_0_sr_38_39|s100002->200002d|$c0$l706382470^i0 size=8388608 queue_latency_us=0 attempt=0
I0909 09:23:58.881016    1900 grpc_transport.cc:1414] [MEGASCALE_TRANSPORT_INSTR] Recv: key=psum.7_0_1_ag_0_sr_97_98|s200004->100004d|$c0$l706382470^i0 size=0 is_single_chunk=true is_aligned=true memcpy_needed=false
I0909 09:23:58.911393    1900 grpc_transport.cc:1414] [MEGASCALE_TRANSPORT_INSTR] Recv: key=psum.7_0_1_ag_0_sr_91_92|s200001->100001d|$c0$l706382470^i0 size=0 is_single_chunk=true is_aligned=true memcpy_needed=false
I0909 09:23:58.933644    1956 grpc_transport.cc:1414] [MEGASCALE_TRANSPORT_INSTR] Recv: key=psum.7_0_1_ag_0_sr_116_117|s200003->100003d|$c0$l706382470^i0 size=0 is_single_chunk=true is_aligned=true memcpy_needed=false
I0909 09:23:58.951712    2060 grpc_transport.cc:1414] [MEGASCALE_TRANSPORT_INSTR] Recv: key=psum.7_0_1_ag_0_sr_66_67|s200005->100005d|$c0$l706382470^i0 size=0 is_single_chunk=true is_aligned=true memcpy_needed=false
I0909 09:23:58.968906    1900 grpc_transport.cc:1414] [MEGASCALE_TRANSPORT_INSTR] Recv: key=psum.7_0_1_ag_0_sr_116_117|s200005->100005d|$c0$l706382470^i0 size=0 is_single_chunk=true is_aligned=true memcpy_needed=false
I0909 09:23:58.980767    2067 grpc_transport.cc:1743] [MEGASCALE_TRANSPORT_INSTR] SendRpc: key=psum.7_0_sr_78_79|s100005->200005d|$c0$l706382471^i0 size=8388608 queue_latency_us=0 attempt=0
I0909 09:23:58.983673    1599 grpc_transport.cc:1743] [MEGASCALE_TRANSPORT_INSTR] SendRpc: key=psum.7_0_sr_90_91|s100004->200004d|$c0$l706382471^i0 size=8388608 queue_latency_us=0 attempt=0
I0909 09:23:58.983685     796 grpc_transport.cc:1743] [MEGASCALE_TRANSPORT_INSTR] SendRpc: key=psum.7_0_sr_83_84|s100004->200004d|$c0$l706382471^i0 size=8388608 queue_latency_us=0 attempt=0
I0909 09:23:58.986239    1958 grpc_transport.cc:1743] [MEGASCALE_TRANSPORT_INSTR] SendRpc: key=psum.7_0_sr_76_77|s100003->200003d|$c0$l706382471^i0 size=8388608 queue_latency_us=0 attempt=0
I0909 09:23:58.989130    1733 grpc_transport.cc:1743] [MEGASCALE_TRANSPORT_INSTR] SendRpc: key=psum.7_0_sr_93_94|s100003->200003d|$c0$l706382471^i0 size=8388608 queue_latency_us=0 attempt=0
I0909 09:23:58.992706    1389 grpc_transport.cc:1743] [MEGASCALE_TRANSPORT_INSTR] SendRpc: key=psum.7_0_sr_125_126|s100000->200000d|$c0$l706382471^i0 size=8388608 queue_latency_us=0 attempt=0
I0909 09:23:59.042020    1373 grpc_transport.cc:1414] [MEGASCALE_TRANSPORT_INSTR] Recv: key=psum.7_0_sr_2_3|s200003->100003d|$c0$l706382471^i0 size=0 is_single_chunk=true is_aligned=true memcpy_needed=false
I0909 09:23:59.066132    2060 grpc_transport.cc:1414] [MEGASCALE_TRANSPORT_INSTR] Recv: key=psum.7_0_sr_58_59|s200001->100001d|$c0$l706382471^i0 size=0 is_single_chunk=true is_aligned=true memcpy_needed=false
I0909 09:23:59.082779    1383 grpc_transport.cc:1743] [MEGASCALE_TRANSPORT_INSTR] SendRpc: key=psum.7_0_1_ag_0_sr_19_20|s100001->200001d|$c0$l706382471^i0 size=8388608 queue_latency_us=0 attempt=0
I0909 09:23:59.086174    1957 grpc_transport.cc:1414] [MEGASCALE_TRANSPORT_INSTR] Recv: key=psum.7_0_sr_25_26|s200002->100002d|$c0$l706382471^i0 size=0 is_single_chunk=true is_aligned=true memcpy_needed=false
I0909 09:23:59.101853    2060 grpc_transport.cc:1743] [MEGASCALE_TRANSPORT_INSTR] SendRpc: key=psum.7_0_1_ag_0_sr_7_8|s100000->200000d|$c0$l706382471^i0 size=8388608 queue_latency_us=0 attempt=0
I0909 09:23:59.103772    1374 grpc_transport.cc:1414] [MEGASCALE_TRANSPORT_INSTR] Recv: key=psum.7_0_sr_40_41|s200002->100002d|$c0$l706382471^i0 size=0 is_single_chunk=true is_aligned=true memcpy_needed=false
I0909 09:23:59.122640    1900 grpc_transport.cc:1414] [MEGASCALE_TRANSPORT_INSTR] Recv: key=psum.7_0_1_ag_0_sr_64_65|s200004->100004d|$c0$l706382471^i0 size=0 is_single_chunk=true is_aligned=true memcpy_needed=false
I0909 09:23:59.123791    1380 grpc_transport.cc:1743] [MEGASCALE_TRANSPORT_INSTR] SendRpc: key=psum.7_0_1_ag_0_sr_28_29|s100007->200007d|$c0$l706382471^i0 size=8388608 queue_latency_us=0 attempt=0
I0909 09:23:59.141005    1956 grpc_transport.cc:1743] [MEGASCALE_TRANSPORT_INSTR] SendRpc: key=psum.7_0_1_ag_0_sr_1_2|s100003->200003d|$c0$l706382471^i0 size=8388608 queue_latency_us=0 attempt=0
I0909 09:23:59.149886    1900 grpc_transport.cc:1414] [MEGASCALE_TRANSPORT_INSTR] Recv: key=psum.7_0_1_ag_0_sr_73_74|s200000->100000d|$c0$l706382471^i0 size=0 is_single_chunk=true is_aligned=true memcpy_needed=false
I0909 09:23:59.162978    1757 grpc_transport.cc:1743] [MEGASCALE_TRANSPORT_INSTR] SendRpc: key=psum.7_0_1_ag_0_sr_20_21|s100002->200002d|$c0$l706382471^i0 size=8388608 queue_latency_us=0 attempt=0
I0909 09:23:59.169928    1373 grpc_transport.cc:1414] [MEGASCALE_TRANSPORT_INSTR] Recv: key=psum.7_0_1_ag_0_sr_117_118|s200006->100006d|$c0$l706382471^i0 size=0 is_single_chunk=true is_aligned=true memcpy_needed=false
I0909 09:23:59.186270    1373 grpc_transport.cc:1414] [MEGASCALE_TRANSPORT_INSTR] Recv: key=psum.7_0_1_ag_0_sr_110_111|s200007->100007d|$c0$l706382471^i0 size=0 is_single_chunk=true is_aligned=true memcpy_needed=false
I0909 09:23:59.203057    1380 grpc_transport.cc:1414] [MEGASCALE_TRANSPORT_INSTR] Recv: key=psum.7_0_1_ag_0_sr_85_86|s200002->100002d|$c0$l706382471^i0 size=0 is_single_chunk=true is_aligned=true memcpy_needed=false
I0909 09:23:59.223181    1730 grpc_transport.cc:1414] [MEGASCALE_TRANSPORT_INSTR] Recv: key=psum.7_0_1_ag_0_sr_89_90|s200003->100003d|$c0$l706382471^i0 size=0 is_single_chunk=true is_aligned=true memcpy_needed=false
I0909 09:23:59.245574    1385 grpc_transport.cc:1743] [MEGASCALE_TRANSPORT_INSTR] SendRpc: key=psum.7_0_sr_78_79|s100003->200003d|$c0$l706382472^i0 size=8388608 queue_latency_us=0 attempt=0
I0909 09:23:59.249871    1936 grpc_transport.cc:1743] [MEGASCALE_TRANSPORT_INSTR] SendRpc: key=psum.7_0_sr_69_70|s100004->200004d|$c0$l706382472^i0 size=8388608 queue_latency_us=1 attempt=0
I0909 09:23:59.253327    1407 grpc_transport.cc:1743] [MEGASCALE_TRANSPORT_INSTR] SendRpc: key=psum.7_0_sr_86_87|s100001->200001d|$c0$l706382472^i0 size=8388608 queue_latency_us=0 attempt=0
I0909 09:23:59.257331    1403 grpc_transport.cc:1743] [MEGASCALE_TRANSPORT_INSTR] SendRpc: key=psum.7_0_sr_65_66|s100006->200006d|$c0$l706382472^i0 size=8388608 queue_latency_us=0 attempt=0
I0909 09:23:59.261569    1416 grpc_transport.cc:1743] [MEGASCALE_TRANSPORT_INSTR] SendRpc: key=psum.7_0_sr_108_109|s100007->200007d|$c0$l706382472^i0 size=8388608 queue_latency_us=0 attempt=0
I0909 09:23:59.268068    1393 grpc_transport.cc:1414] [MEGASCALE_TRANSPORT_INSTR] Recv: key=psum.7_0_sr_5_6|s200001->100001d|$c0$l706382472^i0 size=0 is_single_chunk=true is_aligned=true memcpy_needed=false
I0909 09:23:59.288935    1900 grpc_transport.cc:1414] [MEGASCALE_TRANSPORT_INSTR] Recv: key=psum.7_0_sr_23_24|s200004->100004d|$c0$l706382472^i0 size=0 is_single_chunk=true is_aligned=true memcpy_needed=false
I0909 09:23:59.308317    1724 grpc_transport.cc:1414] [MEGASCALE_TRANSPORT_INSTR] Recv: key=psum.7_0_sr_6_7|s200006->100006d|$c0$l706382472^i0 size=0 is_single_chunk=true is_aligned=true memcpy_needed=false
I0909 09:23:59.323300    1900 grpc_transport.cc:1743] [MEGASCALE_TRANSPORT_INSTR] SendRpc: key=psum.7_0_1_ag_0_sr_15_16|s100001->200001d|$c0$l706382472^i0 size=8388608 queue_latency_us=0 attempt=0
I0909 09:23:59.326241    1900 grpc_transport.cc:1414] [MEGASCALE_TRANSPORT_INSTR] Recv: key=psum.7_0_sr_24_25|s200000->100000d|$c0$l706382472^i0 size=0 is_single_chunk=true is_aligned=true memcpy_needed=false
I0909 09:23:59.342806    1958 grpc_transport.cc:1743] [MEGASCALE_TRANSPORT_INSTR] SendRpc: key=psum.7_0_1_ag_0_sr_20_21|s100007->200007d|$c0$l706382472^i0 size=8388608 queue_latency_us=0 attempt=0
I0909 09:23:59.345130    1377 grpc_transport.cc:1414] [MEGASCALE_TRANSPORT_INSTR] Recv: key=psum.7_0_sr_63_64|s200005->100005d|$c0$l706382472^i0 size=0 is_single_chunk=true is_aligned=true memcpy_needed=false
I0909 09:23:59.358374    1906 grpc_transport.cc:1743] [MEGASCALE_TRANSPORT_INSTR] SendRpc: key=psum.7_0_1_ag_0_sr_13_14|s100000->200000d|$c0$l706382472^i0 size=8388608 queue_latency_us=0 attempt=0
I0909 09:23:59.366449    1425 grpc_transport.cc:1743] [MEGASCALE_TRANSPORT_INSTR] SendRpc: key=psum.7_0_1_ag_0_sr_41_42|s100003->200003d|$c0$l706382472^i0 size=8388608 queue_latency_us=0 attempt=0
I0909 09:23:59.372573    1415 grpc_transport.cc:1743] [MEGASCALE_TRANSPORT_INSTR] SendRpc: key=psum.7_0_1_ag_0_sr_56_57|s100005->200005d|$c0$l706382472^i0 size=8388608 queue_latency_us=0 attempt=0
I0909 09:23:59.378897    1383 grpc_transport.cc:1414] [MEGASCALE_TRANSPORT_INSTR] Recv: key=psum.7_0_1_ag_0_sr_67_68|s200005->100005d|$c0$l706382472^i0 size=0 is_single_chunk=true is_aligned=true memcpy_needed=false
I0909 09:23:59.383248    1373 grpc_transport.cc:1743] [MEGASCALE_TRANSPORT_INSTR] SendRpc: key=psum.7_0_1_ag_0_sr_61_62|s100006->200006d|$c0$l706382472^i0 size=8388608 queue_latency_us=0 attempt=0
I0909 09:23:59.396002    1724 grpc_transport.cc:1414] [MEGASCALE_TRANSPORT_INSTR] Recv: key=psum.7_0_1_ag_0_sr_95_96|s200002->100002d|$c0$l706382472^i0 size=0 is_single_chunk=true is_aligned=true memcpy_needed=false
I0909 09:23:59.422909    1900 grpc_transport.cc:1414] [MEGASCALE_TRANSPORT_INSTR] Recv: key=psum.7_0_1_ag_0_sr_92_93|s200001->100001d|$c0$l706382472^i0 size=0 is_single_chunk=true is_aligned=true memcpy_needed=false
I0909 09:23:59.441825    1722 grpc_transport.cc:1414] [MEGASCALE_TRANSPORT_INSTR] Recv: key=psum.7_0_1_ag_0_sr_64_65|s200006->100006d|$c0$l706382472^i0 size=0 is_single_chunk=true is_aligned=true memcpy_needed=false
I0909 09:23:59.459247    1722 grpc_transport.cc:1414] [MEGASCALE_TRANSPORT_INSTR] Recv: key=psum.7_0_1_ag_0_sr_118_119|s200006->100006d|$c0$l706382472^i0 size=0 is_single_chunk=true is_aligned=true memcpy_needed=false
I0909 09:23:59.490871    1741 grpc_transport.cc:1743] [MEGASCALE_TRANSPORT_INSTR] SendRpc: key=psum.7_0_sr_72_73|s100006->200006d|$c0$l706382473^i0 size=8388608 queue_latency_us=0 attempt=0
W0909 09:23:59.491430    1957 grpc_transport.cc:1186] Too many pending sends: 128
I0909 09:23:59.493539    1933 grpc_transport.cc:1743] [MEGASCALE_TRANSPORT_INSTR] SendRpc: key=psum.7_0_sr_82_83|s100005->200005d|$c0$l706382473^i0 size=8388608 queue_latency_us=0 attempt=0
I0909 09:23:59.496635    1456 grpc_transport.cc:1743] [MEGASCALE_TRANSPORT_INSTR] SendRpc: key=psum.7_0_sr_84_85|s100007->200007d|$c0$l706382473^i0 size=8388608 queue_latency_us=0 attempt=0
I0909 09:23:59.499936    1557 grpc_transport.cc:1743] [MEGASCALE_TRANSPORT_INSTR] SendRpc: key=psum.7_0_sr_102_103|s100007->200007d|$c0$l706382473^i0 size=8388608 queue_latency_us=0 attempt=0
I0909 09:23:59.507506    1958 grpc_transport.cc:1743] [MEGASCALE_TRANSPORT_INSTR] SendRpc: key=psum.7_0_sr_122_123|s100007->200007d|$c0$l706382473^i0 size=8388608 queue_latency_us=0 attempt=0
I0909 09:23:59.555071    1377 grpc_transport.cc:1414] [MEGASCALE_TRANSPORT_INSTR] Recv: key=psum.7_0_sr_9_10|s200001->100001d|$c0$l706382473^i0 size=0 is_single_chunk=true is_aligned=true memcpy_needed=false
I0909 09:23:59.579484    2060 grpc_transport.cc:1414] [MEGASCALE_TRANSPORT_INSTR] Recv: key=psum.7_0_sr_16_17|s200000->100000d|$c0$l706382473^i0 size=0 is_single_chunk=true is_aligned=true memcpy_needed=false
I0909 09:23:59.602157    1724 grpc_transport.cc:1414] [MEGASCALE_TRANSPORT_INSTR] Recv: key=psum.7_0_sr_40_41|s200002->100002d|$c0$l706382473^i0 size=0 is_single_chunk=true is_aligned=true memcpy_needed=false
I0909 09:23:59.621693    1900 grpc_transport.cc:1414] [MEGASCALE_TRANSPORT_INSTR] Recv: key=psum.7_0_sr_33_34|s200000->100000d|$c0$l706382473^i0 size=0 is_single_chunk=true is_aligned=true memcpy_needed=false
I0909 09:23:59.628069    1377 grpc_transport.cc:1743] [MEGASCALE_TRANSPORT_INSTR] SendRpc: key=psum.7_0_1_ag_0_sr_19_20|s100001->200001d|$c0$l706382473^i0 size=8388608 queue_latency_us=0 attempt=0
I0909 09:23:59.639947    1373 grpc_transport.cc:1743] [MEGASCALE_TRANSPORT_INSTR] SendRpc: key=psum.7_0_1_ag_0_sr_53_54|s100002->200002d|$c0$l706382473^i0 size=8388608 queue_latency_us=0 attempt=0
I0909 09:23:59.652080    1374 grpc_transport.cc:1414] [MEGASCALE_TRANSPORT_INSTR] Recv: key=psum.7_0_sr_44_45|s200006->100006d|$c0$l706382473^i0 size=0 is_single_chunk=true is_aligned=true memcpy_needed=false
I0909 09:23:59.661031    2060 grpc_transport.cc:1743] [MEGASCALE_TRANSPORT_INSTR] SendRpc: key=psum.7_0_1_ag_0_sr_27_28|s100004->200004d|$c0$l706382473^i0 size=8388608 queue_latency_us=0 attempt=0
I0909 09:23:59.673204    1900 grpc_transport.cc:1414] [MEGASCALE_TRANSPORT_INSTR] Recv: key=psum.7_0_1_ag_0_sr_113_114|s200004->100004d|$c0$l706382473^i0 size=0 is_single_chunk=true is_aligned=true memcpy_needed=false
I0909 09:23:59.673792    2060 grpc_transport.cc:1743] [MEGASCALE_TRANSPORT_INSTR] SendRpc: key=psum.7_0_1_ag_0_sr_59_60|s100000->200000d|$c0$l706382473^i0 size=8388608 queue_latency_us=0 attempt=0
I0909 09:23:59.689814    1900 grpc_transport.cc:1414] [MEGASCALE_TRANSPORT_INSTR] Recv: key=psum.7_0_1_ag_0_sr_104_105|s200000->100000d|$c0$l706382473^i0 size=0 is_single_chunk=true is_aligned=true memcpy_needed=false
I0909 09:23:59.701004    1724 grpc_transport.cc:1743] [MEGASCALE_TRANSPORT_INSTR] SendRpc: key=psum.7_0_1_ag_0_sr_36_37|s100007->200007d|$c0$l706382473^i0 size=8388608 queue_latency_us=0 attempt=0
I0909 09:23:59.708643    1956 grpc_transport.cc:1414] [MEGASCALE_TRANSPORT_INSTR] Recv: key=psum.7_0_1_ag_0_sr_74_75|s200003->100003d|$c0$l706382473^i0 size=0 is_single_chunk=true is_aligned=true memcpy_needed=false
I0909 09:23:59.725724     785 grpc_transport.cc:1414] [MEGASCALE_TRANSPORT_INSTR] Recv: key=psum.7_0_1_ag_0_sr_92_93|s200001->100001d|$c0$l706382473^i0 size=0 is_single_chunk=true is_aligned=true memcpy_needed=false
I0909 09:23:59.742017    1373 grpc_transport.cc:1414] [MEGASCALE_TRANSPORT_INSTR] Recv: key=psum.7_0_1_ag_0_sr_112_113|s200002->100002d|$c0$l706382473^i0 size=0 is_single_chunk=true is_aligned=true memcpy_needed=false
I0909 09:23:59.768728    1900 grpc_transport.cc:1414] [MEGASCALE_TRANSPORT_INSTR] Recv: key=psum.7_0_sr_1_2|s200005->100005d|$c0$l706382474^i0 size=0 is_single_chunk=true is_aligned=true memcpy_needed=false
I0909 09:23:59.787013    1730 grpc_transport.cc:1743] [MEGASCALE_TRANSPORT_INSTR] SendRpc: key=psum.7_0_sr_65_66|s100003->200003d|$c0$l706382474^i0 size=8388608 queue_latency_us=0 attempt=0
I0909 09:23:59.790400    2071 grpc_transport.cc:1743] [MEGASCALE_TRANSPORT_INSTR] SendRpc: key=psum.7_0_sr_75_76|s100005->200005d|$c0$l706382474^i0 size=8388608 queue_latency_us=0 attempt=0
I0909 09:23:59.792553    1423 grpc_transport.cc:1414] [MEGASCALE_TRANSPORT_INSTR] Recv: key=psum.7_0_sr_1_2|s200004->100004d|$c0$l706382474^i0 size=0 is_single_chunk=true is_aligned=true memcpy_needed=false
I0909 09:23:59.793552    1961 grpc_transport.cc:1743] [MEGASCALE_TRANSPORT_INSTR] SendRpc: key=psum.7_0_sr_91_92|s100003->200003d|$c0$l706382474^i0 size=8388608 queue_latency_us=0 attempt=0
I0909 09:23:59.796187    1738 grpc_transport.cc:1743] [MEGASCALE_TRANSPORT_INSTR] SendRpc: key=psum.7_0_sr_114_115|s100002->200002d|$c0$l706382474^i0 size=8388608 queue_latency_us=0 attempt=0
I0909 09:23:59.801113    1377 grpc_transport.cc:1743] [MEGASCALE_TRANSPORT_INSTR] SendRpc: key=psum.7_0_sr_109_110|s100005->200005d|$c0$l706382474^i0 size=8388608 queue_latency_us=0 attempt=0
I0909 09:23:59.818132    1374 grpc_transport.cc:1414] [MEGASCALE_TRANSPORT_INSTR] Recv: key=psum.7_0_sr_22_23|s200006->100006d|$c0$l706382474^i0 size=0 is_single_chunk=true is_aligned=true memcpy_needed=false
I0909 09:23:59.836582    1733 grpc_transport.cc:1414] [MEGASCALE_TRANSPORT_INSTR] Recv: key=psum.7_0_sr_45_46|s200002->100002d|$c0$l706382474^i0 size=0 is_single_chunk=true is_aligned=true memcpy_needed=false
I0909 09:23:59.854033    1374 grpc_transport.cc:1414] [MEGASCALE_TRANSPORT_INSTR] Recv: key=psum.7_0_sr_60_61|s200006->100006d|$c0$l706382474^i0 size=0 is_single_chunk=true is_aligned=true memcpy_needed=false
I0909 09:23:59.870407    1380 grpc_transport.cc:1743] [MEGASCALE_TRANSPORT_INSTR] SendRpc: key=psum.7_0_1_ag_0_sr_59_60|s100002->200002d|$c0$l706382474^i0 size=8388608 queue_latency_us=0 attempt=0
I0909 09:23:59.877853    1580 grpc_transport.cc:1743] [MEGASCALE_TRANSPORT_INSTR] SendRpc: key=psum.7_0_1_ag_0_sr_4_5|s100005->200005d|$c0$l706382474^i0 size=8388608 queue_latency_us=0 attempt=0
I0909 09:23:59.880024     793 grpc_transport.cc:1743] [MEGASCALE_TRANSPORT_INSTR] SendRpc: key=psum.7_0_1_ag_0_sr_27_28|s100004->200004d|$c0$l706382474^i0 size=8388608 queue_latency_us=0 attempt=0
I0909 09:23:59.883714    1484 grpc_transport.cc:1743] [MEGASCALE_TRANSPORT_INSTR] SendRpc: key=psum.7_0_1_ag_0_sr_32_33|s100005->200005d|$c0$l706382474^i0 size=8388608 queue_latency_us=0 attempt=0
I0909 09:23:59.889992    1374 grpc_transport.cc:1414] [MEGASCALE_TRANSPORT_INSTR] Recv: key=psum.7_0_sr_61_62|s200007->100007d|$c0$l706382474^i0 size=0 is_single_chunk=true is_aligned=true memcpy_needed=false
I0909 09:23:59.893476    1374 grpc_transport.cc:1743] [MEGASCALE_TRANSPORT_INSTR] SendRpc: key=psum.7_0_1_ag_0_sr_12_13|s100007->200007d|$c0$l706382474^i0 size=8388608 queue_latency_us=0 attempt=0
I0909 09:23:59.931255    1377 grpc_transport.cc:1414] [MEGASCALE_TRANSPORT_INSTR] Recv: key=psum.7_0_1_ag_0_sr_127_128|s200004->100004d|$c0$l706382474^i0 size=0 is_single_chunk=true is_aligned=true memcpy_needed=false
I0909 09:23:59.960802    1386 grpc_transport.cc:1414] [MEGASCALE_TRANSPORT_INSTR] Recv: key=psum.7_0_1_ag_0_sr_116_117|s200000->100000d|$c0$l706382474^i0 size=0 is_single_chunk=true is_aligned=true memcpy_needed=false
I0909 09:23:59.980450    1957 grpc_transport.cc:1414] [MEGASCALE_TRANSPORT_INSTR] Recv: key=psum.7_0_1_ag_0_sr_126_127|s200003->100003d|$c0$l706382474^i0 size=0 is_single_chunk=true is_aligned=true memcpy_needed=false
I0909 09:23:59.998138    1956 grpc_transport.cc:1414] [MEGASCALE_TRANSPORT_INSTR] Recv: key=psum.7_0_1_ag_0_sr_104_105|s200002->100002d|$c0$l706382474^i0 size=0 is_single_chunk=true is_aligned=true memcpy_needed=false
I0909 09:24:00.022931    1730 grpc_transport.cc:1414] [MEGASCALE_TRANSPORT_INSTR] Recv: key=psum.7_0_1_ag_0_sr_122_123|s200006->100006d|$c0$l706382474^i0 size=0 is_single_chunk=true is_aligned=true memcpy_needed=false
I0909 09:24:00.042366    2065 grpc_transport.cc:1743] [MEGASCALE_TRANSPORT_INSTR] SendRpc: key=psum.7_0_sr_77_78|s100000->200000d|$c0$l706382475^i0 size=8388608 queue_latency_us=2 attempt=0
I0909 09:24:00.045435    1567 grpc_transport.cc:1743] [MEGASCALE_TRANSPORT_INSTR] SendRpc: key=psum.7_0_sr_71_72|s100003->200003d|$c0$l706382475^i0 size=8388608 queue_latency_us=0 attempt=0
I0909 09:24:00.047709    1933 grpc_transport.cc:1743] [MEGASCALE_TRANSPORT_INSTR] SendRpc: key=psum.7_0_sr_89_90|s100005->200005d|$c0$l706382475^i0 size=8388608 queue_latency_us=0 attempt=0
I0909 09:24:00.051070    1722 grpc_transport.cc:1743] [MEGASCALE_TRANSPORT_INSTR] SendRpc: key=psum.7_0_sr_101_102|s100006->200006d|$c0$l706382475^i0 size=8388608 queue_latency_us=0 attempt=0
I0909 09:24:00.054775    1959 grpc_transport.cc:1743] [MEGASCALE_TRANSPORT_INSTR] SendRpc: key=psum.7_0_sr_118_119|s100007->200007d|$c0$l706382475^i0 size=8388608 queue_latency_us=0 attempt=0
I0909 09:24:00.069651    1956 grpc_transport.cc:1414] [MEGASCALE_TRANSPORT_INSTR] Recv: key=psum.7_0_sr_6_7|s200002->100002d|$c0$l706382475^i0 size=0 is_single_chunk=true is_aligned=true memcpy_needed=false
I0909 09:24:00.092861    1377 grpc_transport.cc:1414] [MEGASCALE_TRANSPORT_INSTR] Recv: key=psum.7_0_sr_18_19|s200005->100005d|$c0$l706382475^i0 size=0 is_single_chunk=true is_aligned=true memcpy_needed=false
I0909 09:24:00.110991    1377 grpc_transport.cc:1414] [MEGASCALE_TRANSPORT_INSTR] Recv: key=psum.7_0_sr_40_41|s200004->100004d|$c0$l706382475^i0 size=0 is_single_chunk=true is_aligned=true memcpy_needed=false
I0909 09:24:00.127876    1722 grpc_transport.cc:1414] [MEGASCALE_TRANSPORT_INSTR] Recv: key=psum.7_0_sr_44_45|s200002->100002d|$c0$l706382475^i0 size=0 is_single_chunk=true is_aligned=true memcpy_needed=false
I0909 09:24:00.142037    2060 grpc_transport.cc:1743] [MEGASCALE_TRANSPORT_INSTR] SendRpc: key=psum.7_0_1_ag_0_sr_22_23|s100001->200001d|$c0$l706382475^i0 size=8388608 queue_latency_us=0 attempt=0
I0909 09:24:00.145682    1724 grpc_transport.cc:1414] [MEGASCALE_TRANSPORT_INSTR] Recv: key=psum.7_0_sr_61_62|s200003->100003d|$c0$l706382475^i0 size=0 is_single_chunk=true is_aligned=true memcpy_needed=false
I0909 09:24:00.153250    1733 grpc_transport.cc:1743] [MEGASCALE_TRANSPORT_INSTR] SendRpc: key=psum.7_0_1_ag_0_sr_32_33|s100003->200003d|$c0$l706382475^i0 size=8388608 queue_latency_us=0 attempt=0
I0909 09:24:00.165744    1421 grpc_transport.cc:1743] [MEGASCALE_TRANSPORT_INSTR] SendRpc: key=psum.7_0_1_ag_0_sr_3_4|s100007->200007d|$c0$l706382475^i0 size=8388608 queue_latency_us=0 attempt=0
I0909 09:24:00.170681    1906 grpc_transport.cc:1743] [MEGASCALE_TRANSPORT_INSTR] SendRpc: key=psum.7_0_1_ag_0_sr_42_43|s100000->200000d|$c0$l706382475^i0 size=8388608 queue_latency_us=0 attempt=0
I0909 09:24:00.177495    1733 grpc_transport.cc:1743] [MEGASCALE_TRANSPORT_INSTR] SendRpc: key=psum.7_0_1_ag_0_sr_26_27|s100002->200002d|$c0$l706382475^i0 size=8388608 queue_latency_us=0 attempt=0
I0909 09:24:00.187268    1386 grpc_transport.cc:1414] [MEGASCALE_TRANSPORT_INSTR] Recv: key=psum.7_0_1_ag_0_sr_64_65|s200000->100000d|$c0$l706382475^i0 size=0 is_single_chunk=true is_aligned=true memcpy_needed=false
I0909 09:24:00.208225    1373 grpc_transport.cc:1414] [MEGASCALE_TRANSPORT_INSTR] Recv: key=psum.7_0_1_ag_0_sr_101_102|s200002->100002d|$c0$l706382475^i0 size=0 is_single_chunk=true is_aligned=true memcpy_needed=false
I0909 09:24:00.229872    2060 grpc_transport.cc:1414] [MEGASCALE_TRANSPORT_INSTR] Recv: key=psum.7_0_1_ag_0_sr_112_113|s200004->100004d|$c0$l706382475^i0 size=0 is_single_chunk=true is_aligned=true memcpy_needed=false
I0909 09:24:00.247383    1956 grpc_transport.cc:1414] [MEGASCALE_TRANSPORT_INSTR] Recv: key=psum.7_0_1_ag_0_sr_118_119|s200003->100003d|$c0$l706382475^i0 size=0 is_single_chunk=true is_aligned=true memcpy_needed=false
I0909 09:24:00.264250    1956 grpc_transport.cc:1414] [MEGASCALE_TRANSPORT_INSTR] Recv: key=psum.7_0_1_ag_0_sr_124_125|s200006->100006d|$c0$l706382475^i0 size=0 is_single_chunk=true is_aligned=true memcpy_needed=false
I0909 09:24:00.287259    1377 grpc_transport.cc:1743] [MEGASCALE_TRANSPORT_INSTR] SendRpc: key=psum.7_0_sr_84_85|s100004->200004d|$c0$l706382476^i0 size=8388608 queue_latency_us=0 attempt=0
I0909 09:24:00.290270    1415 grpc_transport.cc:1743] [MEGASCALE_TRANSPORT_INSTR] SendRpc: key=psum.7_0_sr_108_109|s100004->200004d|$c0$l706382476^i0 size=8388608 queue_latency_us=0 attempt=0
I0909 09:24:00.293225    1768 grpc_transport.cc:1743] [MEGASCALE_TRANSPORT_INSTR] SendRpc: key=psum.7_0_sr_89_90|s100002->200002d|$c0$l706382476^i0 size=8388608 queue_latency_us=0 attempt=0
I0909 09:24:00.296399    1410 grpc_transport.cc:1743] [MEGASCALE_TRANSPORT_INSTR] SendRpc: key=psum.7_0_sr_76_77|s100005->200005d|$c0$l706382476^i0 size=8388608 queue_latency_us=0 attempt=0
I0909 09:24:00.300166    1386 grpc_transport.cc:1743] [MEGASCALE_TRANSPORT_INSTR] SendRpc: key=psum.7_0_sr_91_92|s100005->200005d|$c0$l706382476^i0 size=8388608 queue_latency_us=0 attempt=0
I0909 09:24:00.305960    1738 grpc_transport.cc:1743] [MEGASCALE_TRANSPORT_INSTR] SendRpc: key=psum.7_0_sr_127_128|s100003->200003d|$c0$l706382476^i0 size=8388608 queue_latency_us=0 attempt=0
I0909 09:24:00.340750    1373 grpc_transport.cc:1414] [MEGASCALE_TRANSPORT_INSTR] Recv: key=psum.7_0_sr_5_6|s200003->100003d|$c0$l706382476^i0 size=0 is_single_chunk=true is_aligned=true memcpy_needed=false
I0909 09:24:00.368467    2060 grpc_transport.cc:1414] [MEGASCALE_TRANSPORT_INSTR] Recv: key=psum.7_0_sr_19_20|s200004->100004d|$c0$l706382476^i0 size=0 is_single_chunk=true is_aligned=true memcpy_needed=false
I0909 09:24:00.386637    1377 grpc_transport.cc:1414] [MEGASCALE_TRANSPORT_INSTR] Recv: key=psum.7_0_sr_22_23|s200004->100004d|$c0$l706382476^i0 size=0 is_single_chunk=true is_aligned=true memcpy_needed=false
I0909 09:24:00.406815    2060 grpc_transport.cc:1414] [MEGASCALE_TRANSPORT_INSTR] Recv: key=psum.7_0_sr_45_46|s200005->100005d|$c0$l706382476^i0 size=0 is_single_chunk=true is_aligned=true memcpy_needed=false
I0909 09:24:00.430728    1377 grpc_transport.cc:1414] [MEGASCALE_TRANSPORT_INSTR] Recv: key=psum.7_0_sr_58_59|s200004->100004d|$c0$l706382476^i0 size=0 is_single_chunk=true is_aligned=true memcpy_needed=false
I0909 09:24:00.436690    1373 grpc_transport.cc:1743] [MEGASCALE_TRANSPORT_INSTR] SendRpc: key=psum.7_0_1_ag_0_sr_11_12|s100007->200007d|$c0$l706382476^i0 size=8388608 queue_latency_us=0 attempt=0
I0909 09:24:00.445363    1909 grpc_transport.cc:1743] [MEGASCALE_TRANSPORT_INSTR] SendRpc: key=psum.7_0_1_ag_0_sr_5_6|s100005->200005d|$c0$l706382476^i0 size=8388608 queue_latency_us=0 attempt=0
I0909 09:24:00.454273    1386 grpc_transport.cc:1743] [MEGASCALE_TRANSPORT_INSTR] SendRpc: key=psum.7_0_1_ag_0_sr_50_51|s100004->200004d|$c0$l706382476^i0 size=8388608 queue_latency_us=0 attempt=0
I0909 09:24:00.456744    1722 grpc_transport.cc:1414] [MEGASCALE_TRANSPORT_INSTR] Recv: key=psum.7_0_1_ag_0_sr_67_68|s200002->100002d|$c0$l706382476^i0 size=0 is_single_chunk=true is_aligned=true memcpy_needed=false
I0909 09:24:00.465370    1957 grpc_transport.cc:1743] [MEGASCALE_TRANSPORT_INSTR] SendRpc: key=psum.7_0_1_ag_0_sr_57_58|s100006->200006d|$c0$l706382476^i0 size=8388608 queue_latency_us=0 attempt=0
I0909 09:24:00.476103    1957 grpc_transport.cc:1414] [MEGASCALE_TRANSPORT_INSTR] Recv: key=psum.7_0_1_ag_0_sr_113_114|s200002->100002d|$c0$l706382476^i0 size=0 is_single_chunk=true is_aligned=true memcpy_needed=false
I0909 09:24:00.476767    1724 grpc_transport.cc:1743] [MEGASCALE_TRANSPORT_INSTR] SendRpc: key=psum.7_0_1_ag_0_sr_49_50|s100002->200002d|$c0$l706382476^i0 size=8388608 queue_latency_us=0 attempt=0
I0909 09:24:00.492026    1374 grpc_transport.cc:1414] [MEGASCALE_TRANSPORT_INSTR] Recv: key=psum.7_0_1_ag_0_sr_96_97|s200006->100006d|$c0$l706382476^i0 size=0 is_single_chunk=true is_aligned=true memcpy_needed=false
I0909 09:24:00.509764    2060 grpc_transport.cc:1414] [MEGASCALE_TRANSPORT_INSTR] Recv: key=psum.7_0_1_ag_0_sr_127_128|s200001->100001d|$c0$l706382476^i0 size=0 is_single_chunk=true is_aligned=true memcpy_needed=false
I0909 09:24:00.525989    1377 grpc_transport.cc:1414] [MEGASCALE_TRANSPORT_INSTR] Recv: key=psum.7_0_1_ag_0_sr_113_114|s200005->100005d|$c0$l706382476^i0 size=0 is_single_chunk=true is_aligned=true memcpy_needed=false
I0909 09:24:00.558911    1557 grpc_transport.cc:1743] [MEGASCALE_TRANSPORT_INSTR] SendRpc: key=psum.7_0_sr_83_84|s100007->200007d|$c0$l706382477^i0 size=8388608 queue_latency_us=0 attempt=0
I0909 09:24:00.561416    1430 grpc_transport.cc:1743] [MEGASCALE_TRANSPORT_INSTR] SendRpc: key=psum.7_0_sr_86_87|s100002->200002d|$c0$l706382477^i0 size=8388608 queue_latency_us=0 attempt=0
I0909 09:24:00.564087    1906 grpc_transport.cc:1743] [MEGASCALE_TRANSPORT_INSTR] SendRpc: key=psum.7_0_sr_84_85|s100004->200004d|$c0$l706382477^i0 size=8388608 queue_latency_us=0 attempt=0
I0909 09:24:00.567108    1580 grpc_transport.cc:1743] [MEGASCALE_TRANSPORT_INSTR] SendRpc: key=psum.7_0_sr_98_99|s100004->200004d|$c0$l706382477^i0 size=8388608 queue_latency_us=0 attempt=0
I0909 09:24:00.570611    1724 grpc_transport.cc:1743] [MEGASCALE_TRANSPORT_INSTR] SendRpc: key=psum.7_0_sr_122_123|s100002->200002d|$c0$l706382477^i0 size=8388608 queue_latency_us=0 attempt=0
I0909 09:24:00.603599    1377 grpc_transport.cc:1414] [MEGASCALE_TRANSPORT_INSTR] Recv: key=psum.7_0_sr_11_12|s200005->100005d|$c0$l706382477^i0 size=0 is_single_chunk=true is_aligned=true memcpy_needed=false
I0909 09:24:00.641565    2060 grpc_transport.cc:1414] [MEGASCALE_TRANSPORT_INSTR] Recv: key=psum.7_0_sr_12_13|s200004->100004d|$c0$l706382477^i0 size=0 is_single_chunk=true is_aligned=true memcpy_needed=false
I0909 09:24:00.661225    1377 grpc_transport.cc:1414] [MEGASCALE_TRANSPORT_INSTR] Recv: key=psum.7_0_sr_27_28|s200004->100004d|$c0$l706382477^i0 size=0 is_single_chunk=true is_aligned=true memcpy_needed=false
I0909 09:24:00.680930    1374 grpc_transport.cc:1414] [MEGASCALE_TRANSPORT_INSTR] Recv: key=psum.7_0_sr_52_53|s200003->100003d|$c0$l706382477^i0 size=0 is_single_chunk=true is_aligned=true memcpy_needed=false
I0909 09:24:00.697165    1377 grpc_transport.cc:1743] [MEGASCALE_TRANSPORT_INSTR] SendRpc: key=psum.7_0_1_ag_0_sr_50_51|s100000->200000d|$c0$l706382477^i0 size=8388608 queue_latency_us=0 attempt=0
I0909 09:24:00.703000    1722 grpc_transport.cc:1414] [MEGASCALE_TRANSPORT_INSTR] Recv: key=psum.7_0_sr_53_54|s200002->100002d|$c0$l706382477^i0 size=0 is_single_chunk=true is_aligned=true memcpy_needed=false
I0909 09:24:00.704532    1956 grpc_transport.cc:1743] [MEGASCALE_TRANSPORT_INSTR] SendRpc: key=psum.7_0_1_ag_0_sr_45_46|s100003->200003d|$c0$l706382477^i0 size=8388608 queue_latency_us=0 attempt=0
I0909 09:24:00.718771    1957 grpc_transport.cc:1743] [MEGASCALE_TRANSPORT_INSTR] SendRpc: key=psum.7_0_1_ag_0_sr_54_55|s100007->200007d|$c0$l706382477^i0 size=8388608 queue_latency_us=0 attempt=0
I0909 09:24:00.725925    1392 grpc_transport.cc:1414] [MEGASCALE_TRANSPORT_INSTR] Recv: key=psum.7_0_sr_24_25|s200006->100006d|$c0$l706382477^i0 size=0 is_single_chunk=true is_aligned=true memcpy_needed=false
I0909 09:24:00.730935    1464 grpc_transport.cc:1743] [MEGASCALE_TRANSPORT_INSTR] SendRpc: key=psum.7_0_1_ag_0_sr_51_52|s100004->200004d|$c0$l706382477^i0 size=8388608 queue_latency_us=0 attempt=0
I0909 09:24:00.742883    1724 grpc_transport.cc:1414] [MEGASCALE_TRANSPORT_INSTR] Recv: key=psum.7_0_1_ag_0_sr_76_77|s200003->100003d|$c0$l706382477^i0 size=0 is_single_chunk=true is_aligned=true memcpy_needed=false
I0909 09:24:00.748273    1374 grpc_transport.cc:1743] [MEGASCALE_TRANSPORT_INSTR] SendRpc: key=psum.7_0_1_ag_0_sr_23_24|s100006->200006d|$c0$l706382477^i0 size=8388608 queue_latency_us=0 attempt=0
I0909 09:24:00.759594    1377 grpc_transport.cc:1414] [MEGASCALE_TRANSPORT_INSTR] Recv: key=psum.7_0_1_ag_0_sr_85_86|s200004->100004d|$c0$l706382477^i0 size=0 is_single_chunk=true is_aligned=true memcpy_needed=false
I0909 09:24:00.776841    1733 grpc_transport.cc:1414] [MEGASCALE_TRANSPORT_INSTR] Recv: key=psum.7_0_1_ag_0_sr_103_104|s200007->100007d|$c0$l706382477^i0 size=0 is_single_chunk=true is_aligned=true memcpy_needed=false
I0909 09:24:00.793790    1377 grpc_transport.cc:1414] [MEGASCALE_TRANSPORT_INSTR] Recv: key=psum.7_0_1_ag_0_sr_126_127|s200000->100000d|$c0$l706382477^i0 size=0 is_single_chunk=true is_aligned=true memcpy_needed=false
I0909 09:24:00.824336    1724 grpc_transport.cc:1414] [MEGASCALE_TRANSPORT_INSTR] Recv: key=psum.7_0_1_ag_0_sr_115_116|s200006->100006d|$c0$l706382477^i0 size=0 is_single_chunk=true is_aligned=true memcpy_needed=false
I0909 09:24:00.833900    1937 grpc_transport.cc:1743] [MEGASCALE_TRANSPORT_INSTR] SendRpc: key=psum.7_0_sr_75_76|s100004->200004d|$c0$l706382478^i0 size=8388608 queue_latency_us=0 attempt=0
I0909 09:24:00.836419    1423 grpc_transport.cc:1743] [MEGASCALE_TRANSPORT_INSTR] SendRpc: key=psum.7_0_sr_80_81|s100000->200000d|$c0$l706382478^i0 size=8388608 queue_latency_us=0 attempt=0
I0909 09:24:00.838971    2060 grpc_transport.cc:1743] [MEGASCALE_TRANSPORT_INSTR] SendRpc: key=psum.7_0_sr_92_93|s100004->200004d|$c0$l706382478^i0 size=8388608 queue_latency_us=0 attempt=0
I0909 09:24:00.841955    1738 grpc_transport.cc:1743] [MEGASCALE_TRANSPORT_INSTR] SendRpc: key=psum.7_0_sr_112_113|s100003->200003d|$c0$l706382478^i0 size=8388608 queue_latency_us=0 attempt=0
I0909 09:24:00.845325    1415 grpc_transport.cc:1743] [MEGASCALE_TRANSPORT_INSTR] SendRpc: key=psum.7_0_sr_116_117|s100004->200004d|$c0$l706382478^i0 size=8388608 queue_latency_us=0 attempt=0
I0909 09:24:00.862297    1386 grpc_transport.cc:1414] [MEGASCALE_TRANSPORT_INSTR] Recv: key=psum.7_0_sr_22_23|s200005->100005d|$c0$l706382478^i0 size=0 is_single_chunk=true is_aligned=true memcpy_needed=false
I0909 09:24:00.884289    2060 grpc_transport.cc:1414] [MEGASCALE_TRANSPORT_INSTR] Recv: key=psum.7_0_sr_38_39|s200005->100005d|$c0$l706382478^i0 size=0 is_single_chunk=true is_aligned=true memcpy_needed=false
I0909 09:24:00.901989    1722 grpc_transport.cc:1414] [MEGASCALE_TRANSPORT_INSTR] Recv: key=psum.7_0_sr_48_49|s200007->100007d|$c0$l706382478^i0 size=0 is_single_chunk=true is_aligned=true memcpy_needed=false
I0909 09:24:00.919343     785 grpc_transport.cc:1414] [MEGASCALE_TRANSPORT_INSTR] Recv: key=psum.7_0_sr_54_55|s200001->100001d|$c0$l706382478^i0 size=0 is_single_chunk=true is_aligned=true memcpy_needed=false
I0909 09:24:00.934114    1402 grpc_transport.cc:1743] [MEGASCALE_TRANSPORT_INSTR] SendRpc: key=psum.7_0_1_ag_0_sr_50_51|s100007->200007d|$c0$l706382478^i0 size=8388608 queue_latency_us=0 attempt=0
I0909 09:24:00.939771    1373 grpc_transport.cc:1414] [MEGASCALE_TRANSPORT_INSTR] Recv: key=psum.7_0_sr_58_59|s200006->100006d|$c0$l706382478^i0 size=0 is_single_chunk=true is_aligned=true memcpy_needed=false
I0909 09:24:00.947655    1906 grpc_transport.cc:1743] [MEGASCALE_TRANSPORT_INSTR] SendRpc: key=psum.7_0_1_ag_0_sr_22_23|s100000->200000d|$c0$l706382478^i0 size=8388608 queue_latency_us=0 attempt=0
I0909 09:24:00.955925    1387 grpc_transport.cc:1743] [MEGASCALE_TRANSPORT_INSTR] SendRpc: key=psum.7_0_1_ag_0_sr_34_35|s100003->200003d|$c0$l706382478^i0 size=8388608 queue_latency_us=0 attempt=0
I0909 09:24:00.961157    1909 grpc_transport.cc:1743] [MEGASCALE_TRANSPORT_INSTR] SendRpc: key=psum.7_0_1_ag_0_sr_60_61|s100001->200001d|$c0$l706382478^i0 size=8388608 queue_latency_us=0 attempt=0
I0909 09:24:00.968300    1958 grpc_transport.cc:1743] [MEGASCALE_TRANSPORT_INSTR] SendRpc: key=psum.7_0_1_ag_0_sr_41_42|s100006->200006d|$c0$l706382478^i0 size=8388608 queue_latency_us=0 attempt=0
I0909 09:24:00.987122    1722 grpc_transport.cc:1414] [MEGASCALE_TRANSPORT_INSTR] Recv: key=psum.7_0_1_ag_0_sr_108_109|s200006->100006d|$c0$l706382478^i0 size=0 is_single_chunk=true is_aligned=true memcpy_needed=false
I0909 09:24:01.012242    2060 grpc_transport.cc:1414] [MEGASCALE_TRANSPORT_INSTR] Recv: key=psum.7_0_1_ag_0_sr_85_86|s200005->100005d|$c0$l706382478^i0 size=0 is_single_chunk=true is_aligned=true memcpy_needed=false
I0909 09:24:01.030973    2060 grpc_transport.cc:1414] [MEGASCALE_TRANSPORT_INSTR] Recv: key=psum.7_0_1_ag_0_sr_119_120|s200005->100005d|$c0$l706382478^i0 size=0 is_single_chunk=true is_aligned=true memcpy_needed=false
I0909 09:24:01.048636    1373 grpc_transport.cc:1414] [MEGASCALE_TRANSPORT_INSTR] Recv: key=psum.7_0_1_ag_0_sr_105_106|s200002->100002d|$c0$l706382478^i0 size=0 is_single_chunk=true is_aligned=true memcpy_needed=false
I0909 09:24:01.066373    2060 grpc_transport.cc:1414] [MEGASCALE_TRANSPORT_INSTR] Recv: key=psum.7_0_1_ag_0_sr_106_107|s200004->100004d|$c0$l706382478^i0 size=0 is_single_chunk=true is_aligned=true memcpy_needed=false
I0909 09:24:01.083280    1410 grpc_transport.cc:1743] [MEGASCALE_TRANSPORT_INSTR] SendRpc: key=psum.7_0_sr_79_80|s100004->200004d|$c0$l706382479^i0 size=8388608 queue_latency_us=0 attempt=0
I0909 09:24:01.086135    1387 grpc_transport.cc:1743] [MEGASCALE_TRANSPORT_INSTR] SendRpc: key=psum.7_0_sr_87_88|s100007->200007d|$c0$l706382479^i0 size=8388608 queue_latency_us=1 attempt=0
I0909 09:24:01.089653    1959 grpc_transport.cc:1743] [MEGASCALE_TRANSPORT_INSTR] SendRpc: key=psum.7_0_sr_87_88|s100003->200003d|$c0$l706382479^i0 size=8388608 queue_latency_us=0 attempt=0
I0909 09:24:01.092958    1502 grpc_transport.cc:1743] [MEGASCALE_TRANSPORT_INSTR] SendRpc: key=psum.7_0_sr_107_108|s100003->200003d|$c0$l706382479^i0 size=8388608 queue_latency_us=0 attempt=0
I0909 09:24:01.096509    1759 grpc_transport.cc:1743] [MEGASCALE_TRANSPORT_INSTR] SendRpc: key=psum.7_0_sr_117_118|s100002->200002d|$c0$l706382479^i0 size=8388608 queue_latency_us=0 attempt=0
I0909 09:24:01.126822     785 grpc_transport.cc:1414] [MEGASCALE_TRANSPORT_INSTR] Recv: key=psum.7_0_sr_35_36|s200001->100001d|$c0$l706382479^i0 size=0 is_single_chunk=true is_aligned=true memcpy_needed=false
I0909 09:24:01.150196    1724 grpc_transport.cc:1414] [MEGASCALE_TRANSPORT_INSTR] Recv: key=psum.7_0_sr_12_13|s200002->100002d|$c0$l706382479^i0 size=0 is_single_chunk=true is_aligned=true memcpy_needed=false
I0909 09:24:01.170748    1377 grpc_transport.cc:1414] [MEGASCALE_TRANSPORT_INSTR] Recv: key=psum.7_0_sr_43_44|s200004->100004d|$c0$l706382479^i0 size=0 is_single_chunk=true is_aligned=true memcpy_needed=false
I0909 09:24:01.191195    1374 grpc_transport.cc:1414] [MEGASCALE_TRANSPORT_INSTR] Recv: key=psum.7_0_sr_48_49|s200003->100003d|$c0$l706382479^i0 size=0 is_single_chunk=true is_aligned=true memcpy_needed=false
I0909 09:24:01.204172    1377 grpc_transport.cc:1743] [MEGASCALE_TRANSPORT_INSTR] SendRpc: key=psum.7_0_1_ag_0_sr_29_30|s100001->200001d|$c0$l706382479^i0 size=8388608 queue_latency_us=0 attempt=0
I0909 09:24:01.215342    1956 grpc_transport.cc:1414] [MEGASCALE_TRANSPORT_INSTR] Recv: key=psum.7_0_sr_61_62|s200006->100006d|$c0$l706382479^i0 size=0 is_single_chunk=true is_aligned=true memcpy_needed=false
I0909 09:24:01.220667    1724 grpc_transport.cc:1743] [MEGASCALE_TRANSPORT_INSTR] SendRpc: key=psum.7_0_1_ag_0_sr_2_3|s100003->200003d|$c0$l706382479^i0 size=8388608 queue_latency_us=5 attempt=0
I0909 09:24:01.231516    1900 grpc_transport.cc:1743] [MEGASCALE_TRANSPORT_INSTR] SendRpc: key=psum.7_0_1_ag_0_sr_35_36|s100000->200000d|$c0$l706382479^i0 size=8388608 queue_latency_us=0 attempt=0
I0909 09:24:01.240121    2063 grpc_transport.cc:1414] [MEGASCALE_TRANSPORT_INSTR] Recv: key=psum.7_0_1_ag_0_sr_93_94|s200004->100004d|$c0$l706382479^i0 size=0 is_single_chunk=true is_aligned=true memcpy_needed=false
I0909 09:24:01.243646    1959 grpc_transport.cc:1743] [MEGASCALE_TRANSPORT_INSTR] SendRpc: key=psum.7_0_1_ag_0_sr_32_33|s100006->200006d|$c0$l706382479^i0 size=8388608 queue_latency_us=0 attempt=0
I0909 09:24:01.250538    1957 grpc_transport.cc:1743] [MEGASCALE_TRANSPORT_INSTR] SendRpc: key=psum.7_0_1_ag_0_sr_49_50|s100007->200007d|$c0$l706382479^i0 size=8388608 queue_latency_us=0 attempt=0
I0909 09:24:01.258069    1730 grpc_transport.cc:1414] [MEGASCALE_TRANSPORT_INSTR] Recv: key=psum.7_0_1_ag_0_sr_71_72|s200003->100003d|$c0$l706382479^i0 size=0 is_single_chunk=true is_aligned=true memcpy_needed=false
I0909 09:24:01.274283    1957 grpc_transport.cc:1414] [MEGASCALE_TRANSPORT_INSTR] Recv: key=psum.7_0_1_ag_0_sr_123_124|s200003->100003d|$c0$l706382479^i0 size=0 is_single_chunk=true is_aligned=true memcpy_needed=false
I0909 09:24:01.291244    1383 grpc_transport.cc:1414] [MEGASCALE_TRANSPORT_INSTR] Recv: key=psum.7_0_1_ag_0_sr_111_112|s200000->100000d|$c0$l706382479^i0 size=0 is_single_chunk=true is_aligned=true memcpy_needed=false
I0909 09:24:01.307769    1377 grpc_transport.cc:1414] [MEGASCALE_TRANSPORT_INSTR] Recv: key=psum.7_0_1_ag_0_sr_121_122|s200005->100005d|$c0$l706382479^i0 size=0 is_single_chunk=true is_aligned=true memcpy_needed=false
I0909 09:24:01.332169    1393 grpc_transport.cc:1743] [MEGASCALE_TRANSPORT_INSTR] SendRpc: key=psum.7_0_sr_67_68|s100001->200001d|$c0$l706382480^i0 size=8388608 queue_latency_us=0 attempt=0
I0909 09:24:01.336362    1423 grpc_transport.cc:1743] [MEGASCALE_TRANSPORT_INSTR] SendRpc: key=psum.7_0_sr_65_66|s100001->200001d|$c0$l706382480^i0 size=8388608 queue_latency_us=0 attempt=0
I0909 09:24:01.338547     793 grpc_transport.cc:1743] [MEGASCALE_TRANSPORT_INSTR] SendRpc: key=psum.7_0_sr_88_89|s100001->200001d|$c0$l706382480^i0 size=8388608 queue_latency_us=0 attempt=0
I0909 09:24:01.340464    1959 grpc_transport.cc:1743] [MEGASCALE_TRANSPORT_INSTR] SendRpc: key=psum.7_0_sr_102_103|s100006->200006d|$c0$l706382480^i0 size=8388608 queue_latency_us=0 attempt=0
I0909 09:24:01.343220    1968 grpc_transport.cc:1743] [MEGASCALE_TRANSPORT_INSTR] SendRpc: key=psum.7_0_sr_105_106|s100002->200002d|$c0$l706382480^i0 size=8388608 queue_latency_us=0 attempt=0
I0909 09:24:01.392307    1377 grpc_transport.cc:1414] [MEGASCALE_TRANSPORT_INSTR] Recv: key=psum.7_0_sr_1_2|s200005->100005d|$c0$l706382480^i0 size=0 is_single_chunk=true is_aligned=true memcpy_needed=false
I0909 09:24:01.420056    1900 grpc_transport.cc:1414] [MEGASCALE_TRANSPORT_INSTR] Recv: key=psum.7_0_sr_32_33|s200001->100001d|$c0$l706382480^i0 size=0 is_single_chunk=true is_aligned=true memcpy_needed=false
I0909 09:24:01.439554    1377 grpc_transport.cc:1414] [MEGASCALE_TRANSPORT_INSTR] Recv: key=psum.7_0_sr_50_51|s200000->100000d|$c0$l706382480^i0 size=0 is_single_chunk=true is_aligned=true memcpy_needed=false
I0909 09:24:01.458258     785 grpc_transport.cc:1414] [MEGASCALE_TRANSPORT_INSTR] Recv: key=psum.7_0_sr_30_31|s200004->100004d|$c0$l706382480^i0 size=0 is_single_chunk=true is_aligned=true memcpy_needed=false
I0909 09:24:01.459541    1900 grpc_transport.cc:1743] [MEGASCALE_TRANSPORT_INSTR] SendRpc: key=psum.7_0_1_ag_0_sr_9_10|s100005->200005d|$c0$l706382480^i0 size=8388608 queue_latency_us=0 attempt=0
I0909 09:24:01.468826    1377 grpc_transport.cc:1743] [MEGASCALE_TRANSPORT_INSTR] SendRpc: key=psum.7_0_1_ag_0_sr_45_46|s100000->200000d|$c0$l706382480^i0 size=8388608 queue_latency_us=1 attempt=0
I0909 09:24:01.479472    1956 grpc_transport.cc:1414] [MEGASCALE_TRANSPORT_INSTR] Recv: key=psum.7_0_sr_49_50|s200002->100002d|$c0$l706382480^i0 size=0 is_single_chunk=true is_aligned=true memcpy_needed=false
I0909 09:24:01.483578    1377 grpc_transport.cc:1743] [MEGASCALE_TRANSPORT_INSTR] SendRpc: key=psum.7_0_1_ag_0_sr_17_18|s100004->200004d|$c0$l706382480^i0 size=8388608 queue_latency_us=0 attempt=0
I0909 09:24:01.498112    2060 grpc_transport.cc:1414] [MEGASCALE_TRANSPORT_INSTR] Recv: key=psum.7_0_1_ag_0_sr_100_101|s200000->100000d|$c0$l706382480^i0 size=0 is_single_chunk=true is_aligned=true memcpy_needed=false
I0909 09:24:01.507641    1392 grpc_transport.cc:1743] [MEGASCALE_TRANSPORT_INSTR] SendRpc: key=psum.7_0_1_ag_0_sr_17_18|s100006->200006d|$c0$l706382480^i0 size=8388608 queue_latency_us=0 attempt=0
I0909 09:24:01.518808    1380 grpc_transport.cc:1414] [MEGASCALE_TRANSPORT_INSTR] Recv: key=psum.7_0_1_ag_0_sr_84_85|s200007->100007d|$c0$l706382480^i0 size=0 is_single_chunk=true is_aligned=true memcpy_needed=false
I0909 09:24:01.519363    1374 grpc_transport.cc:1743] [MEGASCALE_TRANSPORT_INSTR] SendRpc: key=psum.7_0_1_ag_0_sr_25_26|s100003->200003d|$c0$l706382480^i0 size=8388608 queue_latency_us=0 attempt=0
I0909 09:24:01.530199    1722 grpc_transport.cc:1743] [MEGASCALE_TRANSPORT_INSTR] SendRpc: key=psum.7_0_1_ag_0_sr_61_62|s100007->200007d|$c0$l706382480^i0 size=8388608 queue_latency_us=0 attempt=0
I0909 09:24:01.534565    2060 grpc_transport.cc:1414] [MEGASCALE_TRANSPORT_INSTR] Recv: key=psum.7_0_1_ag_0_sr_120_121|s200001->100001d|$c0$l706382480^i0 size=0 is_single_chunk=true is_aligned=true memcpy_needed=false
I0909 09:24:01.552841    1956 grpc_transport.cc:1414] [MEGASCALE_TRANSPORT_INSTR] Recv: key=psum.7_0_1_ag_0_sr_65_66|s200002->100002d|$c0$l706382480^i0 size=0 is_single_chunk=true is_aligned=true memcpy_needed=false
I0909 09:24:01.569421    1374 grpc_transport.cc:1414] [MEGASCALE_TRANSPORT_INSTR] Recv: key=psum.7_0_1_ag_0_sr_78_79|s200002->100002d|$c0$l706382480^i0 size=0 is_single_chunk=true is_aligned=true memcpy_needed=false
I0909 09:24:01.606917    1735 grpc_transport.cc:1743] [MEGASCALE_TRANSPORT_INSTR] SendRpc: key=psum.7_0_sr_64_65|s100007->200007d|$c0$l706382481^i0 size=8388608 queue_latency_us=0 attempt=0
I0909 09:24:01.610101    1722 grpc_transport.cc:1743] [MEGASCALE_TRANSPORT_INSTR] SendRpc: key=psum.7_0_sr_67_68|s100003->200003d|$c0$l706382481^i0 size=8388608 queue_latency_us=0 attempt=0
I0909 09:24:01.612719    2070 grpc_transport.cc:1743] [MEGASCALE_TRANSPORT_INSTR] SendRpc: key=psum.7_0_sr_90_91|s100000->200000d|$c0$l706382481^i0 size=8388608 queue_latency_us=0 attempt=0
I0909 09:24:01.615694    1738 grpc_transport.cc:1743] [MEGASCALE_TRANSPORT_INSTR] SendRpc: key=psum.7_0_sr_111_112|s100007->200007d|$c0$l706382481^i0 size=8388608 queue_latency_us=0 attempt=0
I0909 09:24:01.619907    1392 grpc_transport.cc:1743] [MEGASCALE_TRANSPORT_INSTR] SendRpc: key=psum.7_0_sr_117_118|s100003->200003d|$c0$l706382481^i0 size=8388608 queue_latency_us=0 attempt=0
I0909 09:24:01.656652    1374 grpc_transport.cc:1414] [MEGASCALE_TRANSPORT_INSTR] Recv: key=psum.7_0_sr_12_13|s200003->100003d|$c0$l706382481^i0 size=0 is_single_chunk=true is_aligned=true memcpy_needed=false
I0909 09:24:01.691753    2060 grpc_transport.cc:1414] [MEGASCALE_TRANSPORT_INSTR] Recv: key=psum.7_0_sr_3_4|s200001->100001d|$c0$l706382481^i0 size=0 is_single_chunk=true is_aligned=true memcpy_needed=false
I0909 09:24:01.713617    2060 grpc_transport.cc:1414] [MEGASCALE_TRANSPORT_INSTR] Recv: key=psum.7_0_sr_52_53|s200000->100000d|$c0$l706382481^i0 size=0 is_single_chunk=true is_aligned=true memcpy_needed=false
I0909 09:24:01.727062    1377 grpc_transport.cc:1743] [MEGASCALE_TRANSPORT_INSTR] SendRpc: key=psum.7_0_1_ag_0_sr_21_22|s100000->200000d|$c0$l706382481^i0 size=8388608 queue_latency_us=0 attempt=0
I0909 09:24:01.733930    1377 grpc_transport.cc:1414] [MEGASCALE_TRANSPORT_INSTR] Recv: key=psum.7_0_sr_8_9|s200005->100005d|$c0$l706382481^i0 size=0 is_single_chunk=true is_aligned=true memcpy_needed=false
I0909 09:24:01.750038    1377 grpc_transport.cc:1743] [MEGASCALE_TRANSPORT_INSTR] SendRpc: key=psum.7_0_1_ag_0_sr_57_58|s100001->200001d|$c0$l706382481^i0 size=8388608 queue_latency_us=0 attempt=0
I0909 09:24:01.755328    2060 grpc_transport.cc:1414] [MEGASCALE_TRANSPORT_INSTR] Recv: key=psum.7_0_sr_53_54|s200005->100005d|$c0$l706382481^i0 size=0 is_single_chunk=true is_aligned=true memcpy_needed=false
I0909 09:24:01.769272    1403 grpc_transport.cc:1743] [MEGASCALE_TRANSPORT_INSTR] SendRpc: key=psum.7_0_1_ag_0_sr_27_28|s100006->200006d|$c0$l706382481^i0 size=8388608 queue_latency_us=1 attempt=0
I0909 09:24:01.776368    1380 grpc_transport.cc:1743] [MEGASCALE_TRANSPORT_INSTR] SendRpc: key=psum.7_0_1_ag_0_sr_46_47|s100002->200002d|$c0$l706382481^i0 size=8388608 queue_latency_us=0 attempt=0
I0909 09:24:01.779747    2060 grpc_transport.cc:1414] [MEGASCALE_TRANSPORT_INSTR] Recv: key=psum.7_0_1_ag_0_sr_109_110|s200005->100005d|$c0$l706382481^i0 size=0 is_single_chunk=true is_aligned=true memcpy_needed=false
I0909 09:24:01.795412    2060 grpc_transport.cc:1414] [MEGASCALE_TRANSPORT_INSTR] Recv: key=psum.7_0_1_ag_0_sr_89_90|s200001->100001d|$c0$l706382481^i0 size=0 is_single_chunk=true is_aligned=true memcpy_needed=false
I0909 09:24:01.800871    1957 grpc_transport.cc:1743] [MEGASCALE_TRANSPORT_INSTR] SendRpc: key=psum.7_0_1_ag_0_sr_36_37|s100007->200007d|$c0$l706382481^i0 size=8388608 queue_latency_us=0 attempt=0
I0909 09:24:01.812620    1377 grpc_transport.cc:1414] [MEGASCALE_TRANSPORT_INSTR] Recv: key=psum.7_0_1_ag_0_sr_64_65|s200004->100004d|$c0$l706382481^i0 size=0 is_single_chunk=true is_aligned=true memcpy_needed=false
I0909 09:24:01.829363    2060 grpc_transport.cc:1414] [MEGASCALE_TRANSPORT_INSTR] Recv: key=psum.7_0_1_ag_0_sr_113_114|s200004->100004d|$c0$l706382481^i0 size=0 is_single_chunk=true is_aligned=true memcpy_needed=false
I0909 09:24:01.846762    1377 grpc_transport.cc:1414] [MEGASCALE_TRANSPORT_INSTR] Recv: key=psum.7_0_1_ag_0_sr_111_112|s200000->100000d|$c0$l706382481^i0 size=0 is_single_chunk=true is_aligned=true memcpy_needed=false
I0909 09:24:01.879065     804 grpc_transport.cc:1743] [MEGASCALE_TRANSPORT_INSTR] SendRpc: key=psum.7_0_sr_70_71|s100002->200002d|$c0$l706382482^i0 size=8388608 queue_latency_us=0 attempt=0
I0909 09:24:01.881984    2075 grpc_transport.cc:1743] [MEGASCALE_TRANSPORT_INSTR] SendRpc: key=psum.7_0_sr_74_75|s100004->200004d|$c0$l706382482^i0 size=8388608 queue_latency_us=0 attempt=0
I0909 09:24:01.884936    2062 grpc_transport.cc:1743] [MEGASCALE_TRANSPORT_INSTR] SendRpc: key=psum.7_0_sr_104_105|s100001->200001d|$c0$l706382482^i0 size=8388608 queue_latency_us=0 attempt=0
I0909 09:24:01.886769    1738 grpc_transport.cc:1414] [MEGASCALE_TRANSPORT_INSTR] Recv: key=psum.7_0_sr_15_16|s200006->100006d|$c0$l706382482^i0 size=0 is_single_chunk=true is_aligned=true memcpy_needed=false
I0909 09:24:01.888923    1392 grpc_transport.cc:1743] [MEGASCALE_TRANSPORT_INSTR] SendRpc: key=psum.7_0_sr_98_99|s100003->200003d|$c0$l706382482^i0 size=8388608 queue_latency_us=0 attempt=0
I0909 09:24:01.895346    1377 grpc_transport.cc:1743] [MEGASCALE_TRANSPORT_INSTR] SendRpc: key=psum.7_0_sr_125_126|s100000->200000d|$c0$l706382482^i0 size=8388608 queue_latency_us=0 attempt=0
I0909 09:24:01.922404    1377 grpc_transport.cc:1414] [MEGASCALE_TRANSPORT_INSTR] Recv: key=psum.7_0_sr_12_13|s200000->100000d|$c0$l706382482^i0 size=0 is_single_chunk=true is_aligned=true memcpy_needed=false
I0909 09:24:01.942702    1733 grpc_transport.cc:1414] [MEGASCALE_TRANSPORT_INSTR] Recv: key=psum.7_0_sr_17_18|s200002->100002d|$c0$l706382482^i0 size=0 is_single_chunk=true is_aligned=true memcpy_needed=false
I0909 09:24:01.960396    1377 grpc_transport.cc:1414] [MEGASCALE_TRANSPORT_INSTR] Recv: key=psum.7_0_sr_47_48|s200004->100004d|$c0$l706382482^i0 size=0 is_single_chunk=true is_aligned=true memcpy_needed=false
I0909 09:24:01.977841    1374 grpc_transport.cc:1414] [MEGASCALE_TRANSPORT_INSTR] Recv: key=psum.7_0_sr_51_52|s200006->100006d|$c0$l706382482^i0 size=0 is_single_chunk=true is_aligned=true memcpy_needed=false
I0909 09:24:01.987776    1377 grpc_transport.cc:1743] [MEGASCALE_TRANSPORT_INSTR] SendRpc: key=psum.7_0_1_ag_0_sr_38_39|s100000->200000d|$c0$l706382482^i0 size=8388608 queue_latency_us=0 attempt=0
I0909 09:24:01.995182    1956 grpc_transport.cc:1743] [MEGASCALE_TRANSPORT_INSTR] SendRpc: key=psum.7_0_1_ag_0_sr_37_38|s100003->200003d|$c0$l706382482^i0 size=8388608 queue_latency_us=0 attempt=0
I0909 09:24:02.001909    2060 grpc_transport.cc:1414] [MEGASCALE_TRANSPORT_INSTR] Recv: key=psum.7_0_sr_61_62|s200005->100005d|$c0$l706382482^i0 size=0 is_single_chunk=true is_aligned=true memcpy_needed=false
I0909 09:24:02.013298    1383 grpc_transport.cc:1743] [MEGASCALE_TRANSPORT_INSTR] SendRpc: key=psum.7_0_1_ag_0_sr_7_8|s100001->200001d|$c0$l706382482^i0 size=8388608 queue_latency_us=0 attempt=0
I0909 09:24:02.023516    1907 grpc_transport.cc:1743] [MEGASCALE_TRANSPORT_INSTR] SendRpc: key=psum.7_0_1_ag_0_sr_44_45|s100005->200005d|$c0$l706382482^i0 size=8388608 queue_latency_us=0 attempt=0
I0909 09:24:02.027170    1380 grpc_transport.cc:1414] [MEGASCALE_TRANSPORT_INSTR] Recv: key=psum.7_0_1_ag_0_sr_87_88|s200006->100006d|$c0$l706382482^i0 size=0 is_single_chunk=true is_aligned=true memcpy_needed=false
I0909 09:24:02.032221    1416 grpc_transport.cc:1743] [MEGASCALE_TRANSPORT_INSTR] SendRpc: key=psum.7_0_1_ag_0_sr_16_17|s100007->200007d|$c0$l706382482^i0 size=8388608 queue_latency_us=0 attempt=0
I0909 09:24:02.046799    2060 grpc_transport.cc:1414] [MEGASCALE_TRANSPORT_INSTR] Recv: key=psum.7_0_1_ag_0_sr_113_114|s200001->100001d|$c0$l706382482^i0 size=0 is_single_chunk=true is_aligned=true memcpy_needed=false
I0909 09:24:02.063913    1377 grpc_transport.cc:1414] [MEGASCALE_TRANSPORT_INSTR] Recv: key=psum.7_0_1_ag_0_sr_107_108|s200000->100000d|$c0$l706382482^i0 size=0 is_single_chunk=true is_aligned=true memcpy_needed=false
I0909 09:24:02.081573    1373 grpc_transport.cc:1414] [MEGASCALE_TRANSPORT_INSTR] Recv: key=psum.7_0_1_ag_0_sr_122_123|s200007->100007d|$c0$l706382482^i0 size=0 is_single_chunk=true is_aligned=true memcpy_needed=false
I0909 09:24:02.098410    1386 grpc_transport.cc:1414] [MEGASCALE_TRANSPORT_INSTR] Recv: key=psum.7_0_1_ag_0_sr_126_127|s200000->100000d|$c0$l706382482^i0 size=0 is_single_chunk=true is_aligned=true memcpy_needed=false
I0909 09:24:02.116178    1580 grpc_transport.cc:1743] [MEGASCALE_TRANSPORT_INSTR] SendRpc: key=psum.7_0_sr_64_65|s100001->200001d|$c0$l706382483^i0 size=8388608 queue_latency_us=0 attempt=0
I0909 09:24:02.119551     804 grpc_transport.cc:1743] [MEGASCALE_TRANSPORT_INSTR] SendRpc: key=psum.7_0_sr_90_91|s100002->200002d|$c0$l706382483^i0 size=8388608 queue_latency_us=0 attempt=0
I0909 09:24:02.122965    1430 grpc_transport.cc:1743] [MEGASCALE_TRANSPORT_INSTR] SendRpc: key=psum.7_0_sr_122_123|s100007->200007d|$c0$l706382483^i0 size=8388608 queue_latency_us=0 attempt=0
I0909 09:24:02.126269     796 grpc_transport.cc:1743] [MEGASCALE_TRANSPORT_INSTR] SendRpc: key=psum.7_0_sr_95_96|s100001->200001d|$c0$l706382483^i0 size=8388608 queue_latency_us=0 attempt=0
I0909 09:24:02.129990    1933 grpc_transport.cc:1743] [MEGASCALE_TRANSPORT_INSTR] SendRpc: key=psum.7_0_sr_121_122|s100004->200004d|$c0$l706382483^i0 size=8388608 queue_latency_us=0 attempt=0
I0909 09:24:02.193248    2060 grpc_transport.cc:1414] [MEGASCALE_TRANSPORT_INSTR] Recv: key=psum.7_0_sr_16_17|s200005->100005d|$c0$l706382483^i0 size=0 is_single_chunk=true is_aligned=true memcpy_needed=false
I0909 09:24:02.216816    2060 grpc_transport.cc:1414] [MEGASCALE_TRANSPORT_INSTR] Recv: key=psum.7_0_sr_39_40|s200005->100005d|$c0$l706382483^i0 size=0 is_single_chunk=true is_aligned=true memcpy_needed=false
I0909 09:24:02.235149    2060 grpc_transport.cc:1414] [MEGASCALE_TRANSPORT_INSTR] Recv: key=psum.7_0_sr_55_56|s200000->100000d|$c0$l706382483^i0 size=0 is_single_chunk=true is_aligned=true memcpy_needed=false
I0909 09:24:02.246624    2060 grpc_transport.cc:1743] [MEGASCALE_TRANSPORT_INSTR] SendRpc: key=psum.7_0_1_ag_0_sr_25_26|s100005->200005d|$c0$l706382483^i0 size=8388608 queue_latency_us=0 attempt=0
I0909 09:24:02.255800    2060 grpc_transport.cc:1414] [MEGASCALE_TRANSPORT_INSTR] Recv: key=psum.7_0_sr_31_32|s200004->100004d|$c0$l706382483^i0 size=0 is_single_chunk=true is_aligned=true memcpy_needed=false
I0909 09:24:02.259655    2060 grpc_transport.cc:1743] [MEGASCALE_TRANSPORT_INSTR] SendRpc: key=psum.7_0_1_ag_0_sr_11_12|s100001->200001d|$c0$l706382483^i0 size=8388608 queue_latency_us=0 attempt=0
I0909 09:24:02.268043    1724 grpc_transport.cc:1743] [MEGASCALE_TRANSPORT_INSTR] SendRpc: key=psum.7_0_1_ag_0_sr_49_50|s100002->200002d|$c0$l706382483^i0 size=8388608 queue_latency_us=0 attempt=0
I0909 09:24:02.277825    1383 grpc_transport.cc:1414] [MEGASCALE_TRANSPORT_INSTR] Recv: key=psum.7_0_1_ag_0_sr_70_71|s200004->100004d|$c0$l706382483^i0 size=0 is_single_chunk=true is_aligned=true memcpy_needed=false
I0909 09:24:02.283232    1722 grpc_transport.cc:1743] [MEGASCALE_TRANSPORT_INSTR] SendRpc: key=psum.7_0_1_ag_0_sr_24_25|s100003->200003d|$c0$l706382483^i0 size=8388608 queue_latency_us=0 attempt=0
I0909 09:24:02.293094    1393 grpc_transport.cc:1743] [MEGASCALE_TRANSPORT_INSTR] SendRpc: key=psum.7_0_1_ag_0_sr_55_56|s100004->200004d|$c0$l706382483^i0 size=8388608 queue_latency_us=0 attempt=0
I0909 09:24:02.296452    1724 grpc_transport.cc:1414] [MEGASCALE_TRANSPORT_INSTR] Recv: key=psum.7_0_sr_43_44|s200007->100007d|$c0$l706382483^i0 size=0 is_single_chunk=true is_aligned=true memcpy_needed=false
I0909 09:24:02.313689    1724 grpc_transport.cc:1414] [MEGASCALE_TRANSPORT_INSTR] Recv: key=psum.7_0_1_ag_0_sr_125_126|s200007->100007d|$c0$l706382483^i0 size=0 is_single_chunk=true is_aligned=true memcpy_needed=false
I0909 09:24:02.330121    1377 grpc_transport.cc:1414] [MEGASCALE_TRANSPORT_INSTR] Recv: key=psum.7_0_1_ag_0_sr_89_90|s200005->100005d|$c0$l706382483^i0 size=0 is_single_chunk=true is_aligned=true memcpy_needed=false
I0909 09:24:02.347375    1733 grpc_transport.cc:1414] [MEGASCALE_TRANSPORT_INSTR] Recv: key=psum.7_0_1_ag_0_sr_124_125|s200002->100002d|$c0$l706382483^i0 size=0 is_single_chunk=true is_aligned=true memcpy_needed=false
I0909 09:24:02.364539    1722 grpc_transport.cc:1414] [MEGASCALE_TRANSPORT_INSTR] Recv: key=psum.7_0_1_ag_0_sr_90_91|s200003->100003d|$c0$l706382483^i0 size=0 is_single_chunk=true is_aligned=true memcpy_needed=false
I0909 09:24:02.385838    1373 grpc_transport.cc:1743] [MEGASCALE_TRANSPORT_INSTR] SendRpc: key=psum.7_0_sr_74_75|s100007->200007d|$c0$l706382484^i0 size=8388608 queue_latency_us=0 attempt=0
I0909 09:24:02.389276    1422 grpc_transport.cc:1743] [MEGASCALE_TRANSPORT_INSTR] SendRpc: key=psum.7_0_sr_65_66|s100002->200002d|$c0$l706382484^i0 size=8388608 queue_latency_us=0 attempt=0
I0909 09:24:02.392478    2063 grpc_transport.cc:1743] [MEGASCALE_TRANSPORT_INSTR] SendRpc: key=psum.7_0_sr_82_83|s100001->200001d|$c0$l706382484^i0 size=8388608 queue_latency_us=0 attempt=0
I0909 09:24:02.395769    1960 grpc_transport.cc:1743] [MEGASCALE_TRANSPORT_INSTR] SendRpc: key=psum.7_0_sr_98_99|s100006->200006d|$c0$l706382484^i0 size=8388608 queue_latency_us=0 attempt=0
I0909 09:24:02.399640    2075 grpc_transport.cc:1743] [MEGASCALE_TRANSPORT_INSTR] SendRpc: key=psum.7_0_sr_103_104|s100005->200005d|$c0$l706382484^i0 size=8388608 queue_latency_us=0 attempt=0
I0909 09:24:02.411747    1724 grpc_transport.cc:1414] [MEGASCALE_TRANSPORT_INSTR] Recv: key=psum.7_0_sr_24_25|s200003->100003d|$c0$l706382484^i0 size=0 is_single_chunk=true is_aligned=true memcpy_needed=false
I0909 09:24:02.431401    1374 grpc_transport.cc:1414] [MEGASCALE_TRANSPORT_INSTR] Recv: key=psum.7_0_sr_3_4|s200006->100006d|$c0$l706382484^i0 size=0 is_single_chunk=true is_aligned=true memcpy_needed=false
I0909 09:24:02.451540    1377 grpc_transport.cc:1414] [MEGASCALE_TRANSPORT_INSTR] Recv: key=psum.7_0_sr_51_52|s200001->100001d|$c0$l706382484^i0 size=0 is_single_chunk=true is_aligned=true memcpy_needed=false
I0909 09:24:02.469194    2060 grpc_transport.cc:1414] [MEGASCALE_TRANSPORT_INSTR] Recv: key=psum.7_0_sr_39_40|s200004->100004d|$c0$l706382484^i0 size=0 is_single_chunk=true is_aligned=true memcpy_needed=false
I0909 09:24:02.478340    1386 grpc_transport.cc:1743] [MEGASCALE_TRANSPORT_INSTR] SendRpc: key=psum.7_0_1_ag_0_sr_18_19|s100001->200001d|$c0$l706382484^i0 size=8388608 queue_latency_us=0 attempt=0
I0909 09:24:02.488246    2060 grpc_transport.cc:1414] [MEGASCALE_TRANSPORT_INSTR] Recv: key=psum.7_0_sr_59_60|s200000->100000d|$c0$l706382484^i0 size=0 is_single_chunk=true is_aligned=true memcpy_needed=false
I0909 09:24:02.493383    2060 grpc_transport.cc:1743] [MEGASCALE_TRANSPORT_INSTR] SendRpc: key=psum.7_0_1_ag_0_sr_52_53|s100005->200005d|$c0$l706382484^i0 size=8388608 queue_latency_us=0 attempt=0
I0909 09:24:02.499170    1730 grpc_transport.cc:1743] [MEGASCALE_TRANSPORT_INSTR] SendRpc: key=psum.7_0_1_ag_0_sr_50_51|s100003->200003d|$c0$l706382484^i0 size=8388608 queue_latency_us=1 attempt=0
I0909 09:24:02.510811    2062 grpc_transport.cc:1743] [MEGASCALE_TRANSPORT_INSTR] SendRpc: key=psum.7_0_1_ag_0_sr_43_44|s100000->200000d|$c0$l706382484^i0 size=8388608 queue_latency_us=0 attempt=0
I0909 09:24:02.520024    1380 grpc_transport.cc:1743] [MEGASCALE_TRANSPORT_INSTR] SendRpc: key=psum.7_0_1_ag_0_sr_31_32|s100002->200002d|$c0$l706382484^i0 size=8388608 queue_latency_us=0 attempt=0
I0909 09:24:02.527287    1733 grpc_transport.cc:1414] [MEGASCALE_TRANSPORT_INSTR] Recv: key=psum.7_0_1_ag_0_sr_95_96|s200007->100007d|$c0$l706382484^i0 size=0 is_single_chunk=true is_aligned=true memcpy_needed=false
I0909 09:24:02.549192    1374 grpc_transport.cc:1414] [MEGASCALE_TRANSPORT_INSTR] Recv: key=psum.7_0_1_ag_0_sr_81_82|s200003->100003d|$c0$l706382484^i0 size=0 is_single_chunk=true is_aligned=true memcpy_needed=false
I0909 09:24:02.569205    2060 grpc_transport.cc:1414] [MEGASCALE_TRANSPORT_INSTR] Recv: key=psum.7_0_1_ag_0_sr_64_65|s200001->100001d|$c0$l706382484^i0 size=0 is_single_chunk=true is_aligned=true memcpy_needed=false
I0909 09:24:02.587752    2060 grpc_transport.cc:1414] [MEGASCALE_TRANSPORT_INSTR] Recv: key=psum.7_0_1_ag_0_sr_113_114|s200001->100001d|$c0$l706382484^i0 size=0 is_single_chunk=true is_aligned=true memcpy_needed=false
I0909 09:24:02.605234    1722 grpc_transport.cc:1414] [MEGASCALE_TRANSPORT_INSTR] Recv: key=psum.7_0_1_ag_0_sr_91_92|s200002->100002d|$c0$l706382484^i0 size=0 is_single_chunk=true is_aligned=true memcpy_needed=false
I0909 09:24:02.624311    1722 grpc_transport.cc:1743] [MEGASCALE_TRANSPORT_INSTR] SendRpc: key=all-reduce_0_ag_0_sr_0_1|s100006->200006d|$c0$l-493875049^i0 size=512 queue_latency_us=0 attempt=0
I0909 09:24:02.657099      44 megascale_context.cc:439] Destroying MegaScale PjrtExecutableContext: jit_op
MANUAL_AR_RESULT {"batch": 10, "benchmark": "manual_ar", "host_gbps_best": 262.24262949666326, "host_gbps_median": 259.9160361421537, "matrix_dim": 32768, "network_delta": {"cilium_host": {"rx_bytes": 0, "tx_bytes": 0}, "cilium_net": {"rx_bytes": 0, "tx_bytes": 0}, "docker0": {"rx_bytes": 0, "tx_bytes": 0}, "eth0": {"rx_bytes": 705193, "tx_bytes": 14185013}, "eth1": {"rx_bytes": 692402639610, "tx_bytes": 666017181670}, "eth2": {"rx_bytes": 693201538002, "tx_bytes": 714959754415}, "lo": {"rx_bytes": 4262124, "tx_bytes": 4262124}, "lxc1005429a54eb": {"rx_bytes": 567, "tx_bytes": 20123}, "lxc1dfebc52c3c2": {"rx_bytes": 13307, "tx_bytes": 53671}, "lxc3ec5f1141ade": {"rx_bytes": 1086681, "tx_bytes": 337494}, "lxc89e2621594eb": {"rx_bytes": 27114, "tx_bytes": 3614}, "lxc998fc01e160c": {"rx_bytes": 11912, "tx_bytes": 2148}}, "participants_per_slice": 8, "reps": 10, "shard_bytes_per_device": 1073741824.0, "time_ms_all": [262.7110275090672, 263.33560899365693, 263.2731090998277, 277.33237309148535, 267.92943249456584, 274.38431130722165, 265.89472179766744, 264.276370301377, 264.50575300259516, 262.0454075979069], "time_ms_best": 262.0454075979069, "time_ms_median": 264.3910616519861, "variant": "psum", "warmups": 60}
W0909 09:24:02.687282    2082 tpu_spmd_partitioner.cc:460] Collective matmul V1 is enabled. Please consider migrating to V2 since V1 will be deprecated soon. You can enable V2 by setting xla_tpu_all_gather_collective_matmul_mode=post_spmd and xla_tpu_reduce_scatter_collective_matmul_mode=post_spmd.
I0909 09:24:02.696380      44 deepsea_compiler_hlo_passes.cc:6406] xla_tpu_impure_hlo_parallel_compile is DISABLED. jit_op
I0909 09:24:02.698706      44 latency_hiding_scheduler.cc:4420] [latency-hiding-scheduler] LatencyHidingScheduler current memory usage: 1073750080 bytes. Current limit: 95564404531
I0909 09:24:02.699078      44 tpu_plumb_vmem_info.cc:677] scavenging_mode: 3 for module: jit_op
I0909 09:24:02.720700      44 deepsea_compiler_hlo_passes.cc:6735] HLO_PASSES stage duration: 34.1933585ms
I0909 09:24:02.721755     987 tpu_chip_config.cc:367] Resolved chip config alias default->megachip for 6acc60406, 
I0909 09:24:02.721950     987 tpu_chip_config.cc:367] Resolved chip config alias default->megachip for 6acc60406, 
I0909 09:24:02.722131     987 memory_space_assignment_util.cc:577] MSA Vmem breakdown: default scoped vmem (from flag): 33554432; does_msa_directly_allocate_scoped_vmem: T; bytes_for_msa_to_allocate: 67043328
I0909 09:24:02.838925    2086 deepsea_compiler_base.cc:4279] BACKEND_PASSES stage duration: 117.75859475ms
I0909 09:24:02.847522    2086 deepsea_compiler_backend.cc:1480] CODE_GENERATION stage duration: 8.5215565ms
I0909 09:24:02.847898    2086 isa_program_util_common.cc:373] (HLO module jit_op): Executable fingerprint:33a5a6d6f7cea468562f68254b4eb2b89053eb34e2e10125a401ef1c264018f8
I0909 09:24:02.847901    2086 isa_program_util_common.cc:377] (HLO module jit_op): Executable fingerprint (including data segments):63de7ca22133830a9ecf7d1576f6e0dc97cbc6a522ec2bae425e60708fe1b2d0
I0909 09:24:02.847902    2086 isa_program_util_common.cc:380] (HLO module jit_op): Host transfer fingerprint:c37db3d47c19d90e6b870bb79741e56a58ee0112318c32550eac3926e65c0ec8
I0909 09:24:02.848085      44 deepsea_compiler_base.cc:1055] END_TO_END stage duration: 164.33221925ms
I0909 09:24:02.848100      44 deepsea_compiler_base.cc:1056] Note that END_TO_END duration also includes time outside of HLO_PASSES, BACKEND_PASSES, and CODE_GENERATION
I0909 09:24:02.848795      44 megascale_context.cc:517] MegaScale DCNTopology fingerprint for: jit_op : 1688352644216761960 DevicesHash: 8081921339993277715 Topology: go/debugstr  
I0909 09:24:02.849182      44 host_command_scheduler_factory.cc:1312] Created a HostCommandScheduler with 18 rules for module jit_op HostTransfers Fingerprint: 158907515329715665.
I0909 09:24:02.849230      44 megascale_context.cc:686] MegaScale ExecutableContext created for module: jit_op with DCN topology: go/debugstr   
I0909 09:24:02.881277    1900 grpc_transport.cc:1743] [MEGASCALE_TRANSPORT_INSTR] SendRpc: key=ppermute.3_0|s100000->200000d|$c11$l-1877411380^i0 size=67108864 queue_latency_us=0 attempt=0
W0909 09:24:02.886463    1719 block_allocator.cc:240] Allocator almost full. Allocator Stats. Total: 17179869184 Free: 4261871616 Peak: 0
Outstanding :: 32768: 0 65536: 0 16384: 0 1024: 0 8192: 0 9437184: 0 8388608: 0 67108864: 64 68157440: 12 
Free :: 68157440: 0 8192: 8 1024: 16 16384: 7 65536: 4 9437184: 178 8388608: 722 32768: 4 67108864: 0 
I0909 09:24:02.912428    1722 grpc_transport.cc:1414] [MEGASCALE_TRANSPORT_INSTR] Recv: key=ppermute.3_0|s200003->100003d|$c7$l-1877411380^i0 size=0 is_single_chunk=true is_aligned=true memcpy_needed=false
I0909 09:24:03.045425    1957 grpc_transport.cc:1414] [MEGASCALE_TRANSPORT_INSTR] Recv: key=ppermute.3_0|s200002->100002d|$c13$l-1877411380^i0 size=0 is_single_chunk=true is_aligned=true memcpy_needed=false
I0909 09:24:03.086364    1900 grpc_transport.cc:1743] [MEGASCALE_TRANSPORT_INSTR] SendRpc: key=ppermute.3_0|s100001->200001d|$c15$l-1877411379^i0 size=67108864 queue_latency_us=0 attempt=0
I0909 09:24:03.304735    1374 grpc_transport.cc:1414] [MEGASCALE_TRANSPORT_INSTR] Recv: key=ppermute.3_0|s200003->100003d|$c12$l-1877411379^i0 size=0 is_single_chunk=true is_aligned=true memcpy_needed=false
I0909 09:24:03.387587    2060 grpc_transport.cc:1743] [MEGASCALE_TRANSPORT_INSTR] SendRpc: key=ppermute.3_0|s100000->200000d|$c8$l-1877411378^i0 size=67108864 queue_latency_us=0 attempt=0
I0909 09:24:03.518788    1374 grpc_transport.cc:1414] [MEGASCALE_TRANSPORT_INSTR] Recv: key=ppermute.3_0|s200007->100007d|$c0$l-1877411378^i0 size=0 is_single_chunk=true is_aligned=true memcpy_needed=false
I0909 09:24:03.625269    2060 grpc_transport.cc:1743] [MEGASCALE_TRANSPORT_INSTR] SendRpc: key=ppermute.3_0|s100004->200004d|$c1$l-1877411377^i0 size=67108864 queue_latency_us=0 attempt=0
I0909 09:24:03.656384    1900 grpc_transport.cc:1743] [MEGASCALE_TRANSPORT_INSTR] SendRpc: key=ppermute.3_0|s100000->200000d|$c9$l-1877411377^i0 size=67108864 queue_latency_us=0 attempt=0
I0909 09:24:03.691481    1386 grpc_transport.cc:1414] [MEGASCALE_TRANSPORT_INSTR] Recv: key=ppermute.3_0|s200004->100004d|$c10$l-1877411377^i0 size=0 is_single_chunk=true is_aligned=true memcpy_needed=false
I0909 09:24:03.861052    1722 grpc_transport.cc:1743] [MEGASCALE_TRANSPORT_INSTR] SendRpc: key=ppermute.3_0|s100003->200003d|$c3$l-1877411376^i0 size=67108864 queue_latency_us=0 attempt=0
I0909 09:24:03.935982    1374 grpc_transport.cc:1414] [MEGASCALE_TRANSPORT_INSTR] Recv: key=ppermute.3_0|s200006->100006d|$c0$l-1877411376^i0 size=0 is_single_chunk=true is_aligned=true memcpy_needed=false
I0909 09:24:04.078690    1733 grpc_transport.cc:1414] [MEGASCALE_TRANSPORT_INSTR] Recv: key=ppermute.3_0|s200003->100003d|$c9$l-1877411376^i0 size=0 is_single_chunk=true is_aligned=true memcpy_needed=false
I0909 09:24:04.145808    2060 grpc_transport.cc:1743] [MEGASCALE_TRANSPORT_INSTR] SendRpc: key=ppermute.3_0|s100004->200004d|$c12$l-1877411375^i0 size=67108864 queue_latency_us=0 attempt=0
I0909 09:24:04.317831    1374 grpc_transport.cc:1414] [MEGASCALE_TRANSPORT_INSTR] Recv: key=ppermute.3_0|s200003->100003d|$c12$l-1877411375^i0 size=0 is_single_chunk=true is_aligned=true memcpy_needed=false
I0909 09:24:04.397483    2060 grpc_transport.cc:1743] [MEGASCALE_TRANSPORT_INSTR] SendRpc: key=ppermute.3_0|s100004->200004d|$c5$l-1877411374^i0 size=67108864 queue_latency_us=0 attempt=0
I0909 09:24:04.428228    2060 grpc_transport.cc:1743] [MEGASCALE_TRANSPORT_INSTR] SendRpc: key=ppermute.3_0|s100005->200005d|$c13$l-1877411374^i0 size=67108864 queue_latency_us=0 attempt=0
I0909 09:24:04.480080    2060 grpc_transport.cc:1414] [MEGASCALE_TRANSPORT_INSTR] Recv: key=ppermute.3_0|s200001->100001d|$c1$l-1877411374^i0 size=0 is_single_chunk=true is_aligned=true memcpy_needed=false
I0909 09:24:04.627862    1374 grpc_transport.cc:1743] [MEGASCALE_TRANSPORT_INSTR] SendRpc: key=ppermute.3_0|s100007->200007d|$c7$l-1877411373^i0 size=67108864 queue_latency_us=0 attempt=0
I0909 09:24:04.780146    1377 grpc_transport.cc:1414] [MEGASCALE_TRANSPORT_INSTR] Recv: key=ppermute.3_0|s200001->100001d|$c1$l-1877411373^i0 size=0 is_single_chunk=true is_aligned=true memcpy_needed=false
I0909 09:24:04.924086    1733 grpc_transport.cc:1414] [MEGASCALE_TRANSPORT_INSTR] Recv: key=ppermute.3_0|s200007->100007d|$c13$l-1877411373^i0 size=0 is_single_chunk=true is_aligned=true memcpy_needed=false
I0909 09:24:04.957335    1900 grpc_transport.cc:1743] [MEGASCALE_TRANSPORT_INSTR] SendRpc: key=ppermute.3_0|s100005->200005d|$c0$l-1877411372^i0 size=67108864 queue_latency_us=0 attempt=0
I0909 09:24:05.130495    1374 grpc_transport.cc:1414] [MEGASCALE_TRANSPORT_INSTR] Recv: key=ppermute.3_0|s200002->100002d|$c9$l-1877411372^i0 size=0 is_single_chunk=true is_aligned=true memcpy_needed=false
I0909 09:24:05.199682    1374 grpc_transport.cc:1743] [MEGASCALE_TRANSPORT_INSTR] SendRpc: key=ppermute.3_0|s100003->200003d|$c9$l-1877411371^i0 size=67108864 queue_latency_us=0 attempt=0
I0909 09:24:05.375853    1900 grpc_transport.cc:1414] [MEGASCALE_TRANSPORT_INSTR] Recv: key=ppermute.3_0|s200000->100000d|$c5$l-1877411371^i0 size=0 is_single_chunk=true is_aligned=true memcpy_needed=false
I0909 09:24:05.498971    1377 grpc_transport.cc:1743] [MEGASCALE_TRANSPORT_INSTR] SendRpc: key=ppermute.3_0|s100000->200000d|$c2$l-1877411370^i0 size=67108864 queue_latency_us=0 attempt=0
I0909 09:24:05.531241    1724 grpc_transport.cc:1743] [MEGASCALE_TRANSPORT_INSTR] SendRpc: key=ppermute.3_0|s100003->200003d|$c11$l-1877411370^i0 size=67108864 queue_latency_us=0 attempt=0
I0909 09:24:05.539268    1900 grpc_transport.cc:1414] [MEGASCALE_TRANSPORT_INSTR] Recv: key=ppermute.3_0|s200005->100005d|$c10$l-1877411370^i0 size=0 is_single_chunk=true is_aligned=true memcpy_needed=false
I0909 09:24:05.691347    1722 grpc_transport.cc:1743] [MEGASCALE_TRANSPORT_INSTR] SendRpc: key=ppermute.3_0|s100006->200006d|$c15$l-1877411369^i0 size=67108864 queue_latency_us=0 attempt=0
I0909 09:24:05.770449    1724 grpc_transport.cc:1414] [MEGASCALE_TRANSPORT_INSTR] Recv: key=ppermute.3_0|s200006->100006d|$c2$l-1877411369^i0 size=0 is_single_chunk=true is_aligned=true memcpy_needed=false
I0909 09:24:05.921583    1900 grpc_transport.cc:1414] [MEGASCALE_TRANSPORT_INSTR] Recv: key=ppermute.3_0|s200000->100000d|$c13$l-1877411369^i0 size=0 is_single_chunk=true is_aligned=true memcpy_needed=false
I0909 09:24:05.998648    1374 grpc_transport.cc:1743] [MEGASCALE_TRANSPORT_INSTR] SendRpc: key=ppermute.3_0|s100003->200003d|$c13$l-1877411368^i0 size=67108864 queue_latency_us=0 attempt=0
I0909 09:24:06.076337    1377 grpc_transport.cc:1414] [MEGASCALE_TRANSPORT_INSTR] Recv: key=ppermute.3_0|s200005->100005d|$c13$l-1877411368^i0 size=0 is_single_chunk=true is_aligned=true memcpy_needed=false
I0909 09:24:06.163474    1722 grpc_transport.cc:1743] [MEGASCALE_TRANSPORT_INSTR] SendRpc: key=ppermute.3_0|s100003->200003d|$c6$l-1877411367^i0 size=67108864 queue_latency_us=0 attempt=0
I0909 09:24:06.193210    1374 grpc_transport.cc:1743] [MEGASCALE_TRANSPORT_INSTR] SendRpc: key=ppermute.3_0|s100002->200002d|$c15$l-1877411367^i0 size=67108864 queue_latency_us=0 attempt=0
I0909 09:24:06.314203    1957 grpc_transport.cc:1414] [MEGASCALE_TRANSPORT_INSTR] Recv: key=ppermute.3_0|s200003->100003d|$c1$l-1877411367^i0 size=0 is_single_chunk=true is_aligned=true memcpy_needed=false
I0909 09:24:06.447353    1733 grpc_transport.cc:1743] [MEGASCALE_TRANSPORT_INSTR] SendRpc: key=ppermute.3_0|s100002->200002d|$c8$l-1877411366^i0 size=67108864 queue_latency_us=0 attempt=0
I0909 09:24:06.478376    1900 grpc_transport.cc:1414] [MEGASCALE_TRANSPORT_INSTR] Recv: key=ppermute.3_0|s200001->100001d|$c7$l-1877411366^i0 size=0 is_single_chunk=true is_aligned=true memcpy_needed=false
I0909 09:24:06.617347    1722 grpc_transport.cc:1414] [MEGASCALE_TRANSPORT_INSTR] Recv: key=ppermute.3_0|s200007->100007d|$c12$l-1877411366^i0 size=0 is_single_chunk=true is_aligned=true memcpy_needed=false
I0909 09:24:06.648266    1733 grpc_transport.cc:1743] [MEGASCALE_TRANSPORT_INSTR] SendRpc: key=ppermute.3_0|s100007->200007d|$c1$l-1877411365^i0 size=67108864 queue_latency_us=0 attempt=0
I0909 09:24:06.834298    1724 grpc_transport.cc:1414] [MEGASCALE_TRANSPORT_INSTR] Recv: key=ppermute.3_0|s200006->100006d|$c9$l-1877411365^i0 size=0 is_single_chunk=true is_aligned=true memcpy_needed=false
I0909 09:24:06.896245    2060 grpc_transport.cc:1743] [MEGASCALE_TRANSPORT_INSTR] SendRpc: key=ppermute.3_0|s100004->200004d|$c10$l-1877411364^i0 size=67108864 queue_latency_us=0 attempt=0
I0909 09:24:07.039102    1957 grpc_transport.cc:1414] [MEGASCALE_TRANSPORT_INSTR] Recv: key=ppermute.3_0|s200006->100006d|$c14$l-1877411364^i0 size=0 is_single_chunk=true is_aligned=true memcpy_needed=false
I0909 09:24:07.135738    2060 grpc_transport.cc:1743] [MEGASCALE_TRANSPORT_INSTR] SendRpc: key=ppermute.3_0|s100004->200004d|$c3$l-1877411363^i0 size=67108864 queue_latency_us=0 attempt=0
I0909 09:24:07.166864    2060 grpc_transport.cc:1743] [MEGASCALE_TRANSPORT_INSTR] SendRpc: key=ppermute.3_0|s100001->200001d|$c11$l-1877411363^i0 size=67108864 queue_latency_us=0 attempt=0
I0909 09:24:07.211966    1957 grpc_transport.cc:1414] [MEGASCALE_TRANSPORT_INSTR] Recv: key=ppermute.3_0|s200002->100002d|$c11$l-1877411363^i0 size=0 is_single_chunk=true is_aligned=true memcpy_needed=false
I0909 09:24:07.371381    2060 grpc_transport.cc:1743] [MEGASCALE_TRANSPORT_INSTR] SendRpc: key=ppermute.3_0|s100001->200001d|$c5$l-1877411362^i0 size=67108864 queue_latency_us=0 attempt=0
I0909 09:24:07.479582    1374 grpc_transport.cc:1414] [MEGASCALE_TRANSPORT_INSTR] Recv: key=ppermute.3_0|s200002->100002d|$c2$l-1877411362^i0 size=0 is_single_chunk=true is_aligned=true memcpy_needed=false
I0909 09:24:07.626194    2060 grpc_transport.cc:1414] [MEGASCALE_TRANSPORT_INSTR] Recv: key=ppermute.3_0|s200005->100005d|$c15$l-1877411362^i0 size=0 is_single_chunk=true is_aligned=true memcpy_needed=false
I0909 09:24:07.693159    1374 grpc_transport.cc:1743] [MEGASCALE_TRANSPORT_INSTR] SendRpc: key=ppermute.3_0|s100007->200007d|$c14$l-1877411361^i0 size=67108864 queue_latency_us=0 attempt=0
I0909 09:24:07.789026    1957 grpc_transport.cc:1414] [MEGASCALE_TRANSPORT_INSTR] Recv: key=ppermute.3_0|s200007->100007d|$c4$l-1877411361^i0 size=0 is_single_chunk=true is_aligned=true memcpy_needed=false
I0909 09:24:07.872744    1374 grpc_transport.cc:1743] [MEGASCALE_TRANSPORT_INSTR] SendRpc: key=ppermute.3_0|s100006->200006d|$c7$l-1877411360^i0 size=67108864 queue_latency_us=0 attempt=0
I0909 09:24:08.023113    2060 grpc_transport.cc:1414] [MEGASCALE_TRANSPORT_INSTR] Recv: key=ppermute.3_0|s200005->100005d|$c15$l-1877411360^i0 size=0 is_single_chunk=true is_aligned=true memcpy_needed=false
I0909 09:24:08.162278    2060 grpc_transport.cc:1743] [MEGASCALE_TRANSPORT_INSTR] SendRpc: key=ppermute.3_0|s100004->200004d|$c0$l-1877411359^i0 size=67108864 queue_latency_us=0 attempt=0
I0909 09:24:08.193745    1724 grpc_transport.cc:1743] [MEGASCALE_TRANSPORT_INSTR] SendRpc: key=ppermute.3_0|s100006->200006d|$c15$l-1877411359^i0 size=67108864 queue_latency_us=0 attempt=0
I0909 09:24:08.208691    1724 grpc_transport.cc:1414] [MEGASCALE_TRANSPORT_INSTR] Recv: key=ppermute.3_0|s200002->100002d|$c5$l-1877411359^i0 size=0 is_single_chunk=true is_aligned=true memcpy_needed=false
I0909 09:24:08.395371    1724 grpc_transport.cc:1743] [MEGASCALE_TRANSPORT_INSTR] SendRpc: key=ppermute.3_0|s100006->200006d|$c2$l-1877411358^i0 size=67108864 queue_latency_us=0 attempt=0
I0909 09:24:08.528877    1722 grpc_transport.cc:1414] [MEGASCALE_TRANSPORT_INSTR] Recv: key=ppermute.3_0|s200003->100003d|$c1$l-1877411358^i0 size=0 is_single_chunk=true is_aligned=true memcpy_needed=false
I0909 09:24:08.670572    2060 grpc_transport.cc:1414] [MEGASCALE_TRANSPORT_INSTR] Recv: key=ppermute.3_0|s200005->100005d|$c11$l-1877411358^i0 size=0 is_single_chunk=true is_aligned=true memcpy_needed=false
I0909 09:24:08.756478    1724 grpc_transport.cc:1743] [MEGASCALE_TRANSPORT_INSTR] SendRpc: key=ppermute.3_0|s100007->200007d|$c10$l-1877411357^i0 size=67108864 queue_latency_us=1 attempt=0
I0909 09:24:08.830964    1957 grpc_transport.cc:1414] [MEGASCALE_TRANSPORT_INSTR] Recv: key=ppermute.3_0|s200003->100003d|$c6$l-1877411357^i0 size=0 is_single_chunk=true is_aligned=true memcpy_needed=false
I0909 09:24:08.917929    1377 grpc_transport.cc:1743] [MEGASCALE_TRANSPORT_INSTR] SendRpc: key=ppermute.3_0|s100000->200000d|$c4$l-1877411356^i0 size=67108864 queue_latency_us=0 attempt=0
I0909 09:24:08.947684    1374 grpc_transport.cc:1743] [MEGASCALE_TRANSPORT_INSTR] SendRpc: key=ppermute.3_0|s100006->200006d|$c13$l-1877411356^i0 size=67108864 queue_latency_us=0 attempt=0
I0909 09:24:09.083728    2060 grpc_transport.cc:1414] [MEGASCALE_TRANSPORT_INSTR] Recv: key=ppermute.3_0|s200004->100004d|$c12$l-1877411356^i0 size=0 is_single_chunk=true is_aligned=true memcpy_needed=false
I0909 09:24:09.229269    2060 grpc_transport.cc:1743] [MEGASCALE_TRANSPORT_INSTR] SendRpc: key=ppermute.3_0|s100000->200000d|$c6$l-1877411355^i0 size=67108864 queue_latency_us=0 attempt=0
I0909 09:24:09.307103    1900 grpc_transport.cc:1414] [MEGASCALE_TRANSPORT_INSTR] Recv: key=ppermute.3_0|s200005->100005d|$c5$l-1877411355^i0 size=0 is_single_chunk=true is_aligned=true memcpy_needed=false
I0909 09:24:09.460536    1374 grpc_transport.cc:1414] [MEGASCALE_TRANSPORT_INSTR] Recv: key=ppermute.3_0|s200006->100006d|$c14$l-1877411355^i0 size=0 is_single_chunk=true is_aligned=true memcpy_needed=false
I0909 09:24:09.511247    1724 grpc_transport.cc:1743] [MEGASCALE_TRANSPORT_INSTR] SendRpc: key=ppermute.3_0|s100002->200002d|$c15$l-1877411354^i0 size=67108864 queue_latency_us=0 attempt=0
I0909 09:24:09.649897    1900 grpc_transport.cc:1414] [MEGASCALE_TRANSPORT_INSTR] Recv: key=ppermute.3_0|s200000->100000d|$c9$l-1877411354^i0 size=0 is_single_chunk=true is_aligned=true memcpy_needed=false
I0909 09:24:09.742266    1900 grpc_transport.cc:1743] [MEGASCALE_TRANSPORT_INSTR] SendRpc: key=ppermute.3_0|s100001->200001d|$c8$l-1877411353^i0 size=67108864 queue_latency_us=0 attempt=0
I0909 09:24:09.909759    2060 grpc_transport.cc:1414] [MEGASCALE_TRANSPORT_INSTR] Recv: key=ppermute.3_0|s200001->100001d|$c15$l-1877411353^i0 size=0 is_single_chunk=true is_aligned=true memcpy_needed=false
I0909 09:24:10.003301    1377 grpc_transport.cc:1743] [MEGASCALE_TRANSPORT_INSTR] SendRpc: key=ppermute.3_0|s100000->200000d|$c1$l-1877411352^i0 size=67108864 queue_latency_us=0 attempt=0
I0909 09:24:10.034024    2060 grpc_transport.cc:1743] [MEGASCALE_TRANSPORT_INSTR] SendRpc: key=ppermute.3_0|s100001->200001d|$c9$l-1877411352^i0 size=67108864 queue_latency_us=0 attempt=0
I0909 09:24:10.073604    2060 grpc_transport.cc:1414] [MEGASCALE_TRANSPORT_INSTR] Recv: key=ppermute.3_0|s200001->100001d|$c0$l-1877411352^i0 size=0 is_single_chunk=true is_aligned=true memcpy_needed=false
I0909 09:24:10.236981    1377 grpc_transport.cc:1743] [MEGASCALE_TRANSPORT_INSTR] SendRpc: key=ppermute.3_0|s100004->200004d|$c3$l-1877411351^i0 size=67108864 queue_latency_us=0 attempt=0
I0909 09:24:10.340847    1377 grpc_transport.cc:1414] [MEGASCALE_TRANSPORT_INSTR] Recv: key=ppermute.3_0|s200004->100004d|$c1$l-1877411351^i0 size=0 is_single_chunk=true is_aligned=true memcpy_needed=false
I0909 09:24:10.482955    1374 grpc_transport.cc:1414] [MEGASCALE_TRANSPORT_INSTR] Recv: key=ppermute.3_0|s200003->100003d|$c10$l-1877411351^i0 size=0 is_single_chunk=true is_aligned=true memcpy_needed=false
I0909 09:24:10.536400    2060 grpc_transport.cc:1743] [MEGASCALE_TRANSPORT_INSTR] SendRpc: key=ppermute.3_0|s100004->200004d|$c12$l-1877411350^i0 size=67108864 queue_latency_us=0 attempt=0
I0909 09:24:10.699412    1724 grpc_transport.cc:1414] [MEGASCALE_TRANSPORT_INSTR] Recv: key=ppermute.3_0|s200006->100006d|$c3$l-1877411350^i0 size=0 is_single_chunk=true is_aligned=true memcpy_needed=false
I0909 09:24:10.780074    1377 grpc_transport.cc:1743] [MEGASCALE_TRANSPORT_INSTR] SendRpc: key=ppermute.3_0|s100004->200004d|$c5$l-1877411349^i0 size=67108864 queue_latency_us=0 attempt=0
I0909 09:24:10.809882    1724 grpc_transport.cc:1743] [MEGASCALE_TRANSPORT_INSTR] SendRpc: key=ppermute.3_0|s100006->200006d|$c14$l-1877411349^i0 size=67108864 queue_latency_us=0 attempt=0
I0909 09:24:10.968506    1377 grpc_transport.cc:1414] [MEGASCALE_TRANSPORT_INSTR] Recv: key=ppermute.3_0|s200001->100001d|$c10$l-1877411349^i0 size=0 is_single_chunk=true is_aligned=true memcpy_needed=false
I0909 09:24:11.112861    1374 grpc_transport.cc:1743] [MEGASCALE_TRANSPORT_INSTR] SendRpc: key=ppermute.3_0|s100006->200006d|$c7$l-1877411348^i0 size=67108864 queue_latency_us=0 attempt=0
I0909 09:24:11.152330    1374 grpc_transport.cc:1414] [MEGASCALE_TRANSPORT_INSTR] Recv: key=ppermute.3_0|s200002->100002d|$c2$l-1877411348^i0 size=0 is_single_chunk=true is_aligned=true memcpy_needed=false
I0909 09:24:11.301126    1722 grpc_transport.cc:1414] [MEGASCALE_TRANSPORT_INSTR] Recv: key=ppermute.3_0|s200007->100007d|$c11$l-1877411348^i0 size=0 is_single_chunk=true is_aligned=true memcpy_needed=false
I0909 09:24:11.342652    1900 grpc_transport.cc:1743] [MEGASCALE_TRANSPORT_INSTR] SendRpc: key=ppermute.3_0|s100000->200000d|$c0$l-1877411347^i0 size=67108864 queue_latency_us=0 attempt=0
I0909 09:24:11.558570    1722 grpc_transport.cc:1414] [MEGASCALE_TRANSPORT_INSTR] Recv: key=ppermute.3_0|s200002->100002d|$c10$l-1877411347^i0 size=0 is_single_chunk=true is_aligned=true memcpy_needed=false
I0909 09:24:11.658174    2060 grpc_transport.cc:1743] [MEGASCALE_TRANSPORT_INSTR] SendRpc: key=ppermute.3_0|s100001->200001d|$c9$l-1877411346^i0 size=67108864 queue_latency_us=0 attempt=0
I0909 09:24:11.726279    1374 grpc_transport.cc:1414] [MEGASCALE_TRANSPORT_INSTR] Recv: key=ppermute.3_0|s200003->100003d|$c6$l-1877411346^i0 size=0 is_single_chunk=true is_aligned=true memcpy_needed=false
I0909 09:24:11.833180    2060 grpc_transport.cc:1743] [MEGASCALE_TRANSPORT_INSTR] SendRpc: key=ppermute.3_0|s100000->200000d|$c2$l-1877411345^i0 size=67108864 queue_latency_us=0 attempt=0
I0909 09:24:11.863133    1900 grpc_transport.cc:1743] [MEGASCALE_TRANSPORT_INSTR] SendRpc: key=ppermute.3_0|s100001->200001d|$c11$l-1877411345^i0 size=67108864 queue_latency_us=0 attempt=0
I0909 09:24:12.070632    2060 grpc_transport.cc:1414] [MEGASCALE_TRANSPORT_INSTR] Recv: key=ppermute.3_0|s200005->100005d|$c6$l-1877411345^i0 size=0 is_single_chunk=true is_aligned=true memcpy_needed=false
I0909 09:24:12.218640    1374 grpc_transport.cc:1414] [MEGASCALE_TRANSPORT_INSTR] Recv: key=ppermute.3_0|s200002->100002d|$c5$l-1877411344^i0 size=0 is_single_chunk=true is_aligned=true memcpy_needed=false
I0909 09:24:12.257349    1722 grpc_transport.cc:1743] [MEGASCALE_TRANSPORT_INSTR] SendRpc: key=ppermute.3_0|s100006->200006d|$c13$l-1877411344^i0 size=67108864 queue_latency_us=0 attempt=0
I0909 09:24:12.398286    1956 grpc_transport.cc:1414] [MEGASCALE_TRANSPORT_INSTR] Recv: key=ppermute.3_0|s200003->100003d|$c13$l-1877411344^i0 size=0 is_single_chunk=true is_aligned=true memcpy_needed=false
I0909 09:24:12.436510    1900 grpc_transport.cc:1743] [MEGASCALE_TRANSPORT_INSTR] SendRpc: key=ppermute.3_0|s100000->200000d|$c13$l-1877411343^i0 size=67108864 queue_latency_us=0 attempt=0
I0909 09:24:12.663888    2060 grpc_transport.cc:1414] [MEGASCALE_TRANSPORT_INSTR] Recv: key=ppermute.3_0|s200000->100000d|$c3$l-1877411343^i0 size=0 is_single_chunk=true is_aligned=true memcpy_needed=false
I0909 09:24:12.747663    1722 grpc_transport.cc:1743] [MEGASCALE_TRANSPORT_INSTR] SendRpc: key=ppermute.3_0|s100003->200003d|$c6$l-1877411342^i0 size=67108864 queue_latency_us=0 attempt=0
I0909 09:24:12.778046    2060 grpc_transport.cc:1743] [MEGASCALE_TRANSPORT_INSTR] SendRpc: key=ppermute.3_0|s100005->200005d|$c14$l-1877411342^i0 size=67108864 queue_latency_us=0 attempt=0
I0909 09:24:12.846368    1374 grpc_transport.cc:1414] [MEGASCALE_TRANSPORT_INSTR] Recv: key=ppermute.3_0|s200002->100002d|$c13$l-1877411342^i0 size=0 is_single_chunk=true is_aligned=true memcpy_needed=false
I0909 09:24:12.989944    1900 grpc_transport.cc:1743] [MEGASCALE_TRANSPORT_INSTR] SendRpc: key=ppermute.3_0|s100005->200005d|$c8$l-1877411341^i0 size=67108864 queue_latency_us=0 attempt=0
I0909 09:24:13.071650    1374 grpc_transport.cc:1414] [MEGASCALE_TRANSPORT_INSTR] Recv: key=ppermute.3_0|s200006->100006d|$c7$l-1877411341^i0 size=0 is_single_chunk=true is_aligned=true memcpy_needed=false
I0909 09:24:13.212380    1956 grpc_transport.cc:1414] [MEGASCALE_TRANSPORT_INSTR] Recv: key=ppermute.3_0|s200007->100007d|$c7$l-1877411341^i0 size=0 is_single_chunk=true is_aligned=true memcpy_needed=false
I0909 09:24:13.243326    1956 grpc_transport.cc:1743] [MEGASCALE_TRANSPORT_INSTR] SendRpc: key=ppermute.3_0|s100002->200002d|$c1$l-1877411340^i0 size=67108864 queue_latency_us=0 attempt=0
I0909 09:24:13.419545    1377 grpc_transport.cc:1414] [MEGASCALE_TRANSPORT_INSTR] Recv: key=ppermute.3_0|s200005->100005d|$c9$l-1877411340^i0 size=0 is_single_chunk=true is_aligned=true memcpy_needed=false
I0909 09:24:13.481258    1374 grpc_transport.cc:1743] [MEGASCALE_TRANSPORT_INSTR] SendRpc: key=ppermute.3_0|s100003->200003d|$c9$l-1877411339^i0 size=67108864 queue_latency_us=0 attempt=0
I0909 09:24:13.622431    1377 grpc_transport.cc:1414] [MEGASCALE_TRANSPORT_INSTR] Recv: key=ppermute.3_0|s200004->100004d|$c2$l-1877411339^i0 size=0 is_single_chunk=true is_aligned=true memcpy_needed=false
I0909 09:24:13.736802    1956 grpc_transport.cc:1743] [MEGASCALE_TRANSPORT_INSTR] SendRpc: key=ppermute.3_0|s100006->200006d|$c3$l-1877411338^i0 size=67108864 queue_latency_us=0 attempt=0
I0909 09:24:13.767743    1900 grpc_transport.cc:1743] [MEGASCALE_TRANSPORT_INSTR] SendRpc: key=ppermute.3_0|s100000->200000d|$c11$l-1877411338^i0 size=67108864 queue_latency_us=0 attempt=0
I0909 09:24:13.818880    1377 grpc_transport.cc:1414] [MEGASCALE_TRANSPORT_INSTR] Recv: key=ppermute.3_0|s200000->100000d|$c1$l-1877411338^i0 size=0 is_single_chunk=true is_aligned=true memcpy_needed=false
I0909 09:24:13.972834    1374 grpc_transport.cc:1743] [MEGASCALE_TRANSPORT_INSTR] SendRpc: key=ppermute.3_0|s100003->200003d|$c15$l-1877411337^i0 size=67108864 queue_latency_us=0 attempt=0
I0909 09:24:14.064867    1374 grpc_transport.cc:1414] [MEGASCALE_TRANSPORT_INSTR] Recv: key=ppermute.3_0|s200006->100006d|$c3$l-1877411337^i0 size=0 is_single_chunk=true is_aligned=true memcpy_needed=false
I0909 09:24:14.210011    1377 grpc_transport.cc:1414] [MEGASCALE_TRANSPORT_INSTR] Recv: key=ppermute.3_0|s200005->100005d|$c13$l-1877411337^i0 size=0 is_single_chunk=true is_aligned=true memcpy_needed=false
I0909 09:24:14.253336    1956 grpc_transport.cc:1743] [MEGASCALE_TRANSPORT_INSTR] SendRpc: key=ppermute.3_0|s100003->200003d|$c14$l-1877411336^i0 size=67108864 queue_latency_us=0 attempt=0
I0909 09:24:14.391048    2060 grpc_transport.cc:1414] [MEGASCALE_TRANSPORT_INSTR] Recv: key=ppermute.3_0|s200000->100000d|$c7$l-1877411336^i0 size=0 is_single_chunk=true is_aligned=true memcpy_needed=false
I0909 09:24:14.469313    1956 grpc_transport.cc:1743] [MEGASCALE_TRANSPORT_INSTR] SendRpc: key=ppermute.3_0|s100002->200002d|$c7$l-1877411335^i0 size=67108864 queue_latency_us=0 attempt=0
I0909 09:24:14.632868    1374 grpc_transport.cc:1414] [MEGASCALE_TRANSPORT_INSTR] Recv: key=ppermute.3_0|s200007->100007d|$c7$l-1877411335^i0 size=0 is_single_chunk=true is_aligned=true memcpy_needed=false
I0909 09:24:14.746042    1374 grpc_transport.cc:1743] [MEGASCALE_TRANSPORT_INSTR] SendRpc: key=ppermute.3_0|s100003->200003d|$c0$l-1877411334^i0 size=67108864 queue_latency_us=0 attempt=0
I0909 09:24:14.776177    2060 grpc_transport.cc:1743] [MEGASCALE_TRANSPORT_INSTR] SendRpc: key=ppermute.3_0|s100001->200001d|$c8$l-1877411334^i0 size=67108864 queue_latency_us=0 attempt=0
I0909 09:24:14.814773    1374 grpc_transport.cc:1414] [MEGASCALE_TRANSPORT_INSTR] Recv: key=ppermute.3_0|s200007->100007d|$c8$l-1877411334^i0 size=0 is_single_chunk=true is_aligned=true memcpy_needed=false
I0909 09:24:14.983560    1900 grpc_transport.cc:1743] [MEGASCALE_TRANSPORT_INSTR] SendRpc: key=ppermute.3_0|s100005->200005d|$c2$l-1877411333^i0 size=67108864 queue_latency_us=0 attempt=0
I0909 09:24:15.082862    1900 grpc_transport.cc:1414] [MEGASCALE_TRANSPORT_INSTR] Recv: key=ppermute.3_0|s200000->100000d|$c0$l-1877411333^i0 size=0 is_single_chunk=true is_aligned=true memcpy_needed=false
I0909 09:24:15.238108    1956 grpc_transport.cc:1414] [MEGASCALE_TRANSPORT_INSTR] Recv: key=ppermute.3_0|s200003->100003d|$c7$l-1877411333^i0 size=0 is_single_chunk=true is_aligned=true memcpy_needed=false
I0909 09:24:15.288340    1374 grpc_transport.cc:1743] [MEGASCALE_TRANSPORT_INSTR] SendRpc: key=ppermute.3_0|s100003->200003d|$c11$l-1877411332^i0 size=67108864 queue_latency_us=0 attempt=0
I0909 09:24:15.422483    1956 grpc_transport.cc:1414] [MEGASCALE_TRANSPORT_INSTR] Recv: key=ppermute.3_0|s200003->100003d|$c3$l-1877411332^i0 size=0 is_single_chunk=true is_aligned=true memcpy_needed=false
I0909 09:24:15.512034    1386 grpc_transport.cc:1743] [MEGASCALE_TRANSPORT_INSTR] SendRpc: key=ppermute.3_0|s100000->200000d|$c4$l-1877411331^i0 size=67108864 queue_latency_us=0 attempt=0
I0909 09:24:15.541865    1956 grpc_transport.cc:1743] [MEGASCALE_TRANSPORT_INSTR] SendRpc: key=ppermute.3_0|s100002->200002d|$c13$l-1877411331^i0 size=67108864 queue_latency_us=0 attempt=0
I0909 09:24:15.678223    2060 grpc_transport.cc:1414] [MEGASCALE_TRANSPORT_INSTR] Recv: key=ppermute.3_0|s200000->100000d|$c8$l-1877411331^i0 size=0 is_single_chunk=true is_aligned=true memcpy_needed=false
I0909 09:24:15.821389    1374 grpc_transport.cc:1743] [MEGASCALE_TRANSPORT_INSTR] SendRpc: key=ppermute.3_0|s100007->200007d|$c6$l-1877411330^i0 size=67108864 queue_latency_us=0 attempt=0
I0909 09:24:15.886253    2060 grpc_transport.cc:1414] [MEGASCALE_TRANSPORT_INSTR] Recv: key=ppermute.3_0|s200001->100001d|$c5$l-1877411330^i0 size=0 is_single_chunk=true is_aligned=true memcpy_needed=false
I0909 09:24:16.030213    1900 grpc_transport.cc:1414] [MEGASCALE_TRANSPORT_INSTR] Recv: key=ppermute.3_0|s200004->100004d|$c11$l-1877411330^i0 size=0 is_single_chunk=true is_aligned=true memcpy_needed=false
I0909 09:24:16.069631    1374 grpc_transport.cc:1743] [MEGASCALE_TRANSPORT_INSTR] SendRpc: key=ppermute.3_0|s100003->200003d|$c15$l-1877411329^i0 size=67108864 queue_latency_us=0 attempt=0
I0909 09:24:16.248561    1900 grpc_transport.cc:1414] [MEGASCALE_TRANSPORT_INSTR] Recv: key=ppermute.3_0|s200000->100000d|$c7$l-1877411329^i0 size=0 is_single_chunk=true is_aligned=true memcpy_needed=false
I0909 09:24:16.320491    1374 grpc_transport.cc:1743] [MEGASCALE_TRANSPORT_INSTR] SendRpc: key=ppermute.3_0|s100006->200006d|$c6$l-1877411328^i0 size=67108864 queue_latency_us=0 attempt=0
I0909 09:24:16.461349    2060 grpc_transport.cc:1414] [MEGASCALE_TRANSPORT_INSTR] Recv: key=ppermute.3_0|s200000->100000d|$c2$l-1877411328^i0 size=0 is_single_chunk=true is_aligned=true memcpy_needed=false
I0909 09:24:16.590431    2060 grpc_transport.cc:1743] [MEGASCALE_TRANSPORT_INSTR] SendRpc: key=ppermute.3_0|s100004->200004d|$c1$l-1877411327^i0 size=67108864 queue_latency_us=0 attempt=0
I0909 09:24:16.621432    1956 grpc_transport.cc:1743] [MEGASCALE_TRANSPORT_INSTR] SendRpc: key=ppermute.3_0|s100003->200003d|$c10$l-1877411327^i0 size=67108864 queue_latency_us=0 attempt=0
I0909 09:24:16.651790    1900 grpc_transport.cc:1414] [MEGASCALE_TRANSPORT_INSTR] Recv: key=ppermute.3_0|s200000->100000d|$c10$l-1877411327^i0 size=0 is_single_chunk=true is_aligned=true memcpy_needed=false
I0909 09:24:16.855277    1374 grpc_transport.cc:1743] [MEGASCALE_TRANSPORT_INSTR] SendRpc: key=ppermute.3_0|s100002->200002d|$c3$l-1877411326^i0 size=67108864 queue_latency_us=0 attempt=0
I0909 09:24:16.916490    1956 grpc_transport.cc:1414] [MEGASCALE_TRANSPORT_INSTR] Recv: key=ppermute.3_0|s200006->100006d|$c1$l-1877411326^i0 size=0 is_single_chunk=true is_aligned=true memcpy_needed=false
I0909 09:24:17.067894    1377 grpc_transport.cc:1414] [MEGASCALE_TRANSPORT_INSTR] Recv: key=ppermute.3_0|s200000->100000d|$c12$l-1877411326^i0 size=0 is_single_chunk=true is_aligned=true memcpy_needed=false
I0909 09:24:17.111712    1377 grpc_transport.cc:1743] [MEGASCALE_TRANSPORT_INSTR] SendRpc: key=ppermute.3_0|s100000->200000d|$c12$l-1877411325^i0 size=67108864 queue_latency_us=0 attempt=0
I0909 09:24:17.269081    1377 grpc_transport.cc:1414] [MEGASCALE_TRANSPORT_INSTR] Recv: key=ppermute.3_0|s200005->100005d|$c7$l-1877411325^i0 size=0 is_single_chunk=true is_aligned=true memcpy_needed=false
I0909 09:24:17.346667    1374 grpc_transport.cc:1743] [MEGASCALE_TRANSPORT_INSTR] SendRpc: key=ppermute.3_0|s100003->200003d|$c5$l-1877411324^i0 size=67108864 queue_latency_us=0 attempt=0
I0909 09:24:17.376452    1374 grpc_transport.cc:1743] [MEGASCALE_TRANSPORT_INSTR] SendRpc: key=ppermute.3_0|s100002->200002d|$c14$l-1877411324^i0 size=67108864 queue_latency_us=0 attempt=0
I0909 09:24:17.463825    1374 grpc_transport.cc:1414] [MEGASCALE_TRANSPORT_INSTR] Recv: key=ppermute.3_0|s200007->100007d|$c2$l-1877411324^i0 size=0 is_single_chunk=true is_aligned=true memcpy_needed=false
I0909 09:24:17.623175    1956 grpc_transport.cc:1743] [MEGASCALE_TRANSPORT_INSTR] SendRpc: key=ppermute.3_0|s100002->200002d|$c7$l-1877411323^i0 size=67108864 queue_latency_us=0 attempt=0
I0909 09:24:17.636450    1956 grpc_transport.cc:1414] [MEGASCALE_TRANSPORT_INSTR] Recv: key=ppermute.3_0|s200006->100006d|$c5$l-1877411323^i0 size=0 is_single_chunk=true is_aligned=true memcpy_needed=false
I0909 09:24:17.784496    1956 grpc_transport.cc:1414] [MEGASCALE_TRANSPORT_INSTR] Recv: key=ppermute.3_0|s200007->100007d|$c9$l-1877411323^i0 size=0 is_single_chunk=true is_aligned=true memcpy_needed=false
I0909 09:24:17.826296    1374 grpc_transport.cc:1743] [MEGASCALE_TRANSPORT_INSTR] SendRpc: key=ppermute.3_0|s100007->200007d|$c0$l-1877411322^i0 size=67108864 queue_latency_us=0 attempt=0
I0909 09:24:17.966752    1956 grpc_transport.cc:1414] [MEGASCALE_TRANSPORT_INSTR] Recv: key=ppermute.3_0|s200002->100002d|$c9$l-1877411322^i0 size=0 is_single_chunk=true is_aligned=true memcpy_needed=false
I0909 09:24:18.039588    1956 grpc_transport.cc:1743] [MEGASCALE_TRANSPORT_INSTR] SendRpc: key=ppermute.3_0|s100007->200007d|$c9$l-1877411321^i0 size=67108864 queue_latency_us=0 attempt=0
I0909 09:24:18.226706    1374 grpc_transport.cc:1414] [MEGASCALE_TRANSPORT_INSTR] Recv: key=ppermute.3_0|s200003->100003d|$c9$l-1877411321^i0 size=0 is_single_chunk=true is_aligned=true memcpy_needed=false
I0909 09:24:18.324142    2060 grpc_transport.cc:1743] [MEGASCALE_TRANSPORT_INSTR] SendRpc: key=all-reduce_0_ag_0_sr_0_1|s100000->200000d|$c0$l-493875046^i0 size=512 queue_latency_us=0 attempt=0
I0909 09:24:18.354458    1374 grpc_transport.cc:1743] [MEGASCALE_TRANSPORT_INSTR] SendRpc: key=ppermute.3_0|s100003->200003d|$c15$l-1877411320^i0 size=67108864 queue_latency_us=0 attempt=0
I0909 09:24:18.379430    1374 grpc_transport.cc:1414] [MEGASCALE_TRANSPORT_INSTR] Recv: key=ppermute.3_0|s200003->100003d|$c4$l-1877411320^i0 size=0 is_single_chunk=true is_aligned=true memcpy_needed=false
I0909 09:24:18.519781    1956 grpc_transport.cc:1414] [MEGASCALE_TRANSPORT_INSTR] Recv: key=ppermute.3_0|s200006->100006d|$c15$l-1877411320^i0 size=0 is_single_chunk=true is_aligned=true memcpy_needed=false
I0909 09:24:18.552523    1374 grpc_transport.cc:1743] [MEGASCALE_TRANSPORT_INSTR] SendRpc: key=ppermute.3_0|s100002->200002d|$c0$l-1877411319^i0 size=67108864 queue_latency_us=0 attempt=0
I0909 09:24:18.772183    2060 grpc_transport.cc:1414] [MEGASCALE_TRANSPORT_INSTR] Recv: key=ppermute.3_0|s200000->100000d|$c12$l-1877411319^i0 size=0 is_single_chunk=true is_aligned=true memcpy_needed=false
I0909 09:24:18.854260    1722 grpc_transport.cc:1743] [MEGASCALE_TRANSPORT_INSTR] SendRpc: key=ppermute.3_0|s100006->200006d|$c9$l-1877411318^i0 size=67108864 queue_latency_us=0 attempt=0
I0909 09:24:19.027941    1377 grpc_transport.cc:1414] [MEGASCALE_TRANSPORT_INSTR] Recv: key=ppermute.3_0|s200000->100000d|$c4$l-1877411318^i0 size=0 is_single_chunk=true is_aligned=true memcpy_needed=false
I0909 09:24:19.132740    1377 grpc_transport.cc:1743] [MEGASCALE_TRANSPORT_INSTR] SendRpc: key=ppermute.3_0|s100004->200004d|$c2$l-1877411317^i0 size=67108864 queue_latency_us=0 attempt=0
I0909 09:24:19.162494    1956 grpc_transport.cc:1743] [MEGASCALE_TRANSPORT_INSTR] SendRpc: key=ppermute.3_0|s100003->200003d|$c11$l-1877411317^i0 size=67108864 queue_latency_us=0 attempt=0
I0909 09:24:19.255274    1956 grpc_transport.cc:1414] [MEGASCALE_TRANSPORT_INSTR] Recv: key=ppermute.3_0|s200007->100007d|$c4$l-1877411317^i0 size=0 is_single_chunk=true is_aligned=true memcpy_needed=false
I0909 09:24:19.431044    1377 grpc_transport.cc:1743] [MEGASCALE_TRANSPORT_INSTR] SendRpc: key=ppermute.3_0|s100001->200001d|$c7$l-1877411316^i0 size=67108864 queue_latency_us=0 attempt=0
I0909 09:24:19.502172    1374 grpc_transport.cc:1414] [MEGASCALE_TRANSPORT_INSTR] Recv: key=ppermute.3_0|s200007->100007d|$c2$l-1877411316^i0 size=0 is_single_chunk=true is_aligned=true memcpy_needed=false
I0909 09:24:19.653172    1956 grpc_transport.cc:1414] [MEGASCALE_TRANSPORT_INSTR] Recv: key=ppermute.3_0|s200006->100006d|$c10$l-1877411316^i0 size=0 is_single_chunk=true is_aligned=true memcpy_needed=false
I0909 09:24:19.703000    1956 grpc_transport.cc:1743] [MEGASCALE_TRANSPORT_INSTR] SendRpc: key=ppermute.3_0|s100003->200003d|$c13$l-1877411315^i0 size=67108864 queue_latency_us=0 attempt=0
I0909 09:24:19.841190    1900 grpc_transport.cc:1414] [MEGASCALE_TRANSPORT_INSTR] Recv: key=ppermute.3_0|s200005->100005d|$c7$l-1877411315^i0 size=0 is_single_chunk=true is_aligned=true memcpy_needed=false
I0909 09:24:19.926959    1956 grpc_transport.cc:1743] [MEGASCALE_TRANSPORT_INSTR] SendRpc: key=ppermute.3_0|s100006->200006d|$c6$l-1877411314^i0 size=67108864 queue_latency_us=0 attempt=0
I0909 09:24:19.956672    1956 grpc_transport.cc:1743] [MEGASCALE_TRANSPORT_INSTR] SendRpc: key=ppermute.3_0|s100007->200007d|$c15$l-1877411314^i0 size=67108864 queue_latency_us=0 attempt=0
I0909 09:24:20.137810    1956 grpc_transport.cc:1414] [MEGASCALE_TRANSPORT_INSTR] Recv: key=ppermute.3_0|s200007->100007d|$c10$l-1877411314^i0 size=0 is_single_chunk=true is_aligned=true memcpy_needed=false
I0909 09:24:20.280904    1733 grpc_transport.cc:1743] [MEGASCALE_TRANSPORT_INSTR] SendRpc: key=ppermute.3_0|s100002->200002d|$c8$l-1877411313^i0 size=67108864 queue_latency_us=0 attempt=0
I0909 09:24:20.344833    2060 grpc_transport.cc:1414] [MEGASCALE_TRANSPORT_INSTR] Recv: key=ppermute.3_0|s200001->100001d|$c6$l-1877411313^i0 size=0 is_single_chunk=true is_aligned=true memcpy_needed=false
I0909 09:24:20.502105    1374 grpc_transport.cc:1414] [MEGASCALE_TRANSPORT_INSTR] Recv: key=ppermute.3_0|s200002->100002d|$c10$l-1877411313^i0 size=0 is_single_chunk=true is_aligned=true memcpy_needed=false
I0909 09:24:20.533182    1733 grpc_transport.cc:1743] [MEGASCALE_TRANSPORT_INSTR] SendRpc: key=ppermute.3_0|s100002->200002d|$c1$l-1877411312^i0 size=67108864 queue_latency_us=0 attempt=0
I0909 09:24:20.736952    1900 grpc_transport.cc:1414] [MEGASCALE_TRANSPORT_INSTR] Recv: key=ppermute.3_0|s200000->100000d|$c12$l-1877411312^i0 size=0 is_single_chunk=true is_aligned=true memcpy_needed=false
I0909 09:24:20.796537    1956 grpc_transport.cc:1743] [MEGASCALE_TRANSPORT_INSTR] SendRpc: key=ppermute.3_0|s100007->200007d|$c10$l-1877411311^i0 size=67108864 queue_latency_us=0 attempt=0
I0909 09:24:20.907420    2060 grpc_transport.cc:1414] [MEGASCALE_TRANSPORT_INSTR] Recv: key=ppermute.3_0|s200004->100004d|$c14$l-1877411311^i0 size=0 is_single_chunk=true is_aligned=true memcpy_needed=false
I0909 09:24:21.051302    1374 grpc_transport.cc:1743] [MEGASCALE_TRANSPORT_INSTR] SendRpc: key=all-reduce_0_ag_0_sr_0_1|s100006->200006d|$c0$l-493875044^i0 size=512 queue_latency_us=0 attempt=0
I0909 09:24:21.082822    1374 grpc_transport.cc:1743] [MEGASCALE_TRANSPORT_INSTR] SendRpc: key=ppermute.3_0|s100002->200002d|$c8$l-1877411310^i0 size=67108864 queue_latency_us=0 attempt=0
I0909 09:24:21.117231    1374 grpc_transport.cc:1414] [MEGASCALE_TRANSPORT_INSTR] Recv: key=ppermute.3_0|s200002->100002d|$c0$l-1877411310^i0 size=0 is_single_chunk=true is_aligned=true memcpy_needed=false
I0909 09:24:21.291083    1957 grpc_transport.cc:1414] [MEGASCALE_TRANSPORT_INSTR] Recv: key=ppermute.3_0|s200007->100007d|$c14$l-1877411310^i0 size=0 is_single_chunk=true is_aligned=true memcpy_needed=false
I0909 09:24:21.324899    1956 grpc_transport.cc:1743] [MEGASCALE_TRANSPORT_INSTR] SendRpc: key=ppermute.3_0|s100002->200002d|$c1$l-1877411309^i0 size=67108864 queue_latency_us=0 attempt=0
I0909 09:24:21.510152    1377 grpc_transport.cc:1414] [MEGASCALE_TRANSPORT_INSTR] Recv: key=ppermute.3_0|s200000->100000d|$c12$l-1877411309^i0 size=0 is_single_chunk=true is_aligned=true memcpy_needed=false
I0909 09:24:21.575363    1374 grpc_transport.cc:1743] [MEGASCALE_TRANSPORT_INSTR] SendRpc: key=ppermute.3_0|s100006->200006d|$c10$l-1877411308^i0 size=67108864 queue_latency_us=1 attempt=0
I0909 09:24:21.692074    1956 grpc_transport.cc:1414] [MEGASCALE_TRANSPORT_INSTR] Recv: key=ppermute.3_0|s200002->100002d|$c14$l-1877411308^i0 size=0 is_single_chunk=true is_aligned=true memcpy_needed=false
I0909 09:24:21.774089    1377 grpc_transport.cc:1743] [MEGASCALE_TRANSPORT_INSTR] SendRpc: key=ppermute.3_0|s100004->200004d|$c3$l-1877411307^i0 size=67108864 queue_latency_us=0 attempt=0
I0909 09:24:21.804070    1377 grpc_transport.cc:1743] [MEGASCALE_TRANSPORT_INSTR] SendRpc: key=ppermute.3_0|s100005->200005d|$c12$l-1877411307^i0 size=67108864 queue_latency_us=0 attempt=0
I0909 09:24:21.937796    1956 grpc_transport.cc:1414] [MEGASCALE_TRANSPORT_INSTR] Recv: key=ppermute.3_0|s200002->100002d|$c9$l-1877411307^i0 size=0 is_single_chunk=true is_aligned=true memcpy_needed=false
I0909 09:24:22.087904    1956 grpc_transport.cc:1743] [MEGASCALE_TRANSPORT_INSTR] SendRpc: key=ppermute.3_0|s100007->200007d|$c5$l-1877411306^i0 size=67108864 queue_latency_us=0 attempt=0
I0909 09:24:22.164644     785 grpc_transport.cc:1414] [MEGASCALE_TRANSPORT_INSTR] Recv: key=ppermute.3_0|s200004->100004d|$c2$l-1877411306^i0 size=0 is_single_chunk=true is_aligned=true memcpy_needed=false
I0909 09:24:22.309257    1956 grpc_transport.cc:1414] [MEGASCALE_TRANSPORT_INSTR] Recv: key=ppermute.3_0|s200007->100007d|$c15$l-1877411306^i0 size=0 is_single_chunk=true is_aligned=true memcpy_needed=false
I0909 09:24:22.351646    1900 grpc_transport.cc:1743] [MEGASCALE_TRANSPORT_INSTR] SendRpc: key=ppermute.3_0|s100004->200004d|$c14$l-1877411305^i0 size=67108864 queue_latency_us=0 attempt=0
I0909 09:24:22.496569    1956 grpc_transport.cc:1414] [MEGASCALE_TRANSPORT_INSTR] Recv: key=ppermute.3_0|s200002->100002d|$c8$l-1877411305^i0 size=0 is_single_chunk=true is_aligned=true memcpy_needed=false
I0909 09:24:22.565946    1900 grpc_transport.cc:1743] [MEGASCALE_TRANSPORT_INSTR] SendRpc: key=ppermute.3_0|s100004->200004d|$c7$l-1877411304^i0 size=67108864 queue_latency_us=0 attempt=0
I0909 09:24:22.670642    1900 grpc_transport.cc:1414] [MEGASCALE_TRANSPORT_INSTR] Recv: key=ppermute.3_0|s200004->100004d|$c15$l-1877411304^i0 size=0 is_single_chunk=true is_aligned=true memcpy_needed=false
I0909 09:24:22.767659    2060 grpc_transport.cc:1743] [MEGASCALE_TRANSPORT_INSTR] SendRpc: key=ppermute.3_0|s100000->200000d|$c0$l-1877411303^i0 size=67108864 queue_latency_us=0 attempt=0
I0909 09:24:22.797464    1900 grpc_transport.cc:1743] [MEGASCALE_TRANSPORT_INSTR] SendRpc: key=ppermute.3_0|s100005->200005d|$c9$l-1877411303^i0 size=67108864 queue_latency_us=0 attempt=0
I0909 09:24:22.886334    1900 grpc_transport.cc:1414] [MEGASCALE_TRANSPORT_INSTR] Recv: key=ppermute.3_0|s200004->100004d|$c0$l-1877411303^i0 size=0 is_single_chunk=true is_aligned=true memcpy_needed=false
I0909 09:24:23.046711    1956 grpc_transport.cc:1743] [MEGASCALE_TRANSPORT_INSTR] SendRpc: key=ppermute.3_0|s100003->200003d|$c2$l-1877411302^i0 size=67108864 queue_latency_us=0 attempt=0
I0909 09:24:23.069143    1374 grpc_transport.cc:1414] [MEGASCALE_TRANSPORT_INSTR] Recv: key=ppermute.3_0|s200007->100007d|$c2$l-1877411302^i0 size=0 is_single_chunk=true is_aligned=true memcpy_needed=false
I0909 09:24:23.210291    1722 grpc_transport.cc:1414] [MEGASCALE_TRANSPORT_INSTR] Recv: key=ppermute.3_0|s200003->100003d|$c10$l-1877411302^i0 size=0 is_single_chunk=true is_aligned=true memcpy_needed=false
I0909 09:24:23.259817    1956 grpc_transport.cc:1743] [MEGASCALE_TRANSPORT_INSTR] SendRpc: key=ppermute.3_0|s100003->200003d|$c1$l-1877411301^i0 size=67108864 queue_latency_us=0 attempt=0
I0909 09:24:23.405777    1900 grpc_transport.cc:1414] [MEGASCALE_TRANSPORT_INSTR] Recv: key=ppermute.3_0|s200000->100000d|$c2$l-1877411301^i0 size=0 is_single_chunk=true is_aligned=true memcpy_needed=false
I0909 09:24:23.493877    1956 grpc_transport.cc:1743] [MEGASCALE_TRANSPORT_INSTR] SendRpc: key=ppermute.3_0|s100007->200007d|$c0$l-1877411300^i0 size=67108864 queue_latency_us=0 attempt=0
I0909 09:24:23.523978    1900 grpc_transport.cc:1743] [MEGASCALE_TRANSPORT_INSTR] SendRpc: key=ppermute.3_0|s100004->200004d|$c8$l-1877411300^i0 size=67108864 queue_latency_us=0 attempt=0
I0909 09:24:23.561079    1956 grpc_transport.cc:1414] [MEGASCALE_TRANSPORT_INSTR] Recv: key=ppermute.3_0|s200003->100003d|$c6$l-1877411300^i0 size=0 is_single_chunk=true is_aligned=true memcpy_needed=false
I0909 09:24:23.714472    1374 grpc_transport.cc:1743] [MEGASCALE_TRANSPORT_INSTR] SendRpc: key=ppermute.3_0|s100006->200006d|$c2$l-1877411299^i0 size=67108864 queue_latency_us=0 attempt=0
I0909 09:24:23.774385    1374 grpc_transport.cc:1414] [MEGASCALE_TRANSPORT_INSTR] Recv: key=ppermute.3_0|s200006->100006d|$c0$l-1877411299^i0 size=0 is_single_chunk=true is_aligned=true memcpy_needed=false
I0909 09:24:23.939420    1377 grpc_transport.cc:1414] [MEGASCALE_TRANSPORT_INSTR] Recv: key=ppermute.3_0|s200005->100005d|$c13$l-1877411299^i0 size=0 is_single_chunk=true is_aligned=true memcpy_needed=false
I0909 09:24:24.061434    1374 grpc_transport.cc:1743] [MEGASCALE_TRANSPORT_INSTR] SendRpc: key=ppermute.3_0|s100006->200006d|$c5$l-1877411298^i0 size=67108864 queue_latency_us=0 attempt=0
I0909 09:24:24.099201    1722 grpc_transport.cc:1414] [MEGASCALE_TRANSPORT_INSTR] Recv: key=ppermute.3_0|s200006->100006d|$c11$l-1877411298^i0 size=0 is_single_chunk=true is_aligned=true memcpy_needed=false
I0909 09:24:24.227140    1900 grpc_transport.cc:1743] [MEGASCALE_TRANSPORT_INSTR] SendRpc: key=ppermute.3_0|s100000->200000d|$c4$l-1877411297^i0 size=67108864 queue_latency_us=0 attempt=0
I0909 09:24:24.256871    1722 grpc_transport.cc:1743] [MEGASCALE_TRANSPORT_INSTR] SendRpc: key=ppermute.3_0|s100006->200006d|$c13$l-1877411297^i0 size=67108864 queue_latency_us=0 attempt=0
I0909 09:24:24.392680    1722 grpc_transport.cc:1414] [MEGASCALE_TRANSPORT_INSTR] Recv: key=ppermute.3_0|s200003->100003d|$c13$l-1877411297^i0 size=0 is_single_chunk=true is_aligned=true memcpy_needed=false
I0909 09:24:24.544885    1374 grpc_transport.cc:1414] [MEGASCALE_TRANSPORT_INSTR] Recv: key=ppermute.3_0|s200007->100007d|$c5$l-1877411296^i0 size=0 is_single_chunk=true is_aligned=true memcpy_needed=false
I0909 09:24:24.586872    1373 grpc_transport.cc:1743] [MEGASCALE_TRANSPORT_INSTR] SendRpc: key=ppermute.3_0|s100006->200006d|$c6$l-1877411296^i0 size=67108864 queue_latency_us=0 attempt=0
I0909 09:24:24.710148    1373 grpc_transport.cc:1414] [MEGASCALE_TRANSPORT_INSTR] Recv: key=ppermute.3_0|s200002->100002d|$c12$l-1877411296^i0 size=0 is_single_chunk=true is_aligned=true memcpy_needed=false
I0909 09:24:24.779263    1374 grpc_transport.cc:1743] [MEGASCALE_TRANSPORT_INSTR] SendRpc: key=ppermute.3_0|s100002->200002d|$c15$l-1877411295^i0 size=67108864 queue_latency_us=0 attempt=0
I0909 09:24:24.970678    1373 grpc_transport.cc:1414] [MEGASCALE_TRANSPORT_INSTR] Recv: key=ppermute.3_0|s200007->100007d|$c10$l-1877411295^i0 size=0 is_single_chunk=true is_aligned=true memcpy_needed=false
I0909 09:24:25.135502    1374 grpc_transport.cc:1743] [MEGASCALE_TRANSPORT_INSTR] SendRpc: key=ppermute.3_0|s100007->200007d|$c8$l-1877411294^i0 size=67108864 queue_latency_us=0 attempt=0
I0909 09:24:25.157244    1900 grpc_transport.cc:1414] [MEGASCALE_TRANSPORT_INSTR] Recv: key=ppermute.3_0|s200000->100000d|$c5$l-1877411294^i0 size=0 is_single_chunk=true is_aligned=true memcpy_needed=false
I0909 09:24:25.432956    1377 grpc_transport.cc:1414] [MEGASCALE_TRANSPORT_INSTR] Recv: key=ppermute.3_0|s200001->100001d|$c5$l-1877411293^i0 size=0 is_single_chunk=true is_aligned=true memcpy_needed=false
I0909 09:24:25.435851    1377 grpc_transport.cc:1743] [MEGASCALE_TRANSPORT_INSTR] SendRpc: key=ppermute.3_0|s100000->200000d|$c1$l-1877411293^i0 size=67108864 queue_latency_us=0 attempt=0
I0909 09:24:25.468354    1373 grpc_transport.cc:1743] [MEGASCALE_TRANSPORT_INSTR] SendRpc: key=ppermute.3_0|s100006->200006d|$c15$l-1877411293^i0 size=67108864 queue_latency_us=0 attempt=0
I0909 09:24:25.721361    1900 grpc_transport.cc:1414] [MEGASCALE_TRANSPORT_INSTR] Recv: key=ppermute.3_0|s200000->100000d|$c1$l-1877411292^i0 size=0 is_single_chunk=true is_aligned=true memcpy_needed=false
I0909 09:24:25.768937    2060 grpc_transport.cc:1743] [MEGASCALE_TRANSPORT_INSTR] SendRpc: key=ppermute.3_0|s100005->200005d|$c3$l-1877411292^i0 size=67108864 queue_latency_us=0 attempt=0
I0909 09:24:25.881659    2134 grpc_transport.cc:1414] [MEGASCALE_TRANSPORT_INSTR] Recv: key=ppermute.3_0|s200001->100001d|$c8$l-1877411292^i0 size=0 is_single_chunk=true is_aligned=true memcpy_needed=false
I0909 09:24:25.958450    1377 grpc_transport.cc:1743] [MEGASCALE_TRANSPORT_INSTR] SendRpc: key=ppermute.3_0|s100001->200001d|$c12$l-1877411291^i0 size=67108864 queue_latency_us=0 attempt=0
I0909 09:24:26.134108    1377 grpc_transport.cc:1414] [MEGASCALE_TRANSPORT_INSTR] Recv: key=ppermute.3_0|s200004->100004d|$c4$l-1877411291^i0 size=0 is_single_chunk=true is_aligned=true memcpy_needed=false
I0909 09:24:26.214772    2134 grpc_transport.cc:1743] [MEGASCALE_TRANSPORT_INSTR] SendRpc: key=ppermute.3_0|s100001->200001d|$c1$l-1877411290^i0 size=67108864 queue_latency_us=0 attempt=0
I0909 09:24:26.244992    1722 grpc_transport.cc:1743] [MEGASCALE_TRANSPORT_INSTR] SendRpc: key=ppermute.3_0|s100002->200002d|$c10$l-1877411290^i0 size=67108864 queue_latency_us=0 attempt=0
I0909 09:24:26.284860    1900 grpc_transport.cc:1414] [MEGASCALE_TRANSPORT_INSTR] Recv: key=ppermute.3_0|s200005->100005d|$c6$l-1877411290^i0 size=0 is_single_chunk=true is_aligned=true memcpy_needed=false
I0909 09:24:26.456464    1374 grpc_transport.cc:1743] [MEGASCALE_TRANSPORT_INSTR] SendRpc: key=ppermute.3_0|s100002->200002d|$c3$l-1877411289^i0 size=67108864 queue_latency_us=0 attempt=0
I0909 09:24:26.492091    1374 grpc_transport.cc:1414] [MEGASCALE_TRANSPORT_INSTR] Recv: key=ppermute.3_0|s200006->100006d|$c1$l-1877411289^i0 size=0 is_single_chunk=true is_aligned=true memcpy_needed=false
I0909 09:24:26.656836    1722 grpc_transport.cc:1414] [MEGASCALE_TRANSPORT_INSTR] Recv: key=ppermute.3_0|s200003->100003d|$c7$l-1877411289^i0 size=0 is_single_chunk=true is_aligned=true memcpy_needed=false
I0909 09:24:26.723241    1374 grpc_transport.cc:1743] [MEGASCALE_TRANSPORT_INSTR] SendRpc: key=ppermute.3_0|s100007->200007d|$c12$l-1877411288^i0 size=67108864 queue_latency_us=1 attempt=0
I0909 09:24:26.856846    1900 grpc_transport.cc:1414] [MEGASCALE_TRANSPORT_INSTR] Recv: key=ppermute.3_0|s200001->100001d|$c7$l-1877411288^i0 size=0 is_single_chunk=true is_aligned=true memcpy_needed=false
I0909 09:24:26.953952    2060 grpc_transport.cc:1743] [MEGASCALE_TRANSPORT_INSTR] SendRpc: key=ppermute.3_0|s100004->200004d|$c0$l-1877411287^i0 size=67108864 queue_latency_us=0 attempt=0
I0909 09:24:26.983843    2060 grpc_transport.cc:1743] [MEGASCALE_TRANSPORT_INSTR] SendRpc: key=ppermute.3_0|s100000->200000d|$c13$l-1877411287^i0 size=67108864 queue_latency_us=0 attempt=0
I0909 09:24:27.057651    1373 grpc_transport.cc:1414] [MEGASCALE_TRANSPORT_INSTR] Recv: key=ppermute.3_0|s200003->100003d|$c0$l-1877411287^i0 size=0 is_single_chunk=true is_aligned=true memcpy_needed=false
I0909 09:24:27.209802    1374 grpc_transport.cc:1743] [MEGASCALE_TRANSPORT_INSTR] SendRpc: key=ppermute.3_0|s100006->200006d|$c8$l-1877411286^i0 size=67108864 queue_latency_us=0 attempt=0
I0909 09:24:27.228929    1724 grpc_transport.cc:1414] [MEGASCALE_TRANSPORT_INSTR] Recv: key=ppermute.3_0|s200006->100006d|$c4$l-1877411286^i0 size=0 is_single_chunk=true is_aligned=true memcpy_needed=false
I0909 09:24:27.365259    2060 grpc_transport.cc:1414] [MEGASCALE_TRANSPORT_INSTR] Recv: key=ppermute.3_0|s200000->100000d|$c9$l-1877411286^i0 size=0 is_single_chunk=true is_aligned=true memcpy_needed=false
I0909 09:24:27.411401    1900 grpc_transport.cc:1743] [MEGASCALE_TRANSPORT_INSTR] SendRpc: key=ppermute.3_0|s100001->200001d|$c0$l-1877411285^i0 size=67108864 queue_latency_us=0 attempt=0
I0909 09:24:27.583787    1724 grpc_transport.cc:1414] [MEGASCALE_TRANSPORT_INSTR] Recv: key=ppermute.3_0|s200002->100002d|$c5$l-1877411285^i0 size=0 is_single_chunk=true is_aligned=true memcpy_needed=false
I0909 09:24:27.643878    1374 grpc_transport.cc:1743] [MEGASCALE_TRANSPORT_INSTR] SendRpc: key=ppermute.3_0|s100006->200006d|$c9$l-1877411284^i0 size=67108864 queue_latency_us=0 attempt=0
I0909 09:24:27.758308    1900 grpc_transport.cc:1414] [MEGASCALE_TRANSPORT_INSTR] Recv: key=ppermute.3_0|s200004->100004d|$c2$l-1877411284^i0 size=0 is_single_chunk=true is_aligned=true memcpy_needed=false
I0909 09:24:27.867656    1373 grpc_transport.cc:1743] [MEGASCALE_TRANSPORT_INSTR] SendRpc: key=ppermute.3_0|s100006->200006d|$c2$l-1877411283^i0 size=67108864 queue_latency_us=1 attempt=0
I0909 09:24:27.898119    2060 grpc_transport.cc:1743] [MEGASCALE_TRANSPORT_INSTR] SendRpc: key=ppermute.3_0|s100000->200000d|$c11$l-1877411283^i0 size=67108864 queue_latency_us=0 attempt=0
I0909 09:24:27.964063    1374 grpc_transport.cc:1414] [MEGASCALE_TRANSPORT_INSTR] Recv: key=ppermute.3_0|s200006->100006d|$c6$l-1877411283^i0 size=0 is_single_chunk=true is_aligned=true memcpy_needed=false
I0909 09:24:28.165381    1956 grpc_transport.cc:1414] [MEGASCALE_TRANSPORT_INSTR] Recv: key=ppermute.3_0|s200006->100006d|$c3$l-1877411282^i0 size=0 is_single_chunk=true is_aligned=true memcpy_needed=false
I0909 09:24:28.186882    2134 grpc_transport.cc:1743] [MEGASCALE_TRANSPORT_INSTR] SendRpc: key=ppermute.3_0|s100005->200005d|$c4$l-1877411282^i0 size=67108864 queue_latency_us=0 attempt=0
I0909 09:24:28.314862    2134 grpc_transport.cc:1414] [MEGASCALE_TRANSPORT_INSTR] Recv: key=ppermute.3_0|s200004->100004d|$c6$l-1877411282^i0 size=0 is_single_chunk=true is_aligned=true memcpy_needed=false
I0909 09:24:28.356669    2060 grpc_transport.cc:1743] [MEGASCALE_TRANSPORT_INSTR] SendRpc: key=ppermute.3_0|s100004->200004d|$c2$l-1877411281^i0 size=67108864 queue_latency_us=0 attempt=0
I0909 09:24:28.557366    1956 grpc_transport.cc:1414] [MEGASCALE_TRANSPORT_INSTR] Recv: key=ppermute.3_0|s200007->100007d|$c7$l-1877411281^i0 size=0 is_single_chunk=true is_aligned=true memcpy_needed=false
I0909 09:24:28.639693    2134 grpc_transport.cc:1743] [MEGASCALE_TRANSPORT_INSTR] SendRpc: key=ppermute.3_0|s100005->200005d|$c2$l-1877411280^i0 size=67108864 queue_latency_us=0 attempt=0
I0909 09:24:28.671167    1374 grpc_transport.cc:1743] [MEGASCALE_TRANSPORT_INSTR] SendRpc: key=ppermute.3_0|s100003->200003d|$c14$l-1877411280^i0 size=67108864 queue_latency_us=0 attempt=0
I0909 09:24:28.722880    1373 grpc_transport.cc:1414] [MEGASCALE_TRANSPORT_INSTR] Recv: key=ppermute.3_0|s200006->100006d|$c9$l-1877411280^i0 size=0 is_single_chunk=true is_aligned=true memcpy_needed=false
I0909 09:24:28.890075    1900 grpc_transport.cc:1743] [MEGASCALE_TRANSPORT_INSTR] SendRpc: key=ppermute.3_0|s100000->200000d|$c12$l-1877411279^i0 size=67108864 queue_latency_us=0 attempt=0
I0909 09:24:28.993753    1900 grpc_transport.cc:1414] [MEGASCALE_TRANSPORT_INSTR] Recv: key=ppermute.3_0|s200004->100004d|$c4$l-1877411279^i0 size=0 is_single_chunk=true is_aligned=true memcpy_needed=false
I0909 09:24:29.138107    1383 grpc_transport.cc:1414] [MEGASCALE_TRANSPORT_INSTR] Recv: key=ppermute.3_0|s200000->100000d|$c13$l-1877411279^i0 size=0 is_single_chunk=true is_aligned=true memcpy_needed=false
I0909 09:24:29.182256    1900 grpc_transport.cc:1743] [MEGASCALE_TRANSPORT_INSTR] SendRpc: key=ppermute.3_0|s100004->200004d|$c13$l-1877411278^i0 size=67108864 queue_latency_us=0 attempt=0
I0909 09:24:29.289604    1373 grpc_transport.cc:1414] [MEGASCALE_TRANSPORT_INSTR] Recv: key=ppermute.3_0|s200003->100003d|$c3$l-1877411278^i0 size=0 is_single_chunk=true is_aligned=true memcpy_needed=false
I0909 09:24:29.415607    1374 grpc_transport.cc:1743] [MEGASCALE_TRANSPORT_INSTR] SendRpc: key=ppermute.3_0|s100003->200003d|$c6$l-1877411277^i0 size=67108864 queue_latency_us=0 attempt=0
I0909 09:24:29.447077    1900 grpc_transport.cc:1743] [MEGASCALE_TRANSPORT_INSTR] SendRpc: key=ppermute.3_0|s100000->200000d|$c15$l-1877411277^i0 size=67108864 queue_latency_us=0 attempt=0
I0909 09:24:29.508406    2060 grpc_transport.cc:1414] [MEGASCALE_TRANSPORT_INSTR] Recv: key=ppermute.3_0|s200001->100001d|$c10$l-1877411277^i0 size=0 is_single_chunk=true is_aligned=true memcpy_needed=false
I0909 09:24:29.659084    1900 grpc_transport.cc:1743] [MEGASCALE_TRANSPORT_INSTR] SendRpc: key=ppermute.3_0|s100000->200000d|$c15$l-1877411276^i0 size=67108864 queue_latency_us=0 attempt=0
I0909 09:24:29.706234    1900 grpc_transport.cc:1414] [MEGASCALE_TRANSPORT_INSTR] Recv: key=ppermute.3_0|s200001->100001d|$c8$l-1877411276^i0 size=0 is_single_chunk=true is_aligned=true memcpy_needed=false
I0909 09:24:29.838020    2134 grpc_transport.cc:1414] [MEGASCALE_TRANSPORT_INSTR] Recv: key=ppermute.3_0|s200000->100000d|$c12$l-1877411276^i0 size=0 is_single_chunk=true is_aligned=true memcpy_needed=false
I0909 09:24:29.876944    1373 grpc_transport.cc:1743] [MEGASCALE_TRANSPORT_INSTR] SendRpc: key=ppermute.3_0|s100002->200002d|$c1$l-1877411275^i0 size=67108864 queue_latency_us=0 attempt=0
I0909 09:24:30.019845    1374 grpc_transport.cc:1414] [MEGASCALE_TRANSPORT_INSTR] Recv: key=ppermute.3_0|s200003->100003d|$c6$l-1877411275^i0 size=0 is_single_chunk=true is_aligned=true memcpy_needed=false
I0909 09:24:30.080822    1373 grpc_transport.cc:1743] [MEGASCALE_TRANSPORT_INSTR] SendRpc: key=ppermute.3_0|s100006->200006d|$c9$l-1877411274^i0 size=67108864 queue_latency_us=0 attempt=0
I0909 09:24:30.267864    2179 grpc_transport.cc:1414] [MEGASCALE_TRANSPORT_INSTR] Recv: key=ppermute.3_0|s200004->100004d|$c14$l-1877411274^i0 size=0 is_single_chunk=true is_aligned=true memcpy_needed=false
I0909 09:24:30.388450    2179 grpc_transport.cc:1743] [MEGASCALE_TRANSPORT_INSTR] SendRpc: key=ppermute.3_0|s100001->200001d|$c2$l-1877411273^i0 size=67108864 queue_latency_us=0 attempt=0
I0909 09:24:30.421046    2060 grpc_transport.cc:1743] [MEGASCALE_TRANSPORT_INSTR] SendRpc: key=ppermute.3_0|s100005->200005d|$c12$l-1877411273^i0 size=67108864 queue_latency_us=0 attempt=0
I0909 09:24:30.431455    2179 grpc_transport.cc:1414] [MEGASCALE_TRANSPORT_INSTR] Recv: key=ppermute.3_0|s200001->100001d|$c10$l-1877411273^i0 size=0 is_single_chunk=true is_aligned=true memcpy_needed=false
I0909 09:24:30.604743    1376 grpc_transport.cc:1743] [MEGASCALE_TRANSPORT_INSTR] SendRpc: key=ppermute.3_0|s100006->200006d|$c5$l-1877411272^i0 size=67108864 queue_latency_us=0 attempt=0
I0909 09:24:30.693190    1373 grpc_transport.cc:1414] [MEGASCALE_TRANSPORT_INSTR] Recv: key=ppermute.3_0|s200006->100006d|$c5$l-1877411272^i0 size=0 is_single_chunk=true is_aligned=true memcpy_needed=false
I0909 09:24:30.837260    1374 grpc_transport.cc:1414] [MEGASCALE_TRANSPORT_INSTR] Recv: key=ppermute.3_0|s200007->100007d|$c12$l-1877411272^i0 size=0 is_single_chunk=true is_aligned=true memcpy_needed=false
I0909 09:24:30.878073    2134 grpc_transport.cc:1743] [MEGASCALE_TRANSPORT_INSTR] SendRpc: key=ppermute.3_0|s100001->200001d|$c5$l-1877411271^i0 size=67108864 queue_latency_us=0 attempt=0
I0909 09:24:31.101427    1900 grpc_transport.cc:1414] [MEGASCALE_TRANSPORT_INSTR] Recv: key=ppermute.3_0|s200005->100005d|$c5$l-1877411271^i0 size=0 is_single_chunk=true is_aligned=true memcpy_needed=false
I0909 09:24:31.178551    2179 grpc_transport.cc:1743] [MEGASCALE_TRANSPORT_INSTR] SendRpc: key=ppermute.3_0|s100005->200005d|$c3$l-1877411270^i0 size=67108864 queue_latency_us=0 attempt=0
I0909 09:24:31.209764    1373 grpc_transport.cc:1743] [MEGASCALE_TRANSPORT_INSTR] SendRpc: key=ppermute.3_0|s100007->200007d|$c14$l-1877411270^i0 size=67108864 queue_latency_us=0 attempt=0
I0909 09:24:31.264608    1373 grpc_transport.cc:1414] [MEGASCALE_TRANSPORT_INSTR] Recv: key=ppermute.3_0|s200002->100002d|$c2$l-1877411270^i0 size=0 is_single_chunk=true is_aligned=true memcpy_needed=false
I0909 09:24:31.405484    1374 grpc_transport.cc:1743] [MEGASCALE_TRANSPORT_INSTR] SendRpc: key=ppermute.3_0|s100006->200006d|$c5$l-1877411269^i0 size=67108864 queue_latency_us=0 attempt=0
W0909 09:24:31.413952    1374 grpc_transport.cc:1186] Too many pending sends: 128
I0909 09:24:31.539493    1900 grpc_transport.cc:1414] [MEGASCALE_TRANSPORT_INSTR] Recv: key=ppermute.3_0|s200004->100004d|$c2$l-1877411269^i0 size=0 is_single_chunk=true is_aligned=true memcpy_needed=false
I0909 09:24:31.681369    2134 grpc_transport.cc:1414] [MEGASCALE_TRANSPORT_INSTR] Recv: key=ppermute.3_0|s200005->100005d|$c15$l-1877411269^i0 size=0 is_single_chunk=true is_aligned=true memcpy_needed=false
I0909 09:24:31.722417    1900 grpc_transport.cc:1743] [MEGASCALE_TRANSPORT_INSTR] SendRpc: key=ppermute.3_0|s100004->200004d|$c14$l-1877411268^i0 size=67108864 queue_latency_us=0 attempt=0
I0909 09:24:31.848952    1377 grpc_transport.cc:1414] [MEGASCALE_TRANSPORT_INSTR] Recv: key=ppermute.3_0|s200005->100005d|$c3$l-1877411268^i0 size=0 is_single_chunk=true is_aligned=true memcpy_needed=false
I0909 09:24:31.948396    2179 grpc_transport.cc:1743] [MEGASCALE_TRANSPORT_INSTR] SendRpc: key=ppermute.3_0|s100000->200000d|$c7$l-1877411267^i0 size=67108864 queue_latency_us=0 attempt=0
I0909 09:24:32.124172    1956 grpc_transport.cc:1414] [MEGASCALE_TRANSPORT_INSTR] Recv: key=ppermute.3_0|s200007->100007d|$c7$l-1877411267^i0 size=0 is_single_chunk=true is_aligned=true memcpy_needed=false
I0909 09:24:32.220260    1957 grpc_transport.cc:1743] [MEGASCALE_TRANSPORT_INSTR] SendRpc: key=ppermute.3_0|s100003->200003d|$c0$l-1877411266^i0 size=67108864 queue_latency_us=0 attempt=0
I0909 09:24:32.249961    1377 grpc_transport.cc:1743] [MEGASCALE_TRANSPORT_INSTR] SendRpc: key=ppermute.3_0|s100001->200001d|$c9$l-1877411266^i0 size=67108864 queue_latency_us=0 attempt=0
I0909 09:24:32.381935    1376 grpc_transport.cc:1414] [MEGASCALE_TRANSPORT_INSTR] Recv: key=ppermute.3_0|s200007->100007d|$c7$l-1877411266^i0 size=0 is_single_chunk=true is_aligned=true memcpy_needed=false
I0909 09:24:32.545199    1383 grpc_transport.cc:1743] [MEGASCALE_TRANSPORT_INSTR] SendRpc: key=ppermute.3_0|s100001->200001d|$c2$l-1877411265^i0 size=67108864 queue_latency_us=0 attempt=0
I0909 09:24:32.552423    1956 grpc_transport.cc:1414] [MEGASCALE_TRANSPORT_INSTR] Recv: key=ppermute.3_0|s200003->100003d|$c1$l-1877411265^i0 size=0 is_single_chunk=true is_aligned=true memcpy_needed=false
I0909 09:24:32.685450    1956 grpc_transport.cc:1414] [MEGASCALE_TRANSPORT_INSTR] Recv: key=ppermute.3_0|s200002->100002d|$c10$l-1877411265^i0 size=0 is_single_chunk=true is_aligned=true memcpy_needed=false
I0909 09:24:32.733385    1956 grpc_transport.cc:1743] [MEGASCALE_TRANSPORT_INSTR] SendRpc: key=ppermute.3_0|s100002->200002d|$c9$l-1877411264^i0 size=67108864 queue_latency_us=0 attempt=0
I0909 09:24:32.904958    1376 grpc_transport.cc:1414] [MEGASCALE_TRANSPORT_INSTR] Recv: key=ppermute.3_0|s200006->100006d|$c5$l-1877411264^i0 size=0 is_single_chunk=true is_aligned=true memcpy_needed=false
I0909 09:24:32.989067    1956 grpc_transport.cc:1743] [MEGASCALE_TRANSPORT_INSTR] SendRpc: key=ppermute.3_0|s100007->200007d|$c4$l-1877411263^i0 size=67108864 queue_latency_us=0 attempt=0
I0909 09:24:33.018851    1376 grpc_transport.cc:1743] [MEGASCALE_TRANSPORT_INSTR] SendRpc: key=ppermute.3_0|s100002->200002d|$c13$l-1877411263^i0 size=67108864 queue_latency_us=0 attempt=0
I0909 09:24:33.117462    1376 grpc_transport.cc:1414] [MEGASCALE_TRANSPORT_INSTR] Recv: key=ppermute.3_0|s200006->100006d|$c4$l-1877411263^i0 size=0 is_single_chunk=true is_aligned=true memcpy_needed=false
I0909 09:24:33.269444    2134 grpc_transport.cc:1743] [MEGASCALE_TRANSPORT_INSTR] SendRpc: key=ppermute.3_0|s100005->200005d|$c6$l-1877411262^i0 size=67108864 queue_latency_us=0 attempt=0
I0909 09:24:33.342754    1956 grpc_transport.cc:1414] [MEGASCALE_TRANSPORT_INSTR] Recv: key=ppermute.3_0|s200003->100003d|$c0$l-1877411262^i0 size=0 is_single_chunk=true is_aligned=true memcpy_needed=false
I0909 09:24:33.481420    1956 grpc_transport.cc:1414] [MEGASCALE_TRANSPORT_INSTR] Recv: key=ppermute.3_0|s200003->100003d|$c11$l-1877411262^i0 size=0 is_single_chunk=true is_aligned=true memcpy_needed=false
E0909 09:24:33.592027    2120 block_allocator.cc:227] Allocator failed to allocate: 67109056 bytes Allocator Stats. Total: 17179869184 Free: 7798784 Peak: 0
Outstanding :: 32768: 0 65536: 0 16384: 0 1024: 0 8192: 0 9437184: 0 8388608: 0 67108864: 0 68157440: 38 
Free :: 68157440: 0 8192: 8 1024: 16 16384: 7 65536: 4 9437184: 178 8388608: 722 32768: 4 67108864: 102 
W0909 09:24:33.592072    2120 communication_backend.cc:254] Allocation from allocator failed. Bytes:67109056 Error: RESOURCE_EXHAUSTED: Unable to allocate buffer of size: 67109056
=== Source Location Trace: === 
platforms/xla/megascale/runtime/common/block_allocator.cc:231
I0909 09:24:33.638995    1374 grpc_transport.cc:1743] [MEGASCALE_TRANSPORT_INSTR] SendRpc: key=ppermute.3_0|s100006->200006d|$c0$l-1877411261^i0 size=67108864 queue_latency_us=0 attempt=0
I0909 09:24:33.669039    1376 grpc_transport.cc:1414] [MEGASCALE_TRANSPORT_INSTR] Recv: key=ppermute.3_0|s200007->100007d|$c5$l-1877411261^i0 size=0 is_single_chunk=true is_aligned=true memcpy_needed=false
I0909 09:24:33.856488    2179 grpc_transport.cc:1743] [MEGASCALE_TRANSPORT_INSTR] SendRpc: key=ppermute.3_0|s100005->200005d|$c4$l-1877411260^i0 size=67108864 queue_latency_us=0 attempt=0
I0909 09:24:33.887643    1376 grpc_transport.cc:1743] [MEGASCALE_TRANSPORT_INSTR] SendRpc: key=ppermute.3_0|s100007->200007d|$c14$l-1877411260^i0 size=67108864 queue_latency_us=0 attempt=0
I0909 09:24:33.947623    2179 grpc_transport.cc:1414] [MEGASCALE_TRANSPORT_INSTR] Recv: key=ppermute.3_0|s200001->100001d|$c5$l-1877411260^i0 size=0 is_single_chunk=true is_aligned=true memcpy_needed=false
I0909 09:24:34.091971    1376 grpc_transport.cc:1743] [MEGASCALE_TRANSPORT_INSTR] SendRpc: key=ppermute.3_0|s100006->200006d|$c6$l-1877411259^i0 size=67108864 queue_latency_us=0 attempt=0
I0909 09:24:34.190579    1376 grpc_transport.cc:1414] [MEGASCALE_TRANSPORT_INSTR] Recv: key=ppermute.3_0|s200003->100003d|$c5$l-1877411259^i0 size=0 is_single_chunk=true is_aligned=true memcpy_needed=false
I0909 09:24:34.333371    2179 grpc_transport.cc:1414] [MEGASCALE_TRANSPORT_INSTR] Recv: key=ppermute.3_0|s200001->100001d|$c12$l-1877411259^i0 size=0 is_single_chunk=true is_aligned=true memcpy_needed=false
I0909 09:24:34.367139    2179 grpc_transport.cc:1743] [MEGASCALE_TRANSPORT_INSTR] SendRpc: key=ppermute.3_0|s100004->200004d|$c15$l-1877411258^i0 size=67108864 queue_latency_us=0 attempt=0
I0909 09:24:34.494366    1956 grpc_transport.cc:1414] [MEGASCALE_TRANSPORT_INSTR] Recv: key=ppermute.3_0|s200007->100007d|$c6$l-1877411258^i0 size=0 is_single_chunk=true is_aligned=true memcpy_needed=false
I0909 09:24:34.557585    1956 grpc_transport.cc:1743] [MEGASCALE_TRANSPORT_INSTR] SendRpc: key=ppermute.3_0|s100007->200007d|$c8$l-1877411257^i0 size=67108864 queue_latency_us=0 attempt=0
I0909 09:24:34.730510    1956 grpc_transport.cc:1414] [MEGASCALE_TRANSPORT_INSTR] Recv: key=ppermute.3_0|s200002->100002d|$c12$l-1877411257^i0 size=0 is_single_chunk=true is_aligned=true memcpy_needed=false
I0909 09:24:34.832015    1374 grpc_transport.cc:1743] [MEGASCALE_TRANSPORT_INSTR] SendRpc: key=ppermute.3_0|s100006->200006d|$c0$l-1877411256^i0 size=67108864 queue_latency_us=0 attempt=0
I0909 09:24:34.862635    2179 grpc_transport.cc:1743] [MEGASCALE_TRANSPORT_INSTR] SendRpc: key=ppermute.3_0|s100001->200001d|$c10$l-1877411256^i0 size=67108864 queue_latency_us=0 attempt=0
I0909 09:24:34.912996    2179 grpc_transport.cc:1414] [MEGASCALE_TRANSPORT_INSTR] Recv: key=ppermute.3_0|s200004->100004d|$c6$l-1877411256^i0 size=0 is_single_chunk=true is_aligned=true memcpy_needed=false
I0909 09:24:35.069848    1377 grpc_transport.cc:1743] [MEGASCALE_TRANSPORT_INSTR] SendRpc: key=ppermute.3_0|s100001->200001d|$c3$l-1877411255^i0 size=67108864 queue_latency_us=0 attempt=0
I0909 09:24:35.086996    2179 grpc_transport.cc:1414] [MEGASCALE_TRANSPORT_INSTR] Recv: key=ppermute.3_0|s200001->100001d|$c3$l-1877411255^i0 size=0 is_single_chunk=true is_aligned=true memcpy_needed=false
I0909 09:24:35.232964    1376 grpc_transport.cc:1414] [MEGASCALE_TRANSPORT_INSTR] Recv: key=ppermute.3_0|s200003->100003d|$c10$l-1877411255^i0 size=0 is_single_chunk=true is_aligned=true memcpy_needed=false
I0909 09:24:35.274901    1374 grpc_transport.cc:1743] [MEGASCALE_TRANSPORT_INSTR] SendRpc: key=ppermute.3_0|s100003->200003d|$c12$l-1877411254^i0 size=67108864 queue_latency_us=0 attempt=0
I0909 09:24:35.488020    1377 grpc_transport.cc:1414] [MEGASCALE_TRANSPORT_INSTR] Recv: key=ppermute.3_0|s200005->100005d|$c9$l-1877411254^i0 size=0 is_single_chunk=true is_aligned=true memcpy_needed=false
I0909 09:24:35.572284    1374 grpc_transport.cc:1743] [MEGASCALE_TRANSPORT_INSTR] SendRpc: key=ppermute.3_0|s100002->200002d|$c5$l-1877411253^i0 size=67108864 queue_latency_us=0 attempt=0
I0909 09:24:35.602127    2060 grpc_transport.cc:1743] [MEGASCALE_TRANSPORT_INSTR] SendRpc: key=ppermute.3_0|s100001->200001d|$c14$l-1877411253^i0 size=67108864 queue_latency_us=0 attempt=0
I0909 09:24:35.707099    1374 grpc_transport.cc:1414] [MEGASCALE_TRANSPORT_INSTR] Recv: key=ppermute.3_0|s200006->100006d|$c14$l-1877411253^i0 size=0 is_single_chunk=true is_aligned=true memcpy_needed=false
I0909 09:24:35.848041    2060 grpc_transport.cc:1743] [MEGASCALE_TRANSPORT_INSTR] SendRpc: key=ppermute.3_0|s100001->200001d|$c9$l-1877411252^i0 size=67108864 queue_latency_us=0 attempt=0
I0909 09:24:35.879979    1376 grpc_transport.cc:1414] [MEGASCALE_TRANSPORT_INSTR] Recv: key=ppermute.3_0|s200002->100002d|$c7$l-1877411252^i0 size=0 is_single_chunk=true is_aligned=true memcpy_needed=false
I0909 09:24:36.016366    2060 grpc_transport.cc:1414] [MEGASCALE_TRANSPORT_INSTR] Recv: key=ppermute.3_0|s200001->100001d|$c15$l-1877411252^i0 size=0 is_single_chunk=true is_aligned=true memcpy_needed=false
I0909 09:24:36.052050    1376 grpc_transport.cc:1743] [MEGASCALE_TRANSPORT_INSTR] SendRpc: key=ppermute.3_0|s100007->200007d|$c7$l-1877411251^i0 size=67108864 queue_latency_us=0 attempt=0
I0909 09:24:36.310127    1376 grpc_transport.cc:1414] [MEGASCALE_TRANSPORT_INSTR] Recv: key=ppermute.3_0|s200006->100006d|$c6$l-1877411251^i0 size=0 is_single_chunk=true is_aligned=true memcpy_needed=false
I0909 09:24:36.375785    2134 grpc_transport.cc:1743] [MEGASCALE_TRANSPORT_INSTR] SendRpc: key=ppermute.3_0|s100001->200001d|$c5$l-1877411250^i0 size=67108864 queue_latency_us=0 attempt=0
I0909 09:24:36.406988    1376 grpc_transport.cc:1743] [MEGASCALE_TRANSPORT_INSTR] SendRpc: key=ppermute.3_0|s100007->200007d|$c15$l-1877411250^i0 size=67108864 queue_latency_us=0 attempt=0
I0909 09:24:36.465503    2179 grpc_transport.cc:1414] [MEGASCALE_TRANSPORT_INSTR] Recv: key=ppermute.3_0|s200001->100001d|$c11$l-1877411250^i0 size=0 is_single_chunk=true is_aligned=true memcpy_needed=false
I0909 09:24:36.625079    1376 grpc_transport.cc:1743] [MEGASCALE_TRANSPORT_INSTR] SendRpc: key=ppermute.3_0|s100002->200002d|$c7$l-1877411249^i0 size=67108864 queue_latency_us=0 attempt=0
I0909 09:24:36.722889    2134 grpc_transport.cc:1414] [MEGASCALE_TRANSPORT_INSTR] Recv: key=ppermute.3_0|s200005->100005d|$c5$l-1877411249^i0 size=0 is_single_chunk=true is_aligned=true memcpy_needed=false
I0909 09:24:36.855609    1373 grpc_transport.cc:1414] [MEGASCALE_TRANSPORT_INSTR] Recv: key=ppermute.3_0|s200002->100002d|$c15$l-1877411249^i0 size=0 is_single_chunk=true is_aligned=true memcpy_needed=false
I0909 09:24:36.893049    2134 grpc_transport.cc:1743] [MEGASCALE_TRANSPORT_INSTR] SendRpc: key=ppermute.3_0|s100005->200005d|$c0$l-1877411248^i0 size=67108864 queue_latency_us=0 attempt=0
I0909 09:24:37.078863    1373 grpc_transport.cc:1414] [MEGASCALE_TRANSPORT_INSTR] Recv: key=ppermute.3_0|s200003->100003d|$c5$l-1877411248^i0 size=0 is_single_chunk=true is_aligned=true memcpy_needed=false
I0909 09:24:37.142510    1377 grpc_transport.cc:1743] [MEGASCALE_TRANSPORT_INSTR] SendRpc: key=ppermute.3_0|s100004->200004d|$c9$l-1877411247^i0 size=67108864 queue_latency_us=0 attempt=0
I0909 09:24:37.317147    1373 grpc_transport.cc:1414] [MEGASCALE_TRANSPORT_INSTR] Recv: key=ppermute.3_0|s200002->100002d|$c11$l-1877411247^i0 size=0 is_single_chunk=true is_aligned=true memcpy_needed=false
I0909 09:24:37.411911    1377 grpc_transport.cc:1743] [MEGASCALE_TRANSPORT_INSTR] SendRpc: key=ppermute.3_0|s100004->200004d|$c2$l-1877411246^i0 size=67108864 queue_latency_us=0 attempt=0
I0909 09:24:37.441856    1377 grpc_transport.cc:1743] [MEGASCALE_TRANSPORT_INSTR] SendRpc: key=ppermute.3_0|s100005->200005d|$c11$l-1877411246^i0 size=67108864 queue_latency_us=0 attempt=0
I0909 09:24:37.558431    1376 grpc_transport.cc:1414] [MEGASCALE_TRANSPORT_INSTR] Recv: key=ppermute.3_0|s200002->100002d|$c7$l-1877411246^i0 size=0 is_single_chunk=true is_aligned=true memcpy_needed=false
I0909 09:24:37.707561    2134 grpc_transport.cc:1743] [MEGASCALE_TRANSPORT_INSTR] SendRpc: key=ppermute.3_0|s100000->200000d|$c14$l-1877411245^i0 size=67108864 queue_latency_us=0 attempt=0
I0909 09:24:37.755281    2134 grpc_transport.cc:1414] [MEGASCALE_TRANSPORT_INSTR] Recv: key=ppermute.3_0|s200004->100004d|$c1$l-1877411245^i0 size=0 is_single_chunk=true is_aligned=true memcpy_needed=false
I0909 09:24:37.901684    2179 grpc_transport.cc:1414] [MEGASCALE_TRANSPORT_INSTR] Recv: key=ppermute.3_0|s200004->100004d|$c13$l-1877411245^i0 size=0 is_single_chunk=true is_aligned=true memcpy_needed=false
I0909 09:24:37.953551    1377 grpc_transport.cc:1743] [MEGASCALE_TRANSPORT_INSTR] SendRpc: key=ppermute.3_0|s100004->200004d|$c13$l-1877411244^i0 size=67108864 queue_latency_us=0 attempt=0
I0909 09:24:38.142041    1376 grpc_transport.cc:1414] [MEGASCALE_TRANSPORT_INSTR] Recv: key=ppermute.3_0|s200007->100007d|$c9$l-1877411244^i0 size=0 is_single_chunk=true is_aligned=true memcpy_needed=false
I0909 09:24:38.218713    2179 grpc_transport.cc:1743] [MEGASCALE_TRANSPORT_INSTR] SendRpc: key=ppermute.3_0|s100000->200000d|$c6$l-1877411243^i0 size=67108864 queue_latency_us=0 attempt=0
I0909 09:24:38.249771    1377 grpc_transport.cc:1743] [MEGASCALE_TRANSPORT_INSTR] SendRpc: key=ppermute.3_0|s100005->200005d|$c15$l-1877411243^i0 size=67108864 queue_latency_us=0 attempt=0
I0909 09:24:38.312999    1376 grpc_transport.cc:1414] [MEGASCALE_TRANSPORT_INSTR] Recv: key=ppermute.3_0|s200006->100006d|$c8$l-1877411243^i0 size=0 is_single_chunk=true is_aligned=true memcpy_needed=false
I0909 09:24:38.453789    1377 grpc_transport.cc:1743] [MEGASCALE_TRANSPORT_INSTR] SendRpc: key=ppermute.3_0|s100005->200005d|$c8$l-1877411242^i0 size=67108864 queue_latency_us=0 attempt=0
I0909 09:24:38.517941    1376 grpc_transport.cc:1414] [MEGASCALE_TRANSPORT_INSTR] Recv: key=ppermute.3_0|s200006->100006d|$c5$l-1877411242^i0 size=0 is_single_chunk=true is_aligned=true memcpy_needed=false
I0909 09:24:38.648929    1730 grpc_transport.cc:1414] [MEGASCALE_TRANSPORT_INSTR] Recv: key=ppermute.3_0|s200002->100002d|$c15$l-1877411242^i0 size=0 is_single_chunk=true is_aligned=true memcpy_needed=false
I0909 09:24:38.682881    1377 grpc_transport.cc:1743] [MEGASCALE_TRANSPORT_INSTR] SendRpc: key=ppermute.3_0|s100001->200001d|$c4$l-1877411241^i0 size=67108864 queue_latency_us=0 attempt=0
I0909 09:24:38.843022    2134 grpc_transport.cc:1414] [MEGASCALE_TRANSPORT_INSTR] Recv: key=ppermute.3_0|s200005->100005d|$c12$l-1877411241^i0 size=0 is_single_chunk=true is_aligned=true memcpy_needed=false
I0909 09:24:38.925156    2134 grpc_transport.cc:1743] [MEGASCALE_TRANSPORT_INSTR] SendRpc: key=ppermute.3_0|s100004->200004d|$c6$l-1877411240^i0 size=67108864 queue_latency_us=0 attempt=0
I0909 09:24:38.956927    2134 grpc_transport.cc:1743] [MEGASCALE_TRANSPORT_INSTR] SendRpc: key=ppermute.3_0|s100000->200000d|$c15$l-1877411240^i0 size=67108864 queue_latency_us=0 attempt=0
I0909 09:24:39.013381    2134 grpc_transport.cc:1414] [MEGASCALE_TRANSPORT_INSTR] Recv: key=ppermute.3_0|s200001->100001d|$c7$l-1877411240^i0 size=0 is_single_chunk=true is_aligned=true memcpy_needed=false
I0909 09:24:39.163125    1373 grpc_transport.cc:1743] [MEGASCALE_TRANSPORT_INSTR] SendRpc: key=ppermute.3_0|s100006->200006d|$c8$l-1877411239^i0 size=67108864 queue_latency_us=0 attempt=0
I0909 09:24:39.239841    1377 grpc_transport.cc:1414] [MEGASCALE_TRANSPORT_INSTR] Recv: key=ppermute.3_0|s200001->100001d|$c5$l-1877411239^i0 size=0 is_single_chunk=true is_aligned=true memcpy_needed=false
I0909 09:24:39.378999    2134 grpc_transport.cc:1414] [MEGASCALE_TRANSPORT_INSTR] Recv: key=ppermute.3_0|s200004->100004d|$c15$l-1877411239^i0 size=0 is_single_chunk=true is_aligned=true memcpy_needed=false
I0909 09:24:39.412399    1373 grpc_transport.cc:1743] [MEGASCALE_TRANSPORT_INSTR] SendRpc: key=ppermute.3_0|s100007->200007d|$c12$l-1877411238^i0 size=67108864 queue_latency_us=0 attempt=0
I0909 09:24:39.606492    2134 grpc_transport.cc:1414] [MEGASCALE_TRANSPORT_INSTR] Recv: key=ppermute.3_0|s200000->100000d|$c10$l-1877411238^i0 size=0 is_single_chunk=true is_aligned=true memcpy_needed=false
I0909 09:24:39.666550    1373 grpc_transport.cc:1743] [MEGASCALE_TRANSPORT_INSTR] SendRpc: key=ppermute.3_0|s100007->200007d|$c10$l-1877411237^i0 size=67108864 queue_latency_us=0 attempt=0
I0909 09:24:39.776425    1376 grpc_transport.cc:1414] [MEGASCALE_TRANSPORT_INSTR] Recv: key=ppermute.3_0|s200002->100002d|$c3$l-1877411237^i0 size=0 is_single_chunk=true is_aligned=true memcpy_needed=false
I0909 09:24:39.883034    1373 grpc_transport.cc:1743] [MEGASCALE_TRANSPORT_INSTR] SendRpc: key=ppermute.3_0|s100006->200006d|$c3$l-1877411236^i0 size=67108864 queue_latency_us=0 attempt=0
I0909 09:24:39.912771    1373 grpc_transport.cc:1743] [MEGASCALE_TRANSPORT_INSTR] SendRpc: key=ppermute.3_0|s100007->200007d|$c12$l-1877411236^i0 size=67108864 queue_latency_us=0 attempt=0
I0909 09:24:40.011852    1376 grpc_transport.cc:1414] [MEGASCALE_TRANSPORT_INSTR] Recv: key=ppermute.3_0|s200006->100006d|$c10$l-1877411236^i0 size=0 is_single_chunk=true is_aligned=true memcpy_needed=false
I0909 09:24:40.188560    1376 grpc_transport.cc:1743] [MEGASCALE_TRANSPORT_INSTR] SendRpc: key=ppermute.3_0|s100007->200007d|$c9$l-1877411235^i0 size=67108864 queue_latency_us=0 attempt=0
I0909 09:24:40.217037    1376 grpc_transport.cc:1414] [MEGASCALE_TRANSPORT_INSTR] Recv: key=ppermute.3_0|s200003->100003d|$c4$l-1877411235^i0 size=0 is_single_chunk=true is_aligned=true memcpy_needed=false
I0909 09:24:40.352972    1373 grpc_transport.cc:1414] [MEGASCALE_TRANSPORT_INSTR] Recv: key=ppermute.3_0|s200002->100002d|$c13$l-1877411235^i0 size=0 is_single_chunk=true is_aligned=true memcpy_needed=false
I0909 09:24:40.398779    1373 grpc_transport.cc:1743] [MEGASCALE_TRANSPORT_INSTR] SendRpc: key=ppermute.3_0|s100006->200006d|$c2$l-1877411234^i0 size=67108864 queue_latency_us=0 attempt=0
I0909 09:24:40.617690    2060 grpc_transport.cc:1414] [MEGASCALE_TRANSPORT_INSTR] Recv: key=ppermute.3_0|s200005->100005d|$c8$l-1877411234^i0 size=0 is_single_chunk=true is_aligned=true memcpy_needed=false
I0909 09:24:40.687244    1376 grpc_transport.cc:1743] [MEGASCALE_TRANSPORT_INSTR] SendRpc: key=ppermute.3_0|s100006->200006d|$c7$l-1877411233^i0 size=67108864 queue_latency_us=0 attempt=0
I0909 09:24:40.789812    1376 grpc_transport.cc:1414] [MEGASCALE_TRANSPORT_INSTR] Recv: key=ppermute.3_0|s200002->100002d|$c11$l-1877411233^i0 size=0 is_single_chunk=true is_aligned=true memcpy_needed=false
I0909 09:24:40.895862    1373 grpc_transport.cc:1743] [MEGASCALE_TRANSPORT_INSTR] SendRpc: key=ppermute.3_0|s100003->200003d|$c0$l-1877411232^i0 size=67108864 queue_latency_us=0 attempt=0
I0909 09:24:40.925599    1377 grpc_transport.cc:1743] [MEGASCALE_TRANSPORT_INSTR] SendRpc: key=ppermute.3_0|s100001->200001d|$c13$l-1877411232^i0 size=67108864 queue_latency_us=0 attempt=0
I0909 09:24:41.028987    2060 grpc_transport.cc:1414] [MEGASCALE_TRANSPORT_INSTR] Recv: key=ppermute.3_0|s200001->100001d|$c6$l-1877411232^i0 size=0 is_single_chunk=true is_aligned=true memcpy_needed=false
I0909 09:24:41.196387    1377 grpc_transport.cc:1743] [MEGASCALE_TRANSPORT_INSTR] SendRpc: key=ppermute.3_0|s100005->200005d|$c2$l-1877411231^i0 size=67108864 queue_latency_us=0 attempt=0
I0909 09:24:41.256884    2060 grpc_transport.cc:1414] [MEGASCALE_TRANSPORT_INSTR] Recv: key=ppermute.3_0|s200001->100001d|$c1$l-1877411231^i0 size=0 is_single_chunk=true is_aligned=true memcpy_needed=false
I0909 09:24:41.398452    1377 grpc_transport.cc:1414] [MEGASCALE_TRANSPORT_INSTR] Recv: key=ppermute.3_0|s200000->100000d|$c10$l-1877411231^i0 size=0 is_single_chunk=true is_aligned=true memcpy_needed=false
I0909 09:24:41.472238    2060 grpc_transport.cc:1743] [MEGASCALE_TRANSPORT_INSTR] SendRpc: key=ppermute.3_0|s100000->200000d|$c6$l-1877411230^i0 size=67108864 queue_latency_us=0 attempt=0
I0909 09:24:41.561929    1373 grpc_transport.cc:1414] [MEGASCALE_TRANSPORT_INSTR] Recv: key=ppermute.3_0|s200003->100003d|$c8$l-1877411230^i0 size=0 is_single_chunk=true is_aligned=true memcpy_needed=false
I0909 09:24:41.682574    1373 grpc_transport.cc:1743] [MEGASCALE_TRANSPORT_INSTR] SendRpc: key=ppermute.3_0|s100006->200006d|$c0$l-1877411229^i0 size=67108864 queue_latency_us=0 attempt=0
I0909 09:24:41.712124    1376 grpc_transport.cc:1743] [MEGASCALE_TRANSPORT_INSTR] SendRpc: key=ppermute.3_0|s100002->200002d|$c9$l-1877411229^i0 size=67108864 queue_latency_us=0 attempt=0
I0909 09:24:41.810695    1373 grpc_transport.cc:1414] [MEGASCALE_TRANSPORT_INSTR] Recv: key=ppermute.3_0|s200003->100003d|$c4$l-1877411229^i0 size=0 is_single_chunk=true is_aligned=true memcpy_needed=false
I0909 09:24:41.974890    2060 grpc_transport.cc:1743] [MEGASCALE_TRANSPORT_INSTR] SendRpc: key=ppermute.3_0|s100004->200004d|$c15$l-1877411228^i0 size=67108864 queue_latency_us=0 attempt=0
I0909 09:24:42.014836    1376 grpc_transport.cc:1414] [MEGASCALE_TRANSPORT_INSTR] Recv: key=ppermute.3_0|s200006->100006d|$c0$l-1877411228^i0 size=0 is_single_chunk=true is_aligned=true memcpy_needed=false
I0909 09:24:42.156326    2060 grpc_transport.cc:1414] [MEGASCALE_TRANSPORT_INSTR] Recv: key=ppermute.3_0|s200005->100005d|$c10$l-1877411228^i0 size=0 is_single_chunk=true is_aligned=true memcpy_needed=false
I0909 09:24:42.207866    1376 grpc_transport.cc:1743] [MEGASCALE_TRANSPORT_INSTR] SendRpc: key=ppermute.3_0|s100002->200002d|$c2$l-1877411227^i0 size=67108864 queue_latency_us=0 attempt=0
I0909 09:24:42.366187    1376 grpc_transport.cc:1414] [MEGASCALE_TRANSPORT_INSTR] Recv: key=ppermute.3_0|s200007->100007d|$c2$l-1877411227^i0 size=0 is_single_chunk=true is_aligned=true memcpy_needed=false
I0909 09:24:42.454115    1376 grpc_transport.cc:1743] [MEGASCALE_TRANSPORT_INSTR] SendRpc: key=ppermute.3_0|s100007->200007d|$c4$l-1877411226^i0 size=67108864 queue_latency_us=0 attempt=0
I0909 09:24:42.485537    1376 grpc_transport.cc:1743] [MEGASCALE_TRANSPORT_INSTR] SendRpc: key=ppermute.3_0|s100002->200002d|$c14$l-1877411226^i0 size=67108864 queue_latency_us=0 attempt=0
I0909 09:24:42.543145    2179 grpc_transport.cc:1414] [MEGASCALE_TRANSPORT_INSTR] Recv: key=ppermute.3_0|s200001->100001d|$c14$l-1877411226^i0 size=0 is_single_chunk=true is_aligned=true memcpy_needed=false
I0909 09:24:42.685372    1376 grpc_transport.cc:1743] [MEGASCALE_TRANSPORT_INSTR] SendRpc: key=ppermute.3_0|s100006->200006d|$c10$l-1877411225^i0 size=67108864 queue_latency_us=0 attempt=0
I0909 09:24:42.791505    1376 grpc_transport.cc:1414] [MEGASCALE_TRANSPORT_INSTR] Recv: key=ppermute.3_0|s200002->100002d|$c3$l-1877411225^i0 size=0 is_single_chunk=true is_aligned=true memcpy_needed=false
I0909 09:24:42.928760    1377 grpc_transport.cc:1414] [MEGASCALE_TRANSPORT_INSTR] Recv: key=ppermute.3_0|s200004->100004d|$c13$l-1877411225^i0 size=0 is_single_chunk=true is_aligned=true memcpy_needed=false
I0909 09:24:42.968142    1376 grpc_transport.cc:1743] [MEGASCALE_TRANSPORT_INSTR] SendRpc: key=ppermute.3_0|s100006->200006d|$c6$l-1877411224^i0 size=67108864 queue_latency_us=0 attempt=0
I0909 09:24:43.127237    1377 grpc_transport.cc:1414] [MEGASCALE_TRANSPORT_INSTR] Recv: key=ppermute.3_0|s200000->100000d|$c5$l-1877411224^i0 size=0 is_single_chunk=true is_aligned=true memcpy_needed=false
I0909 09:24:43.203105    1376 grpc_transport.cc:1743] [MEGASCALE_TRANSPORT_INSTR] SendRpc: key=ppermute.3_0|s100006->200006d|$c0$l-1877411223^i0 size=67108864 queue_latency_us=0 attempt=0
I0909 09:24:43.399655    1376 grpc_transport.cc:1414] [MEGASCALE_TRANSPORT_INSTR] Recv: key=ppermute.3_0|s200002->100002d|$c11$l-1877411223^i0 size=0 is_single_chunk=true is_aligned=true memcpy_needed=false
I0909 09:24:43.494018    1376 grpc_transport.cc:1743] [MEGASCALE_TRANSPORT_INSTR] SendRpc: key=ppermute.3_0|s100007->200007d|$c1$l-1877411222^i0 size=67108864 queue_latency_us=0 attempt=0
I0909 09:24:43.524564    2060 grpc_transport.cc:1743] [MEGASCALE_TRANSPORT_INSTR] SendRpc: key=ppermute.3_0|s100005->200005d|$c10$l-1877411222^i0 size=67108864 queue_latency_us=0 attempt=0
I0909 09:24:43.577284    1376 grpc_transport.cc:1414] [MEGASCALE_TRANSPORT_INSTR] Recv: key=ppermute.3_0|s200002->100002d|$c10$l-1877411222^i0 size=0 is_single_chunk=true is_aligned=true memcpy_needed=false
I0909 09:24:43.739192    1376 grpc_transport.cc:1743] [MEGASCALE_TRANSPORT_INSTR] SendRpc: key=ppermute.3_0|s100006->200006d|$c3$l-1877411221^i0 size=67108864 queue_latency_us=0 attempt=0
I0909 09:24:43.768953    2060 grpc_transport.cc:1414] [MEGASCALE_TRANSPORT_INSTR] Recv: key=ppermute.3_0|s200004->100004d|$c0$l-1877411221^i0 size=0 is_single_chunk=true is_aligned=true memcpy_needed=false
I0909 09:24:43.910123    1376 grpc_transport.cc:1414] [MEGASCALE_TRANSPORT_INSTR] Recv: key=ppermute.3_0|s200006->100006d|$c12$l-1877411221^i0 size=0 is_single_chunk=true is_aligned=true memcpy_needed=false
I0909 09:24:43.954744      44 megascale_context.cc:439] Destroying MegaScale PjrtExecutableContext: jit_op
MANUAL_AR_RESULT {"batch": 10, "benchmark": "manual_ar", "host_gbps_best": 283.98948722953963, "host_gbps_median": 270.64917355918163, "matrix_dim": 32768, "network_delta": {"cilium_host": {"rx_bytes": 0, "tx_bytes": 0}, "cilium_net": {"rx_bytes": 0, "tx_bytes": 0}, "docker0": {"rx_bytes": 0, "tx_bytes": 0}, "eth0": {"rx_bytes": 531997, "tx_bytes": 6970222}, "eth1": {"rx_bytes": 692763032988, "tx_bytes": 690578165200}, "eth2": {"rx_bytes": 692683978126, "tx_bytes": 689413973676}, "lo": {"rx_bytes": 5073489, "tx_bytes": 5073489}, "lxc1005429a54eb": {"rx_bytes": 590, "tx_bytes": 1047}, "lxc1dfebc52c3c2": {"rx_bytes": 7629, "tx_bytes": 58028}, "lxc3ec5f1141ade": {"rx_bytes": 2292581, "tx_bytes": 676687}, "lxc89e2621594eb": {"rx_bytes": 26910, "tx_bytes": 3080}, "lxc998fc01e160c": {"rx_bytes": 28202, "tx_bytes": 5198}}, "participants_per_slice": 8, "reps": 10, "shard_bytes_per_device": 1073741824.0, "time_ms_all": [272.448360605631, 243.73506699921563, 271.69639579951763, 241.97894579265267, 253.5161362029612, 267.35256270039827, 251.53084000339732, 254.55413960153237, 254.2960683000274, 249.1939462022856], "time_ms_best": 241.97894579265267, "time_ms_median": 253.9061022514943, "variant": "exchange_add", "warmups": 60}
MANUAL_AR_SUMMARY {"exchange_add@32768": 284.0, "psum@32768": 262.2}
I0909 09:24:43.960032      44 megascale_context.cc:439] Destroying MegaScale PjrtExecutableContext: jit__identity_fn
W0909 09:24:43.964195    1022 pjrt_client.h:601] UpdateGlobalProcessInfo is not supported.
I0909 09:24:43.986462      44 allocator_stats_reporter.cc:147] Stopping AllocatorStatsReporter. Reporting one last time first.
I0909 09:24:43.986633     765 tpu_diagnostic_coordinator.cc:565] TpuStallWorker thread exiting.
I0909 09:24:44.043852      44 tpunetd_client.cc:431] Session master stopping the session...
I0909 09:24:44.044137    1012 session_worker_service.cc:115] Session master notifies the worker to disconnect from session a331e401ea8cc6b7
I0909 09:24:44.044216      44 tpunetd_client.cc:433] Session master stopped the session.
I0909 09:24:44.044233      44 tpunetd_client.cc:438] Session manager stopping the session...
I0909 09:24:44.169157      44 tpunetd_client.cc:440] Session manager stopped the session.
I0909 09:24:49.336799    2056 async_driver.cc:1178] [/dev/vfio/4 tpu660:pe0:0] vf_id:0 Driver closed.
I0909 09:24:49.348515    2076 async_driver.cc:1178] [/dev/vfio/1 tpu660:pe0:3] vf_id:0 Driver closed.
I0909 09:24:49.424026     142 async_driver.cc:1178] [/dev/vfio/5 tpu660:pe0:1] vf_id:0 Driver closed.
I0909 09:24:49.713053     817 async_driver.cc:1178] [/dev/vfio/6 tpu660:pe0:2] vf_id:0 Driver closed.
I0909 09:24:49.715902    2076 megascale_context.cc:439] Destroying MegaScale PjrtExecutableContext: jit__identity_fn
I0909 09:24:49.715978    2076 megascale_context.cc:1131] Destroying MegaScale PjrtClientContext.
