DCN_HOSTNETWORK_PREFLIGHT_BEGIN
host=gke-tpu-edbc8be2-k600 pod_ip=10.240.0.34 node_ip=10.240.0.34
tcp_rmem=4096	41943040	314572800
lo               UNKNOWN        127.0.0.1/8 169.254.169.252/32 ::1/128 
eth0             UP             10.240.0.34/32 metric 1024 fe80::4001:aff:fef0:22/64 
eth1             UP             10.240.96.9/32 metric 1024 fe80::4001:aff:fef0:6009/64 
eth2             UP             10.240.48.9/32 metric 1024 fe80::4001:aff:fef0:3009/64 
docker0          DOWN           169.254.123.1/24 
lxc1005429a54eb@if6 UP             169.254.4.6/32 fe80::e8b1:73ff:fea8:6506/64 
cilium_net@cilium_host UP             fe80::2c3c:d5ff:fe6b:e51/64 
cilium_host@cilium_net UP             169.254.4.6/32 fe80::6c05:c4ff:fea1:1e6f/64 
lxc1dfebc52c3c2@if14 UP             169.254.4.6/32 fe80::9008:eeff:fef4:9926/64 
lxc89e2621594eb@if254 UP             169.254.4.6/32 fe80::9c97:bff:fe53:814a/64 
lxc3ec5f1141ade@if256 UP             169.254.4.6/32 fe80::30c0:15ff:fe80:c535/64 
lxc998fc01e160c@if284 UP             169.254.4.6/32 fe80::dc39:deff:fe21:654/64 
default via 10.240.0.1 dev eth0 proto dhcp src 10.240.0.34 metric 1024 quickack 1 
default via 10.240.0.1 dev eth0 proto dhcp src 10.240.0.34 metric 1024 
10.228.6.130 dev lxc1005429a54eb proto kernel scope link 
10.228.6.133 dev lxc1dfebc52c3c2 proto kernel scope link 
10.228.6.145 dev lxc998fc01e160c proto kernel scope link 
10.228.6.253 dev lxc89e2621594eb proto kernel scope link 
10.228.6.254 dev lxc3ec5f1141ade proto kernel scope link 
10.240.0.0/20 via 10.240.0.1 dev eth0 proto dhcp src 10.240.0.34 metric 1024 quickack 1 
10.240.0.0/20 via 10.240.0.1 dev eth0 proto dhcp src 10.240.0.34 metric 1024 
10.240.0.1 dev eth0 proto dhcp scope link src 10.240.0.34 metric 1024 quickack 1 
10.240.0.1 dev eth0 proto dhcp scope link src 10.240.0.34 metric 1024 
10.240.48.0/20 via 10.240.48.1 dev eth2 proto dhcp src 10.240.48.9 metric 1024 quickack 1 
10.240.48.0/20 via 10.240.48.1 dev eth2 proto dhcp src 10.240.48.9 metric 1024 
10.240.48.1 dev eth2 proto dhcp scope link src 10.240.48.9 metric 1024 quickack 1 
10.240.48.1 dev eth2 proto dhcp scope link src 10.240.48.9 metric 1024 
10.240.96.0/20 via 10.240.96.1 dev eth1 proto dhcp src 10.240.96.9 metric 1024 quickack 1 
10.240.96.0/20 via 10.240.96.1 dev eth1 proto dhcp src 10.240.96.9 metric 1024 
10.240.96.1 dev eth1 proto dhcp scope link src 10.240.96.9 metric 1024 quickack 1 
10.240.96.1 dev eth1 proto dhcp scope link src 10.240.96.9 metric 1024 
169.254.123.0/24 dev docker0 proto kernel scope link src 169.254.123.1 linkdown 
169.254.169.254 via 10.240.0.1 dev eth0 proto dhcp src 10.240.0.34 metric 1024 quickack 1 
169.254.169.254 via 10.240.0.1 dev eth0 proto dhcp src 10.240.0.34 metric 1024 
interface=eth0 speed_mbps=200000
interface=eth1 speed_mbps=200000
interface=eth2 speed_mbps=200000
interface=lo speed_mbps=
DCN_HOSTNETWORK_PREFLIGHT_END
Looking in links: https://storage.googleapis.com/jax-releases/libtpu_releases.html
Collecting jax==0.11.0 (from jax[tpu]==0.11.0)
  Downloading jax-0.11.0-py3-none-any.whl.metadata (13 kB)
Collecting libtpu==0.0.44
  Downloading libtpu-0.0.44-cp312-cp312-manylinux_2_31_x86_64.whl.metadata (1.5 kB)
Collecting jaxlib<=0.11.0,>=0.11.0 (from jax==0.11.0->jax[tpu]==0.11.0)
  Downloading jaxlib-0.11.0-cp312-cp312-manylinux_2_27_x86_64.whl.metadata (1.3 kB)
Collecting ml_dtypes>=0.5.0 (from jax==0.11.0->jax[tpu]==0.11.0)
  Downloading ml_dtypes-0.6.0-cp312-cp312-manylinux_2_27_x86_64.manylinux_2_28_x86_64.whl.metadata (8.8 kB)
Collecting numpy>=2.1 (from jax==0.11.0->jax[tpu]==0.11.0)
  Downloading numpy-2.5.3-cp312-cp312-manylinux_2_27_x86_64.manylinux_2_28_x86_64.whl.metadata (6.6 kB)
Collecting opt_einsum (from jax==0.11.0->jax[tpu]==0.11.0)
  Downloading opt_einsum-3.4.0-py3-none-any.whl.metadata (6.3 kB)
Collecting scipy>=1.15 (from jax==0.11.0->jax[tpu]==0.11.0)
  Downloading scipy-1.18.1-cp312-cp312-manylinux_2_27_x86_64.manylinux_2_28_x86_64.whl.metadata (62 kB)
Collecting requests (from jax[tpu]==0.11.0)
  Downloading requests-2.34.2-py3-none-any.whl.metadata (4.8 kB)
Collecting charset_normalizer<4,>=2 (from requests->jax[tpu]==0.11.0)
  Downloading charset_normalizer-3.5.1-cp312-cp312-manylinux2014_x86_64.manylinux_2_17_x86_64.manylinux_2_28_x86_64.whl.metadata (45 kB)
Collecting idna<4,>=2.5 (from requests->jax[tpu]==0.11.0)
  Downloading idna-3.19-py3-none-any.whl.metadata (9.2 kB)
Collecting urllib3<3,>=1.26 (from requests->jax[tpu]==0.11.0)
  Downloading urllib3-2.7.0-py3-none-any.whl.metadata (6.9 kB)
Collecting certifi>=2023.5.7 (from requests->jax[tpu]==0.11.0)
  Downloading certifi-2026.7.22-py3-none-any.whl.metadata (2.5 kB)
Downloading jax-0.11.0-py3-none-any.whl (3.3 MB)
   ━━━━━━━━━━━━━━━━━━━━━━━━━━━━━━━━━━━━━━━━ 3.3/3.3 MB 84.4 MB/s eta 0:00:00
Downloading libtpu-0.0.44-cp312-cp312-manylinux_2_31_x86_64.whl (215.6 MB)
   ━━━━━━━━━━━━━━━━━━━━━━━━━━━━━━━━━━━━━━━ 215.6/215.6 MB 258.1 MB/s eta 0:00:00
Downloading jaxlib-0.11.0-cp312-cp312-manylinux_2_27_x86_64.whl (87.3 MB)
   ━━━━━━━━━━━━━━━━━━━━━━━━━━━━━━━━━━━━━━━━ 87.3/87.3 MB 239.9 MB/s eta 0:00:00
Downloading ml_dtypes-0.6.0-cp312-cp312-manylinux_2_27_x86_64.manylinux_2_28_x86_64.whl (409 kB)
Downloading numpy-2.5.3-cp312-cp312-manylinux_2_27_x86_64.manylinux_2_28_x86_64.whl (16.7 MB)
   ━━━━━━━━━━━━━━━━━━━━━━━━━━━━━━━━━━━━━━━━ 16.7/16.7 MB 244.3 MB/s eta 0:00:00
Downloading scipy-1.18.1-cp312-cp312-manylinux_2_27_x86_64.manylinux_2_28_x86_64.whl (35.3 MB)
   ━━━━━━━━━━━━━━━━━━━━━━━━━━━━━━━━━━━━━━━━ 35.3/35.3 MB 247.7 MB/s eta 0:00:00
Downloading opt_einsum-3.4.0-py3-none-any.whl (71 kB)
Downloading requests-2.34.2-py3-none-any.whl (73 kB)
Downloading certifi-2026.7.22-py3-none-any.whl (136 kB)
Downloading charset_normalizer-3.5.1-cp312-cp312-manylinux2014_x86_64.manylinux_2_17_x86_64.manylinux_2_28_x86_64.whl (248 kB)
Downloading idna-3.19-py3-none-any.whl (68 kB)
Downloading urllib3-2.7.0-py3-none-any.whl (131 kB)
Installing collected packages: urllib3, opt_einsum, numpy, libtpu, idna, charset_normalizer, certifi, scipy, requests, ml_dtypes, jaxlib, jax
Successfully installed certifi-2026.7.22 charset_normalizer-3.5.1 idna-3.19 jax-0.11.0 jaxlib-0.11.0 libtpu-0.0.44 ml_dtypes-0.6.0 numpy-2.5.3 opt_einsum-3.4.0 requests-2.34.2 scipy-1.18.1 urllib3-2.7.0

[notice] A new release of pip is available: 25.0.1 -> 26.2.1
[notice] To update, run: python3.12 -m pip install --upgrade pip
ab32f8deaf1cdd171ebdb13a1922e8665a02cc67
DCN_VERSION_CHECK {'jax': '0.11.0', 'jaxlib': '0.11.0', 'libtpu': '0.0.44'}
ERROR: Accessing retired flag 'eventmanager2_as_default_eventmanager'
I0909 09:20:10.191865      44 b295d63588a.cc:792] Linux version 6.12.94+ (builder@b181c7a13d4c) (Chromium OS 17.0_pre498229-r33 clang version 17.0.0 (/mnt/host/source/src/third_party/llvm-project 14f0776550b5a49e1c42f49a00213f7f3fa047bf), LLD 17.0.0) #1 SMP Mon Jul 27 22:05:55 UTC 2026
I0909 09:20:10.192188      44 b295d63588a.cc:876] Process id 44
I0909 09:20:10.192203      44 b295d63588a.cc:882] Current working directory /jax-ai-image
I0909 09:20:10.192210      44 b295d63588a.cc:885] Current timezone is UTC (currently UTC +00:00)
I0909 09:20:10.192213      44 b295d63588a.cc:890] Built on Dec 31 1969 16:00:00 (0)
I0909 09:20:10.192214      44 b295d63588a.cc:891]  at redacted@redacted:.
I0909 09:20:10.192216      44 b295d63588a.cc:892]  as //learning/45eac/tfrc/executor:_libtpu.so.native
I0909 09:20:10.192217      44 b295d63588a.cc:893]  for gcc-4.X.Y-crosstool-v18-llvm-grtev4-k8.k8
I0909 09:20:10.192219      44 b295d63588a.cc:902] Build tool: redacted
I0909 09:20:10.192221      44 b295d63588a.cc:903] Build target: 
I0909 09:20:10.192227      44 b295d63588a.cc:911] Command line arguments:
I0909 09:20:10.192229      44 b295d63588a.cc:913] argv[0]: './tpu_driver'
I0909 09:20:10.192231      44 b295d63588a.cc:913] argv[1]: '--minloglevel=0'
I0909 09:20:10.192232      44 b295d63588a.cc:913] argv[2]: '--stderrthreshold=0'
I0909 09:20:10.192233      44 b295d63588a.cc:913] argv[3]: '--v=0'
I0909 09:20:10.192235      44 b295d63588a.cc:913] argv[4]: '--vmodule='
I0909 09:20:10.192236      44 b295d63588a.cc:913] argv[5]: '--log_dir=/tmp/tpu_logs/benchmark'
I0909 09:20:10.192238      44 b295d63588a.cc:913] argv[6]: '--max_log_size=1024'
I0909 09:20:10.192239      44 b295d63588a.cc:913] argv[7]: '--deepsea_hal_included_devs=0,1,2,3'
I0909 09:20:10.192240      44 b295d63588a.cc:913] argv[8]: '--megascale_transport_numa_node=0,1'
I0909 09:20:10.192242      44 b295d63588a.cc:913] argv[9]: '--next_pluggable_device_use_c_api=0'
I0909 09:20:10.192243      44 b295d63588a.cc:913] argv[10]: '--deepsea_wrap=false,false,false'
I0909 09:20:10.192244      44 b295d63588a.cc:913] argv[11]: '--deepsea_twist=false'
I0909 09:20:10.192246      44 b295d63588a.cc:913] argv[12]: '--deepsea_chip_config_name=default'
I0909 09:20:10.192247      44 b295d63588a.cc:913] argv[13]: '--deepsea_chips_per_host_bounds=2,2,1'
I0909 09:20:10.192249      44 b295d63588a.cc:913] argv[14]: '--deepsea_host_bounds=1,1,1'
I0909 09:20:10.192250      44 b295d63588a.cc:913] argv[15]: '--deepsea_slice_builder_worker_port=8471'
I0909 09:20:10.192251      44 b295d63588a.cc:913] argv[16]: '--deepsea_slice_builder_worker_addresses=dcn-ck-chunk32m-slice-0-0.dcn-ck-chunk32m:8471'
I0909 09:20:10.192252      44 b295d63588a.cc:913] argv[17]: '--tpu_slice_builder_dump_chip=false'
I0909 09:20:10.192254      44 b295d63588a.cc:913] argv[18]: '--tpu_slice_builder_dump_chip_force=false'
I0909 09:20:10.192255      44 b295d63588a.cc:913] argv[19]: '--tpu_slice_builder_dump_to_localhost=1'
I0909 09:20:10.192256      44 b295d63588a.cc:913] argv[20]: '--vbar_control_service_url=unix:///var/run/tpu-plugin/vbar.sock'
I0909 09:20:10.192257      44 b295d63588a.cc:913] argv[21]: '--bypass_vbar_control_service=0'
I0909 09:20:10.192259      44 b295d63588a.cc:913] argv[22]: '--deepsea_ici_resilient=false'
I0909 09:20:10.192260      44 b295d63588a.cc:913] argv[23]: '--xla_tpu_use_resilient_collective_emitter=false'
I0909 09:20:10.192261      44 b295d63588a.cc:913] argv[24]: '--tpu_slice_builder_topology_discovery_fault_injection='
I0909 09:20:10.192262      44 b295d63588a.cc:913] argv[25]: '--runtime_metric_service_port=8431'
I0909 09:20:10.192264      44 b295d63588a.cc:913] argv[26]: '--tpu_hbm_report_enable=1'
I0909 09:20:10.192265      44 b295d63588a.cc:913] argv[27]: '--tpu_hbm_report_frequency=5s'
I0909 09:20:10.192266      44 b295d63588a.cc:913] argv[28]: '--megascale_coordinator_address=dcn-ck-chunk32m-slice-0-0.dcn-ck-chunk32m:8081'
I0909 09:20:10.192267      44 b295d63588a.cc:913] argv[29]: '--megascale_slice_id=0'
I0909 09:20:10.192268      44 b295d63588a.cc:913] argv[30]: '--megascale_num_slices=2'
I0909 09:20:10.192270      44 b295d63588a.cc:913] argv[31]: '--megascale_transport_type=grpc'
I0909 09:20:10.192271      44 b295d63588a.cc:913] argv[32]: '--megascale_port=8081'
I0909 09:20:10.192272      44 b295d63588a.cc:913] argv[33]: '--megascale_use_insecure_grpc'
I0909 09:20:10.192274      44 b295d63588a.cc:913] argv[34]: '--megascale_grpc_use_chaotic_good=true'
I0909 09:20:10.192279      44 b295d63588a.cc:913] argv[35]: '--megascale_grpc_use_event_engine_allocator=true'
I0909 09:20:10.192281      44 b295d63588a.cc:913] argv[36]: '--grpc_enable_tcp_recv_zerocopy=false'
I0909 09:20:10.192282      44 b295d63588a.cc:913] argv[37]: '--grpc_enable_rpc_receive_coalescing=true'
I0909 09:20:10.192283      44 b295d63588a.cc:913] argv[38]: '--megascale_grpc_enable_numa_aware_transmit=true'
I0909 09:20:10.192284      44 b295d63588a.cc:913] argv[39]: '--megascale_grpc_use_numa_aware_event_engine=true'
I0909 09:20:10.192285      44 b295d63588a.cc:913] argv[40]: '--megascale_debug_port=8081'
I0909 09:20:10.192287      44 b295d63588a.cc:913] argv[41]: '--eventmanager2_as_default_eventmanager'
I0909 09:20:10.192288      44 b295d63588a.cc:913] argv[42]: '--eventmanager2_default_autosizer=mean_latency'
I0909 09:20:10.192289      44 b295d63588a.cc:913] argv[43]: '--megascale_grpc_enable_xor_tracer=true'
I0909 09:20:10.192291      44 b295d63588a.cc:913] argv[44]: '--xor_trace_sampling_period=100'
I0909 09:20:10.192292      44 b295d63588a.cc:913] argv[45]: '--rpc_transport_metrics_period=20'
I0909 09:20:10.192293      44 b295d63588a.cc:913] argv[46]: '--grpc_experiments=event_engine_client,chaotic_good_framing_layer,tcp_rcv_lowat,instrument_tcp_telemetry,event_engine_listener,use_call_event_engine_in_completion_queue'
I0909 09:20:10.192295      44 b295d63588a.cc:913] argv[47]: '--enable_runtime_uptime_telemetry=true'
I0909 09:20:10.192296      44 b295d63588a.cc:913] argv[48]: '--xla_tpu_use_megascale_host_reduction=false'
I0909 09:20:10.192297      44 b295d63588a.cc:913] argv[49]: '--megascale_enable_transport_instrumentation=true'
I0909 09:20:10.192298      44 b295d63588a.cc:913] argv[50]: '--megascale_chunk_size=33554432'
I0909 09:20:10.192300      44 b295d63588a.cc:913] argv[51]: '--xla_tpu_use_enhanced_launch_barrier=true'
I0909 09:20:10.192301      44 b295d63588a.cc:913] argv[52]: '--xla_tpu_prefer_async_allgather_to_allreduce=true'
I0909 09:20:10.192302      44 b295d63588a.cc:913] argv[53]: '--xla_tpu_data_parallel_opt_different_sized_ops=true'
I0909 09:20:10.192303      44 b295d63588a.cc:913] argv[54]: '--xla_tpu_enable_data_parallel_all_reduce_opt=true'
I0909 09:20:10.192305      44 b295d63588a.cc:913] argv[55]: '--megascale_coordinator_address=dcn-ck-chunk32m-slice-0-0.dcn-ck-chunk32m:8081'
I0909 09:20:10.192306      44 b295d63588a.cc:913] argv[56]: '--megascale_slice_id=0'
I0909 09:20:10.192307      44 b295d63588a.cc:913] argv[57]: '--megascale_num_slices=2'
I0909 09:20:10.192309      44 b295d63588a.cc:913] argv[58]: '--megascale_transport_type=grpc'
I0909 09:20:10.192310      44 b295d63588a.cc:913] argv[59]: '--megascale_port=8081'
I0909 09:20:10.192311      44 b295d63588a.cc:913] argv[60]: '--megascale_use_insecure_grpc'
I0909 09:20:10.192313      44 b295d63588a.cc:913] argv[61]: '--megascale_grpc_interface_prefixes=eth1,eth2,lo'
I0909 09:20:10.192535      44 init.cc:78] Remote crash gathering hook installed.
I0909 09:20:10.216453      44 tpu_runtime_type_flags.cc:78] --tpu_use_tfrt not specified. Using default value: true
I0909 09:20:10.216556      44 host_command_handler_factory.cc:31] Skipping registration of host command handler for opcode Log because it is not in the allowlist.
I0909 09:20:10.216577      44 tpu_hal.cc:467] Registered plugin from module: megascale_sync_flag_logger
I0909 09:20:10.218725      44 tpu_hal.cc:467] Registered plugin from module: RuntimeMetricHelper
E0909 09:20:10.218750      44 autosizer.cc:43] mean_latency is deprecated. Please remove this setting.
I0909 09:20:10.221171      44 logger.cc:308] Enabling threaded logging for severity WARNING
I0909 09:20:10.221199      44 tpu_hal.cc:467] Registered plugin from module: sdc_checker_callback
I0909 09:20:10.221593      44 mlock.cc:220] mlock()-ed 4096 bytes for BuildID, using 1 syscalls.
I0909 09:20:10.221666      44 debug_manager.cc:266] Registering error handler with name: libtpu_telemetry_handler
I0909 09:20:10.236873      44 singleton_tpu_states_manager.cc:86] TPU premapped buffer enabled. Size: 4294967296 Threshold: 4294967296 Partitions: 1
I0909 09:20:10.236888      44 singleton_tpu_states_manager.cc:110] TpuStatesManager::GetOrCreate(): no tpu system exists. Creating a new tpu system.
I0909 09:20:10.244611      44 device_util.cc:89] Found 4 TPU7x chips.
I0909 09:20:10.244630      44 tpu_version_flag.cc:77] Using auto-detected TPU version TPU7x
I0909 09:20:10.260849      44 tpu_chip_config.cc:367] Resolved chip config alias default->megachip for 6acc60406, 
I0909 09:20:10.261138      44 pending_event_logger.cc:1003] Enabling PjRt/TPU event dependency logging.
I0909 09:20:10.266851     419 flags_util.cc:316] Using 8471 from --deepsea_slice_builder_worker_port as SliceBuilder worker service port.
I0909 09:20:10.272126     419 tpu_network_factory.cc:67] Running in Cloud, using TpunetdClient
I0909 09:20:10.272149     419 tpunetd_client.cc:163] Creating TpunetdClient with topology go/debugstr  
x_dimension: 2
y_dimension: 2
z_dimension: 1
x_wrapping: false
y_wrapping: false
z_wrapping: false
I0909 09:20:10.280823     419 init-domain.cc:132] Fiber init: default domain = futex, concurrency = 246, prefix = futex-default
I0909 09:20:12.147389     424 async_driver.cc:485] [/dev/vfio/6 tpu660:pe0:2] vf_id:0 Driver opened.
I0909 09:20:12.148513     422 async_driver.cc:485] [/dev/vfio/4 tpu660:pe0:0] vf_id:0 Driver opened.
I0909 09:20:12.157763     423 async_driver.cc:485] [/dev/vfio/5 tpu660:pe0:1] vf_id:0 Driver opened.
I0909 09:20:12.212837     421 futex.cc:71] RAW: Futex::Swap(): using GFUTEX_SWAP
I0909 09:20:12.223784     422 tpu_vxc_driver.cc:967] Throttled firmware queue size configured to 223(Firmware queue size: 256, leaving 32 for misc purposes).
I0909 09:20:12.241389     424 tpu_vxc_driver.cc:967] Throttled firmware queue size configured to 223(Firmware queue size: 256, leaving 32 for misc purposes).
I0909 09:20:12.251742     423 tpu_vxc_driver.cc:967] Throttled firmware queue size configured to 223(Firmware queue size: 256, leaving 32 for misc purposes).
I0909 09:20:12.261514     425 async_driver.cc:485] [/dev/vfio/1 tpu660:pe0:3] vf_id:0 Driver opened.
I0909 09:20:12.279028     422 async_driver.cc:1843] All cores supported.
I0909 09:20:12.287177     425 tpu_vxc_driver.cc:967] Throttled firmware queue size configured to 223(Firmware queue size: 256, leaving 32 for misc purposes).
I0909 09:20:12.288669     424 async_driver.cc:1843] All cores supported.
I0909 09:20:12.289099     423 async_driver.cc:1843] All cores supported.
I0909 09:20:12.294952     425 async_driver.cc:1843] All cores supported.
I0909 09:20:12.294993     419 tpunetd_client.cc:338] Connecting to vbar control service at unix:///var/run/tpu-plugin/vbar.sock
I0909 09:20:12.295060     419 config.cc:265] gRPC experiments: instrument_tcp_telemetry:on, tcp_rcv_lowat:on, use_call_event_engine_in_completion_queue:on; default-enabled: buffer_list_deletion_prep, cache_loas_context_in_connection_context, call_tracer_send_initial_metadata_is_an_annotation, callv3_batch_validation, callv3_ef5bb7_client, callv3_ef5bb7_server, chaotic_good_framing_layer, chaotic_good_send_supported_features, custom_frame_check, directpath_rpc_header_sanitization_filter, ef5bb7_global_family_cache, event_engine_callback_cq, event_engine_client, event_engine_listener, header_data_frame, inproc_cancel_stream, message_size_refactoring, monitoring_experiment, optimization_01, optimization_02, optimization_03, optimization_04, ph2_perf_01, promise_batch_cleanup_on_cancel, promise_filter_send_cancel_metadata, psp_tsi_handshaker_shutdown, skip_clear_peer_on_cancellation, tsi_frame_protector_without_locks, v2_non_owning_waker_implementation, verbose_channelz_connection_logging, wildcard_ip_expansion_restriction, xds_server_filter_chain_per_route
I0909 09:20:12.328031     419 tpunetd_client.cc:289] Session manager starting a new session...
I0909 09:20:12.462207     419 vbar_control.cc:201] TPU backend connection test passed! 
I0909 09:20:12.790361     419 tpunetd_client.cc:291] Session manager started the new session.
I0909 09:20:12.790375     419 tpunetd_client.cc:295] Session master starting a new session...
I0909 09:20:12.790377     419 session_master.cc:263] Starting a new ICI network session...
I0909 09:20:12.790710     420 session_worker_service.cc:110] Session master notifies the worker in a new session: eaf14567e74b9d04
I0909 09:20:12.938364     419 session_master.cc:307] Successfully started ICI network session with session id: eaf14567e74b9d04
I0909 09:20:12.938415     419 tpunetd_client.cc:297] Session master started the new session.
I0909 09:20:12.943029     419 tpu_hal.cc:209] Starting premapped memory manager initialization...
W0909 09:20:12.946367     424 libtpu_telemetry_utils.cc:44] Metric already exists: hlo.execution.timing.distribution.microseconds
W0909 09:20:12.946375     423 libtpu_telemetry_utils.cc:44] Metric already exists: hlo.execution.timing.distribution.microseconds
W0909 09:20:12.946395     424 libtpu_telemetry_utils.cc:44] Metric already exists: hlo.queue.size.gauge
W0909 09:20:12.946397     423 libtpu_telemetry_utils.cc:44] Metric already exists: hlo.queue.size.gauge
W0909 09:20:12.947742     425 libtpu_telemetry_utils.cc:44] Metric already exists: hlo.execution.timing.distribution.microseconds
W0909 09:20:12.947764     425 libtpu_telemetry_utils.cc:44] Metric already exists: hlo.queue.size.gauge
W0909 09:20:12.947809     423 libtpu_telemetry_utils.cc:44] Metric already exists: hlo.execution.timing.distribution.microseconds
W0909 09:20:12.947820     423 libtpu_telemetry_utils.cc:44] Metric already exists: hlo.queue.size.gauge
W0909 09:20:12.947874     424 libtpu_telemetry_utils.cc:44] Metric already exists: hlo.execution.timing.distribution.microseconds
W0909 09:20:12.947892     424 libtpu_telemetry_utils.cc:44] Metric already exists: hlo.queue.size.gauge
W0909 09:20:12.948430     422 libtpu_telemetry_utils.cc:44] Metric already exists: hlo.execution.timing.distribution.microseconds
W0909 09:20:12.948456     422 libtpu_telemetry_utils.cc:44] Metric already exists: hlo.queue.size.gauge
W0909 09:20:12.949859     422 libtpu_telemetry_utils.cc:44] Metric already exists: hlo.execution.timing.distribution.microseconds
W0909 09:20:12.949872     422 libtpu_telemetry_utils.cc:44] Metric already exists: hlo.queue.size.gauge
I0909 09:20:15.282420     419 runtime_metric_service.cc:197] Successfully started Runtime Metric Service on port: 8431
I0909 09:20:15.282612     419 system.cc:1112] tpu::System initialized, current host id: 0, logical device ids: 0,1,2,3,4,5,6,7
I0909 09:20:15.282642      44 tpu_system_state.cc:224] CreateTpuSystemState: TPU initialization is successful and it took 5.021494271s
I0909 09:20:15.282661      44 tpu_system_state.cc:228] CreateTpuSystemState: using TPU host premapped buffer of size: 4294967296
I0909 09:20:15.282676      44 tpu_host_allocator.cc:68] Premapped buffer is using alignment 64
I0909 09:20:15.283192      44 tpu_linearizer.cc:104] Inflight linearization byte limit configured to : 1099511627776
I0909 09:20:15.283196      44 tpu_linearizer.cc:118] Inflight delinearization byte limit configured to : 1099511627776
I0909 09:20:15.283543     768 tpu_diagnostic_coordinator.cc:610] TpuDiagnosticCoordinator listening on socket /tmp/tpu_diag_trigger_44.socket (symlinked at /tmp/tpu_diag_latest.socket)
I0909 09:20:15.283713      44 allocator_stats_reporter.cc:117] Starting AllocatorStats Reporter with reporting interval: 5s
I0909 09:20:15.283741      44 megascale_context.cc:969] Using shared executor for compute since we are running on 6acc60406.
W0909 09:20:15.283747      44 impairments_service.cc:60] Resetting impairments.
I0909 09:20:15.283768      44 numa_utils.cc:43] Available NUMA node in this process: 0,1
E0909 09:20:15.283890      44 autosizer.cc:43] mean_latency is deprecated. Please remove this setting.
E0909 09:20:15.286226      44 autosizer.cc:43] mean_latency is deprecated. Please remove this setting.
I0909 09:20:15.289057      44 flags.cc:231] The actual send_rpc_timeout is set to: 45s. Adjusted from the original send_rpc_timeout: 45s, graph_hang_threshold: 5m, graph_within_launch_hang_threshold: 1m
I0909 09:20:15.289075      44 numa_aware_allocator.cc:60] Creating numa aware allocators, number of NUMA nodes is 2
I0909 09:20:15.289080      44 numa_aware_allocator.cc:63] Creating numa aware allocator for NUMA nodes 0
I0909 09:20:15.289102      44 communication_backend.cc:300] Done allocating premapped memory of size 17179869184 bytes in 21.135us
I0909 09:20:15.289108      44 numa_aware_allocator.cc:76] Binding memory address 0x7d61d7fff000 with NUMA node mask 1
I0909 09:20:27.677934      44 communication_backend.cc:310] Done premapping memory of size 17179869184 bytes in 12.388215144s
I0909 09:20:27.677973      44 numa_aware_allocator.cc:63] Creating numa aware allocator for NUMA nodes 1
I0909 09:20:27.677999      44 communication_backend.cc:300] Done allocating premapped memory of size 17179869184 bytes in 21.932us
I0909 09:20:27.678003      44 numa_aware_allocator.cc:76] Binding memory address 0x7d5dd7ffd000 with NUMA node mask 2
I0909 09:20:40.602775      44 communication_backend.cc:310] Done premapping memory of size 17179869184 bytes in 12.923802452s
I0909 09:20:40.602815      44 communication_backend.cc:375] Preallocated 17179869184 bytes with Megascale allocator.
I0909 09:20:40.602838      44 eigen_compute_engine.cc:333] Creating EigenComputeEngine with options: { executor = 0x5cd18c358420,  force_use_shared_executor = true,  num_cores_per_device = 16 }
I0909 09:20:40.602874     692 communication_backend.cc:1179] Initializing MegaScale transport.
E0909 09:20:40.602930     692 autosizer.cc:43] mean_latency is deprecated. Please remove this setting.
E0909 09:20:40.603232      44 autosizer.cc:43] mean_latency is deprecated. Please remove this setting.
E0909 09:20:40.606253     692 autosizer.cc:43] mean_latency is deprecated. Please remove this setting.
E0909 09:20:40.606873      44 autosizer.cc:43] mean_latency is deprecated. Please remove this setting.
E0909 09:20:40.608750     692 autosizer.cc:43] mean_latency is deprecated. Please remove this setting.
I0909 09:20:40.632458     692 grpc_transport.cc:2407] Create GrpcTransport with LIBTPU_ON_GCE.
I0909 09:20:40.632506     692 transport.cc:862] Using IP addresses for interface discovery.
I0909 09:20:40.632509     692 transport.cc:757] Could not read interface to NUMA node map from env variables, falling back to reading from file system.
E0909 09:20:40.632620      44 autosizer.cc:43] mean_latency is deprecated. Please remove this setting.
I0909 09:20:40.632808     692 transport.cc:723] Could not read filename /sys/class/net/cilium_host/device/numa_node with status Stat failed for /sys/class/net/cilium_host/device/numa_node: No such file or directory
I0909 09:20:40.632823     692 transport.cc:723] Could not read filename /sys/class/net/cilium_net/device/numa_node with status Stat failed for /sys/class/net/cilium_net/device/numa_node: No such file or directory
I0909 09:20:40.632834     692 transport.cc:723] Could not read filename /sys/class/net/docker0/device/numa_node with status Stat failed for /sys/class/net/docker0/device/numa_node: No such file or directory
I0909 09:20:40.633479     692 transport.cc:723] Could not read filename /sys/class/net/lo/device/numa_node with status Stat failed for /sys/class/net/lo/device/numa_node: No such file or directory
I0909 09:20:40.633490     692 transport.cc:723] Could not read filename /sys/class/net/lxc1005429a54eb/device/numa_node with status Stat failed for /sys/class/net/lxc1005429a54eb/device/numa_node: No such file or directory
I0909 09:20:40.633498     692 transport.cc:723] Could not read filename /sys/class/net/lxc1dfebc52c3c2/device/numa_node with status Stat failed for /sys/class/net/lxc1dfebc52c3c2/device/numa_node: No such file or directory
I0909 09:20:40.633505     692 transport.cc:723] Could not read filename /sys/class/net/lxc3ec5f1141ade/device/numa_node with status Stat failed for /sys/class/net/lxc3ec5f1141ade/device/numa_node: No such file or directory
I0909 09:20:40.633513     692 transport.cc:723] Could not read filename /sys/class/net/lxc89e2621594eb/device/numa_node with status Stat failed for /sys/class/net/lxc89e2621594eb/device/numa_node: No such file or directory
I0909 09:20:40.633521     692 transport.cc:723] Could not read filename /sys/class/net/lxc998fc01e160c/device/numa_node with status Stat failed for /sys/class/net/lxc998fc01e160c/device/numa_node: No such file or directory
I0909 09:20:40.633524     692 transport.cc:734] Interfaces on available NUMA nodes: [{"eth2", 1}, {"eth0", 0}, {"eth1", 0}]
I0909 09:20:40.633549     692 transport.cc:761] Interfaces corresponding to process' NUMA nodes: [[{"eth0", 0}, {"eth1", 0}, {"eth2", 1}]]
I0909 09:20:40.634342     692 transport.cc:773] Interface eth0 will not be used as it does not start with one of the prefixes: eth1,eth2,lo
I0909 09:20:40.634353     692 transport.cc:773] Interface docker0 will not be used as it does not start with one of the prefixes: eth1,eth2,lo
I0909 09:20:40.634355     692 transport.cc:773] Interface lxc1005429a54eb will not be used as it does not start with one of the prefixes: eth1,eth2,lo
I0909 09:20:40.634356     692 transport.cc:773] Interface cilium_net will not be used as it does not start with one of the prefixes: eth1,eth2,lo
I0909 09:20:40.634357     692 transport.cc:773] Interface cilium_host will not be used as it does not start with one of the prefixes: eth1,eth2,lo
I0909 09:20:40.634359     692 transport.cc:773] Interface lxc1dfebc52c3c2 will not be used as it does not start with one of the prefixes: eth1,eth2,lo
I0909 09:20:40.634360     692 transport.cc:773] Interface lxc89e2621594eb will not be used as it does not start with one of the prefixes: eth1,eth2,lo
I0909 09:20:40.634361     692 transport.cc:773] Interface lxc3ec5f1141ade will not be used as it does not start with one of the prefixes: eth1,eth2,lo
I0909 09:20:40.634362     692 transport.cc:773] Interface lxc998fc01e160c will not be used as it does not start with one of the prefixes: eth1,eth2,lo
I0909 09:20:40.634365     692 transport.cc:773] Interface eth0 will not be used as it does not start with one of the prefixes: eth1,eth2,lo
I0909 09:20:40.634417     692 transport.cc:819] Added IP address 10.240.96.9:8081 on network interface eth1
I0909 09:20:40.634423     692 transport.cc:819] Added IP address 10.240.48.9:8081 on network interface eth2
I0909 09:20:40.634424     692 transport.cc:773] Interface docker0 will not be used as it does not start with one of the prefixes: eth1,eth2,lo
I0909 09:20:40.634426     692 transport.cc:773] Interface lxc1005429a54eb will not be used as it does not start with one of the prefixes: eth1,eth2,lo
I0909 09:20:40.634427     692 transport.cc:773] Interface cilium_host will not be used as it does not start with one of the prefixes: eth1,eth2,lo
I0909 09:20:40.634429     692 transport.cc:773] Interface lxc1dfebc52c3c2 will not be used as it does not start with one of the prefixes: eth1,eth2,lo
I0909 09:20:40.634430     692 transport.cc:773] Interface lxc89e2621594eb will not be used as it does not start with one of the prefixes: eth1,eth2,lo
I0909 09:20:40.634432     692 transport.cc:773] Interface lxc3ec5f1141ade will not be used as it does not start with one of the prefixes: eth1,eth2,lo
I0909 09:20:40.634434     692 transport.cc:773] Interface lxc998fc01e160c will not be used as it does not start with one of the prefixes: eth1,eth2,lo
I0909 09:20:40.634445     692 transport.cc:773] Interface eth0 will not be used as it does not start with one of the prefixes: eth1,eth2,lo
I0909 09:20:40.634448     692 transport.cc:773] Interface lxc1005429a54eb will not be used as it does not start with one of the prefixes: eth1,eth2,lo
I0909 09:20:40.634449     692 transport.cc:773] Interface cilium_net will not be used as it does not start with one of the prefixes: eth1,eth2,lo
I0909 09:20:40.634451     692 transport.cc:773] Interface cilium_host will not be used as it does not start with one of the prefixes: eth1,eth2,lo
I0909 09:20:40.634452     692 transport.cc:773] Interface lxc1dfebc52c3c2 will not be used as it does not start with one of the prefixes: eth1,eth2,lo
I0909 09:20:40.634454     692 transport.cc:773] Interface lxc89e2621594eb will not be used as it does not start with one of the prefixes: eth1,eth2,lo
I0909 09:20:40.634456     692 transport.cc:773] Interface lxc3ec5f1141ade will not be used as it does not start with one of the prefixes: eth1,eth2,lo
I0909 09:20:40.634458     692 transport.cc:773] Interface lxc998fc01e160c will not be used as it does not start with one of the prefixes: eth1,eth2,lo
I0909 09:20:40.634468     692 grpc_transport.cc:2332] Creating gRPC server on: 10.240.96.9:8081eth1
I0909 09:20:40.634485     692 grpc_transport.cc:2348] Creating gRPC server with event engine allocator (chaotic good).
I0909 09:20:40.634497     692 grpc_transport.cc:2365] Starting gRPC server on: 10.240.96.9:8081
I0909 09:20:40.635339     692 grpc_transport.cc:2332] Creating gRPC server on: 10.240.48.9:8081eth2
I0909 09:20:40.635363     692 grpc_transport.cc:2348] Creating gRPC server with event engine allocator (chaotic good).
I0909 09:20:40.635369     692 grpc_transport.cc:2365] Starting gRPC server on: 10.240.48.9:8081
E0909 09:20:40.635588      44 autosizer.cc:43] mean_latency is deprecated. Please remove this setting.
I0909 09:20:40.635703     692 communication_backend.cc:1290] MegaScale transport initialized.
I0909 09:20:40.635720     692 communication_backend.cc:1489] MegaScale transport init succeeded.
E0909 09:20:40.638381      44 autosizer.cc:43] mean_latency is deprecated. Please remove this setting.
E0909 09:20:40.641230      44 autosizer.cc:43] mean_latency is deprecated. Please remove this setting.
I0909 09:20:40.643897      44 debug_service_impl.cc:185] Starting Megascale Debug Server
I0909 09:20:40.644252      44 topology_coordinator.cc:57] Megascale Topology Coordinator started for 2 slices
I0909 09:20:40.644273      44 transport.cc:862] Using IP addresses for interface discovery.
I0909 09:20:40.644275      44 transport.cc:757] Could not read interface to NUMA node map from env variables, falling back to reading from file system.
I0909 09:20:40.644277      44 transport.cc:761] Interfaces corresponding to process' NUMA nodes: [[{"eth0", 0}, {"eth1", 0}, {"eth2", 1}]]
I0909 09:20:40.644706      44 transport.cc:773] Interface eth0 will not be used as it does not start with one of the prefixes: eth1,eth2,lo
I0909 09:20:40.644716      44 transport.cc:773] Interface docker0 will not be used as it does not start with one of the prefixes: eth1,eth2,lo
I0909 09:20:40.644718      44 transport.cc:773] Interface lxc1005429a54eb will not be used as it does not start with one of the prefixes: eth1,eth2,lo
I0909 09:20:40.644719      44 transport.cc:773] Interface cilium_net will not be used as it does not start with one of the prefixes: eth1,eth2,lo
I0909 09:20:40.644721      44 transport.cc:773] Interface cilium_host will not be used as it does not start with one of the prefixes: eth1,eth2,lo
I0909 09:20:40.644722      44 transport.cc:773] Interface lxc1dfebc52c3c2 will not be used as it does not start with one of the prefixes: eth1,eth2,lo
I0909 09:20:40.644723      44 transport.cc:773] Interface lxc89e2621594eb will not be used as it does not start with one of the prefixes: eth1,eth2,lo
I0909 09:20:40.644724      44 transport.cc:773] Interface lxc3ec5f1141ade will not be used as it does not start with one of the prefixes: eth1,eth2,lo
I0909 09:20:40.644725      44 transport.cc:773] Interface lxc998fc01e160c will not be used as it does not start with one of the prefixes: eth1,eth2,lo
I0909 09:20:40.644727      44 transport.cc:773] Interface eth0 will not be used as it does not start with one of the prefixes: eth1,eth2,lo
I0909 09:20:40.644733      44 transport.cc:819] Added IP address 10.240.96.9:8081 on network interface eth1
I0909 09:20:40.644736      44 transport.cc:819] Added IP address 10.240.48.9:8081 on network interface eth2
I0909 09:20:40.644738      44 transport.cc:773] Interface docker0 will not be used as it does not start with one of the prefixes: eth1,eth2,lo
I0909 09:20:40.644740      44 transport.cc:773] Interface lxc1005429a54eb will not be used as it does not start with one of the prefixes: eth1,eth2,lo
I0909 09:20:40.644741      44 transport.cc:773] Interface cilium_host will not be used as it does not start with one of the prefixes: eth1,eth2,lo
I0909 09:20:40.644743      44 transport.cc:773] Interface lxc1dfebc52c3c2 will not be used as it does not start with one of the prefixes: eth1,eth2,lo
I0909 09:20:40.644745      44 transport.cc:773] Interface lxc89e2621594eb will not be used as it does not start with one of the prefixes: eth1,eth2,lo
I0909 09:20:40.644747      44 transport.cc:773] Interface lxc3ec5f1141ade will not be used as it does not start with one of the prefixes: eth1,eth2,lo
I0909 09:20:40.644748      44 transport.cc:773] Interface lxc998fc01e160c will not be used as it does not start with one of the prefixes: eth1,eth2,lo
I0909 09:20:40.644750      44 transport.cc:773] Interface eth0 will not be used as it does not start with one of the prefixes: eth1,eth2,lo
I0909 09:20:40.644752      44 transport.cc:773] Interface lxc1005429a54eb will not be used as it does not start with one of the prefixes: eth1,eth2,lo
I0909 09:20:40.644754      44 transport.cc:773] Interface cilium_net will not be used as it does not start with one of the prefixes: eth1,eth2,lo
I0909 09:20:40.644755      44 transport.cc:773] Interface cilium_host will not be used as it does not start with one of the prefixes: eth1,eth2,lo
I0909 09:20:40.644757      44 transport.cc:773] Interface lxc1dfebc52c3c2 will not be used as it does not start with one of the prefixes: eth1,eth2,lo
I0909 09:20:40.644759      44 transport.cc:773] Interface lxc89e2621594eb will not be used as it does not start with one of the prefixes: eth1,eth2,lo
I0909 09:20:40.644761      44 transport.cc:773] Interface lxc3ec5f1141ade will not be used as it does not start with one of the prefixes: eth1,eth2,lo
I0909 09:20:40.644762      44 transport.cc:773] Interface lxc998fc01e160c will not be used as it does not start with one of the prefixes: eth1,eth2,lo
I0909 09:20:40.644768      44 communication_backend.cc:984] Sending topology discovery request: go/debugstr  
address_mapping {
  addresses {
    address: "10.240.96.9:8081"
    interface_name: "eth1"
    host_name_for_debugging: "gke-tpu-edbc8be2-k600"
  }
  addresses {
    address: "10.240.48.9:8081"
    interface_name: "eth2"
    host_name_for_debugging: "gke-tpu-edbc8be2-k600"
    numa_node: 1
  }
  incarnation_id: 16297718400744112036
}
tpu_topology_args {
  version: TPU_VERSION_6acc60406
  platform_type: TPU_PLATFORM_TYPE_HARDWARE
  chip_config_name: "default"
  chips_per_host_bounds {
    x: 2
    y: 2
    z: 1
  }
  host_bounds {
    x: 1
    y: 1
    z: 1
  }
  wrap {
  }
  enhanced_barrier_enabled: true
  use_continuations: true
  routing_strategy: ROUTING_MESH
}
incarnation_id: 16297718400744112036
I0909 09:20:40.645055      44 grpc_transport.cc:2220] Creating client for slice 0 host 0
I0909 09:20:40.645071      44 grpc_transport.cc:2203] Using default interface. Available interfaces: [eth2,eth1]. Server information: go/debugstr  
address: "dcn-ck-chunk32m-slice-0-0.dcn-ck-chunk32m:8081"
I0909 09:20:40.645162      44 grpc_transport.cc:2278] Created 1 channels for 1 interfaces on slice 0 host 0.
 Load balancing policy: Dynamic lb: max_outstanding_bytes (8388608).
I0909 09:20:40.645886     868 cachednslookup.cc:391] TTL not found in response, not caching response
I0909 09:20:41.685310     861 tpu_chip_config.cc:367] Resolved chip config alias default->megachip for 6acc60406, 
I0909 09:20:42.685976     765 topology_coordinator.cc:178] MegaScale Topology Discovery in progress. Missing hosts (num_slices=1, num_hosts=0): slice1.*
I0909 09:20:43.230408     985 tpu_chip_config.cc:367] Resolved chip config alias default->megachip for 6acc60406, 
I0909 09:20:43.230653     985 topology_coordinator.cc:325] MegaScale Topology Discovery completed.
I0909 09:20:43.231064      44 communication_backend.cc:1002] Received topology discovery response: go/debugstr  
slice_info {
  tpu_topology_args {
    version: TPU_VERSION_6acc60406
    platform_type: TPU_PLATFORM_TYPE_HARDWARE
    chip_config_name: "default"
    chips_per_host_bounds {
      x: 2
      y: 2
      z: 1
    }
    host_bounds {
      x: 1
      y: 1
      z: 1
    }
    wrap {
    }
    enhanced_barrier_enabled: true
    use_continuations: true
    routing_strategy: ROUTING_MESH
  }
}
slice_info {
  slice_id: 1
  tpu_topology_args {
    version: TPU_VERSION_6acc60406
    platform_type: TPU_PLATFORM_TYPE_HARDWARE
    chip_config_name: "default"
    chips_per_host_bounds {
      x: 2
      y: 2
      z: 1
    }
    host_bounds {
      x: 1
      y: 1
      z: 1
    }
    wrap {
    }
    enhanced_barrier_enabled: true
    use_continuations: true
    routing_strategy: ROUTING_MESH
  }
}
address_mappings {
  addresses {
    address: "10.240.96.9:8081"
    interface_name: "eth1"
    host_name_for_debugging: "gke-tpu-edbc8be2-k600"
  }
  addresses {
    address: "10.240.48.9:8081"
    interface_name: "eth2"
    host_name_for_debugging: "gke-tpu-edbc8be2-k600"
    numa_node: 1
  }
  incarnation_id: 16297718400744112036
}
address_mappings {
  slice_id: 1
  addresses {
    address: "10.240.96.10:8081"
    interface_name: "eth1"
    host_name_for_debugging: "gke-tpu-edbc8be2-f4wr"
  }
  addresses {
    address: "10.240.48.10:8081"
    interface_name: "eth2"
    host_name_for_debugging: "gke-tpu-edbc8be2-f4wr"
    numa_node: 1
  }
  incarnation_id: 9651768623457936640
}
incarnation_id: 16297718400744112036
I0909 09:20:43.231211      44 debug_manager.cc:266] Registering error handler with name: default_handler
I0909 09:20:43.231220      44 megascale_context.cc:571] Using DCN topology: go/debugstr  
I0909 09:20:43.231252      44 tpu_chip_config.cc:367] Resolved chip config alias default->megachip for 6acc60406, 
DCN_MULTISLICE_PREFLIGHT {"global_device_count": 16, "local_device_count": 8, "process_count": 2, "process_id": 0, "slice_counts": {"0": 8, "1": 8}}
W0909 09:20:43.233278    1005 pjrt_client.h:601] UpdateGlobalProcessInfo is not supported.
I0909 09:20:43.279557      44 dump.cc:725] HloModule dump enabled with path prefix: , suffix: before_optimizations
W0909 09:20:43.285036    1011 tpu_spmd_partitioner.cc:460] Collective matmul V1 is enabled. Please consider migrating to V2 since V1 will be deprecated soon. You can enable V2 by setting xla_tpu_all_gather_collective_matmul_mode=post_spmd and xla_tpu_reduce_scatter_collective_matmul_mode=post_spmd.
I0909 09:20:43.291755      44 deepsea_compiler_hlo_passes.cc:6406] xla_tpu_impure_hlo_parallel_compile is DISABLED. jit__identity_fn
I0909 09:20:43.294500      44 latency_hiding_scheduler.cc:4420] [latency-hiding-scheduler] LatencyHidingScheduler current memory usage: 73792 bytes. Current limit: 96638113587
I0909 09:20:43.294835      44 tpu_plumb_vmem_info.cc:677] scavenging_mode: 3 for module: jit__identity_fn
I0909 09:20:43.311813      44 deepsea_compiler_hlo_passes.cc:6735] HLO_PASSES stage duration: 28.66614975ms
I0909 09:20:43.480822    1002 tpu_chip_config.cc:367] Resolved chip config alias default->megachip for 6acc60406, 
I0909 09:20:43.481022    1002 tpu_chip_config.cc:367] Resolved chip config alias default->megachip for 6acc60406, 
I0909 09:20:43.481216    1002 memory_space_assignment_util.cc:577] MSA Vmem breakdown: default scoped vmem (from flag): 33554432; does_msa_directly_allocate_scoped_vmem: T; bytes_for_msa_to_allocate: 67043328
I0909 09:20:43.494226    1237 deepsea_compiler_base.cc:4279] BACKEND_PASSES stage duration: 13.9966565ms
I0909 09:20:43.498591     786 grpc_transport.cc:1414] [MEGASCALE_TRANSPORT_INSTR] Recv: key=all-gather_0_ag_0_sr_1_2|s200005->100005d|$c0$l-1814605684^i0 size=0 is_single_chunk=true is_aligned=true memcpy_needed=false
I0909 09:20:43.503886    1237 deepsea_compiler_backend.cc:1480] CODE_GENERATION stage duration: 9.560244ms
I0909 09:20:43.504179    1237 isa_program_util_common.cc:373] (HLO module jit__identity_fn): Executable fingerprint:67556b1dd123307c8bb711c0434fbfac86eab215225618a5f838c0c427d4c3c2
I0909 09:20:43.504183    1237 isa_program_util_common.cc:377] (HLO module jit__identity_fn): Executable fingerprint (including data segments):c43bcc07663f8b538de614a22f9271d5656acd0e5f70af981aecc6805c64d3fd
I0909 09:20:43.504185    1237 isa_program_util_common.cc:380] (HLO module jit__identity_fn): Host transfer fingerprint:e6674013302fbdec09a2c7c89a12b340e612c48cc4b68dbb5d7ca9c5a25bab54
I0909 09:20:43.504431      44 deepsea_compiler_base.cc:1055] END_TO_END stage duration: 225.08464975ms
I0909 09:20:43.504454      44 deepsea_compiler_base.cc:1056] Note that END_TO_END duration also includes time outside of HLO_PASSES, BACKEND_PASSES, and CODE_GENERATION
I0909 09:20:43.505172      44 megascale_context.cc:517] MegaScale DCNTopology fingerprint for: jit__identity_fn : 1688352644216761960 DevicesHash: 11843567257950195766 Topology: go/debugstr 
I0909 09:20:43.505213      44 graph_builder.cc:257] Shapes to compress: [""]
I0909 09:20:43.505217      44 graph_builder.cc:259] Prefixes to compress: [""]
I0909 09:20:43.505253      44 graph_builder.cc:2912] Using MXLA graph seed: all-gather_0
I0909 09:20:43.505425      44 host_command_scheduler_factory.cc:1312] Created a HostCommandScheduler with 18 rules for module jit__identity_fn HostTransfers Fingerprint: 3701741969770116811.
I0909 09:20:43.505451      44 megascale_context.cc:686] MegaScale ExecutableContext created for module: jit__identity_fn with DCN topology: go/debugstr  
I0909 09:20:43.506446     784 communication_backend.cc:625] Created communicator. Hostname: gke-tpu-edbc8be2-k600 Slice ID: 0 Host ID: 0 NumSlices: 2 Device IDs: 0,1,2,3,4,5,6,7
I0909 09:20:43.507534     944 grpc_transport.cc:2220] Creating client for slice 1 host 0
I0909 09:20:43.507598     944 grpc_transport.cc:2200] Sending to 10.240.96.10:8081 on interface: eth1
I0909 09:20:43.507698     944 grpc_transport.cc:2200] Sending to 10.240.48.10:8081 on interface: eth2
I0909 09:20:43.507739     944 grpc_transport.cc:2278] Created 2 channels for 2 interfaces on slice 1 host 0.
 Load balancing policy: Dynamic lb: max_outstanding_bytes (8388608).
I0909 09:20:43.507788     786 grpc_transport.cc:1743] [MEGASCALE_TRANSPORT_INSTR] SendRpc: key=all-gather_0_ag_0_sr_0_1|s100001->200001d|$c0$l-1814605684^i0 size=32768 queue_latency_us=0 attempt=0
I0909 09:20:43.531851      44 deepsea_compiler_hlo_passes.cc:6623] XLA::TPU running hlo passes for 21 instructions, module: jit__lambda
I0909 09:20:43.531863      44 deepsea_compiler_hlo_passes.cc:6668] Initial HLO module: jit__lambda instructions: 21 fingerprint: 
I0909 09:20:43.532146      44 deepsea_compiler_hlo_passes.cc:6526] HLO optimizing module: jit__lambda instructions: 19
I0909 09:20:43.532152      44 deepsea_compiler_hlo_passes.cc:6539] XLA::TPU HLO optimization
W0909 09:20:43.532817    1272 tpu_spmd_partitioner.cc:460] Collective matmul V1 is enabled. Please consider migrating to V2 since V1 will be deprecated soon. You can enable V2 by setting xla_tpu_all_gather_collective_matmul_mode=post_spmd and xla_tpu_reduce_scatter_collective_matmul_mode=post_spmd.
I0909 09:20:43.541533      44 deepsea_compiler_hlo_passes.cc:6406] xla_tpu_impure_hlo_parallel_compile is DISABLED. jit__lambda
I0909 09:20:43.544305      44 deepsea_compiler_hlo_passes.cc:5472] XLA::TPU HLO PostOptimizationPipeline
I0909 09:20:43.545867      44 latency_hiding_scheduler.cc:4420] [latency-hiding-scheduler] LatencyHidingScheduler current memory usage: 41024 bytes. Current limit: 96637751091
I0909 09:20:43.546655      44 tpu_plumb_vmem_info.cc:677] scavenging_mode: 3 for module: jit__lambda
I0909 09:20:43.547349      44 deepsea_compiler_hlo_passes.cc:6735] HLO_PASSES stage duration: 15.4861325ms
I0909 09:20:43.548640    1002 tpu_chip_config.cc:367] Resolved chip config alias default->megachip for 6acc60406, 
I0909 09:20:43.548815    1002 tpu_chip_config.cc:367] Resolved chip config alias default->megachip for 6acc60406, 
I0909 09:20:43.549000    1002 memory_space_assignment_util.cc:577] MSA Vmem breakdown: default scoped vmem (from flag): 33554432; does_msa_directly_allocate_scoped_vmem: T; bytes_for_msa_to_allocate: 67043328
I0909 09:20:43.567905    1276 deepsea_compiler_base.cc:4279] BACKEND_PASSES stage duration: 19.856675ms
I0909 09:20:43.570425    1276 deepsea_compiler_backend.cc:1784] final program bundle count: 788 note this count does not reflect cycles spent executing delays.
I0909 09:20:43.575702    1276 deepsea_compiler_backend.cc:1980] Program divided into 2 overlays without HLO functions (90.5K).
I0909 09:20:43.575765    1276 deepsea_compiler_backend.cc:2150] XLA::TPU module name: jit__lambda
I0909 09:20:43.575768    1276 deepsea_compiler_backend.cc:2152] XLA::TPU program HBM usage: 266.5K / 94.74G
I0909 09:20:43.575771    1276 deepsea_compiler_backend.cc:2159] Note that --xla_tpu_max_hbm_size_mib is not specified. This means that the compiler may use up all available HBM, possibly prioritizing other metrics (latency, compile-time, ..) over memory usage. To reduce memory usage, set --xla_tpu_max_hbm_size_mib to a smaller value.
I0909 09:20:43.575772    1276 deepsea_compiler_backend.cc:2193] XLA::TPU program VMEM usage: 32.00M / 64.00M
I0909 09:20:43.575779    1276 deepsea_compiler_backend.cc:2204] Total hbm usage >= 268.28M:
    reserved        268.00M 
    program          266.5K 
    arguments         16.0K 

Output size 512B; shares 0B with arguments.

Total host usage >= 0B:
    reserved             0B 
    program         unknown size 
    arguments            0B 

Output size 0B; shares 0B with arguments.

I0909 09:20:43.575791    1276 deepsea_compiler_backend.cc:2208] Program sflag requirement 228B:
    reserved           204B
    scoped              16B
    HLO temp             8B (100.0% utilization: Unpadded (8B) Padded (8B), 0.0% fragmentation (0B))
Program sparse_core_sequencer_sflag requirement 36B:
    reserved            36B
Program sparse_core_tile_sflag requirement 4B:
    reserved             4B
Program sparse_core_sequencer_smem requirement 64B:
    reserved            64B
Program sparse_core_tile_smem requirement 0B:
Program hbm requirement 266.5K:
    HLO temp         176.0K (100.0% utilization: Unpadded (24.3K) Padded (24.3K), 86.2% fragmentation (151.7K))
    overlays          90.5K
Program vmem requirement 32.00M:
    HLO temp         32.00M (0.0% utilization: Unpadded (0B) Padded (0B), 100.0% fragmentation (32.00M))
Program smem requirement 36B:
    global               4B
    scoped              32B
Program host requirement 0B:
I0909 09:20:43.575794    1276 deepsea_compiler_backend.cc:2216] XLA::TPU program SMEM usage: 1.9K / 1.00M (1 parameters)
I0909 09:20:43.575879    1276 deepsea_compiler_backend.cc:1480] CODE_GENERATION stage duration: 7.8971315ms
I0909 09:20:43.576139    1276 isa_program_util_common.cc:373] (HLO module jit__lambda): Executable fingerprint:6a126cddbd2c7a63446e46d5dcaf750209d6c974ec79e4080fdc4ca9886f81e4
I0909 09:20:43.576141    1276 isa_program_util_common.cc:377] (HLO module jit__lambda): Executable fingerprint (including data segments):12c0715cab49b82f1e3ea1846957d5d3523547d5bf3cc57bcf82f0517b7a92e8
I0909 09:20:43.576142    1276 isa_program_util_common.cc:380] (HLO module jit__lambda): Host transfer fingerprint:2b9801a161c74c27631ae5e0b6d660abd73031d7eba34a0a6e10fff8dfd2f3ae
I0909 09:20:43.576459      44 deepsea_compiler_base.cc:1055] END_TO_END stage duration: 47.15922875ms
I0909 09:20:43.576475      44 deepsea_compiler_base.cc:1056] Note that END_TO_END duration also includes time outside of HLO_PASSES, BACKEND_PASSES, and CODE_GENERATION
I0909 09:20:43.577092      44 megascale_context.cc:517] MegaScale DCNTopology fingerprint for: jit__lambda : 1688352644216761960 DevicesHash: 8081921339993277715 Topology: go/debugstr 
I0909 09:20:43.577373      44 host_command_scheduler_factory.cc:1312] Created a HostCommandScheduler with 54 rules for module jit__lambda HostTransfers Fingerprint: 12151718319723310994.
I0909 09:20:43.577393      44 megascale_context.cc:686] MegaScale ExecutableContext created for module: jit__lambda with DCN topology: go/debugstr  
I0909 09:20:43.601571      44 deepsea_compiler_hlo_passes.cc:6623] XLA::TPU running hlo passes for 21 instructions, module: jit__lambda
I0909 09:20:43.601580      44 deepsea_compiler_hlo_passes.cc:6668] Initial HLO module: jit__lambda instructions: 21 fingerprint: 
I0909 09:20:43.601793      44 deepsea_compiler_hlo_passes.cc:6526] HLO optimizing module: jit__lambda instructions: 19
I0909 09:20:43.601797      44 deepsea_compiler_hlo_passes.cc:6539] XLA::TPU HLO optimization
W0909 09:20:43.602302    1288 tpu_spmd_partitioner.cc:460] Collective matmul V1 is enabled. Please consider migrating to V2 since V1 will be deprecated soon. You can enable V2 by setting xla_tpu_all_gather_collective_matmul_mode=post_spmd and xla_tpu_reduce_scatter_collective_matmul_mode=post_spmd.
I0909 09:20:43.610066      44 deepsea_compiler_hlo_passes.cc:6406] xla_tpu_impure_hlo_parallel_compile is DISABLED. jit__lambda
I0909 09:20:43.612386      44 deepsea_compiler_hlo_passes.cc:5472] XLA::TPU HLO PostOptimizationPipeline
I0909 09:20:43.613667      44 latency_hiding_scheduler.cc:4420] [latency-hiding-scheduler] LatencyHidingScheduler current memory usage: 41024 bytes. Current limit: 96637751091
I0909 09:20:43.614313      44 tpu_plumb_vmem_info.cc:677] scavenging_mode: 3 for module: jit__lambda
I0909 09:20:43.614876      44 deepsea_compiler_hlo_passes.cc:6735] HLO_PASSES stage duration: 13.29626125ms
I0909 09:20:43.616050    1002 tpu_chip_config.cc:367] Resolved chip config alias default->megachip for 6acc60406, 
I0909 09:20:43.616204    1002 tpu_chip_config.cc:367] Resolved chip config alias default->megachip for 6acc60406, 
I0909 09:20:43.616377    1002 memory_space_assignment_util.cc:577] MSA Vmem breakdown: default scoped vmem (from flag): 33554432; does_msa_directly_allocate_scoped_vmem: T; bytes_for_msa_to_allocate: 67043328
I0909 09:20:43.634477    1305 deepsea_compiler_base.cc:4279] BACKEND_PASSES stage duration: 19.01132175ms
I0909 09:20:43.637170    1305 deepsea_compiler_backend.cc:1784] final program bundle count: 788 note this count does not reflect cycles spent executing delays.
I0909 09:20:43.643120    1305 deepsea_compiler_backend.cc:1980] Program divided into 2 overlays without HLO functions (90.5K).
I0909 09:20:43.643188    1305 deepsea_compiler_backend.cc:2150] XLA::TPU module name: jit__lambda
I0909 09:20:43.643192    1305 deepsea_compiler_backend.cc:2152] XLA::TPU program HBM usage: 266.5K / 94.74G
I0909 09:20:43.643195    1305 deepsea_compiler_backend.cc:2159] Note that --xla_tpu_max_hbm_size_mib is not specified. This means that the compiler may use up all available HBM, possibly prioritizing other metrics (latency, compile-time, ..) over memory usage. To reduce memory usage, set --xla_tpu_max_hbm_size_mib to a smaller value.
I0909 09:20:43.643196    1305 deepsea_compiler_backend.cc:2193] XLA::TPU program VMEM usage: 32.00M / 64.00M
I0909 09:20:43.643204    1305 deepsea_compiler_backend.cc:2204] Total hbm usage >= 268.28M:
    reserved        268.00M 
    program          266.5K 
    arguments         16.0K 

Output size 512B; shares 0B with arguments.

Total host usage >= 0B:
    reserved             0B 
    program         unknown size 
    arguments            0B 

Output size 0B; shares 0B with arguments.

I0909 09:20:43.643216    1305 deepsea_compiler_backend.cc:2208] Program sflag requirement 228B:
    reserved           204B
    scoped              16B
    HLO temp             8B (100.0% utilization: Unpadded (8B) Padded (8B), 0.0% fragmentation (0B))
Program sparse_core_sequencer_sflag requirement 36B:
    reserved            36B
Program sparse_core_tile_sflag requirement 4B:
    reserved             4B
Program sparse_core_sequencer_smem requirement 64B:
    reserved            64B
Program sparse_core_tile_smem requirement 0B:
Program hbm requirement 266.5K:
    HLO temp         176.0K (100.0% utilization: Unpadded (24.3K) Padded (24.3K), 86.2% fragmentation (151.7K))
    overlays          90.5K
Program vmem requirement 32.00M:
    HLO temp         32.00M (0.0% utilization: Unpadded (0B) Padded (0B), 100.0% fragmentation (32.00M))
Program smem requirement 36B:
    global               4B
    scoped              32B
Program host requirement 0B:
I0909 09:20:43.643218    1305 deepsea_compiler_backend.cc:2216] XLA::TPU program SMEM usage: 1.9K / 1.00M (1 parameters)
I0909 09:20:43.643303    1305 deepsea_compiler_backend.cc:1480] CODE_GENERATION stage duration: 8.77276875ms
I0909 09:20:43.643616    1305 isa_program_util_common.cc:373] (HLO module jit__lambda): Executable fingerprint:6a126cddbd2c7a63446e46d5dcaf750209d6c974ec79e4080fdc4ca9886f81e4
I0909 09:20:43.643619    1305 isa_program_util_common.cc:377] (HLO module jit__lambda): Executable fingerprint (including data segments):12c0715cab49b82f1e3ea1846957d5d3523547d5bf3cc57bcf82f0517b7a92e8
I0909 09:20:43.643620    1305 isa_program_util_common.cc:380] (HLO module jit__lambda): Host transfer fingerprint:2b9801a161c74c27631ae5e0b6d660abd73031d7eba34a0a6e10fff8dfd2f3ae
I0909 09:20:43.644100      44 deepsea_compiler_base.cc:1055] END_TO_END stage duration: 44.669151ms
I0909 09:20:43.644113      44 deepsea_compiler_base.cc:1056] Note that END_TO_END duration also includes time outside of HLO_PASSES, BACKEND_PASSES, and CODE_GENERATION
I0909 09:20:43.644781      44 megascale_context.cc:517] MegaScale DCNTopology fingerprint for: jit__lambda : 1688352644216761960 DevicesHash: 8081921339993277715 Topology: go/debugstr 
I0909 09:20:43.645141      44 host_command_scheduler_factory.cc:1312] Created a HostCommandScheduler with 54 rules for module jit__lambda HostTransfers Fingerprint: 12151718319723310994.
I0909 09:20:43.645166      44 megascale_context.cc:686] MegaScale ExecutableContext created for module: jit__lambda with DCN topology: go/debugstr  
I0909 09:20:43.655530     426 megascale_context.cc:439] Destroying MegaScale PjrtExecutableContext: jit__lambda
I0909 09:20:43.672479      44 deepsea_compiler_hlo_passes.cc:6623] XLA::TPU running hlo passes for 19 instructions, module: jit__lambda
I0909 09:20:43.672490      44 deepsea_compiler_hlo_passes.cc:6668] Initial HLO module: jit__lambda instructions: 19 fingerprint: 
I0909 09:20:43.672691      44 deepsea_compiler_hlo_passes.cc:6526] HLO optimizing module: jit__lambda instructions: 17
I0909 09:20:43.672696      44 deepsea_compiler_hlo_passes.cc:6539] XLA::TPU HLO optimization
W0909 09:20:43.673266    1310 tpu_spmd_partitioner.cc:460] Collective matmul V1 is enabled. Please consider migrating to V2 since V1 will be deprecated soon. You can enable V2 by setting xla_tpu_all_gather_collective_matmul_mode=post_spmd and xla_tpu_reduce_scatter_collective_matmul_mode=post_spmd.
I0909 09:20:43.681154      44 deepsea_compiler_hlo_passes.cc:6406] xla_tpu_impure_hlo_parallel_compile is DISABLED. jit__lambda
I0909 09:20:43.682953      44 deepsea_compiler_hlo_passes.cc:5472] XLA::TPU HLO PostOptimizationPipeline
I0909 09:20:43.683791      44 latency_hiding_scheduler.cc:4420] [latency-hiding-scheduler] LatencyHidingScheduler current memory usage: 24640 bytes. Current limit: 96637894451
I0909 09:20:43.684203      44 tpu_plumb_vmem_info.cc:677] scavenging_mode: 3 for module: jit__lambda
I0909 09:20:43.684677      44 deepsea_compiler_hlo_passes.cc:6735] HLO_PASSES stage duration: 12.18666375ms
I0909 09:20:43.685931    1002 tpu_chip_config.cc:367] Resolved chip config alias default->megachip for 6acc60406, 
I0909 09:20:43.686087    1002 tpu_chip_config.cc:367] Resolved chip config alias default->megachip for 6acc60406, 
I0909 09:20:43.686173     765 topology_coordinator.cc:173] MegaScale Topology Discovery completed.
I0909 09:20:43.686261    1002 memory_space_assignment_util.cc:577] MSA Vmem breakdown: default scoped vmem (from flag): 33554432; does_msa_directly_allocate_scoped_vmem: T; bytes_for_msa_to_allocate: 67043328
I0909 09:20:43.699583    1314 deepsea_compiler_base.cc:4279] BACKEND_PASSES stage duration: 14.17513675ms
I0909 09:20:43.701932    1314 deepsea_compiler_backend.cc:1784] final program bundle count: 626 note this count does not reflect cycles spent executing delays.
I0909 09:20:43.707734    1314 deepsea_compiler_backend.cc:1980] Program divided into 2 overlays without HLO functions (80.5K).
I0909 09:20:43.707797    1314 deepsea_compiler_backend.cc:2150] XLA::TPU module name: jit__lambda
I0909 09:20:43.707801    1314 deepsea_compiler_backend.cc:2152] XLA::TPU program HBM usage: 208.5K / 94.74G
I0909 09:20:43.707803    1314 deepsea_compiler_backend.cc:2159] Note that --xla_tpu_max_hbm_size_mib is not specified. This means that the compiler may use up all available HBM, possibly prioritizing other metrics (latency, compile-time, ..) over memory usage. To reduce memory usage, set --xla_tpu_max_hbm_size_mib to a smaller value.
I0909 09:20:43.707804    1314 deepsea_compiler_backend.cc:2193] XLA::TPU program VMEM usage: 32.00M / 64.00M
I0909 09:20:43.707810    1314 deepsea_compiler_backend.cc:2204] Total hbm usage >= 268.22M:
    reserved        268.00M 
    program          208.5K 
    arguments         16.0K 

Output size 512B; shares 0B with arguments.

Total host usage >= 0B:
    reserved             0B 
    program         unknown size 
    arguments            0B 

Output size 0B; shares 0B with arguments.

I0909 09:20:43.707822    1314 deepsea_compiler_backend.cc:2208] Program sflag requirement 224B:
    reserved           204B
    scoped              12B
    HLO temp             8B (100.0% utilization: Unpadded (8B) Padded (8B), 0.0% fragmentation (0B))
Program sparse_core_sequencer_sflag requirement 36B:
    reserved            36B
Program sparse_core_tile_sflag requirement 4B:
    reserved             4B
Program sparse_core_sequencer_smem requirement 64B:
    reserved            64B
Program sparse_core_tile_smem requirement 0B:
Program hbm requirement 208.5K:
    HLO temp         128.0K (49.1% utilization: Unpadded (8.2K) Padded (16.7K), 87.0% fragmentation (111.3K))
    overlays          80.5K
Program vmem requirement 32.00M:
    HLO temp         32.00M (0.0% utilization: Unpadded (0B) Padded (0B), 100.0% fragmentation (32.00M))
Program smem requirement 36B:
    global               4B
    scoped              32B
Program host requirement 0B:
I0909 09:20:43.707824    1314 deepsea_compiler_backend.cc:2216] XLA::TPU program SMEM usage: 1.9K / 1.00M (1 parameters)
I0909 09:20:43.707913    1314 deepsea_compiler_backend.cc:1480] CODE_GENERATION stage duration: 8.25966ms
I0909 09:20:43.708184    1314 isa_program_util_common.cc:373] (HLO module jit__lambda): Executable fingerprint:4a4bf7195f2e28a358732e4bad360b9ab79156518433b25ddb27df2e76864c13
I0909 09:20:43.708186    1314 isa_program_util_common.cc:377] (HLO module jit__lambda): Executable fingerprint (including data segments):41df051aa1d5cc95b6bd65dcd0fe59634f8d45c83e436d4b0b21da6da348f7ba
I0909 09:20:43.708187    1314 isa_program_util_common.cc:380] (HLO module jit__lambda): Host transfer fingerprint:5c8f40e7dcd653d84e947d890338940d2b2e1ffba06eadb57827e716f5782f97
I0909 09:20:43.708380      44 deepsea_compiler_base.cc:1055] END_TO_END stage duration: 37.98355125ms
I0909 09:20:43.708395      44 deepsea_compiler_base.cc:1056] Note that END_TO_END duration also includes time outside of HLO_PASSES, BACKEND_PASSES, and CODE_GENERATION
I0909 09:20:43.709021      44 megascale_context.cc:517] MegaScale DCNTopology fingerprint for: jit__lambda : 1688352644216761960 DevicesHash: 8081921339993277715 Topology: go/debugstr 
I0909 09:20:43.709233      44 host_command_scheduler_factory.cc:1312] Created a HostCommandScheduler with 36 rules for module jit__lambda HostTransfers Fingerprint: 8427318606672400244.
I0909 09:20:43.709248      44 megascale_context.cc:686] MegaScale ExecutableContext created for module: jit__lambda with DCN topology: go/debugstr  
MANUAL_AR_VERIFY {"exchange_add": true, "psum": true, "psum_checksum": 3.0}
I0909 09:20:43.716010     426 megascale_context.cc:439] Destroying MegaScale PjrtExecutableContext: jit__lambda
W0909 09:20:43.729372    1316 tpu_spmd_partitioner.cc:460] Collective matmul V1 is enabled. Please consider migrating to V2 since V1 will be deprecated soon. You can enable V2 by setting xla_tpu_all_gather_collective_matmul_mode=post_spmd and xla_tpu_reduce_scatter_collective_matmul_mode=post_spmd.
I0909 09:20:43.734683      44 deepsea_compiler_hlo_passes.cc:6406] xla_tpu_impure_hlo_parallel_compile is DISABLED. jit__lambda
I0909 09:20:43.735921      44 tpu_plumb_vmem_info.cc:677] scavenging_mode: 3 for module: jit__lambda
I0909 09:20:43.745703      44 deepsea_compiler_hlo_passes.cc:6735] HLO_PASSES stage duration: 16.96223675ms
I0909 09:20:43.746664    1002 tpu_chip_config.cc:367] Resolved chip config alias default->megachip for 6acc60406, 
I0909 09:20:43.746804    1002 tpu_chip_config.cc:367] Resolved chip config alias default->megachip for 6acc60406, 
I0909 09:20:43.746984    1002 memory_space_assignment_util.cc:577] MSA Vmem breakdown: default scoped vmem (from flag): 33554432; does_msa_directly_allocate_scoped_vmem: T; bytes_for_msa_to_allocate: 67043328
I0909 09:20:43.775325    1318 deepsea_compiler_base.cc:4279] BACKEND_PASSES stage duration: 29.01254425ms
I0909 09:20:43.781351    1318 deepsea_compiler_backend.cc:1480] CODE_GENERATION stage duration: 5.96859675ms
I0909 09:20:43.781597    1318 isa_program_util_common.cc:373] (HLO module jit__lambda): Executable fingerprint:bc586dffeac4e7ae318e7d154bf8e04f4304c94ca0093b387a7797ec3816d14b
I0909 09:20:43.781600    1318 isa_program_util_common.cc:377] (HLO module jit__lambda): Executable fingerprint (including data segments):a2faf2ce0762128844e7a122c148a8aece70b237d9b143ffa46b761ac2a0d991
I0909 09:20:43.781601    1318 isa_program_util_common.cc:380] (HLO module jit__lambda): Host transfer fingerprint:e3b0c44298fc1c149afbf4c8996fb92427ae41e4649b934ca495991b7852b855
I0909 09:20:43.781870      44 deepsea_compiler_base.cc:1055] END_TO_END stage duration: 55.86048725ms
I0909 09:20:43.781889      44 deepsea_compiler_base.cc:1056] Note that END_TO_END duration also includes time outside of HLO_PASSES, BACKEND_PASSES, and CODE_GENERATION
I0909 09:20:43.782306      44 host_command_scheduler_factory.cc:1312] Created a HostCommandScheduler with 0 rules for module jit__lambda HostTransfers Fingerprint: 0.
I0909 09:20:43.782317      44 megascale_context.cc:686] MegaScale ExecutableContext created for module: jit__lambda with DCN topology: go/debugstr  
I0909 09:20:43.786183     720 megascale_context.cc:439] Destroying MegaScale PjrtExecutableContext: jit__lambda
W0909 09:20:43.800041    1320 tpu_spmd_partitioner.cc:460] Collective matmul V1 is enabled. Please consider migrating to V2 since V1 will be deprecated soon. You can enable V2 by setting xla_tpu_all_gather_collective_matmul_mode=post_spmd and xla_tpu_reduce_scatter_collective_matmul_mode=post_spmd.
I0909 09:20:43.805184      44 deepsea_compiler_hlo_passes.cc:6406] xla_tpu_impure_hlo_parallel_compile is DISABLED. jit__identity_fn
I0909 09:20:43.808316      44 latency_hiding_scheduler.cc:4420] [latency-hiding-scheduler] LatencyHidingScheduler current memory usage: 10816 bytes. Current limit: 96637838643
I0909 09:20:43.808808      44 tpu_plumb_vmem_info.cc:677] scavenging_mode: 3 for module: jit__identity_fn
I0909 09:20:43.809312      44 deepsea_compiler_hlo_passes.cc:6735] HLO_PASSES stage duration: 9.84222225ms
I0909 09:20:43.810554    1002 tpu_chip_config.cc:367] Resolved chip config alias default->megachip for 6acc60406, 
I0909 09:20:43.810705    1002 tpu_chip_config.cc:367] Resolved chip config alias default->megachip for 6acc60406, 
I0909 09:20:43.810885    1002 memory_space_assignment_util.cc:577] MSA Vmem breakdown: default scoped vmem (from flag): 33554432; does_msa_directly_allocate_scoped_vmem: T; bytes_for_msa_to_allocate: 67043328
I0909 09:20:43.836278    1322 deepsea_compiler_base.cc:4279] BACKEND_PASSES stage duration: 26.28785225ms
I0909 09:20:43.844767    1322 deepsea_compiler_backend.cc:1480] CODE_GENERATION stage duration: 8.39189825ms
I0909 09:20:43.845059    1322 isa_program_util_common.cc:373] (HLO module jit__identity_fn): Executable fingerprint:fd3b0d6bd150f631ee1516bdd9fe68433befc25b43e5ac8c1bf0647642d4a029
I0909 09:20:43.845063    1322 isa_program_util_common.cc:377] (HLO module jit__identity_fn): Executable fingerprint (including data segments):b4793e425396e7ab5df0b40c15a832140ecb3328718901424ce0f42c7f63731d
I0909 09:20:43.845064    1322 isa_program_util_common.cc:380] (HLO module jit__identity_fn): Host transfer fingerprint:f21887b8cd1a7de9f1745e6458df4dba74bea513f1593c4409ce2cd383777ca8
I0909 09:20:43.845215      44 deepsea_compiler_base.cc:1055] END_TO_END stage duration: 48.90194525ms
I0909 09:20:43.845232      44 deepsea_compiler_base.cc:1056] Note that END_TO_END duration also includes time outside of HLO_PASSES, BACKEND_PASSES, and CODE_GENERATION
I0909 09:20:43.845947      44 megascale_context.cc:517] MegaScale DCNTopology fingerprint for: jit__identity_fn : 1688352644216761960 DevicesHash: 11843567257950195766 Topology: go/debugstr 
I0909 09:20:43.846105      44 host_command_scheduler_factory.cc:1312] Created a HostCommandScheduler with 18 rules for module jit__identity_fn HostTransfers Fingerprint: 14547820116035419324.
I0909 09:20:43.846116      44 megascale_context.cc:686] MegaScale ExecutableContext created for module: jit__identity_fn with DCN topology: go/debugstr  
I0909 09:20:43.849227     686 megascale_context.cc:439] Destroying MegaScale PjrtExecutableContext: jit__lambda
W0909 09:20:43.866288    1326 tpu_spmd_partitioner.cc:460] Collective matmul V1 is enabled. Please consider migrating to V2 since V1 will be deprecated soon. You can enable V2 by setting xla_tpu_all_gather_collective_matmul_mode=post_spmd and xla_tpu_reduce_scatter_collective_matmul_mode=post_spmd.
I0909 09:20:43.872538      44 deepsea_compiler_hlo_passes.cc:6406] xla_tpu_impure_hlo_parallel_compile is DISABLED. jit_op
I0909 09:20:43.874660      44 latency_hiding_scheduler.cc:4420] [latency-hiding-scheduler] LatencyHidingScheduler current memory usage: 1610620992 bytes. Current limit: 95564271411
I0909 09:20:43.875013      44 tpu_plumb_vmem_info.cc:677] scavenging_mode: 3 for module: jit_op
I0909 09:20:43.905106      44 deepsea_compiler_hlo_passes.cc:6735] HLO_PASSES stage duration: 39.4288635ms
I0909 09:20:43.906410    1002 tpu_chip_config.cc:367] Resolved chip config alias default->megachip for 6acc60406, 
I0909 09:20:43.906580    1002 tpu_chip_config.cc:367] Resolved chip config alias default->megachip for 6acc60406, 
I0909 09:20:43.906753    1002 memory_space_assignment_util.cc:577] MSA Vmem breakdown: default scoped vmem (from flag): 33554432; does_msa_directly_allocate_scoped_vmem: T; bytes_for_msa_to_allocate: 67043328
I0909 09:20:43.986105    1330 deepsea_compiler_base.cc:4279] BACKEND_PASSES stage duration: 80.351609ms
I0909 09:20:43.994005    1330 deepsea_compiler_backend.cc:1480] CODE_GENERATION stage duration: 7.8226515ms
I0909 09:20:43.994370    1330 isa_program_util_common.cc:373] (HLO module jit_op): Executable fingerprint:0f2b665f05c3c4afe211f3c371efcab563df28a2ebf1e3fea485408c5722f8dc
I0909 09:20:43.994373    1330 isa_program_util_common.cc:377] (HLO module jit_op): Executable fingerprint (including data segments):86848f6f1a06a74bef5f269280dc370998aab50634976e92618a9f9f14091724
I0909 09:20:43.994374    1330 isa_program_util_common.cc:380] (HLO module jit_op): Host transfer fingerprint:294ab033fa7a89f4c4b5c51d8744fa6f4206e6d1d2d85c49c24e64e2b1444859
I0909 09:20:43.994548      44 deepsea_compiler_base.cc:1055] END_TO_END stage duration: 131.5306295ms
I0909 09:20:43.994563      44 deepsea_compiler_base.cc:1056] Note that END_TO_END duration also includes time outside of HLO_PASSES, BACKEND_PASSES, and CODE_GENERATION
I0909 09:20:43.995095      44 megascale_context.cc:517] MegaScale DCNTopology fingerprint for: jit_op : 1688352644216761960 DevicesHash: 8081921339993277715 Topology: go/debugstr 
I0909 09:20:44.001105      44 host_command_scheduler_factory.cc:1312] Created a HostCommandScheduler with 36 rules for module jit_op HostTransfers Fingerprint: 12634255100403355191.
I0909 09:20:44.001608      44 megascale_context.cc:686] MegaScale ExecutableContext created for module: jit_op with DCN topology: go/debugstr  
I0909 09:20:44.010029     803 grpc_transport.cc:1743] [MEGASCALE_TRANSPORT_INSTR] SendRpc: key=psum.7_0_sr_78_79|s100002->200002d|$c0$l706382325^i0 size=8388608 queue_latency_us=0 attempt=0
I0909 09:20:44.013343     892 generic-stream-socket.h:1667] Cannot process timestamp for type=1 seq=8438563 time=2026-09-09T09:20:44.012766336+00:00
I0909 09:20:44.014534     801 grpc_transport.cc:1743] [MEGASCALE_TRANSPORT_INSTR] SendRpc: key=psum.7_0_sr_71_72|s100001->200001d|$c0$l706382325^i0 size=8388608 queue_latency_us=0 attempt=0
W0909 09:20:44.016269     790 grpc_transport.cc:1186] Too many pending sends: 128
I0909 09:20:44.018355     797 grpc_transport.cc:1743] [MEGASCALE_TRANSPORT_INSTR] SendRpc: key=psum.7_0_sr_90_91|s100001->200001d|$c0$l706382325^i0 size=8388608 queue_latency_us=1 attempt=0
I0909 09:20:44.020219     805 grpc_transport.cc:1743] [MEGASCALE_TRANSPORT_INSTR] SendRpc: key=psum.7_0_sr_96_97|s100006->200006d|$c0$l706382325^i0 size=8388608 queue_latency_us=0 attempt=0
I0909 09:20:44.022923     808 grpc_transport.cc:1743] [MEGASCALE_TRANSPORT_INSTR] SendRpc: key=psum.7_0_sr_124_125|s100007->200007d|$c0$l706382325^i0 size=8388608 queue_latency_us=0 attempt=0
I0909 09:20:44.039305     803 grpc_transport.cc:1414] [MEGASCALE_TRANSPORT_INSTR] Recv: key=psum.7_0_sr_29_30|s200006->100006d|$c0$l706382325^i0 size=0 is_single_chunk=true is_aligned=true memcpy_needed=false
I0909 09:20:44.068824     786 grpc_transport.cc:1414] [MEGASCALE_TRANSPORT_INSTR] Recv: key=psum.7_0_sr_19_20|s200004->100004d|$c0$l706382325^i0 size=0 is_single_chunk=true is_aligned=true memcpy_needed=false
I0909 09:20:44.090550     787 grpc_transport.cc:1414] [MEGASCALE_TRANSPORT_INSTR] Recv: key=psum.7_0_sr_58_59|s200000->100000d|$c0$l706382325^i0 size=0 is_single_chunk=true is_aligned=true memcpy_needed=false
I0909 09:20:44.115153     786 grpc_transport.cc:1414] [MEGASCALE_TRANSPORT_INSTR] Recv: key=psum.7_0_sr_51_52|s200001->100001d|$c0$l706382325^i0 size=0 is_single_chunk=true is_aligned=true memcpy_needed=false
I0909 09:20:44.117224     786 grpc_transport.cc:1743] [MEGASCALE_TRANSPORT_INSTR] SendRpc: key=psum.7_0_1_ag_0_sr_8_9|s100004->200004d|$c0$l706382325^i0 size=8388608 queue_latency_us=0 attempt=0
I0909 09:20:44.125069     786 grpc_transport.cc:1743] [MEGASCALE_TRANSPORT_INSTR] SendRpc: key=psum.7_0_1_ag_0_sr_47_48|s100000->200000d|$c0$l706382325^i0 size=8388608 queue_latency_us=0 attempt=0
I0909 09:20:44.134366     803 grpc_transport.cc:1743] [MEGASCALE_TRANSPORT_INSTR] SendRpc: key=psum.7_0_1_ag_0_sr_37_38|s100006->200006d|$c0$l706382325^i0 size=8388608 queue_latency_us=0 attempt=0
I0909 09:20:44.143030     803 grpc_transport.cc:1414] [MEGASCALE_TRANSPORT_INSTR] Recv: key=psum.7_0_sr_3_4|s200005->100005d|$c0$l706382325^i0 size=0 is_single_chunk=true is_aligned=true memcpy_needed=false
I0909 09:20:44.168655     786 grpc_transport.cc:1414] [MEGASCALE_TRANSPORT_INSTR] Recv: key=psum.7_0_1_ag_0_sr_73_74|s200001->100001d|$c0$l706382325^i0 size=0 is_single_chunk=true is_aligned=true memcpy_needed=false
I0909 09:20:44.190556     786 grpc_transport.cc:1414] [MEGASCALE_TRANSPORT_INSTR] Recv: key=psum.7_0_1_ag_0_sr_118_119|s200001->100001d|$c0$l706382325^i0 size=0 is_single_chunk=true is_aligned=true memcpy_needed=false
I0909 09:20:44.193981     789 grpc_transport.cc:1743] [MEGASCALE_TRANSPORT_INSTR] SendRpc: key=psum.7_0_1_ag_0_sr_52_53|s100005->200005d|$c0$l706382325^i0 size=8388608 queue_latency_us=0 attempt=0
W0909 09:20:44.196361     781 tpu_pjrt_client.cc:2333] PjRt execution dispatch was blocked for 179.391384ms because PjRt's max in-flight computation semaphore is full (limit: 32), which may negatively affect the performance
I0909 09:20:44.222690     804 grpc_transport.cc:1414] [MEGASCALE_TRANSPORT_INSTR] Recv: key=psum.7_0_sr_55_56|s200007->100007d|$c0$l706382325^i0 size=0 is_single_chunk=true is_aligned=true memcpy_needed=false
I0909 09:20:44.240540     804 grpc_transport.cc:1743] [MEGASCALE_TRANSPORT_INSTR] SendRpc: key=psum.7_0_1_ag_0_sr_24_25|s100003->200003d|$c0$l706382325^i0 size=8388608 queue_latency_us=0 attempt=0
I0909 09:20:44.253409     804 grpc_transport.cc:1743] [MEGASCALE_TRANSPORT_INSTR] SendRpc: key=psum.7_0_1_ag_0_sr_60_61|s100007->200007d|$c0$l706382325^i0 size=8388608 queue_latency_us=0 attempt=0
I0909 09:20:44.261564     803 grpc_transport.cc:1414] [MEGASCALE_TRANSPORT_INSTR] Recv: key=psum.7_0_1_ag_0_sr_114_115|s200002->100002d|$c0$l706382325^i0 size=0 is_single_chunk=true is_aligned=true memcpy_needed=false
I0909 09:20:44.312216     803 grpc_transport.cc:1414] [MEGASCALE_TRANSPORT_INSTR] Recv: key=psum.7_0_1_ag_0_sr_86_87|s200006->100006d|$c0$l706382325^i0 size=0 is_single_chunk=true is_aligned=true memcpy_needed=false
I0909 09:20:44.367790     803 grpc_transport.cc:1414] [MEGASCALE_TRANSPORT_INSTR] Recv: key=psum.7_0_1_ag_0_sr_125_126|s200003->100003d|$c0$l706382325^i0 size=0 is_single_chunk=true is_aligned=true memcpy_needed=false
I0909 09:20:44.385267     796 grpc_transport.cc:1743] [MEGASCALE_TRANSPORT_INSTR] SendRpc: key=psum.7_0_sr_76_77|s100004->200004d|$c0$l706382326^i0 size=8388608 queue_latency_us=0 attempt=0
I0909 09:20:44.388630     808 grpc_transport.cc:1743] [MEGASCALE_TRANSPORT_INSTR] SendRpc: key=psum.7_0_sr_105_106|s100002->200002d|$c0$l706382326^i0 size=8388608 queue_latency_us=0 attempt=0
I0909 09:20:44.391139     795 grpc_transport.cc:1743] [MEGASCALE_TRANSPORT_INSTR] SendRpc: key=psum.7_0_sr_78_79|s100001->200001d|$c0$l706382326^i0 size=8388608 queue_latency_us=0 attempt=0
I0909 09:20:44.393747     790 grpc_transport.cc:1743] [MEGASCALE_TRANSPORT_INSTR] SendRpc: key=psum.7_0_sr_90_91|s100003->200003d|$c0$l706382326^i0 size=8388608 queue_latency_us=3 attempt=0
I0909 09:20:44.395821     789 grpc_transport.cc:1743] [MEGASCALE_TRANSPORT_INSTR] SendRpc: key=psum.7_0_sr_118_119|s100001->200001d|$c0$l706382326^i0 size=8388608 queue_latency_us=0 attempt=0
I0909 09:20:44.466508     786 grpc_transport.cc:1414] [MEGASCALE_TRANSPORT_INSTR] Recv: key=psum.7_0_sr_31_32|s200001->100001d|$c0$l706382326^i0 size=0 is_single_chunk=true is_aligned=true memcpy_needed=false
I0909 09:20:44.490030     786 grpc_transport.cc:1414] [MEGASCALE_TRANSPORT_INSTR] Recv: key=psum.7_0_sr_40_41|s200004->100004d|$c0$l706382326^i0 size=0 is_single_chunk=true is_aligned=true memcpy_needed=false
I0909 09:20:44.514345    1364 grpc_transport.cc:1414] [MEGASCALE_TRANSPORT_INSTR] Recv: key=psum.7_0_sr_39_40|s200007->100007d|$c0$l706382326^i0 size=0 is_single_chunk=true is_aligned=true memcpy_needed=false
I0909 09:20:44.533167    1353 grpc_transport.cc:1743] [MEGASCALE_TRANSPORT_INSTR] SendRpc: key=psum.7_0_1_ag_0_sr_21_22|s100005->200005d|$c0$l706382326^i0 size=8388608 queue_latency_us=0 attempt=0
I0909 09:20:44.540578     786 grpc_transport.cc:1414] [MEGASCALE_TRANSPORT_INSTR] Recv: key=psum.7_0_sr_60_61|s200000->100000d|$c0$l706382326^i0 size=0 is_single_chunk=true is_aligned=true memcpy_needed=false
I0909 09:20:44.550816    1350 grpc_transport.cc:1743] [MEGASCALE_TRANSPORT_INSTR] SendRpc: key=psum.7_0_1_ag_0_sr_24_25|s100000->200000d|$c0$l706382326^i0 size=8388608 queue_latency_us=0 attempt=0
I0909 09:20:44.562656    1352 grpc_transport.cc:1414] [MEGASCALE_TRANSPORT_INSTR] Recv: key=psum.7_0_1_ag_0_sr_115_116|s200005->100005d|$c0$l706382326^i0 size=0 is_single_chunk=true is_aligned=true memcpy_needed=false
I0909 09:20:44.579253    1364 grpc_transport.cc:1414] [MEGASCALE_TRANSPORT_INSTR] Recv: key=psum.7_0_1_ag_0_sr_85_86|s200006->100006d|$c0$l706382326^i0 size=0 is_single_chunk=true is_aligned=true memcpy_needed=false
I0909 09:20:44.583446    1369 grpc_transport.cc:1743] [MEGASCALE_TRANSPORT_INSTR] SendRpc: key=psum.7_0_1_ag_0_sr_8_9|s100002->200002d|$c0$l706382326^i0 size=8388608 queue_latency_us=1 attempt=0
I0909 09:20:44.597732    1371 grpc_transport.cc:1743] [MEGASCALE_TRANSPORT_INSTR] SendRpc: key=psum.7_0_1_ag_0_sr_3_4|s100006->200006d|$c0$l706382326^i0 size=8388608 queue_latency_us=0 attempt=0
I0909 09:20:44.600899    1353 grpc_transport.cc:1414] [MEGASCALE_TRANSPORT_INSTR] Recv: key=psum.7_0_1_ag_0_sr_91_92|s200001->100001d|$c0$l706382326^i0 size=0 is_single_chunk=true is_aligned=true memcpy_needed=false
I0909 09:20:44.607590    1362 grpc_transport.cc:1743] [MEGASCALE_TRANSPORT_INSTR] SendRpc: key=psum.7_0_1_ag_0_sr_57_58|s100006->200006d|$c0$l706382326^i0 size=8388608 queue_latency_us=0 attempt=0
I0909 09:20:44.632424     803 grpc_transport.cc:1414] [MEGASCALE_TRANSPORT_INSTR] Recv: key=psum.7_0_1_ag_0_sr_91_92|s200000->100000d|$c0$l706382326^i0 size=0 is_single_chunk=true is_aligned=true memcpy_needed=false
I0909 09:20:44.665298     803 grpc_transport.cc:1414] [MEGASCALE_TRANSPORT_INSTR] Recv: key=psum.7_0_1_ag_0_sr_124_125|s200003->100003d|$c0$l706382326^i0 size=0 is_single_chunk=true is_aligned=true memcpy_needed=false
I0909 09:20:44.701213    1360 grpc_transport.cc:1414] [MEGASCALE_TRANSPORT_INSTR] Recv: key=psum.7_0_1_ag_0_sr_106_107|s200007->100007d|$c0$l706382326^i0 size=0 is_single_chunk=true is_aligned=true memcpy_needed=false
I0909 09:20:44.731700    1369 grpc_transport.cc:1743] [MEGASCALE_TRANSPORT_INSTR] SendRpc: key=psum.7_0_sr_104_105|s100006->200006d|$c0$l706382327^i0 size=8388608 queue_latency_us=0 attempt=0
I0909 09:20:44.735830    1369 grpc_transport.cc:1743] [MEGASCALE_TRANSPORT_INSTR] SendRpc: key=psum.7_0_sr_89_90|s100002->200002d|$c0$l706382327^i0 size=8388608 queue_latency_us=0 attempt=0
I0909 09:20:44.736463    1418 grpc_transport.cc:1414] [MEGASCALE_TRANSPORT_INSTR] Recv: key=psum.7_0_sr_3_4|s200004->100004d|$c0$l706382327^i0 size=0 is_single_chunk=true is_aligned=true memcpy_needed=false
I0909 09:20:44.739519     806 grpc_transport.cc:1743] [MEGASCALE_TRANSPORT_INSTR] SendRpc: key=psum.7_0_sr_96_97|s100002->200002d|$c0$l706382327^i0 size=8388608 queue_latency_us=0 attempt=0
I0909 09:20:44.742852    1461 grpc_transport.cc:1743] [MEGASCALE_TRANSPORT_INSTR] SendRpc: key=psum.7_0_sr_106_107|s100000->200000d|$c0$l706382327^i0 size=8388608 queue_latency_us=0 attempt=0
I0909 09:20:44.746491    1390 grpc_transport.cc:1743] [MEGASCALE_TRANSPORT_INSTR] SendRpc: key=psum.7_0_sr_119_120|s100004->200004d|$c0$l706382327^i0 size=8388608 queue_latency_us=0 attempt=0
I0909 09:20:44.763408     805 grpc_transport.cc:1414] [MEGASCALE_TRANSPORT_INSTR] Recv: key=psum.7_0_sr_16_17|s200007->100007d|$c0$l706382327^i0 size=0 is_single_chunk=true is_aligned=true memcpy_needed=false
I0909 09:20:44.781527    1362 grpc_transport.cc:1414] [MEGASCALE_TRANSPORT_INSTR] Recv: key=psum.7_0_sr_32_33|s200005->100005d|$c0$l706382327^i0 size=0 is_single_chunk=true is_aligned=true memcpy_needed=false
I0909 09:20:44.801680    1402 grpc_transport.cc:1743] [MEGASCALE_TRANSPORT_INSTR] SendRpc: key=psum.7_0_1_ag_0_sr_33_34|s100001->200001d|$c0$l706382327^i0 size=8388608 queue_latency_us=1 attempt=0
I0909 09:20:44.808216    1362 grpc_transport.cc:1414] [MEGASCALE_TRANSPORT_INSTR] Recv: key=psum.7_0_sr_42_43|s200005->100005d|$c0$l706382327^i0 size=0 is_single_chunk=true is_aligned=true memcpy_needed=false
I0909 09:20:44.846018    1360 grpc_transport.cc:1414] [MEGASCALE_TRANSPORT_INSTR] Recv: key=psum.7_0_sr_61_62|s200003->100003d|$c0$l706382327^i0 size=0 is_single_chunk=true is_aligned=true memcpy_needed=false
I0909 09:20:44.856335    1364 grpc_transport.cc:1743] [MEGASCALE_TRANSPORT_INSTR] SendRpc: key=psum.7_0_1_ag_0_sr_37_38|s100007->200007d|$c0$l706382327^i0 size=8388608 queue_latency_us=0 attempt=0
I0909 09:20:44.870552    1405 grpc_transport.cc:1743] [MEGASCALE_TRANSPORT_INSTR] SendRpc: key=psum.7_0_1_ag_0_sr_1_2|s100005->200005d|$c0$l706382327^i0 size=8388608 queue_latency_us=1 attempt=0
I0909 09:20:44.879678     805 grpc_transport.cc:1743] [MEGASCALE_TRANSPORT_INSTR] SendRpc: key=psum.7_0_1_ag_0_sr_47_48|s100006->200006d|$c0$l706382327^i0 size=8388608 queue_latency_us=0 attempt=0
I0909 09:20:44.883678     786 grpc_transport.cc:1414] [MEGASCALE_TRANSPORT_INSTR] Recv: key=psum.7_0_1_ag_0_sr_92_93|s200000->100000d|$c0$l706382327^i0 size=0 is_single_chunk=true is_aligned=true memcpy_needed=false
I0909 09:20:44.906172    1368 grpc_transport.cc:1743] [MEGASCALE_TRANSPORT_INSTR] SendRpc: key=psum.7_0_1_ag_0_sr_8_9|s100003->200003d|$c0$l706382327^i0 size=8388608 queue_latency_us=1 attempt=0
I0909 09:20:44.910133    1352 grpc_transport.cc:1414] [MEGASCALE_TRANSPORT_INSTR] Recv: key=psum.7_0_1_ag_0_sr_79_80|s200004->100004d|$c0$l706382327^i0 size=0 is_single_chunk=true is_aligned=true memcpy_needed=false
I0909 09:20:44.931942    1352 grpc_transport.cc:1414] [MEGASCALE_TRANSPORT_INSTR] Recv: key=psum.7_0_1_ag_0_sr_85_86|s200001->100001d|$c0$l706382327^i0 size=0 is_single_chunk=true is_aligned=true memcpy_needed=false
I0909 09:20:44.949989    1360 grpc_transport.cc:1414] [MEGASCALE_TRANSPORT_INSTR] Recv: key=psum.7_0_1_ag_0_sr_111_112|s200007->100007d|$c0$l706382327^i0 size=0 is_single_chunk=true is_aligned=true memcpy_needed=false
I0909 09:20:44.981725    1360 grpc_transport.cc:1414] [MEGASCALE_TRANSPORT_INSTR] Recv: key=psum.7_0_1_ag_0_sr_80_81|s200002->100002d|$c0$l706382327^i0 size=0 is_single_chunk=true is_aligned=true memcpy_needed=false
I0909 09:20:45.009710    1385 grpc_transport.cc:1743] [MEGASCALE_TRANSPORT_INSTR] SendRpc: key=psum.7_0_sr_95_96|s100006->200006d|$c0$l706382328^i0 size=8388608 queue_latency_us=0 attempt=0
I0909 09:20:45.013690    1438 grpc_transport.cc:1743] [MEGASCALE_TRANSPORT_INSTR] SendRpc: key=psum.7_0_sr_71_72|s100000->200000d|$c0$l706382328^i0 size=8388608 queue_latency_us=0 attempt=0
I0909 09:20:45.016375    1417 grpc_transport.cc:1743] [MEGASCALE_TRANSPORT_INSTR] SendRpc: key=psum.7_0_sr_88_89|s100005->200005d|$c0$l706382328^i0 size=8388608 queue_latency_us=0 attempt=0
I0909 09:20:45.019926    1423 grpc_transport.cc:1743] [MEGASCALE_TRANSPORT_INSTR] SendRpc: key=psum.7_0_sr_100_101|s100001->200001d|$c0$l706382328^i0 size=8388608 queue_latency_us=0 attempt=0
I0909 09:20:45.024465    1384 grpc_transport.cc:1743] [MEGASCALE_TRANSPORT_INSTR] SendRpc: key=psum.7_0_sr_125_126|s100007->200007d|$c0$l706382328^i0 size=8388608 queue_latency_us=0 attempt=0
I0909 09:20:45.031140    1385 grpc_transport.cc:1414] [MEGASCALE_TRANSPORT_INSTR] Recv: key=psum.7_0_sr_3_4|s200002->100002d|$c0$l706382328^i0 size=0 is_single_chunk=true is_aligned=true memcpy_needed=false
I0909 09:20:45.053957    1367 grpc_transport.cc:1414] [MEGASCALE_TRANSPORT_INSTR] Recv: key=psum.7_0_sr_1_2|s200000->100000d|$c0$l706382328^i0 size=0 is_single_chunk=true is_aligned=true memcpy_needed=false
I0909 09:20:45.072036    1350 grpc_transport.cc:1414] [MEGASCALE_TRANSPORT_INSTR] Recv: key=psum.7_0_sr_29_30|s200001->100001d|$c0$l706382328^i0 size=0 is_single_chunk=true is_aligned=true memcpy_needed=false
I0909 09:20:45.088850     786 grpc_transport.cc:1414] [MEGASCALE_TRANSPORT_INSTR] Recv: key=psum.7_0_sr_45_46|s200001->100001d|$c0$l706382328^i0 size=0 is_single_chunk=true is_aligned=true memcpy_needed=false
I0909 09:20:45.103500    1356 grpc_transport.cc:1743] [MEGASCALE_TRANSPORT_INSTR] SendRpc: key=psum.7_0_1_ag_0_sr_10_11|s100004->200004d|$c0$l706382328^i0 size=8388608 queue_latency_us=0 attempt=0
I0909 09:20:45.113991    1352 grpc_transport.cc:1743] [MEGASCALE_TRANSPORT_INSTR] SendRpc: key=psum.7_0_1_ag_0_sr_13_14|s100001->200001d|$c0$l706382328^i0 size=8388608 queue_latency_us=0 attempt=0
I0909 09:20:45.117771    1369 grpc_transport.cc:1414] [MEGASCALE_TRANSPORT_INSTR] Recv: key=psum.7_0_sr_60_61|s200003->100003d|$c0$l706382328^i0 size=0 is_single_chunk=true is_aligned=true memcpy_needed=false
I0909 09:20:45.135221    1360 grpc_transport.cc:1743] [MEGASCALE_TRANSPORT_INSTR] SendRpc: key=psum.7_0_1_ag_0_sr_49_50|s100003->200003d|$c0$l706382328^i0 size=8388608 queue_latency_us=0 attempt=0
I0909 09:20:45.145548    1362 grpc_transport.cc:1743] [MEGASCALE_TRANSPORT_INSTR] SendRpc: key=psum.7_0_1_ag_0_sr_54_55|s100006->200006d|$c0$l706382328^i0 size=8388608 queue_latency_us=0 attempt=0
I0909 09:20:45.154527    1397 grpc_transport.cc:1414] [MEGASCALE_TRANSPORT_INSTR] Recv: key=psum.7_0_1_ag_0_sr_89_90|s200006->100006d|$c0$l706382328^i0 size=0 is_single_chunk=true is_aligned=true memcpy_needed=false
I0909 09:20:45.156255     803 grpc_transport.cc:1743] [MEGASCALE_TRANSPORT_INSTR] SendRpc: key=psum.7_0_1_ag_0_sr_45_46|s100002->200002d|$c0$l706382328^i0 size=8388608 queue_latency_us=0 attempt=0
I0909 09:20:45.181044     786 grpc_transport.cc:1414] [MEGASCALE_TRANSPORT_INSTR] Recv: key=psum.7_0_1_ag_0_sr_80_81|s200004->100004d|$c0$l706382328^i0 size=0 is_single_chunk=true is_aligned=true memcpy_needed=false
I0909 09:20:45.205654    1353 grpc_transport.cc:1414] [MEGASCALE_TRANSPORT_INSTR] Recv: key=psum.7_0_1_ag_0_sr_67_68|s200001->100001d|$c0$l706382328^i0 size=0 is_single_chunk=true is_aligned=true memcpy_needed=false
I0909 09:20:45.225142    1357 grpc_transport.cc:1414] [MEGASCALE_TRANSPORT_INSTR] Recv: key=psum.7_0_1_ag_0_sr_66_67|s200000->100000d|$c0$l706382328^i0 size=0 is_single_chunk=true is_aligned=true memcpy_needed=false
I0909 09:20:45.254341    1357 grpc_transport.cc:1414] [MEGASCALE_TRANSPORT_INSTR] Recv: key=psum.7_0_1_ag_0_sr_122_123|s200000->100000d|$c0$l706382328^i0 size=0 is_single_chunk=true is_aligned=true memcpy_needed=false
I0909 09:20:45.290186    1362 grpc_transport.cc:1414] [MEGASCALE_TRANSPORT_INSTR] Recv: key=psum.7_0_sr_19_20|s200000->100000d|$c0$l706382329^i0 size=0 is_single_chunk=true is_aligned=true memcpy_needed=false
I0909 09:20:45.299285     803 grpc_transport.cc:1743] [MEGASCALE_TRANSPORT_INSTR] SendRpc: key=psum.7_0_sr_89_90|s100005->200005d|$c0$l706382329^i0 size=8388608 queue_latency_us=0 attempt=0
I0909 09:20:45.303297    1462 grpc_transport.cc:1743] [MEGASCALE_TRANSPORT_INSTR] SendRpc: key=psum.7_0_sr_88_89|s100002->200002d|$c0$l706382329^i0 size=8388608 queue_latency_us=0 attempt=0
I0909 09:20:45.305966    1466 grpc_transport.cc:1743] [MEGASCALE_TRANSPORT_INSTR] SendRpc: key=psum.7_0_sr_74_75|s100001->200001d|$c0$l706382329^i0 size=8388608 queue_latency_us=0 attempt=0
I0909 09:20:45.308569    1451 grpc_transport.cc:1743] [MEGASCALE_TRANSPORT_INSTR] SendRpc: key=psum.7_0_sr_125_126|s100005->200005d|$c0$l706382329^i0 size=8388608 queue_latency_us=0 attempt=0
I0909 09:20:45.312455     798 grpc_transport.cc:1743] [MEGASCALE_TRANSPORT_INSTR] SendRpc: key=psum.7_0_sr_122_123|s100000->200000d|$c0$l706382329^i0 size=8388608 queue_latency_us=0 attempt=0
I0909 09:20:45.325753    1362 grpc_transport.cc:1414] [MEGASCALE_TRANSPORT_INSTR] Recv: key=psum.7_0_sr_1_2|s200002->100002d|$c0$l706382329^i0 size=0 is_single_chunk=true is_aligned=true memcpy_needed=false
I0909 09:20:45.347283    1360 grpc_transport.cc:1414] [MEGASCALE_TRANSPORT_INSTR] Recv: key=psum.7_0_sr_13_14|s200007->100007d|$c0$l706382329^i0 size=0 is_single_chunk=true is_aligned=true memcpy_needed=false
I0909 09:20:45.365200    1350 grpc_transport.cc:1414] [MEGASCALE_TRANSPORT_INSTR] Recv: key=psum.7_0_sr_60_61|s200000->100000d|$c0$l706382329^i0 size=0 is_single_chunk=true is_aligned=true memcpy_needed=false
I0909 09:20:45.371152    1354 grpc_transport.cc:1743] [MEGASCALE_TRANSPORT_INSTR] SendRpc: key=psum.7_0_1_ag_0_sr_17_18|s100000->200000d|$c0$l706382329^i0 size=8388608 queue_latency_us=0 attempt=0
I0909 09:20:45.384932    1353 grpc_transport.cc:1743] [MEGASCALE_TRANSPORT_INSTR] SendRpc: key=psum.7_0_1_ag_0_sr_13_14|s100001->200001d|$c0$l706382329^i0 size=8388608 queue_latency_us=0 attempt=0
I0909 09:20:45.391752    1362 grpc_transport.cc:1414] [MEGASCALE_TRANSPORT_INSTR] Recv: key=psum.7_0_sr_53_54|s200005->100005d|$c0$l706382329^i0 size=0 is_single_chunk=true is_aligned=true memcpy_needed=false
I0909 09:20:45.411751     786 grpc_transport.cc:1743] [MEGASCALE_TRANSPORT_INSTR] SendRpc: key=psum.7_0_1_ag_0_sr_25_26|s100005->200005d|$c0$l706382329^i0 size=8388608 queue_latency_us=0 attempt=0
I0909 09:20:45.420709    1369 grpc_transport.cc:1743] [MEGASCALE_TRANSPORT_INSTR] SendRpc: key=psum.7_0_1_ag_0_sr_8_9|s100003->200003d|$c0$l706382329^i0 size=8388608 queue_latency_us=0 attempt=0
I0909 09:20:45.420799    1352 grpc_transport.cc:1414] [MEGASCALE_TRANSPORT_INSTR] Recv: key=psum.7_0_1_ag_0_sr_97_98|s200005->100005d|$c0$l706382329^i0 size=0 is_single_chunk=true is_aligned=true memcpy_needed=false
I0909 09:20:45.436633    1363 grpc_transport.cc:1743] [MEGASCALE_TRANSPORT_INSTR] SendRpc: key=psum.7_0_1_ag_0_sr_35_36|s100007->200007d|$c0$l706382329^i0 size=8388608 queue_latency_us=0 attempt=0
I0909 09:20:45.455046     786 grpc_transport.cc:1414] [MEGASCALE_TRANSPORT_INSTR] Recv: key=psum.7_0_1_ag_0_sr_65_66|s200004->100004d|$c0$l706382329^i0 size=0 is_single_chunk=true is_aligned=true memcpy_needed=false
I0909 09:20:45.481630    1362 grpc_transport.cc:1414] [MEGASCALE_TRANSPORT_INSTR] Recv: key=psum.7_0_1_ag_0_sr_91_92|s200002->100002d|$c0$l706382329^i0 size=0 is_single_chunk=true is_aligned=true memcpy_needed=false
I0909 09:20:45.508620    1350 grpc_transport.cc:1414] [MEGASCALE_TRANSPORT_INSTR] Recv: key=psum.7_0_1_ag_0_sr_119_120|s200001->100001d|$c0$l706382329^i0 size=0 is_single_chunk=true is_aligned=true memcpy_needed=false
I0909 09:20:45.541899    1711 grpc_transport.cc:1414] [MEGASCALE_TRANSPORT_INSTR] Recv: key=psum.7_0_1_ag_0_sr_77_78|s200003->100003d|$c0$l706382329^i0 size=0 is_single_chunk=true is_aligned=true memcpy_needed=false
I0909 09:20:45.575887    1705 grpc_transport.cc:1414] [MEGASCALE_TRANSPORT_INSTR] Recv: key=psum.7_0_1_ag_0_sr_118_119|s200003->100003d|$c0$l706382329^i0 size=0 is_single_chunk=true is_aligned=true memcpy_needed=false
I0909 09:20:45.600611    1705 grpc_transport.cc:1414] [MEGASCALE_TRANSPORT_INSTR] Recv: key=psum.7_0_sr_5_6|s200006->100006d|$c0$l706382330^i0 size=0 is_single_chunk=true is_aligned=true memcpy_needed=false
I0909 09:20:45.613161    1703 grpc_transport.cc:1743] [MEGASCALE_TRANSPORT_INSTR] SendRpc: key=psum.7_0_sr_78_79|s100005->200005d|$c0$l706382330^i0 size=8388608 queue_latency_us=0 attempt=0
I0909 09:20:45.617433    1385 grpc_transport.cc:1743] [MEGASCALE_TRANSPORT_INSTR] SendRpc: key=psum.7_0_sr_80_81|s100003->200003d|$c0$l706382330^i0 size=8388608 queue_latency_us=0 attempt=0
I0909 09:20:45.620174    1702 grpc_transport.cc:1743] [MEGASCALE_TRANSPORT_INSTR] SendRpc: key=psum.7_0_sr_106_107|s100005->200005d|$c0$l706382330^i0 size=8388608 queue_latency_us=0 attempt=0
I0909 09:20:45.623509    1362 grpc_transport.cc:1743] [MEGASCALE_TRANSPORT_INSTR] SendRpc: key=psum.7_0_sr_101_102|s100003->200003d|$c0$l706382330^i0 size=8388608 queue_latency_us=0 attempt=0
I0909 09:20:45.628552    1407 grpc_transport.cc:1743] [MEGASCALE_TRANSPORT_INSTR] SendRpc: key=psum.7_0_sr_123_124|s100006->200006d|$c0$l706382330^i0 size=8388608 queue_latency_us=0 attempt=0
I0909 09:20:45.633789    1381 grpc_transport.cc:1414] [MEGASCALE_TRANSPORT_INSTR] Recv: key=psum.7_0_sr_8_9|s200002->100002d|$c0$l706382330^i0 size=0 is_single_chunk=true is_aligned=true memcpy_needed=false
I0909 09:20:45.636261    1359 grpc_transport.cc:1743] [MEGASCALE_TRANSPORT_INSTR] SendRpc: key=psum.7_0_sr_123_124|s100001->200001d|$c0$l706382330^i0 size=8388608 queue_latency_us=0 attempt=0
I0909 09:20:45.666695    1351 grpc_transport.cc:1414] [MEGASCALE_TRANSPORT_INSTR] Recv: key=psum.7_0_sr_57_58|s200004->100004d|$c0$l706382330^i0 size=0 is_single_chunk=true is_aligned=true memcpy_needed=false
I0909 09:20:45.686476    1352 grpc_transport.cc:1743] [MEGASCALE_TRANSPORT_INSTR] SendRpc: key=psum.7_0_1_ag_0_sr_27_28|s100005->200005d|$c0$l706382330^i0 size=8388608 queue_latency_us=0 attempt=0
I0909 09:20:45.705886    1711 grpc_transport.cc:1414] [MEGASCALE_TRANSPORT_INSTR] Recv: key=psum.7_0_sr_50_51|s200003->100003d|$c0$l706382330^i0 size=0 is_single_chunk=true is_aligned=true memcpy_needed=false
I0909 09:20:45.735990    1699 grpc_transport.cc:1743] [MEGASCALE_TRANSPORT_INSTR] SendRpc: key=psum.7_0_1_ag_0_sr_3_4|s100007->200007d|$c0$l706382330^i0 size=8388608 queue_latency_us=0 attempt=0
I0909 09:20:45.741191    1708 grpc_transport.cc:1414] [MEGASCALE_TRANSPORT_INSTR] Recv: key=psum.7_0_1_ag_0_sr_71_72|s200005->100005d|$c0$l706382330^i0 size=0 is_single_chunk=true is_aligned=true memcpy_needed=false
I0909 09:20:45.754628    1362 grpc_transport.cc:1743] [MEGASCALE_TRANSPORT_INSTR] SendRpc: key=psum.7_0_1_ag_0_sr_12_13|s100003->200003d|$c0$l706382330^i0 size=8388608 queue_latency_us=0 attempt=0
I0909 09:20:45.764714     787 grpc_transport.cc:1743] [MEGASCALE_TRANSPORT_INSTR] SendRpc: key=psum.7_0_1_ag_0_sr_7_8|s100000->200000d|$c0$l706382330^i0 size=8388608 queue_latency_us=0 attempt=0
I0909 09:20:45.770476    1730 grpc_transport.cc:1414] [MEGASCALE_TRANSPORT_INSTR] Recv: key=psum.7_0_1_ag_0_sr_86_87|s200006->100006d|$c0$l706382330^i0 size=0 is_single_chunk=true is_aligned=true memcpy_needed=false
I0909 09:20:45.772301    1369 grpc_transport.cc:1743] [MEGASCALE_TRANSPORT_INSTR] SendRpc: key=psum.7_0_1_ag_0_sr_41_42|s100006->200006d|$c0$l706382330^i0 size=8388608 queue_latency_us=0 attempt=0
I0909 09:20:45.798623    1362 grpc_transport.cc:1414] [MEGASCALE_TRANSPORT_INSTR] Recv: key=psum.7_0_1_ag_0_sr_119_120|s200006->100006d|$c0$l706382330^i0 size=0 is_single_chunk=true is_aligned=true memcpy_needed=false
I0909 09:20:45.818411    1705 grpc_transport.cc:1414] [MEGASCALE_TRANSPORT_INSTR] Recv: key=psum.7_0_1_ag_0_sr_64_65|s200007->100007d|$c0$l706382330^i0 size=0 is_single_chunk=true is_aligned=true memcpy_needed=false
I0909 09:20:45.836331    1362 grpc_transport.cc:1414] [MEGASCALE_TRANSPORT_INSTR] Recv: key=psum.7_0_1_ag_0_sr_74_75|s200002->100002d|$c0$l706382330^i0 size=0 is_single_chunk=true is_aligned=true memcpy_needed=false
I0909 09:20:45.856307    1362 grpc_transport.cc:1414] [MEGASCALE_TRANSPORT_INSTR] Recv: key=psum.7_0_1_ag_0_sr_108_109|s200002->100002d|$c0$l706382330^i0 size=0 is_single_chunk=true is_aligned=true memcpy_needed=false
I0909 09:20:45.873529    1378 grpc_transport.cc:1743] [MEGASCALE_TRANSPORT_INSTR] SendRpc: key=psum.7_0_sr_79_80|s100007->200007d|$c0$l706382331^i0 size=8388608 queue_latency_us=0 attempt=0
I0909 09:20:45.875845    1707 grpc_transport.cc:1743] [MEGASCALE_TRANSPORT_INSTR] SendRpc: key=psum.7_0_sr_80_81|s100006->200006d|$c0$l706382331^i0 size=8388608 queue_latency_us=0 attempt=0
I0909 09:20:45.879149    1356 grpc_transport.cc:1743] [MEGASCALE_TRANSPORT_INSTR] SendRpc: key=psum.7_0_sr_107_108|s100005->200005d|$c0$l706382331^i0 size=8388608 queue_latency_us=0 attempt=0
I0909 09:20:45.882636    1735 grpc_transport.cc:1743] [MEGASCALE_TRANSPORT_INSTR] SendRpc: key=psum.7_0_sr_109_110|s100006->200006d|$c0$l706382331^i0 size=8388608 queue_latency_us=0 attempt=0
I0909 09:20:45.887170    1704 grpc_transport.cc:1743] [MEGASCALE_TRANSPORT_INSTR] SendRpc: key=psum.7_0_sr_123_124|s100001->200001d|$c0$l706382331^i0 size=8388608 queue_latency_us=0 attempt=0
I0909 09:20:45.908551    1363 grpc_transport.cc:1414] [MEGASCALE_TRANSPORT_INSTR] Recv: key=psum.7_0_sr_15_16|s200000->100000d|$c0$l706382331^i0 size=0 is_single_chunk=true is_aligned=true memcpy_needed=false
I0909 09:20:45.929203    1369 grpc_transport.cc:1414] [MEGASCALE_TRANSPORT_INSTR] Recv: key=psum.7_0_sr_31_32|s200002->100002d|$c0$l706382331^i0 size=0 is_single_chunk=true is_aligned=true memcpy_needed=false
I0909 09:20:45.947454    1352 grpc_transport.cc:1414] [MEGASCALE_TRANSPORT_INSTR] Recv: key=psum.7_0_sr_40_41|s200001->100001d|$c0$l706382331^i0 size=0 is_single_chunk=true is_aligned=true memcpy_needed=false
I0909 09:20:45.965399    1701 grpc_transport.cc:1414] [MEGASCALE_TRANSPORT_INSTR] Recv: key=psum.7_0_sr_56_57|s200005->100005d|$c0$l706382331^i0 size=0 is_single_chunk=true is_aligned=true memcpy_needed=false
I0909 09:20:45.980123    1702 grpc_transport.cc:1743] [MEGASCALE_TRANSPORT_INSTR] SendRpc: key=psum.7_0_1_ag_0_sr_30_31|s100000->200000d|$c0$l706382331^i0 size=8388608 queue_latency_us=0 attempt=0
I0909 09:20:45.989951    1704 grpc_transport.cc:1743] [MEGASCALE_TRANSPORT_INSTR] SendRpc: key=psum.7_0_1_ag_0_sr_42_43|s100001->200001d|$c0$l706382331^i0 size=8388608 queue_latency_us=0 attempt=0
I0909 09:20:45.991820    1707 grpc_transport.cc:1414] [MEGASCALE_TRANSPORT_INSTR] Recv: key=psum.7_0_sr_45_46|s200003->100003d|$c0$l706382331^i0 size=0 is_single_chunk=true is_aligned=true memcpy_needed=false
I0909 09:20:46.000301     804 grpc_transport.cc:1743] [MEGASCALE_TRANSPORT_INSTR] SendRpc: key=psum.7_0_1_ag_0_sr_23_24|s100006->200006d|$c0$l706382331^i0 size=8388608 queue_latency_us=0 attempt=0
I0909 09:20:46.016773    1728 grpc_transport.cc:1743] [MEGASCALE_TRANSPORT_INSTR] SendRpc: key=psum.7_0_1_ag_0_sr_45_46|s100002->200002d|$c0$l706382331^i0 size=8388608 queue_latency_us=0 attempt=0
I0909 09:20:46.021420    1705 grpc_transport.cc:1414] [MEGASCALE_TRANSPORT_INSTR] Recv: key=psum.7_0_1_ag_0_sr_74_75|s200002->100002d|$c0$l706382331^i0 size=0 is_single_chunk=true is_aligned=true memcpy_needed=false
I0909 09:20:46.030229    1369 grpc_transport.cc:1743] [MEGASCALE_TRANSPORT_INSTR] SendRpc: key=psum.7_0_1_ag_0_sr_23_24|s100003->200003d|$c0$l706382331^i0 size=8388608 queue_latency_us=0 attempt=0
I0909 09:20:46.052835    1367 grpc_transport.cc:1414] [MEGASCALE_TRANSPORT_INSTR] Recv: key=psum.7_0_1_ag_0_sr_117_118|s200002->100002d|$c0$l706382331^i0 size=0 is_single_chunk=true is_aligned=true memcpy_needed=false
I0909 09:20:46.071794    1367 grpc_transport.cc:1414] [MEGASCALE_TRANSPORT_INSTR] Recv: key=psum.7_0_1_ag_0_sr_108_109|s200003->100003d|$c0$l706382331^i0 size=0 is_single_chunk=true is_aligned=true memcpy_needed=false
I0909 09:20:46.090936    1711 grpc_transport.cc:1414] [MEGASCALE_TRANSPORT_INSTR] Recv: key=psum.7_0_1_ag_0_sr_81_82|s200006->100006d|$c0$l706382331^i0 size=0 is_single_chunk=true is_aligned=true memcpy_needed=false
I0909 09:20:46.125630    1711 grpc_transport.cc:1414] [MEGASCALE_TRANSPORT_INSTR] Recv: key=psum.7_0_1_ag_0_sr_69_70|s200007->100007d|$c0$l706382331^i0 size=0 is_single_chunk=true is_aligned=true memcpy_needed=false
I0909 09:20:46.153521    1731 grpc_transport.cc:1743] [MEGASCALE_TRANSPORT_INSTR] SendRpc: key=psum.7_0_sr_67_68|s100005->200005d|$c0$l706382332^i0 size=8388608 queue_latency_us=1 attempt=0
I0909 09:20:46.156803    1702 grpc_transport.cc:1743] [MEGASCALE_TRANSPORT_INSTR] SendRpc: key=psum.7_0_sr_71_72|s100007->200007d|$c0$l706382332^i0 size=8388608 queue_latency_us=0 attempt=0
I0909 09:20:46.160378     807 grpc_transport.cc:1743] [MEGASCALE_TRANSPORT_INSTR] SendRpc: key=psum.7_0_sr_99_100|s100003->200003d|$c0$l706382332^i0 size=8388608 queue_latency_us=0 attempt=0
I0909 09:20:46.164678    1386 grpc_transport.cc:1743] [MEGASCALE_TRANSPORT_INSTR] SendRpc: key=psum.7_0_sr_109_110|s100002->200002d|$c0$l706382332^i0 size=8388608 queue_latency_us=0 attempt=0
I0909 09:20:46.169185    1747 grpc_transport.cc:1743] [MEGASCALE_TRANSPORT_INSTR] SendRpc: key=psum.7_0_sr_122_123|s100006->200006d|$c0$l706382332^i0 size=8388608 queue_latency_us=0 attempt=0
I0909 09:20:46.172349    1363 grpc_transport.cc:1414] [MEGASCALE_TRANSPORT_INSTR] Recv: key=psum.7_0_sr_2_3|s200004->100004d|$c0$l706382332^i0 size=0 is_single_chunk=true is_aligned=true memcpy_needed=false
I0909 09:20:46.197181     803 grpc_transport.cc:1414] [MEGASCALE_TRANSPORT_INSTR] Recv: key=psum.7_0_sr_26_27|s200005->100005d|$c0$l706382332^i0 size=0 is_single_chunk=true is_aligned=true memcpy_needed=false
I0909 09:20:46.213598    1721 grpc_transport.cc:1414] [MEGASCALE_TRANSPORT_INSTR] Recv: key=psum.7_0_sr_22_23|s200005->100005d|$c0$l706382332^i0 size=0 is_single_chunk=true is_aligned=true memcpy_needed=false
I0909 09:20:46.230255    1360 grpc_transport.cc:1414] [MEGASCALE_TRANSPORT_INSTR] Recv: key=psum.7_0_sr_24_25|s200007->100007d|$c0$l706382332^i0 size=0 is_single_chunk=true is_aligned=true memcpy_needed=false
I0909 09:20:46.245720    1358 grpc_transport.cc:1743] [MEGASCALE_TRANSPORT_INSTR] SendRpc: key=psum.7_0_1_ag_0_sr_0_1|s100000->200000d|$c0$l706382332^i0 size=8388608 queue_latency_us=0 attempt=0
I0909 09:20:46.250493    1699 grpc_transport.cc:1743] [MEGASCALE_TRANSPORT_INSTR] SendRpc: key=psum.7_0_1_ag_0_sr_45_46|s100001->200001d|$c0$l706382332^i0 size=8388608 queue_latency_us=0 attempt=0
I0909 09:20:46.262452    1705 grpc_transport.cc:1414] [MEGASCALE_TRANSPORT_INSTR] Recv: key=psum.7_0_sr_53_54|s200007->100007d|$c0$l706382332^i0 size=0 is_single_chunk=true is_aligned=true memcpy_needed=false
I0909 09:20:46.279190    1367 grpc_transport.cc:1743] [MEGASCALE_TRANSPORT_INSTR] SendRpc: key=psum.7_0_1_ag_0_sr_56_57|s100002->200002d|$c0$l706382332^i0 size=8388608 queue_latency_us=0 attempt=0
I0909 09:20:46.295648    1725 grpc_transport.cc:1743] [MEGASCALE_TRANSPORT_INSTR] SendRpc: key=psum.7_0_1_ag_0_sr_2_3|s100006->200006d|$c0$l706382332^i0 size=8388608 queue_latency_us=0 attempt=0
I0909 09:20:46.301638    1353 grpc_transport.cc:1414] [MEGASCALE_TRANSPORT_INSTR] Recv: key=psum.7_0_1_ag_0_sr_64_65|s200000->100000d|$c0$l706382332^i0 size=0 is_single_chunk=true is_aligned=true memcpy_needed=false
I0909 09:20:46.302418    1379 grpc_transport.cc:1743] [MEGASCALE_TRANSPORT_INSTR] SendRpc: key=psum.7_0_1_ag_0_sr_50_51|s100006->200006d|$c0$l706382332^i0 size=8388608 queue_latency_us=0 attempt=0
I0909 09:20:46.322311    1350 grpc_transport.cc:1414] [MEGASCALE_TRANSPORT_INSTR] Recv: key=psum.7_0_1_ag_0_sr_78_79|s200005->100005d|$c0$l706382332^i0 size=0 is_single_chunk=true is_aligned=true memcpy_needed=false
I0909 09:20:46.345396    1704 grpc_transport.cc:1414] [MEGASCALE_TRANSPORT_INSTR] Recv: key=psum.7_0_1_ag_0_sr_123_124|s200005->100005d|$c0$l706382332^i0 size=0 is_single_chunk=true is_aligned=true memcpy_needed=false
I0909 09:20:46.364084    1353 grpc_transport.cc:1414] [MEGASCALE_TRANSPORT_INSTR] Recv: key=psum.7_0_1_ag_0_sr_68_69|s200004->100004d|$c0$l706382332^i0 size=0 is_single_chunk=true is_aligned=true memcpy_needed=false
I0909 09:20:46.381272    1353 grpc_transport.cc:1414] [MEGASCALE_TRANSPORT_INSTR] Recv: key=psum.7_0_1_ag_0_sr_110_111|s200004->100004d|$c0$l706382332^i0 size=0 is_single_chunk=true is_aligned=true memcpy_needed=false
I0909 09:20:46.409287    1371 grpc_transport.cc:1743] [MEGASCALE_TRANSPORT_INSTR] SendRpc: key=psum.7_0_sr_88_89|s100002->200002d|$c0$l706382333^i0 size=8388608 queue_latency_us=0 attempt=0
I0909 09:20:46.413692    1366 grpc_transport.cc:1743] [MEGASCALE_TRANSPORT_INSTR] SendRpc: key=psum.7_0_sr_72_73|s100000->200000d|$c0$l706382333^i0 size=8388608 queue_latency_us=0 attempt=0
I0909 09:20:46.416181    1376 grpc_transport.cc:1743] [MEGASCALE_TRANSPORT_INSTR] SendRpc: key=psum.7_0_sr_116_117|s100002->200002d|$c0$l706382333^i0 size=8388608 queue_latency_us=0 attempt=0
I0909 09:20:46.420196    1364 grpc_transport.cc:1743] [MEGASCALE_TRANSPORT_INSTR] SendRpc: key=psum.7_0_sr_106_107|s100003->200003d|$c0$l706382333^i0 size=8388608 queue_latency_us=0 attempt=0
I0909 09:20:46.425197     805 grpc_transport.cc:1743] [MEGASCALE_TRANSPORT_INSTR] SendRpc: key=psum.7_0_sr_122_123|s100003->200003d|$c0$l706382333^i0 size=8388608 queue_latency_us=0 attempt=0
I0909 09:20:46.471289    1703 grpc_transport.cc:1414] [MEGASCALE_TRANSPORT_INSTR] Recv: key=psum.7_0_sr_21_22|s200001->100001d|$c0$l706382333^i0 size=0 is_single_chunk=true is_aligned=true memcpy_needed=false
I0909 09:20:46.510220    1859 grpc_transport.cc:1414] [MEGASCALE_TRANSPORT_INSTR] Recv: key=psum.7_0_sr_22_23|s200004->100004d|$c0$l706382333^i0 size=0 is_single_chunk=true is_aligned=true memcpy_needed=false
I0909 09:20:46.527797    1699 grpc_transport.cc:1743] [MEGASCALE_TRANSPORT_INSTR] SendRpc: key=psum.7_0_1_ag_0_sr_26_27|s100001->200001d|$c0$l706382333^i0 size=8388608 queue_latency_us=0 attempt=0
I0909 09:20:46.529884    1709 grpc_transport.cc:1414] [MEGASCALE_TRANSPORT_INSTR] Recv: key=psum.7_0_sr_16_17|s200006->100006d|$c0$l706382333^i0 size=0 is_single_chunk=true is_aligned=true memcpy_needed=false
I0909 09:20:46.547275    1705 grpc_transport.cc:1414] [MEGASCALE_TRANSPORT_INSTR] Recv: key=psum.7_0_sr_29_30|s200006->100006d|$c0$l706382333^i0 size=0 is_single_chunk=true is_aligned=true memcpy_needed=false
I0909 09:20:46.566029    1721 grpc_transport.cc:1414] [MEGASCALE_TRANSPORT_INSTR] Recv: key=psum.7_0_sr_52_53|s200002->100002d|$c0$l706382333^i0 size=0 is_single_chunk=true is_aligned=true memcpy_needed=false
I0909 09:20:46.566621    1861 grpc_transport.cc:1743] [MEGASCALE_TRANSPORT_INSTR] SendRpc: key=psum.7_0_1_ag_0_sr_63_64|s100004->200004d|$c0$l706382333^i0 size=8388608 queue_latency_us=0 attempt=0
I0909 09:20:46.586791    1872 grpc_transport.cc:1743] [MEGASCALE_TRANSPORT_INSTR] SendRpc: key=psum.7_0_1_ag_0_sr_34_35|s100000->200000d|$c0$l706382333^i0 size=8388608 queue_latency_us=1 attempt=0
I0909 09:20:46.588235    1858 grpc_transport.cc:1414] [MEGASCALE_TRANSPORT_INSTR] Recv: key=psum.7_0_1_ag_0_sr_90_91|s200004->100004d|$c0$l706382333^i0 size=0 is_single_chunk=true is_aligned=true memcpy_needed=false
I0909 09:20:46.602308    1351 grpc_transport.cc:1743] [MEGASCALE_TRANSPORT_INSTR] SendRpc: key=psum.7_0_1_ag_0_sr_7_8|s100005->200005d|$c0$l706382333^i0 size=8388608 queue_latency_us=0 attempt=0
I0909 09:20:46.610178     786 grpc_transport.cc:1743] [MEGASCALE_TRANSPORT_INSTR] SendRpc: key=psum.7_0_1_ag_0_sr_46_47|s100005->200005d|$c0$l706382333^i0 size=8388608 queue_latency_us=0 attempt=0
I0909 09:20:46.613837    1705 grpc_transport.cc:1414] [MEGASCALE_TRANSPORT_INSTR] Recv: key=psum.7_0_1_ag_0_sr_88_89|s200002->100002d|$c0$l706382333^i0 size=0 is_single_chunk=true is_aligned=true memcpy_needed=false
I0909 09:20:46.630483    1719 grpc_transport.cc:1414] [MEGASCALE_TRANSPORT_INSTR] Recv: key=psum.7_0_1_ag_0_sr_77_78|s200006->100006d|$c0$l706382333^i0 size=0 is_single_chunk=true is_aligned=true memcpy_needed=false
I0909 09:20:46.647370    1699 grpc_transport.cc:1414] [MEGASCALE_TRANSPORT_INSTR] Recv: key=psum.7_0_1_ag_0_sr_95_96|s200000->100000d|$c0$l706382333^i0 size=0 is_single_chunk=true is_aligned=true memcpy_needed=false
I0909 09:20:46.664267    1711 grpc_transport.cc:1414] [MEGASCALE_TRANSPORT_INSTR] Recv: key=psum.7_0_1_ag_0_sr_98_99|s200003->100003d|$c0$l706382333^i0 size=0 is_single_chunk=true is_aligned=true memcpy_needed=false
I0909 09:20:46.701010    1376 grpc_transport.cc:1743] [MEGASCALE_TRANSPORT_INSTR] SendRpc: key=psum.7_0_sr_81_82|s100002->200002d|$c0$l706382334^i0 size=8388608 queue_latency_us=0 attempt=0
I0909 09:20:46.704932    1870 grpc_transport.cc:1743] [MEGASCALE_TRANSPORT_INSTR] SendRpc: key=psum.7_0_sr_96_97|s100004->200004d|$c0$l706382334^i0 size=8388608 queue_latency_us=0 attempt=0
I0909 09:20:46.709013    1869 grpc_transport.cc:1743] [MEGASCALE_TRANSPORT_INSTR] SendRpc: key=psum.7_0_sr_90_91|s100000->200000d|$c0$l706382334^i0 size=8388608 queue_latency_us=0 attempt=0
I0909 09:20:46.712394    1393 grpc_transport.cc:1743] [MEGASCALE_TRANSPORT_INSTR] SendRpc: key=psum.7_0_sr_105_106|s100006->200006d|$c0$l706382334^i0 size=8388608 queue_latency_us=0 attempt=0
I0909 09:20:46.717101    1885 grpc_transport.cc:1743] [MEGASCALE_TRANSPORT_INSTR] SendRpc: key=psum.7_0_sr_113_114|s100001->200001d|$c0$l706382334^i0 size=8388608 queue_latency_us=0 attempt=0
I0909 09:20:46.723147    1356 grpc_transport.cc:1414] [MEGASCALE_TRANSPORT_INSTR] Recv: key=psum.7_0_sr_12_13|s200001->100001d|$c0$l706382334^i0 size=0 is_single_chunk=true is_aligned=true memcpy_needed=false
I0909 09:20:46.752310    1352 grpc_transport.cc:1414] [MEGASCALE_TRANSPORT_INSTR] Recv: key=psum.7_0_sr_1_2|s200005->100005d|$c0$l706382334^i0 size=0 is_single_chunk=true is_aligned=true memcpy_needed=false
I0909 09:20:46.773784    1701 grpc_transport.cc:1414] [MEGASCALE_TRANSPORT_INSTR] Recv: key=psum.7_0_sr_20_21|s200004->100004d|$c0$l706382334^i0 size=0 is_single_chunk=true is_aligned=true memcpy_needed=false
I0909 09:20:46.791422    1707 grpc_transport.cc:1414] [MEGASCALE_TRANSPORT_INSTR] Recv: key=psum.7_0_sr_49_50|s200002->100002d|$c0$l706382334^i0 size=0 is_single_chunk=true is_aligned=true memcpy_needed=false
I0909 09:20:46.809620    1859 grpc_transport.cc:1743] [MEGASCALE_TRANSPORT_INSTR] SendRpc: key=psum.7_0_1_ag_0_sr_6_7|s100001->200001d|$c0$l706382334^i0 size=8388608 queue_latency_us=0 attempt=0
I0909 09:20:46.811360    1728 grpc_transport.cc:1414] [MEGASCALE_TRANSPORT_INSTR] Recv: key=psum.7_0_sr_50_51|s200007->100007d|$c0$l706382334^i0 size=0 is_single_chunk=true is_aligned=true memcpy_needed=false
I0909 09:20:46.824862    1364 grpc_transport.cc:1743] [MEGASCALE_TRANSPORT_INSTR] SendRpc: key=psum.7_0_1_ag_0_sr_37_38|s100006->200006d|$c0$l706382334^i0 size=8388608 queue_latency_us=0 attempt=0
I0909 09:20:46.834146    1705 grpc_transport.cc:1414] [MEGASCALE_TRANSPORT_INSTR] Recv: key=psum.7_0_sr_25_26|s200003->100003d|$c0$l706382334^i0 size=0 is_single_chunk=true is_aligned=true memcpy_needed=false
I0909 09:20:46.836694    1872 grpc_transport.cc:1743] [MEGASCALE_TRANSPORT_INSTR] SendRpc: key=psum.7_0_1_ag_0_sr_16_17|s100005->200005d|$c0$l706382334^i0 size=8388608 queue_latency_us=1 attempt=0
I0909 09:20:46.853179    1711 grpc_transport.cc:1743] [MEGASCALE_TRANSPORT_INSTR] SendRpc: key=psum.7_0_1_ag_0_sr_6_7|s100007->200007d|$c0$l706382334^i0 size=8388608 queue_latency_us=0 attempt=0
I0909 09:20:46.856530    1361 grpc_transport.cc:1414] [MEGASCALE_TRANSPORT_INSTR] Recv: key=psum.7_0_1_ag_0_sr_71_72|s200001->100001d|$c0$l706382334^i0 size=0 is_single_chunk=true is_aligned=true memcpy_needed=false
I0909 09:20:46.861479    1735 grpc_transport.cc:1743] [MEGASCALE_TRANSPORT_INSTR] SendRpc: key=psum.7_0_1_ag_0_sr_48_49|s100007->200007d|$c0$l706382334^i0 size=8388608 queue_latency_us=0 attempt=0
I0909 09:20:46.872287    1357 grpc_transport.cc:1743] [MEGASCALE_TRANSPORT_INSTR] SendRpc: key=psum.7_0_1_ag_0_sr_56_57|s100003->200003d|$c0$l706382334^i0 size=8388608 queue_latency_us=0 attempt=0
I0909 09:20:46.882409    1701 grpc_transport.cc:1414] [MEGASCALE_TRANSPORT_INSTR] Recv: key=psum.7_0_1_ag_0_sr_73_74|s200005->100005d|$c0$l706382334^i0 size=0 is_single_chunk=true is_aligned=true memcpy_needed=false
I0909 09:20:46.902110    1708 grpc_transport.cc:1414] [MEGASCALE_TRANSPORT_INSTR] Recv: key=psum.7_0_1_ag_0_sr_78_79|s200000->100000d|$c0$l706382334^i0 size=0 is_single_chunk=true is_aligned=true memcpy_needed=false
I0909 09:20:46.919530    1357 grpc_transport.cc:1414] [MEGASCALE_TRANSPORT_INSTR] Recv: key=psum.7_0_1_ag_0_sr_83_84|s200003->100003d|$c0$l706382334^i0 size=0 is_single_chunk=true is_aligned=true memcpy_needed=false
I0909 09:20:46.950161    1716 grpc_transport.cc:1414] [MEGASCALE_TRANSPORT_INSTR] Recv: key=psum.7_0_1_ag_0_sr_104_105|s200007->100007d|$c0$l706382334^i0 size=0 is_single_chunk=true is_aligned=true memcpy_needed=false
I0909 09:20:46.968244    1355 grpc_transport.cc:1743] [MEGASCALE_TRANSPORT_INSTR] SendRpc: key=psum.7_0_sr_71_72|s100004->200004d|$c0$l706382335^i0 size=8388608 queue_latency_us=0 attempt=0
I0909 09:20:46.971606    1357 grpc_transport.cc:1743] [MEGASCALE_TRANSPORT_INSTR] SendRpc: key=psum.7_0_sr_91_92|s100006->200006d|$c0$l706382335^i0 size=8388608 queue_latency_us=0 attempt=0
I0909 09:20:46.974222    1865 grpc_transport.cc:1743] [MEGASCALE_TRANSPORT_INSTR] SendRpc: key=psum.7_0_sr_96_97|s100001->200001d|$c0$l706382335^i0 size=8388608 queue_latency_us=0 attempt=0
I0909 09:20:46.978041    1861 grpc_transport.cc:1743] [MEGASCALE_TRANSPORT_INSTR] SendRpc: key=psum.7_0_sr_116_117|s100000->200000d|$c0$l706382335^i0 size=8388608 queue_latency_us=0 attempt=0
I0909 09:20:46.982289    1729 grpc_transport.cc:1743] [MEGASCALE_TRANSPORT_INSTR] SendRpc: key=psum.7_0_sr_127_128|s100005->200005d|$c0$l706382335^i0 size=8388608 queue_latency_us=0 attempt=0
I0909 09:20:47.004953    1357 grpc_transport.cc:1414] [MEGASCALE_TRANSPORT_INSTR] Recv: key=psum.7_0_sr_6_7|s200002->100002d|$c0$l706382335^i0 size=0 is_single_chunk=true is_aligned=true memcpy_needed=false
I0909 09:20:47.027292    1352 grpc_transport.cc:1414] [MEGASCALE_TRANSPORT_INSTR] Recv: key=psum.7_0_sr_27_28|s200004->100004d|$c0$l706382335^i0 size=0 is_single_chunk=true is_aligned=true memcpy_needed=false
I0909 09:20:47.047932    1362 grpc_transport.cc:1414] [MEGASCALE_TRANSPORT_INSTR] Recv: key=psum.7_0_sr_31_32|s200002->100002d|$c0$l706382335^i0 size=0 is_single_chunk=true is_aligned=true memcpy_needed=false
I0909 09:20:47.066022    1709 grpc_transport.cc:1414] [MEGASCALE_TRANSPORT_INSTR] Recv: key=psum.7_0_sr_41_42|s200002->100002d|$c0$l706382335^i0 size=0 is_single_chunk=true is_aligned=true memcpy_needed=false
I0909 09:20:47.090226    1859 grpc_transport.cc:1743] [MEGASCALE_TRANSPORT_INSTR] SendRpc: key=psum.7_0_1_ag_0_sr_11_12|s100000->200000d|$c0$l706382335^i0 size=8388608 queue_latency_us=0 attempt=0
I0909 09:20:47.090302    1721 grpc_transport.cc:1414] [MEGASCALE_TRANSPORT_INSTR] Recv: key=psum.7_0_sr_50_51|s200007->100007d|$c0$l706382335^i0 size=0 is_single_chunk=true is_aligned=true memcpy_needed=false
I0909 09:20:47.094795    1861 grpc_transport.cc:1743] [MEGASCALE_TRANSPORT_INSTR] SendRpc: key=psum.7_0_1_ag_0_sr_52_53|s100004->200004d|$c0$l706382335^i0 size=8388608 queue_latency_us=0 attempt=0
I0909 09:20:47.102216    1711 grpc_transport.cc:1743] [MEGASCALE_TRANSPORT_INSTR] SendRpc: key=psum.7_0_1_ag_0_sr_23_24|s100006->200006d|$c0$l706382335^i0 size=8388608 queue_latency_us=0 attempt=0
I0909 09:20:47.114773    1357 grpc_transport.cc:1414] [MEGASCALE_TRANSPORT_INSTR] Recv: key=psum.7_0_1_ag_0_sr_93_94|s200002->100002d|$c0$l706382335^i0 size=0 is_single_chunk=true is_aligned=true memcpy_needed=false
I0909 09:20:47.117697    1778 grpc_transport.cc:1743] [MEGASCALE_TRANSPORT_INSTR] SendRpc: key=psum.7_0_1_ag_0_sr_29_30|s100002->200002d|$c0$l706382335^i0 size=8388608 queue_latency_us=0 attempt=0
I0909 09:20:47.125055    1375 grpc_transport.cc:1743] [MEGASCALE_TRANSPORT_INSTR] SendRpc: key=psum.7_0_1_ag_0_sr_63_64|s100003->200003d|$c0$l706382335^i0 size=8388608 queue_latency_us=0 attempt=0
I0909 09:20:47.143324    1353 grpc_transport.cc:1414] [MEGASCALE_TRANSPORT_INSTR] Recv: key=psum.7_0_1_ag_0_sr_105_106|s200005->100005d|$c0$l706382335^i0 size=0 is_single_chunk=true is_aligned=true memcpy_needed=false
I0909 09:20:47.162932    1709 grpc_transport.cc:1414] [MEGASCALE_TRANSPORT_INSTR] Recv: key=psum.7_0_1_ag_0_sr_95_96|s200007->100007d|$c0$l706382335^i0 size=0 is_single_chunk=true is_aligned=true memcpy_needed=false
I0909 09:20:47.182613    1707 grpc_transport.cc:1414] [MEGASCALE_TRANSPORT_INSTR] Recv: key=psum.7_0_1_ag_0_sr_95_96|s200006->100006d|$c0$l706382335^i0 size=0 is_single_chunk=true is_aligned=true memcpy_needed=false
I0909 09:20:47.209780    1362 grpc_transport.cc:1414] [MEGASCALE_TRANSPORT_INSTR] Recv: key=psum.7_0_1_ag_0_sr_91_92|s200003->100003d|$c0$l706382335^i0 size=0 is_single_chunk=true is_aligned=true memcpy_needed=false
I0909 09:20:47.236531    1357 grpc_transport.cc:1743] [MEGASCALE_TRANSPORT_INSTR] SendRpc: key=psum.7_0_sr_69_70|s100007->200007d|$c0$l706382336^i0 size=8388608 queue_latency_us=0 attempt=0
I0909 09:20:47.239392    1407 grpc_transport.cc:1743] [MEGASCALE_TRANSPORT_INSTR] SendRpc: key=psum.7_0_sr_79_80|s100007->200007d|$c0$l706382336^i0 size=8388608 queue_latency_us=0 attempt=0
I0909 09:20:47.242927    1717 grpc_transport.cc:1743] [MEGASCALE_TRANSPORT_INSTR] SendRpc: key=psum.7_0_sr_92_93|s100004->200004d|$c0$l706382336^i0 size=8388608 queue_latency_us=0 attempt=0
I0909 09:20:47.246898    1376 grpc_transport.cc:1743] [MEGASCALE_TRANSPORT_INSTR] SendRpc: key=psum.7_0_sr_104_105|s100006->200006d|$c0$l706382336^i0 size=8388608 queue_latency_us=0 attempt=0
I0909 09:20:47.251606    1877 grpc_transport.cc:1743] [MEGASCALE_TRANSPORT_INSTR] SendRpc: key=psum.7_0_sr_111_112|s100004->200004d|$c0$l706382336^i0 size=8388608 queue_latency_us=0 attempt=0
I0909 09:20:47.254838     804 grpc_transport.cc:1414] [MEGASCALE_TRANSPORT_INSTR] Recv: key=psum.7_0_sr_18_19|s200007->100007d|$c0$l706382336^i0 size=0 is_single_chunk=true is_aligned=true memcpy_needed=false
I0909 09:20:47.279327     803 grpc_transport.cc:1414] [MEGASCALE_TRANSPORT_INSTR] Recv: key=psum.7_0_sr_21_22|s200003->100003d|$c0$l706382336^i0 size=0 is_single_chunk=true is_aligned=true memcpy_needed=false
I0909 09:20:47.296205     803 grpc_transport.cc:1414] [MEGASCALE_TRANSPORT_INSTR] Recv: key=psum.7_0_sr_33_34|s200007->100007d|$c0$l706382336^i0 size=0 is_single_chunk=true is_aligned=true memcpy_needed=false
I0909 09:20:47.313640     803 grpc_transport.cc:1414] [MEGASCALE_TRANSPORT_INSTR] Recv: key=psum.7_0_sr_47_48|s200007->100007d|$c0$l706382336^i0 size=0 is_single_chunk=true is_aligned=true memcpy_needed=false
I0909 09:20:47.332571    1701 grpc_transport.cc:1414] [MEGASCALE_TRANSPORT_INSTR] Recv: key=psum.7_0_sr_48_49|s200005->100005d|$c0$l706382336^i0 size=0 is_single_chunk=true is_aligned=true memcpy_needed=false
I0909 09:20:47.334286    1717 grpc_transport.cc:1743] [MEGASCALE_TRANSPORT_INSTR] SendRpc: key=psum.7_0_1_ag_0_sr_56_57|s100000->200000d|$c0$l706382336^i0 size=8388608 queue_latency_us=0 attempt=0
I0909 09:20:47.353807    1358 grpc_transport.cc:1743] [MEGASCALE_TRANSPORT_INSTR] SendRpc: key=psum.7_0_1_ag_0_sr_56_57|s100001->200001d|$c0$l706382336^i0 size=8388608 queue_latency_us=0 attempt=0
I0909 09:20:47.360101    1711 grpc_transport.cc:1743] [MEGASCALE_TRANSPORT_INSTR] SendRpc: key=psum.7_0_1_ag_0_sr_51_52|s100006->200006d|$c0$l706382336^i0 size=8388608 queue_latency_us=0 attempt=0
I0909 09:20:47.365350    1397 grpc_transport.cc:1743] [MEGASCALE_TRANSPORT_INSTR] SendRpc: key=psum.7_0_1_ag_0_sr_16_17|s100002->200002d|$c0$l706382336^i0 size=8388608 queue_latency_us=0 attempt=0
I0909 09:20:47.369670    1723 grpc_transport.cc:1743] [MEGASCALE_TRANSPORT_INSTR] SendRpc: key=psum.7_0_1_ag_0_sr_55_56|s100007->200007d|$c0$l706382336^i0 size=8388608 queue_latency_us=0 attempt=0
I0909 09:20:47.379994    1705 grpc_transport.cc:1414] [MEGASCALE_TRANSPORT_INSTR] Recv: key=psum.7_0_1_ag_0_sr_83_84|s200002->100002d|$c0$l706382336^i0 size=0 is_single_chunk=true is_aligned=true memcpy_needed=false
I0909 09:20:47.404222    1351 grpc_transport.cc:1414] [MEGASCALE_TRANSPORT_INSTR] Recv: key=psum.7_0_1_ag_0_sr_97_98|s200005->100005d|$c0$l706382336^i0 size=0 is_single_chunk=true is_aligned=true memcpy_needed=false
I0909 09:20:47.431446    1350 grpc_transport.cc:1414] [MEGASCALE_TRANSPORT_INSTR] Recv: key=psum.7_0_1_ag_0_sr_107_108|s200000->100000d|$c0$l706382336^i0 size=0 is_single_chunk=true is_aligned=true memcpy_needed=false
I0909 09:20:47.452478    1375 grpc_transport.cc:1414] [MEGASCALE_TRANSPORT_INSTR] Recv: key=psum.7_0_1_ag_0_sr_64_65|s200003->100003d|$c0$l706382336^i0 size=0 is_single_chunk=true is_aligned=true memcpy_needed=false
I0909 09:20:47.476448    1705 grpc_transport.cc:1414] [MEGASCALE_TRANSPORT_INSTR] Recv: key=psum.7_0_1_ag_0_sr_79_80|s200006->100006d|$c0$l706382336^i0 size=0 is_single_chunk=true is_aligned=true memcpy_needed=false
I0909 09:20:47.511028    1369 grpc_transport.cc:1743] [MEGASCALE_TRANSPORT_INSTR] SendRpc: key=psum.7_0_sr_74_75|s100006->200006d|$c0$l706382337^i0 size=8388608 queue_latency_us=0 attempt=0
I0909 09:20:47.514444     806 grpc_transport.cc:1743] [MEGASCALE_TRANSPORT_INSTR] SendRpc: key=psum.7_0_sr_100_101|s100006->200006d|$c0$l706382337^i0 size=8388608 queue_latency_us=0 attempt=0
I0909 09:20:47.517990    1753 grpc_transport.cc:1743] [MEGASCALE_TRANSPORT_INSTR] SendRpc: key=psum.7_0_sr_111_112|s100006->200006d|$c0$l706382337^i0 size=8388608 queue_latency_us=0 attempt=0
I0909 09:20:47.521833    1709 grpc_transport.cc:1743] [MEGASCALE_TRANSPORT_INSTR] SendRpc: key=psum.7_0_sr_91_92|s100003->200003d|$c0$l706382337^i0 size=8388608 queue_latency_us=0 attempt=0
I0909 09:20:47.526634    1704 grpc_transport.cc:1743] [MEGASCALE_TRANSPORT_INSTR] SendRpc: key=psum.7_0_sr_117_118|s100005->200005d|$c0$l706382337^i0 size=8388608 queue_latency_us=0 attempt=0
I0909 09:20:47.527598    1354 grpc_transport.cc:1414] [MEGASCALE_TRANSPORT_INSTR] Recv: key=psum.7_0_sr_26_27|s200004->100004d|$c0$l706382337^i0 size=0 is_single_chunk=true is_aligned=true memcpy_needed=false
I0909 09:20:47.555027    1388 grpc_transport.cc:1414] [MEGASCALE_TRANSPORT_INSTR] Recv: key=psum.7_0_sr_16_17|s200003->100003d|$c0$l706382337^i0 size=0 is_single_chunk=true is_aligned=true memcpy_needed=false
I0909 09:20:47.573025    1707 grpc_transport.cc:1414] [MEGASCALE_TRANSPORT_INSTR] Recv: key=psum.7_0_sr_13_14|s200002->100002d|$c0$l706382337^i0 size=0 is_single_chunk=true is_aligned=true memcpy_needed=false
I0909 09:20:47.580448     786 grpc_transport.cc:1743] [MEGASCALE_TRANSPORT_INSTR] SendRpc: key=psum.7_0_1_ag_0_sr_34_35|s100004->200004d|$c0$l706382337^i0 size=8388608 queue_latency_us=0 attempt=0
I0909 09:20:47.591168    1709 grpc_transport.cc:1414] [MEGASCALE_TRANSPORT_INSTR] Recv: key=psum.7_0_sr_37_38|s200007->100007d|$c0$l706382337^i0 size=0 is_single_chunk=true is_aligned=true memcpy_needed=false
I0909 09:20:47.608756    1355 grpc_transport.cc:1414] [MEGASCALE_TRANSPORT_INSTR] Recv: key=psum.7_0_sr_56_57|s200001->100001d|$c0$l706382337^i0 size=0 is_single_chunk=true is_aligned=true memcpy_needed=false
I0909 09:20:47.628463    1353 grpc_transport.cc:1743] [MEGASCALE_TRANSPORT_INSTR] SendRpc: key=psum.7_0_1_ag_0_sr_54_55|s100000->200000d|$c0$l706382337^i0 size=8388608 queue_latency_us=0 attempt=0
I0909 09:20:47.636147    1353 grpc_transport.cc:1743] [MEGASCALE_TRANSPORT_INSTR] SendRpc: key=psum.7_0_1_ag_0_sr_43_44|s100001->200001d|$c0$l706382337^i0 size=8388608 queue_latency_us=0 attempt=0
I0909 09:20:47.642218    1868 grpc_transport.cc:1414] [MEGASCALE_TRANSPORT_INSTR] Recv: key=psum.7_0_1_ag_0_sr_74_75|s200004->100004d|$c0$l706382337^i0 size=0 is_single_chunk=true is_aligned=true memcpy_needed=false
I0909 09:20:47.647884    1403 grpc_transport.cc:1743] [MEGASCALE_TRANSPORT_INSTR] SendRpc: key=psum.7_0_1_ag_0_sr_37_38|s100006->200006d|$c0$l706382337^i0 size=8388608 queue_latency_us=0 attempt=0
I0909 09:20:47.662810    1705 grpc_transport.cc:1743] [MEGASCALE_TRANSPORT_INSTR] SendRpc: key=psum.7_0_1_ag_0_sr_48_49|s100003->200003d|$c0$l706382337^i0 size=8388608 queue_latency_us=0 attempt=0
I0909 09:20:47.667556    1937 grpc_transport.cc:1414] [MEGASCALE_TRANSPORT_INSTR] Recv: key=psum.7_0_1_ag_0_sr_70_71|s200001->100001d|$c0$l706382337^i0 size=0 is_single_chunk=true is_aligned=true memcpy_needed=false
I0909 09:20:47.691094    1711 grpc_transport.cc:1414] [MEGASCALE_TRANSPORT_INSTR] Recv: key=psum.7_0_1_ag_0_sr_93_94|s200002->100002d|$c0$l706382337^i0 size=0 is_single_chunk=true is_aligned=true memcpy_needed=false
I0909 09:20:47.712935    1714 grpc_transport.cc:1414] [MEGASCALE_TRANSPORT_INSTR] Recv: key=psum.7_0_1_ag_0_sr_109_110|s200002->100002d|$c0$l706382337^i0 size=0 is_single_chunk=true is_aligned=true memcpy_needed=false
I0909 09:20:47.737492    1709 grpc_transport.cc:1414] [MEGASCALE_TRANSPORT_INSTR] Recv: key=psum.7_0_1_ag_0_sr_101_102|s200003->100003d|$c0$l706382337^i0 size=0 is_single_chunk=true is_aligned=true memcpy_needed=false
I0909 09:20:47.776451     787 grpc_transport.cc:1414] [MEGASCALE_TRANSPORT_INSTR] Recv: key=psum.7_0_sr_24_25|s200005->100005d|$c0$l706382338^i0 size=0 is_single_chunk=true is_aligned=true memcpy_needed=false
I0909 09:20:47.779785    1725 grpc_transport.cc:1743] [MEGASCALE_TRANSPORT_INSTR] SendRpc: key=psum.7_0_sr_93_94|s100007->200007d|$c0$l706382338^i0 size=8388608 queue_latency_us=0 attempt=0
I0909 09:20:47.786070    1720 grpc_transport.cc:1743] [MEGASCALE_TRANSPORT_INSTR] SendRpc: key=psum.7_0_sr_75_76|s100000->200000d|$c0$l706382338^i0 size=8388608 queue_latency_us=0 attempt=0
I0909 09:20:47.789188    1751 grpc_transport.cc:1743] [MEGASCALE_TRANSPORT_INSTR] SendRpc: key=psum.7_0_sr_85_86|s100006->200006d|$c0$l706382338^i0 size=8388608 queue_latency_us=0 attempt=0
I0909 09:20:47.793211    1712 grpc_transport.cc:1743] [MEGASCALE_TRANSPORT_INSTR] SendRpc: key=psum.7_0_sr_113_114|s100005->200005d|$c0$l706382338^i0 size=8388608 queue_latency_us=0 attempt=0
I0909 09:20:47.797734     788 grpc_transport.cc:1743] [MEGASCALE_TRANSPORT_INSTR] SendRpc: key=psum.7_0_sr_113_114|s100001->200001d|$c0$l706382338^i0 size=8388608 queue_latency_us=0 attempt=0
I0909 09:20:47.818022    1730 grpc_transport.cc:1414] [MEGASCALE_TRANSPORT_INSTR] Recv: key=psum.7_0_sr_4_5|s200003->100003d|$c0$l706382338^i0 size=0 is_single_chunk=true is_aligned=true memcpy_needed=false
I0909 09:20:47.836972    1704 grpc_transport.cc:1414] [MEGASCALE_TRANSPORT_INSTR] Recv: key=psum.7_0_sr_30_31|s200001->100001d|$c0$l706382338^i0 size=0 is_single_chunk=true is_aligned=true memcpy_needed=false
I0909 09:20:47.853614    1721 grpc_transport.cc:1414] [MEGASCALE_TRANSPORT_INSTR] Recv: key=psum.7_0_sr_31_32|s200007->100007d|$c0$l706382338^i0 size=0 is_single_chunk=true is_aligned=true memcpy_needed=false
I0909 09:20:47.872535    1703 grpc_transport.cc:1743] [MEGASCALE_TRANSPORT_INSTR] SendRpc: key=psum.7_0_1_ag_0_sr_12_13|s100005->200005d|$c0$l706382338^i0 size=8388608 queue_latency_us=0 attempt=0
I0909 09:20:47.876362    1865 grpc_transport.cc:1414] [MEGASCALE_TRANSPORT_INSTR] Recv: key=psum.7_0_sr_54_55|s200004->100004d|$c0$l706382338^i0 size=0 is_single_chunk=true is_aligned=true memcpy_needed=false
I0909 09:20:47.895616    1351 grpc_transport.cc:1743] [MEGASCALE_TRANSPORT_INSTR] SendRpc: key=psum.7_0_1_ag_0_sr_48_49|s100001->200001d|$c0$l706382338^i0 size=8388608 queue_latency_us=0 attempt=0
I0909 09:20:47.906231    1858 grpc_transport.cc:1743] [MEGASCALE_TRANSPORT_INSTR] SendRpc: key=psum.7_0_1_ag_0_sr_41_42|s100000->200000d|$c0$l706382338^i0 size=8388608 queue_latency_us=0 attempt=0
I0909 09:20:47.906407    1364 grpc_transport.cc:1414] [MEGASCALE_TRANSPORT_INSTR] Recv: key=psum.7_0_sr_61_62|s200003->100003d|$c0$l706382338^i0 size=0 is_single_chunk=true is_aligned=true memcpy_needed=false
I0909 09:20:47.917211    1711 grpc_transport.cc:1743] [MEGASCALE_TRANSPORT_INSTR] SendRpc: key=psum.7_0_1_ag_0_sr_56_57|s100006->200006d|$c0$l706382338^i0 size=8388608 queue_latency_us=0 attempt=0
I0909 09:20:47.925941    1739 grpc_transport.cc:1743] [MEGASCALE_TRANSPORT_INSTR] SendRpc: key=psum.7_0_1_ag_0_sr_21_22|s100007->200007d|$c0$l706382338^i0 size=8388608 queue_latency_us=0 attempt=0
I0909 09:20:47.932205    1759 grpc_transport.cc:1743] [MEGASCALE_TRANSPORT_INSTR] SendRpc: key=psum.7_0_1_ag_0_sr_63_64|s100003->200003d|$c0$l706382338^i0 size=8388608 queue_latency_us=0 attempt=0
I0909 09:20:47.939129    1357 grpc_transport.cc:1414] [MEGASCALE_TRANSPORT_INSTR] Recv: key=psum.7_0_1_ag_0_sr_119_120|s200007->100007d|$c0$l706382338^i0 size=0 is_single_chunk=true is_aligned=true memcpy_needed=false
I0909 09:20:47.968729    1705 grpc_transport.cc:1414] [MEGASCALE_TRANSPORT_INSTR] Recv: key=psum.7_0_1_ag_0_sr_86_87|s200006->100006d|$c0$l706382338^i0 size=0 is_single_chunk=true is_aligned=true memcpy_needed=false
I0909 09:20:47.988313     786 grpc_transport.cc:1414] [MEGASCALE_TRANSPORT_INSTR] Recv: key=psum.7_0_1_ag_0_sr_64_65|s200001->100001d|$c0$l706382338^i0 size=0 is_single_chunk=true is_aligned=true memcpy_needed=false
I0909 09:20:48.006749    1862 grpc_transport.cc:1414] [MEGASCALE_TRANSPORT_INSTR] Recv: key=psum.7_0_1_ag_0_sr_91_92|s200001->100001d|$c0$l706382338^i0 size=0 is_single_chunk=true is_aligned=true memcpy_needed=false
I0909 09:20:48.028429    1711 grpc_transport.cc:1414] [MEGASCALE_TRANSPORT_INSTR] Recv: key=psum.7_0_1_ag_0_sr_106_107|s200002->100002d|$c0$l706382338^i0 size=0 is_single_chunk=true is_aligned=true memcpy_needed=false
I0909 09:20:48.040946    1714 grpc_transport.cc:1743] [MEGASCALE_TRANSPORT_INSTR] SendRpc: key=psum.7_0_sr_65_66|s100007->200007d|$c0$l706382339^i0 size=8388608 queue_latency_us=0 attempt=0
I0909 09:20:48.044636    1722 grpc_transport.cc:1743] [MEGASCALE_TRANSPORT_INSTR] SendRpc: key=psum.7_0_sr_100_101|s100001->200001d|$c0$l706382339^i0 size=8388608 queue_latency_us=0 attempt=0
I0909 09:20:48.048448    1957 grpc_transport.cc:1743] [MEGASCALE_TRANSPORT_INSTR] SendRpc: key=psum.7_0_sr_102_103|s100000->200000d|$c0$l706382339^i0 size=8388608 queue_latency_us=0 attempt=0
I0909 09:20:48.052395    1707 grpc_transport.cc:1743] [MEGASCALE_TRANSPORT_INSTR] SendRpc: key=psum.7_0_sr_94_95|s100006->200006d|$c0$l706382339^i0 size=8388608 queue_latency_us=0 attempt=0
I0909 09:20:48.058343    1379 grpc_transport.cc:1743] [MEGASCALE_TRANSPORT_INSTR] SendRpc: key=psum.7_0_sr_118_119|s100006->200006d|$c0$l706382339^i0 size=8388608 queue_latency_us=0 attempt=0
I0909 09:20:48.079888    1379 grpc_transport.cc:1414] [MEGASCALE_TRANSPORT_INSTR] Recv: key=psum.7_0_sr_11_12|s200002->100002d|$c0$l706382339^i0 size=0 is_single_chunk=true is_aligned=true memcpy_needed=false
I0909 09:20:48.100128    1939 grpc_transport.cc:1414] [MEGASCALE_TRANSPORT_INSTR] Recv: key=psum.7_0_sr_24_25|s200005->100005d|$c0$l706382339^i0 size=0 is_single_chunk=true is_aligned=true memcpy_needed=false
I0909 09:20:48.119435    1357 grpc_transport.cc:1414] [MEGASCALE_TRANSPORT_INSTR] Recv: key=psum.7_0_sr_22_23|s200003->100003d|$c0$l706382339^i0 size=0 is_single_chunk=true is_aligned=true memcpy_needed=false
I0909 09:20:48.138377    1709 grpc_transport.cc:1414] [MEGASCALE_TRANSPORT_INSTR] Recv: key=psum.7_0_sr_43_44|s200006->100006d|$c0$l706382339^i0 size=0 is_single_chunk=true is_aligned=true memcpy_needed=false
I0909 09:20:48.161293    1703 grpc_transport.cc:1743] [MEGASCALE_TRANSPORT_INSTR] SendRpc: key=psum.7_0_1_ag_0_sr_8_9|s100005->200005d|$c0$l706382339^i0 size=8388608 queue_latency_us=0 attempt=0
I0909 09:20:48.164706    1710 grpc_transport.cc:1414] [MEGASCALE_TRANSPORT_INSTR] Recv: key=psum.7_0_1_ag_0_sr_91_92|s200005->100005d|$c0$l706382339^i0 size=0 is_single_chunk=true is_aligned=true memcpy_needed=false
I0909 09:20:48.166634    1860 grpc_transport.cc:1743] [MEGASCALE_TRANSPORT_INSTR] SendRpc: key=psum.7_0_1_ag_0_sr_9_10|s100000->200000d|$c0$l706382339^i0 size=8388608 queue_latency_us=0 attempt=0
I0909 09:20:48.181631    1357 grpc_transport.cc:1743] [MEGASCALE_TRANSPORT_INSTR] SendRpc: key=psum.7_0_1_ag_0_sr_31_32|s100002->200002d|$c0$l706382339^i0 size=8388608 queue_latency_us=0 attempt=0
I0909 09:20:48.186036    1939 grpc_transport.cc:1414] [MEGASCALE_TRANSPORT_INSTR] Recv: key=psum.7_0_1_ag_0_sr_83_84|s200001->100001d|$c0$l706382339^i0 size=0 is_single_chunk=true is_aligned=true memcpy_needed=false
I0909 09:20:48.201394    1369 grpc_transport.cc:1743] [MEGASCALE_TRANSPORT_INSTR] SendRpc: key=psum.7_0_1_ag_0_sr_62_63|s100003->200003d|$c0$l706382339^i0 size=8388608 queue_latency_us=0 attempt=0
I0909 09:20:48.213107    1352 grpc_transport.cc:1414] [MEGASCALE_TRANSPORT_INSTR] Recv: key=psum.7_0_1_ag_0_sr_85_86|s200000->100000d|$c0$l706382339^i0 size=0 is_single_chunk=true is_aligned=true memcpy_needed=false
I0909 09:20:48.225904    1759 grpc_transport.cc:1743] [MEGASCALE_TRANSPORT_INSTR] SendRpc: key=psum.7_0_1_ag_0_sr_39_40|s100007->200007d|$c0$l706382339^i0 size=8388608 queue_latency_us=0 attempt=0
I0909 09:20:48.230901    1861 grpc_transport.cc:1414] [MEGASCALE_TRANSPORT_INSTR] Recv: key=psum.7_0_1_ag_0_sr_68_69|s200004->100004d|$c0$l706382339^i0 size=0 is_single_chunk=true is_aligned=true memcpy_needed=false
I0909 09:20:48.248051    1866 grpc_transport.cc:1414] [MEGASCALE_TRANSPORT_INSTR] Recv: key=psum.7_0_1_ag_0_sr_125_126|s200004->100004d|$c0$l706382339^i0 size=0 is_single_chunk=true is_aligned=true memcpy_needed=false
I0909 09:20:48.277106    1705 grpc_transport.cc:1414] [MEGASCALE_TRANSPORT_INSTR] Recv: key=psum.7_0_1_ag_0_sr_93_94|s200006->100006d|$c0$l706382339^i0 size=0 is_single_chunk=true is_aligned=true memcpy_needed=false
I0909 09:20:48.298899    1391 grpc_transport.cc:1743] [MEGASCALE_TRANSPORT_INSTR] SendRpc: key=psum.7_0_sr_73_74|s100003->200003d|$c0$l706382340^i0 size=8388608 queue_latency_us=0 attempt=0
I0909 09:20:48.302955    1782 grpc_transport.cc:1743] [MEGASCALE_TRANSPORT_INSTR] SendRpc: key=psum.7_0_sr_84_85|s100006->200006d|$c0$l706382340^i0 size=8388608 queue_latency_us=0 attempt=0
I0909 09:20:48.305228    1369 grpc_transport.cc:1743] [MEGASCALE_TRANSPORT_INSTR] SendRpc: key=psum.7_0_sr_88_89|s100002->200002d|$c0$l706382340^i0 size=8388608 queue_latency_us=0 attempt=0
I0909 09:20:48.308619    1353 grpc_transport.cc:1743] [MEGASCALE_TRANSPORT_INSTR] SendRpc: key=psum.7_0_sr_115_116|s100005->200005d|$c0$l706382340^i0 size=8388608 queue_latency_us=0 attempt=0
I0909 09:20:48.312636    1369 grpc_transport.cc:1743] [MEGASCALE_TRANSPORT_INSTR] SendRpc: key=psum.7_0_sr_121_122|s100002->200002d|$c0$l706382340^i0 size=8388608 queue_latency_us=0 attempt=0
I0909 09:20:48.330173    1381 grpc_transport.cc:1414] [MEGASCALE_TRANSPORT_INSTR] Recv: key=psum.7_0_sr_26_27|s200006->100006d|$c0$l706382340^i0 size=0 is_single_chunk=true is_aligned=true memcpy_needed=false
I0909 09:20:48.352433    1361 grpc_transport.cc:1414] [MEGASCALE_TRANSPORT_INSTR] Recv: key=psum.7_0_sr_18_19|s200001->100001d|$c0$l706382340^i0 size=0 is_single_chunk=true is_aligned=true memcpy_needed=false
I0909 09:20:48.375090    1710 grpc_transport.cc:1414] [MEGASCALE_TRANSPORT_INSTR] Recv: key=psum.7_0_sr_31_32|s200004->100004d|$c0$l706382340^i0 size=0 is_single_chunk=true is_aligned=true memcpy_needed=false
I0909 09:20:48.395313    1714 grpc_transport.cc:1414] [MEGASCALE_TRANSPORT_INSTR] Recv: key=psum.7_0_sr_10_11|s200007->100007d|$c0$l706382340^i0 size=0 is_single_chunk=true is_aligned=true memcpy_needed=false
I0909 09:20:48.407342    1369 grpc_transport.cc:1743] [MEGASCALE_TRANSPORT_INSTR] SendRpc: key=psum.7_0_1_ag_0_sr_28_29|s100006->200006d|$c0$l706382340^i0 size=8388608 queue_latency_us=0 attempt=0
I0909 09:20:48.415309    1947 grpc_transport.cc:1743] [MEGASCALE_TRANSPORT_INSTR] SendRpc: key=psum.7_0_1_ag_0_sr_30_31|s100000->200000d|$c0$l706382340^i0 size=8388608 queue_latency_us=1 attempt=0
I0909 09:20:48.417984    1365 grpc_transport.cc:1414] [MEGASCALE_TRANSPORT_INSTR] Recv: key=psum.7_0_1_ag_0_sr_65_66|s200005->100005d|$c0$l706382340^i0 size=0 is_single_chunk=true is_aligned=true memcpy_needed=false
I0909 09:20:48.433763    1958 grpc_transport.cc:1743] [MEGASCALE_TRANSPORT_INSTR] SendRpc: key=psum.7_0_1_ag_0_sr_41_42|s100005->200005d|$c0$l706382340^i0 size=8388608 queue_latency_us=0 attempt=0
I0909 09:20:48.440394    1947 grpc_transport.cc:1414] [MEGASCALE_TRANSPORT_INSTR] Recv: key=psum.7_0_1_ag_0_sr_122_123|s200005->100005d|$c0$l706382340^i0 size=0 is_single_chunk=true is_aligned=true memcpy_needed=false
I0909 09:20:48.442253    1941 grpc_transport.cc:1743] [MEGASCALE_TRANSPORT_INSTR] SendRpc: key=psum.7_0_1_ag_0_sr_43_44|s100004->200004d|$c0$l706382340^i0 size=8388608 queue_latency_us=0 attempt=0
I0909 09:20:48.459839    1730 grpc_transport.cc:1743] [MEGASCALE_TRANSPORT_INSTR] SendRpc: key=psum.7_0_1_ag_0_sr_30_31|s100003->200003d|$c0$l706382340^i0 size=8388608 queue_latency_us=0 attempt=0
I0909 09:20:48.470562    1859 grpc_transport.cc:1414] [MEGASCALE_TRANSPORT_INSTR] Recv: key=psum.7_0_1_ag_0_sr_70_71|s200004->100004d|$c0$l706382340^i0 size=0 is_single_chunk=true is_aligned=true memcpy_needed=false
I0909 09:20:48.494326    1865 grpc_transport.cc:1414] [MEGASCALE_TRANSPORT_INSTR] Recv: key=psum.7_0_1_ag_0_sr_66_67|s200001->100001d|$c0$l706382340^i0 size=0 is_single_chunk=true is_aligned=true memcpy_needed=false
I0909 09:20:48.513512    1353 grpc_transport.cc:1414] [MEGASCALE_TRANSPORT_INSTR] Recv: key=psum.7_0_1_ag_0_sr_92_93|s200001->100001d|$c0$l706382340^i0 size=0 is_single_chunk=true is_aligned=true memcpy_needed=false
I0909 09:20:48.544579    1711 grpc_transport.cc:1414] [MEGASCALE_TRANSPORT_INSTR] Recv: key=psum.7_0_1_ag_0_sr_77_78|s200006->100006d|$c0$l706382340^i0 size=0 is_single_chunk=true is_aligned=true memcpy_needed=false
I0909 09:20:48.579519    1865 grpc_transport.cc:1414] [MEGASCALE_TRANSPORT_INSTR] Recv: key=psum.7_0_sr_13_14|s200004->100004d|$c0$l706382341^i0 size=0 is_single_chunk=true is_aligned=true memcpy_needed=false
I0909 09:20:48.582315    1351 grpc_transport.cc:1743] [MEGASCALE_TRANSPORT_INSTR] SendRpc: key=psum.7_0_sr_66_67|s100004->200004d|$c0$l706382341^i0 size=8388608 queue_latency_us=0 attempt=0
I0909 09:20:48.585615    1778 grpc_transport.cc:1743] [MEGASCALE_TRANSPORT_INSTR] SendRpc: key=psum.7_0_sr_75_76|s100006->200006d|$c0$l706382341^i0 size=8388608 queue_latency_us=0 attempt=0
I0909 09:20:48.588747    1751 grpc_transport.cc:1743] [MEGASCALE_TRANSPORT_INSTR] SendRpc: key=psum.7_0_sr_86_87|s100007->200007d|$c0$l706382341^i0 size=8388608 queue_latency_us=0 attempt=0
I0909 09:20:48.591683    1860 grpc_transport.cc:1743] [MEGASCALE_TRANSPORT_INSTR] SendRpc: key=psum.7_0_sr_110_111|s100001->200001d|$c0$l706382341^i0 size=8388608 queue_latency_us=0 attempt=0
I0909 09:20:48.595033    1761 grpc_transport.cc:1743] [MEGASCALE_TRANSPORT_INSTR] SendRpc: key=psum.7_0_sr_122_123|s100002->200002d|$c0$l706382341^i0 size=8388608 queue_latency_us=0 attempt=0
I0909 09:20:48.614921    1739 grpc_transport.cc:1414] [MEGASCALE_TRANSPORT_INSTR] Recv: key=psum.7_0_sr_38_39|s200006->100006d|$c0$l706382341^i0 size=0 is_single_chunk=true is_aligned=true memcpy_needed=false
I0909 09:20:48.633881    1938 grpc_transport.cc:1414] [MEGASCALE_TRANSPORT_INSTR] Recv: key=psum.7_0_sr_30_31|s200000->100000d|$c0$l706382341^i0 size=0 is_single_chunk=true is_aligned=true memcpy_needed=false
I0909 09:20:48.651154     787 grpc_transport.cc:1414] [MEGASCALE_TRANSPORT_INSTR] Recv: key=psum.7_0_sr_44_45|s200004->100004d|$c0$l706382341^i0 size=0 is_single_chunk=true is_aligned=true memcpy_needed=false
I0909 09:20:48.668383    1707 grpc_transport.cc:1414] [MEGASCALE_TRANSPORT_INSTR] Recv: key=psum.7_0_sr_60_61|s200003->100003d|$c0$l706382341^i0 size=0 is_single_chunk=true is_aligned=true memcpy_needed=false
I0909 09:20:48.690082    1365 grpc_transport.cc:1743] [MEGASCALE_TRANSPORT_INSTR] SendRpc: key=psum.7_0_1_ag_0_sr_25_26|s100005->200005d|$c0$l706382341^i0 size=8388608 queue_latency_us=1 attempt=0
I0909 09:20:48.697710    1357 grpc_transport.cc:1743] [MEGASCALE_TRANSPORT_INSTR] SendRpc: key=psum.7_0_1_ag_0_sr_42_43|s100003->200003d|$c0$l706382341^i0 size=8388608 queue_latency_us=0 attempt=0
I0909 09:20:48.703904    1356 grpc_transport.cc:1743] [MEGASCALE_TRANSPORT_INSTR] SendRpc: key=psum.7_0_1_ag_0_sr_17_18|s100000->200000d|$c0$l706382341^i0 size=8388608 queue_latency_us=1 attempt=0
I0909 09:20:48.710779     806 grpc_transport.cc:1743] [MEGASCALE_TRANSPORT_INSTR] SendRpc: key=psum.7_0_1_ag_0_sr_12_13|s100006->200006d|$c0$l706382341^i0 size=8388608 queue_latency_us=0 attempt=0
I0909 09:20:48.715385    1940 grpc_transport.cc:1414] [MEGASCALE_TRANSPORT_INSTR] Recv: key=psum.7_0_1_ag_0_sr_100_101|s200004->100004d|$c0$l706382341^i0 size=0 is_single_chunk=true is_aligned=true memcpy_needed=false
I0909 09:20:48.717864    1759 grpc_transport.cc:1743] [MEGASCALE_TRANSPORT_INSTR] SendRpc: key=psum.7_0_1_ag_0_sr_52_53|s100006->200006d|$c0$l706382341^i0 size=8388608 queue_latency_us=0 attempt=0
I0909 09:20:48.737912    1353 grpc_transport.cc:1414] [MEGASCALE_TRANSPORT_INSTR] Recv: key=psum.7_0_1_ag_0_sr_98_99|s200001->100001d|$c0$l706382341^i0 size=0 is_single_chunk=true is_aligned=true memcpy_needed=false
I0909 09:20:48.762011    1364 grpc_transport.cc:1414] [MEGASCALE_TRANSPORT_INSTR] Recv: key=psum.7_0_1_ag_0_sr_66_67|s200002->100002d|$c0$l706382341^i0 size=0 is_single_chunk=true is_aligned=true memcpy_needed=false
I0909 09:20:48.790061    1711 grpc_transport.cc:1414] [MEGASCALE_TRANSPORT_INSTR] Recv: key=psum.7_0_1_ag_0_sr_99_100|s200002->100002d|$c0$l706382341^i0 size=0 is_single_chunk=true is_aligned=true memcpy_needed=false
I0909 09:20:48.807555    1705 grpc_transport.cc:1414] [MEGASCALE_TRANSPORT_INSTR] Recv: key=psum.7_0_1_ag_0_sr_115_116|s200002->100002d|$c0$l706382341^i0 size=0 is_single_chunk=true is_aligned=true memcpy_needed=false
I0909 09:20:48.836245    1747 grpc_transport.cc:1743] [MEGASCALE_TRANSPORT_INSTR] SendRpc: key=psum.7_0_sr_72_73|s100007->200007d|$c0$l706382342^i0 size=8388608 queue_latency_us=0 attempt=0
I0909 09:20:48.840151    1365 grpc_transport.cc:1743] [MEGASCALE_TRANSPORT_INSTR] SendRpc: key=psum.7_0_sr_76_77|s100004->200004d|$c0$l706382342^i0 size=8388608 queue_latency_us=0 attempt=0
I0909 09:20:48.842413    1701 grpc_transport.cc:1743] [MEGASCALE_TRANSPORT_INSTR] SendRpc: key=psum.7_0_sr_104_105|s100000->200000d|$c0$l706382342^i0 size=8388608 queue_latency_us=0 attempt=0
I0909 09:20:48.844748     810 grpc_transport.cc:1743] [MEGASCALE_TRANSPORT_INSTR] SendRpc: key=psum.7_0_sr_100_101|s100006->200006d|$c0$l706382342^i0 size=8388608 queue_latency_us=0 attempt=0
I0909 09:20:48.847929    1725 grpc_transport.cc:1743] [MEGASCALE_TRANSPORT_INSTR] SendRpc: key=psum.7_0_sr_118_119|s100006->200006d|$c0$l706382342^i0 size=8388608 queue_latency_us=0 attempt=0
I0909 09:20:48.881102    1701 grpc_transport.cc:1414] [MEGASCALE_TRANSPORT_INSTR] Recv: key=psum.7_0_sr_4_5|s200001->100001d|$c0$l706382342^i0 size=0 is_single_chunk=true is_aligned=true memcpy_needed=false
I0909 09:20:48.915997     803 grpc_transport.cc:1414] [MEGASCALE_TRANSPORT_INSTR] Recv: key=psum.7_0_sr_8_9|s200002->100002d|$c0$l706382342^i0 size=0 is_single_chunk=true is_aligned=true memcpy_needed=false
I0909 09:20:48.936784     786 grpc_transport.cc:1414] [MEGASCALE_TRANSPORT_INSTR] Recv: key=psum.7_0_sr_38_39|s200001->100001d|$c0$l706382342^i0 size=0 is_single_chunk=true is_aligned=true memcpy_needed=false
I0909 09:20:48.953988    1364 grpc_transport.cc:1414] [MEGASCALE_TRANSPORT_INSTR] Recv: key=psum.7_0_sr_35_36|s200002->100002d|$c0$l706382342^i0 size=0 is_single_chunk=true is_aligned=true memcpy_needed=false
I0909 09:20:48.967152    1364 grpc_transport.cc:1743] [MEGASCALE_TRANSPORT_INSTR] SendRpc: key=psum.7_0_1_ag_0_sr_16_17|s100003->200003d|$c0$l706382342^i0 size=8388608 queue_latency_us=1 attempt=0
I0909 09:20:48.971692    1711 grpc_transport.cc:1414] [MEGASCALE_TRANSPORT_INSTR] Recv: key=psum.7_0_sr_45_46|s200006->100006d|$c0$l706382342^i0 size=0 is_single_chunk=true is_aligned=true memcpy_needed=false
I0909 09:20:48.990477    1354 grpc_transport.cc:1743] [MEGASCALE_TRANSPORT_INSTR] SendRpc: key=psum.7_0_1_ag_0_sr_52_53|s100001->200001d|$c0$l706382342^i0 size=8388608 queue_latency_us=0 attempt=0
I0909 09:20:49.000251    1364 grpc_transport.cc:1414] [MEGASCALE_TRANSPORT_INSTR] Recv: key=psum.7_0_sr_60_61|s200006->100006d|$c0$l706382342^i0 size=0 is_single_chunk=true is_aligned=true memcpy_needed=false
I0909 09:20:49.001197    1858 grpc_transport.cc:1743] [MEGASCALE_TRANSPORT_INSTR] SendRpc: key=psum.7_0_1_ag_0_sr_40_41|s100005->200005d|$c0$l706382342^i0 size=8388608 queue_latency_us=1 attempt=0
I0909 09:20:49.007992    1938 grpc_transport.cc:1743] [MEGASCALE_TRANSPORT_INSTR] SendRpc: key=psum.7_0_1_ag_0_sr_62_63|s100000->200000d|$c0$l706382342^i0 size=8388608 queue_latency_us=0 attempt=0
I0909 09:20:49.023412    1711 grpc_transport.cc:1414] [MEGASCALE_TRANSPORT_INSTR] Recv: key=psum.7_0_1_ag_0_sr_85_86|s200006->100006d|$c0$l706382342^i0 size=0 is_single_chunk=true is_aligned=true memcpy_needed=false
I0909 09:20:49.027335    1401 grpc_transport.cc:1743] [MEGASCALE_TRANSPORT_INSTR] SendRpc: key=psum.7_0_1_ag_0_sr_31_32|s100006->200006d|$c0$l706382342^i0 size=8388608 queue_latency_us=0 attempt=0
I0909 09:20:49.042025    1379 grpc_transport.cc:1414] [MEGASCALE_TRANSPORT_INSTR] Recv: key=psum.7_0_1_ag_0_sr_91_92|s200006->100006d|$c0$l706382342^i0 size=0 is_single_chunk=true is_aligned=true memcpy_needed=false
I0909 09:20:49.059921    1943 grpc_transport.cc:1414] [MEGASCALE_TRANSPORT_INSTR] Recv: key=psum.7_0_1_ag_0_sr_76_77|s200001->100001d|$c0$l706382342^i0 size=0 is_single_chunk=true is_aligned=true memcpy_needed=false
I0909 09:20:49.076576    1364 grpc_transport.cc:1414] [MEGASCALE_TRANSPORT_INSTR] Recv: key=psum.7_0_1_ag_0_sr_119_120|s200002->100002d|$c0$l706382342^i0 size=0 is_single_chunk=true is_aligned=true memcpy_needed=false
I0909 09:20:49.098568     803 grpc_transport.cc:1414] [MEGASCALE_TRANSPORT_INSTR] Recv: key=psum.7_0_1_ag_0_sr_100_101|s200007->100007d|$c0$l706382342^i0 size=0 is_single_chunk=true is_aligned=true memcpy_needed=false
I0909 09:20:49.108573    1364 grpc_transport.cc:1743] [MEGASCALE_TRANSPORT_INSTR] SendRpc: key=psum.7_0_sr_88_89|s100006->200006d|$c0$l706382343^i0 size=8388608 queue_latency_us=0 attempt=0
I0909 09:20:49.112145    1867 grpc_transport.cc:1743] [MEGASCALE_TRANSPORT_INSTR] SendRpc: key=psum.7_0_sr_85_86|s100000->200000d|$c0$l706382343^i0 size=8388608 queue_latency_us=0 attempt=0
I0909 09:20:49.114543    1714 grpc_transport.cc:1743] [MEGASCALE_TRANSPORT_INSTR] SendRpc: key=psum.7_0_sr_97_98|s100003->200003d|$c0$l706382343^i0 size=8388608 queue_latency_us=0 attempt=0
I0909 09:20:49.117376    1952 grpc_transport.cc:1743] [MEGASCALE_TRANSPORT_INSTR] SendRpc: key=psum.7_0_sr_96_97|s100000->200000d|$c0$l706382343^i0 size=8388608 queue_latency_us=0 attempt=0
I0909 09:20:49.121691    1737 grpc_transport.cc:1743] [MEGASCALE_TRANSPORT_INSTR] SendRpc: key=psum.7_0_sr_119_120|s100002->200002d|$c0$l706382343^i0 size=8388608 queue_latency_us=0 attempt=0
I0909 09:20:49.127362    1862 grpc_transport.cc:1743] [MEGASCALE_TRANSPORT_INSTR] SendRpc: key=psum.7_0_sr_126_127|s100004->200004d|$c0$l706382343^i0 size=8388608 queue_latency_us=0 attempt=0
I0909 09:20:49.148565    1351 grpc_transport.cc:1414] [MEGASCALE_TRANSPORT_INSTR] Recv: key=psum.7_0_sr_0_1|s200004->100004d|$c0$l706382343^i0 size=0 is_single_chunk=true is_aligned=true memcpy_needed=false
I0909 09:20:49.172265    1707 grpc_transport.cc:1414] [MEGASCALE_TRANSPORT_INSTR] Recv: key=psum.7_0_sr_43_44|s200003->100003d|$c0$l706382343^i0 size=0 is_single_chunk=true is_aligned=true memcpy_needed=false
I0909 09:20:49.190794    1375 grpc_transport.cc:1414] [MEGASCALE_TRANSPORT_INSTR] Recv: key=psum.7_0_sr_6_7|s200006->100006d|$c0$l706382343^i0 size=0 is_single_chunk=true is_aligned=true memcpy_needed=false
I0909 09:20:49.208556    1725 grpc_transport.cc:1414] [MEGASCALE_TRANSPORT_INSTR] Recv: key=psum.7_0_sr_26_27|s200006->100006d|$c0$l706382343^i0 size=0 is_single_chunk=true is_aligned=true memcpy_needed=false
I0909 09:20:49.220577    1707 grpc_transport.cc:1743] [MEGASCALE_TRANSPORT_INSTR] SendRpc: key=psum.7_0_1_ag_0_sr_33_34|s100003->200003d|$c0$l706382343^i0 size=8388608 queue_latency_us=0 attempt=0
I0909 09:20:49.226663    1869 grpc_transport.cc:1414] [MEGASCALE_TRANSPORT_INSTR] Recv: key=psum.7_0_sr_60_61|s200001->100001d|$c0$l706382343^i0 size=0 is_single_chunk=true is_aligned=true memcpy_needed=false
I0909 09:20:49.239668    1945 grpc_transport.cc:1743] [MEGASCALE_TRANSPORT_INSTR] SendRpc: key=psum.7_0_1_ag_0_sr_9_10|s100005->200005d|$c0$l706382343^i0 size=8388608 queue_latency_us=0 attempt=0
I0909 09:20:49.247138    1739 grpc_transport.cc:1743] [MEGASCALE_TRANSPORT_INSTR] SendRpc: key=psum.7_0_1_ag_0_sr_24_25|s100002->200002d|$c0$l706382343^i0 size=8388608 queue_latency_us=0 attempt=0
I0909 09:20:49.253902    1952 grpc_transport.cc:1743] [MEGASCALE_TRANSPORT_INSTR] SendRpc: key=psum.7_0_1_ag_0_sr_10_11|s100001->200001d|$c0$l706382343^i0 size=8388608 queue_latency_us=2 attempt=0
I0909 09:20:49.260779    1397 grpc_transport.cc:1414] [MEGASCALE_TRANSPORT_INSTR] Recv: key=psum.7_0_1_ag_0_sr_91_92|s200006->100006d|$c0$l706382343^i0 size=0 is_single_chunk=true is_aligned=true memcpy_needed=false
I0909 09:20:49.261949    1714 grpc_transport.cc:1743] [MEGASCALE_TRANSPORT_INSTR] SendRpc: key=psum.7_0_1_ag_0_sr_58_59|s100006->200006d|$c0$l706382343^i0 size=8388608 queue_latency_us=0 attempt=0
I0909 09:20:49.284799    1350 grpc_transport.cc:1414] [MEGASCALE_TRANSPORT_INSTR] Recv: key=psum.7_0_1_ag_0_sr_102_103|s200004->100004d|$c0$l706382343^i0 size=0 is_single_chunk=true is_aligned=true memcpy_needed=false
I0909 09:20:49.305031    1716 grpc_transport.cc:1414] [MEGASCALE_TRANSPORT_INSTR] Recv: key=psum.7_0_1_ag_0_sr_123_124|s200003->100003d|$c0$l706382343^i0 size=0 is_single_chunk=true is_aligned=true memcpy_needed=false
I0909 09:20:49.322986    1701 grpc_transport.cc:1414] [MEGASCALE_TRANSPORT_INSTR] Recv: key=psum.7_0_1_ag_0_sr_114_115|s200000->100000d|$c0$l706382343^i0 size=0 is_single_chunk=true is_aligned=true memcpy_needed=false
I0909 09:20:49.339632    1719 grpc_transport.cc:1414] [MEGASCALE_TRANSPORT_INSTR] Recv: key=psum.7_0_1_ag_0_sr_121_122|s200007->100007d|$c0$l706382343^i0 size=0 is_single_chunk=true is_aligned=true memcpy_needed=false
I0909 09:20:49.361819     787 grpc_transport.cc:1743] [MEGASCALE_TRANSPORT_INSTR] SendRpc: key=psum.7_0_sr_79_80|s100004->200004d|$c0$l706382344^i0 size=8388608 queue_latency_us=1 attempt=0
I0909 09:20:49.364262    1401 grpc_transport.cc:1743] [MEGASCALE_TRANSPORT_INSTR] SendRpc: key=psum.7_0_sr_104_105|s100006->200006d|$c0$l706382344^i0 size=8388608 queue_latency_us=0 attempt=0
I0909 09:20:49.367373    1859 grpc_transport.cc:1743] [MEGASCALE_TRANSPORT_INSTR] SendRpc: key=psum.7_0_sr_88_89|s100001->200001d|$c0$l706382344^i0 size=8388608 queue_latency_us=0 attempt=0
I0909 09:20:49.371197    1714 grpc_transport.cc:1743] [MEGASCALE_TRANSPORT_INSTR] SendRpc: key=psum.7_0_sr_116_117|s100002->200002d|$c0$l706382344^i0 size=8388608 queue_latency_us=0 attempt=0
I0909 09:20:49.376245    1377 grpc_transport.cc:1743] [MEGASCALE_TRANSPORT_INSTR] SendRpc: key=psum.7_0_sr_127_128|s100007->200007d|$c0$l706382344^i0 size=8388608 queue_latency_us=0 attempt=0
I0909 09:20:49.395651    1707 grpc_transport.cc:1414] [MEGASCALE_TRANSPORT_INSTR] Recv: key=psum.7_0_sr_37_38|s200006->100006d|$c0$l706382344^i0 size=0 is_single_chunk=true is_aligned=true memcpy_needed=false
I0909 09:20:49.422975    1353 grpc_transport.cc:1414] [MEGASCALE_TRANSPORT_INSTR] Recv: key=psum.7_0_sr_44_45|s200004->100004d|$c0$l706382344^i0 size=0 is_single_chunk=true is_aligned=true memcpy_needed=false
I0909 09:20:49.442177    1711 grpc_transport.cc:1414] [MEGASCALE_TRANSPORT_INSTR] Recv: key=psum.7_0_sr_32_33|s200002->100002d|$c0$l706382344^i0 size=0 is_single_chunk=true is_aligned=true memcpy_needed=false
I0909 09:20:49.461669    1350 grpc_transport.cc:1414] [MEGASCALE_TRANSPORT_INSTR] Recv: key=psum.7_0_sr_44_45|s200005->100005d|$c0$l706382344^i0 size=0 is_single_chunk=true is_aligned=true memcpy_needed=false
I0909 09:20:49.472210    1704 grpc_transport.cc:1743] [MEGASCALE_TRANSPORT_INSTR] SendRpc: key=psum.7_0_1_ag_0_sr_9_10|s100004->200004d|$c0$l706382344^i0 size=8388608 queue_latency_us=0 attempt=0
I0909 09:20:49.480634    1711 grpc_transport.cc:1414] [MEGASCALE_TRANSPORT_INSTR] Recv: key=psum.7_0_sr_43_44|s200007->100007d|$c0$l706382344^i0 size=0 is_single_chunk=true is_aligned=true memcpy_needed=false
I0909 09:20:49.493230    1707 grpc_transport.cc:1743] [MEGASCALE_TRANSPORT_INSTR] SendRpc: key=psum.7_0_1_ag_0_sr_45_46|s100002->200002d|$c0$l706382344^i0 size=8388608 queue_latency_us=0 attempt=0
I0909 09:20:49.503151    1355 grpc_transport.cc:1743] [MEGASCALE_TRANSPORT_INSTR] SendRpc: key=psum.7_0_1_ag_0_sr_57_58|s100005->200005d|$c0$l706382344^i0 size=8388608 queue_latency_us=2 attempt=0
I0909 09:20:49.510089    1711 grpc_transport.cc:1414] [MEGASCALE_TRANSPORT_INSTR] Recv: key=psum.7_0_1_ag_0_sr_65_66|s200006->100006d|$c0$l706382344^i0 size=0 is_single_chunk=true is_aligned=true memcpy_needed=false
I0909 09:20:49.516450    1728 grpc_transport.cc:1743] [MEGASCALE_TRANSPORT_INSTR] SendRpc: key=psum.7_0_1_ag_0_sr_15_16|s100007->200007d|$c0$l706382344^i0 size=8388608 queue_latency_us=0 attempt=0
I0909 09:20:49.525755    1735 grpc_transport.cc:1743] [MEGASCALE_TRANSPORT_INSTR] SendRpc: key=psum.7_0_1_ag_0_sr_25_26|s100003->200003d|$c0$l706382344^i0 size=8388608 queue_latency_us=0 attempt=0
I0909 09:20:49.533758    1938 grpc_transport.cc:1414] [MEGASCALE_TRANSPORT_INSTR] Recv: key=psum.7_0_1_ag_0_sr_85_86|s200004->100004d|$c0$l706382344^i0 size=0 is_single_chunk=true is_aligned=true memcpy_needed=false
I0909 09:20:49.551718    1379 grpc_transport.cc:1414] [MEGASCALE_TRANSPORT_INSTR] Recv: key=psum.7_0_1_ag_0_sr_69_70|s200002->100002d|$c0$l706382344^i0 size=0 is_single_chunk=true is_aligned=true memcpy_needed=false
I0909 09:20:49.570750    1711 grpc_transport.cc:1414] [MEGASCALE_TRANSPORT_INSTR] Recv: key=psum.7_0_1_ag_0_sr_94_95|s200002->100002d|$c0$l706382344^i0 size=0 is_single_chunk=true is_aligned=true memcpy_needed=false
I0909 09:20:49.586799    1711 grpc_transport.cc:1414] [MEGASCALE_TRANSPORT_INSTR] Recv: key=psum.7_0_1_ag_0_sr_83_84|s200007->100007d|$c0$l706382344^i0 size=0 is_single_chunk=true is_aligned=true memcpy_needed=false
I0909 09:20:49.616274    1751 grpc_transport.cc:1743] [MEGASCALE_TRANSPORT_INSTR] SendRpc: key=psum.7_0_sr_66_67|s100003->200003d|$c0$l706382345^i0 size=8388608 queue_latency_us=0 attempt=0
I0909 09:20:49.619655    1936 grpc_transport.cc:1743] [MEGASCALE_TRANSPORT_INSTR] SendRpc: key=psum.7_0_sr_65_66|s100005->200005d|$c0$l706382345^i0 size=8388608 queue_latency_us=0 attempt=0
I0909 09:20:49.622145    1864 grpc_transport.cc:1743] [MEGASCALE_TRANSPORT_INSTR] SendRpc: key=psum.7_0_sr_90_91|s100001->200001d|$c0$l706382345^i0 size=8388608 queue_latency_us=0 attempt=0
I0909 09:20:49.625355    1383 grpc_transport.cc:1743] [MEGASCALE_TRANSPORT_INSTR] SendRpc: key=psum.7_0_sr_108_109|s100006->200006d|$c0$l706382345^i0 size=8388608 queue_latency_us=0 attempt=0
I0909 09:20:49.629339    1407 grpc_transport.cc:1743] [MEGASCALE_TRANSPORT_INSTR] SendRpc: key=psum.7_0_sr_119_120|s100006->200006d|$c0$l706382345^i0 size=8388608 queue_latency_us=0 attempt=0
I0909 09:20:49.643448    1707 grpc_transport.cc:1414] [MEGASCALE_TRANSPORT_INSTR] Recv: key=psum.7_0_sr_27_28|s200006->100006d|$c0$l706382345^i0 size=0 is_single_chunk=true is_aligned=true memcpy_needed=false
I0909 09:20:49.667864    1702 grpc_transport.cc:1414] [MEGASCALE_TRANSPORT_INSTR] Recv: key=psum.7_0_sr_16_17|s200004->100004d|$c0$l706382345^i0 size=0 is_single_chunk=true is_aligned=true memcpy_needed=false
I0909 09:20:49.689108    1936 grpc_transport.cc:1414] [MEGASCALE_TRANSPORT_INSTR] Recv: key=psum.7_0_sr_33_34|s200004->100004d|$c0$l706382345^i0 size=0 is_single_chunk=true is_aligned=true memcpy_needed=false
I0909 09:20:49.706657    1721 grpc_transport.cc:1743] [MEGASCALE_TRANSPORT_INSTR] SendRpc: key=psum.7_0_1_ag_0_sr_50_51|s100006->200006d|$c0$l706382345^i0 size=8388608 queue_latency_us=0 attempt=0
I0909 09:20:49.709515    1719 grpc_transport.cc:1414] [MEGASCALE_TRANSPORT_INSTR] Recv: key=psum.7_0_sr_59_60|s200003->100003d|$c0$l706382345^i0 size=0 is_single_chunk=true is_aligned=true memcpy_needed=false
I0909 09:20:49.727576    1859 grpc_transport.cc:1414] [MEGASCALE_TRANSPORT_INSTR] Recv: key=psum.7_0_sr_48_49|s200005->100005d|$c0$l706382345^i0 size=0 is_single_chunk=true is_aligned=true memcpy_needed=false
I0909 09:20:49.735632    1864 grpc_transport.cc:1743] [MEGASCALE_TRANSPORT_INSTR] SendRpc: key=psum.7_0_1_ag_0_sr_25_26|s100000->200000d|$c0$l706382345^i0 size=8388608 queue_latency_us=0 attempt=0
I0909 09:20:49.740948    1862 grpc_transport.cc:1743] [MEGASCALE_TRANSPORT_INSTR] SendRpc: key=psum.7_0_1_ag_0_sr_62_63|s100000->200000d|$c0$l706382345^i0 size=8388608 queue_latency_us=0 attempt=0
I0909 09:20:49.755372    1937 grpc_transport.cc:1743] [MEGASCALE_TRANSPORT_INSTR] SendRpc: key=psum.7_0_1_ag_0_sr_28_29|s100005->200005d|$c0$l706382345^i0 size=8388608 queue_latency_us=0 attempt=0
I0909 09:20:49.757839    1727 grpc_transport.cc:1414] [MEGASCALE_TRANSPORT_INSTR] Recv: key=psum.7_0_1_ag_0_sr_96_97|s200000->100000d|$c0$l706382345^i0 size=0 is_single_chunk=true is_aligned=true memcpy_needed=false
I0909 09:20:49.767595    1725 grpc_transport.cc:1743] [MEGASCALE_TRANSPORT_INSTR] SendRpc: key=psum.7_0_1_ag_0_sr_9_10|s100002->200002d|$c0$l706382345^i0 size=8388608 queue_latency_us=0 attempt=0
I0909 09:20:49.781020     786 grpc_transport.cc:1414] [MEGASCALE_TRANSPORT_INSTR] Recv: key=psum.7_0_1_ag_0_sr_112_113|s200005->100005d|$c0$l706382345^i0 size=0 is_single_chunk=true is_aligned=true memcpy_needed=false
I0909 09:20:49.806479    1707 grpc_transport.cc:1414] [MEGASCALE_TRANSPORT_INSTR] Recv: key=psum.7_0_1_ag_0_sr_68_69|s200002->100002d|$c0$l706382345^i0 size=0 is_single_chunk=true is_aligned=true memcpy_needed=false
I0909 09:20:49.824309    1356 grpc_transport.cc:1414] [MEGASCALE_TRANSPORT_INSTR] Recv: key=psum.7_0_1_ag_0_sr_119_120|s200004->100004d|$c0$l706382345^i0 size=0 is_single_chunk=true is_aligned=true memcpy_needed=false
I0909 09:20:49.841815     803 grpc_transport.cc:1414] [MEGASCALE_TRANSPORT_INSTR] Recv: key=psum.7_0_1_ag_0_sr_117_118|s200002->100002d|$c0$l706382345^i0 size=0 is_single_chunk=true is_aligned=true memcpy_needed=false
I0909 09:20:49.879294    1707 grpc_transport.cc:1743] [MEGASCALE_TRANSPORT_INSTR] SendRpc: key=psum.7_0_sr_67_68|s100002->200002d|$c0$l706382346^i0 size=8388608 queue_latency_us=0 attempt=0
I0909 09:20:49.882843    1945 grpc_transport.cc:1743] [MEGASCALE_TRANSPORT_INSTR] SendRpc: key=psum.7_0_sr_68_69|s100004->200004d|$c0$l706382346^i0 size=8388608 queue_latency_us=0 attempt=0
I0909 09:20:49.886036    1735 grpc_transport.cc:1743] [MEGASCALE_TRANSPORT_INSTR] SendRpc: key=psum.7_0_sr_75_76|s100006->200006d|$c0$l706382346^i0 size=8388608 queue_latency_us=0 attempt=0
I0909 09:20:49.889649    1705 grpc_transport.cc:1743] [MEGASCALE_TRANSPORT_INSTR] SendRpc: key=psum.7_0_sr_86_87|s100006->200006d|$c0$l706382346^i0 size=8388608 queue_latency_us=0 attempt=0
I0909 09:20:49.893697    1947 grpc_transport.cc:1743] [MEGASCALE_TRANSPORT_INSTR] SendRpc: key=psum.7_0_sr_123_124|s100005->200005d|$c0$l706382346^i0 size=8388608 queue_latency_us=1 attempt=0
I0909 09:20:49.897837     787 grpc_transport.cc:1414] [MEGASCALE_TRANSPORT_INSTR] Recv: key=psum.7_0_sr_17_18|s200000->100000d|$c0$l706382346^i0 size=0 is_single_chunk=true is_aligned=true memcpy_needed=false
I0909 09:20:49.926088    1354 grpc_transport.cc:1414] [MEGASCALE_TRANSPORT_INSTR] Recv: key=psum.7_0_sr_23_24|s200004->100004d|$c0$l706382346^i0 size=0 is_single_chunk=true is_aligned=true memcpy_needed=false
I0909 09:20:49.946989    1354 grpc_transport.cc:1414] [MEGASCALE_TRANSPORT_INSTR] Recv: key=psum.7_0_sr_52_53|s200004->100004d|$c0$l706382346^i0 size=0 is_single_chunk=true is_aligned=true memcpy_needed=false
I0909 09:20:49.962739     787 grpc_transport.cc:1743] [MEGASCALE_TRANSPORT_INSTR] SendRpc: key=psum.7_0_1_ag_0_sr_28_29|s100000->200000d|$c0$l706382346^i0 size=8388608 queue_latency_us=0 attempt=0
I0909 09:20:49.971141    1939 grpc_transport.cc:1743] [MEGASCALE_TRANSPORT_INSTR] SendRpc: key=psum.7_0_1_ag_0_sr_61_62|s100004->200004d|$c0$l706382346^i0 size=8388608 queue_latency_us=0 attempt=0
I0909 09:20:49.971608    1719 grpc_transport.cc:1414] [MEGASCALE_TRANSPORT_INSTR] Recv: key=psum.7_0_sr_40_41|s200006->100006d|$c0$l706382346^i0 size=0 is_single_chunk=true is_aligned=true memcpy_needed=false
I0909 09:20:49.986740    1707 grpc_transport.cc:1414] [MEGASCALE_TRANSPORT_INSTR] Recv: key=psum.7_0_sr_48_49|s200006->100006d|$c0$l706382346^i0 size=0 is_single_chunk=true is_aligned=true memcpy_needed=false
I0909 09:20:50.005228    1352 grpc_transport.cc:1414] [MEGASCALE_TRANSPORT_INSTR] Recv: key=psum.7_0_1_ag_0_sr_89_90|s200005->100005d|$c0$l706382346^i0 size=0 is_single_chunk=true is_aligned=true memcpy_needed=false
I0909 09:20:50.007485     804 grpc_transport.cc:1743] [MEGASCALE_TRANSPORT_INSTR] SendRpc: key=psum.7_0_1_ag_0_sr_36_37|s100007->200007d|$c0$l706382346^i0 size=8388608 queue_latency_us=0 attempt=0
I0909 09:20:50.019705    1741 grpc_transport.cc:1743] [MEGASCALE_TRANSPORT_INSTR] SendRpc: key=psum.7_0_1_ag_0_sr_11_12|s100006->200006d|$c0$l706382346^i0 size=8388608 queue_latency_us=0 attempt=0
I0909 09:20:50.029928     803 grpc_transport.cc:1414] [MEGASCALE_TRANSPORT_INSTR] Recv: key=psum.7_0_1_ag_0_sr_110_111|s200007->100007d|$c0$l706382346^i0 size=0 is_single_chunk=true is_aligned=true memcpy_needed=false
I0909 09:20:50.031308    1728 grpc_transport.cc:1743] [MEGASCALE_TRANSPORT_INSTR] SendRpc: key=psum.7_0_1_ag_0_sr_4_5|s100003->200003d|$c0$l706382346^i0 size=8388608 queue_latency_us=0 attempt=0
I0909 09:20:50.049337    1705 grpc_transport.cc:1414] [MEGASCALE_TRANSPORT_INSTR] Recv: key=psum.7_0_1_ag_0_sr_81_82|s200002->100002d|$c0$l706382346^i0 size=0 is_single_chunk=true is_aligned=true memcpy_needed=false
I0909 09:20:50.069297    1936 grpc_transport.cc:1414] [MEGASCALE_TRANSPORT_INSTR] Recv: key=psum.7_0_1_ag_0_sr_99_100|s200000->100000d|$c0$l706382346^i0 size=0 is_single_chunk=true is_aligned=true memcpy_needed=false
I0909 09:20:50.087552    1939 grpc_transport.cc:1414] [MEGASCALE_TRANSPORT_INSTR] Recv: key=psum.7_0_1_ag_0_sr_98_99|s200004->100004d|$c0$l706382346^i0 size=0 is_single_chunk=true is_aligned=true memcpy_needed=false
I0909 09:20:50.108761    1711 grpc_transport.cc:1414] [MEGASCALE_TRANSPORT_INSTR] Recv: key=psum.7_0_1_ag_0_sr_123_124|s200006->100006d|$c0$l706382346^i0 size=0 is_single_chunk=true is_aligned=true memcpy_needed=false
I0909 09:20:50.121115    1705 grpc_transport.cc:1743] [MEGASCALE_TRANSPORT_INSTR] SendRpc: key=psum.7_0_sr_85_86|s100007->200007d|$c0$l706382347^i0 size=8388608 queue_latency_us=0 attempt=0
I0909 09:20:50.124827    1955 grpc_transport.cc:1743] [MEGASCALE_TRANSPORT_INSTR] SendRpc: key=psum.7_0_sr_64_65|s100005->200005d|$c0$l706382347^i0 size=8388608 queue_latency_us=0 attempt=0
I0909 09:20:50.127653    1358 grpc_transport.cc:1743] [MEGASCALE_TRANSPORT_INSTR] SendRpc: key=psum.7_0_sr_81_82|s100004->200004d|$c0$l706382347^i0 size=8388608 queue_latency_us=0 attempt=0
I0909 09:20:50.131368    1706 grpc_transport.cc:1743] [MEGASCALE_TRANSPORT_INSTR] SendRpc: key=psum.7_0_sr_86_87|s100000->200000d|$c0$l706382347^i0 size=8388608 queue_latency_us=0 attempt=0
I0909 09:20:50.135631    1946 grpc_transport.cc:1743] [MEGASCALE_TRANSPORT_INSTR] SendRpc: key=psum.7_0_sr_116_117|s100001->200001d|$c0$l706382347^i0 size=8388608 queue_latency_us=0 attempt=0
I0909 09:20:50.218333    1936 grpc_transport.cc:1414] [MEGASCALE_TRANSPORT_INSTR] Recv: key=psum.7_0_sr_9_10|s200005->100005d|$c0$l706382347^i0 size=0 is_single_chunk=true is_aligned=true memcpy_needed=false
I0909 09:20:50.239703    1705 grpc_transport.cc:1414] [MEGASCALE_TRANSPORT_INSTR] Recv: key=psum.7_0_sr_27_28|s200006->100006d|$c0$l706382347^i0 size=0 is_single_chunk=true is_aligned=true memcpy_needed=false
I0909 09:20:50.261701    1364 grpc_transport.cc:1414] [MEGASCALE_TRANSPORT_INSTR] Recv: key=psum.7_0_sr_34_35|s200003->100003d|$c0$l706382347^i0 size=0 is_single_chunk=true is_aligned=true memcpy_needed=false
I0909 09:20:50.269633    1708 grpc_transport.cc:1743] [MEGASCALE_TRANSPORT_INSTR] SendRpc: key=psum.7_0_1_ag_0_sr_6_7|s100004->200004d|$c0$l706382347^i0 size=8388608 queue_latency_us=0 attempt=0
I0909 09:20:50.281701    1719 grpc_transport.cc:1414] [MEGASCALE_TRANSPORT_INSTR] Recv: key=psum.7_0_sr_52_53|s200002->100002d|$c0$l706382347^i0 size=0 is_single_chunk=true is_aligned=true memcpy_needed=false
I0909 09:20:50.296453    1699 grpc_transport.cc:1743] [MEGASCALE_TRANSPORT_INSTR] SendRpc: key=psum.7_0_1_ag_0_sr_40_41|s100005->200005d|$c0$l706382347^i0 size=8388608 queue_latency_us=0 attempt=0
I0909 09:20:50.302222    1350 grpc_transport.cc:1414] [MEGASCALE_TRANSPORT_INSTR] Recv: key=psum.7_0_1_ag_0_sr_69_70|s200001->100001d|$c0$l706382347^i0 size=0 is_single_chunk=true is_aligned=true memcpy_needed=false
I0909 09:20:50.306484    1861 grpc_transport.cc:1743] [MEGASCALE_TRANSPORT_INSTR] SendRpc: key=psum.7_0_1_ag_0_sr_44_45|s100001->200001d|$c0$l706382347^i0 size=8388608 queue_latency_us=0 attempt=0
I0909 09:20:50.317630    1375 grpc_transport.cc:1743] [MEGASCALE_TRANSPORT_INSTR] SendRpc: key=psum.7_0_1_ag_0_sr_25_26|s100002->200002d|$c0$l706382347^i0 size=8388608 queue_latency_us=0 attempt=0
I0909 09:20:50.320298    1699 grpc_transport.cc:1414] [MEGASCALE_TRANSPORT_INSTR] Recv: key=psum.7_0_1_ag_0_sr_67_68|s200005->100005d|$c0$l706382347^i0 size=0 is_single_chunk=true is_aligned=true memcpy_needed=false
I0909 09:20:50.336269     806 grpc_transport.cc:1743] [MEGASCALE_TRANSPORT_INSTR] SendRpc: key=psum.7_0_1_ag_0_sr_20_21|s100006->200006d|$c0$l706382347^i0 size=8388608 queue_latency_us=1 attempt=0
I0909 09:20:50.341994    1401 grpc_transport.cc:1414] [MEGASCALE_TRANSPORT_INSTR] Recv: key=psum.7_0_1_ag_0_sr_127_128|s200007->100007d|$c0$l706382347^i0 size=0 is_single_chunk=true is_aligned=true memcpy_needed=false
I0909 09:20:50.345293    1379 grpc_transport.cc:1743] [MEGASCALE_TRANSPORT_INSTR] SendRpc: key=psum.7_0_1_ag_0_sr_56_57|s100007->200007d|$c0$l706382347^i0 size=8388608 queue_latency_us=0 attempt=0
I0909 09:20:50.359353    1943 grpc_transport.cc:1414] [MEGASCALE_TRANSPORT_INSTR] Recv: key=psum.7_0_1_ag_0_sr_119_120|s200004->100004d|$c0$l706382347^i0 size=0 is_single_chunk=true is_aligned=true memcpy_needed=false
I0909 09:20:50.377322    1350 grpc_transport.cc:1414] [MEGASCALE_TRANSPORT_INSTR] Recv: key=psum.7_0_1_ag_0_sr_107_108|s200000->100000d|$c0$l706382347^i0 size=0 is_single_chunk=true is_aligned=true memcpy_needed=false
I0909 09:20:50.402688    1364 grpc_transport.cc:1414] [MEGASCALE_TRANSPORT_INSTR] Recv: key=psum.7_0_1_ag_0_sr_107_108|s200003->100003d|$c0$l706382347^i0 size=0 is_single_chunk=true is_aligned=true memcpy_needed=false
I0909 09:20:50.427781    1747 grpc_transport.cc:1743] [MEGASCALE_TRANSPORT_INSTR] SendRpc: key=psum.7_0_sr_68_69|s100006->200006d|$c0$l706382348^i0 size=8388608 queue_latency_us=0 attempt=0
I0909 09:20:50.431008    1875 grpc_transport.cc:1743] [MEGASCALE_TRANSPORT_INSTR] SendRpc: key=psum.7_0_sr_81_82|s100004->200004d|$c0$l706382348^i0 size=8388608 queue_latency_us=0 attempt=0
I0909 09:20:50.434453    1938 grpc_transport.cc:1743] [MEGASCALE_TRANSPORT_INSTR] SendRpc: key=psum.7_0_sr_95_96|s100000->200000d|$c0$l706382348^i0 size=8388608 queue_latency_us=0 attempt=0
I0909 09:20:50.438777    1730 grpc_transport.cc:1743] [MEGASCALE_TRANSPORT_INSTR] SendRpc: key=psum.7_0_sr_106_107|s100006->200006d|$c0$l706382348^i0 size=8388608 queue_latency_us=0 attempt=0
I0909 09:20:50.444600    1873 grpc_transport.cc:1743] [MEGASCALE_TRANSPORT_INSTR] SendRpc: key=psum.7_0_sr_120_121|s100001->200001d|$c0$l706382348^i0 size=8388608 queue_latency_us=0 attempt=0
I0909 09:20:50.491115     803 grpc_transport.cc:1414] [MEGASCALE_TRANSPORT_INSTR] Recv: key=psum.7_0_sr_10_11|s200002->100002d|$c0$l706382348^i0 size=0 is_single_chunk=true is_aligned=true memcpy_needed=false
I0909 09:20:50.515963    1705 grpc_transport.cc:1414] [MEGASCALE_TRANSPORT_INSTR] Recv: key=psum.7_0_sr_11_12|s200006->100006d|$c0$l706382348^i0 size=0 is_single_chunk=true is_aligned=true memcpy_needed=false
I0909 09:20:50.537775    1859 grpc_transport.cc:1414] [MEGASCALE_TRANSPORT_INSTR] Recv: key=psum.7_0_sr_59_60|s200004->100004d|$c0$l706382348^i0 size=0 is_single_chunk=true is_aligned=true memcpy_needed=false
I0909 09:20:50.557109    1859 grpc_transport.cc:1743] [MEGASCALE_TRANSPORT_INSTR] SendRpc: key=psum.7_0_1_ag_0_sr_17_18|s100004->200004d|$c0$l706382348^i0 size=8388608 queue_latency_us=0 attempt=0
I0909 09:20:50.563840    1364 grpc_transport.cc:1414] [MEGASCALE_TRANSPORT_INSTR] Recv: key=psum.7_0_sr_33_34|s200003->100003d|$c0$l706382348^i0 size=0 is_single_chunk=true is_aligned=true memcpy_needed=false
I0909 09:20:50.568204    1859 grpc_transport.cc:1743] [MEGASCALE_TRANSPORT_INSTR] SendRpc: key=psum.7_0_1_ag_0_sr_54_55|s100001->200001d|$c0$l706382348^i0 size=8388608 queue_latency_us=0 attempt=0
I0909 09:20:50.584076    1364 grpc_transport.cc:1414] [MEGASCALE_TRANSPORT_INSTR] Recv: key=psum.7_0_sr_49_50|s200007->100007d|$c0$l706382348^i0 size=0 is_single_chunk=true is_aligned=true memcpy_needed=false
I0909 09:20:50.603139    1719 grpc_transport.cc:1743] [MEGASCALE_TRANSPORT_INSTR] SendRpc: key=psum.7_0_1_ag_0_sr_25_26|s100003->200003d|$c0$l706382348^i0 size=8388608 queue_latency_us=0 attempt=0
I0909 09:20:50.604648    1701 grpc_transport.cc:1414] [MEGASCALE_TRANSPORT_INSTR] Recv: key=psum.7_0_1_ag_0_sr_89_90|s200000->100000d|$c0$l706382348^i0 size=0 is_single_chunk=true is_aligned=true memcpy_needed=false
I0909 09:20:50.622648     803 grpc_transport.cc:1743] [MEGASCALE_TRANSPORT_INSTR] SendRpc: key=psum.7_0_1_ag_0_sr_62_63|s100007->200007d|$c0$l706382348^i0 size=8388608 queue_latency_us=0 attempt=0
I0909 09:20:50.625402    1938 grpc_transport.cc:1414] [MEGASCALE_TRANSPORT_INSTR] Recv: key=psum.7_0_1_ag_0_sr_97_98|s200004->100004d|$c0$l706382348^i0 size=0 is_single_chunk=true is_aligned=true memcpy_needed=false
I0909 09:20:50.639363    1364 grpc_transport.cc:1743] [MEGASCALE_TRANSPORT_INSTR] SendRpc: key=psum.7_0_1_ag_0_sr_32_33|s100002->200002d|$c0$l706382348^i0 size=8388608 queue_latency_us=0 attempt=0
I0909 09:20:50.644507    1714 grpc_transport.cc:1414] [MEGASCALE_TRANSPORT_INSTR] Recv: key=psum.7_0_1_ag_0_sr_116_117|s200002->100002d|$c0$l706382348^i0 size=0 is_single_chunk=true is_aligned=true memcpy_needed=false
I0909 09:20:50.662860    1699 grpc_transport.cc:1414] [MEGASCALE_TRANSPORT_INSTR] Recv: key=psum.7_0_1_ag_0_sr_125_126|s200001->100001d|$c0$l706382348^i0 size=0 is_single_chunk=true is_aligned=true memcpy_needed=false
I0909 09:20:50.692981     803 grpc_transport.cc:1414] [MEGASCALE_TRANSPORT_INSTR] Recv: key=psum.7_0_1_ag_0_sr_71_72|s200007->100007d|$c0$l706382348^i0 size=0 is_single_chunk=true is_aligned=true memcpy_needed=false
I0909 09:20:50.722962    1948 grpc_transport.cc:1743] [MEGASCALE_TRANSPORT_INSTR] SendRpc: key=psum.7_0_sr_82_83|s100005->200005d|$c0$l706382349^i0 size=8388608 queue_latency_us=0 attempt=0
I0909 09:20:50.725254    1401 grpc_transport.cc:1743] [MEGASCALE_TRANSPORT_INSTR] SendRpc: key=psum.7_0_sr_92_93|s100003->200003d|$c0$l706382349^i0 size=8388608 queue_latency_us=0 attempt=0
I0909 09:20:50.727571    1938 grpc_transport.cc:1743] [MEGASCALE_TRANSPORT_INSTR] SendRpc: key=psum.7_0_sr_93_94|s100001->200001d|$c0$l706382349^i0 size=8388608 queue_latency_us=0 attempt=0
I0909 09:20:50.731318    1778 grpc_transport.cc:1743] [MEGASCALE_TRANSPORT_INSTR] SendRpc: key=psum.7_0_sr_107_108|s100007->200007d|$c0$l706382349^i0 size=8388608 queue_latency_us=0 attempt=0
I0909 09:20:50.735313    1407 grpc_transport.cc:1743] [MEGASCALE_TRANSPORT_INSTR] SendRpc: key=psum.7_0_sr_122_123|s100002->200002d|$c0$l706382349^i0 size=8388608 queue_latency_us=0 attempt=0
I0909 09:20:50.752426    1939 grpc_transport.cc:1414] [MEGASCALE_TRANSPORT_INSTR] Recv: key=psum.7_0_sr_5_6|s200004->100004d|$c0$l706382349^i0 size=0 is_single_chunk=true is_aligned=true memcpy_needed=false
I0909 09:20:50.775019     787 grpc_transport.cc:1414] [MEGASCALE_TRANSPORT_INSTR] Recv: key=psum.7_0_sr_42_43|s200001->100001d|$c0$l706382349^i0 size=0 is_single_chunk=true is_aligned=true memcpy_needed=false
I0909 09:20:50.794709    1719 grpc_transport.cc:1414] [MEGASCALE_TRANSPORT_INSTR] Recv: key=psum.7_0_sr_27_28|s200003->100003d|$c0$l706382349^i0 size=0 is_single_chunk=true is_aligned=true memcpy_needed=false
I0909 09:20:50.813791     787 grpc_transport.cc:1414] [MEGASCALE_TRANSPORT_INSTR] Recv: key=psum.7_0_sr_9_10|s200000->100000d|$c0$l706382349^i0 size=0 is_single_chunk=true is_aligned=true memcpy_needed=false
I0909 09:20:50.821344    1860 grpc_transport.cc:1743] [MEGASCALE_TRANSPORT_INSTR] SendRpc: key=psum.7_0_1_ag_0_sr_59_60|s100005->200005d|$c0$l706382349^i0 size=8388608 queue_latency_us=0 attempt=0
I0909 09:20:50.833449     803 grpc_transport.cc:1414] [MEGASCALE_TRANSPORT_INSTR] Recv: key=psum.7_0_sr_39_40|s200007->100007d|$c0$l706382349^i0 size=0 is_single_chunk=true is_aligned=true memcpy_needed=false
I0909 09:20:50.838115    1706 grpc_transport.cc:1743] [MEGASCALE_TRANSPORT_INSTR] SendRpc: key=psum.7_0_1_ag_0_sr_31_32|s100004->200004d|$c0$l706382349^i0 size=8388608 queue_latency_us=0 attempt=0
I0909 09:20:50.852296    1359 grpc_transport.cc:1743] [MEGASCALE_TRANSPORT_INSTR] SendRpc: key=psum.7_0_1_ag_0_sr_19_20|s100000->200000d|$c0$l706382349^i0 size=8388608 queue_latency_us=1 attempt=0
I0909 09:20:50.866033    1859 grpc_transport.cc:1414] [MEGASCALE_TRANSPORT_INSTR] Recv: key=psum.7_0_1_ag_0_sr_77_78|s200004->100004d|$c0$l706382349^i0 size=0 is_single_chunk=true is_aligned=true memcpy_needed=false
I0909 09:20:50.869819    1422 grpc_transport.cc:1743] [MEGASCALE_TRANSPORT_INSTR] SendRpc: key=psum.7_0_1_ag_0_sr_15_16|s100007->200007d|$c0$l706382349^i0 size=8388608 queue_latency_us=1 attempt=0
I0909 09:20:50.875917    1379 grpc_transport.cc:1743] [MEGASCALE_TRANSPORT_INSTR] SendRpc: key=psum.7_0_1_ag_0_sr_61_62|s100002->200002d|$c0$l706382349^i0 size=8388608 queue_latency_us=0 attempt=0
I0909 09:20:50.894507     803 grpc_transport.cc:1414] [MEGASCALE_TRANSPORT_INSTR] Recv: key=psum.7_0_1_ag_0_sr_69_70|s200007->100007d|$c0$l706382349^i0 size=0 is_single_chunk=true is_aligned=true memcpy_needed=false
I0909 09:20:50.919077    1862 grpc_transport.cc:1414] [MEGASCALE_TRANSPORT_INSTR] Recv: key=psum.7_0_1_ag_0_sr_127_128|s200001->100001d|$c0$l706382349^i0 size=0 is_single_chunk=true is_aligned=true memcpy_needed=false
I0909 09:20:50.937058    1714 grpc_transport.cc:1414] [MEGASCALE_TRANSPORT_INSTR] Recv: key=psum.7_0_1_ag_0_sr_79_80|s200002->100002d|$c0$l706382349^i0 size=0 is_single_chunk=true is_aligned=true memcpy_needed=false
I0909 09:20:50.955343    1364 grpc_transport.cc:1414] [MEGASCALE_TRANSPORT_INSTR] Recv: key=psum.7_0_1_ag_0_sr_126_127|s200002->100002d|$c0$l706382349^i0 size=0 is_single_chunk=true is_aligned=true memcpy_needed=false
I0909 09:20:50.988712    1755 grpc_transport.cc:1743] [MEGASCALE_TRANSPORT_INSTR] SendRpc: key=psum.7_0_sr_74_75|s100003->200003d|$c0$l706382350^i0 size=8388608 queue_latency_us=0 attempt=0
I0909 09:20:50.993186    1860 grpc_transport.cc:1414] [MEGASCALE_TRANSPORT_INSTR] Recv: key=psum.7_0_sr_6_7|s200001->100001d|$c0$l706382350^i0 size=0 is_single_chunk=true is_aligned=true memcpy_needed=false
I0909 09:20:50.993996    1874 grpc_transport.cc:1743] [MEGASCALE_TRANSPORT_INSTR] SendRpc: key=psum.7_0_sr_82_83|s100001->200001d|$c0$l706382350^i0 size=8388608 queue_latency_us=0 attempt=0
I0909 09:20:50.997892     810 grpc_transport.cc:1743] [MEGASCALE_TRANSPORT_INSTR] SendRpc: key=psum.7_0_sr_74_75|s100002->200002d|$c0$l706382350^i0 size=8388608 queue_latency_us=0 attempt=0
I0909 09:20:51.002616    1713 grpc_transport.cc:1743] [MEGASCALE_TRANSPORT_INSTR] SendRpc: key=psum.7_0_sr_127_128|s100004->200004d|$c0$l706382350^i0 size=8388608 queue_latency_us=0 attempt=0
I0909 09:20:51.008622    1945 grpc_transport.cc:1743] [MEGASCALE_TRANSPORT_INSTR] SendRpc: key=psum.7_0_sr_119_120|s100000->200000d|$c0$l706382350^i0 size=8388608 queue_latency_us=0 attempt=0
I0909 09:20:51.027072     812 grpc_transport.cc:1414] [MEGASCALE_TRANSPORT_INSTR] Recv: key=psum.7_0_sr_8_9|s200007->100007d|$c0$l706382350^i0 size=0 is_single_chunk=true is_aligned=true memcpy_needed=false
I0909 09:20:51.045486    1375 grpc_transport.cc:1414] [MEGASCALE_TRANSPORT_INSTR] Recv: key=psum.7_0_sr_26_27|s200003->100003d|$c0$l706382350^i0 size=0 is_single_chunk=true is_aligned=true memcpy_needed=false
I0909 09:20:51.062238    1711 grpc_transport.cc:1414] [MEGASCALE_TRANSPORT_INSTR] Recv: key=psum.7_0_sr_41_42|s200003->100003d|$c0$l706382350^i0 size=0 is_single_chunk=true is_aligned=true memcpy_needed=false
I0909 09:20:51.079925    1937 grpc_transport.cc:1414] [MEGASCALE_TRANSPORT_INSTR] Recv: key=psum.7_0_sr_59_60|s200001->100001d|$c0$l706382350^i0 size=0 is_single_chunk=true is_aligned=true memcpy_needed=false
I0909 09:20:51.095447    1706 grpc_transport.cc:1743] [MEGASCALE_TRANSPORT_INSTR] SendRpc: key=psum.7_0_1_ag_0_sr_35_36|s100001->200001d|$c0$l706382350^i0 size=8388608 queue_latency_us=0 attempt=0
I0909 09:20:51.104784    1364 grpc_transport.cc:1414] [MEGASCALE_TRANSPORT_INSTR] Recv: key=psum.7_0_1_ag_0_sr_73_74|s200003->100003d|$c0$l706382350^i0 size=0 is_single_chunk=true is_aligned=true memcpy_needed=false
I0909 09:20:51.114989    1370 grpc_transport.cc:1743] [MEGASCALE_TRANSPORT_INSTR] SendRpc: key=psum.7_0_1_ag_0_sr_32_33|s100004->200004d|$c0$l706382350^i0 size=8388608 queue_latency_us=0 attempt=0
I0909 09:20:51.121151    1778 grpc_transport.cc:1743] [MEGASCALE_TRANSPORT_INSTR] SendRpc: key=psum.7_0_1_ag_0_sr_14_15|s100006->200006d|$c0$l706382350^i0 size=8388608 queue_latency_us=0 attempt=0
I0909 09:20:51.128490    1859 grpc_transport.cc:1743] [MEGASCALE_TRANSPORT_INSTR] SendRpc: key=psum.7_0_1_ag_0_sr_62_63|s100000->200000d|$c0$l706382350^i0 size=8388608 queue_latency_us=0 attempt=0
I0909 09:20:51.132886    1407 grpc_transport.cc:1414] [MEGASCALE_TRANSPORT_INSTR] Recv: key=psum.7_0_1_ag_0_sr_119_120|s200003->100003d|$c0$l706382350^i0 size=0 is_single_chunk=true is_aligned=true memcpy_needed=false
I0909 09:20:51.134615    1383 grpc_transport.cc:1743] [MEGASCALE_TRANSPORT_INSTR] SendRpc: key=psum.7_0_1_ag_0_sr_50_51|s100006->200006d|$c0$l706382350^i0 size=8388608 queue_latency_us=0 attempt=0
I0909 09:20:51.151468    1936 grpc_transport.cc:1414] [MEGASCALE_TRANSPORT_INSTR] Recv: key=psum.7_0_1_ag_0_sr_102_103|s200004->100004d|$c0$l706382350^i0 size=0 is_single_chunk=true is_aligned=true memcpy_needed=false
I0909 09:20:51.169904    1711 grpc_transport.cc:1414] [MEGASCALE_TRANSPORT_INSTR] Recv: key=psum.7_0_1_ag_0_sr_93_94|s200002->100002d|$c0$l706382350^i0 size=0 is_single_chunk=true is_aligned=true memcpy_needed=false
I0909 09:20:51.189140    1705 grpc_transport.cc:1414] [MEGASCALE_TRANSPORT_INSTR] Recv: key=psum.7_0_1_ag_0_sr_67_68|s200006->100006d|$c0$l706382350^i0 size=0 is_single_chunk=true is_aligned=true memcpy_needed=false
I0909 09:20:51.206161    1719 grpc_transport.cc:1414] [MEGASCALE_TRANSPORT_INSTR] Recv: key=psum.7_0_1_ag_0_sr_120_121|s200006->100006d|$c0$l706382350^i0 size=0 is_single_chunk=true is_aligned=true memcpy_needed=false
I0909 09:20:51.230599    1755 grpc_transport.cc:1743] [MEGASCALE_TRANSPORT_INSTR] SendRpc: key=psum.7_0_sr_74_75|s100007->200007d|$c0$l706382351^i0 size=8388608 queue_latency_us=0 attempt=0
I0909 09:20:51.234399     812 grpc_transport.cc:1743] [MEGASCALE_TRANSPORT_INSTR] SendRpc: key=psum.7_0_sr_79_80|s100002->200002d|$c0$l706382351^i0 size=8388608 queue_latency_us=0 attempt=0
I0909 09:20:51.239200    1713 grpc_transport.cc:1743] [MEGASCALE_TRANSPORT_INSTR] SendRpc: key=psum.7_0_sr_101_102|s100001->200001d|$c0$l706382351^i0 size=8388608 queue_latency_us=0 attempt=0
I0909 09:20:51.243475    1858 grpc_transport.cc:1743] [MEGASCALE_TRANSPORT_INSTR] SendRpc: key=psum.7_0_sr_116_117|s100005->200005d|$c0$l706382351^i0 size=8388608 queue_latency_us=0 attempt=0
I0909 09:20:51.247368    1471 grpc_transport.cc:1743] [MEGASCALE_TRANSPORT_INSTR] SendRpc: key=psum.7_0_sr_127_128|s100007->200007d|$c0$l706382351^i0 size=8388608 queue_latency_us=0 attempt=0
I0909 09:20:51.322073    1711 grpc_transport.cc:1414] [MEGASCALE_TRANSPORT_INSTR] Recv: key=psum.7_0_sr_15_16|s200007->100007d|$c0$l706382351^i0 size=0 is_single_chunk=true is_aligned=true memcpy_needed=false
I0909 09:20:51.342912    1353 grpc_transport.cc:1414] [MEGASCALE_TRANSPORT_INSTR] Recv: key=psum.7_0_sr_25_26|s200000->100000d|$c0$l706382351^i0 size=0 is_single_chunk=true is_aligned=true memcpy_needed=false
I0909 09:20:51.360274     803 grpc_transport.cc:1414] [MEGASCALE_TRANSPORT_INSTR] Recv: key=psum.7_0_sr_42_43|s200003->100003d|$c0$l706382351^i0 size=0 is_single_chunk=true is_aligned=true memcpy_needed=false
I0909 09:20:51.367963    1706 grpc_transport.cc:1743] [MEGASCALE_TRANSPORT_INSTR] SendRpc: key=psum.7_0_1_ag_0_sr_20_21|s100001->200001d|$c0$l706382351^i0 size=8388608 queue_latency_us=0 attempt=0
I0909 09:20:51.385141    1937 grpc_transport.cc:1414] [MEGASCALE_TRANSPORT_INSTR] Recv: key=psum.7_0_sr_45_46|s200004->100004d|$c0$l706382351^i0 size=0 is_single_chunk=true is_aligned=true memcpy_needed=false
I0909 09:20:51.406334    1701 grpc_transport.cc:1743] [MEGASCALE_TRANSPORT_INSTR] SendRpc: key=psum.7_0_1_ag_0_sr_49_50|s100000->200000d|$c0$l706382351^i0 size=8388608 queue_latency_us=0 attempt=0
I0909 09:20:51.414016    1705 grpc_transport.cc:1414] [MEGASCALE_TRANSPORT_INSTR] Recv: key=psum.7_0_sr_54_55|s200006->100006d|$c0$l706382351^i0 size=0 is_single_chunk=true is_aligned=true memcpy_needed=false
I0909 09:20:51.419856    1741 grpc_transport.cc:1743] [MEGASCALE_TRANSPORT_INSTR] SendRpc: key=psum.7_0_1_ag_0_sr_23_24|s100007->200007d|$c0$l706382351^i0 size=8388608 queue_latency_us=0 attempt=0
I0909 09:20:51.433744    1940 grpc_transport.cc:1414] [MEGASCALE_TRANSPORT_INSTR] Recv: key=psum.7_0_1_ag_0_sr_85_86|s200004->100004d|$c0$l706382351^i0 size=0 is_single_chunk=true is_aligned=true memcpy_needed=false
I0909 09:20:51.441950    1364 grpc_transport.cc:1743] [MEGASCALE_TRANSPORT_INSTR] SendRpc: key=psum.7_0_1_ag_0_sr_42_43|s100003->200003d|$c0$l706382351^i0 size=8388608 queue_latency_us=0 attempt=0
I0909 09:20:51.453509    1352 grpc_transport.cc:1414] [MEGASCALE_TRANSPORT_INSTR] Recv: key=psum.7_0_1_ag_0_sr_118_119|s200005->100005d|$c0$l706382351^i0 size=0 is_single_chunk=true is_aligned=true memcpy_needed=false
I0909 09:20:51.456362    1755 grpc_transport.cc:1743] [MEGASCALE_TRANSPORT_INSTR] SendRpc: key=psum.7_0_1_ag_0_sr_15_16|s100006->200006d|$c0$l706382351^i0 size=8388608 queue_latency_us=0 attempt=0
I0909 09:20:51.472595    1861 grpc_transport.cc:1414] [MEGASCALE_TRANSPORT_INSTR] Recv: key=psum.7_0_1_ag_0_sr_105_106|s200000->100000d|$c0$l706382351^i0 size=0 is_single_chunk=true is_aligned=true memcpy_needed=false
I0909 09:20:51.489353    1938 grpc_transport.cc:1414] [MEGASCALE_TRANSPORT_INSTR] Recv: key=psum.7_0_1_ag_0_sr_121_122|s200000->100000d|$c0$l706382351^i0 size=0 is_single_chunk=true is_aligned=true memcpy_needed=false
I0909 09:20:51.515150     803 grpc_transport.cc:1414] [MEGASCALE_TRANSPORT_INSTR] Recv: key=psum.7_0_1_ag_0_sr_80_81|s200006->100006d|$c0$l706382351^i0 size=0 is_single_chunk=true is_aligned=true memcpy_needed=false
I0909 09:20:51.532245    1375 grpc_transport.cc:1743] [MEGASCALE_TRANSPORT_INSTR] SendRpc: key=psum.7_0_sr_92_93|s100002->200002d|$c0$l706382352^i0 size=8388608 queue_latency_us=0 attempt=0
I0909 09:20:51.536360    1872 grpc_transport.cc:1743] [MEGASCALE_TRANSPORT_INSTR] SendRpc: key=psum.7_0_sr_70_71|s100001->200001d|$c0$l706382352^i0 size=8388608 queue_latency_us=0 attempt=0
I0909 09:20:51.538904    1872 grpc_transport.cc:1743] [MEGASCALE_TRANSPORT_INSTR] SendRpc: key=psum.7_0_sr_80_81|s100005->200005d|$c0$l706382352^i0 size=8388608 queue_latency_us=0 attempt=0
I0909 09:20:51.542091    1827 grpc_transport.cc:1743] [MEGASCALE_TRANSPORT_INSTR] SendRpc: key=psum.7_0_sr_98_99|s100006->200006d|$c0$l706382352^i0 size=8388608 queue_latency_us=0 attempt=0
I0909 09:20:51.546152    1877 grpc_transport.cc:1743] [MEGASCALE_TRANSPORT_INSTR] SendRpc: key=psum.7_0_sr_112_113|s100001->200001d|$c0$l706382352^i0 size=8388608 queue_latency_us=0 attempt=0
I0909 09:20:51.551805     805 grpc_transport.cc:1743] [MEGASCALE_TRANSPORT_INSTR] SendRpc: key=psum.7_0_sr_127_128|s100003->200003d|$c0$l706382352^i0 size=8388608 queue_latency_us=0 attempt=0
I0909 09:20:51.585635    1702 grpc_transport.cc:1414] [MEGASCALE_TRANSPORT_INSTR] Recv: key=psum.7_0_sr_11_12|s200000->100000d|$c0$l706382352^i0 size=0 is_single_chunk=true is_aligned=true memcpy_needed=false
I0909 09:20:51.607608    1859 grpc_transport.cc:1414] [MEGASCALE_TRANSPORT_INSTR] Recv: key=psum.7_0_sr_19_20|s200005->100005d|$c0$l706382352^i0 size=0 is_single_chunk=true is_aligned=true memcpy_needed=false
I0909 09:20:51.627735    1702 grpc_transport.cc:1414] [MEGASCALE_TRANSPORT_INSTR] Recv: key=psum.7_0_sr_39_40|s200001->100001d|$c0$l706382352^i0 size=0 is_single_chunk=true is_aligned=true memcpy_needed=false
I0909 09:20:51.645492    1936 grpc_transport.cc:1414] [MEGASCALE_TRANSPORT_INSTR] Recv: key=psum.7_0_sr_59_60|s200004->100004d|$c0$l706382352^i0 size=0 is_single_chunk=true is_aligned=true memcpy_needed=false
I0909 09:20:51.666653    1708 grpc_transport.cc:1743] [MEGASCALE_TRANSPORT_INSTR] SendRpc: key=psum.7_0_1_ag_0_sr_49_50|s100004->200004d|$c0$l706382352^i0 size=8388608 queue_latency_us=0 attempt=0
I0909 09:20:51.669627    1375 grpc_transport.cc:1414] [MEGASCALE_TRANSPORT_INSTR] Recv: key=psum.7_0_sr_51_52|s200003->100003d|$c0$l706382352^i0 size=0 is_single_chunk=true is_aligned=true memcpy_needed=false
I0909 09:20:51.680554     786 grpc_transport.cc:1743] [MEGASCALE_TRANSPORT_INSTR] SendRpc: key=psum.7_0_1_ag_0_sr_62_63|s100000->200000d|$c0$l706382352^i0 size=8388608 queue_latency_us=0 attempt=0
I0909 09:20:51.688915    1949 grpc_transport.cc:1743] [MEGASCALE_TRANSPORT_INSTR] SendRpc: key=psum.7_0_1_ag_0_sr_32_33|s100005->200005d|$c0$l706382352^i0 size=8388608 queue_latency_us=1 attempt=0
I0909 09:20:51.695102    1864 grpc_transport.cc:1414] [MEGASCALE_TRANSPORT_INSTR] Recv: key=psum.7_0_1_ag_0_sr_116_117|s200005->100005d|$c0$l706382352^i0 size=0 is_single_chunk=true is_aligned=true memcpy_needed=false
I0909 09:20:51.714379    1405 grpc_transport.cc:1743] [MEGASCALE_TRANSPORT_INSTR] SendRpc: key=psum.7_0_1_ag_0_sr_45_46|s100007->200007d|$c0$l706382352^i0 size=8388608 queue_latency_us=0 attempt=0
I0909 09:20:51.716773    1410 grpc_transport.cc:1414] [MEGASCALE_TRANSPORT_INSTR] Recv: key=psum.7_0_1_ag_0_sr_117_118|s200007->100007d|$c0$l706382352^i0 size=0 is_single_chunk=true is_aligned=true memcpy_needed=false
I0909 09:20:51.724508    1407 grpc_transport.cc:1743] [MEGASCALE_TRANSPORT_INSTR] SendRpc: key=psum.7_0_1_ag_0_sr_46_47|s100003->200003d|$c0$l706382352^i0 size=8388608 queue_latency_us=0 attempt=0
I0909 09:20:51.734410    1719 grpc_transport.cc:1414] [MEGASCALE_TRANSPORT_INSTR] Recv: key=psum.7_0_1_ag_0_sr_94_95|s200002->100002d|$c0$l706382352^i0 size=0 is_single_chunk=true is_aligned=true memcpy_needed=false
I0909 09:20:51.751642    1702 grpc_transport.cc:1414] [MEGASCALE_TRANSPORT_INSTR] Recv: key=psum.7_0_1_ag_0_sr_106_107|s200004->100004d|$c0$l706382352^i0 size=0 is_single_chunk=true is_aligned=true memcpy_needed=false
I0909 09:20:51.772556    1364 grpc_transport.cc:1414] [MEGASCALE_TRANSPORT_INSTR] Recv: key=psum.7_0_1_ag_0_sr_109_110|s200003->100003d|$c0$l706382352^i0 size=0 is_single_chunk=true is_aligned=true memcpy_needed=false
I0909 09:20:51.799216    1948 grpc_transport.cc:1743] [MEGASCALE_TRANSPORT_INSTR] SendRpc: key=psum.7_0_sr_69_70|s100001->200001d|$c0$l706382353^i0 size=8388608 queue_latency_us=0 attempt=0
I0909 09:20:51.802037    1860 grpc_transport.cc:1743] [MEGASCALE_TRANSPORT_INSTR] SendRpc: key=psum.7_0_sr_87_88|s100004->200004d|$c0$l706382353^i0 size=8388608 queue_latency_us=0 attempt=0
I0909 09:20:51.805504    1745 grpc_transport.cc:1743] [MEGASCALE_TRANSPORT_INSTR] SendRpc: key=psum.7_0_sr_116_117|s100007->200007d|$c0$l706382353^i0 size=8388608 queue_latency_us=0 attempt=0
I0909 09:20:51.809162    1371 grpc_transport.cc:1743] [MEGASCALE_TRANSPORT_INSTR] SendRpc: key=psum.7_0_sr_106_107|s100006->200006d|$c0$l706382353^i0 size=8388608 queue_latency_us=0 attempt=0
I0909 09:20:51.814155    1360 grpc_transport.cc:1743] [MEGASCALE_TRANSPORT_INSTR] SendRpc: key=psum.7_0_sr_124_125|s100002->200002d|$c0$l706382353^i0 size=8388608 queue_latency_us=0 attempt=0
I0909 09:20:51.832863    1359 grpc_transport.cc:1414] [MEGASCALE_TRANSPORT_INSTR] Recv: key=psum.7_0_sr_33_34|s200001->100001d|$c0$l706382353^i0 size=0 is_single_chunk=true is_aligned=true memcpy_needed=false
I0909 09:20:51.856609    1352 grpc_transport.cc:1414] [MEGASCALE_TRANSPORT_INSTR] Recv: key=psum.7_0_sr_49_50|s200001->100001d|$c0$l706382353^i0 size=0 is_single_chunk=true is_aligned=true memcpy_needed=false
I0909 09:20:51.879316    1705 grpc_transport.cc:1414] [MEGASCALE_TRANSPORT_INSTR] Recv: key=psum.7_0_sr_13_14|s200002->100002d|$c0$l706382353^i0 size=0 is_single_chunk=true is_aligned=true memcpy_needed=false
I0909 09:20:51.895501    1359 grpc_transport.cc:1414] [MEGASCALE_TRANSPORT_INSTR] Recv: key=psum.7_0_sr_42_43|s200005->100005d|$c0$l706382353^i0 size=0 is_single_chunk=true is_aligned=true memcpy_needed=false
I0909 09:20:51.913104    1702 grpc_transport.cc:1743] [MEGASCALE_TRANSPORT_INSTR] SendRpc: key=psum.7_0_1_ag_0_sr_2_3|s100005->200005d|$c0$l706382353^i0 size=8388608 queue_latency_us=0 attempt=0
I0909 09:20:51.916648    1702 grpc_transport.cc:1414] [MEGASCALE_TRANSPORT_INSTR] Recv: key=psum.7_0_1_ag_0_sr_69_70|s200001->100001d|$c0$l706382353^i0 size=0 is_single_chunk=true is_aligned=true memcpy_needed=false
I0909 09:20:51.923326    1699 grpc_transport.cc:1743] [MEGASCALE_TRANSPORT_INSTR] SendRpc: key=psum.7_0_1_ag_0_sr_44_45|s100000->200000d|$c0$l706382353^i0 size=8388608 queue_latency_us=0 attempt=0
I0909 09:20:51.937757    1360 grpc_transport.cc:1414] [MEGASCALE_TRANSPORT_INSTR] Recv: key=psum.7_0_sr_63_64|s200007->100007d|$c0$l706382353^i0 size=0 is_single_chunk=true is_aligned=true memcpy_needed=false
I0909 09:20:51.941882    1371 grpc_transport.cc:1743] [MEGASCALE_TRANSPORT_INSTR] SendRpc: key=psum.7_0_1_ag_0_sr_8_9|s100007->200007d|$c0$l706382353^i0 size=8388608 queue_latency_us=0 attempt=0
I0909 09:20:51.963041     803 grpc_transport.cc:1743] [MEGASCALE_TRANSPORT_INSTR] SendRpc: key=psum.7_0_1_ag_0_sr_49_50|s100003->200003d|$c0$l706382353^i0 size=8388608 queue_latency_us=1 attempt=0
I0909 09:20:51.966500    1862 grpc_transport.cc:1414] [MEGASCALE_TRANSPORT_INSTR] Recv: key=psum.7_0_1_ag_0_sr_103_104|s200004->100004d|$c0$l706382353^i0 size=0 is_single_chunk=true is_aligned=true memcpy_needed=false
I0909 09:20:51.982812    1379 grpc_transport.cc:1743] [MEGASCALE_TRANSPORT_INSTR] SendRpc: key=psum.7_0_1_ag_0_sr_16_17|s100002->200002d|$c0$l706382353^i0 size=8388608 queue_latency_us=0 attempt=0
I0909 09:20:51.985323     787 grpc_transport.cc:1414] [MEGASCALE_TRANSPORT_INSTR] Recv: key=psum.7_0_1_ag_0_sr_102_103|s200000->100000d|$c0$l706382353^i0 size=0 is_single_chunk=true is_aligned=true memcpy_needed=false
I0909 09:20:52.002360    1861 grpc_transport.cc:1414] [MEGASCALE_TRANSPORT_INSTR] Recv: key=psum.7_0_1_ag_0_sr_101_102|s200005->100005d|$c0$l706382353^i0 size=0 is_single_chunk=true is_aligned=true memcpy_needed=false
I0909 09:20:52.025344    1360 grpc_transport.cc:1414] [MEGASCALE_TRANSPORT_INSTR] Recv: key=psum.7_0_1_ag_0_sr_104_105|s200006->100006d|$c0$l706382353^i0 size=0 is_single_chunk=true is_aligned=true memcpy_needed=false
I0909 09:20:52.058023     803 grpc_transport.cc:1743] [MEGASCALE_TRANSPORT_INSTR] SendRpc: key=psum.7_0_sr_78_79|s100006->200006d|$c0$l706382354^i0 size=8388608 queue_latency_us=0 attempt=0
I0909 09:20:52.062268    1730 grpc_transport.cc:1743] [MEGASCALE_TRANSPORT_INSTR] SendRpc: key=psum.7_0_sr_74_75|s100007->200007d|$c0$l706382354^i0 size=8388608 queue_latency_us=0 attempt=0
I0909 09:20:52.066252    1706 grpc_transport.cc:1743] [MEGASCALE_TRANSPORT_INSTR] SendRpc: key=psum.7_0_sr_68_69|s100004->200004d|$c0$l706382354^i0 size=8388608 queue_latency_us=0 attempt=0
I0909 09:20:52.070178    1872 grpc_transport.cc:1743] [MEGASCALE_TRANSPORT_INSTR] SendRpc: key=psum.7_0_sr_83_84|s100004->200004d|$c0$l706382354^i0 size=8388608 queue_latency_us=0 attempt=0
I0909 09:20:52.075266    1944 grpc_transport.cc:1743] [MEGASCALE_TRANSPORT_INSTR] SendRpc: key=psum.7_0_sr_115_116|s100000->200000d|$c0$l706382354^i0 size=8388608 queue_latency_us=0 attempt=0
I0909 09:20:52.079790    1702 grpc_transport.cc:1414] [MEGASCALE_TRANSPORT_INSTR] Recv: key=psum.7_0_sr_16_17|s200000->100000d|$c0$l706382354^i0 size=0 is_single_chunk=true is_aligned=true memcpy_needed=false
I0909 09:20:52.104206    1938 grpc_transport.cc:1414] [MEGASCALE_TRANSPORT_INSTR] Recv: key=psum.7_0_sr_31_32|s200000->100000d|$c0$l706382354^i0 size=0 is_single_chunk=true is_aligned=true memcpy_needed=false
I0909 09:20:52.122202    1714 grpc_transport.cc:1414] [MEGASCALE_TRANSPORT_INSTR] Recv: key=psum.7_0_sr_9_10|s200007->100007d|$c0$l706382354^i0 size=0 is_single_chunk=true is_aligned=true memcpy_needed=false
I0909 09:20:52.140569    1706 grpc_transport.cc:1414] [MEGASCALE_TRANSPORT_INSTR] Recv: key=psum.7_0_sr_27_28|s200005->100005d|$c0$l706382354^i0 size=0 is_single_chunk=true is_aligned=true memcpy_needed=false
I0909 09:20:52.159668    1375 grpc_transport.cc:1414] [MEGASCALE_TRANSPORT_INSTR] Recv: key=psum.7_0_sr_32_33|s200003->100003d|$c0$l706382354^i0 size=0 is_single_chunk=true is_aligned=true memcpy_needed=false
I0909 09:20:52.166603    1706 grpc_transport.cc:1743] [MEGASCALE_TRANSPORT_INSTR] SendRpc: key=psum.7_0_1_ag_0_sr_42_43|s100004->200004d|$c0$l706382354^i0 size=8388608 queue_latency_us=0 attempt=0
I0909 09:20:52.179572    1701 grpc_transport.cc:1743] [MEGASCALE_TRANSPORT_INSTR] SendRpc: key=psum.7_0_1_ag_0_sr_54_55|s100000->200000d|$c0$l706382354^i0 size=8388608 queue_latency_us=0 attempt=0
I0909 09:20:52.181061    1741 grpc_transport.cc:1414] [MEGASCALE_TRANSPORT_INSTR] Recv: key=psum.7_0_sr_61_62|s200003->100003d|$c0$l706382354^i0 size=0 is_single_chunk=true is_aligned=true memcpy_needed=false
I0909 09:20:52.188800    1714 grpc_transport.cc:1743] [MEGASCALE_TRANSPORT_INSTR] SendRpc: key=psum.7_0_1_ag_0_sr_48_49|s100006->200006d|$c0$l706382354^i0 size=8388608 queue_latency_us=0 attempt=0
I0909 09:20:52.206108    1407 grpc_transport.cc:1743] [MEGASCALE_TRANSPORT_INSTR] SendRpc: key=psum.7_0_1_ag_0_sr_28_29|s100007->200007d|$c0$l706382354^i0 size=8388608 queue_latency_us=0 attempt=0
I0909 09:20:52.207028    1401 grpc_transport.cc:1414] [MEGASCALE_TRANSPORT_INSTR] Recv: key=psum.7_0_1_ag_0_sr_111_112|s200006->100006d|$c0$l706382354^i0 size=0 is_single_chunk=true is_aligned=true memcpy_needed=false
I0909 09:20:52.214822    1719 grpc_transport.cc:1743] [MEGASCALE_TRANSPORT_INSTR] SendRpc: key=psum.7_0_1_ag_0_sr_49_50|s100003->200003d|$c0$l706382354^i0 size=8388608 queue_latency_us=0 attempt=0
I0909 09:20:52.233205    1940 grpc_transport.cc:1414] [MEGASCALE_TRANSPORT_INSTR] Recv: key=psum.7_0_1_ag_0_sr_97_98|s200001->100001d|$c0$l706382354^i0 size=0 is_single_chunk=true is_aligned=true memcpy_needed=false
I0909 09:20:52.253942    1708 grpc_transport.cc:1414] [MEGASCALE_TRANSPORT_INSTR] Recv: key=psum.7_0_1_ag_0_sr_77_78|s200004->100004d|$c0$l706382354^i0 size=0 is_single_chunk=true is_aligned=true memcpy_needed=false
I0909 09:20:52.272351    1936 grpc_transport.cc:1414] [MEGASCALE_TRANSPORT_INSTR] Recv: key=psum.7_0_1_ag_0_sr_113_114|s200004->100004d|$c0$l706382354^i0 size=0 is_single_chunk=true is_aligned=true memcpy_needed=false
I0909 09:20:52.312237     787 grpc_transport.cc:1743] [MEGASCALE_TRANSPORT_INSTR] SendRpc: key=psum.7_0_sr_81_82|s100004->200004d|$c0$l706382355^i0 size=8388608 queue_latency_us=0 attempt=0
I0909 09:20:52.315531    1422 grpc_transport.cc:1743] [MEGASCALE_TRANSPORT_INSTR] SendRpc: key=psum.7_0_sr_69_70|s100007->200007d|$c0$l706382355^i0 size=8388608 queue_latency_us=0 attempt=0
I0909 09:20:52.317872    1950 grpc_transport.cc:1743] [MEGASCALE_TRANSPORT_INSTR] SendRpc: key=psum.7_0_sr_76_77|s100001->200001d|$c0$l706382355^i0 size=8388608 queue_latency_us=0 attempt=0
I0909 09:20:52.321495     805 grpc_transport.cc:1743] [MEGASCALE_TRANSPORT_INSTR] SendRpc: key=psum.7_0_sr_108_109|s100007->200007d|$c0$l706382355^i0 size=8388608 queue_latency_us=0 attempt=0
I0909 09:20:52.323557    1373 grpc_transport.cc:1414] [MEGASCALE_TRANSPORT_INSTR] Recv: key=psum.7_0_sr_1_2|s200000->100000d|$c0$l706382355^i0 size=0 is_single_chunk=true is_aligned=true memcpy_needed=false
I0909 09:20:52.325002    1940 grpc_transport.cc:1743] [MEGASCALE_TRANSPORT_INSTR] SendRpc: key=psum.7_0_sr_114_115|s100005->200005d|$c0$l706382355^i0 size=8388608 queue_latency_us=0 attempt=0
I0909 09:20:52.354948    1701 grpc_transport.cc:1414] [MEGASCALE_TRANSPORT_INSTR] Recv: key=psum.7_0_sr_34_35|s200000->100000d|$c0$l706382355^i0 size=0 is_single_chunk=true is_aligned=true memcpy_needed=false
I0909 09:20:52.378366    1705 grpc_transport.cc:1414] [MEGASCALE_TRANSPORT_INSTR] Recv: key=psum.7_0_sr_8_9|s200003->100003d|$c0$l706382355^i0 size=0 is_single_chunk=true is_aligned=true memcpy_needed=false
I0909 09:20:52.388811     786 grpc_transport.cc:1743] [MEGASCALE_TRANSPORT_INSTR] SendRpc: key=psum.7_0_1_ag_0_sr_18_19|s100000->200000d|$c0$l706382355^i0 size=8388608 queue_latency_us=0 attempt=0
I0909 09:20:52.397902    1936 grpc_transport.cc:1414] [MEGASCALE_TRANSPORT_INSTR] Recv: key=psum.7_0_sr_27_28|s200001->100001d|$c0$l706382355^i0 size=0 is_single_chunk=true is_aligned=true memcpy_needed=false
I0909 09:20:52.409991    1858 grpc_transport.cc:1743] [MEGASCALE_TRANSPORT_INSTR] SendRpc: key=psum.7_0_1_ag_0_sr_56_57|s100004->200004d|$c0$l706382355^i0 size=8388608 queue_latency_us=1 attempt=0
I0909 09:20:52.416890    1364 grpc_transport.cc:1414] [MEGASCALE_TRANSPORT_INSTR] Recv: key=psum.7_0_sr_21_22|s200002->100002d|$c0$l706382355^i0 size=0 is_single_chunk=true is_aligned=true memcpy_needed=false
I0909 09:20:52.438069    1863 grpc_transport.cc:1743] [MEGASCALE_TRANSPORT_INSTR] SendRpc: key=psum.7_0_1_ag_0_sr_25_26|s100005->200005d|$c0$l706382355^i0 size=8388608 queue_latency_us=0 attempt=0
I0909 09:20:52.447510    1858 grpc_transport.cc:1743] [MEGASCALE_TRANSPORT_INSTR] SendRpc: key=psum.7_0_1_ag_0_sr_63_64|s100001->200001d|$c0$l706382355^i0 size=8388608 queue_latency_us=0 attempt=0
I0909 09:20:52.449141    1939 grpc_transport.cc:1414] [MEGASCALE_TRANSPORT_INSTR] Recv: key=psum.7_0_1_ag_0_sr_80_81|s200004->100004d|$c0$l706382355^i0 size=0 is_single_chunk=true is_aligned=true memcpy_needed=false
I0909 09:20:52.479728     803 grpc_transport.cc:1743] [MEGASCALE_TRANSPORT_INSTR] SendRpc: key=psum.7_0_1_ag_0_sr_34_35|s100007->200007d|$c0$l706382355^i0 size=8388608 queue_latency_us=0 attempt=0
I0909 09:20:52.480995     803 grpc_transport.cc:1414] [MEGASCALE_TRANSPORT_INSTR] Recv: key=psum.7_0_1_ag_0_sr_66_67|s200007->100007d|$c0$l706382355^i0 size=0 is_single_chunk=true is_aligned=true memcpy_needed=false
I0909 09:20:52.501492    1719 grpc_transport.cc:1414] [MEGASCALE_TRANSPORT_INSTR] Recv: key=psum.7_0_1_ag_0_sr_93_94|s200007->100007d|$c0$l706382355^i0 size=0 is_single_chunk=true is_aligned=true memcpy_needed=false
I0909 09:20:52.519357    1714 grpc_transport.cc:1414] [MEGASCALE_TRANSPORT_INSTR] Recv: key=psum.7_0_1_ag_0_sr_111_112|s200002->100002d|$c0$l706382355^i0 size=0 is_single_chunk=true is_aligned=true memcpy_needed=false
I0909 09:20:52.537151    1364 grpc_transport.cc:1414] [MEGASCALE_TRANSPORT_INSTR] Recv: key=psum.7_0_1_ag_0_sr_87_88|s200006->100006d|$c0$l706382355^i0 size=0 is_single_chunk=true is_aligned=true memcpy_needed=false
I0909 09:20:52.566586    1711 grpc_transport.cc:1414] [MEGASCALE_TRANSPORT_INSTR] Recv: key=psum.7_0_1_ag_0_sr_109_110|s200003->100003d|$c0$l706382355^i0 size=0 is_single_chunk=true is_aligned=true memcpy_needed=false
I0909 09:20:52.592605    1360 grpc_transport.cc:1743] [MEGASCALE_TRANSPORT_INSTR] SendRpc: key=psum.7_0_sr_73_74|s100003->200003d|$c0$l706382356^i0 size=8388608 queue_latency_us=0 attempt=0
I0909 09:20:52.597496    1937 grpc_transport.cc:1743] [MEGASCALE_TRANSPORT_INSTR] SendRpc: key=psum.7_0_sr_96_97|s100000->200000d|$c0$l706382356^i0 size=8388608 queue_latency_us=0 attempt=0
I0909 09:20:52.601726    1702 grpc_transport.cc:1743] [MEGASCALE_TRANSPORT_INSTR] SendRpc: key=psum.7_0_sr_107_108|s100000->200000d|$c0$l706382356^i0 size=8388608 queue_latency_us=0 attempt=0
I0909 09:20:52.601868    1865 grpc_transport.cc:1414] [MEGASCALE_TRANSPORT_INSTR] Recv: key=psum.7_0_sr_19_20|s200000->100000d|$c0$l706382356^i0 size=0 is_single_chunk=true is_aligned=true memcpy_needed=false
I0909 09:20:52.606608     807 grpc_transport.cc:1743] [MEGASCALE_TRANSPORT_INSTR] SendRpc: key=psum.7_0_sr_114_115|s100003->200003d|$c0$l706382356^i0 size=8388608 queue_latency_us=0 attempt=0
I0909 09:20:52.628913     810 grpc_transport.cc:1414] [MEGASCALE_TRANSPORT_INSTR] Recv: key=psum.7_0_sr_2_3|s200003->100003d|$c0$l706382356^i0 size=0 is_single_chunk=true is_aligned=true memcpy_needed=false
I0909 09:20:52.632989    2169 grpc_transport.cc:1743] [MEGASCALE_TRANSPORT_INSTR] SendRpc: key=psum.7_0_sr_70_71|s100001->200001d|$c0$l706382356^i0 size=8388608 queue_latency_us=0 attempt=0
I0909 09:20:52.647689    1867 grpc_transport.cc:1414] [MEGASCALE_TRANSPORT_INSTR] Recv: key=psum.7_0_sr_59_60|s200001->100001d|$c0$l706382356^i0 size=0 is_single_chunk=true is_aligned=true memcpy_needed=false
I0909 09:20:52.650599    1354 grpc_transport.cc:1743] [MEGASCALE_TRANSPORT_INSTR] SendRpc: key=psum.7_0_sr_124_125|s100001->200001d|$c0$l706382356^i0 size=8388608 queue_latency_us=0 attempt=0
I0909 09:20:52.664691    1702 grpc_transport.cc:1414] [MEGASCALE_TRANSPORT_INSTR] Recv: key=psum.7_0_sr_44_45|s200004->100004d|$c0$l706382356^i0 size=0 is_single_chunk=true is_aligned=true memcpy_needed=false
I0909 09:20:52.682518    1371 grpc_transport.cc:1414] [MEGASCALE_TRANSPORT_INSTR] Recv: key=psum.7_0_sr_52_53|s200002->100002d|$c0$l706382356^i0 size=0 is_single_chunk=true is_aligned=true memcpy_needed=false
I0909 09:20:52.696725     787 grpc_transport.cc:1743] [MEGASCALE_TRANSPORT_INSTR] SendRpc: key=psum.7_0_1_ag_0_sr_7_8|s100004->200004d|$c0$l706382356^i0 size=8388608 queue_latency_us=1 attempt=0
I0909 09:20:52.704583    1948 grpc_transport.cc:1743] [MEGASCALE_TRANSPORT_INSTR] SendRpc: key=psum.7_0_1_ag_0_sr_13_14|s100005->200005d|$c0$l706382356^i0 size=8388608 queue_latency_us=0 attempt=0
I0909 09:20:52.717420     807 grpc_transport.cc:1743] [MEGASCALE_TRANSPORT_INSTR] SendRpc: key=psum.7_0_1_ag_0_sr_0_1|s100003->200003d|$c0$l706382356^i0 size=8388608 queue_latency_us=0 attempt=0
I0909 09:20:52.723816    1944 grpc_transport.cc:1414] [MEGASCALE_TRANSPORT_INSTR] Recv: key=psum.7_0_1_ag_0_sr_91_92|s200004->100004d|$c0$l706382356^i0 size=0 is_single_chunk=true is_aligned=true memcpy_needed=false
I0909 09:20:52.725059    1776 grpc_transport.cc:1743] [MEGASCALE_TRANSPORT_INSTR] SendRpc: key=psum.7_0_1_ag_0_sr_21_22|s100002->200002d|$c0$l706382356^i0 size=8388608 queue_latency_us=0 attempt=0
I0909 09:20:52.725059    1403 grpc_transport.cc:1743] [MEGASCALE_TRANSPORT_INSTR] SendRpc: key=psum.7_0_1_ag_0_sr_40_41|s100003->200003d|$c0$l706382356^i0 size=8388608 queue_latency_us=0 attempt=0
I0909 09:20:52.732133    1395 grpc_transport.cc:1743] [MEGASCALE_TRANSPORT_INSTR] SendRpc: key=psum.7_0_1_ag_0_sr_59_60|s100006->200006d|$c0$l706382356^i0 size=8388608 queue_latency_us=1 attempt=0
I0909 09:20:52.740096    1702 grpc_transport.cc:1414] [MEGASCALE_TRANSPORT_INSTR] Recv: key=psum.7_0_1_ag_0_sr_125_126|s200004->100004d|$c0$l706382356^i0 size=0 is_single_chunk=true is_aligned=true memcpy_needed=false
I0909 09:20:52.774167    2169 grpc_transport.cc:1414] [MEGASCALE_TRANSPORT_INSTR] Recv: key=psum.7_0_1_ag_0_sr_103_104|s200005->100005d|$c0$l706382356^i0 size=0 is_single_chunk=true is_aligned=true memcpy_needed=false
I0909 09:20:52.796486    1942 grpc_transport.cc:1414] [MEGASCALE_TRANSPORT_INSTR] Recv: key=psum.7_0_1_ag_0_sr_98_99|s200001->100001d|$c0$l706382356^i0 size=0 is_single_chunk=true is_aligned=true memcpy_needed=false
I0909 09:20:52.820380    1711 grpc_transport.cc:1414] [MEGASCALE_TRANSPORT_INSTR] Recv: key=psum.7_0_1_ag_0_sr_87_88|s200006->100006d|$c0$l706382356^i0 size=0 is_single_chunk=true is_aligned=true memcpy_needed=false
I0909 09:20:52.851660    1755 grpc_transport.cc:1743] [MEGASCALE_TRANSPORT_INSTR] SendRpc: key=psum.7_0_sr_94_95|s100003->200003d|$c0$l706382357^i0 size=8388608 queue_latency_us=0 attempt=0
I0909 09:20:52.855412    1422 grpc_transport.cc:1743] [MEGASCALE_TRANSPORT_INSTR] SendRpc: key=psum.7_0_sr_73_74|s100002->200002d|$c0$l706382357^i0 size=8388608 queue_latency_us=0 attempt=0
I0909 09:20:52.859917    1755 grpc_transport.cc:1743] [MEGASCALE_TRANSPORT_INSTR] SendRpc: key=psum.7_0_sr_101_102|s100007->200007d|$c0$l706382357^i0 size=8388608 queue_latency_us=0 attempt=0
I0909 09:20:52.864377    1407 grpc_transport.cc:1743] [MEGASCALE_TRANSPORT_INSTR] SendRpc: key=psum.7_0_sr_123_124|s100007->200007d|$c0$l706382357^i0 size=8388608 queue_latency_us=0 attempt=0
I0909 09:20:52.880232    1942 grpc_transport.cc:1743] [MEGASCALE_TRANSPORT_INSTR] SendRpc: key=psum.7_0_sr_101_102|s100004->200004d|$c0$l706382357^i0 size=8388608 queue_latency_us=0 attempt=0
I0909 09:20:52.892882    1375 grpc_transport.cc:1414] [MEGASCALE_TRANSPORT_INSTR] Recv: key=psum.7_0_sr_5_6|s200006->100006d|$c0$l706382357^i0 size=0 is_single_chunk=true is_aligned=true memcpy_needed=false
I0909 09:20:52.921195    2169 grpc_transport.cc:1414] [MEGASCALE_TRANSPORT_INSTR] Recv: key=psum.7_0_sr_52_53|s200004->100004d|$c0$l706382357^i0 size=0 is_single_chunk=true is_aligned=true memcpy_needed=false
I0909 09:20:52.942183    1375 grpc_transport.cc:1414] [MEGASCALE_TRANSPORT_INSTR] Recv: key=psum.7_0_sr_14_15|s200002->100002d|$c0$l706382357^i0 size=0 is_single_chunk=true is_aligned=true memcpy_needed=false
I0909 09:20:52.967238    1861 grpc_transport.cc:1414] [MEGASCALE_TRANSPORT_INSTR] Recv: key=psum.7_0_sr_49_50|s200005->100005d|$c0$l706382357^i0 size=0 is_single_chunk=true is_aligned=true memcpy_needed=false
I0909 09:20:52.985131    1863 grpc_transport.cc:1743] [MEGASCALE_TRANSPORT_INSTR] SendRpc: key=psum.7_0_1_ag_0_sr_8_9|s100005->200005d|$c0$l706382357^i0 size=8388608 queue_latency_us=0 attempt=0
I0909 09:20:52.988158    1860 grpc_transport.cc:1414] [MEGASCALE_TRANSPORT_INSTR] Recv: key=psum.7_0_1_ag_0_sr_82_83|s200005->100005d|$c0$l706382357^i0 size=0 is_single_chunk=true is_aligned=true memcpy_needed=false
I0909 09:20:52.990257    1703 grpc_transport.cc:1743] [MEGASCALE_TRANSPORT_INSTR] SendRpc: key=psum.7_0_1_ag_0_sr_60_61|s100005->200005d|$c0$l706382357^i0 size=8388608 queue_latency_us=0 attempt=0
I0909 09:20:53.000154    1725 grpc_transport.cc:1743] [MEGASCALE_TRANSPORT_INSTR] SendRpc: key=psum.7_0_1_ag_0_sr_32_33|s100007->200007d|$c0$l706382357^i0 size=8388608 queue_latency_us=0 attempt=0
I0909 09:20:53.011216     786 grpc_transport.cc:1414] [MEGASCALE_TRANSPORT_INSTR] Recv: key=psum.7_0_1_ag_0_sr_73_74|s200001->100001d|$c0$l706382357^i0 size=0 is_single_chunk=true is_aligned=true memcpy_needed=false
I0909 09:20:53.021773    1360 grpc_transport.cc:1743] [MEGASCALE_TRANSPORT_INSTR] SendRpc: key=psum.7_0_1_ag_0_sr_56_57|s100006->200006d|$c0$l706382357^i0 size=8388608 queue_latency_us=1 attempt=0
I0909 09:20:53.028906    1358 grpc_transport.cc:1414] [MEGASCALE_TRANSPORT_INSTR] Recv: key=psum.7_0_1_ag_0_sr_119_120|s200001->100001d|$c0$l706382357^i0 size=0 is_single_chunk=true is_aligned=true memcpy_needed=false
I0909 09:20:53.040246    1719 grpc_transport.cc:1743] [MEGASCALE_TRANSPORT_INSTR] SendRpc: key=psum.7_0_1_ag_0_sr_32_33|s100003->200003d|$c0$l706382357^i0 size=8388608 queue_latency_us=0 attempt=0
I0909 09:20:53.047513    1701 grpc_transport.cc:1414] [MEGASCALE_TRANSPORT_INSTR] Recv: key=psum.7_0_1_ag_0_sr_115_116|s200000->100000d|$c0$l706382357^i0 size=0 is_single_chunk=true is_aligned=true memcpy_needed=false
I0909 09:20:53.065118     786 grpc_transport.cc:1414] [MEGASCALE_TRANSPORT_INSTR] Recv: key=psum.7_0_1_ag_0_sr_97_98|s200004->100004d|$c0$l706382357^i0 size=0 is_single_chunk=true is_aligned=true memcpy_needed=false
I0909 09:20:53.086475    1364 grpc_transport.cc:1414] [MEGASCALE_TRANSPORT_INSTR] Recv: key=psum.7_0_1_ag_0_sr_81_82|s200006->100006d|$c0$l706382357^i0 size=0 is_single_chunk=true is_aligned=true memcpy_needed=false
I0909 09:20:53.122258    1441 grpc_transport.cc:1743] [MEGASCALE_TRANSPORT_INSTR] SendRpc: key=psum.7_0_sr_81_82|s100003->200003d|$c0$l706382358^i0 size=8388608 queue_latency_us=1 attempt=0
I0909 09:20:53.124927    1874 grpc_transport.cc:1743] [MEGASCALE_TRANSPORT_INSTR] SendRpc: key=psum.7_0_sr_92_93|s100000->200000d|$c0$l706382358^i0 size=8388608 queue_latency_us=0 attempt=0
I0909 09:20:53.127471    1776 grpc_transport.cc:1743] [MEGASCALE_TRANSPORT_INSTR] SendRpc: key=psum.7_0_sr_104_105|s100007->200007d|$c0$l706382358^i0 size=8388608 queue_latency_us=0 attempt=0
I0909 09:20:53.130429    1864 grpc_transport.cc:1743] [MEGASCALE_TRANSPORT_INSTR] SendRpc: key=psum.7_0_sr_105_106|s100004->200004d|$c0$l706382358^i0 size=8388608 queue_latency_us=0 attempt=0
I0909 09:20:53.133876    1766 grpc_transport.cc:1743] [MEGASCALE_TRANSPORT_INSTR] SendRpc: key=psum.7_0_sr_122_123|s100007->200007d|$c0$l706382358^i0 size=8388608 queue_latency_us=0 attempt=0
I0909 09:20:53.141881    1360 grpc_transport.cc:1414] [MEGASCALE_TRANSPORT_INSTR] Recv: key=psum.7_0_sr_16_17|s200007->100007d|$c0$l706382358^i0 size=0 is_single_chunk=true is_aligned=true memcpy_needed=false
I0909 09:20:53.166220    1371 grpc_transport.cc:1414] [MEGASCALE_TRANSPORT_INSTR] Recv: key=psum.7_0_sr_15_16|s200003->100003d|$c0$l706382358^i0 size=0 is_single_chunk=true is_aligned=true memcpy_needed=false
I0909 09:20:53.187028    1861 grpc_transport.cc:1414] [MEGASCALE_TRANSPORT_INSTR] Recv: key=psum.7_0_sr_42_43|s200001->100001d|$c0$l706382358^i0 size=0 is_single_chunk=true is_aligned=true memcpy_needed=false
I0909 09:20:53.206700    1706 grpc_transport.cc:1414] [MEGASCALE_TRANSPORT_INSTR] Recv: key=psum.7_0_sr_59_60|s200001->100001d|$c0$l706382358^i0 size=0 is_single_chunk=true is_aligned=true memcpy_needed=false
I0909 09:20:53.226665    1862 grpc_transport.cc:1414] [MEGASCALE_TRANSPORT_INSTR] Recv: key=psum.7_0_sr_60_61|s200004->100004d|$c0$l706382358^i0 size=0 is_single_chunk=true is_aligned=true memcpy_needed=false
I0909 09:20:53.229855     786 grpc_transport.cc:1743] [MEGASCALE_TRANSPORT_INSTR] SendRpc: key=psum.7_0_1_ag_0_sr_51_52|s100001->200001d|$c0$l706382358^i0 size=8388608 queue_latency_us=0 attempt=0
I0909 09:20:53.240390    1699 grpc_transport.cc:1743] [MEGASCALE_TRANSPORT_INSTR] SendRpc: key=psum.7_0_1_ag_0_sr_30_31|s100004->200004d|$c0$l706382358^i0 size=8388608 queue_latency_us=0 attempt=0
I0909 09:20:53.250019    1936 grpc_transport.cc:1743] [MEGASCALE_TRANSPORT_INSTR] SendRpc: key=psum.7_0_1_ag_0_sr_51_52|s100000->200000d|$c0$l706382358^i0 size=8388608 queue_latency_us=0 attempt=0
I0909 09:20:53.252044    1858 grpc_transport.cc:1414] [MEGASCALE_TRANSPORT_INSTR] Recv: key=psum.7_0_1_ag_0_sr_67_68|s200005->100005d|$c0$l706382358^i0 size=0 is_single_chunk=true is_aligned=true memcpy_needed=false
I0909 09:20:53.262099    1375 grpc_transport.cc:1743] [MEGASCALE_TRANSPORT_INSTR] SendRpc: key=psum.7_0_1_ag_0_sr_46_47|s100002->200002d|$c0$l706382358^i0 size=8388608 queue_latency_us=0 attempt=0
I0909 09:20:53.270612    1360 grpc_transport.cc:1743] [MEGASCALE_TRANSPORT_INSTR] SendRpc: key=psum.7_0_1_ag_0_sr_34_35|s100007->200007d|$c0$l706382358^i0 size=8388608 queue_latency_us=0 attempt=0
I0909 09:20:53.288926    1936 grpc_transport.cc:1414] [MEGASCALE_TRANSPORT_INSTR] Recv: key=psum.7_0_1_ag_0_sr_108_109|s200005->100005d|$c0$l706382358^i0 size=0 is_single_chunk=true is_aligned=true memcpy_needed=false
I0909 09:20:53.308946    1861 grpc_transport.cc:1414] [MEGASCALE_TRANSPORT_INSTR] Recv: key=psum.7_0_1_ag_0_sr_88_89|s200000->100000d|$c0$l706382358^i0 size=0 is_single_chunk=true is_aligned=true memcpy_needed=false
I0909 09:20:53.328191    1711 grpc_transport.cc:1414] [MEGASCALE_TRANSPORT_INSTR] Recv: key=psum.7_0_1_ag_0_sr_116_117|s200007->100007d|$c0$l706382358^i0 size=0 is_single_chunk=true is_aligned=true memcpy_needed=false
I0909 09:20:53.344552    1705 grpc_transport.cc:1414] [MEGASCALE_TRANSPORT_INSTR] Recv: key=psum.7_0_1_ag_0_sr_77_78|s200006->100006d|$c0$l706382358^i0 size=0 is_single_chunk=true is_aligned=true memcpy_needed=false
I0909 09:20:53.382111    1360 grpc_transport.cc:1414] [MEGASCALE_TRANSPORT_INSTR] Recv: key=psum.7_0_sr_22_23|s200003->100003d|$c0$l706382359^i0 size=0 is_single_chunk=true is_aligned=true memcpy_needed=false
I0909 09:20:53.384040    1860 grpc_transport.cc:1743] [MEGASCALE_TRANSPORT_INSTR] SendRpc: key=psum.7_0_sr_64_65|s100005->200005d|$c0$l706382359^i0 size=8388608 queue_latency_us=0 attempt=0
I0909 09:20:53.390664    1858 grpc_transport.cc:1743] [MEGASCALE_TRANSPORT_INSTR] SendRpc: key=psum.7_0_sr_91_92|s100004->200004d|$c0$l706382359^i0 size=8388608 queue_latency_us=0 attempt=0
I0909 09:20:53.396709    1751 grpc_transport.cc:1743] [MEGASCALE_TRANSPORT_INSTR] SendRpc: key=psum.7_0_sr_79_80|s100003->200003d|$c0$l706382359^i0 size=8388608 queue_latency_us=0 attempt=0
I0909 09:20:53.402401    1431 grpc_transport.cc:1743] [MEGASCALE_TRANSPORT_INSTR] SendRpc: key=psum.7_0_sr_97_98|s100003->200003d|$c0$l706382359^i0 size=8388608 queue_latency_us=0 attempt=0
I0909 09:20:53.410242    1383 grpc_transport.cc:1743] [MEGASCALE_TRANSPORT_INSTR] SendRpc: key=psum.7_0_sr_127_128|s100003->200003d|$c0$l706382359^i0 size=8388608 queue_latency_us=0 attempt=0
I0909 09:20:53.419323    1383 grpc_transport.cc:1414] [MEGASCALE_TRANSPORT_INSTR] Recv: key=psum.7_0_sr_9_10|s200003->100003d|$c0$l706382359^i0 size=0 is_single_chunk=true is_aligned=true memcpy_needed=false
I0909 09:20:53.440739    1860 grpc_transport.cc:1414] [MEGASCALE_TRANSPORT_INSTR] Recv: key=psum.7_0_sr_40_41|s200000->100000d|$c0$l706382359^i0 size=0 is_single_chunk=true is_aligned=true memcpy_needed=false
I0909 09:20:53.458738    1711 grpc_transport.cc:1414] [MEGASCALE_TRANSPORT_INSTR] Recv: key=psum.7_0_sr_45_46|s200006->100006d|$c0$l706382359^i0 size=0 is_single_chunk=true is_aligned=true memcpy_needed=false
I0909 09:20:53.476561    1364 grpc_transport.cc:1414] [MEGASCALE_TRANSPORT_INSTR] Recv: key=psum.7_0_sr_30_31|s200002->100002d|$c0$l706382359^i0 size=0 is_single_chunk=true is_aligned=true memcpy_needed=false
I0909 09:20:53.478520    1705 grpc_transport.cc:1743] [MEGASCALE_TRANSPORT_INSTR] SendRpc: key=psum.7_0_1_ag_0_sr_29_30|s100003->200003d|$c0$l706382359^i0 size=8388608 queue_latency_us=0 attempt=0
I0909 09:20:53.500786    1699 grpc_transport.cc:1414] [MEGASCALE_TRANSPORT_INSTR] Recv: key=psum.7_0_1_ag_0_sr_74_75|s200005->100005d|$c0$l706382359^i0 size=0 is_single_chunk=true is_aligned=true memcpy_needed=false
I0909 09:20:53.502456    1945 grpc_transport.cc:1743] [MEGASCALE_TRANSPORT_INSTR] SendRpc: key=psum.7_0_1_ag_0_sr_2_3|s100005->200005d|$c0$l706382359^i0 size=8388608 queue_latency_us=0 attempt=0
I0909 09:20:53.509288    1713 grpc_transport.cc:1743] [MEGASCALE_TRANSPORT_INSTR] SendRpc: key=psum.7_0_1_ag_0_sr_18_19|s100001->200001d|$c0$l706382359^i0 size=8388608 queue_latency_us=0 attempt=0
I0909 09:20:53.520430    1865 grpc_transport.cc:1743] [MEGASCALE_TRANSPORT_INSTR] SendRpc: key=psum.7_0_1_ag_0_sr_6_7|s100004->200004d|$c0$l706382359^i0 size=8388608 queue_latency_us=0 attempt=0
I0909 09:20:53.524987    1711 grpc_transport.cc:1414] [MEGASCALE_TRANSPORT_INSTR] Recv: key=psum.7_0_1_ag_0_sr_102_103|s200002->100002d|$c0$l706382359^i0 size=0 is_single_chunk=true is_aligned=true memcpy_needed=false
I0909 09:20:53.531933    1755 grpc_transport.cc:1743] [MEGASCALE_TRANSPORT_INSTR] SendRpc: key=psum.7_0_1_ag_0_sr_0_1|s100002->200002d|$c0$l706382359^i0 size=8388608 queue_latency_us=0 attempt=0
I0909 09:20:53.544772    1719 grpc_transport.cc:1414] [MEGASCALE_TRANSPORT_INSTR] Recv: key=psum.7_0_1_ag_0_sr_66_67|s200007->100007d|$c0$l706382359^i0 size=0 is_single_chunk=true is_aligned=true memcpy_needed=false
I0909 09:20:53.563642     786 grpc_transport.cc:1414] [MEGASCALE_TRANSPORT_INSTR] Recv: key=psum.7_0_1_ag_0_sr_109_110|s200001->100001d|$c0$l706382359^i0 size=0 is_single_chunk=true is_aligned=true memcpy_needed=false
I0909 09:20:53.586860    1360 grpc_transport.cc:1414] [MEGASCALE_TRANSPORT_INSTR] Recv: key=psum.7_0_1_ag_0_sr_85_86|s200003->100003d|$c0$l706382359^i0 size=0 is_single_chunk=true is_aligned=true memcpy_needed=false
I0909 09:20:53.609235    1360 grpc_transport.cc:1414] [MEGASCALE_TRANSPORT_INSTR] Recv: key=psum.7_0_1_ag_0_sr_127_128|s200006->100006d|$c0$l706382359^i0 size=0 is_single_chunk=true is_aligned=true memcpy_needed=false
I0909 09:20:53.632297    1710 grpc_transport.cc:1743] [MEGASCALE_TRANSPORT_INSTR] SendRpc: key=psum.7_0_sr_68_69|s100004->200004d|$c0$l706382360^i0 size=8388608 queue_latency_us=0 attempt=0
I0909 09:20:53.636610    1776 grpc_transport.cc:1743] [MEGASCALE_TRANSPORT_INSTR] SendRpc: key=psum.7_0_sr_71_72|s100003->200003d|$c0$l706382360^i0 size=8388608 queue_latency_us=0 attempt=0
I0909 09:20:53.639607    1470 grpc_transport.cc:1743] [MEGASCALE_TRANSPORT_INSTR] SendRpc: key=psum.7_0_sr_86_87|s100003->200003d|$c0$l706382360^i0 size=8388608 queue_latency_us=1 attempt=0
I0909 09:20:53.642632    2173 grpc_transport.cc:1743] [MEGASCALE_TRANSPORT_INSTR] SendRpc: key=psum.7_0_sr_101_102|s100001->200001d|$c0$l706382360^i0 size=8388608 queue_latency_us=0 attempt=0
I0909 09:20:53.646728     804 grpc_transport.cc:1743] [MEGASCALE_TRANSPORT_INSTR] SendRpc: key=psum.7_0_sr_102_103|s100006->200006d|$c0$l706382360^i0 size=8388608 queue_latency_us=0 attempt=0
I0909 09:20:53.722959    2169 grpc_transport.cc:1414] [MEGASCALE_TRANSPORT_INSTR] Recv: key=psum.7_0_sr_40_41|s200001->100001d|$c0$l706382360^i0 size=0 is_single_chunk=true is_aligned=true memcpy_needed=false
I0909 09:20:53.746175    1703 grpc_transport.cc:1414] [MEGASCALE_TRANSPORT_INSTR] Recv: key=psum.7_0_sr_29_30|s200005->100005d|$c0$l706382360^i0 size=0 is_single_chunk=true is_aligned=true memcpy_needed=false
I0909 09:20:53.764728    1360 grpc_transport.cc:1414] [MEGASCALE_TRANSPORT_INSTR] Recv: key=psum.7_0_sr_29_30|s200002->100002d|$c0$l706382360^i0 size=0 is_single_chunk=true is_aligned=true memcpy_needed=false
I0909 09:20:53.775731    1358 grpc_transport.cc:1743] [MEGASCALE_TRANSPORT_INSTR] SendRpc: key=psum.7_0_1_ag_0_sr_2_3|s100001->200001d|$c0$l706382360^i0 size=8388608 queue_latency_us=0 attempt=0
I0909 09:20:53.783726    1360 grpc_transport.cc:1414] [MEGASCALE_TRANSPORT_INSTR] Recv: key=psum.7_0_sr_54_55|s200007->100007d|$c0$l706382360^i0 size=0 is_single_chunk=true is_aligned=true memcpy_needed=false
I0909 09:20:53.795398    1937 grpc_transport.cc:1743] [MEGASCALE_TRANSPORT_INSTR] SendRpc: key=psum.7_0_1_ag_0_sr_42_43|s100005->200005d|$c0$l706382360^i0 size=8388608 queue_latency_us=0 attempt=0
I0909 09:20:53.812328    1936 grpc_transport.cc:1743] [MEGASCALE_TRANSPORT_INSTR] SendRpc: key=psum.7_0_1_ag_0_sr_36_37|s100000->200000d|$c0$l706382360^i0 size=8388608 queue_latency_us=0 attempt=0
I0909 09:20:53.815045     788 grpc_transport.cc:1414] [MEGASCALE_TRANSPORT_INSTR] Recv: key=psum.7_0_1_ag_0_sr_75_76|s200005->100005d|$c0$l706382360^i0 size=0 is_single_chunk=true is_aligned=true memcpy_needed=false
I0909 09:20:53.826179    1702 grpc_transport.cc:1743] [MEGASCALE_TRANSPORT_INSTR] SendRpc: key=psum.7_0_1_ag_0_sr_52_53|s100004->200004d|$c0$l706382360^i0 size=8388608 queue_latency_us=0 attempt=0
I0909 09:20:53.834409    1940 grpc_transport.cc:1414] [MEGASCALE_TRANSPORT_INSTR] Recv: key=psum.7_0_1_ag_0_sr_64_65|s200000->100000d|$c0$l706382360^i0 size=0 is_single_chunk=true is_aligned=true memcpy_needed=false
I0909 09:20:53.850844    1730 grpc_transport.cc:1743] [MEGASCALE_TRANSPORT_INSTR] SendRpc: key=psum.7_0_1_ag_0_sr_23_24|s100002->200002d|$c0$l706382360^i0 size=8388608 queue_latency_us=0 attempt=0
I0909 09:20:53.854494     788 grpc_transport.cc:1414] [MEGASCALE_TRANSPORT_INSTR] Recv: key=psum.7_0_1_ag_0_sr_68_69|s200004->100004d|$c0$l706382360^i0 size=0 is_single_chunk=true is_aligned=true memcpy_needed=false
I0909 09:20:53.866638    1711 grpc_transport.cc:1743] [MEGASCALE_TRANSPORT_INSTR] SendRpc: key=psum.7_0_1_ag_0_sr_60_61|s100003->200003d|$c0$l706382360^i0 size=8388608 queue_latency_us=0 attempt=0
I0909 09:20:53.871967     805 grpc_transport.cc:1414] [MEGASCALE_TRANSPORT_INSTR] Recv: key=psum.7_0_1_ag_0_sr_94_95|s200007->100007d|$c0$l706382360^i0 size=0 is_single_chunk=true is_aligned=true memcpy_needed=false
I0909 09:20:53.888876    1358 grpc_transport.cc:1414] [MEGASCALE_TRANSPORT_INSTR] Recv: key=psum.7_0_1_ag_0_sr_106_107|s200004->100004d|$c0$l706382360^i0 size=0 is_single_chunk=true is_aligned=true memcpy_needed=false
I0909 09:20:53.912925     803 grpc_transport.cc:1414] [MEGASCALE_TRANSPORT_INSTR] Recv: key=psum.7_0_1_ag_0_sr_93_94|s200003->100003d|$c0$l706382360^i0 size=0 is_single_chunk=true is_aligned=true memcpy_needed=false
I0909 09:20:53.935524    1778 grpc_transport.cc:1743] [MEGASCALE_TRANSPORT_INSTR] SendRpc: key=psum.7_0_sr_93_94|s100006->200006d|$c0$l706382361^i0 size=8388608 queue_latency_us=0 attempt=0
I0909 09:20:53.938183    1426 grpc_transport.cc:1743] [MEGASCALE_TRANSPORT_INSTR] SendRpc: key=psum.7_0_sr_84_85|s100003->200003d|$c0$l706382361^i0 size=8388608 queue_latency_us=0 attempt=0
I0909 09:20:53.941849    1745 grpc_transport.cc:1743] [MEGASCALE_TRANSPORT_INSTR] SendRpc: key=psum.7_0_sr_93_94|s100007->200007d|$c0$l706382361^i0 size=8388608 queue_latency_us=0 attempt=0
I0909 09:20:53.945765    1371 grpc_transport.cc:1743] [MEGASCALE_TRANSPORT_INSTR] SendRpc: key=psum.7_0_sr_109_110|s100007->200007d|$c0$l706382361^i0 size=8388608 queue_latency_us=0 attempt=0
I0909 09:20:53.950605    1705 grpc_transport.cc:1743] [MEGASCALE_TRANSPORT_INSTR] SendRpc: key=psum.7_0_sr_125_126|s100002->200002d|$c0$l706382361^i0 size=8388608 queue_latency_us=0 attempt=0
I0909 09:20:53.964707    1363 grpc_transport.cc:1414] [MEGASCALE_TRANSPORT_INSTR] Recv: key=psum.7_0_sr_3_4|s200001->100001d|$c0$l706382361^i0 size=0 is_single_chunk=true is_aligned=true memcpy_needed=false
I0909 09:20:53.986959    1937 grpc_transport.cc:1414] [MEGASCALE_TRANSPORT_INSTR] Recv: key=psum.7_0_sr_39_40|s200004->100004d|$c0$l706382361^i0 size=0 is_single_chunk=true is_aligned=true memcpy_needed=false
I0909 09:20:54.006229    1937 grpc_transport.cc:1414] [MEGASCALE_TRANSPORT_INSTR] Recv: key=psum.7_0_sr_20_21|s200000->100000d|$c0$l706382361^i0 size=0 is_single_chunk=true is_aligned=true memcpy_needed=false
I0909 09:20:54.024499    1940 grpc_transport.cc:1414] [MEGASCALE_TRANSPORT_INSTR] Recv: key=psum.7_0_sr_55_56|s200000->100000d|$c0$l706382361^i0 size=0 is_single_chunk=true is_aligned=true memcpy_needed=false
I0909 09:20:54.040659    1947 grpc_transport.cc:1743] [MEGASCALE_TRANSPORT_INSTR] SendRpc: key=psum.7_0_1_ag_0_sr_24_25|s100004->200004d|$c0$l706382361^i0 size=8388608 queue_latency_us=0 attempt=0
I0909 09:20:54.045287    1360 grpc_transport.cc:1414] [MEGASCALE_TRANSPORT_INSTR] Recv: key=psum.7_0_sr_36_37|s200002->100002d|$c0$l706382361^i0 size=0 is_single_chunk=true is_aligned=true memcpy_needed=false
W0909 09:20:54.058233    2170 grpc_transport.cc:1186] Too many pending sends: 128
I0909 09:20:54.058269    1866 grpc_transport.cc:1743] [MEGASCALE_TRANSPORT_INSTR] SendRpc: key=psum.7_0_1_ag_0_sr_16_17|s100001->200001d|$c0$l706382361^i0 size=8388608 queue_latency_us=0 attempt=0
I0909 09:20:54.067009    1938 grpc_transport.cc:1414] [MEGASCALE_TRANSPORT_INSTR] Recv: key=psum.7_0_1_ag_0_sr_112_113|s200005->100005d|$c0$l706382361^i0 size=0 is_single_chunk=true is_aligned=true memcpy_needed=false
I0909 09:20:54.067804    1737 grpc_transport.cc:1743] [MEGASCALE_TRANSPORT_INSTR] SendRpc: key=psum.7_0_1_ag_0_sr_20_21|s100006->200006d|$c0$l706382361^i0 size=8388608 queue_latency_us=0 attempt=0
I0909 09:20:54.086206    1728 grpc_transport.cc:1743] [MEGASCALE_TRANSPORT_INSTR] SendRpc: key=psum.7_0_1_ag_0_sr_4_5|s100002->200002d|$c0$l706382361^i0 size=8388608 queue_latency_us=0 attempt=0
I0909 09:20:54.091573    1352 grpc_transport.cc:1414] [MEGASCALE_TRANSPORT_INSTR] Recv: key=psum.7_0_1_ag_0_sr_116_117|s200000->100000d|$c0$l706382361^i0 size=0 is_single_chunk=true is_aligned=true memcpy_needed=false
I0909 09:20:54.094300     804 grpc_transport.cc:1743] [MEGASCALE_TRANSPORT_INSTR] SendRpc: key=psum.7_0_1_ag_0_sr_37_38|s100007->200007d|$c0$l706382361^i0 size=8388608 queue_latency_us=0 attempt=0
I0909 09:20:54.112706     804 grpc_transport.cc:1414] [MEGASCALE_TRANSPORT_INSTR] Recv: key=psum.7_0_1_ag_0_sr_78_79|s200003->100003d|$c0$l706382361^i0 size=0 is_single_chunk=true is_aligned=true memcpy_needed=false
I0909 09:20:54.131191    1937 grpc_transport.cc:1414] [MEGASCALE_TRANSPORT_INSTR] Recv: key=psum.7_0_1_ag_0_sr_111_112|s200004->100004d|$c0$l706382361^i0 size=0 is_single_chunk=true is_aligned=true memcpy_needed=false
I0909 09:20:54.151044    1360 grpc_transport.cc:1414] [MEGASCALE_TRANSPORT_INSTR] Recv: key=psum.7_0_1_ag_0_sr_65_66|s200002->100002d|$c0$l706382361^i0 size=0 is_single_chunk=true is_aligned=true memcpy_needed=false
I0909 09:20:54.183952    1374 grpc_transport.cc:1743] [MEGASCALE_TRANSPORT_INSTR] SendRpc: key=psum.7_0_sr_95_96|s100004->200004d|$c0$l706382362^i0 size=8388608 queue_latency_us=1 attempt=0
I0909 09:20:54.186790    1761 grpc_transport.cc:1743] [MEGASCALE_TRANSPORT_INSTR] SendRpc: key=psum.7_0_sr_64_65|s100003->200003d|$c0$l706382362^i0 size=8388608 queue_latency_us=0 attempt=0
I0909 09:20:54.189671     816 grpc_transport.cc:1743] [MEGASCALE_TRANSPORT_INSTR] SendRpc: key=psum.7_0_sr_90_91|s100006->200006d|$c0$l706382362^i0 size=8388608 queue_latency_us=0 attempt=0
I0909 09:20:54.193350    1448 grpc_transport.cc:1743] [MEGASCALE_TRANSPORT_INSTR] SendRpc: key=psum.7_0_sr_111_112|s100002->200002d|$c0$l706382362^i0 size=8388608 queue_latency_us=0 attempt=0
I0909 09:20:54.197741    1375 grpc_transport.cc:1743] [MEGASCALE_TRANSPORT_INSTR] SendRpc: key=psum.7_0_sr_121_122|s100007->200007d|$c0$l706382362^i0 size=8388608 queue_latency_us=0 attempt=0
I0909 09:20:54.216639    1711 grpc_transport.cc:1414] [MEGASCALE_TRANSPORT_INSTR] Recv: key=psum.7_0_sr_3_4|s200007->100007d|$c0$l706382362^i0 size=0 is_single_chunk=true is_aligned=true memcpy_needed=false
I0909 09:20:54.240173    1703 grpc_transport.cc:1414] [MEGASCALE_TRANSPORT_INSTR] Recv: key=psum.7_0_sr_15_16|s200005->100005d|$c0$l706382362^i0 size=0 is_single_chunk=true is_aligned=true memcpy_needed=false
I0909 09:20:54.262454    1864 grpc_transport.cc:1414] [MEGASCALE_TRANSPORT_INSTR] Recv: key=psum.7_0_sr_39_40|s200005->100005d|$c0$l706382362^i0 size=0 is_single_chunk=true is_aligned=true memcpy_needed=false
I0909 09:20:54.281910    1711 grpc_transport.cc:1414] [MEGASCALE_TRANSPORT_INSTR] Recv: key=psum.7_0_sr_25_26|s200002->100002d|$c0$l706382362^i0 size=0 is_single_chunk=true is_aligned=true memcpy_needed=false
I0909 09:20:54.298380    1859 grpc_transport.cc:1414] [MEGASCALE_TRANSPORT_INSTR] Recv: key=psum.7_0_sr_60_61|s200005->100005d|$c0$l706382362^i0 size=0 is_single_chunk=true is_aligned=true memcpy_needed=false
I0909 09:20:54.308411    1864 grpc_transport.cc:1743] [MEGASCALE_TRANSPORT_INSTR] SendRpc: key=psum.7_0_1_ag_0_sr_19_20|s100004->200004d|$c0$l706382362^i0 size=8388608 queue_latency_us=0 attempt=0
I0909 09:20:54.316433    1865 grpc_transport.cc:1743] [MEGASCALE_TRANSPORT_INSTR] SendRpc: key=psum.7_0_1_ag_0_sr_50_51|s100004->200004d|$c0$l706382362^i0 size=8388608 queue_latency_us=0 attempt=0
I0909 09:20:54.319966    1375 grpc_transport.cc:1414] [MEGASCALE_TRANSPORT_INSTR] Recv: key=psum.7_0_sr_62_63|s200006->100006d|$c0$l706382362^i0 size=0 is_single_chunk=true is_aligned=true memcpy_needed=false
I0909 09:20:54.324609    1865 grpc_transport.cc:1743] [MEGASCALE_TRANSPORT_INSTR] SendRpc: key=psum.7_0_1_ag_0_sr_37_38|s100001->200001d|$c0$l706382362^i0 size=8388608 queue_latency_us=0 attempt=0
I0909 09:20:54.340994    1705 grpc_transport.cc:1743] [MEGASCALE_TRANSPORT_INSTR] SendRpc: key=psum.7_0_1_ag_0_sr_19_20|s100003->200003d|$c0$l706382362^i0 size=8388608 queue_latency_us=0 attempt=0
I0909 09:20:54.346686    1395 grpc_transport.cc:1743] [MEGASCALE_TRANSPORT_INSTR] SendRpc: key=psum.7_0_1_ag_0_sr_49_50|s100002->200002d|$c0$l706382362^i0 size=8388608 queue_latency_us=0 attempt=0
I0909 09:20:54.355058    1699 grpc_transport.cc:1414] [MEGASCALE_TRANSPORT_INSTR] Recv: key=psum.7_0_1_ag_0_sr_74_75|s200004->100004d|$c0$l706382362^i0 size=0 is_single_chunk=true is_aligned=true memcpy_needed=false
I0909 09:20:54.372567    1859 grpc_transport.cc:1414] [MEGASCALE_TRANSPORT_INSTR] Recv: key=psum.7_0_1_ag_0_sr_89_90|s200004->100004d|$c0$l706382362^i0 size=0 is_single_chunk=true is_aligned=true memcpy_needed=false
I0909 09:20:54.390676    2169 grpc_transport.cc:1414] [MEGASCALE_TRANSPORT_INSTR] Recv: key=psum.7_0_1_ag_0_sr_103_104|s200000->100000d|$c0$l706382362^i0 size=0 is_single_chunk=true is_aligned=true memcpy_needed=false
I0909 09:20:54.408924    1360 grpc_transport.cc:1414] [MEGASCALE_TRANSPORT_INSTR] Recv: key=psum.7_0_1_ag_0_sr_125_126|s200003->100003d|$c0$l706382362^i0 size=0 is_single_chunk=true is_aligned=true memcpy_needed=false
I0909 09:20:54.447296    1864 grpc_transport.cc:1743] [MEGASCALE_TRANSPORT_INSTR] SendRpc: key=psum.7_0_sr_74_75|s100000->200000d|$c0$l706382363^i0 size=8388608 queue_latency_us=0 attempt=0
I0909 09:20:54.450634    1954 grpc_transport.cc:1743] [MEGASCALE_TRANSPORT_INSTR] SendRpc: key=psum.7_0_sr_73_74|s100005->200005d|$c0$l706382363^i0 size=8388608 queue_latency_us=0 attempt=0
I0909 09:20:54.453582    1864 grpc_transport.cc:1743] [MEGASCALE_TRANSPORT_INSTR] SendRpc: key=psum.7_0_sr_100_101|s100000->200000d|$c0$l706382363^i0 size=8388608 queue_latency_us=0 attempt=0
I0909 09:20:54.457377    1410 grpc_transport.cc:1743] [MEGASCALE_TRANSPORT_INSTR] SendRpc: key=psum.7_0_sr_98_99|s100002->200002d|$c0$l706382363^i0 size=8388608 queue_latency_us=0 attempt=0
I0909 09:20:54.460712    1771 grpc_transport.cc:1414] [MEGASCALE_TRANSPORT_INSTR] Recv: key=psum.7_0_sr_25_26|s200006->100006d|$c0$l706382363^i0 size=0 is_single_chunk=true is_aligned=true memcpy_needed=false
I0909 09:20:54.461341     806 grpc_transport.cc:1743] [MEGASCALE_TRANSPORT_INSTR] SendRpc: key=psum.7_0_sr_119_120|s100006->200006d|$c0$l706382363^i0 size=8388608 queue_latency_us=0 attempt=0
I0909 09:20:54.490577    1708 grpc_transport.cc:1414] [MEGASCALE_TRANSPORT_INSTR] Recv: key=psum.7_0_sr_5_6|s200005->100005d|$c0$l706382363^i0 size=0 is_single_chunk=true is_aligned=true memcpy_needed=false
I0909 09:20:54.513131    2202 grpc_transport.cc:1414] [MEGASCALE_TRANSPORT_INSTR] Recv: key=psum.7_0_sr_14_15|s200002->100002d|$c0$l706382363^i0 size=0 is_single_chunk=true is_aligned=true memcpy_needed=false
I0909 09:20:54.533583    1699 grpc_transport.cc:1414] [MEGASCALE_TRANSPORT_INSTR] Recv: key=psum.7_0_sr_34_35|s200005->100005d|$c0$l706382363^i0 size=0 is_single_chunk=true is_aligned=true memcpy_needed=false
I0909 09:20:54.553002    1715 grpc_transport.cc:1414] [MEGASCALE_TRANSPORT_INSTR] Recv: key=psum.7_0_sr_62_63|s200001->100001d|$c0$l706382363^i0 size=0 is_single_chunk=true is_aligned=true memcpy_needed=false
I0909 09:20:54.555072    1699 grpc_transport.cc:1743] [MEGASCALE_TRANSPORT_INSTR] SendRpc: key=psum.7_0_1_ag_0_sr_38_39|s100000->200000d|$c0$l706382363^i0 size=8388608 queue_latency_us=0 attempt=0
I0909 09:20:54.571166    2218 grpc_transport.cc:1743] [MEGASCALE_TRANSPORT_INSTR] SendRpc: key=psum.7_0_1_ag_0_sr_11_12|s100006->200006d|$c0$l706382363^i0 size=8388608 queue_latency_us=0 attempt=0
I0909 09:20:54.578942    1354 grpc_transport.cc:1414] [MEGASCALE_TRANSPORT_INSTR] Recv: key=psum.7_0_1_ag_0_sr_84_85|s200005->100005d|$c0$l706382363^i0 size=0 is_single_chunk=true is_aligned=true memcpy_needed=false
I0909 09:20:54.582374    2170 grpc_transport.cc:1743] [MEGASCALE_TRANSPORT_INSTR] SendRpc: key=psum.7_0_1_ag_0_sr_26_27|s100005->200005d|$c0$l706382363^i0 size=8388608 queue_latency_us=0 attempt=0
I0909 09:20:54.598362    2199 grpc_transport.cc:1743] [MEGASCALE_TRANSPORT_INSTR] SendRpc: key=psum.7_0_1_ag_0_sr_20_21|s100002->200002d|$c0$l706382363^i0 size=8388608 queue_latency_us=0 attempt=0
I0909 09:20:54.604338    1942 grpc_transport.cc:1414] [MEGASCALE_TRANSPORT_INSTR] Recv: key=psum.7_0_1_ag_0_sr_98_99|s200000->100000d|$c0$l706382363^i0 size=0 is_single_chunk=true is_aligned=true memcpy_needed=false
I0909 09:20:54.609597    2209 grpc_transport.cc:1743] [MEGASCALE_TRANSPORT_INSTR] SendRpc: key=psum.7_0_1_ag_0_sr_53_54|s100003->200003d|$c0$l706382363^i0 size=8388608 queue_latency_us=0 attempt=0
I0909 09:20:54.628599    2201 grpc_transport.cc:1414] [MEGASCALE_TRANSPORT_INSTR] Recv: key=psum.7_0_1_ag_0_sr_113_114|s200003->100003d|$c0$l706382363^i0 size=0 is_single_chunk=true is_aligned=true memcpy_needed=false
I0909 09:20:54.649381    1858 grpc_transport.cc:1414] [MEGASCALE_TRANSPORT_INSTR] Recv: key=psum.7_0_1_ag_0_sr_91_92|s200004->100004d|$c0$l706382363^i0 size=0 is_single_chunk=true is_aligned=true memcpy_needed=false
I0909 09:20:54.669907    2203 grpc_transport.cc:1414] [MEGASCALE_TRANSPORT_INSTR] Recv: key=psum.7_0_1_ag_0_sr_108_109|s200007->100007d|$c0$l706382363^i0 size=0 is_single_chunk=true is_aligned=true memcpy_needed=false
I0909 09:20:54.704531    2203 grpc_transport.cc:1414] [MEGASCALE_TRANSPORT_INSTR] Recv: key=psum.7_0_1_ag_0_sr_122_123|s200006->100006d|$c0$l706382363^i0 size=0 is_single_chunk=true is_aligned=true memcpy_needed=false
I0909 09:20:54.724748    2200 grpc_transport.cc:1743] [MEGASCALE_TRANSPORT_INSTR] SendRpc: key=psum.7_0_sr_75_76|s100007->200007d|$c0$l706382364^i0 size=8388608 queue_latency_us=0 attempt=0
I0909 09:20:54.731254    1936 grpc_transport.cc:1743] [MEGASCALE_TRANSPORT_INSTR] SendRpc: key=psum.7_0_sr_78_79|s100000->200000d|$c0$l706382364^i0 size=8388608 queue_latency_us=0 attempt=0
I0909 09:20:54.734750    1959 grpc_transport.cc:1743] [MEGASCALE_TRANSPORT_INSTR] SendRpc: key=psum.7_0_sr_83_84|s100005->200005d|$c0$l706382364^i0 size=8388608 queue_latency_us=0 attempt=0
I0909 09:20:54.739935    2170 grpc_transport.cc:1743] [MEGASCALE_TRANSPORT_INSTR] SendRpc: key=psum.7_0_sr_110_111|s100001->200001d|$c0$l706382364^i0 size=8388608 queue_latency_us=0 attempt=0
I0909 09:20:54.741501    1375 grpc_transport.cc:1414] [MEGASCALE_TRANSPORT_INSTR] Recv: key=psum.7_0_sr_0_1|s200007->100007d|$c0$l706382364^i0 size=0 is_single_chunk=true is_aligned=true memcpy_needed=false
I0909 09:20:54.747268    2200 grpc_transport.cc:1743] [MEGASCALE_TRANSPORT_INSTR] SendRpc: key=psum.7_0_sr_126_127|s100002->200002d|$c0$l706382364^i0 size=8388608 queue_latency_us=0 attempt=0
I0909 09:20:54.764682    2204 grpc_transport.cc:1414] [MEGASCALE_TRANSPORT_INSTR] Recv: key=psum.7_0_sr_17_18|s200002->100002d|$c0$l706382364^i0 size=0 is_single_chunk=true is_aligned=true memcpy_needed=false
I0909 09:20:54.783860    1706 grpc_transport.cc:1414] [MEGASCALE_TRANSPORT_INSTR] Recv: key=psum.7_0_sr_34_35|s200001->100001d|$c0$l706382364^i0 size=0 is_single_chunk=true is_aligned=true memcpy_needed=false
I0909 09:20:54.799990    1375 grpc_transport.cc:1414] [MEGASCALE_TRANSPORT_INSTR] Recv: key=psum.7_0_sr_46_47|s200007->100007d|$c0$l706382364^i0 size=0 is_single_chunk=true is_aligned=true memcpy_needed=false
I0909 09:20:54.806759    1701 grpc_transport.cc:1743] [MEGASCALE_TRANSPORT_INSTR] SendRpc: key=psum.7_0_1_ag_0_sr_15_16|s100004->200004d|$c0$l706382364^i0 size=8388608 queue_latency_us=1 attempt=0
I0909 09:20:54.819914    2202 grpc_transport.cc:1414] [MEGASCALE_TRANSPORT_INSTR] Recv: key=psum.7_0_sr_52_53|s200002->100002d|$c0$l706382364^i0 size=0 is_single_chunk=true is_aligned=true memcpy_needed=false
I0909 09:20:54.831618    1865 grpc_transport.cc:1743] [MEGASCALE_TRANSPORT_INSTR] SendRpc: key=psum.7_0_1_ag_0_sr_0_1|s100001->200001d|$c0$l706382364^i0 size=8388608 queue_latency_us=0 attempt=0
I0909 09:20:54.839723    1359 grpc_transport.cc:1743] [MEGASCALE_TRANSPORT_INSTR] SendRpc: key=psum.7_0_1_ag_0_sr_8_9|s100005->200005d|$c0$l706382364^i0 size=8388608 queue_latency_us=0 attempt=0
I0909 09:20:54.848125    1942 grpc_transport.cc:1743] [MEGASCALE_TRANSPORT_INSTR] SendRpc: key=psum.7_0_1_ag_0_sr_54_55|s100005->200005d|$c0$l706382364^i0 size=8388608 queue_latency_us=0 attempt=0
I0909 09:20:54.855924    2208 grpc_transport.cc:1743] [MEGASCALE_TRANSPORT_INSTR] SendRpc: key=psum.7_0_1_ag_0_sr_52_53|s100007->200007d|$c0$l706382364^i0 size=8388608 queue_latency_us=0 attempt=0
I0909 09:20:54.860287    2218 grpc_transport.cc:1414] [MEGASCALE_TRANSPORT_INSTR] Recv: key=psum.7_0_1_ag_0_sr_66_67|s200002->100002d|$c0$l706382364^i0 size=0 is_single_chunk=true is_aligned=true memcpy_needed=false
I0909 09:20:54.887468    1702 grpc_transport.cc:1414] [MEGASCALE_TRANSPORT_INSTR] Recv: key=psum.7_0_1_ag_0_sr_93_94|s200001->100001d|$c0$l706382364^i0 size=0 is_single_chunk=true is_aligned=true memcpy_needed=false
I0909 09:20:54.914085    1942 grpc_transport.cc:1414] [MEGASCALE_TRANSPORT_INSTR] Recv: key=psum.7_0_1_ag_0_sr_109_110|s200004->100004d|$c0$l706382364^i0 size=0 is_single_chunk=true is_aligned=true memcpy_needed=false
I0909 09:20:54.937226    1705 grpc_transport.cc:1414] [MEGASCALE_TRANSPORT_INSTR] Recv: key=psum.7_0_1_ag_0_sr_79_80|s200003->100003d|$c0$l706382364^i0 size=0 is_single_chunk=true is_aligned=true memcpy_needed=false
I0909 09:20:54.955373    1936 grpc_transport.cc:1414] [MEGASCALE_TRANSPORT_INSTR] Recv: key=psum.7_0_1_ag_0_sr_106_107|s200005->100005d|$c0$l706382364^i0 size=0 is_single_chunk=true is_aligned=true memcpy_needed=false
I0909 09:20:54.977780    1702 grpc_transport.cc:1743] [MEGASCALE_TRANSPORT_INSTR] SendRpc: key=psum.7_0_sr_84_85|s100005->200005d|$c0$l706382365^i0 size=8388608 queue_latency_us=0 attempt=0
I0909 09:20:54.981219    1729 grpc_transport.cc:1743] [MEGASCALE_TRANSPORT_INSTR] SendRpc: key=psum.7_0_sr_72_73|s100001->200001d|$c0$l706382365^i0 size=8388608 queue_latency_us=0 attempt=0
I0909 09:20:54.984252    1860 grpc_transport.cc:1743] [MEGASCALE_TRANSPORT_INSTR] SendRpc: key=psum.7_0_sr_84_85|s100001->200001d|$c0$l706382365^i0 size=8388608 queue_latency_us=0 attempt=0
I0909 09:20:54.987138    1714 grpc_transport.cc:1743] [MEGASCALE_TRANSPORT_INSTR] SendRpc: key=psum.7_0_sr_115_116|s100007->200007d|$c0$l706382365^i0 size=8388608 queue_latency_us=0 attempt=0
I0909 09:20:54.990814    1374 grpc_transport.cc:1743] [MEGASCALE_TRANSPORT_INSTR] SendRpc: key=psum.7_0_sr_104_105|s100001->200001d|$c0$l706382365^i0 size=8388608 queue_latency_us=0 attempt=0
I0909 09:20:54.995557    1372 grpc_transport.cc:1743] [MEGASCALE_TRANSPORT_INSTR] SendRpc: key=psum.7_0_sr_127_128|s100001->200001d|$c0$l706382365^i0 size=8388608 queue_latency_us=0 attempt=0
I0909 09:20:55.021237    2203 grpc_transport.cc:1414] [MEGASCALE_TRANSPORT_INSTR] Recv: key=psum.7_0_sr_2_3|s200003->100003d|$c0$l706382365^i0 size=0 is_single_chunk=true is_aligned=true memcpy_needed=false
I0909 09:20:55.045779     786 grpc_transport.cc:1414] [MEGASCALE_TRANSPORT_INSTR] Recv: key=psum.7_0_sr_15_16|s200001->100001d|$c0$l706382365^i0 size=0 is_single_chunk=true is_aligned=true memcpy_needed=false
I0909 09:20:55.064766    1710 grpc_transport.cc:1414] [MEGASCALE_TRANSPORT_INSTR] Recv: key=psum.7_0_sr_47_48|s200000->100000d|$c0$l706382365^i0 size=0 is_single_chunk=true is_aligned=true memcpy_needed=false
I0909 09:20:55.084778    1352 grpc_transport.cc:1414] [MEGASCALE_TRANSPORT_INSTR] Recv: key=psum.7_0_sr_54_55|s200000->100000d|$c0$l706382365^i0 size=0 is_single_chunk=true is_aligned=true memcpy_needed=false
I0909 09:20:55.105862    1711 grpc_transport.cc:1414] [MEGASCALE_TRANSPORT_INSTR] Recv: key=psum.7_0_sr_32_33|s200002->100002d|$c0$l706382365^i0 size=0 is_single_chunk=true is_aligned=true memcpy_needed=false
I0909 09:20:55.105915    2169 grpc_transport.cc:1743] [MEGASCALE_TRANSPORT_INSTR] SendRpc: key=psum.7_0_1_ag_0_sr_6_7|s100005->200005d|$c0$l706382365^i0 size=8388608 queue_latency_us=0 attempt=0
I0909 09:20:55.118170    1862 grpc_transport.cc:1743] [MEGASCALE_TRANSPORT_INSTR] SendRpc: key=psum.7_0_1_ag_0_sr_63_64|s100001->200001d|$c0$l706382365^i0 size=8388608 queue_latency_us=0 attempt=0
I0909 09:20:55.128369    2203 grpc_transport.cc:1414] [MEGASCALE_TRANSPORT_INSTR] Recv: key=psum.7_0_sr_57_58|s200002->100002d|$c0$l706382365^i0 size=0 is_single_chunk=true is_aligned=true memcpy_needed=false
I0909 09:20:55.137770    1708 grpc_transport.cc:1743] [MEGASCALE_TRANSPORT_INSTR] SendRpc: key=psum.7_0_1_ag_0_sr_34_35|s100004->200004d|$c0$l706382365^i0 size=8388608 queue_latency_us=0 attempt=0
I0909 09:20:55.149467    1877 grpc_transport.cc:1414] [MEGASCALE_TRANSPORT_INSTR] Recv: key=psum.7_0_1_ag_0_sr_65_66|s200001->100001d|$c0$l706382365^i0 size=0 is_single_chunk=true is_aligned=true memcpy_needed=false
I0909 09:20:55.155986    1379 grpc_transport.cc:1743] [MEGASCALE_TRANSPORT_INSTR] SendRpc: key=psum.7_0_1_ag_0_sr_4_5|s100006->200006d|$c0$l706382365^i0 size=8388608 queue_latency_us=0 attempt=0
I0909 09:20:55.165519    1375 grpc_transport.cc:1743] [MEGASCALE_TRANSPORT_INSTR] SendRpc: key=psum.7_0_1_ag_0_sr_42_43|s100002->200002d|$c0$l706382365^i0 size=8388608 queue_latency_us=0 attempt=0
I0909 09:20:55.170721    2200 grpc_transport.cc:1414] [MEGASCALE_TRANSPORT_INSTR] Recv: key=psum.7_0_1_ag_0_sr_75_76|s200003->100003d|$c0$l706382365^i0 size=0 is_single_chunk=true is_aligned=true memcpy_needed=false
I0909 09:20:55.187872    1702 grpc_transport.cc:1414] [MEGASCALE_TRANSPORT_INSTR] Recv: key=psum.7_0_1_ag_0_sr_117_118|s200000->100000d|$c0$l706382365^i0 size=0 is_single_chunk=true is_aligned=true memcpy_needed=false
I0909 09:20:55.215133    2202 grpc_transport.cc:1414] [MEGASCALE_TRANSPORT_INSTR] Recv: key=psum.7_0_1_ag_0_sr_69_70|s200006->100006d|$c0$l706382365^i0 size=0 is_single_chunk=true is_aligned=true memcpy_needed=false
I0909 09:20:55.246133    1373 grpc_transport.cc:1743] [MEGASCALE_TRANSPORT_INSTR] SendRpc: key=psum.7_0_sr_68_69|s100004->200004d|$c0$l706382366^i0 size=8388608 queue_latency_us=0 attempt=0
I0909 09:20:55.248625    2205 grpc_transport.cc:1743] [MEGASCALE_TRANSPORT_INSTR] SendRpc: key=psum.7_0_sr_80_81|s100003->200003d|$c0$l706382366^i0 size=8388608 queue_latency_us=0 attempt=0
I0909 09:20:55.251118    1713 grpc_transport.cc:1743] [MEGASCALE_TRANSPORT_INSTR] SendRpc: key=psum.7_0_sr_103_104|s100005->200005d|$c0$l706382366^i0 size=8388608 queue_latency_us=0 attempt=0
I0909 09:20:55.254911    1359 grpc_transport.cc:1743] [MEGASCALE_TRANSPORT_INSTR] SendRpc: key=psum.7_0_sr_109_110|s100001->200001d|$c0$l706382366^i0 size=8388608 queue_latency_us=0 attempt=0
I0909 09:20:55.260179    1705 grpc_transport.cc:1743] [MEGASCALE_TRANSPORT_INSTR] SendRpc: key=psum.7_0_sr_120_121|s100007->200007d|$c0$l706382366^i0 size=8388608 queue_latency_us=0 attempt=0
I0909 09:20:55.268671    1945 grpc_transport.cc:1414] [MEGASCALE_TRANSPORT_INSTR] Recv: key=psum.7_0_sr_4_5|s200000->100000d|$c0$l706382366^i0 size=0 is_single_chunk=true is_aligned=true memcpy_needed=false
I0909 09:20:55.294630    1354 grpc_transport.cc:1414] [MEGASCALE_TRANSPORT_INSTR] Recv: key=psum.7_0_sr_33_34|s200000->100000d|$c0$l706382366^i0 size=0 is_single_chunk=true is_aligned=true memcpy_needed=false
I0909 09:20:55.314034    1705 grpc_transport.cc:1414] [MEGASCALE_TRANSPORT_INSTR] Recv: key=psum.7_0_sr_21_22|s200007->100007d|$c0$l706382366^i0 size=0 is_single_chunk=true is_aligned=true memcpy_needed=false
I0909 09:20:55.331556    1714 grpc_transport.cc:1414] [MEGASCALE_TRANSPORT_INSTR] Recv: key=psum.7_0_sr_40_41|s200003->100003d|$c0$l706382366^i0 size=0 is_single_chunk=true is_aligned=true memcpy_needed=false
I0909 09:20:55.350147    1946 grpc_transport.cc:1743] [MEGASCALE_TRANSPORT_INSTR] SendRpc: key=psum.7_0_1_ag_0_sr_3_4|s100004->200004d|$c0$l706382366^i0 size=8388608 queue_latency_us=0 attempt=0
I0909 09:20:55.352291    1702 grpc_transport.cc:1414] [MEGASCALE_TRANSPORT_INSTR] Recv: key=psum.7_0_sr_48_49|s200001->100001d|$c0$l706382366^i0 size=0 is_single_chunk=true is_aligned=true memcpy_needed=false
I0909 09:20:55.366205    1946 grpc_transport.cc:1743] [MEGASCALE_TRANSPORT_INSTR] SendRpc: key=psum.7_0_1_ag_0_sr_40_41|s100005->200005d|$c0$l706382366^i0 size=8388608 queue_latency_us=0 attempt=0
I0909 09:20:55.373135    1352 grpc_transport.cc:1414] [MEGASCALE_TRANSPORT_INSTR] Recv: key=psum.7_0_1_ag_0_sr_98_99|s200000->100000d|$c0$l706382366^i0 size=0 is_single_chunk=true is_aligned=true memcpy_needed=false
I0909 09:20:55.382542     803 grpc_transport.cc:1743] [MEGASCALE_TRANSPORT_INSTR] SendRpc: key=psum.7_0_1_ag_0_sr_11_12|s100003->200003d|$c0$l706382366^i0 size=8388608 queue_latency_us=0 attempt=0
I0909 09:20:55.388755    2205 grpc_transport.cc:1743] [MEGASCALE_TRANSPORT_INSTR] SendRpc: key=psum.7_0_1_ag_0_sr_38_39|s100007->200007d|$c0$l706382366^i0 size=8388608 queue_latency_us=0 attempt=0
I0909 09:20:55.394175    1719 grpc_transport.cc:1743] [MEGASCALE_TRANSPORT_INSTR] SendRpc: key=psum.7_0_1_ag_0_sr_56_57|s100006->200006d|$c0$l706382366^i0 size=8388608 queue_latency_us=0 attempt=0
I0909 09:20:55.405020    2201 grpc_transport.cc:1414] [MEGASCALE_TRANSPORT_INSTR] Recv: key=psum.7_0_1_ag_0_sr_102_103|s200003->100003d|$c0$l706382366^i0 size=0 is_single_chunk=true is_aligned=true memcpy_needed=false
I0909 09:20:55.427602    1705 grpc_transport.cc:1414] [MEGASCALE_TRANSPORT_INSTR] Recv: key=psum.7_0_1_ag_0_sr_125_126|s200003->100003d|$c0$l706382366^i0 size=0 is_single_chunk=true is_aligned=true memcpy_needed=false
I0909 09:20:55.446859    1710 grpc_transport.cc:1414] [MEGASCALE_TRANSPORT_INSTR] Recv: key=psum.7_0_1_ag_0_sr_73_74|s200001->100001d|$c0$l706382366^i0 size=0 is_single_chunk=true is_aligned=true memcpy_needed=false
I0909 09:20:55.464838    1364 grpc_transport.cc:1414] [MEGASCALE_TRANSPORT_INSTR] Recv: key=psum.7_0_1_ag_0_sr_112_113|s200006->100006d|$c0$l706382366^i0 size=0 is_single_chunk=true is_aligned=true memcpy_needed=false
I0909 09:20:55.502641     788 grpc_transport.cc:1743] [MEGASCALE_TRANSPORT_INSTR] SendRpc: key=psum.7_0_sr_83_84|s100001->200001d|$c0$l706382367^i0 size=8388608 queue_latency_us=0 attempt=0
I0909 09:20:55.505822    2175 grpc_transport.cc:1743] [MEGASCALE_TRANSPORT_INSTR] SendRpc: key=psum.7_0_sr_89_90|s100000->200000d|$c0$l706382367^i0 size=8388608 queue_latency_us=0 attempt=0
I0909 09:20:55.508640    1714 grpc_transport.cc:1743] [MEGASCALE_TRANSPORT_INSTR] SendRpc: key=psum.7_0_sr_95_96|s100003->200003d|$c0$l706382367^i0 size=8388608 queue_latency_us=0 attempt=0
I0909 09:20:55.511409    1764 grpc_transport.cc:1743] [MEGASCALE_TRANSPORT_INSTR] SendRpc: key=psum.7_0_sr_103_104|s100002->200002d|$c0$l706382367^i0 size=8388608 queue_latency_us=0 attempt=0
I0909 09:20:55.515610    1368 grpc_transport.cc:1743] [MEGASCALE_TRANSPORT_INSTR] SendRpc: key=psum.7_0_sr_118_119|s100000->200000d|$c0$l706382367^i0 size=8388608 queue_latency_us=0 attempt=0
I0909 09:20:55.525855    2207 grpc_transport.cc:1414] [MEGASCALE_TRANSPORT_INSTR] Recv: key=psum.7_0_sr_11_12|s200006->100006d|$c0$l706382367^i0 size=0 is_single_chunk=true is_aligned=true memcpy_needed=false
I0909 09:20:55.553860    1702 grpc_transport.cc:1414] [MEGASCALE_TRANSPORT_INSTR] Recv: key=psum.7_0_sr_21_22|s200001->100001d|$c0$l706382367^i0 size=0 is_single_chunk=true is_aligned=true memcpy_needed=false
I0909 09:20:55.574453     803 grpc_transport.cc:1414] [MEGASCALE_TRANSPORT_INSTR] Recv: key=psum.7_0_sr_11_12|s200002->100002d|$c0$l706382367^i0 size=0 is_single_chunk=true is_aligned=true memcpy_needed=false
I0909 09:20:55.593683    1937 grpc_transport.cc:1414] [MEGASCALE_TRANSPORT_INSTR] Recv: key=psum.7_0_sr_44_45|s200001->100001d|$c0$l706382367^i0 size=0 is_single_chunk=true is_aligned=true memcpy_needed=false
I0909 09:20:55.614538    1943 grpc_transport.cc:1414] [MEGASCALE_TRANSPORT_INSTR] Recv: key=psum.7_0_sr_61_62|s200005->100005d|$c0$l706382367^i0 size=0 is_single_chunk=true is_aligned=true memcpy_needed=false
I0909 09:20:55.615953    1701 grpc_transport.cc:1743] [MEGASCALE_TRANSPORT_INSTR] SendRpc: key=psum.7_0_1_ag_0_sr_43_44|s100004->200004d|$c0$l706382367^i0 size=8388608 queue_latency_us=0 attempt=0
I0909 09:20:55.635160    1858 grpc_transport.cc:1414] [MEGASCALE_TRANSPORT_INSTR] Recv: key=psum.7_0_1_ag_0_sr_104_105|s200005->100005d|$c0$l706382367^i0 size=0 is_single_chunk=true is_aligned=true memcpy_needed=false
I0909 09:20:55.635357    1939 grpc_transport.cc:1743] [MEGASCALE_TRANSPORT_INSTR] SendRpc: key=psum.7_0_1_ag_0_sr_16_17|s100000->200000d|$c0$l706382367^i0 size=8388608 queue_latency_us=0 attempt=0
I0909 09:20:55.643143    1359 grpc_transport.cc:1743] [MEGASCALE_TRANSPORT_INSTR] SendRpc: key=psum.7_0_1_ag_0_sr_53_54|s100005->200005d|$c0$l706382367^i0 size=8388608 queue_latency_us=0 attempt=0
I0909 09:20:55.658173    2202 grpc_transport.cc:1743] [MEGASCALE_TRANSPORT_INSTR] SendRpc: key=psum.7_0_1_ag_0_sr_47_48|s100003->200003d|$c0$l706382367^i0 size=8388608 queue_latency_us=0 attempt=0
I0909 09:20:55.662185    1370 grpc_transport.cc:1414] [MEGASCALE_TRANSPORT_INSTR] Recv: key=psum.7_0_1_ag_0_sr_92_93|s200001->100001d|$c0$l706382367^i0 size=0 is_single_chunk=true is_aligned=true memcpy_needed=false
I0909 09:20:55.668571     804 grpc_transport.cc:1743] [MEGASCALE_TRANSPORT_INSTR] SendRpc: key=psum.7_0_1_ag_0_sr_60_61|s100006->200006d|$c0$l706382367^i0 size=8388608 queue_latency_us=0 attempt=0
I0909 09:20:55.684904    1860 grpc_transport.cc:1414] [MEGASCALE_TRANSPORT_INSTR] Recv: key=psum.7_0_1_ag_0_sr_100_101|s200004->100004d|$c0$l706382367^i0 size=0 is_single_chunk=true is_aligned=true memcpy_needed=false
I0909 09:20:55.700872    1861 grpc_transport.cc:1414] [MEGASCALE_TRANSPORT_INSTR] Recv: key=psum.7_0_1_ag_0_sr_81_82|s200000->100000d|$c0$l706382367^i0 size=0 is_single_chunk=true is_aligned=true memcpy_needed=false
I0909 09:20:55.718108    1861 grpc_transport.cc:1414] [MEGASCALE_TRANSPORT_INSTR] Recv: key=psum.7_0_1_ag_0_sr_122_123|s200000->100000d|$c0$l706382367^i0 size=0 is_single_chunk=true is_aligned=true memcpy_needed=false
I0909 09:20:55.749880    1714 grpc_transport.cc:1414] [MEGASCALE_TRANSPORT_INSTR] Recv: key=psum.7_0_1_ag_0_sr_120_121|s200003->100003d|$c0$l706382367^i0 size=0 is_single_chunk=true is_aligned=true memcpy_needed=false
I0909 09:20:55.765781    1951 grpc_transport.cc:1743] [MEGASCALE_TRANSPORT_INSTR] SendRpc: key=psum.7_0_sr_85_86|s100004->200004d|$c0$l706382368^i0 size=8388608 queue_latency_us=0 attempt=0
I0909 09:20:55.769215    1407 grpc_transport.cc:1743] [MEGASCALE_TRANSPORT_INSTR] SendRpc: key=psum.7_0_sr_86_87|s100007->200007d|$c0$l706382368^i0 size=8388608 queue_latency_us=0 attempt=0
I0909 09:20:55.771365    1963 grpc_transport.cc:1743] [MEGASCALE_TRANSPORT_INSTR] SendRpc: key=psum.7_0_sr_88_89|s100005->200005d|$c0$l706382368^i0 size=8388608 queue_latency_us=0 attempt=0
I0909 09:20:55.775598    1878 grpc_transport.cc:1743] [MEGASCALE_TRANSPORT_INSTR] SendRpc: key=psum.7_0_sr_87_88|s100001->200001d|$c0$l706382368^i0 size=8388608 queue_latency_us=0 attempt=0
I0909 09:20:55.778223    1702 grpc_transport.cc:1743] [MEGASCALE_TRANSPORT_INSTR] SendRpc: key=psum.7_0_sr_126_127|s100001->200001d|$c0$l706382368^i0 size=8388608 queue_latency_us=0 attempt=0
I0909 09:20:55.840989    2201 grpc_transport.cc:1414] [MEGASCALE_TRANSPORT_INSTR] Recv: key=psum.7_0_sr_16_17|s200002->100002d|$c0$l706382368^i0 size=0 is_single_chunk=true is_aligned=true memcpy_needed=false
I0909 09:20:55.861147    1937 grpc_transport.cc:1414] [MEGASCALE_TRANSPORT_INSTR] Recv: key=psum.7_0_sr_21_22|s200004->100004d|$c0$l706382368^i0 size=0 is_single_chunk=true is_aligned=true memcpy_needed=false
I0909 09:20:55.880640    1863 grpc_transport.cc:1414] [MEGASCALE_TRANSPORT_INSTR] Recv: key=psum.7_0_sr_50_51|s200001->100001d|$c0$l706382368^i0 size=0 is_single_chunk=true is_aligned=true memcpy_needed=false
I0909 09:20:55.900095    1861 grpc_transport.cc:1414] [MEGASCALE_TRANSPORT_INSTR] Recv: key=psum.7_0_sr_63_64|s200001->100001d|$c0$l706382368^i0 size=0 is_single_chunk=true is_aligned=true memcpy_needed=false
I0909 09:20:55.911035    1937 grpc_transport.cc:1743] [MEGASCALE_TRANSPORT_INSTR] SendRpc: key=psum.7_0_1_ag_0_sr_23_24|s100005->200005d|$c0$l706382368^i0 size=8388608 queue_latency_us=0 attempt=0
I0909 09:20:55.918215    1355 grpc_transport.cc:1743] [MEGASCALE_TRANSPORT_INSTR] SendRpc: key=psum.7_0_1_ag_0_sr_59_60|s100000->200000d|$c0$l706382368^i0 size=8388608 queue_latency_us=0 attempt=0
I0909 09:20:55.924212    1936 grpc_transport.cc:1414] [MEGASCALE_TRANSPORT_INSTR] Recv: key=psum.7_0_1_ag_0_sr_85_86|s200000->100000d|$c0$l706382368^i0 size=0 is_single_chunk=true is_aligned=true memcpy_needed=false
I0909 09:20:55.931466    1937 grpc_transport.cc:1743] [MEGASCALE_TRANSPORT_INSTR] SendRpc: key=psum.7_0_1_ag_0_sr_31_32|s100001->200001d|$c0$l706382368^i0 size=8388608 queue_latency_us=0 attempt=0
I0909 09:20:55.945076    1363 grpc_transport.cc:1414] [MEGASCALE_TRANSPORT_INSTR] Recv: key=psum.7_0_1_ag_0_sr_112_113|s200000->100000d|$c0$l706382368^i0 size=0 is_single_chunk=true is_aligned=true memcpy_needed=false
I0909 09:20:55.949977    2203 grpc_transport.cc:1743] [MEGASCALE_TRANSPORT_INSTR] SendRpc: key=psum.7_0_1_ag_0_sr_1_2|s100003->200003d|$c0$l706382368^i0 size=8388608 queue_latency_us=0 attempt=0
I0909 09:20:55.963400    1714 grpc_transport.cc:1743] [MEGASCALE_TRANSPORT_INSTR] SendRpc: key=psum.7_0_1_ag_0_sr_38_39|s100002->200002d|$c0$l706382368^i0 size=8388608 queue_latency_us=0 attempt=0
I0909 09:20:55.964380    1862 grpc_transport.cc:1414] [MEGASCALE_TRANSPORT_INSTR] Recv: key=psum.7_0_1_ag_0_sr_78_79|s200005->100005d|$c0$l706382368^i0 size=0 is_single_chunk=true is_aligned=true memcpy_needed=false
I0909 09:20:55.982878    1858 grpc_transport.cc:1414] [MEGASCALE_TRANSPORT_INSTR] Recv: key=psum.7_0_1_ag_0_sr_90_91|s200001->100001d|$c0$l706382368^i0 size=0 is_single_chunk=true is_aligned=true memcpy_needed=false
I0909 09:20:55.999949    1711 grpc_transport.cc:1414] [MEGASCALE_TRANSPORT_INSTR] Recv: key=psum.7_0_1_ag_0_sr_98_99|s200007->100007d|$c0$l706382368^i0 size=0 is_single_chunk=true is_aligned=true memcpy_needed=false
I0909 09:20:56.027207    2203 grpc_transport.cc:1414] [MEGASCALE_TRANSPORT_INSTR] Recv: key=psum.7_0_1_ag_0_sr_98_99|s200006->100006d|$c0$l706382368^i0 size=0 is_single_chunk=true is_aligned=true memcpy_needed=false
I0909 09:20:56.051178    2204 grpc_transport.cc:1743] [MEGASCALE_TRANSPORT_INSTR] SendRpc: key=psum.7_0_sr_75_76|s100006->200006d|$c0$l706382369^i0 size=8388608 queue_latency_us=0 attempt=0
I0909 09:20:56.055853    2199 grpc_transport.cc:1743] [MEGASCALE_TRANSPORT_INSTR] SendRpc: key=psum.7_0_sr_68_69|s100007->200007d|$c0$l706382369^i0 size=8388608 queue_latency_us=0 attempt=0
I0909 09:20:56.058545    1936 grpc_transport.cc:1743] [MEGASCALE_TRANSPORT_INSTR] SendRpc: key=psum.7_0_sr_85_86|s100004->200004d|$c0$l706382369^i0 size=8388608 queue_latency_us=0 attempt=0
I0909 09:20:56.062309    1359 grpc_transport.cc:1743] [MEGASCALE_TRANSPORT_INSTR] SendRpc: key=psum.7_0_sr_120_121|s100000->200000d|$c0$l706382369^i0 size=8388608 queue_latency_us=0 attempt=0
I0909 09:20:56.066918    1762 grpc_transport.cc:1743] [MEGASCALE_TRANSPORT_INSTR] SendRpc: key=psum.7_0_sr_107_108|s100003->200003d|$c0$l706382369^i0 size=8388608 queue_latency_us=0 attempt=0
I0909 09:20:56.073762    2209 grpc_transport.cc:1743] [MEGASCALE_TRANSPORT_INSTR] SendRpc: key=psum.7_0_sr_127_128|s100007->200007d|$c0$l706382369^i0 size=8388608 queue_latency_us=0 attempt=0
I0909 09:20:56.116672    1936 grpc_transport.cc:1414] [MEGASCALE_TRANSPORT_INSTR] Recv: key=psum.7_0_sr_0_1|s200004->100004d|$c0$l706382369^i0 size=0 is_single_chunk=true is_aligned=true memcpy_needed=false
I0909 09:20:56.141185    1937 grpc_transport.cc:1414] [MEGASCALE_TRANSPORT_INSTR] Recv: key=psum.7_0_sr_14_15|s200001->100001d|$c0$l706382369^i0 size=0 is_single_chunk=true is_aligned=true memcpy_needed=false
I0909 09:20:56.160696    1858 grpc_transport.cc:1414] [MEGASCALE_TRANSPORT_INSTR] Recv: key=psum.7_0_sr_27_28|s200005->100005d|$c0$l706382369^i0 size=0 is_single_chunk=true is_aligned=true memcpy_needed=false
I0909 09:20:56.182914    2204 grpc_transport.cc:1414] [MEGASCALE_TRANSPORT_INSTR] Recv: key=psum.7_0_sr_48_49|s200006->100006d|$c0$l706382369^i0 size=0 is_single_chunk=true is_aligned=true memcpy_needed=false
I0909 09:20:56.195721    1945 grpc_transport.cc:1743] [MEGASCALE_TRANSPORT_INSTR] SendRpc: key=psum.7_0_1_ag_0_sr_36_37|s100004->200004d|$c0$l706382369^i0 size=8388608 queue_latency_us=0 attempt=0
I0909 09:20:56.202483    2204 grpc_transport.cc:1414] [MEGASCALE_TRANSPORT_INSTR] Recv: key=psum.7_0_sr_49_50|s200007->100007d|$c0$l706382369^i0 size=0 is_single_chunk=true is_aligned=true memcpy_needed=false
I0909 09:20:56.214064    1354 grpc_transport.cc:1743] [MEGASCALE_TRANSPORT_INSTR] SendRpc: key=psum.7_0_1_ag_0_sr_39_40|s100000->200000d|$c0$l706382369^i0 size=8388608 queue_latency_us=0 attempt=0
I0909 09:20:56.224602    2200 grpc_transport.cc:1414] [MEGASCALE_TRANSPORT_INSTR] Recv: key=psum.7_0_1_ag_0_sr_74_75|s200006->100006d|$c0$l706382369^i0 size=0 is_single_chunk=true is_aligned=true memcpy_needed=false
I0909 09:20:56.226558    1730 grpc_transport.cc:1743] [MEGASCALE_TRANSPORT_INSTR] SendRpc: key=psum.7_0_1_ag_0_sr_43_44|s100002->200002d|$c0$l706382369^i0 size=8388608 queue_latency_us=0 attempt=0
I0909 09:20:56.242267    2217 grpc_transport.cc:1743] [MEGASCALE_TRANSPORT_INSTR] SendRpc: key=psum.7_0_1_ag_0_sr_11_12|s100003->200003d|$c0$l706382369^i0 size=8388608 queue_latency_us=0 attempt=0
I0909 09:20:56.247073    1360 grpc_transport.cc:1414] [MEGASCALE_TRANSPORT_INSTR] Recv: key=psum.7_0_1_ag_0_sr_115_116|s200006->100006d|$c0$l706382369^i0 size=0 is_single_chunk=true is_aligned=true memcpy_needed=false
I0909 09:20:56.250754    1379 grpc_transport.cc:1743] [MEGASCALE_TRANSPORT_INSTR] SendRpc: key=psum.7_0_1_ag_0_sr_56_57|s100003->200003d|$c0$l706382369^i0 size=8388608 queue_latency_us=0 attempt=0
I0909 09:20:56.263916    1360 grpc_transport.cc:1414] [MEGASCALE_TRANSPORT_INSTR] Recv: key=psum.7_0_1_ag_0_sr_98_99|s200002->100002d|$c0$l706382369^i0 size=0 is_single_chunk=true is_aligned=true memcpy_needed=false
I0909 09:20:56.281145    1936 grpc_transport.cc:1414] [MEGASCALE_TRANSPORT_INSTR] Recv: key=psum.7_0_1_ag_0_sr_87_88|s200001->100001d|$c0$l706382369^i0 size=0 is_single_chunk=true is_aligned=true memcpy_needed=false
I0909 09:20:56.298745    1360 grpc_transport.cc:1414] [MEGASCALE_TRANSPORT_INSTR] Recv: key=psum.7_0_1_ag_0_sr_73_74|s200003->100003d|$c0$l706382369^i0 size=0 is_single_chunk=true is_aligned=true memcpy_needed=false
I0909 09:20:56.330402    2204 grpc_transport.cc:1743] [MEGASCALE_TRANSPORT_INSTR] SendRpc: key=psum.7_0_sr_67_68|s100002->200002d|$c0$l706382370^i0 size=8388608 queue_latency_us=0 attempt=0
I0909 09:20:56.333709    1937 grpc_transport.cc:1743] [MEGASCALE_TRANSPORT_INSTR] SendRpc: key=psum.7_0_sr_87_88|s100001->200001d|$c0$l706382370^i0 size=8388608 queue_latency_us=0 attempt=0
I0909 09:20:56.337734    1938 grpc_transport.cc:1743] [MEGASCALE_TRANSPORT_INSTR] SendRpc: key=psum.7_0_sr_92_93|s100005->200005d|$c0$l706382370^i0 size=8388608 queue_latency_us=0 attempt=0
I0909 09:20:56.342999    2218 grpc_transport.cc:1743] [MEGASCALE_TRANSPORT_INSTR] SendRpc: key=psum.7_0_sr_125_126|s100003->200003d|$c0$l706382370^i0 size=8388608 queue_latency_us=0 attempt=0
I0909 09:20:56.364726    2201 grpc_transport.cc:1743] [MEGASCALE_TRANSPORT_INSTR] SendRpc: key=psum.7_0_sr_106_107|s100007->200007d|$c0$l706382370^i0 size=8388608 queue_latency_us=0 attempt=0
I0909 09:20:56.388634    1859 grpc_transport.cc:1414] [MEGASCALE_TRANSPORT_INSTR] Recv: key=psum.7_0_sr_3_4|s200001->100001d|$c0$l706382370^i0 size=0 is_single_chunk=true is_aligned=true memcpy_needed=false
I0909 09:20:56.420078    2201 grpc_transport.cc:1414] [MEGASCALE_TRANSPORT_INSTR] Recv: key=psum.7_0_sr_29_30|s200003->100003d|$c0$l706382370^i0 size=0 is_single_chunk=true is_aligned=true memcpy_needed=false
I0909 09:20:56.440945    1938 grpc_transport.cc:1414] [MEGASCALE_TRANSPORT_INSTR] Recv: key=psum.7_0_sr_41_42|s200005->100005d|$c0$l706382370^i0 size=0 is_single_chunk=true is_aligned=true memcpy_needed=false
I0909 09:20:56.463868    1938 grpc_transport.cc:1414] [MEGASCALE_TRANSPORT_INSTR] Recv: key=psum.7_0_sr_52_53|s200001->100001d|$c0$l706382370^i0 size=0 is_single_chunk=true is_aligned=true memcpy_needed=false
I0909 09:20:56.484307    2169 grpc_transport.cc:1743] [MEGASCALE_TRANSPORT_INSTR] SendRpc: key=psum.7_0_1_ag_0_sr_23_24|s100005->200005d|$c0$l706382370^i0 size=8388608 queue_latency_us=0 attempt=0
I0909 09:20:56.487850    1714 grpc_transport.cc:1414] [MEGASCALE_TRANSPORT_INSTR] Recv: key=psum.7_0_sr_33_34|s200007->100007d|$c0$l706382370^i0 size=0 is_single_chunk=true is_aligned=true memcpy_needed=false
I0909 09:20:56.494258    1863 grpc_transport.cc:1743] [MEGASCALE_TRANSPORT_INSTR] SendRpc: key=psum.7_0_1_ag_0_sr_21_22|s100004->200004d|$c0$l706382370^i0 size=8388608 queue_latency_us=1 attempt=0
I0909 09:20:56.508015    1702 grpc_transport.cc:1414] [MEGASCALE_TRANSPORT_INSTR] Recv: key=psum.7_0_1_ag_0_sr_69_70|s200005->100005d|$c0$l706382370^i0 size=0 is_single_chunk=true is_aligned=true memcpy_needed=false
I0909 09:20:56.510182    2206 grpc_transport.cc:1743] [MEGASCALE_TRANSPORT_INSTR] SendRpc: key=psum.7_0_1_ag_0_sr_21_22|s100003->200003d|$c0$l706382370^i0 size=8388608 queue_latency_us=0 attempt=0
I0909 09:20:56.526757    2169 grpc_transport.cc:1414] [MEGASCALE_TRANSPORT_INSTR] Recv: key=psum.7_0_1_ag_0_sr_116_117|s200005->100005d|$c0$l706382370^i0 size=0 is_single_chunk=true is_aligned=true memcpy_needed=false
I0909 09:20:56.528146    1360 grpc_transport.cc:1743] [MEGASCALE_TRANSPORT_INSTR] SendRpc: key=psum.7_0_1_ag_0_sr_57_58|s100002->200002d|$c0$l706382370^i0 size=8388608 queue_latency_us=0 attempt=0
I0909 09:20:56.540401    1711 grpc_transport.cc:1743] [MEGASCALE_TRANSPORT_INSTR] SendRpc: key=psum.7_0_1_ag_0_sr_53_54|s100006->200006d|$c0$l706382370^i0 size=8388608 queue_latency_us=0 attempt=0
I0909 09:20:56.546267    1711 grpc_transport.cc:1414] [MEGASCALE_TRANSPORT_INSTR] Recv: key=psum.7_0_1_ag_0_sr_116_117|s200006->100006d|$c0$l706382370^i0 size=0 is_single_chunk=true is_aligned=true memcpy_needed=false
I0909 09:20:56.563129    2169 grpc_transport.cc:1414] [MEGASCALE_TRANSPORT_INSTR] Recv: key=psum.7_0_1_ag_0_sr_120_121|s200000->100000d|$c0$l706382370^i0 size=0 is_single_chunk=true is_aligned=true memcpy_needed=false
I0909 09:20:56.584098    2200 grpc_transport.cc:1414] [MEGASCALE_TRANSPORT_INSTR] Recv: key=psum.7_0_1_ag_0_sr_116_117|s200002->100002d|$c0$l706382370^i0 size=0 is_single_chunk=true is_aligned=true memcpy_needed=false
I0909 09:20:56.624170    1368 grpc_transport.cc:1743] [MEGASCALE_TRANSPORT_INSTR] SendRpc: key=psum.7_0_sr_68_69|s100004->200004d|$c0$l706382371^i0 size=8388608 queue_latency_us=0 attempt=0
I0909 09:20:56.626361    2209 grpc_transport.cc:1743] [MEGASCALE_TRANSPORT_INSTR] SendRpc: key=psum.7_0_sr_107_108|s100003->200003d|$c0$l706382371^i0 size=8388608 queue_latency_us=0 attempt=0
I0909 09:20:56.629096    1699 grpc_transport.cc:1743] [MEGASCALE_TRANSPORT_INSTR] SendRpc: key=psum.7_0_sr_108_109|s100004->200004d|$c0$l706382371^i0 size=8388608 queue_latency_us=0 attempt=0
I0909 09:20:56.632003    2200 grpc_transport.cc:1743] [MEGASCALE_TRANSPORT_INSTR] SendRpc: key=psum.7_0_sr_116_117|s100007->200007d|$c0$l706382371^i0 size=8388608 queue_latency_us=0 attempt=0
I0909 09:20:56.635683    1936 grpc_transport.cc:1743] [MEGASCALE_TRANSPORT_INSTR] SendRpc: key=psum.7_0_sr_98_99|s100005->200005d|$c0$l706382371^i0 size=8388608 queue_latency_us=0 attempt=0
I0909 09:20:56.665542     803 grpc_transport.cc:1414] [MEGASCALE_TRANSPORT_INSTR] Recv: key=psum.7_0_sr_9_10|s200007->100007d|$c0$l706382371^i0 size=0 is_single_chunk=true is_aligned=true memcpy_needed=false
I0909 09:20:56.707039    1938 grpc_transport.cc:1414] [MEGASCALE_TRANSPORT_INSTR] Recv: key=psum.7_0_sr_13_14|s200005->100005d|$c0$l706382371^i0 size=0 is_single_chunk=true is_aligned=true memcpy_needed=false
I0909 09:20:56.729941    2202 grpc_transport.cc:1414] [MEGASCALE_TRANSPORT_INSTR] Recv: key=psum.7_0_sr_34_35|s200007->100007d|$c0$l706382371^i0 size=0 is_single_chunk=true is_aligned=true memcpy_needed=false
I0909 09:20:56.749356    1352 grpc_transport.cc:1414] [MEGASCALE_TRANSPORT_INSTR] Recv: key=psum.7_0_sr_52_53|s200000->100000d|$c0$l706382371^i0 size=0 is_single_chunk=true is_aligned=true memcpy_needed=false
I0909 09:20:56.767108     786 grpc_transport.cc:1743] [MEGASCALE_TRANSPORT_INSTR] SendRpc: key=psum.7_0_1_ag_0_sr_52_53|s100001->200001d|$c0$l706382371^i0 size=8388608 queue_latency_us=0 attempt=0
I0909 09:20:56.769414     803 grpc_transport.cc:1414] [MEGASCALE_TRANSPORT_INSTR] Recv: key=psum.7_0_sr_63_64|s200006->100006d|$c0$l706382371^i0 size=0 is_single_chunk=true is_aligned=true memcpy_needed=false
I0909 09:20:56.783131    1372 grpc_transport.cc:1743] [MEGASCALE_TRANSPORT_INSTR] SendRpc: key=psum.7_0_1_ag_0_sr_24_25|s100000->200000d|$c0$l706382371^i0 size=8388608 queue_latency_us=2 attempt=0
I0909 09:20:56.792721    2206 grpc_transport.cc:1743] [MEGASCALE_TRANSPORT_INSTR] SendRpc: key=psum.7_0_1_ag_0_sr_57_58|s100007->200007d|$c0$l706382371^i0 size=8388608 queue_latency_us=1 attempt=0
I0909 09:20:56.793649    1937 grpc_transport.cc:1414] [MEGASCALE_TRANSPORT_INSTR] Recv: key=psum.7_0_1_ag_0_sr_92_93|s200004->100004d|$c0$l706382371^i0 size=0 is_single_chunk=true is_aligned=true memcpy_needed=false
I0909 09:20:56.804897    1378 grpc_transport.cc:1743] [MEGASCALE_TRANSPORT_INSTR] SendRpc: key=psum.7_0_1_ag_0_sr_31_32|s100004->200004d|$c0$l706382371^i0 size=8388608 queue_latency_us=0 attempt=0
I0909 09:20:56.812096    1730 grpc_transport.cc:1414] [MEGASCALE_TRANSPORT_INSTR] Recv: key=psum.7_0_1_ag_0_sr_96_97|s200003->100003d|$c0$l706382371^i0 size=0 is_single_chunk=true is_aligned=true memcpy_needed=false
I0909 09:20:56.826828    1705 grpc_transport.cc:1743] [MEGASCALE_TRANSPORT_INSTR] SendRpc: key=psum.7_0_1_ag_0_sr_7_8|s100003->200003d|$c0$l706382371^i0 size=8388608 queue_latency_us=0 attempt=0
I0909 09:20:56.830990    1937 grpc_transport.cc:1414] [MEGASCALE_TRANSPORT_INSTR] Recv: key=psum.7_0_1_ag_0_sr_74_75|s200005->100005d|$c0$l706382371^i0 size=0 is_single_chunk=true is_aligned=true memcpy_needed=false
I0909 09:20:56.847416    1699 grpc_transport.cc:1414] [MEGASCALE_TRANSPORT_INSTR] Recv: key=psum.7_0_1_ag_0_sr_74_75|s200001->100001d|$c0$l706382371^i0 size=0 is_single_chunk=true is_aligned=true memcpy_needed=false
I0909 09:20:56.865742    1861 grpc_transport.cc:1414] [MEGASCALE_TRANSPORT_INSTR] Recv: key=psum.7_0_1_ag_0_sr_121_122|s200005->100005d|$c0$l706382371^i0 size=0 is_single_chunk=true is_aligned=true memcpy_needed=false
I0909 09:20:56.890608    2202 grpc_transport.cc:1414] [MEGASCALE_TRANSPORT_INSTR] Recv: key=psum.7_0_1_ag_0_sr_126_127|s200007->100007d|$c0$l706382371^i0 size=0 is_single_chunk=true is_aligned=true memcpy_needed=false
I0909 09:20:56.902436    1953 grpc_transport.cc:1743] [MEGASCALE_TRANSPORT_INSTR] SendRpc: key=psum.7_0_sr_71_72|s100005->200005d|$c0$l706382372^i0 size=8388608 queue_latency_us=0 attempt=0
I0909 09:20:56.906202    1730 grpc_transport.cc:1743] [MEGASCALE_TRANSPORT_INSTR] SendRpc: key=psum.7_0_sr_101_102|s100007->200007d|$c0$l706382372^i0 size=8388608 queue_latency_us=0 attempt=0
I0909 09:20:56.910556    1942 grpc_transport.cc:1743] [MEGASCALE_TRANSPORT_INSTR] SendRpc: key=psum.7_0_sr_87_88|s100000->200000d|$c0$l706382372^i0 size=8388608 queue_latency_us=0 attempt=0
I0909 09:20:56.914263    1395 grpc_transport.cc:1743] [MEGASCALE_TRANSPORT_INSTR] SendRpc: key=psum.7_0_sr_102_103|s100003->200003d|$c0$l706382372^i0 size=8388608 queue_latency_us=0 attempt=0
I0909 09:20:56.918977    2215 grpc_transport.cc:1743] [MEGASCALE_TRANSPORT_INSTR] SendRpc: key=psum.7_0_sr_118_119|s100003->200003d|$c0$l706382372^i0 size=8388608 queue_latency_us=0 attempt=0
I0909 09:20:56.962342     786 grpc_transport.cc:1414] [MEGASCALE_TRANSPORT_INSTR] Recv: key=psum.7_0_sr_23_24|s200000->100000d|$c0$l706382372^i0 size=0 is_single_chunk=true is_aligned=true memcpy_needed=false
I0909 09:20:56.985745     787 grpc_transport.cc:1414] [MEGASCALE_TRANSPORT_INSTR] Recv: key=psum.7_0_sr_41_42|s200000->100000d|$c0$l706382372^i0 size=0 is_single_chunk=true is_aligned=true memcpy_needed=false
I0909 09:20:57.006235    2200 grpc_transport.cc:1414] [MEGASCALE_TRANSPORT_INSTR] Recv: key=psum.7_0_sr_54_55|s200006->100006d|$c0$l706382372^i0 size=0 is_single_chunk=true is_aligned=true memcpy_needed=false
I0909 09:20:57.024679    1699 grpc_transport.cc:1414] [MEGASCALE_TRANSPORT_INSTR] Recv: key=psum.7_0_sr_62_63|s200005->100005d|$c0$l706382372^i0 size=0 is_single_chunk=true is_aligned=true memcpy_needed=false
I0909 09:20:57.029530    2200 grpc_transport.cc:1743] [MEGASCALE_TRANSPORT_INSTR] SendRpc: key=psum.7_0_1_ag_0_sr_29_30|s100006->200006d|$c0$l706382372^i0 size=8388608 queue_latency_us=0 attempt=0
I0909 09:20:57.038618    1945 grpc_transport.cc:1743] [MEGASCALE_TRANSPORT_INSTR] SendRpc: key=psum.7_0_1_ag_0_sr_22_23|s100000->200000d|$c0$l706382372^i0 size=8388608 queue_latency_us=1 attempt=0
I0909 09:20:57.050334    1858 grpc_transport.cc:1743] [MEGASCALE_TRANSPORT_INSTR] SendRpc: key=psum.7_0_1_ag_0_sr_37_38|s100001->200001d|$c0$l706382372^i0 size=8388608 queue_latency_us=0 attempt=0
I0909 09:20:57.051341    2170 grpc_transport.cc:1414] [MEGASCALE_TRANSPORT_INSTR] Recv: key=psum.7_0_1_ag_0_sr_66_67|s200001->100001d|$c0$l706382372^i0 size=0 is_single_chunk=true is_aligned=true memcpy_needed=false
I0909 09:20:57.062845    1719 grpc_transport.cc:1743] [MEGASCALE_TRANSPORT_INSTR] SendRpc: key=psum.7_0_1_ag_0_sr_8_9|s100003->200003d|$c0$l706382372^i0 size=8388608 queue_latency_us=0 attempt=0
I0909 09:20:57.074593    1938 grpc_transport.cc:1414] [MEGASCALE_TRANSPORT_INSTR] Recv: key=psum.7_0_1_ag_0_sr_105_106|s200004->100004d|$c0$l706382372^i0 size=0 is_single_chunk=true is_aligned=true memcpy_needed=false
I0909 09:20:57.081836    2199 grpc_transport.cc:1743] [MEGASCALE_TRANSPORT_INSTR] SendRpc: key=psum.7_0_1_ag_0_sr_45_46|s100002->200002d|$c0$l706382372^i0 size=8388608 queue_latency_us=0 attempt=0
I0909 09:20:57.094602     804 grpc_transport.cc:1414] [MEGASCALE_TRANSPORT_INSTR] Recv: key=psum.7_0_1_ag_0_sr_96_97|s200007->100007d|$c0$l706382372^i0 size=0 is_single_chunk=true is_aligned=true memcpy_needed=false
I0909 09:20:57.112649    2202 grpc_transport.cc:1414] [MEGASCALE_TRANSPORT_INSTR] Recv: key=psum.7_0_1_ag_0_sr_86_87|s200003->100003d|$c0$l706382372^i0 size=0 is_single_chunk=true is_aligned=true memcpy_needed=false
I0909 09:20:57.129544     804 grpc_transport.cc:1414] [MEGASCALE_TRANSPORT_INSTR] Recv: key=psum.7_0_1_ag_0_sr_75_76|s200006->100006d|$c0$l706382372^i0 size=0 is_single_chunk=true is_aligned=true memcpy_needed=false
I0909 09:20:57.161716    2202 grpc_transport.cc:1414] [MEGASCALE_TRANSPORT_INSTR] Recv: key=psum.7_0_1_ag_0_sr_114_115|s200002->100002d|$c0$l706382372^i0 size=0 is_single_chunk=true is_aligned=true memcpy_needed=false
I0909 09:20:57.177653    2201 grpc_transport.cc:1743] [MEGASCALE_TRANSPORT_INSTR] SendRpc: key=psum.7_0_sr_66_67|s100002->200002d|$c0$l706382373^i0 size=8388608 queue_latency_us=0 attempt=0
I0909 09:20:57.183237    2208 grpc_transport.cc:1743] [MEGASCALE_TRANSPORT_INSTR] SendRpc: key=psum.7_0_sr_120_121|s100002->200002d|$c0$l706382373^i0 size=8388608 queue_latency_us=0 attempt=0
I0909 09:20:57.187355    1730 grpc_transport.cc:1743] [MEGASCALE_TRANSPORT_INSTR] SendRpc: key=psum.7_0_sr_64_65|s100003->200003d|$c0$l706382373^i0 size=8388608 queue_latency_us=0 attempt=0
I0909 09:20:57.192506    2169 grpc_transport.cc:1743] [MEGASCALE_TRANSPORT_INSTR] SendRpc: key=psum.7_0_sr_107_108|s100001->200001d|$c0$l706382373^i0 size=8388608 queue_latency_us=0 attempt=0
I0909 09:20:57.199047    2218 grpc_transport.cc:1743] [MEGASCALE_TRANSPORT_INSTR] SendRpc: key=psum.7_0_sr_79_80|s100003->200003d|$c0$l706382373^i0 size=8388608 queue_latency_us=0 attempt=0
I0909 09:20:57.215604    1706 grpc_transport.cc:1414] [MEGASCALE_TRANSPORT_INSTR] Recv: key=psum.7_0_sr_13_14|s200000->100000d|$c0$l706382373^i0 size=0 is_single_chunk=true is_aligned=true memcpy_needed=false
I0909 09:20:57.236393    2205 grpc_transport.cc:1414] [MEGASCALE_TRANSPORT_INSTR] Recv: key=psum.7_0_sr_10_11|s200006->100006d|$c0$l706382373^i0 size=0 is_single_chunk=true is_aligned=true memcpy_needed=false
I0909 09:20:57.259243    2200 grpc_transport.cc:1414] [MEGASCALE_TRANSPORT_INSTR] Recv: key=psum.7_0_sr_37_38|s200006->100006d|$c0$l706382373^i0 size=0 is_single_chunk=true is_aligned=true memcpy_needed=false
I0909 09:20:57.277713    1352 grpc_transport.cc:1414] [MEGASCALE_TRANSPORT_INSTR] Recv: key=psum.7_0_sr_37_38|s200004->100004d|$c0$l706382373^i0 size=0 is_single_chunk=true is_aligned=true memcpy_needed=false
I0909 09:20:57.285299    1942 grpc_transport.cc:1743] [MEGASCALE_TRANSPORT_INSTR] SendRpc: key=psum.7_0_1_ag_0_sr_8_9|s100005->200005d|$c0$l706382373^i0 size=8388608 queue_latency_us=0 attempt=0
I0909 09:20:57.299616    1937 grpc_transport.cc:1743] [MEGASCALE_TRANSPORT_INSTR] SendRpc: key=psum.7_0_1_ag_0_sr_42_43|s100000->200000d|$c0$l706382373^i0 size=8388608 queue_latency_us=0 attempt=0
I0909 09:20:57.303655    1943 grpc_transport.cc:1414] [MEGASCALE_TRANSPORT_INSTR] Recv: key=psum.7_0_1_ag_0_sr_74_75|s200004->100004d|$c0$l706382373^i0 size=0 is_single_chunk=true is_aligned=true memcpy_needed=false
I0909 09:20:57.306904    2225 grpc_transport.cc:1743] [MEGASCALE_TRANSPORT_INSTR] SendRpc: key=psum.7_0_1_ag_0_sr_20_21|s100002->200002d|$c0$l706382373^i0 size=8388608 queue_latency_us=2 attempt=0
I0909 09:20:57.320951    1710 grpc_transport.cc:1743] [MEGASCALE_TRANSPORT_INSTR] SendRpc: key=psum.7_0_1_ag_0_sr_50_51|s100004->200004d|$c0$l706382373^i0 size=8388608 queue_latency_us=0 attempt=0
I0909 09:20:57.327229    2200 grpc_transport.cc:1414] [MEGASCALE_TRANSPORT_INSTR] Recv: key=psum.7_0_1_ag_0_sr_73_74|s200002->100002d|$c0$l706382373^i0 size=0 is_single_chunk=true is_aligned=true memcpy_needed=false
I0909 09:20:57.335947    2209 grpc_transport.cc:1743] [MEGASCALE_TRANSPORT_INSTR] SendRpc: key=psum.7_0_1_ag_0_sr_23_24|s100007->200007d|$c0$l706382373^i0 size=8388608 queue_latency_us=0 attempt=0
I0909 09:20:57.348029    1859 grpc_transport.cc:1414] [MEGASCALE_TRANSPORT_INSTR] Recv: key=psum.7_0_1_ag_0_sr_125_126|s200000->100000d|$c0$l706382373^i0 size=0 is_single_chunk=true is_aligned=true memcpy_needed=false
I0909 09:20:57.349020    2206 grpc_transport.cc:1743] [MEGASCALE_TRANSPORT_INSTR] SendRpc: key=psum.7_0_1_ag_0_sr_59_60|s100003->200003d|$c0$l706382373^i0 size=8388608 queue_latency_us=0 attempt=0
I0909 09:20:57.365801    1939 grpc_transport.cc:1414] [MEGASCALE_TRANSPORT_INSTR] Recv: key=psum.7_0_1_ag_0_sr_108_109|s200001->100001d|$c0$l706382373^i0 size=0 is_single_chunk=true is_aligned=true memcpy_needed=false
I0909 09:20:57.385558    1360 grpc_transport.cc:1414] [MEGASCALE_TRANSPORT_INSTR] Recv: key=psum.7_0_1_ag_0_sr_121_122|s200006->100006d|$c0$l706382373^i0 size=0 is_single_chunk=true is_aligned=true memcpy_needed=false
I0909 09:20:57.410541    2201 grpc_transport.cc:1414] [MEGASCALE_TRANSPORT_INSTR] Recv: key=psum.7_0_1_ag_0_sr_80_81|s200007->100007d|$c0$l706382373^i0 size=0 is_single_chunk=true is_aligned=true memcpy_needed=false
I0909 09:20:57.436703    2215 grpc_transport.cc:1743] [MEGASCALE_TRANSPORT_INSTR] SendRpc: key=psum.7_0_sr_87_88|s100006->200006d|$c0$l706382374^i0 size=8388608 queue_latency_us=0 attempt=0
I0909 09:20:57.439857    1936 grpc_transport.cc:1743] [MEGASCALE_TRANSPORT_INSTR] SendRpc: key=psum.7_0_sr_66_67|s100000->200000d|$c0$l706382374^i0 size=8388608 queue_latency_us=0 attempt=0
I0909 09:20:57.442648    1860 grpc_transport.cc:1743] [MEGASCALE_TRANSPORT_INSTR] SendRpc: key=psum.7_0_sr_107_108|s100001->200001d|$c0$l706382374^i0 size=8388608 queue_latency_us=0 attempt=0
I0909 09:20:57.446595    2171 grpc_transport.cc:1743] [MEGASCALE_TRANSPORT_INSTR] SendRpc: key=psum.7_0_sr_103_104|s100000->200000d|$c0$l706382374^i0 size=8388608 queue_latency_us=0 attempt=0
I0909 09:20:57.451523    1874 grpc_transport.cc:1743] [MEGASCALE_TRANSPORT_INSTR] SendRpc: key=psum.7_0_sr_125_126|s100005->200005d|$c0$l706382374^i0 size=8388608 queue_latency_us=0 attempt=0
I0909 09:20:57.463616    1702 grpc_transport.cc:1414] [MEGASCALE_TRANSPORT_INSTR] Recv: key=psum.7_0_sr_14_15|s200005->100005d|$c0$l706382374^i0 size=0 is_single_chunk=true is_aligned=true memcpy_needed=false
I0909 09:20:57.486088    1937 grpc_transport.cc:1414] [MEGASCALE_TRANSPORT_INSTR] Recv: key=psum.7_0_sr_8_9|s200000->100000d|$c0$l706382374^i0 size=0 is_single_chunk=true is_aligned=true memcpy_needed=false
I0909 09:20:57.503983    1711 grpc_transport.cc:1414] [MEGASCALE_TRANSPORT_INSTR] Recv: key=psum.7_0_sr_25_26|s200002->100002d|$c0$l706382374^i0 size=0 is_single_chunk=true is_aligned=true memcpy_needed=false
I0909 09:20:57.522348    1705 grpc_transport.cc:1414] [MEGASCALE_TRANSPORT_INSTR] Recv: key=psum.7_0_sr_43_44|s200002->100002d|$c0$l706382374^i0 size=0 is_single_chunk=true is_aligned=true memcpy_needed=false
I0909 09:20:57.540006    2206 grpc_transport.cc:1414] [MEGASCALE_TRANSPORT_INSTR] Recv: key=psum.7_0_sr_49_50|s200006->100006d|$c0$l706382374^i0 size=0 is_single_chunk=true is_aligned=true memcpy_needed=false
I0909 09:20:57.557128    1943 grpc_transport.cc:1743] [MEGASCALE_TRANSPORT_INSTR] SendRpc: key=psum.7_0_1_ag_0_sr_36_37|s100005->200005d|$c0$l706382374^i0 size=8388608 queue_latency_us=0 attempt=0
I0909 09:20:57.564214    1712 grpc_transport.cc:1743] [MEGASCALE_TRANSPORT_INSTR] SendRpc: key=psum.7_0_1_ag_0_sr_35_36|s100000->200000d|$c0$l706382374^i0 size=8388608 queue_latency_us=0 attempt=0
I0909 09:20:57.570913    1715 grpc_transport.cc:1414] [MEGASCALE_TRANSPORT_INSTR] Recv: key=psum.7_0_1_ag_0_sr_100_101|s200001->100001d|$c0$l706382374^i0 size=0 is_single_chunk=true is_aligned=true memcpy_needed=false
I0909 09:20:57.577624    2202 grpc_transport.cc:1743] [MEGASCALE_TRANSPORT_INSTR] SendRpc: key=psum.7_0_1_ag_0_sr_11_12|s100007->200007d|$c0$l706382374^i0 size=8388608 queue_latency_us=0 attempt=0
I0909 09:20:57.582353    2236 grpc_transport.cc:1743] [MEGASCALE_TRANSPORT_INSTR] SendRpc: key=psum.7_0_1_ag_0_sr_36_37|s100007->200007d|$c0$l706382374^i0 size=8388608 queue_latency_us=0 attempt=0
I0909 09:20:57.589380    2234 grpc_transport.cc:1743] [MEGASCALE_TRANSPORT_INSTR] SendRpc: key=psum.7_0_1_ag_0_sr_43_44|s100006->200006d|$c0$l706382374^i0 size=8388608 queue_latency_us=3 attempt=0
I0909 09:20:57.593534    1710 grpc_transport.cc:1414] [MEGASCALE_TRANSPORT_INSTR] Recv: key=psum.7_0_1_ag_0_sr_69_70|s200004->100004d|$c0$l706382374^i0 size=0 is_single_chunk=true is_aligned=true memcpy_needed=false
I0909 09:20:57.612244    2201 grpc_transport.cc:1414] [MEGASCALE_TRANSPORT_INSTR] Recv: key=psum.7_0_1_ag_0_sr_106_107|s200007->100007d|$c0$l706382374^i0 size=0 is_single_chunk=true is_aligned=true memcpy_needed=false
I0909 09:20:57.630525    2206 grpc_transport.cc:1414] [MEGASCALE_TRANSPORT_INSTR] Recv: key=psum.7_0_1_ag_0_sr_77_78|s200006->100006d|$c0$l706382374^i0 size=0 is_single_chunk=true is_aligned=true memcpy_needed=false
I0909 09:20:57.649303    2207 grpc_transport.cc:1414] [MEGASCALE_TRANSPORT_INSTR] Recv: key=psum.7_0_1_ag_0_sr_64_65|s200002->100002d|$c0$l706382374^i0 size=0 is_single_chunk=true is_aligned=true memcpy_needed=false
I0909 09:20:57.688201    1860 grpc_transport.cc:1743] [MEGASCALE_TRANSPORT_INSTR] SendRpc: key=psum.7_0_sr_76_77|s100004->200004d|$c0$l706382375^i0 size=8388608 queue_latency_us=0 attempt=0
I0909 09:20:57.692924    2214 grpc_transport.cc:1743] [MEGASCALE_TRANSPORT_INSTR] SendRpc: key=psum.7_0_sr_102_103|s100006->200006d|$c0$l706382375^i0 size=8388608 queue_latency_us=0 attempt=0
I0909 09:20:57.697637    1949 grpc_transport.cc:1743] [MEGASCALE_TRANSPORT_INSTR] SendRpc: key=psum.7_0_sr_94_95|s100000->200000d|$c0$l706382375^i0 size=8388608 queue_latency_us=0 attempt=0
I0909 09:20:57.701779    1358 grpc_transport.cc:1743] [MEGASCALE_TRANSPORT_INSTR] SendRpc: key=psum.7_0_sr_82_83|s100001->200001d|$c0$l706382375^i0 size=8388608 queue_latency_us=0 attempt=0
I0909 09:20:57.708572    2215 grpc_transport.cc:1743] [MEGASCALE_TRANSPORT_INSTR] SendRpc: key=psum.7_0_sr_102_103|s100003->200003d|$c0$l706382375^i0 size=8388608 queue_latency_us=0 attempt=0
I0909 09:20:57.724664    2169 grpc_transport.cc:1414] [MEGASCALE_TRANSPORT_INSTR] Recv: key=psum.7_0_sr_6_7|s200001->100001d|$c0$l706382375^i0 size=0 is_single_chunk=true is_aligned=true memcpy_needed=false
I0909 09:20:57.747223    2200 grpc_transport.cc:1414] [MEGASCALE_TRANSPORT_INSTR] Recv: key=psum.7_0_sr_17_18|s200006->100006d|$c0$l706382375^i0 size=0 is_single_chunk=true is_aligned=true memcpy_needed=false
I0909 09:20:57.769354    1354 grpc_transport.cc:1414] [MEGASCALE_TRANSPORT_INSTR] Recv: key=psum.7_0_sr_32_33|s200004->100004d|$c0$l706382375^i0 size=0 is_single_chunk=true is_aligned=true memcpy_needed=false
I0909 09:20:57.789833    1859 grpc_transport.cc:1414] [MEGASCALE_TRANSPORT_INSTR] Recv: key=psum.7_0_sr_46_47|s200005->100005d|$c0$l706382375^i0 size=0 is_single_chunk=true is_aligned=true memcpy_needed=false
I0909 09:20:57.814148    2169 grpc_transport.cc:1414] [MEGASCALE_TRANSPORT_INSTR] Recv: key=psum.7_0_sr_62_63|s200001->100001d|$c0$l706382375^i0 size=0 is_single_chunk=true is_aligned=true memcpy_needed=false
I0909 09:20:57.820309     786 grpc_transport.cc:1743] [MEGASCALE_TRANSPORT_INSTR] SendRpc: key=psum.7_0_1_ag_0_sr_60_61|s100000->200000d|$c0$l706382375^i0 size=8388608 queue_latency_us=0 attempt=0
I0909 09:20:57.832857    2169 grpc_transport.cc:1743] [MEGASCALE_TRANSPORT_INSTR] SendRpc: key=psum.7_0_1_ag_0_sr_52_53|s100001->200001d|$c0$l706382375^i0 size=8388608 queue_latency_us=0 attempt=0
I0909 09:20:57.838773    1705 grpc_transport.cc:1414] [MEGASCALE_TRANSPORT_INSTR] Recv: key=psum.7_0_sr_56_57|s200006->100006d|$c0$l706382375^i0 size=0 is_single_chunk=true is_aligned=true memcpy_needed=false
I0909 09:20:57.845565    1942 grpc_transport.cc:1743] [MEGASCALE_TRANSPORT_INSTR] SendRpc: key=psum.7_0_1_ag_0_sr_51_52|s100004->200004d|$c0$l706382375^i0 size=8388608 queue_latency_us=0 attempt=0
I0909 09:20:57.858642    1354 grpc_transport.cc:1414] [MEGASCALE_TRANSPORT_INSTR] Recv: key=psum.7_0_1_ag_0_sr_111_112|s200005->100005d|$c0$l706382375^i0 size=0 is_single_chunk=true is_aligned=true memcpy_needed=false
I0909 09:20:57.864186    2214 grpc_transport.cc:1743] [MEGASCALE_TRANSPORT_INSTR] SendRpc: key=psum.7_0_1_ag_0_sr_40_41|s100002->200002d|$c0$l706382375^i0 size=8388608 queue_latency_us=0 attempt=0
I0909 09:20:57.873516    1385 grpc_transport.cc:1743] [MEGASCALE_TRANSPORT_INSTR] SendRpc: key=psum.7_0_1_ag_0_sr_25_26|s100003->200003d|$c0$l706382375^i0 size=8388608 queue_latency_us=0 attempt=0
I0909 09:20:57.878562    1938 grpc_transport.cc:1414] [MEGASCALE_TRANSPORT_INSTR] Recv: key=psum.7_0_1_ag_0_sr_76_77|s200000->100000d|$c0$l706382375^i0 size=0 is_single_chunk=true is_aligned=true memcpy_needed=false
I0909 09:20:57.896640     803 grpc_transport.cc:1414] [MEGASCALE_TRANSPORT_INSTR] Recv: key=psum.7_0_1_ag_0_sr_66_67|s200002->100002d|$c0$l706382375^i0 size=0 is_single_chunk=true is_aligned=true memcpy_needed=false
I0909 09:20:57.913702    1371 grpc_transport.cc:1414] [MEGASCALE_TRANSPORT_INSTR] Recv: key=psum.7_0_1_ag_0_sr_115_116|s200002->100002d|$c0$l706382375^i0 size=0 is_single_chunk=true is_aligned=true memcpy_needed=false
I0909 09:20:57.952138    1702 grpc_transport.cc:1743] [MEGASCALE_TRANSPORT_INSTR] SendRpc: key=psum.7_0_sr_66_67|s100004->200004d|$c0$l706382376^i0 size=8388608 queue_latency_us=0 attempt=0
I0909 09:20:57.955040    2205 grpc_transport.cc:1743] [MEGASCALE_TRANSPORT_INSTR] SendRpc: key=psum.7_0_sr_98_99|s100002->200002d|$c0$l706382376^i0 size=8388608 queue_latency_us=0 attempt=0
I0909 09:20:57.956998    1950 grpc_transport.cc:1743] [MEGASCALE_TRANSPORT_INSTR] SendRpc: key=psum.7_0_sr_91_92|s100001->200001d|$c0$l706382376^i0 size=8388608 queue_latency_us=0 attempt=0
I0909 09:20:57.959625    1426 grpc_transport.cc:1743] [MEGASCALE_TRANSPORT_INSTR] SendRpc: key=psum.7_0_sr_98_99|s100007->200007d|$c0$l706382376^i0 size=8388608 queue_latency_us=0 attempt=0
I0909 09:20:57.972415    2206 grpc_transport.cc:1743] [MEGASCALE_TRANSPORT_INSTR] SendRpc: key=psum.7_0_sr_121_122|s100006->200006d|$c0$l706382376^i0 size=8388608 queue_latency_us=0 attempt=0
I0909 09:20:57.991956    1705 grpc_transport.cc:1414] [MEGASCALE_TRANSPORT_INSTR] Recv: key=psum.7_0_sr_2_3|s200002->100002d|$c0$l706382376^i0 size=0 is_single_chunk=true is_aligned=true memcpy_needed=false
I0909 09:20:58.038272    1360 grpc_transport.cc:1414] [MEGASCALE_TRANSPORT_INSTR] Recv: key=psum.7_0_sr_6_7|s200006->100006d|$c0$l706382376^i0 size=0 is_single_chunk=true is_aligned=true memcpy_needed=false
I0909 09:20:58.061515    1360 grpc_transport.cc:1414] [MEGASCALE_TRANSPORT_INSTR] Recv: key=psum.7_0_sr_2_3|s200003->100003d|$c0$l706382376^i0 size=0 is_single_chunk=true is_aligned=true memcpy_needed=false
I0909 09:20:58.080158     803 grpc_transport.cc:1414] [MEGASCALE_TRANSPORT_INSTR] Recv: key=psum.7_0_sr_35_36|s200003->100003d|$c0$l706382376^i0 size=0 is_single_chunk=true is_aligned=true memcpy_needed=false
I0909 09:20:58.102517     786 grpc_transport.cc:1743] [MEGASCALE_TRANSPORT_INSTR] SendRpc: key=psum.7_0_1_ag_0_sr_26_27|s100004->200004d|$c0$l706382376^i0 size=8388608 queue_latency_us=0 attempt=0
I0909 09:20:58.102614     803 grpc_transport.cc:1414] [MEGASCALE_TRANSPORT_INSTR] Recv: key=psum.7_0_sr_38_39|s200003->100003d|$c0$l706382376^i0 size=0 is_single_chunk=true is_aligned=true memcpy_needed=false
I0909 09:20:58.116214    1936 grpc_transport.cc:1743] [MEGASCALE_TRANSPORT_INSTR] SendRpc: key=psum.7_0_1_ag_0_sr_15_16|s100001->200001d|$c0$l706382376^i0 size=8388608 queue_latency_us=0 attempt=0
I0909 09:20:58.123510    1371 grpc_transport.cc:1414] [MEGASCALE_TRANSPORT_INSTR] Recv: key=psum.7_0_sr_63_64|s200007->100007d|$c0$l706382376^i0 size=0 is_single_chunk=true is_aligned=true memcpy_needed=false
I0909 09:20:58.132113    2202 grpc_transport.cc:1743] [MEGASCALE_TRANSPORT_INSTR] SendRpc: key=psum.7_0_1_ag_0_sr_43_44|s100002->200002d|$c0$l706382376^i0 size=8388608 queue_latency_us=2 attempt=0
I0909 09:20:58.144725    1942 grpc_transport.cc:1414] [MEGASCALE_TRANSPORT_INSTR] Recv: key=psum.7_0_1_ag_0_sr_66_67|s200004->100004d|$c0$l706382376^i0 size=0 is_single_chunk=true is_aligned=true memcpy_needed=false
I0909 09:20:58.155175    2207 grpc_transport.cc:1743] [MEGASCALE_TRANSPORT_INSTR] SendRpc: key=psum.7_0_1_ag_0_sr_0_1|s100006->200006d|$c0$l706382376^i0 size=8388608 queue_latency_us=0 attempt=0
I0909 09:20:58.162792    2224 grpc_transport.cc:1743] [MEGASCALE_TRANSPORT_INSTR] SendRpc: key=psum.7_0_1_ag_0_sr_20_21|s100003->200003d|$c0$l706382376^i0 size=8388608 queue_latency_us=0 attempt=0
I0909 09:20:58.165305    2202 grpc_transport.cc:1414] [MEGASCALE_TRANSPORT_INSTR] Recv: key=psum.7_0_1_ag_0_sr_65_66|s200003->100003d|$c0$l706382376^i0 size=0 is_single_chunk=true is_aligned=true memcpy_needed=false
I0909 09:20:58.181636    1708 grpc_transport.cc:1414] [MEGASCALE_TRANSPORT_INSTR] Recv: key=psum.7_0_1_ag_0_sr_91_92|s200001->100001d|$c0$l706382376^i0 size=0 is_single_chunk=true is_aligned=true memcpy_needed=false
I0909 09:20:58.199493    1936 grpc_transport.cc:1414] [MEGASCALE_TRANSPORT_INSTR] Recv: key=psum.7_0_1_ag_0_sr_99_100|s200005->100005d|$c0$l706382376^i0 size=0 is_single_chunk=true is_aligned=true memcpy_needed=false
I0909 09:20:58.218747    1371 grpc_transport.cc:1414] [MEGASCALE_TRANSPORT_INSTR] Recv: key=psum.7_0_1_ag_0_sr_107_108|s200007->100007d|$c0$l706382376^i0 size=0 is_single_chunk=true is_aligned=true memcpy_needed=false
I0909 09:20:58.238166    1354 grpc_transport.cc:1743] [MEGASCALE_TRANSPORT_INSTR] SendRpc: key=psum.7_0_sr_67_68|s100005->200005d|$c0$l706382377^i0 size=8388608 queue_latency_us=0 attempt=0
I0909 09:20:58.241787    1950 grpc_transport.cc:1743] [MEGASCALE_TRANSPORT_INSTR] SendRpc: key=psum.7_0_sr_109_110|s100004->200004d|$c0$l706382377^i0 size=8388608 queue_latency_us=0 attempt=0
I0909 09:20:58.244753    1699 grpc_transport.cc:1743] [MEGASCALE_TRANSPORT_INSTR] SendRpc: key=psum.7_0_sr_116_117|s100004->200004d|$c0$l706382377^i0 size=8388608 queue_latency_us=0 attempt=0
I0909 09:20:58.248532    1858 grpc_transport.cc:1743] [MEGASCALE_TRANSPORT_INSTR] SendRpc: key=psum.7_0_sr_109_110|s100001->200001d|$c0$l706382377^i0 size=8388608 queue_latency_us=0 attempt=0
I0909 09:20:58.253006    1942 grpc_transport.cc:1743] [MEGASCALE_TRANSPORT_INSTR] SendRpc: key=psum.7_0_sr_120_121|s100000->200000d|$c0$l706382377^i0 size=8388608 queue_latency_us=0 attempt=0
I0909 09:20:58.321641    2202 grpc_transport.cc:1414] [MEGASCALE_TRANSPORT_INSTR] Recv: key=psum.7_0_sr_6_7|s200003->100003d|$c0$l706382377^i0 size=0 is_single_chunk=true is_aligned=true memcpy_needed=false
I0909 09:20:58.347245    1355 grpc_transport.cc:1414] [MEGASCALE_TRANSPORT_INSTR] Recv: key=psum.7_0_sr_18_19|s200000->100000d|$c0$l706382377^i0 size=0 is_single_chunk=true is_aligned=true memcpy_needed=false
I0909 09:20:58.365848    2200 grpc_transport.cc:1414] [MEGASCALE_TRANSPORT_INSTR] Recv: key=psum.7_0_sr_19_20|s200007->100007d|$c0$l706382377^i0 size=0 is_single_chunk=true is_aligned=true memcpy_needed=false
I0909 09:20:58.384743     803 grpc_transport.cc:1414] [MEGASCALE_TRANSPORT_INSTR] Recv: key=psum.7_0_sr_28_29|s200002->100002d|$c0$l706382377^i0 size=0 is_single_chunk=true is_aligned=true memcpy_needed=false
I0909 09:20:58.397084    1699 grpc_transport.cc:1743] [MEGASCALE_TRANSPORT_INSTR] SendRpc: key=psum.7_0_1_ag_0_sr_16_17|s100004->200004d|$c0$l706382377^i0 size=8388608 queue_latency_us=0 attempt=0
I0909 09:20:58.405434    2202 grpc_transport.cc:1414] [MEGASCALE_TRANSPORT_INSTR] Recv: key=psum.7_0_sr_63_64|s200006->100006d|$c0$l706382377^i0 size=0 is_single_chunk=true is_aligned=true memcpy_needed=false
I0909 09:20:58.405985    1701 grpc_transport.cc:1743] [MEGASCALE_TRANSPORT_INSTR] SendRpc: key=psum.7_0_1_ag_0_sr_52_53|s100001->200001d|$c0$l706382377^i0 size=8388608 queue_latency_us=0 attempt=0
I0909 09:20:58.423786    1391 grpc_transport.cc:1743] [MEGASCALE_TRANSPORT_INSTR] SendRpc: key=psum.7_0_1_ag_0_sr_25_26|s100006->200006d|$c0$l706382377^i0 size=8388608 queue_latency_us=0 attempt=0
I0909 09:20:58.429639    1710 grpc_transport.cc:1414] [MEGASCALE_TRANSPORT_INSTR] Recv: key=psum.7_0_1_ag_0_sr_123_124|s200004->100004d|$c0$l706382377^i0 size=0 is_single_chunk=true is_aligned=true memcpy_needed=false
I0909 09:20:58.433155    1361 grpc_transport.cc:1743] [MEGASCALE_TRANSPORT_INSTR] SendRpc: key=psum.7_0_1_ag_0_sr_24_25|s100000->200000d|$c0$l706382377^i0 size=8388608 queue_latency_us=0 attempt=0
I0909 09:20:58.447942     803 grpc_transport.cc:1743] [MEGASCALE_TRANSPORT_INSTR] SendRpc: key=psum.7_0_1_ag_0_sr_34_35|s100002->200002d|$c0$l706382377^i0 size=8388608 queue_latency_us=0 attempt=0
I0909 09:20:58.448227     807 grpc_transport.cc:1414] [MEGASCALE_TRANSPORT_INSTR] Recv: key=psum.7_0_1_ag_0_sr_114_115|s200002->100002d|$c0$l706382377^i0 size=0 is_single_chunk=true is_aligned=true memcpy_needed=false
I0909 09:20:58.467127    2204 grpc_transport.cc:1414] [MEGASCALE_TRANSPORT_INSTR] Recv: key=psum.7_0_1_ag_0_sr_85_86|s200007->100007d|$c0$l706382377^i0 size=0 is_single_chunk=true is_aligned=true memcpy_needed=false
I0909 09:20:58.483973    1943 grpc_transport.cc:1414] [MEGASCALE_TRANSPORT_INSTR] Recv: key=psum.7_0_1_ag_0_sr_110_111|s200005->100005d|$c0$l706382377^i0 size=0 is_single_chunk=true is_aligned=true memcpy_needed=false
I0909 09:20:58.503706     803 grpc_transport.cc:1414] [MEGASCALE_TRANSPORT_INSTR] Recv: key=psum.7_0_1_ag_0_sr_83_84|s200006->100006d|$c0$l706382377^i0 size=0 is_single_chunk=true is_aligned=true memcpy_needed=false
I0909 09:20:58.529610    1711 grpc_transport.cc:1743] [MEGASCALE_TRANSPORT_INSTR] SendRpc: key=psum.7_0_sr_71_72|s100003->200003d|$c0$l706382378^i0 size=8388608 queue_latency_us=0 attempt=0
I0909 09:20:58.533709     805 grpc_transport.cc:1743] [MEGASCALE_TRANSPORT_INSTR] SendRpc: key=psum.7_0_sr_102_103|s100003->200003d|$c0$l706382378^i0 size=8388608 queue_latency_us=0 attempt=0
I0909 09:20:58.537121    1940 grpc_transport.cc:1743] [MEGASCALE_TRANSPORT_INSTR] SendRpc: key=psum.7_0_sr_85_86|s100000->200000d|$c0$l706382378^i0 size=8388608 queue_latency_us=0 attempt=0
I0909 09:20:58.540012    1860 grpc_transport.cc:1743] [MEGASCALE_TRANSPORT_INSTR] SendRpc: key=psum.7_0_sr_108_109|s100000->200000d|$c0$l706382378^i0 size=8388608 queue_latency_us=0 attempt=0
I0909 09:20:58.544223    1706 grpc_transport.cc:1743] [MEGASCALE_TRANSPORT_INSTR] SendRpc: key=psum.7_0_sr_124_125|s100001->200001d|$c0$l706382378^i0 size=8388608 queue_latency_us=0 attempt=0
I0909 09:20:58.550153    1949 grpc_transport.cc:1743] [MEGASCALE_TRANSPORT_INSTR] SendRpc: key=psum.7_0_sr_124_125|s100005->200005d|$c0$l706382378^i0 size=8388608 queue_latency_us=0 attempt=0
I0909 09:20:58.590994    1860 grpc_transport.cc:1414] [MEGASCALE_TRANSPORT_INSTR] Recv: key=psum.7_0_sr_14_15|s200004->100004d|$c0$l706382378^i0 size=0 is_single_chunk=true is_aligned=true memcpy_needed=false
I0909 09:20:58.618152    1360 grpc_transport.cc:1414] [MEGASCALE_TRANSPORT_INSTR] Recv: key=psum.7_0_sr_24_25|s200003->100003d|$c0$l706382378^i0 size=0 is_single_chunk=true is_aligned=true memcpy_needed=false
I0909 09:20:58.636419     787 grpc_transport.cc:1414] [MEGASCALE_TRANSPORT_INSTR] Recv: key=psum.7_0_sr_21_22|s200000->100000d|$c0$l706382378^i0 size=0 is_single_chunk=true is_aligned=true memcpy_needed=false
I0909 09:20:58.655786    2200 grpc_transport.cc:1414] [MEGASCALE_TRANSPORT_INSTR] Recv: key=psum.7_0_sr_43_44|s200003->100003d|$c0$l706382378^i0 size=0 is_single_chunk=true is_aligned=true memcpy_needed=false
I0909 09:20:58.678545    1939 grpc_transport.cc:1414] [MEGASCALE_TRANSPORT_INSTR] Recv: key=psum.7_0_1_ag_0_sr_75_76|s200001->100001d|$c0$l706382378^i0 size=0 is_single_chunk=true is_aligned=true memcpy_needed=false
I0909 09:20:58.679739    1860 grpc_transport.cc:1743] [MEGASCALE_TRANSPORT_INSTR] SendRpc: key=psum.7_0_1_ag_0_sr_30_31|s100001->200001d|$c0$l706382378^i0 size=8388608 queue_latency_us=0 attempt=0
I0909 09:20:58.695750    1936 grpc_transport.cc:1743] [MEGASCALE_TRANSPORT_INSTR] SendRpc: key=psum.7_0_1_ag_0_sr_0_1|s100000->200000d|$c0$l706382378^i0 size=8388608 queue_latency_us=0 attempt=0
I0909 09:20:58.704400    2200 grpc_transport.cc:1743] [MEGASCALE_TRANSPORT_INSTR] SendRpc: key=psum.7_0_1_ag_0_sr_4_5|s100003->200003d|$c0$l706382378^i0 size=8388608 queue_latency_us=0 attempt=0
I0909 09:20:58.705555    1706 grpc_transport.cc:1414] [MEGASCALE_TRANSPORT_INSTR] Recv: key=psum.7_0_1_ag_0_sr_115_116|s200001->100001d|$c0$l706382378^i0 size=0 is_single_chunk=true is_aligned=true memcpy_needed=false
I0909 09:20:58.723520    1942 grpc_transport.cc:1414] [MEGASCALE_TRANSPORT_INSTR] Recv: key=psum.7_0_1_ag_0_sr_68_69|s200005->100005d|$c0$l706382378^i0 size=0 is_single_chunk=true is_aligned=true memcpy_needed=false
I0909 09:20:58.724558    1737 grpc_transport.cc:1743] [MEGASCALE_TRANSPORT_INSTR] SendRpc: key=psum.7_0_1_ag_0_sr_14_15|s100002->200002d|$c0$l706382378^i0 size=8388608 queue_latency_us=0 attempt=0
I0909 09:20:58.731413    1737 grpc_transport.cc:1743] [MEGASCALE_TRANSPORT_INSTR] SendRpc: key=psum.7_0_1_ag_0_sr_63_64|s100002->200002d|$c0$l706382378^i0 size=8388608 queue_latency_us=0 attempt=0
I0909 09:20:58.740934    2202 grpc_transport.cc:1414] [MEGASCALE_TRANSPORT_INSTR] Recv: key=psum.7_0_1_ag_0_sr_93_94|s200006->100006d|$c0$l706382378^i0 size=0 is_single_chunk=true is_aligned=true memcpy_needed=false
I0909 09:20:58.759158    1705 grpc_transport.cc:1414] [MEGASCALE_TRANSPORT_INSTR] Recv: key=psum.7_0_1_ag_0_sr_78_79|s200002->100002d|$c0$l706382378^i0 size=0 is_single_chunk=true is_aligned=true memcpy_needed=false
I0909 09:20:58.776892    2200 grpc_transport.cc:1414] [MEGASCALE_TRANSPORT_INSTR] Recv: key=psum.7_0_1_ag_0_sr_123_124|s200002->100002d|$c0$l706382378^i0 size=0 is_single_chunk=true is_aligned=true memcpy_needed=false
I0909 09:20:58.814379    1764 grpc_transport.cc:1743] [MEGASCALE_TRANSPORT_INSTR] SendRpc: key=psum.7_0_sr_83_84|s100007->200007d|$c0$l706382379^i0 size=8388608 queue_latency_us=0 attempt=0
I0909 09:20:58.817547    2170 grpc_transport.cc:1743] [MEGASCALE_TRANSPORT_INSTR] SendRpc: key=psum.7_0_sr_108_109|s100004->200004d|$c0$l706382379^i0 size=8388608 queue_latency_us=0 attempt=0
I0909 09:20:58.821553    1727 grpc_transport.cc:1743] [MEGASCALE_TRANSPORT_INSTR] SendRpc: key=psum.7_0_sr_96_97|s100000->200000d|$c0$l706382379^i0 size=8388608 queue_latency_us=0 attempt=0
I0909 09:20:58.825395    1863 grpc_transport.cc:1743] [MEGASCALE_TRANSPORT_INSTR] SendRpc: key=psum.7_0_sr_106_107|s100001->200001d|$c0$l706382379^i0 size=8388608 queue_latency_us=0 attempt=0
I0909 09:20:58.830055    2202 grpc_transport.cc:1743] [MEGASCALE_TRANSPORT_INSTR] SendRpc: key=psum.7_0_sr_121_122|s100003->200003d|$c0$l706382379^i0 size=8388608 queue_latency_us=0 attempt=0
I0909 09:20:58.857260    1937 grpc_transport.cc:1414] [MEGASCALE_TRANSPORT_INSTR] Recv: key=psum.7_0_sr_3_4|s200000->100000d|$c0$l706382379^i0 size=0 is_single_chunk=true is_aligned=true memcpy_needed=false
I0909 09:20:58.888091    1942 grpc_transport.cc:1414] [MEGASCALE_TRANSPORT_INSTR] Recv: key=psum.7_0_sr_30_31|s200004->100004d|$c0$l706382379^i0 size=0 is_single_chunk=true is_aligned=true memcpy_needed=false
I0909 09:20:58.908717    1703 grpc_transport.cc:1414] [MEGASCALE_TRANSPORT_INSTR] Recv: key=psum.7_0_sr_36_37|s200004->100004d|$c0$l706382379^i0 size=0 is_single_chunk=true is_aligned=true memcpy_needed=false
I0909 09:20:58.927112    1859 grpc_transport.cc:1414] [MEGASCALE_TRANSPORT_INSTR] Recv: key=psum.7_0_sr_48_49|s200004->100004d|$c0$l706382379^i0 size=0 is_single_chunk=true is_aligned=true memcpy_needed=false
I0909 09:20:58.945038    1937 grpc_transport.cc:1414] [MEGASCALE_TRANSPORT_INSTR] Recv: key=psum.7_0_1_ag_0_sr_79_80|s200004->100004d|$c0$l706382379^i0 size=0 is_single_chunk=true is_aligned=true memcpy_needed=false
I0909 09:20:58.955714    2169 grpc_transport.cc:1743] [MEGASCALE_TRANSPORT_INSTR] SendRpc: key=psum.7_0_1_ag_0_sr_44_45|s100000->200000d|$c0$l706382379^i0 size=8388608 queue_latency_us=0 attempt=0
I0909 09:20:58.967515    2169 grpc_transport.cc:1414] [MEGASCALE_TRANSPORT_INSTR] Recv: key=psum.7_0_1_ag_0_sr_118_119|s200004->100004d|$c0$l706382379^i0 size=0 is_single_chunk=true is_aligned=true memcpy_needed=false
I0909 09:20:58.970038    1859 grpc_transport.cc:1743] [MEGASCALE_TRANSPORT_INSTR] SendRpc: key=psum.7_0_1_ag_0_sr_1_2|s100004->200004d|$c0$l706382379^i0 size=8388608 queue_latency_us=0 attempt=0
I0909 09:20:58.980386    2214 grpc_transport.cc:1743] [MEGASCALE_TRANSPORT_INSTR] SendRpc: key=psum.7_0_1_ag_0_sr_14_15|s100006->200006d|$c0$l706382379^i0 size=8388608 queue_latency_us=0 attempt=0
I0909 09:20:58.988587    1711 grpc_transport.cc:1743] [MEGASCALE_TRANSPORT_INSTR] SendRpc: key=psum.7_0_1_ag_0_sr_50_51|s100002->200002d|$c0$l706382379^i0 size=8388608 queue_latency_us=0 attempt=0
I0909 09:20:58.992096    1860 grpc_transport.cc:1414] [MEGASCALE_TRANSPORT_INSTR] Recv: key=psum.7_0_1_ag_0_sr_87_88|s200000->100000d|$c0$l706382379^i0 size=0 is_single_chunk=true is_aligned=true memcpy_needed=false
I0909 09:20:59.010238    1943 grpc_transport.cc:1414] [MEGASCALE_TRANSPORT_INSTR] Recv: key=psum.7_0_1_ag_0_sr_95_96|s200005->100005d|$c0$l706382379^i0 size=0 is_single_chunk=true is_aligned=true memcpy_needed=false
I0909 09:20:59.026822    1860 grpc_transport.cc:1414] [MEGASCALE_TRANSPORT_INSTR] Recv: key=psum.7_0_1_ag_0_sr_78_79|s200001->100001d|$c0$l706382379^i0 size=0 is_single_chunk=true is_aligned=true memcpy_needed=false
I0909 09:20:59.027526    2202 grpc_transport.cc:1743] [MEGASCALE_TRANSPORT_INSTR] SendRpc: key=psum.7_0_1_ag_0_sr_23_24|s100003->200003d|$c0$l706382379^i0 size=8388608 queue_latency_us=0 attempt=0
I0909 09:20:59.044841    1705 grpc_transport.cc:1414] [MEGASCALE_TRANSPORT_INSTR] Recv: key=psum.7_0_1_ag_0_sr_98_99|s200002->100002d|$c0$l706382379^i0 size=0 is_single_chunk=true is_aligned=true memcpy_needed=false
I0909 09:20:59.088536    1948 grpc_transport.cc:1743] [MEGASCALE_TRANSPORT_INSTR] SendRpc: key=psum.7_0_sr_75_76|s100005->200005d|$c0$l706382380^i0 size=8388608 queue_latency_us=0 attempt=0
I0909 09:20:59.091631    1944 grpc_transport.cc:1743] [MEGASCALE_TRANSPORT_INSTR] SendRpc: key=psum.7_0_sr_73_74|s100001->200001d|$c0$l706382380^i0 size=8388608 queue_latency_us=0 attempt=0
I0909 09:20:59.094426    1948 grpc_transport.cc:1743] [MEGASCALE_TRANSPORT_INSTR] SendRpc: key=psum.7_0_sr_90_91|s100001->200001d|$c0$l706382380^i0 size=8388608 queue_latency_us=0 attempt=0
I0909 09:20:59.099164    1355 grpc_transport.cc:1743] [MEGASCALE_TRANSPORT_INSTR] SendRpc: key=psum.7_0_sr_102_103|s100005->200005d|$c0$l706382380^i0 size=8388608 queue_latency_us=0 attempt=0
I0909 09:20:59.103002    1861 grpc_transport.cc:1743] [MEGASCALE_TRANSPORT_INSTR] SendRpc: key=psum.7_0_sr_123_124|s100000->200000d|$c0$l706382380^i0 size=8388608 queue_latency_us=0 attempt=0
I0909 09:20:59.122261    2200 grpc_transport.cc:1414] [MEGASCALE_TRANSPORT_INSTR] Recv: key=psum.7_0_sr_12_13|s200003->100003d|$c0$l706382380^i0 size=0 is_single_chunk=true is_aligned=true memcpy_needed=false
I0909 09:20:59.161716    2200 grpc_transport.cc:1414] [MEGASCALE_TRANSPORT_INSTR] Recv: key=psum.7_0_sr_12_13|s200006->100006d|$c0$l706382380^i0 size=0 is_single_chunk=true is_aligned=true memcpy_needed=false
I0909 09:20:59.183765    2200 grpc_transport.cc:1414] [MEGASCALE_TRANSPORT_INSTR] Recv: key=psum.7_0_sr_8_9|s200007->100007d|$c0$l706382380^i0 size=0 is_single_chunk=true is_aligned=true memcpy_needed=false
I0909 09:20:59.202110     787 grpc_transport.cc:1414] [MEGASCALE_TRANSPORT_INSTR] Recv: key=psum.7_0_sr_26_27|s200001->100001d|$c0$l706382380^i0 size=0 is_single_chunk=true is_aligned=true memcpy_needed=false
I0909 09:20:59.221996    2169 grpc_transport.cc:1414] [MEGASCALE_TRANSPORT_INSTR] Recv: key=psum.7_0_sr_63_64|s200000->100000d|$c0$l706382380^i0 size=0 is_single_chunk=true is_aligned=true memcpy_needed=false
I0909 09:20:59.230895    1859 grpc_transport.cc:1743] [MEGASCALE_TRANSPORT_INSTR] SendRpc: key=psum.7_0_1_ag_0_sr_48_49|s100000->200000d|$c0$l706382380^i0 size=8388608 queue_latency_us=0 attempt=0
I0909 09:20:59.246304     786 grpc_transport.cc:1743] [MEGASCALE_TRANSPORT_INSTR] SendRpc: key=psum.7_0_1_ag_0_sr_13_14|s100005->200005d|$c0$l706382380^i0 size=8388608 queue_latency_us=0 attempt=0
I0909 09:20:59.250283    2207 grpc_transport.cc:1414] [MEGASCALE_TRANSPORT_INSTR] Recv: key=psum.7_0_sr_60_61|s200003->100003d|$c0$l706382380^i0 size=0 is_single_chunk=true is_aligned=true memcpy_needed=false
I0909 09:20:59.252884    1939 grpc_transport.cc:1743] [MEGASCALE_TRANSPORT_INSTR] SendRpc: key=psum.7_0_1_ag_0_sr_56_57|s100005->200005d|$c0$l706382380^i0 size=8388608 queue_latency_us=0 attempt=0
I0909 09:20:59.272135    1360 grpc_transport.cc:1414] [MEGASCALE_TRANSPORT_INSTR] Recv: key=psum.7_0_1_ag_0_sr_64_65|s200007->100007d|$c0$l706382380^i0 size=0 is_single_chunk=true is_aligned=true memcpy_needed=false
I0909 09:20:59.281505    1735 grpc_transport.cc:1743] [MEGASCALE_TRANSPORT_INSTR] SendRpc: key=psum.7_0_1_ag_0_sr_24_25|s100006->200006d|$c0$l706382380^i0 size=8388608 queue_latency_us=0 attempt=0
I0909 09:20:59.292525    1711 grpc_transport.cc:1743] [MEGASCALE_TRANSPORT_INSTR] SendRpc: key=psum.7_0_1_ag_0_sr_30_31|s100002->200002d|$c0$l706382380^i0 size=8388608 queue_latency_us=0 attempt=0
I0909 09:20:59.293162    1711 grpc_transport.cc:1414] [MEGASCALE_TRANSPORT_INSTR] Recv: key=psum.7_0_1_ag_0_sr_118_119|s200007->100007d|$c0$l706382380^i0 size=0 is_single_chunk=true is_aligned=true memcpy_needed=false
I0909 09:20:59.310200    1858 grpc_transport.cc:1414] [MEGASCALE_TRANSPORT_INSTR] Recv: key=psum.7_0_1_ag_0_sr_81_82|s200000->100000d|$c0$l706382380^i0 size=0 is_single_chunk=true is_aligned=true memcpy_needed=false
I0909 09:20:59.326718    2207 grpc_transport.cc:1414] [MEGASCALE_TRANSPORT_INSTR] Recv: key=psum.7_0_1_ag_0_sr_68_69|s200006->100006d|$c0$l706382380^i0 size=0 is_single_chunk=true is_aligned=true memcpy_needed=false
I0909 09:20:59.355398     803 grpc_transport.cc:1414] [MEGASCALE_TRANSPORT_INSTR] Recv: key=psum.7_0_1_ag_0_sr_116_117|s200002->100002d|$c0$l706382380^i0 size=0 is_single_chunk=true is_aligned=true memcpy_needed=false
I0909 09:20:59.371815    2214 grpc_transport.cc:1743] [MEGASCALE_TRANSPORT_INSTR] SendRpc: key=psum.7_0_sr_106_107|s100007->200007d|$c0$l706382381^i0 size=8388608 queue_latency_us=0 attempt=0
I0909 09:20:59.375523     805 grpc_transport.cc:1743] [MEGASCALE_TRANSPORT_INSTR] SendRpc: key=psum.7_0_sr_109_110|s100002->200002d|$c0$l706382381^i0 size=8388608 queue_latency_us=0 attempt=0
I0909 09:20:59.379211    1859 grpc_transport.cc:1743] [MEGASCALE_TRANSPORT_INSTR] SendRpc: key=psum.7_0_sr_76_77|s100005->200005d|$c0$l706382381^i0 size=8388608 queue_latency_us=0 attempt=0
I0909 09:20:59.381689     787 grpc_transport.cc:1743] [MEGASCALE_TRANSPORT_INSTR] SendRpc: key=psum.7_0_sr_115_116|s100004->200004d|$c0$l706382381^i0 size=8388608 queue_latency_us=0 attempt=0
I0909 09:20:59.384717    1872 grpc_transport.cc:1743] [MEGASCALE_TRANSPORT_INSTR] SendRpc: key=psum.7_0_sr_110_111|s100001->200001d|$c0$l706382381^i0 size=8388608 queue_latency_us=0 attempt=0
I0909 09:20:59.438258    1705 grpc_transport.cc:1414] [MEGASCALE_TRANSPORT_INSTR] Recv: key=psum.7_0_sr_1_2|s200003->100003d|$c0$l706382381^i0 size=0 is_single_chunk=true is_aligned=true memcpy_needed=false
I0909 09:20:59.459567    1861 grpc_transport.cc:1414] [MEGASCALE_TRANSPORT_INSTR] Recv: key=psum.7_0_sr_33_34|s200001->100001d|$c0$l706382381^i0 size=0 is_single_chunk=true is_aligned=true memcpy_needed=false
I0909 09:20:59.477109    1705 grpc_transport.cc:1414] [MEGASCALE_TRANSPORT_INSTR] Recv: key=psum.7_0_sr_30_31|s200006->100006d|$c0$l706382381^i0 size=0 is_single_chunk=true is_aligned=true memcpy_needed=false
I0909 09:20:59.501828    2392 grpc_transport.cc:1414] [MEGASCALE_TRANSPORT_INSTR] Recv: key=psum.7_0_sr_37_38|s200002->100002d|$c0$l706382381^i0 size=0 is_single_chunk=true is_aligned=true memcpy_needed=false
I0909 09:20:59.504757    1938 grpc_transport.cc:1743] [MEGASCALE_TRANSPORT_INSTR] SendRpc: key=psum.7_0_1_ag_0_sr_5_6|s100004->200004d|$c0$l706382381^i0 size=8388608 queue_latency_us=0 attempt=0
I0909 09:20:59.513323     787 grpc_transport.cc:1743] [MEGASCALE_TRANSPORT_INSTR] SendRpc: key=psum.7_0_1_ag_0_sr_60_61|s100004->200004d|$c0$l706382381^i0 size=8388608 queue_latency_us=0 attempt=0
I0909 09:20:59.524983    1360 grpc_transport.cc:1414] [MEGASCALE_TRANSPORT_INSTR] Recv: key=psum.7_0_sr_51_52|s200002->100002d|$c0$l706382381^i0 size=0 is_single_chunk=true is_aligned=true memcpy_needed=false
I0909 09:20:59.531807    1705 grpc_transport.cc:1743] [MEGASCALE_TRANSPORT_INSTR] SendRpc: key=psum.7_0_1_ag_0_sr_9_10|s100003->200003d|$c0$l706382381^i0 size=8388608 queue_latency_us=0 attempt=0
I0909 09:20:59.546130    1864 grpc_transport.cc:1414] [MEGASCALE_TRANSPORT_INSTR] Recv: key=psum.7_0_1_ag_0_sr_84_85|s200000->100000d|$c0$l706382381^i0 size=0 is_single_chunk=true is_aligned=true memcpy_needed=false
I0909 09:20:59.553798    2205 grpc_transport.cc:1743] [MEGASCALE_TRANSPORT_INSTR] SendRpc: key=psum.7_0_1_ag_0_sr_6_7|s100002->200002d|$c0$l706382381^i0 size=8388608 queue_latency_us=1 attempt=0
I0909 09:20:59.561628    1705 grpc_transport.cc:1743] [MEGASCALE_TRANSPORT_INSTR] SendRpc: key=psum.7_0_1_ag_0_sr_42_43|s100007->200007d|$c0$l706382381^i0 size=8388608 queue_latency_us=0 attempt=0
I0909 09:20:59.566297     786 grpc_transport.cc:1414] [MEGASCALE_TRANSPORT_INSTR] Recv: key=psum.7_0_1_ag_0_sr_73_74|s200005->100005d|$c0$l706382381^i0 size=0 is_single_chunk=true is_aligned=true memcpy_needed=false
I0909 09:20:59.582952    1701 grpc_transport.cc:1414] [MEGASCALE_TRANSPORT_INSTR] Recv: key=psum.7_0_1_ag_0_sr_98_99|s200005->100005d|$c0$l706382381^i0 size=0 is_single_chunk=true is_aligned=true memcpy_needed=false
I0909 09:20:59.599963    1375 grpc_transport.cc:1414] [MEGASCALE_TRANSPORT_INSTR] Recv: key=psum.7_0_1_ag_0_sr_85_86|s200003->100003d|$c0$l706382381^i0 size=0 is_single_chunk=true is_aligned=true memcpy_needed=false
I0909 09:20:59.622329    2208 grpc_transport.cc:1414] [MEGASCALE_TRANSPORT_INSTR] Recv: key=psum.7_0_1_ag_0_sr_90_91|s200006->100006d|$c0$l706382381^i0 size=0 is_single_chunk=true is_aligned=true memcpy_needed=false
I0909 09:20:59.647652    1715 grpc_transport.cc:1743] [MEGASCALE_TRANSPORT_INSTR] SendRpc: key=psum.7_0_sr_67_68|s100005->200005d|$c0$l706382382^i0 size=8388608 queue_latency_us=0 attempt=0
I0909 09:20:59.652254    1946 grpc_transport.cc:1743] [MEGASCALE_TRANSPORT_INSTR] SendRpc: key=psum.7_0_sr_114_115|s100005->200005d|$c0$l706382382^i0 size=8388608 queue_latency_us=0 attempt=0
I0909 09:20:59.655159    1371 grpc_transport.cc:1743] [MEGASCALE_TRANSPORT_INSTR] SendRpc: key=psum.7_0_sr_64_65|s100007->200007d|$c0$l706382382^i0 size=8388608 queue_latency_us=0 attempt=0
I0909 09:20:59.657203    1360 grpc_transport.cc:1743] [MEGASCALE_TRANSPORT_INSTR] SendRpc: key=psum.7_0_sr_97_98|s100006->200006d|$c0$l706382382^i0 size=8388608 queue_latency_us=0 attempt=0
I0909 09:20:59.661065    1360 grpc_transport.cc:1743] [MEGASCALE_TRANSPORT_INSTR] SendRpc: key=psum.7_0_sr_71_72|s100003->200003d|$c0$l706382382^i0 size=8388608 queue_latency_us=0 attempt=0
I0909 09:20:59.711041    1864 grpc_transport.cc:1414] [MEGASCALE_TRANSPORT_INSTR] Recv: key=psum.7_0_sr_14_15|s200001->100001d|$c0$l706382382^i0 size=0 is_single_chunk=true is_aligned=true memcpy_needed=false
I0909 09:20:59.733160    2392 grpc_transport.cc:1414] [MEGASCALE_TRANSPORT_INSTR] Recv: key=psum.7_0_sr_10_11|s200006->100006d|$c0$l706382382^i0 size=0 is_single_chunk=true is_aligned=true memcpy_needed=false
I0909 09:20:59.758105    1705 grpc_transport.cc:1414] [MEGASCALE_TRANSPORT_INSTR] Recv: key=psum.7_0_sr_52_53|s200007->100007d|$c0$l706382382^i0 size=0 is_single_chunk=true is_aligned=true memcpy_needed=false
I0909 09:20:59.769690    1936 grpc_transport.cc:1743] [MEGASCALE_TRANSPORT_INSTR] SendRpc: key=psum.7_0_1_ag_0_sr_4_5|s100005->200005d|$c0$l706382382^i0 size=8388608 queue_latency_us=0 attempt=0
I0909 09:20:59.783552    1936 grpc_transport.cc:1414] [MEGASCALE_TRANSPORT_INSTR] Recv: key=psum.7_0_sr_54_55|s200004->100004d|$c0$l706382382^i0 size=0 is_single_chunk=true is_aligned=true memcpy_needed=false
I0909 09:20:59.793347    1937 grpc_transport.cc:1743] [MEGASCALE_TRANSPORT_INSTR] SendRpc: key=psum.7_0_1_ag_0_sr_37_38|s100001->200001d|$c0$l706382382^i0 size=8388608 queue_latency_us=0 attempt=0
I0909 09:20:59.805726    1371 grpc_transport.cc:1743] [MEGASCALE_TRANSPORT_INSTR] SendRpc: key=psum.7_0_1_ag_0_sr_33_34|s100007->200007d|$c0$l706382382^i0 size=8388608 queue_latency_us=0 attempt=0
I0909 09:20:59.807043    2210 grpc_transport.cc:1414] [MEGASCALE_TRANSPORT_INSTR] Recv: key=psum.7_0_sr_47_48|s200003->100003d|$c0$l706382382^i0 size=0 is_single_chunk=true is_aligned=true memcpy_needed=false
I0909 09:20:59.822825    1860 grpc_transport.cc:1743] [MEGASCALE_TRANSPORT_INSTR] SendRpc: key=psum.7_0_1_ag_0_sr_45_46|s100000->200000d|$c0$l706382382^i0 size=8388608 queue_latency_us=0 attempt=0
I0909 09:20:59.826284    1861 grpc_transport.cc:1414] [MEGASCALE_TRANSPORT_INSTR] Recv: key=psum.7_0_1_ag_0_sr_68_69|s200000->100000d|$c0$l706382382^i0 size=0 is_single_chunk=true is_aligned=true memcpy_needed=false
I0909 09:20:59.844044    2208 grpc_transport.cc:1743] [MEGASCALE_TRANSPORT_INSTR] SendRpc: key=psum.7_0_1_ag_0_sr_4_5|s100006->200006d|$c0$l706382382^i0 size=8388608 queue_latency_us=0 attempt=0
I0909 09:20:59.846373    2211 grpc_transport.cc:1414] [MEGASCALE_TRANSPORT_INSTR] Recv: key=psum.7_0_1_ag_0_sr_83_84|s200002->100002d|$c0$l706382382^i0 size=0 is_single_chunk=true is_aligned=true memcpy_needed=false
I0909 09:20:59.855364    2207 grpc_transport.cc:1743] [MEGASCALE_TRANSPORT_INSTR] SendRpc: key=psum.7_0_1_ag_0_sr_53_54|s100002->200002d|$c0$l706382382^i0 size=8388608 queue_latency_us=0 attempt=0
I0909 09:20:59.864136    2393 grpc_transport.cc:1414] [MEGASCALE_TRANSPORT_INSTR] Recv: key=psum.7_0_1_ag_0_sr_98_99|s200006->100006d|$c0$l706382382^i0 size=0 is_single_chunk=true is_aligned=true memcpy_needed=false
I0909 09:20:59.881201    1947 grpc_transport.cc:1414] [MEGASCALE_TRANSPORT_INSTR] Recv: key=psum.7_0_1_ag_0_sr_88_89|s200004->100004d|$c0$l706382382^i0 size=0 is_single_chunk=true is_aligned=true memcpy_needed=false
I0909 09:20:59.901861    2202 grpc_transport.cc:1414] [MEGASCALE_TRANSPORT_INSTR] Recv: key=psum.7_0_1_ag_0_sr_69_70|s200003->100003d|$c0$l706382382^i0 size=0 is_single_chunk=true is_aligned=true memcpy_needed=false
I0909 09:20:59.933906    1939 grpc_transport.cc:1743] [MEGASCALE_TRANSPORT_INSTR] SendRpc: key=psum.7_0_sr_77_78|s100001->200001d|$c0$l706382383^i0 size=8388608 queue_latency_us=0 attempt=0
I0909 09:20:59.936545    1368 grpc_transport.cc:1743] [MEGASCALE_TRANSPORT_INSTR] SendRpc: key=psum.7_0_sr_81_82|s100005->200005d|$c0$l706382383^i0 size=8388608 queue_latency_us=0 attempt=0
I0909 09:20:59.940659    1735 grpc_transport.cc:1743] [MEGASCALE_TRANSPORT_INSTR] SendRpc: key=psum.7_0_sr_126_127|s100007->200007d|$c0$l706382383^i0 size=8388608 queue_latency_us=0 attempt=0
I0909 09:20:59.945662    1867 grpc_transport.cc:1743] [MEGASCALE_TRANSPORT_INSTR] SendRpc: key=psum.7_0_sr_111_112|s100004->200004d|$c0$l706382383^i0 size=8388608 queue_latency_us=0 attempt=0
I0909 09:20:59.948486    1945 grpc_transport.cc:1743] [MEGASCALE_TRANSPORT_INSTR] SendRpc: key=psum.7_0_sr_116_117|s100004->200004d|$c0$l706382383^i0 size=8388608 queue_latency_us=0 attempt=0
I0909 09:20:59.961642    2169 grpc_transport.cc:1414] [MEGASCALE_TRANSPORT_INSTR] Recv: key=psum.7_0_sr_15_16|s200005->100005d|$c0$l706382383^i0 size=0 is_single_chunk=true is_aligned=true memcpy_needed=false
I0909 09:20:59.987579    1701 grpc_transport.cc:1414] [MEGASCALE_TRANSPORT_INSTR] Recv: key=psum.7_0_sr_26_27|s200000->100000d|$c0$l706382383^i0 size=0 is_single_chunk=true is_aligned=true memcpy_needed=false
I0909 09:21:00.007243    1942 grpc_transport.cc:1414] [MEGASCALE_TRANSPORT_INSTR] Recv: key=psum.7_0_sr_37_38|s200000->100000d|$c0$l706382383^i0 size=0 is_single_chunk=true is_aligned=true memcpy_needed=false
I0909 09:21:00.024760    1701 grpc_transport.cc:1414] [MEGASCALE_TRANSPORT_INSTR] Recv: key=psum.7_0_sr_51_52|s200000->100000d|$c0$l706382383^i0 size=0 is_single_chunk=true is_aligned=true memcpy_needed=false
I0909 09:21:00.043879    1711 grpc_transport.cc:1414] [MEGASCALE_TRANSPORT_INSTR] Recv: key=psum.7_0_sr_44_45|s200003->100003d|$c0$l706382383^i0 size=0 is_single_chunk=true is_aligned=true memcpy_needed=false
I0909 09:21:00.049784    1701 grpc_transport.cc:1743] [MEGASCALE_TRANSPORT_INSTR] SendRpc: key=psum.7_0_1_ag_0_sr_11_12|s100000->200000d|$c0$l706382383^i0 size=8388608 queue_latency_us=0 attempt=0
I0909 09:21:00.061735    1358 grpc_transport.cc:1743] [MEGASCALE_TRANSPORT_INSTR] SendRpc: key=psum.7_0_1_ag_0_sr_32_33|s100004->200004d|$c0$l706382383^i0 size=8388608 queue_latency_us=1 attempt=0
I0909 09:21:00.072092     806 grpc_transport.cc:1743] [MEGASCALE_TRANSPORT_INSTR] SendRpc: key=psum.7_0_1_ag_0_sr_22_23|s100006->200006d|$c0$l706382383^i0 size=8388608 queue_latency_us=0 attempt=0
I0909 09:21:00.072282    1943 grpc_transport.cc:1414] [MEGASCALE_TRANSPORT_INSTR] Recv: key=psum.7_0_1_ag_0_sr_72_73|s200005->100005d|$c0$l706382383^i0 size=0 is_single_chunk=true is_aligned=true memcpy_needed=false
I0909 09:21:00.077865    1364 grpc_transport.cc:1743] [MEGASCALE_TRANSPORT_INSTR] SendRpc: key=psum.7_0_1_ag_0_sr_22_23|s100003->200003d|$c0$l706382383^i0 size=8388608 queue_latency_us=0 attempt=0
I0909 09:21:00.088606     803 grpc_transport.cc:1743] [MEGASCALE_TRANSPORT_INSTR] SendRpc: key=psum.7_0_1_ag_0_sr_34_35|s100007->200007d|$c0$l706382383^i0 size=8388608 queue_latency_us=0 attempt=0
I0909 09:21:00.095505    1708 grpc_transport.cc:1414] [MEGASCALE_TRANSPORT_INSTR] Recv: key=psum.7_0_1_ag_0_sr_97_98|s200000->100000d|$c0$l706382383^i0 size=0 is_single_chunk=true is_aligned=true memcpy_needed=false
I0909 09:21:00.116787     803 grpc_transport.cc:1414] [MEGASCALE_TRANSPORT_INSTR] Recv: key=psum.7_0_1_ag_0_sr_96_97|s200002->100002d|$c0$l706382383^i0 size=0 is_single_chunk=true is_aligned=true memcpy_needed=false
I0909 09:21:00.134567    1865 grpc_transport.cc:1414] [MEGASCALE_TRANSPORT_INSTR] Recv: key=psum.7_0_1_ag_0_sr_118_119|s200001->100001d|$c0$l706382383^i0 size=0 is_single_chunk=true is_aligned=true memcpy_needed=false
I0909 09:21:00.152554    2202 grpc_transport.cc:1414] [MEGASCALE_TRANSPORT_INSTR] Recv: key=psum.7_0_1_ag_0_sr_69_70|s200006->100006d|$c0$l706382383^i0 size=0 is_single_chunk=true is_aligned=true memcpy_needed=false
I0909 09:21:00.186549    1865 grpc_transport.cc:1743] [MEGASCALE_TRANSPORT_INSTR] SendRpc: key=psum.7_0_sr_75_76|s100000->200000d|$c0$l706382384^i0 size=8388608 queue_latency_us=0 attempt=0
I0909 09:21:00.190478    1863 grpc_transport.cc:1743] [MEGASCALE_TRANSPORT_INSTR] SendRpc: key=psum.7_0_sr_91_92|s100004->200004d|$c0$l706382384^i0 size=8388608 queue_latency_us=0 attempt=0
I0909 09:21:00.194945    1859 grpc_transport.cc:1743] [MEGASCALE_TRANSPORT_INSTR] SendRpc: key=psum.7_0_sr_86_87|s100005->200005d|$c0$l706382384^i0 size=8388608 queue_latency_us=0 attempt=0
I0909 09:21:00.199172    1728 grpc_transport.cc:1743] [MEGASCALE_TRANSPORT_INSTR] SendRpc: key=psum.7_0_sr_69_70|s100006->200006d|$c0$l706382384^i0 size=8388608 queue_latency_us=0 attempt=0
I0909 09:21:00.205260    1728 grpc_transport.cc:1743] [MEGASCALE_TRANSPORT_INSTR] SendRpc: key=psum.7_0_sr_92_93|s100006->200006d|$c0$l706382384^i0 size=8388608 queue_latency_us=0 attempt=0
I0909 09:21:00.217368    1711 grpc_transport.cc:1414] [MEGASCALE_TRANSPORT_INSTR] Recv: key=psum.7_0_sr_7_8|s200006->100006d|$c0$l706382384^i0 size=0 is_single_chunk=true is_aligned=true memcpy_needed=false
I0909 09:21:00.249637    1364 grpc_transport.cc:1414] [MEGASCALE_TRANSPORT_INSTR] Recv: key=psum.7_0_sr_5_6|s200006->100006d|$c0$l706382384^i0 size=0 is_single_chunk=true is_aligned=true memcpy_needed=false
I0909 09:21:00.272319     786 grpc_transport.cc:1414] [MEGASCALE_TRANSPORT_INSTR] Recv: key=psum.7_0_sr_27_28|s200005->100005d|$c0$l706382384^i0 size=0 is_single_chunk=true is_aligned=true memcpy_needed=false
I0909 09:21:00.289544    1860 grpc_transport.cc:1414] [MEGASCALE_TRANSPORT_INSTR] Recv: key=psum.7_0_sr_46_47|s200004->100004d|$c0$l706382384^i0 size=0 is_single_chunk=true is_aligned=true memcpy_needed=false
I0909 09:21:00.308235    1710 grpc_transport.cc:1414] [MEGASCALE_TRANSPORT_INSTR] Recv: key=psum.7_0_sr_54_55|s200005->100005d|$c0$l706382384^i0 size=0 is_single_chunk=true is_aligned=true memcpy_needed=false
I0909 09:21:00.314091    1859 grpc_transport.cc:1743] [MEGASCALE_TRANSPORT_INSTR] SendRpc: key=psum.7_0_1_ag_0_sr_57_58|s100000->200000d|$c0$l706382384^i0 size=8388608 queue_latency_us=0 attempt=0
I0909 09:21:00.330446    1859 grpc_transport.cc:1743] [MEGASCALE_TRANSPORT_INSTR] SendRpc: key=psum.7_0_1_ag_0_sr_29_30|s100004->200004d|$c0$l706382384^i0 size=8388608 queue_latency_us=0 attempt=0
I0909 09:21:00.333260    1363 grpc_transport.cc:1414] [MEGASCALE_TRANSPORT_INSTR] Recv: key=psum.7_0_1_ag_0_sr_92_93|s200000->100000d|$c0$l706382384^i0 size=0 is_single_chunk=true is_aligned=true memcpy_needed=false
I0909 09:21:00.341572    1735 grpc_transport.cc:1743] [MEGASCALE_TRANSPORT_INSTR] SendRpc: key=psum.7_0_1_ag_0_sr_7_8|s100006->200006d|$c0$l706382384^i0 size=8388608 queue_latency_us=0 attempt=0
I0909 09:21:00.347728    1360 grpc_transport.cc:1743] [MEGASCALE_TRANSPORT_INSTR] SendRpc: key=psum.7_0_1_ag_0_sr_48_49|s100006->200006d|$c0$l706382384^i0 size=8388608 queue_latency_us=0 attempt=0
I0909 09:21:00.358389     786 grpc_transport.cc:1414] [MEGASCALE_TRANSPORT_INSTR] Recv: key=psum.7_0_1_ag_0_sr_101_102|s200004->100004d|$c0$l706382384^i0 size=0 is_single_chunk=true is_aligned=true memcpy_needed=false
I0909 09:21:00.366652    2209 grpc_transport.cc:1743] [MEGASCALE_TRANSPORT_INSTR] SendRpc: key=psum.7_0_1_ag_0_sr_13_14|s100003->200003d|$c0$l706382384^i0 size=8388608 queue_latency_us=0 attempt=0
I0909 09:21:00.376601    2202 grpc_transport.cc:1414] [MEGASCALE_TRANSPORT_INSTR] Recv: key=psum.7_0_1_ag_0_sr_120_121|s200002->100002d|$c0$l706382384^i0 size=0 is_single_chunk=true is_aligned=true memcpy_needed=false
I0909 09:21:00.393883    1352 grpc_transport.cc:1414] [MEGASCALE_TRANSPORT_INSTR] Recv: key=psum.7_0_1_ag_0_sr_71_72|s200005->100005d|$c0$l706382384^i0 size=0 is_single_chunk=true is_aligned=true memcpy_needed=false
I0909 09:21:00.410689     786 grpc_transport.cc:1414] [MEGASCALE_TRANSPORT_INSTR] Recv: key=psum.7_0_1_ag_0_sr_121_122|s200005->100005d|$c0$l706382384^i0 size=0 is_single_chunk=true is_aligned=true memcpy_needed=false
I0909 09:21:00.443179    1705 grpc_transport.cc:1414] [MEGASCALE_TRANSPORT_INSTR] Recv: key=psum.7_0_1_ag_0_sr_113_114|s200006->100006d|$c0$l706382384^i0 size=0 is_single_chunk=true is_aligned=true memcpy_needed=false
I0909 09:21:00.472776    1699 grpc_transport.cc:1743] [MEGASCALE_TRANSPORT_INSTR] SendRpc: key=psum.7_0_sr_64_65|s100005->200005d|$c0$l706382385^i0 size=8388608 queue_latency_us=0 attempt=0
I0909 09:21:00.476589    2402 grpc_transport.cc:1743] [MEGASCALE_TRANSPORT_INSTR] SendRpc: key=psum.7_0_sr_74_75|s100002->200002d|$c0$l706382385^i0 size=8388608 queue_latency_us=1 attempt=0
I0909 09:21:00.479917    2227 grpc_transport.cc:1743] [MEGASCALE_TRANSPORT_INSTR] SendRpc: key=psum.7_0_sr_99_100|s100003->200003d|$c0$l706382385^i0 size=8388608 queue_latency_us=0 attempt=0
I0909 09:21:00.483423    1737 grpc_transport.cc:1743] [MEGASCALE_TRANSPORT_INSTR] SendRpc: key=psum.7_0_sr_98_99|s100002->200002d|$c0$l706382385^i0 size=8388608 queue_latency_us=0 attempt=0
I0909 09:21:00.486724    1371 grpc_transport.cc:1743] [MEGASCALE_TRANSPORT_INSTR] SendRpc: key=psum.7_0_sr_117_118|s100006->200006d|$c0$l706382385^i0 size=8388608 queue_latency_us=0 attempt=0
I0909 09:21:00.509137    2207 grpc_transport.cc:1414] [MEGASCALE_TRANSPORT_INSTR] Recv: key=psum.7_0_sr_18_19|s200006->100006d|$c0$l706382385^i0 size=0 is_single_chunk=true is_aligned=true memcpy_needed=false
I0909 09:21:00.529045    1862 grpc_transport.cc:1414] [MEGASCALE_TRANSPORT_INSTR] Recv: key=psum.7_0_sr_30_31|s200004->100004d|$c0$l706382385^i0 size=0 is_single_chunk=true is_aligned=true memcpy_needed=false
I0909 09:21:00.549056    2202 grpc_transport.cc:1414] [MEGASCALE_TRANSPORT_INSTR] Recv: key=psum.7_0_sr_33_34|s200006->100006d|$c0$l706382385^i0 size=0 is_single_chunk=true is_aligned=true memcpy_needed=false
I0909 09:21:00.566934    2202 grpc_transport.cc:1414] [MEGASCALE_TRANSPORT_INSTR] Recv: key=psum.7_0_sr_36_37|s200002->100002d|$c0$l706382385^i0 size=0 is_single_chunk=true is_aligned=true memcpy_needed=false
I0909 09:21:00.584289     786 grpc_transport.cc:1743] [MEGASCALE_TRANSPORT_INSTR] SendRpc: key=psum.7_0_1_ag_0_sr_20_21|s100004->200004d|$c0$l706382385^i0 size=8388608 queue_latency_us=0 attempt=0
I0909 09:21:00.586528    2392 grpc_transport.cc:1414] [MEGASCALE_TRANSPORT_INSTR] Recv: key=psum.7_0_sr_59_60|s200003->100003d|$c0$l706382385^i0 size=0 is_single_chunk=true is_aligned=true memcpy_needed=false
I0909 09:21:00.595150    1942 grpc_transport.cc:1743] [MEGASCALE_TRANSPORT_INSTR] SendRpc: key=psum.7_0_1_ag_0_sr_28_29|s100000->200000d|$c0$l706382385^i0 size=8388608 queue_latency_us=0 attempt=0
I0909 09:21:00.600693    1702 grpc_transport.cc:1743] [MEGASCALE_TRANSPORT_INSTR] SendRpc: key=psum.7_0_1_ag_0_sr_52_53|s100005->200005d|$c0$l706382385^i0 size=8388608 queue_latency_us=0 attempt=0
I0909 09:21:00.613359    1699 grpc_transport.cc:1414] [MEGASCALE_TRANSPORT_INSTR] Recv: key=psum.7_0_1_ag_0_sr_113_114|s200000->100000d|$c0$l706382385^i0 size=0 is_single_chunk=true is_aligned=true memcpy_needed=false
I0909 09:21:00.614242    2227 grpc_transport.cc:1743] [MEGASCALE_TRANSPORT_INSTR] SendRpc: key=psum.7_0_1_ag_0_sr_29_30|s100003->200003d|$c0$l706382385^i0 size=8388608 queue_latency_us=0 attempt=0
I0909 09:21:00.630675    1364 grpc_transport.cc:1743] [MEGASCALE_TRANSPORT_INSTR] SendRpc: key=psum.7_0_1_ag_0_sr_0_1|s100002->200002d|$c0$l706382385^i0 size=8388608 queue_latency_us=0 attempt=0
I0909 09:21:00.641624    1861 grpc_transport.cc:1414] [MEGASCALE_TRANSPORT_INSTR] Recv: key=psum.7_0_1_ag_0_sr_97_98|s200001->100001d|$c0$l706382385^i0 size=0 is_single_chunk=true is_aligned=true memcpy_needed=false
I0909 09:21:00.662600    1863 grpc_transport.cc:1414] [MEGASCALE_TRANSPORT_INSTR] Recv: key=psum.7_0_1_ag_0_sr_97_98|s200005->100005d|$c0$l706382385^i0 size=0 is_single_chunk=true is_aligned=true memcpy_needed=false
I0909 09:21:00.679634    2207 grpc_transport.cc:1414] [MEGASCALE_TRANSPORT_INSTR] Recv: key=psum.7_0_1_ag_0_sr_88_89|s200002->100002d|$c0$l706382385^i0 size=0 is_single_chunk=true is_aligned=true memcpy_needed=false
I0909 09:21:00.698450    2392 grpc_transport.cc:1414] [MEGASCALE_TRANSPORT_INSTR] Recv: key=psum.7_0_1_ag_0_sr_69_70|s200007->100007d|$c0$l706382385^i0 size=0 is_single_chunk=true is_aligned=true memcpy_needed=false
I0909 09:21:00.726549    1859 grpc_transport.cc:1743] [MEGASCALE_TRANSPORT_INSTR] SendRpc: key=psum.7_0_sr_75_76|s100005->200005d|$c0$l706382386^i0 size=8388608 queue_latency_us=0 attempt=0
I0909 09:21:00.730471    1865 grpc_transport.cc:1743] [MEGASCALE_TRANSPORT_INSTR] SendRpc: key=psum.7_0_sr_76_77|s100001->200001d|$c0$l706382386^i0 size=8388608 queue_latency_us=0 attempt=0
I0909 09:21:00.734397    1380 grpc_transport.cc:1743] [MEGASCALE_TRANSPORT_INSTR] SendRpc: key=psum.7_0_sr_116_117|s100005->200005d|$c0$l706382386^i0 size=8388608 queue_latency_us=0 attempt=0
I0909 09:21:00.738660    1729 grpc_transport.cc:1743] [MEGASCALE_TRANSPORT_INSTR] SendRpc: key=psum.7_0_sr_99_100|s100004->200004d|$c0$l706382386^i0 size=8388608 queue_latency_us=0 attempt=0
I0909 09:21:00.742749    1944 grpc_transport.cc:1743] [MEGASCALE_TRANSPORT_INSTR] SendRpc: key=psum.7_0_sr_124_125|s100001->200001d|$c0$l706382386^i0 size=8388608 queue_latency_us=0 attempt=0
I0909 09:21:00.751956    1395 grpc_transport.cc:1743] [MEGASCALE_TRANSPORT_INSTR] SendRpc: key=psum.7_0_sr_116_117|s100002->200002d|$c0$l706382386^i0 size=8388608 queue_latency_us=0 attempt=0
I0909 09:21:00.768845     803 grpc_transport.cc:1414] [MEGASCALE_TRANSPORT_INSTR] Recv: key=psum.7_0_sr_1_2|s200007->100007d|$c0$l706382386^i0 size=0 is_single_chunk=true is_aligned=true memcpy_needed=false
I0909 09:21:00.797638    1699 grpc_transport.cc:1414] [MEGASCALE_TRANSPORT_INSTR] Recv: key=psum.7_0_sr_37_38|s200004->100004d|$c0$l706382386^i0 size=0 is_single_chunk=true is_aligned=true memcpy_needed=false
I0909 09:21:00.816808    2208 grpc_transport.cc:1414] [MEGASCALE_TRANSPORT_INSTR] Recv: key=psum.7_0_sr_5_6|s200006->100006d|$c0$l706382386^i0 size=0 is_single_chunk=true is_aligned=true memcpy_needed=false
I0909 09:21:00.836446    1364 grpc_transport.cc:1414] [MEGASCALE_TRANSPORT_INSTR] Recv: key=psum.7_0_sr_52_53|s200007->100007d|$c0$l706382386^i0 size=0 is_single_chunk=true is_aligned=true memcpy_needed=false
I0909 09:21:00.847821    1699 grpc_transport.cc:1743] [MEGASCALE_TRANSPORT_INSTR] SendRpc: key=psum.7_0_1_ag_0_sr_30_31|s100001->200001d|$c0$l706382386^i0 size=8388608 queue_latency_us=0 attempt=0
I0909 09:21:00.856736    1943 grpc_transport.cc:1414] [MEGASCALE_TRANSPORT_INSTR] Recv: key=psum.7_0_1_ag_0_sr_86_87|s200005->100005d|$c0$l706382386^i0 size=0 is_single_chunk=true is_aligned=true memcpy_needed=false
I0909 09:21:00.865691    1711 grpc_transport.cc:1743] [MEGASCALE_TRANSPORT_INSTR] SendRpc: key=psum.7_0_1_ag_0_sr_12_13|s100007->200007d|$c0$l706382386^i0 size=8388608 queue_latency_us=0 attempt=0
I0909 09:21:00.876549    1355 grpc_transport.cc:1743] [MEGASCALE_TRANSPORT_INSTR] SendRpc: key=psum.7_0_1_ag_0_sr_38_39|s100005->200005d|$c0$l706382386^i0 size=8388608 queue_latency_us=0 attempt=0
I0909 09:21:00.881481    2205 grpc_transport.cc:1414] [MEGASCALE_TRANSPORT_INSTR] Recv: key=psum.7_0_sr_51_52|s200006->100006d|$c0$l706382386^i0 size=0 is_single_chunk=true is_aligned=true memcpy_needed=false
I0909 09:21:00.896274     803 grpc_transport.cc:1743] [MEGASCALE_TRANSPORT_INSTR] SendRpc: key=psum.7_0_1_ag_0_sr_8_9|s100002->200002d|$c0$l706382386^i0 size=8388608 queue_latency_us=0 attempt=0
I0909 09:21:00.898452    1352 grpc_transport.cc:1414] [MEGASCALE_TRANSPORT_INSTR] Recv: key=psum.7_0_1_ag_0_sr_123_124|s200001->100001d|$c0$l706382386^i0 size=0 is_single_chunk=true is_aligned=true memcpy_needed=false
I0909 09:21:00.906278    2206 grpc_transport.cc:1743] [MEGASCALE_TRANSPORT_INSTR] SendRpc: key=psum.7_0_1_ag_0_sr_46_47|s100006->200006d|$c0$l706382386^i0 size=8388608 queue_latency_us=0 attempt=0
I0909 09:21:00.919952    1699 grpc_transport.cc:1414] [MEGASCALE_TRANSPORT_INSTR] Recv: key=psum.7_0_1_ag_0_sr_84_85|s200004->100004d|$c0$l706382386^i0 size=0 is_single_chunk=true is_aligned=true memcpy_needed=false
I0909 09:21:00.938622    1865 grpc_transport.cc:1414] [MEGASCALE_TRANSPORT_INSTR] Recv: key=psum.7_0_1_ag_0_sr_108_109|s200004->100004d|$c0$l706382386^i0 size=0 is_single_chunk=true is_aligned=true memcpy_needed=false
I0909 09:21:00.955766    2392 grpc_transport.cc:1414] [MEGASCALE_TRANSPORT_INSTR] Recv: key=psum.7_0_1_ag_0_sr_119_120|s200006->100006d|$c0$l706382386^i0 size=0 is_single_chunk=true is_aligned=true memcpy_needed=false
I0909 09:21:00.996521    1882 grpc_transport.cc:1743] [MEGASCALE_TRANSPORT_INSTR] SendRpc: key=psum.7_0_sr_74_75|s100001->200001d|$c0$l706382387^i0 size=8388608 queue_latency_us=0 attempt=0
I0909 09:21:00.999756    2221 grpc_transport.cc:1743] [MEGASCALE_TRANSPORT_INSTR] SendRpc: key=psum.7_0_sr_75_76|s100006->200006d|$c0$l706382387^i0 size=8388608 queue_latency_us=0 attempt=0
I0909 09:21:01.003240    1713 grpc_transport.cc:1743] [MEGASCALE_TRANSPORT_INSTR] SendRpc: key=psum.7_0_sr_96_97|s100001->200001d|$c0$l706382387^i0 size=8388608 queue_latency_us=0 attempt=0
I0909 09:21:01.007119    1737 grpc_transport.cc:1743] [MEGASCALE_TRANSPORT_INSTR] SendRpc: key=psum.7_0_sr_105_106|s100003->200003d|$c0$l706382387^i0 size=8388608 queue_latency_us=0 attempt=0
I0909 09:21:01.011512    1712 grpc_transport.cc:1743] [MEGASCALE_TRANSPORT_INSTR] SendRpc: key=psum.7_0_sr_121_122|s100000->200000d|$c0$l706382387^i0 size=8388608 queue_latency_us=0 attempt=0
I0909 09:21:01.026709    1860 grpc_transport.cc:1414] [MEGASCALE_TRANSPORT_INSTR] Recv: key=psum.7_0_sr_22_23|s200005->100005d|$c0$l706382387^i0 size=0 is_single_chunk=true is_aligned=true memcpy_needed=false
I0909 09:21:01.058409    1699 grpc_transport.cc:1414] [MEGASCALE_TRANSPORT_INSTR] Recv: key=psum.7_0_sr_34_35|s200005->100005d|$c0$l706382387^i0 size=0 is_single_chunk=true is_aligned=true memcpy_needed=false
I0909 09:21:01.080186    2205 grpc_transport.cc:1414] [MEGASCALE_TRANSPORT_INSTR] Recv: key=psum.7_0_sr_11_12|s200003->100003d|$c0$l706382387^i0 size=0 is_single_chunk=true is_aligned=true memcpy_needed=false
I0909 09:21:01.099607    2393 grpc_transport.cc:1414] [MEGASCALE_TRANSPORT_INSTR] Recv: key=psum.7_0_sr_21_22|s200007->100007d|$c0$l706382387^i0 size=0 is_single_chunk=true is_aligned=true memcpy_needed=false
I0909 09:21:01.120703    2202 grpc_transport.cc:1414] [MEGASCALE_TRANSPORT_INSTR] Recv: key=psum.7_0_sr_45_46|s200003->100003d|$c0$l706382387^i0 size=0 is_single_chunk=true is_aligned=true memcpy_needed=false
I0909 09:21:01.125604    1858 grpc_transport.cc:1743] [MEGASCALE_TRANSPORT_INSTR] SendRpc: key=psum.7_0_1_ag_0_sr_7_8|s100005->200005d|$c0$l706382387^i0 size=8388608 queue_latency_us=1 attempt=0
I0909 09:21:01.133194    1862 grpc_transport.cc:1743] [MEGASCALE_TRANSPORT_INSTR] SendRpc: key=psum.7_0_1_ag_0_sr_51_52|s100001->200001d|$c0$l706382387^i0 size=8388608 queue_latency_us=0 attempt=0
I0909 09:21:01.138798    1699 grpc_transport.cc:1414] [MEGASCALE_TRANSPORT_INSTR] Recv: key=psum.7_0_1_ag_0_sr_111_112|s200005->100005d|$c0$l706382387^i0 size=0 is_single_chunk=true is_aligned=true memcpy_needed=false
I0909 09:21:01.150478    2200 grpc_transport.cc:1743] [MEGASCALE_TRANSPORT_INSTR] SendRpc: key=psum.7_0_1_ag_0_sr_24_25|s100003->200003d|$c0$l706382387^i0 size=8388608 queue_latency_us=0 attempt=0
I0909 09:21:01.162709     806 grpc_transport.cc:1743] [MEGASCALE_TRANSPORT_INSTR] SendRpc: key=psum.7_0_1_ag_0_sr_35_36|s100002->200002d|$c0$l706382387^i0 size=8388608 queue_latency_us=0 attempt=0
I0909 09:21:01.165287    1940 grpc_transport.cc:1414] [MEGASCALE_TRANSPORT_INSTR] Recv: key=psum.7_0_1_ag_0_sr_99_100|s200001->100001d|$c0$l706382387^i0 size=0 is_single_chunk=true is_aligned=true memcpy_needed=false
I0909 09:21:01.175776    1375 grpc_transport.cc:1743] [MEGASCALE_TRANSPORT_INSTR] SendRpc: key=psum.7_0_1_ag_0_sr_23_24|s100006->200006d|$c0$l706382387^i0 size=8388608 queue_latency_us=0 attempt=0
I0909 09:21:01.183557    2200 grpc_transport.cc:1414] [MEGASCALE_TRANSPORT_INSTR] Recv: key=psum.7_0_1_ag_0_sr_70_71|s200003->100003d|$c0$l706382387^i0 size=0 is_single_chunk=true is_aligned=true memcpy_needed=false
I0909 09:21:01.200029    1360 grpc_transport.cc:1414] [MEGASCALE_TRANSPORT_INSTR] Recv: key=psum.7_0_1_ag_0_sr_93_94|s200003->100003d|$c0$l706382387^i0 size=0 is_single_chunk=true is_aligned=true memcpy_needed=false
I0909 09:21:01.217258    1942 grpc_transport.cc:1414] [MEGASCALE_TRANSPORT_INSTR] Recv: key=psum.7_0_1_ag_0_sr_126_127|s200000->100000d|$c0$l706382387^i0 size=0 is_single_chunk=true is_aligned=true memcpy_needed=false
I0909 09:21:01.247575    2202 grpc_transport.cc:1414] [MEGASCALE_TRANSPORT_INSTR] Recv: key=psum.7_0_1_ag_0_sr_115_116|s200006->100006d|$c0$l706382387^i0 size=0 is_single_chunk=true is_aligned=true memcpy_needed=false
I0909 09:21:01.267623    1713 grpc_transport.cc:1743] [MEGASCALE_TRANSPORT_INSTR] SendRpc: key=psum.7_0_sr_99_100|s100005->200005d|$c0$l706382388^i0 size=8388608 queue_latency_us=0 attempt=0
I0909 09:21:01.271739    1951 grpc_transport.cc:1743] [MEGASCALE_TRANSPORT_INSTR] SendRpc: key=psum.7_0_sr_72_73|s100000->200000d|$c0$l706382388^i0 size=8388608 queue_latency_us=0 attempt=0
I0909 09:21:01.276202    1859 grpc_transport.cc:1743] [MEGASCALE_TRANSPORT_INSTR] SendRpc: key=psum.7_0_sr_92_93|s100000->200000d|$c0$l706382388^i0 size=8388608 queue_latency_us=0 attempt=0
I0909 09:21:01.280741    1940 grpc_transport.cc:1743] [MEGASCALE_TRANSPORT_INSTR] SendRpc: key=psum.7_0_sr_105_106|s100000->200000d|$c0$l706382388^i0 size=8388608 queue_latency_us=0 attempt=0
I0909 09:21:01.285876    2393 grpc_transport.cc:1743] [MEGASCALE_TRANSPORT_INSTR] SendRpc: key=psum.7_0_sr_122_123|s100003->200003d|$c0$l706382388^i0 size=8388608 queue_latency_us=0 attempt=0
I0909 09:21:01.322307    1701 grpc_transport.cc:1414] [MEGASCALE_TRANSPORT_INSTR] Recv: key=psum.7_0_sr_5_6|s200005->100005d|$c0$l706382388^i0 size=0 is_single_chunk=true is_aligned=true memcpy_needed=false
I0909 09:21:01.347453    1364 grpc_transport.cc:1414] [MEGASCALE_TRANSPORT_INSTR] Recv: key=psum.7_0_sr_35_36|s200003->100003d|$c0$l706382388^i0 size=0 is_single_chunk=true is_aligned=true memcpy_needed=false
I0909 09:21:01.349448    1858 grpc_transport.cc:1743] [MEGASCALE_TRANSPORT_INSTR] SendRpc: key=psum.7_0_1_ag_0_sr_50_51|s100001->200001d|$c0$l706382388^i0 size=8388608 queue_latency_us=0 attempt=0
I0909 09:21:01.364963    2200 grpc_transport.cc:1414] [MEGASCALE_TRANSPORT_INSTR] Recv: key=psum.7_0_sr_41_42|s200003->100003d|$c0$l706382388^i0 size=0 is_single_chunk=true is_aligned=true memcpy_needed=false
I0909 09:21:01.382493    1711 grpc_transport.cc:1414] [MEGASCALE_TRANSPORT_INSTR] Recv: key=psum.7_0_sr_36_37|s200002->100002d|$c0$l706382388^i0 size=0 is_single_chunk=true is_aligned=true memcpy_needed=false
I0909 09:21:01.402285    1945 grpc_transport.cc:1743] [MEGASCALE_TRANSPORT_INSTR] SendRpc: key=psum.7_0_1_ag_0_sr_56_57|s100005->200005d|$c0$l706382388^i0 size=8388608 queue_latency_us=0 attempt=0
I0909 09:21:01.408000    1937 grpc_transport.cc:1414] [MEGASCALE_TRANSPORT_INSTR] Recv: key=psum.7_0_1_ag_0_sr_65_66|s200005->100005d|$c0$l706382388^i0 size=0 is_single_chunk=true is_aligned=true memcpy_needed=false
I0909 09:21:01.412961    1861 grpc_transport.cc:1743] [MEGASCALE_TRANSPORT_INSTR] SendRpc: key=psum.7_0_1_ag_0_sr_58_59|s100004->200004d|$c0$l706382388^i0 size=8388608 queue_latency_us=0 attempt=0
I0909 09:21:01.424886    2208 grpc_transport.cc:1743] [MEGASCALE_TRANSPORT_INSTR] SendRpc: key=psum.7_0_1_ag_0_sr_31_32|s100007->200007d|$c0$l706382388^i0 size=8388608 queue_latency_us=0 attempt=0
I0909 09:21:01.427607    1710 grpc_transport.cc:1414] [MEGASCALE_TRANSPORT_INSTR] Recv: key=psum.7_0_1_ag_0_sr_81_82|s200004->100004d|$c0$l706382388^i0 size=0 is_single_chunk=true is_aligned=true memcpy_needed=false
I0909 09:21:01.441923    2392 grpc_transport.cc:1743] [MEGASCALE_TRANSPORT_INSTR] SendRpc: key=psum.7_0_1_ag_0_sr_5_6|s100002->200002d|$c0$l706382388^i0 size=8388608 queue_latency_us=0 attempt=0
I0909 09:21:01.447294    1861 grpc_transport.cc:1414] [MEGASCALE_TRANSPORT_INSTR] Recv: key=psum.7_0_1_ag_0_sr_73_74|s200001->100001d|$c0$l706382388^i0 size=0 is_single_chunk=true is_aligned=true memcpy_needed=false
I0909 09:21:01.463724    1937 grpc_transport.cc:1414] [MEGASCALE_TRANSPORT_INSTR] Recv: key=psum.7_0_1_ag_0_sr_124_125|s200001->100001d|$c0$l706382388^i0 size=0 is_single_chunk=true is_aligned=true memcpy_needed=false
I0909 09:21:01.480917    1711 grpc_transport.cc:1414] [MEGASCALE_TRANSPORT_INSTR] Recv: key=psum.7_0_1_ag_0_sr_99_100|s200003->100003d|$c0$l706382388^i0 size=0 is_single_chunk=true is_aligned=true memcpy_needed=false
I0909 09:21:01.507691    2202 grpc_transport.cc:1414] [MEGASCALE_TRANSPORT_INSTR] Recv: key=psum.7_0_1_ag_0_sr_109_110|s200006->100006d|$c0$l706382388^i0 size=0 is_single_chunk=true is_aligned=true memcpy_needed=false
I0909 09:21:01.533259    1728 grpc_transport.cc:1743] [MEGASCALE_TRANSPORT_INSTR] SendRpc: key=psum.7_0_sr_74_75|s100003->200003d|$c0$l706382389^i0 size=8388608 queue_latency_us=0 attempt=0
I0909 09:21:01.536374    2171 grpc_transport.cc:1743] [MEGASCALE_TRANSPORT_INSTR] SendRpc: key=psum.7_0_sr_85_86|s100001->200001d|$c0$l706382389^i0 size=8388608 queue_latency_us=0 attempt=0
I0909 09:21:01.539150    2232 grpc_transport.cc:1743] [MEGASCALE_TRANSPORT_INSTR] SendRpc: key=psum.7_0_sr_89_90|s100002->200002d|$c0$l706382389^i0 size=8388608 queue_latency_us=0 attempt=0
I0909 09:21:01.541658    2395 grpc_transport.cc:1743] [MEGASCALE_TRANSPORT_INSTR] SendRpc: key=psum.7_0_sr_97_98|s100006->200006d|$c0$l706382389^i0 size=8388608 queue_latency_us=0 attempt=0
I0909 09:21:01.545869    1379 grpc_transport.cc:1743] [MEGASCALE_TRANSPORT_INSTR] SendRpc: key=psum.7_0_sr_116_117|s100003->200003d|$c0$l706382389^i0 size=8388608 queue_latency_us=0 attempt=0
I0909 09:21:01.580646    1863 grpc_transport.cc:1414] [MEGASCALE_TRANSPORT_INSTR] Recv: key=psum.7_0_sr_54_55|s200004->100004d|$c0$l706382389^i0 size=0 is_single_chunk=true is_aligned=true memcpy_needed=false
I0909 09:21:01.597320    1701 grpc_transport.cc:1743] [MEGASCALE_TRANSPORT_INSTR] SendRpc: key=psum.7_0_1_ag_0_sr_26_27|s100004->200004d|$c0$l706382389^i0 size=8388608 queue_latency_us=0 attempt=0
I0909 09:21:01.608724    1699 grpc_transport.cc:1414] [MEGASCALE_TRANSPORT_INSTR] Recv: key=psum.7_0_sr_20_21|s200000->100000d|$c0$l706382389^i0 size=0 is_single_chunk=true is_aligned=true memcpy_needed=false
I0909 09:21:01.625918    2202 grpc_transport.cc:1414] [MEGASCALE_TRANSPORT_INSTR] Recv: key=psum.7_0_sr_23_24|s200002->100002d|$c0$l706382389^i0 size=0 is_single_chunk=true is_aligned=true memcpy_needed=false
I0909 09:21:01.643021    2200 grpc_transport.cc:1414] [MEGASCALE_TRANSPORT_INSTR] Recv: key=psum.7_0_sr_37_38|s200002->100002d|$c0$l706382389^i0 size=0 is_single_chunk=true is_aligned=true memcpy_needed=false
I0909 09:21:01.661001    1864 grpc_transport.cc:1743] [MEGASCALE_TRANSPORT_INSTR] SendRpc: key=psum.7_0_1_ag_0_sr_63_64|s100000->200000d|$c0$l706382389^i0 size=8388608 queue_latency_us=0 attempt=0
I0909 09:21:01.666172     803 grpc_transport.cc:1414] [MEGASCALE_TRANSPORT_INSTR] Recv: key=psum.7_0_sr_60_61|s200003->100003d|$c0$l706382389^i0 size=0 is_single_chunk=true is_aligned=true memcpy_needed=false
I0909 09:21:01.669158    1858 grpc_transport.cc:1743] [MEGASCALE_TRANSPORT_INSTR] SendRpc: key=psum.7_0_1_ag_0_sr_41_42|s100001->200001d|$c0$l706382389^i0 size=8388608 queue_latency_us=0 attempt=0
I0909 09:21:01.685475    2392 grpc_transport.cc:1743] [MEGASCALE_TRANSPORT_INSTR] SendRpc: key=psum.7_0_1_ag_0_sr_63_64|s100003->200003d|$c0$l706382389^i0 size=8388608 queue_latency_us=0 attempt=0
I0909 09:21:01.695598    2202 grpc_transport.cc:1743] [MEGASCALE_TRANSPORT_INSTR] SendRpc: key=psum.7_0_1_ag_0_sr_43_44|s100007->200007d|$c0$l706382389^i0 size=8388608 queue_latency_us=0 attempt=0
I0909 09:21:01.697048     786 grpc_transport.cc:1414] [MEGASCALE_TRANSPORT_INSTR] Recv: key=psum.7_0_1_ag_0_sr_115_116|s200000->100000d|$c0$l706382389^i0 size=0 is_single_chunk=true is_aligned=true memcpy_needed=false
I0909 09:21:01.723333    1939 grpc_transport.cc:1414] [MEGASCALE_TRANSPORT_INSTR] Recv: key=psum.7_0_1_ag_0_sr_123_124|s200004->100004d|$c0$l706382389^i0 size=0 is_single_chunk=true is_aligned=true memcpy_needed=false
I0909 09:21:01.741305    1937 grpc_transport.cc:1414] [MEGASCALE_TRANSPORT_INSTR] Recv: key=psum.7_0_1_ag_0_sr_98_99|s200001->100001d|$c0$l706382389^i0 size=0 is_single_chunk=true is_aligned=true memcpy_needed=false
I0909 09:21:01.758853    1355 grpc_transport.cc:1414] [MEGASCALE_TRANSPORT_INSTR] Recv: key=psum.7_0_1_ag_0_sr_126_127|s200001->100001d|$c0$l706382389^i0 size=0 is_single_chunk=true is_aligned=true memcpy_needed=false
I0909 09:21:01.780895    1375 grpc_transport.cc:1414] [MEGASCALE_TRANSPORT_INSTR] Recv: key=psum.7_0_1_ag_0_sr_83_84|s200006->100006d|$c0$l706382389^i0 size=0 is_single_chunk=true is_aligned=true memcpy_needed=false
I0909 09:21:01.804771     786 grpc_transport.cc:1743] [MEGASCALE_TRANSPORT_INSTR] SendRpc: key=psum.7_0_sr_79_80|s100005->200005d|$c0$l706382390^i0 size=8388608 queue_latency_us=0 attempt=0
I0909 09:21:01.808170    1371 grpc_transport.cc:1743] [MEGASCALE_TRANSPORT_INSTR] SendRpc: key=psum.7_0_sr_64_65|s100006->200006d|$c0$l706382390^i0 size=8388608 queue_latency_us=0 attempt=0
I0909 09:21:01.811658    1355 grpc_transport.cc:1743] [MEGASCALE_TRANSPORT_INSTR] SendRpc: key=psum.7_0_sr_110_111|s100000->200000d|$c0$l706382390^i0 size=8388608 queue_latency_us=0 attempt=0
I0909 09:21:01.815508    1885 grpc_transport.cc:1743] [MEGASCALE_TRANSPORT_INSTR] SendRpc: key=psum.7_0_sr_92_93|s100001->200001d|$c0$l706382390^i0 size=8388608 queue_latency_us=0 attempt=0
I0909 09:21:01.819485    1358 grpc_transport.cc:1743] [MEGASCALE_TRANSPORT_INSTR] SendRpc: key=psum.7_0_sr_108_109|s100001->200001d|$c0$l706382390^i0 size=8388608 queue_latency_us=0 attempt=0
I0909 09:21:01.842088    1360 grpc_transport.cc:1414] [MEGASCALE_TRANSPORT_INSTR] Recv: key=psum.7_0_sr_1_2|s200007->100007d|$c0$l706382390^i0 size=0 is_single_chunk=true is_aligned=true memcpy_needed=false
I0909 09:21:01.866530    1360 grpc_transport.cc:1414] [MEGASCALE_TRANSPORT_INSTR] Recv: key=psum.7_0_sr_4_5|s200003->100003d|$c0$l706382390^i0 size=0 is_single_chunk=true is_aligned=true memcpy_needed=false
I0909 09:21:01.872970    1938 grpc_transport.cc:1743] [MEGASCALE_TRANSPORT_INSTR] SendRpc: key=psum.7_0_1_ag_0_sr_10_11|s100004->200004d|$c0$l706382390^i0 size=8388608 queue_latency_us=0 attempt=0
I0909 09:21:01.888689    1860 grpc_transport.cc:1414] [MEGASCALE_TRANSPORT_INSTR] Recv: key=psum.7_0_sr_19_20|s200001->100001d|$c0$l706382390^i0 size=0 is_single_chunk=true is_aligned=true memcpy_needed=false
I0909 09:21:01.905337    1938 grpc_transport.cc:1414] [MEGASCALE_TRANSPORT_INSTR] Recv: key=psum.7_0_sr_42_43|s200001->100001d|$c0$l706382390^i0 size=0 is_single_chunk=true is_aligned=true memcpy_needed=false
I0909 09:21:01.914060    2392 grpc_transport.cc:1743] [MEGASCALE_TRANSPORT_INSTR] SendRpc: key=psum.7_0_1_ag_0_sr_37_38|s100002->200002d|$c0$l706382390^i0 size=8388608 queue_latency_us=1 attempt=0
I0909 09:21:01.923476    1699 grpc_transport.cc:1414] [MEGASCALE_TRANSPORT_INSTR] Recv: key=psum.7_0_sr_52_53|s200001->100001d|$c0$l706382390^i0 size=0 is_single_chunk=true is_aligned=true memcpy_needed=false
I0909 09:21:01.942818    1370 grpc_transport.cc:1743] [MEGASCALE_TRANSPORT_INSTR] SendRpc: key=psum.7_0_1_ag_0_sr_15_16|s100005->200005d|$c0$l706382390^i0 size=8388608 queue_latency_us=0 attempt=0
I0909 09:21:01.945794    1358 grpc_transport.cc:1414] [MEGASCALE_TRANSPORT_INSTR] Recv: key=psum.7_0_1_ag_0_sr_115_116|s200005->100005d|$c0$l706382390^i0 size=0 is_single_chunk=true is_aligned=true memcpy_needed=false
I0909 09:21:01.950051    1705 grpc_transport.cc:1743] [MEGASCALE_TRANSPORT_INSTR] SendRpc: key=psum.7_0_1_ag_0_sr_54_55|s100007->200007d|$c0$l706382390^i0 size=8388608 queue_latency_us=0 attempt=0
I0909 09:21:01.962121    2219 grpc_transport.cc:1743] [MEGASCALE_TRANSPORT_INSTR] SendRpc: key=psum.7_0_1_ag_0_sr_29_30|s100003->200003d|$c0$l706382390^i0 size=8388608 queue_latency_us=0 attempt=0
I0909 09:21:01.968794    2220 grpc_transport.cc:1743] [MEGASCALE_TRANSPORT_INSTR] SendRpc: key=psum.7_0_1_ag_0_sr_57_58|s100006->200006d|$c0$l706382390^i0 size=8388608 queue_latency_us=0 attempt=0
I0909 09:21:01.972879    1942 grpc_transport.cc:1414] [MEGASCALE_TRANSPORT_INSTR] Recv: key=psum.7_0_1_ag_0_sr_95_96|s200000->100000d|$c0$l706382390^i0 size=0 is_single_chunk=true is_aligned=true memcpy_needed=false
I0909 09:21:01.990677    2202 grpc_transport.cc:1414] [MEGASCALE_TRANSPORT_INSTR] Recv: key=psum.7_0_1_ag_0_sr_105_106|s200007->100007d|$c0$l706382390^i0 size=0 is_single_chunk=true is_aligned=true memcpy_needed=false
I0909 09:21:02.009737    1719 grpc_transport.cc:1414] [MEGASCALE_TRANSPORT_INSTR] Recv: key=psum.7_0_1_ag_0_sr_73_74|s200002->100002d|$c0$l706382390^i0 size=0 is_single_chunk=true is_aligned=true memcpy_needed=false
I0909 09:21:02.027465     803 grpc_transport.cc:1414] [MEGASCALE_TRANSPORT_INSTR] Recv: key=psum.7_0_1_ag_0_sr_94_95|s200002->100002d|$c0$l706382390^i0 size=0 is_single_chunk=true is_aligned=true memcpy_needed=false
I0909 09:21:02.066919    1699 grpc_transport.cc:1743] [MEGASCALE_TRANSPORT_INSTR] SendRpc: key=psum.7_0_sr_67_68|s100001->200001d|$c0$l706382391^i0 size=8388608 queue_latency_us=0 attempt=0
I0909 09:21:02.070666    2237 grpc_transport.cc:1743] [MEGASCALE_TRANSPORT_INSTR] SendRpc: key=psum.7_0_sr_65_66|s100002->200002d|$c0$l706382391^i0 size=8388608 queue_latency_us=0 attempt=0
I0909 09:21:02.074725    2171 grpc_transport.cc:1743] [MEGASCALE_TRANSPORT_INSTR] SendRpc: key=psum.7_0_sr_106_107|s100001->200001d|$c0$l706382391^i0 size=8388608 queue_latency_us=0 attempt=0
I0909 09:21:02.079291    1364 grpc_transport.cc:1743] [MEGASCALE_TRANSPORT_INSTR] SendRpc: key=psum.7_0_sr_107_108|s100003->200003d|$c0$l706382391^i0 size=8388608 queue_latency_us=0 attempt=0
I0909 09:21:02.084834    1735 grpc_transport.cc:1743] [MEGASCALE_TRANSPORT_INSTR] SendRpc: key=psum.7_0_sr_110_111|s100002->200002d|$c0$l706382391^i0 size=8388608 queue_latency_us=0 attempt=0
I0909 09:21:02.130684    1858 grpc_transport.cc:1414] [MEGASCALE_TRANSPORT_INSTR] Recv: key=psum.7_0_sr_0_1|s200001->100001d|$c0$l706382391^i0 size=0 is_single_chunk=true is_aligned=true memcpy_needed=false
I0909 09:21:02.161225    1858 grpc_transport.cc:1414] [MEGASCALE_TRANSPORT_INSTR] Recv: key=psum.7_0_sr_1_2|s200004->100004d|$c0$l706382391^i0 size=0 is_single_chunk=true is_aligned=true memcpy_needed=false
I0909 09:21:02.184039    2393 grpc_transport.cc:1414] [MEGASCALE_TRANSPORT_INSTR] Recv: key=psum.7_0_sr_10_11|s200002->100002d|$c0$l706382391^i0 size=0 is_single_chunk=true is_aligned=true memcpy_needed=false
I0909 09:21:02.202141    1858 grpc_transport.cc:1414] [MEGASCALE_TRANSPORT_INSTR] Recv: key=psum.7_0_sr_49_50|s200000->100000d|$c0$l706382391^i0 size=0 is_single_chunk=true is_aligned=true memcpy_needed=false
I0909 09:21:02.220430    2392 grpc_transport.cc:1414] [MEGASCALE_TRANSPORT_INSTR] Recv: key=psum.7_0_sr_47_48|s200007->100007d|$c0$l706382391^i0 size=0 is_single_chunk=true is_aligned=true memcpy_needed=false
I0909 09:21:02.224261    1859 grpc_transport.cc:1743] [MEGASCALE_TRANSPORT_INSTR] SendRpc: key=psum.7_0_1_ag_0_sr_17_18|s100001->200001d|$c0$l706382391^i0 size=8388608 queue_latency_us=0 attempt=0
I0909 09:21:02.236671    1699 grpc_transport.cc:1743] [MEGASCALE_TRANSPORT_INSTR] SendRpc: key=psum.7_0_1_ag_0_sr_8_9|s100000->200000d|$c0$l706382391^i0 size=8388608 queue_latency_us=0 attempt=0
I0909 09:21:02.243770     803 grpc_transport.cc:1414] [MEGASCALE_TRANSPORT_INSTR] Recv: key=psum.7_0_sr_51_52|s200002->100002d|$c0$l706382391^i0 size=0 is_single_chunk=true is_aligned=true memcpy_needed=false
I0909 09:21:02.254818    1364 grpc_transport.cc:1743] [MEGASCALE_TRANSPORT_INSTR] SendRpc: key=psum.7_0_1_ag_0_sr_21_22|s100002->200002d|$c0$l706382391^i0 size=8388608 queue_latency_us=0 attempt=0
I0909 09:21:02.262348    1864 grpc_transport.cc:1414] [MEGASCALE_TRANSPORT_INSTR] Recv: key=psum.7_0_1_ag_0_sr_96_97|s200000->100000d|$c0$l706382391^i0 size=0 is_single_chunk=true is_aligned=true memcpy_needed=false
I0909 09:21:02.266288    1360 grpc_transport.cc:1743] [MEGASCALE_TRANSPORT_INSTR] SendRpc: key=psum.7_0_1_ag_0_sr_30_31|s100006->200006d|$c0$l706382391^i0 size=8388608 queue_latency_us=0 attempt=0
I0909 09:21:02.278912    2202 grpc_transport.cc:1743] [MEGASCALE_TRANSPORT_INSTR] SendRpc: key=psum.7_0_1_ag_0_sr_35_36|s100007->200007d|$c0$l706382391^i0 size=8388608 queue_latency_us=0 attempt=0
I0909 09:21:02.281542    1371 grpc_transport.cc:1414] [MEGASCALE_TRANSPORT_INSTR] Recv: key=psum.7_0_1_ag_0_sr_68_69|s200006->100006d|$c0$l706382391^i0 size=0 is_single_chunk=true is_aligned=true memcpy_needed=false
I0909 09:21:02.297680    1943 grpc_transport.cc:1414] [MEGASCALE_TRANSPORT_INSTR] Recv: key=psum.7_0_1_ag_0_sr_84_85|s200005->100005d|$c0$l706382391^i0 size=0 is_single_chunk=true is_aligned=true memcpy_needed=false
I0909 09:21:02.314595    1364 grpc_transport.cc:1414] [MEGASCALE_TRANSPORT_INSTR] Recv: key=psum.7_0_1_ag_0_sr_106_107|s200003->100003d|$c0$l706382391^i0 size=0 is_single_chunk=true is_aligned=true memcpy_needed=false
I0909 09:21:02.360394    1375 grpc_transport.cc:1743] [MEGASCALE_TRANSPORT_INSTR] SendRpc: key=psum.7_0_sr_68_69|s100002->200002d|$c0$l706382392^i0 size=8388608 queue_latency_us=0 attempt=0
I0909 09:21:02.364169    2170 grpc_transport.cc:1743] [MEGASCALE_TRANSPORT_INSTR] SendRpc: key=psum.7_0_sr_76_77|s100000->200000d|$c0$l706382392^i0 size=8388608 queue_latency_us=0 attempt=0
I0909 09:21:02.368150    1737 grpc_transport.cc:1743] [MEGASCALE_TRANSPORT_INSTR] SendRpc: key=psum.7_0_sr_97_98|s100002->200002d|$c0$l706382392^i0 size=8388608 queue_latency_us=0 attempt=0
I0909 09:21:02.372323     789 grpc_transport.cc:1743] [MEGASCALE_TRANSPORT_INSTR] SendRpc: key=psum.7_0_sr_123_124|s100001->200001d|$c0$l706382392^i0 size=8388608 queue_latency_us=0 attempt=0
I0909 09:21:02.377418    1877 grpc_transport.cc:1743] [MEGASCALE_TRANSPORT_INSTR] SendRpc: key=psum.7_0_sr_112_113|s100000->200000d|$c0$l706382392^i0 size=8388608 queue_latency_us=0 attempt=0
I0909 09:21:02.392633    1352 grpc_transport.cc:1414] [MEGASCALE_TRANSPORT_INSTR] Recv: key=psum.7_0_sr_2_3|s200000->100000d|$c0$l706382392^i0 size=0 is_single_chunk=true is_aligned=true memcpy_needed=false
I0909 09:21:02.431588    1858 grpc_transport.cc:1414] [MEGASCALE_TRANSPORT_INSTR] Recv: key=psum.7_0_sr_2_3|s200001->100001d|$c0$l706382392^i0 size=0 is_single_chunk=true is_aligned=true memcpy_needed=false
I0909 09:21:02.453359    1858 grpc_transport.cc:1414] [MEGASCALE_TRANSPORT_INSTR] Recv: key=psum.7_0_sr_26_27|s200001->100001d|$c0$l706382392^i0 size=0 is_single_chunk=true is_aligned=true memcpy_needed=false
I0909 09:21:02.472182    2392 grpc_transport.cc:1414] [MEGASCALE_TRANSPORT_INSTR] Recv: key=psum.7_0_sr_25_26|s200003->100003d|$c0$l706382392^i0 size=0 is_single_chunk=true is_aligned=true memcpy_needed=false
I0909 09:21:02.488130    1937 grpc_transport.cc:1743] [MEGASCALE_TRANSPORT_INSTR] SendRpc: key=psum.7_0_1_ag_0_sr_59_60|s100000->200000d|$c0$l706382392^i0 size=8388608 queue_latency_us=0 attempt=0
I0909 09:21:02.490484    2392 grpc_transport.cc:1414] [MEGASCALE_TRANSPORT_INSTR] Recv: key=psum.7_0_sr_45_46|s200007->100007d|$c0$l706382392^i0 size=0 is_single_chunk=true is_aligned=true memcpy_needed=false
I0909 09:21:02.506358    1702 grpc_transport.cc:1743] [MEGASCALE_TRANSPORT_INSTR] SendRpc: key=psum.7_0_1_ag_0_sr_39_40|s100001->200001d|$c0$l706382392^i0 size=8388608 queue_latency_us=0 attempt=0
I0909 09:21:02.512313     803 grpc_transport.cc:1414] [MEGASCALE_TRANSPORT_INSTR] Recv: key=psum.7_0_sr_46_47|s200006->100006d|$c0$l706382392^i0 size=0 is_single_chunk=true is_aligned=true memcpy_needed=false
I0909 09:21:02.526715    2202 grpc_transport.cc:1743] [MEGASCALE_TRANSPORT_INSTR] SendRpc: key=psum.7_0_1_ag_0_sr_8_9|s100007->200007d|$c0$l706382392^i0 size=8388608 queue_latency_us=1 attempt=0
I0909 09:21:02.536099    2200 grpc_transport.cc:1414] [MEGASCALE_TRANSPORT_INSTR] Recv: key=psum.7_0_sr_60_61|s200006->100006d|$c0$l706382392^i0 size=0 is_single_chunk=true is_aligned=true memcpy_needed=false
I0909 09:21:02.539671    2206 grpc_transport.cc:1743] [MEGASCALE_TRANSPORT_INSTR] SendRpc: key=psum.7_0_1_ag_0_sr_41_42|s100003->200003d|$c0$l706382392^i0 size=8388608 queue_latency_us=0 attempt=0
I0909 09:21:02.557792     789 grpc_transport.cc:1414] [MEGASCALE_TRANSPORT_INSTR] Recv: key=psum.7_0_1_ag_0_sr_91_92|s200001->100001d|$c0$l706382392^i0 size=0 is_single_chunk=true is_aligned=true memcpy_needed=false
I0909 09:21:02.557799    1401 grpc_transport.cc:1743] [MEGASCALE_TRANSPORT_INSTR] SendRpc: key=psum.7_0_1_ag_0_sr_22_23|s100006->200006d|$c0$l706382392^i0 size=8388608 queue_latency_us=0 attempt=0
I0909 09:21:02.574787    1702 grpc_transport.cc:1414] [MEGASCALE_TRANSPORT_INSTR] Recv: key=psum.7_0_1_ag_0_sr_75_76|s200000->100000d|$c0$l706382392^i0 size=0 is_single_chunk=true is_aligned=true memcpy_needed=false
I0909 09:21:02.591585    2200 grpc_transport.cc:1414] [MEGASCALE_TRANSPORT_INSTR] Recv: key=psum.7_0_1_ag_0_sr_74_75|s200006->100006d|$c0$l706382392^i0 size=0 is_single_chunk=true is_aligned=true memcpy_needed=false
I0909 09:21:02.623089    2202 grpc_transport.cc:1414] [MEGASCALE_TRANSPORT_INSTR] Recv: key=psum.7_0_1_ag_0_sr_112_113|s200003->100003d|$c0$l706382392^i0 size=0 is_single_chunk=true is_aligned=true memcpy_needed=false
I0909 09:21:02.640362    1705 grpc_transport.cc:1743] [MEGASCALE_TRANSPORT_INSTR] SendRpc: key=psum.7_0_sr_65_66|s100007->200007d|$c0$l706382393^i0 size=8388608 queue_latency_us=0 attempt=0
I0909 09:21:02.644052    2214 grpc_transport.cc:1743] [MEGASCALE_TRANSPORT_INSTR] SendRpc: key=psum.7_0_sr_75_76|s100006->200006d|$c0$l706382393^i0 size=8388608 queue_latency_us=0 attempt=0
I0909 09:21:02.647446    1884 grpc_transport.cc:1743] [MEGASCALE_TRANSPORT_INSTR] SendRpc: key=psum.7_0_sr_87_88|s100005->200005d|$c0$l706382393^i0 size=8388608 queue_latency_us=0 attempt=0
I0909 09:21:02.650249    1401 grpc_transport.cc:1743] [MEGASCALE_TRANSPORT_INSTR] SendRpc: key=psum.7_0_sr_125_126|s100003->200003d|$c0$l706382393^i0 size=8388608 queue_latency_us=0 attempt=0
I0909 09:21:02.654593    2200 grpc_transport.cc:1743] [MEGASCALE_TRANSPORT_INSTR] SendRpc: key=psum.7_0_sr_111_112|s100006->200006d|$c0$l706382393^i0 size=8388608 queue_latency_us=0 attempt=0
I0909 09:21:02.705021    1860 grpc_transport.cc:1414] [MEGASCALE_TRANSPORT_INSTR] Recv: key=psum.7_0_sr_22_23|s200004->100004d|$c0$l706382393^i0 size=0 is_single_chunk=true is_aligned=true memcpy_needed=false
I0909 09:21:02.727878    2200 grpc_transport.cc:1414] [MEGASCALE_TRANSPORT_INSTR] Recv: key=psum.7_0_sr_15_16|s200002->100002d|$c0$l706382393^i0 size=0 is_single_chunk=true is_aligned=true memcpy_needed=false
I0909 09:21:02.746623    2200 grpc_transport.cc:1414] [MEGASCALE_TRANSPORT_INSTR] Recv: key=psum.7_0_sr_12_13|s200006->100006d|$c0$l706382393^i0 size=0 is_single_chunk=true is_aligned=true memcpy_needed=false
I0909 09:21:02.765854    1865 grpc_transport.cc:1414] [MEGASCALE_TRANSPORT_INSTR] Recv: key=psum.7_0_sr_40_41|s200005->100005d|$c0$l706382393^i0 size=0 is_single_chunk=true is_aligned=true memcpy_needed=false
I0909 09:21:02.767740    1701 grpc_transport.cc:1743] [MEGASCALE_TRANSPORT_INSTR] SendRpc: key=psum.7_0_1_ag_0_sr_36_37|s100000->200000d|$c0$l706382393^i0 size=8388608 queue_latency_us=0 attempt=0
I0909 09:21:02.782765    1859 grpc_transport.cc:1743] [MEGASCALE_TRANSPORT_INSTR] SendRpc: key=psum.7_0_1_ag_0_sr_11_12|s100001->200001d|$c0$l706382393^i0 size=8388608 queue_latency_us=0 attempt=0
I0909 09:21:02.789738    2200 grpc_transport.cc:1414] [MEGASCALE_TRANSPORT_INSTR] Recv: key=psum.7_0_sr_40_41|s200002->100002d|$c0$l706382393^i0 size=0 is_single_chunk=true is_aligned=true memcpy_needed=false
I0909 09:21:02.794845    1360 grpc_transport.cc:1743] [MEGASCALE_TRANSPORT_INSTR] SendRpc: key=psum.7_0_1_ag_0_sr_43_44|s100003->200003d|$c0$l706382393^i0 size=8388608 queue_latency_us=1 attempt=0
I0909 09:21:02.818647    1711 grpc_transport.cc:1414] [MEGASCALE_TRANSPORT_INSTR] Recv: key=psum.7_0_sr_50_51|s200002->100002d|$c0$l706382393^i0 size=0 is_single_chunk=true is_aligned=true memcpy_needed=false
I0909 09:21:02.830228    2392 grpc_transport.cc:1743] [MEGASCALE_TRANSPORT_INSTR] SendRpc: key=psum.7_0_1_ag_0_sr_16_17|s100006->200006d|$c0$l706382393^i0 size=8388608 queue_latency_us=0 attempt=0
I0909 09:21:02.839253    1711 grpc_transport.cc:1414] [MEGASCALE_TRANSPORT_INSTR] Recv: key=psum.7_0_1_ag_0_sr_89_90|s200003->100003d|$c0$l706382393^i0 size=0 is_single_chunk=true is_aligned=true memcpy_needed=false
I0909 09:21:02.847144    1730 grpc_transport.cc:1743] [MEGASCALE_TRANSPORT_INSTR] SendRpc: key=psum.7_0_1_ag_0_sr_50_51|s100002->200002d|$c0$l706382393^i0 size=8388608 queue_latency_us=0 attempt=0
I0909 09:21:02.858556    1711 grpc_transport.cc:1414] [MEGASCALE_TRANSPORT_INSTR] Recv: key=psum.7_0_1_ag_0_sr_76_77|s200007->100007d|$c0$l706382393^i0 size=0 is_single_chunk=true is_aligned=true memcpy_needed=false
I0909 09:21:02.873812    1701 grpc_transport.cc:1414] [MEGASCALE_TRANSPORT_INSTR] Recv: key=psum.7_0_1_ag_0_sr_125_126|s200004->100004d|$c0$l706382393^i0 size=0 is_single_chunk=true is_aligned=true memcpy_needed=false
I0909 09:21:02.905112    2200 grpc_transport.cc:1414] [MEGASCALE_TRANSPORT_INSTR] Recv: key=psum.7_0_1_ag_0_sr_79_80|s200006->100006d|$c0$l706382393^i0 size=0 is_single_chunk=true is_aligned=true memcpy_needed=false
I0909 09:21:02.928800    1361 grpc_transport.cc:1743] [MEGASCALE_TRANSPORT_INSTR] SendRpc: key=psum.7_0_sr_69_70|s100001->200001d|$c0$l706382394^i0 size=8388608 queue_latency_us=0 attempt=0
I0909 09:21:02.931613    1361 grpc_transport.cc:1743] [MEGASCALE_TRANSPORT_INSTR] SendRpc: key=psum.7_0_sr_75_76|s100004->200004d|$c0$l706382394^i0 size=8388608 queue_latency_us=0 attempt=0
I0909 09:21:02.935032     789 grpc_transport.cc:1743] [MEGASCALE_TRANSPORT_INSTR] SendRpc: key=psum.7_0_sr_85_86|s100004->200004d|$c0$l706382394^i0 size=8388608 queue_latency_us=0 attempt=0
I0909 09:21:02.938825    1949 grpc_transport.cc:1743] [MEGASCALE_TRANSPORT_INSTR] SendRpc: key=psum.7_0_sr_101_102|s100001->200001d|$c0$l706382394^i0 size=8388608 queue_latency_us=0 attempt=0
I0909 09:21:02.943316    1702 grpc_transport.cc:1743] [MEGASCALE_TRANSPORT_INSTR] SendRpc: key=psum.7_0_sr_118_119|s100001->200001d|$c0$l706382394^i0 size=8388608 queue_latency_us=0 attempt=0
I0909 09:21:02.952890     792 grpc_transport.cc:1414] [MEGASCALE_TRANSPORT_INSTR] Recv: key=psum.7_0_sr_21_22|s200000->100000d|$c0$l706382394^i0 size=0 is_single_chunk=true is_aligned=true memcpy_needed=false
I0909 09:21:02.975874    1358 grpc_transport.cc:1414] [MEGASCALE_TRANSPORT_INSTR] Recv: key=psum.7_0_sr_8_9|s200005->100005d|$c0$l706382394^i0 size=0 is_single_chunk=true is_aligned=true memcpy_needed=false
I0909 09:21:02.995108    1860 grpc_transport.cc:1414] [MEGASCALE_TRANSPORT_INSTR] Recv: key=psum.7_0_sr_34_35|s200005->100005d|$c0$l706382394^i0 size=0 is_single_chunk=true is_aligned=true memcpy_needed=false
I0909 09:21:03.012294    1711 grpc_transport.cc:1414] [MEGASCALE_TRANSPORT_INSTR] Recv: key=psum.7_0_sr_39_40|s200003->100003d|$c0$l706382394^i0 size=0 is_single_chunk=true is_aligned=true memcpy_needed=false
I0909 09:21:03.030742    1939 grpc_transport.cc:1414] [MEGASCALE_TRANSPORT_INSTR] Recv: key=psum.7_0_sr_62_63|s200004->100004d|$c0$l706382394^i0 size=0 is_single_chunk=true is_aligned=true memcpy_needed=false
I0909 09:21:03.036024    1706 grpc_transport.cc:1743] [MEGASCALE_TRANSPORT_INSTR] SendRpc: key=psum.7_0_1_ag_0_sr_13_14|s100004->200004d|$c0$l706382394^i0 size=8388608 queue_latency_us=0 attempt=0
I0909 09:21:03.048112    1710 grpc_transport.cc:1743] [MEGASCALE_TRANSPORT_INSTR] SendRpc: key=psum.7_0_1_ag_0_sr_50_51|s100001->200001d|$c0$l706382394^i0 size=8388608 queue_latency_us=0 attempt=0
I0909 09:21:03.061200    1701 grpc_transport.cc:1743] [MEGASCALE_TRANSPORT_INSTR] SendRpc: key=psum.7_0_1_ag_0_sr_22_23|s100005->200005d|$c0$l706382394^i0 size=8388608 queue_latency_us=0 attempt=0
I0909 09:21:03.068446    1759 grpc_transport.cc:1743] [MEGASCALE_TRANSPORT_INSTR] SendRpc: key=psum.7_0_1_ag_0_sr_26_27|s100002->200002d|$c0$l706382394^i0 size=8388608 queue_latency_us=0 attempt=0
I0909 09:21:03.070996    2208 grpc_transport.cc:1414] [MEGASCALE_TRANSPORT_INSTR] Recv: key=psum.7_0_1_ag_0_sr_108_109|s200002->100002d|$c0$l706382394^i0 size=0 is_single_chunk=true is_aligned=true memcpy_needed=false
I0909 09:21:03.072843     803 grpc_transport.cc:1743] [MEGASCALE_TRANSPORT_INSTR] SendRpc: key=psum.7_0_1_ag_0_sr_32_33|s100007->200007d|$c0$l706382394^i0 size=8388608 queue_latency_us=0 attempt=0
I0909 09:21:03.089726    2206 grpc_transport.cc:1414] [MEGASCALE_TRANSPORT_INSTR] Recv: key=psum.7_0_1_ag_0_sr_83_84|s200007->100007d|$c0$l706382394^i0 size=0 is_single_chunk=true is_aligned=true memcpy_needed=false
I0909 09:21:03.109493    1938 grpc_transport.cc:1414] [MEGASCALE_TRANSPORT_INSTR] Recv: key=psum.7_0_1_ag_0_sr_78_79|s200004->100004d|$c0$l706382394^i0 size=0 is_single_chunk=true is_aligned=true memcpy_needed=false
I0909 09:21:03.128907    1858 grpc_transport.cc:1414] [MEGASCALE_TRANSPORT_INSTR] Recv: key=psum.7_0_1_ag_0_sr_93_94|s200004->100004d|$c0$l706382394^i0 size=0 is_single_chunk=true is_aligned=true memcpy_needed=false
I0909 09:21:03.147537    1860 grpc_transport.cc:1414] [MEGASCALE_TRANSPORT_INSTR] Recv: key=psum.7_0_1_ag_0_sr_107_108|s200004->100004d|$c0$l706382394^i0 size=0 is_single_chunk=true is_aligned=true memcpy_needed=false
I0909 09:21:03.165588    2392 grpc_transport.cc:1743] [MEGASCALE_TRANSPORT_INSTR] SendRpc: key=all-reduce_0_ag_0_sr_0_1|s100002->200002d|$c0$l-493875067^i0 size=512 queue_latency_us=0 attempt=0
I0909 09:21:03.207406    1954 grpc_transport.cc:1743] [MEGASCALE_TRANSPORT_INSTR] SendRpc: key=psum.7_0_sr_87_88|s100004->200004d|$c0$l706382395^i0 size=8388608 queue_latency_us=0 attempt=0
I0909 09:21:03.210821    1741 grpc_transport.cc:1743] [MEGASCALE_TRANSPORT_INSTR] SendRpc: key=psum.7_0_sr_71_72|s100003->200003d|$c0$l706382395^i0 size=8388608 queue_latency_us=0 attempt=0
I0909 09:21:03.213193    2244 grpc_transport.cc:1743] [MEGASCALE_TRANSPORT_INSTR] SendRpc: key=psum.7_0_sr_85_86|s100007->200007d|$c0$l706382395^i0 size=8388608 queue_latency_us=10 attempt=0
I0909 09:21:03.217079    2200 grpc_transport.cc:1743] [MEGASCALE_TRANSPORT_INSTR] SendRpc: key=psum.7_0_sr_108_109|s100002->200002d|$c0$l706382395^i0 size=8388608 queue_latency_us=0 attempt=0
I0909 09:21:03.219281    2210 grpc_transport.cc:1414] [MEGASCALE_TRANSPORT_INSTR] Recv: key=psum.7_0_sr_2_3|s200006->100006d|$c0$l706382395^i0 size=0 is_single_chunk=true is_aligned=true memcpy_needed=false
I0909 09:21:03.221113    2394 grpc_transport.cc:1743] [MEGASCALE_TRANSPORT_INSTR] SendRpc: key=psum.7_0_sr_120_121|s100002->200002d|$c0$l706382395^i0 size=8388608 queue_latency_us=1 attempt=0
I0909 09:21:03.247844    1865 grpc_transport.cc:1414] [MEGASCALE_TRANSPORT_INSTR] Recv: key=psum.7_0_sr_9_10|s200005->100005d|$c0$l706382395^i0 size=0 is_single_chunk=true is_aligned=true memcpy_needed=false
I0909 09:21:03.266422    1358 grpc_transport.cc:1414] [MEGASCALE_TRANSPORT_INSTR] Recv: key=psum.7_0_sr_34_35|s200000->100000d|$c0$l706382395^i0 size=0 is_single_chunk=true is_aligned=true memcpy_needed=false
I0909 09:21:03.283267    1702 grpc_transport.cc:1414] [MEGASCALE_TRANSPORT_INSTR] Recv: key=psum.7_0_sr_36_37|s200005->100005d|$c0$l706382395^i0 size=0 is_single_chunk=true is_aligned=true memcpy_needed=false
I0909 09:21:03.300999    1860 grpc_transport.cc:1414] [MEGASCALE_TRANSPORT_INSTR] Recv: key=psum.7_0_sr_56_57|s200001->100001d|$c0$l706382395^i0 size=0 is_single_chunk=true is_aligned=true memcpy_needed=false
I0909 09:21:03.323833    1943 grpc_transport.cc:1743] [MEGASCALE_TRANSPORT_INSTR] SendRpc: key=psum.7_0_1_ag_0_sr_50_51|s100004->200004d|$c0$l706382395^i0 size=8388608 queue_latency_us=0 attempt=0
I0909 09:21:03.331767    2202 grpc_transport.cc:1743] [MEGASCALE_TRANSPORT_INSTR] SendRpc: key=psum.7_0_1_ag_0_sr_23_24|s100006->200006d|$c0$l706382395^i0 size=8388608 queue_latency_us=0 attempt=0
I0909 09:21:03.337401    1737 grpc_transport.cc:1743] [MEGASCALE_TRANSPORT_INSTR] SendRpc: key=psum.7_0_1_ag_0_sr_57_58|s100006->200006d|$c0$l706382395^i0 size=8388608 queue_latency_us=0 attempt=0
I0909 09:21:03.343380    1938 grpc_transport.cc:1414] [MEGASCALE_TRANSPORT_INSTR] Recv: key=psum.7_0_1_ag_0_sr_70_71|s200004->100004d|$c0$l706382395^i0 size=0 is_single_chunk=true is_aligned=true memcpy_needed=false
I0909 09:21:03.346775    2206 grpc_transport.cc:1743] [MEGASCALE_TRANSPORT_INSTR] SendRpc: key=psum.7_0_1_ag_0_sr_26_27|s100007->200007d|$c0$l706382395^i0 size=8388608 queue_latency_us=0 attempt=0
I0909 09:21:03.352814    1371 grpc_transport.cc:1743] [MEGASCALE_TRANSPORT_INSTR] SendRpc: key=psum.7_0_1_ag_0_sr_28_29|s100003->200003d|$c0$l706382395^i0 size=8388608 queue_latency_us=0 attempt=0
I0909 09:21:03.374391    1940 grpc_transport.cc:1414] [MEGASCALE_TRANSPORT_INSTR] Recv: key=psum.7_0_1_ag_0_sr_90_91|s200000->100000d|$c0$l706382395^i0 size=0 is_single_chunk=true is_aligned=true memcpy_needed=false
I0909 09:21:03.399120    1352 grpc_transport.cc:1414] [MEGASCALE_TRANSPORT_INSTR] Recv: key=psum.7_0_1_ag_0_sr_71_72|s200001->100001d|$c0$l706382395^i0 size=0 is_single_chunk=true is_aligned=true memcpy_needed=false
I0909 09:21:03.418928    1371 grpc_transport.cc:1414] [MEGASCALE_TRANSPORT_INSTR] Recv: key=psum.7_0_1_ag_0_sr_82_83|s200003->100003d|$c0$l706382395^i0 size=0 is_single_chunk=true is_aligned=true memcpy_needed=false
I0909 09:21:03.438082    2202 grpc_transport.cc:1414] [MEGASCALE_TRANSPORT_INSTR] Recv: key=psum.7_0_1_ag_0_sr_112_113|s200006->100006d|$c0$l706382395^i0 size=0 is_single_chunk=true is_aligned=true memcpy_needed=false
I0909 09:21:03.477314    2202 grpc_transport.cc:1414] [MEGASCALE_TRANSPORT_INSTR] Recv: key=psum.7_0_1_ag_0_sr_118_119|s200002->100002d|$c0$l706382395^i0 size=0 is_single_chunk=true is_aligned=true memcpy_needed=false
I0909 09:21:03.502490    1391 grpc_transport.cc:1743] [MEGASCALE_TRANSPORT_INSTR] SendRpc: key=psum.7_0_sr_77_78|s100003->200003d|$c0$l706382396^i0 size=8388608 queue_latency_us=0 attempt=0
I0909 09:21:03.506367    1728 grpc_transport.cc:1743] [MEGASCALE_TRANSPORT_INSTR] SendRpc: key=psum.7_0_sr_78_79|s100002->200002d|$c0$l706382396^i0 size=8388608 queue_latency_us=0 attempt=0
I0909 09:21:03.511662    1940 grpc_transport.cc:1743] [MEGASCALE_TRANSPORT_INSTR] SendRpc: key=psum.7_0_sr_103_104|s100005->200005d|$c0$l706382396^i0 size=8388608 queue_latency_us=0 attempt=0
I0909 09:21:03.515777     806 grpc_transport.cc:1414] [MEGASCALE_TRANSPORT_INSTR] Recv: key=psum.7_0_sr_41_42|s200006->100006d|$c0$l706382396^i0 size=0 is_single_chunk=true is_aligned=true memcpy_needed=false
I0909 09:21:03.516153    2392 grpc_transport.cc:1743] [MEGASCALE_TRANSPORT_INSTR] SendRpc: key=psum.7_0_sr_122_123|s100002->200002d|$c0$l706382396^i0 size=8388608 queue_latency_us=0 attempt=0
I0909 09:21:03.541860    1358 grpc_transport.cc:1414] [MEGASCALE_TRANSPORT_INSTR] Recv: key=psum.7_0_sr_25_26|s200001->100001d|$c0$l706382396^i0 size=0 is_single_chunk=true is_aligned=true memcpy_needed=false
I0909 09:21:03.543675    1711 grpc_transport.cc:1743] [MEGASCALE_TRANSPORT_INSTR] SendRpc: key=psum.7_0_sr_78_79|s100007->200007d|$c0$l706382396^i0 size=8388608 queue_latency_us=0 attempt=0
I0909 09:21:03.559700    1705 grpc_transport.cc:1414] [MEGASCALE_TRANSPORT_INSTR] Recv: key=psum.7_0_sr_19_20|s200007->100007d|$c0$l706382396^i0 size=0 is_single_chunk=true is_aligned=true memcpy_needed=false
I0909 09:21:03.577263    1352 grpc_transport.cc:1414] [MEGASCALE_TRANSPORT_INSTR] Recv: key=psum.7_0_sr_43_44|s200005->100005d|$c0$l706382396^i0 size=0 is_single_chunk=true is_aligned=true memcpy_needed=false
I0909 09:21:03.594854    1358 grpc_transport.cc:1414] [MEGASCALE_TRANSPORT_INSTR] Recv: key=psum.7_0_sr_58_59|s200001->100001d|$c0$l706382396^i0 size=0 is_single_chunk=true is_aligned=true memcpy_needed=false
I0909 09:21:03.605400    1947 grpc_transport.cc:1743] [MEGASCALE_TRANSPORT_INSTR] SendRpc: key=psum.7_0_1_ag_0_sr_33_34|s100000->200000d|$c0$l706382396^i0 size=8388608 queue_latency_us=0 attempt=0
I0909 09:21:03.612357    2210 grpc_transport.cc:1743] [MEGASCALE_TRANSPORT_INSTR] SendRpc: key=psum.7_0_1_ag_0_sr_38_39|s100006->200006d|$c0$l706382396^i0 size=8388608 queue_latency_us=0 attempt=0
I0909 09:21:03.620538    1864 grpc_transport.cc:1743] [MEGASCALE_TRANSPORT_INSTR] SendRpc: key=psum.7_0_1_ag_0_sr_33_34|s100005->200005d|$c0$l706382396^i0 size=8388608 queue_latency_us=0 attempt=0
I0909 09:21:03.629507     788 grpc_transport.cc:1743] [MEGASCALE_TRANSPORT_INSTR] SendRpc: key=psum.7_0_1_ag_0_sr_5_6|s100001->200001d|$c0$l706382396^i0 size=8388608 queue_latency_us=0 attempt=0
I0909 09:21:03.635496    1864 grpc_transport.cc:1743] [MEGASCALE_TRANSPORT_INSTR] SendRpc: key=psum.7_0_1_ag_0_sr_47_48|s100001->200001d|$c0$l706382396^i0 size=8388608 queue_latency_us=0 attempt=0
I0909 09:21:03.648081    1939 grpc_transport.cc:1414] [MEGASCALE_TRANSPORT_INSTR] Recv: key=psum.7_0_1_ag_0_sr_75_76|s200004->100004d|$c0$l706382396^i0 size=0 is_single_chunk=true is_aligned=true memcpy_needed=false
I0909 09:21:03.666857    2208 grpc_transport.cc:1414] [MEGASCALE_TRANSPORT_INSTR] Recv: key=psum.7_0_1_ag_0_sr_81_82|s200006->100006d|$c0$l706382396^i0 size=0 is_single_chunk=true is_aligned=true memcpy_needed=false
I0909 09:21:03.688447    2202 grpc_transport.cc:1414] [MEGASCALE_TRANSPORT_INSTR] Recv: key=psum.7_0_1_ag_0_sr_106_107|s200006->100006d|$c0$l706382396^i0 size=0 is_single_chunk=true is_aligned=true memcpy_needed=false
I0909 09:21:03.709385    1942 grpc_transport.cc:1414] [MEGASCALE_TRANSPORT_INSTR] Recv: key=psum.7_0_1_ag_0_sr_110_111|s200000->100000d|$c0$l706382396^i0 size=0 is_single_chunk=true is_aligned=true memcpy_needed=false
I0909 09:21:03.729056    1706 grpc_transport.cc:1414] [MEGASCALE_TRANSPORT_INSTR] Recv: key=psum.7_0_1_ag_0_sr_98_99|s200001->100001d|$c0$l706382396^i0 size=0 is_single_chunk=true is_aligned=true memcpy_needed=false
I0909 09:21:03.754244    1705 grpc_transport.cc:1743] [MEGASCALE_TRANSPORT_INSTR] SendRpc: key=psum.7_0_sr_64_65|s100007->200007d|$c0$l706382397^i0 size=8388608 queue_latency_us=0 attempt=0
I0909 09:21:03.758098    2242 grpc_transport.cc:1743] [MEGASCALE_TRANSPORT_INSTR] SendRpc: key=psum.7_0_sr_90_91|s100002->200002d|$c0$l706382397^i0 size=8388608 queue_latency_us=0 attempt=0
I0909 09:21:03.760507     805 grpc_transport.cc:1743] [MEGASCALE_TRANSPORT_INSTR] SendRpc: key=psum.7_0_sr_87_88|s100006->200006d|$c0$l706382397^i0 size=8388608 queue_latency_us=0 attempt=0
I0909 09:21:03.764236    2227 grpc_transport.cc:1743] [MEGASCALE_TRANSPORT_INSTR] SendRpc: key=psum.7_0_sr_101_102|s100007->200007d|$c0$l706382397^i0 size=8388608 queue_latency_us=0 attempt=0
I0909 09:21:03.768667    1702 grpc_transport.cc:1743] [MEGASCALE_TRANSPORT_INSTR] SendRpc: key=psum.7_0_sr_123_124|s100001->200001d|$c0$l706382397^i0 size=8388608 queue_latency_us=0 attempt=0
I0909 09:21:03.822295    1939 grpc_transport.cc:1414] [MEGASCALE_TRANSPORT_INSTR] Recv: key=psum.7_0_sr_9_10|s200004->100004d|$c0$l706382397^i0 size=0 is_single_chunk=true is_aligned=true memcpy_needed=false
I0909 09:21:03.844700    1936 grpc_transport.cc:1414] [MEGASCALE_TRANSPORT_INSTR] Recv: key=psum.7_0_sr_18_19|s200000->100000d|$c0$l706382397^i0 size=0 is_single_chunk=true is_aligned=true memcpy_needed=false
I0909 09:21:03.865001    1360 grpc_transport.cc:1414] [MEGASCALE_TRANSPORT_INSTR] Recv: key=psum.7_0_sr_32_33|s200002->100002d|$c0$l706382397^i0 size=0 is_single_chunk=true is_aligned=true memcpy_needed=false
I0909 09:21:03.881402    1936 grpc_transport.cc:1414] [MEGASCALE_TRANSPORT_INSTR] Recv: key=psum.7_0_sr_63_64|s200004->100004d|$c0$l706382397^i0 size=0 is_single_chunk=true is_aligned=true memcpy_needed=false
I0909 09:21:03.887145    1936 grpc_transport.cc:1743] [MEGASCALE_TRANSPORT_INSTR] SendRpc: key=psum.7_0_1_ag_0_sr_31_32|s100005->200005d|$c0$l706382397^i0 size=8388608 queue_latency_us=0 attempt=0
I0909 09:21:03.904291    2200 grpc_transport.cc:1414] [MEGASCALE_TRANSPORT_INSTR] Recv: key=psum.7_0_sr_34_35|s200007->100007d|$c0$l706382397^i0 size=0 is_single_chunk=true is_aligned=true memcpy_needed=false
I0909 09:21:03.907320    1711 grpc_transport.cc:1743] [MEGASCALE_TRANSPORT_INSTR] SendRpc: key=psum.7_0_1_ag_0_sr_3_4|s100006->200006d|$c0$l706382397^i0 size=8388608 queue_latency_us=1 attempt=0
I0909 09:21:03.916978    1706 grpc_transport.cc:1743] [MEGASCALE_TRANSPORT_INSTR] SendRpc: key=psum.7_0_1_ag_0_sr_43_44|s100000->200000d|$c0$l706382397^i0 size=8388608 queue_latency_us=0 attempt=0
I0909 09:21:03.928707    2216 grpc_transport.cc:1414] [MEGASCALE_TRANSPORT_INSTR] Recv: key=psum.7_0_sr_57_58|s200007->100007d|$c0$l706382397^i0 size=0 is_single_chunk=true is_aligned=true memcpy_needed=false
I0909 09:21:03.933786    1860 grpc_transport.cc:1743] [MEGASCALE_TRANSPORT_INSTR] SendRpc: key=psum.7_0_1_ag_0_sr_17_18|s100001->200001d|$c0$l706382397^i0 size=8388608 queue_latency_us=0 attempt=0
I0909 09:21:03.950928     803 grpc_transport.cc:1743] [MEGASCALE_TRANSPORT_INSTR] SendRpc: key=psum.7_0_1_ag_0_sr_47_48|s100002->200002d|$c0$l706382397^i0 size=8388608 queue_latency_us=0 attempt=0
I0909 09:21:03.952335    2202 grpc_transport.cc:1414] [MEGASCALE_TRANSPORT_INSTR] Recv: key=psum.7_0_1_ag_0_sr_99_100|s200006->100006d|$c0$l706382397^i0 size=0 is_single_chunk=true is_aligned=true memcpy_needed=false
I0909 09:21:03.969564    1705 grpc_transport.cc:1414] [MEGASCALE_TRANSPORT_INSTR] Recv: key=psum.7_0_1_ag_0_sr_92_93|s200002->100002d|$c0$l706382397^i0 size=0 is_single_chunk=true is_aligned=true memcpy_needed=false
I0909 09:21:03.986045    1864 grpc_transport.cc:1414] [MEGASCALE_TRANSPORT_INSTR] Recv: key=psum.7_0_1_ag_0_sr_103_104|s200000->100000d|$c0$l706382397^i0 size=0 is_single_chunk=true is_aligned=true memcpy_needed=false
I0909 09:21:04.006245    1705 grpc_transport.cc:1414] [MEGASCALE_TRANSPORT_INSTR] Recv: key=psum.7_0_1_ag_0_sr_87_88|s200003->100003d|$c0$l706382397^i0 size=0 is_single_chunk=true is_aligned=true memcpy_needed=false
I0909 09:21:04.034250    2392 grpc_transport.cc:1743] [MEGASCALE_TRANSPORT_INSTR] SendRpc: key=psum.7_0_sr_75_76|s100007->200007d|$c0$l706382398^i0 size=8388608 queue_latency_us=0 attempt=0
I0909 09:21:04.038001    1391 grpc_transport.cc:1743] [MEGASCALE_TRANSPORT_INSTR] SendRpc: key=psum.7_0_sr_76_77|s100002->200002d|$c0$l706382398^i0 size=8388608 queue_latency_us=0 attempt=0
I0909 09:21:04.040376     792 grpc_transport.cc:1743] [MEGASCALE_TRANSPORT_INSTR] SendRpc: key=psum.7_0_sr_89_90|s100005->200005d|$c0$l706382398^i0 size=8388608 queue_latency_us=0 attempt=0
I0909 09:21:04.043509    1373 grpc_transport.cc:1743] [MEGASCALE_TRANSPORT_INSTR] SendRpc: key=psum.7_0_sr_102_103|s100000->200000d|$c0$l706382398^i0 size=8388608 queue_latency_us=0 attempt=0
I0909 09:21:04.046681    1737 grpc_transport.cc:1743] [MEGASCALE_TRANSPORT_INSTR] SendRpc: key=psum.7_0_sr_114_115|s100003->200003d|$c0$l706382398^i0 size=8388608 queue_latency_us=0 attempt=0
I0909 09:21:04.068247    1364 grpc_transport.cc:1414] [MEGASCALE_TRANSPORT_INSTR] Recv: key=psum.7_0_sr_0_1|s200006->100006d|$c0$l706382398^i0 size=0 is_single_chunk=true is_aligned=true memcpy_needed=false
I0909 09:21:04.091989    1860 grpc_transport.cc:1414] [MEGASCALE_TRANSPORT_INSTR] Recv: key=psum.7_0_sr_9_10|s200001->100001d|$c0$l706382398^i0 size=0 is_single_chunk=true is_aligned=true memcpy_needed=false
I0909 09:21:04.113191    1858 grpc_transport.cc:1414] [MEGASCALE_TRANSPORT_INSTR] Recv: key=psum.7_0_sr_18_19|s200005->100005d|$c0$l706382398^i0 size=0 is_single_chunk=true is_aligned=true memcpy_needed=false
I0909 09:21:04.132147    1936 grpc_transport.cc:1414] [MEGASCALE_TRANSPORT_INSTR] Recv: key=psum.7_0_sr_59_60|s200000->100000d|$c0$l706382398^i0 size=0 is_single_chunk=true is_aligned=true memcpy_needed=false
I0909 09:21:04.145126    1939 grpc_transport.cc:1743] [MEGASCALE_TRANSPORT_INSTR] SendRpc: key=psum.7_0_1_ag_0_sr_14_15|s100000->200000d|$c0$l706382398^i0 size=8388608 queue_latency_us=1 attempt=0
I0909 09:21:04.151534    2207 grpc_transport.cc:1414] [MEGASCALE_TRANSPORT_INSTR] Recv: key=psum.7_0_sr_37_38|s200007->100007d|$c0$l706382398^i0 size=0 is_single_chunk=true is_aligned=true memcpy_needed=false
I0909 09:21:04.163336    1735 grpc_transport.cc:1743] [MEGASCALE_TRANSPORT_INSTR] SendRpc: key=psum.7_0_1_ag_0_sr_45_46|s100006->200006d|$c0$l706382398^i0 size=8388608 queue_latency_us=0 attempt=0
I0909 09:21:04.173526    1865 grpc_transport.cc:1414] [MEGASCALE_TRANSPORT_INSTR] Recv: key=psum.7_0_sr_49_50|s200005->100005d|$c0$l706382398^i0 size=0 is_single_chunk=true is_aligned=true memcpy_needed=false
I0909 09:21:04.178252    2206 grpc_transport.cc:1743] [MEGASCALE_TRANSPORT_INSTR] SendRpc: key=psum.7_0_1_ag_0_sr_49_50|s100002->200002d|$c0$l706382398^i0 size=8388608 queue_latency_us=0 attempt=0
W0909 09:21:04.182375    1363 grpc_transport.cc:1186] Too many pending sends: 128
I0909 09:21:04.187632    1352 grpc_transport.cc:1743] [MEGASCALE_TRANSPORT_INSTR] SendRpc: key=psum.7_0_1_ag_0_sr_52_53|s100001->200001d|$c0$l706382398^i0 size=8388608 queue_latency_us=0 attempt=0
I0909 09:21:04.196305    1938 grpc_transport.cc:1743] [MEGASCALE_TRANSPORT_INSTR] SendRpc: key=psum.7_0_1_ag_0_sr_13_14|s100005->200005d|$c0$l706382398^i0 size=8388608 queue_latency_us=0 attempt=0
I0909 09:21:04.204061    1938 grpc_transport.cc:1743] [MEGASCALE_TRANSPORT_INSTR] SendRpc: key=psum.7_0_1_ag_0_sr_58_59|s100004->200004d|$c0$l706382398^i0 size=8388608 queue_latency_us=0 attempt=0
I0909 09:21:04.207788    1858 grpc_transport.cc:1414] [MEGASCALE_TRANSPORT_INSTR] Recv: key=psum.7_0_1_ag_0_sr_91_92|s200005->100005d|$c0$l706382398^i0 size=0 is_single_chunk=true is_aligned=true memcpy_needed=false
I0909 09:21:04.225920     803 grpc_transport.cc:1414] [MEGASCALE_TRANSPORT_INSTR] Recv: key=psum.7_0_1_ag_0_sr_89_90|s200002->100002d|$c0$l706382398^i0 size=0 is_single_chunk=true is_aligned=true memcpy_needed=false
I0909 09:21:04.243839    2392 grpc_transport.cc:1414] [MEGASCALE_TRANSPORT_INSTR] Recv: key=psum.7_0_1_ag_0_sr_121_122|s200002->100002d|$c0$l706382398^i0 size=0 is_single_chunk=true is_aligned=true memcpy_needed=false
I0909 09:21:04.261032    1705 grpc_transport.cc:1414] [MEGASCALE_TRANSPORT_INSTR] Recv: key=psum.7_0_1_ag_0_sr_127_128|s200003->100003d|$c0$l706382398^i0 size=0 is_single_chunk=true is_aligned=true memcpy_needed=false
I0909 09:21:04.297477    1860 grpc_transport.cc:1743] [MEGASCALE_TRANSPORT_INSTR] SendRpc: key=psum.7_0_sr_69_70|s100000->200000d|$c0$l706382399^i0 size=8388608 queue_latency_us=0 attempt=0
I0909 09:21:04.300604    2220 grpc_transport.cc:1743] [MEGASCALE_TRANSPORT_INSTR] SendRpc: key=psum.7_0_sr_85_86|s100003->200003d|$c0$l706382399^i0 size=8388608 queue_latency_us=0 attempt=0
I0909 09:21:04.303395    1710 grpc_transport.cc:1743] [MEGASCALE_TRANSPORT_INSTR] SendRpc: key=psum.7_0_sr_101_102|s100005->200005d|$c0$l706382399^i0 size=8388608 queue_latency_us=0 attempt=0
I0909 09:21:04.307264    2214 grpc_transport.cc:1743] [MEGASCALE_TRANSPORT_INSTR] SendRpc: key=psum.7_0_sr_112_113|s100002->200002d|$c0$l706382399^i0 size=8388608 queue_latency_us=0 attempt=0
I0909 09:21:04.313273    1364 grpc_transport.cc:1743] [MEGASCALE_TRANSPORT_INSTR] SendRpc: key=psum.7_0_sr_126_127|s100003->200003d|$c0$l706382399^i0 size=8388608 queue_latency_us=0 attempt=0
I0909 09:21:04.318057    1371 grpc_transport.cc:1414] [MEGASCALE_TRANSPORT_INSTR] Recv: key=psum.7_0_sr_26_27|s200006->100006d|$c0$l706382399^i0 size=0 is_single_chunk=true is_aligned=true memcpy_needed=false
I0909 09:21:04.345615    1946 grpc_transport.cc:1414] [MEGASCALE_TRANSPORT_INSTR] Recv: key=psum.7_0_sr_21_22|s200000->100000d|$c0$l706382399^i0 size=0 is_single_chunk=true is_aligned=true memcpy_needed=false
I0909 09:21:04.367403    1943 grpc_transport.cc:1414] [MEGASCALE_TRANSPORT_INSTR] Recv: key=psum.7_0_sr_63_64|s200000->100000d|$c0$l706382399^i0 size=0 is_single_chunk=true is_aligned=true memcpy_needed=false
I0909 09:21:04.384701    1701 grpc_transport.cc:1743] [MEGASCALE_TRANSPORT_INSTR] SendRpc: key=psum.7_0_1_ag_0_sr_17_18|s100000->200000d|$c0$l706382399^i0 size=8388608 queue_latency_us=0 attempt=0
I0909 09:21:04.387742    1947 grpc_transport.cc:1414] [MEGASCALE_TRANSPORT_INSTR] Recv: key=psum.7_0_sr_11_12|s200004->100004d|$c0$l706382399^i0 size=0 is_single_chunk=true is_aligned=true memcpy_needed=false
I0909 09:21:04.404277    1939 grpc_transport.cc:1414] [MEGASCALE_TRANSPORT_INSTR] Recv: key=psum.7_0_sr_57_58|s200005->100005d|$c0$l706382399^i0 size=0 is_single_chunk=true is_aligned=true memcpy_needed=false
I0909 09:21:04.407321    1728 grpc_transport.cc:1743] [MEGASCALE_TRANSPORT_INSTR] SendRpc: key=psum.7_0_1_ag_0_sr_57_58|s100006->200006d|$c0$l706382399^i0 size=8388608 queue_latency_us=0 attempt=0
I0909 09:21:04.425105    1705 grpc_transport.cc:1414] [MEGASCALE_TRANSPORT_INSTR] Recv: key=psum.7_0_sr_49_50|s200007->100007d|$c0$l706382399^i0 size=0 is_single_chunk=true is_aligned=true memcpy_needed=false
I0909 09:21:04.433834    2205 grpc_transport.cc:1743] [MEGASCALE_TRANSPORT_INSTR] SendRpc: key=psum.7_0_1_ag_0_sr_26_27|s100002->200002d|$c0$l706382399^i0 size=8388608 queue_latency_us=0 attempt=0
I0909 09:21:04.445263    1361 grpc_transport.cc:1743] [MEGASCALE_TRANSPORT_INSTR] SendRpc: key=psum.7_0_1_ag_0_sr_56_57|s100004->200004d|$c0$l706382399^i0 size=8388608 queue_latency_us=0 attempt=0
I0909 09:21:04.451769    1944 grpc_transport.cc:1414] [MEGASCALE_TRANSPORT_INSTR] Recv: key=psum.7_0_1_ag_0_sr_101_102|s200005->100005d|$c0$l706382399^i0 size=0 is_single_chunk=true is_aligned=true memcpy_needed=false
I0909 09:21:04.454120    1375 grpc_transport.cc:1743] [MEGASCALE_TRANSPORT_INSTR] SendRpc: key=psum.7_0_1_ag_0_sr_38_39|s100007->200007d|$c0$l706382399^i0 size=8388608 queue_latency_us=0 attempt=0
I0909 09:21:04.471808    1936 grpc_transport.cc:1414] [MEGASCALE_TRANSPORT_INSTR] Recv: key=psum.7_0_1_ag_0_sr_125_126|s200005->100005d|$c0$l706382399^i0 size=0 is_single_chunk=true is_aligned=true memcpy_needed=false
I0909 09:21:04.494661    2202 grpc_transport.cc:1414] [MEGASCALE_TRANSPORT_INSTR] Recv: key=psum.7_0_1_ag_0_sr_68_69|s200003->100003d|$c0$l706382399^i0 size=0 is_single_chunk=true is_aligned=true memcpy_needed=false
I0909 09:21:04.518521    1364 grpc_transport.cc:1414] [MEGASCALE_TRANSPORT_INSTR] Recv: key=psum.7_0_1_ag_0_sr_104_105|s200003->100003d|$c0$l706382399^i0 size=0 is_single_chunk=true is_aligned=true memcpy_needed=false
I0909 09:21:04.552522    1711 grpc_transport.cc:1414] [MEGASCALE_TRANSPORT_INSTR] Recv: key=psum.7_0_1_ag_0_sr_115_116|s200007->100007d|$c0$l706382399^i0 size=0 is_single_chunk=true is_aligned=true memcpy_needed=false
I0909 09:21:04.567678    2233 grpc_transport.cc:1743] [MEGASCALE_TRANSPORT_INSTR] SendRpc: key=psum.7_0_sr_64_65|s100006->200006d|$c0$l706382400^i0 size=8388608 queue_latency_us=0 attempt=0
I0909 09:21:04.570254    1391 grpc_transport.cc:1743] [MEGASCALE_TRANSPORT_INSTR] SendRpc: key=psum.7_0_sr_69_70|s100002->200002d|$c0$l706382400^i0 size=8388608 queue_latency_us=0 attempt=0
I0909 09:21:04.572666    1944 grpc_transport.cc:1743] [MEGASCALE_TRANSPORT_INSTR] SendRpc: key=psum.7_0_sr_109_110|s100004->200004d|$c0$l706382400^i0 size=8388608 queue_latency_us=0 attempt=0
I0909 09:21:04.575833    1715 grpc_transport.cc:1743] [MEGASCALE_TRANSPORT_INSTR] SendRpc: key=psum.7_0_sr_123_124|s100000->200000d|$c0$l706382400^i0 size=8388608 queue_latency_us=0 attempt=0
I0909 09:21:04.579573    2393 grpc_transport.cc:1743] [MEGASCALE_TRANSPORT_INSTR] SendRpc: key=psum.7_0_sr_113_114|s100002->200002d|$c0$l706382400^i0 size=8388608 queue_latency_us=0 attempt=0
I0909 09:21:04.611232    2202 grpc_transport.cc:1414] [MEGASCALE_TRANSPORT_INSTR] Recv: key=psum.7_0_sr_31_32|s200006->100006d|$c0$l706382400^i0 size=0 is_single_chunk=true is_aligned=true memcpy_needed=false
I0909 09:21:04.632111     803 grpc_transport.cc:1414] [MEGASCALE_TRANSPORT_INSTR] Recv: key=psum.7_0_sr_1_2|s200007->100007d|$c0$l706382400^i0 size=0 is_single_chunk=true is_aligned=true memcpy_needed=false
I0909 09:21:04.650545    2202 grpc_transport.cc:1414] [MEGASCALE_TRANSPORT_INSTR] Recv: key=psum.7_0_sr_19_20|s200003->100003d|$c0$l706382400^i0 size=0 is_single_chunk=true is_aligned=true memcpy_needed=false
I0909 09:21:04.668963    1939 grpc_transport.cc:1414] [MEGASCALE_TRANSPORT_INSTR] Recv: key=psum.7_0_sr_51_52|s200004->100004d|$c0$l706382400^i0 size=0 is_single_chunk=true is_aligned=true memcpy_needed=false
I0909 09:21:04.681859    1943 grpc_transport.cc:1743] [MEGASCALE_TRANSPORT_INSTR] SendRpc: key=psum.7_0_1_ag_0_sr_63_64|s100000->200000d|$c0$l706382400^i0 size=8388608 queue_latency_us=0 attempt=0
I0909 09:21:04.691163    2392 grpc_transport.cc:1414] [MEGASCALE_TRANSPORT_INSTR] Recv: key=psum.7_0_sr_50_51|s200003->100003d|$c0$l706382400^i0 size=0 is_single_chunk=true is_aligned=true memcpy_needed=false
I0909 09:21:04.703224    1711 grpc_transport.cc:1743] [MEGASCALE_TRANSPORT_INSTR] SendRpc: key=psum.7_0_1_ag_0_sr_17_18|s100002->200002d|$c0$l706382400^i0 size=8388608 queue_latency_us=0 attempt=0
I0909 09:21:04.709103    1943 grpc_transport.cc:1743] [MEGASCALE_TRANSPORT_INSTR] SendRpc: key=psum.7_0_1_ag_0_sr_12_13|s100001->200001d|$c0$l706382400^i0 size=8388608 queue_latency_us=0 attempt=0
I0909 09:21:04.716059    1354 grpc_transport.cc:1414] [MEGASCALE_TRANSPORT_INSTR] Recv: key=psum.7_0_1_ag_0_sr_89_90|s200004->100004d|$c0$l706382400^i0 size=0 is_single_chunk=true is_aligned=true memcpy_needed=false
I0909 09:21:04.716092    1943 grpc_transport.cc:1743] [MEGASCALE_TRANSPORT_INSTR] SendRpc: key=psum.7_0_1_ag_0_sr_58_59|s100005->200005d|$c0$l706382400^i0 size=8388608 queue_latency_us=0 attempt=0
I0909 09:21:04.728688    2208 grpc_transport.cc:1743] [MEGASCALE_TRANSPORT_INSTR] SendRpc: key=psum.7_0_1_ag_0_sr_48_49|s100003->200003d|$c0$l706382400^i0 size=8388608 queue_latency_us=0 attempt=0
I0909 09:21:04.738335    1701 grpc_transport.cc:1414] [MEGASCALE_TRANSPORT_INSTR] Recv: key=psum.7_0_1_ag_0_sr_85_86|s200005->100005d|$c0$l706382400^i0 size=0 is_single_chunk=true is_aligned=true memcpy_needed=false
I0909 09:21:04.759492    1936 grpc_transport.cc:1414] [MEGASCALE_TRANSPORT_INSTR] Recv: key=psum.7_0_1_ag_0_sr_82_83|s200001->100001d|$c0$l706382400^i0 size=0 is_single_chunk=true is_aligned=true memcpy_needed=false
I0909 09:21:04.776803    1364 grpc_transport.cc:1414] [MEGASCALE_TRANSPORT_INSTR] Recv: key=psum.7_0_1_ag_0_sr_64_65|s200007->100007d|$c0$l706382400^i0 size=0 is_single_chunk=true is_aligned=true memcpy_needed=false
I0909 09:21:04.811620    1364 grpc_transport.cc:1414] [MEGASCALE_TRANSPORT_INSTR] Recv: key=psum.7_0_1_ag_0_sr_125_126|s200007->100007d|$c0$l706382400^i0 size=0 is_single_chunk=true is_aligned=true memcpy_needed=false
I0909 09:21:04.834108    2172 grpc_transport.cc:1743] [MEGASCALE_TRANSPORT_INSTR] SendRpc: key=psum.7_0_sr_68_69|s100001->200001d|$c0$l706382401^i0 size=8388608 queue_latency_us=0 attempt=0
I0909 09:21:04.837423    1878 grpc_transport.cc:1743] [MEGASCALE_TRANSPORT_INSTR] SendRpc: key=psum.7_0_sr_82_83|s100005->200005d|$c0$l706382401^i0 size=8388608 queue_latency_us=0 attempt=0
I0909 09:21:04.841206    2229 grpc_transport.cc:1743] [MEGASCALE_TRANSPORT_INSTR] SendRpc: key=psum.7_0_sr_81_82|s100003->200003d|$c0$l706382401^i0 size=8388608 queue_latency_us=0 attempt=0
I0909 09:21:04.845647    1359 grpc_transport.cc:1743] [MEGASCALE_TRANSPORT_INSTR] SendRpc: key=psum.7_0_sr_107_108|s100005->200005d|$c0$l706382401^i0 size=8388608 queue_latency_us=0 attempt=0
I0909 09:21:04.849976    2392 grpc_transport.cc:1743] [MEGASCALE_TRANSPORT_INSTR] SendRpc: key=psum.7_0_sr_105_106|s100003->200003d|$c0$l706382401^i0 size=8388608 queue_latency_us=0 attempt=0
I0909 09:21:04.890394    1938 grpc_transport.cc:1414] [MEGASCALE_TRANSPORT_INSTR] Recv: key=psum.7_0_sr_6_7|s200005->100005d|$c0$l706382401^i0 size=0 is_single_chunk=true is_aligned=true memcpy_needed=false
I0909 09:21:04.916340     803 grpc_transport.cc:1414] [MEGASCALE_TRANSPORT_INSTR] Recv: key=psum.7_0_sr_3_4|s200007->100007d|$c0$l706382401^i0 size=0 is_single_chunk=true is_aligned=true memcpy_needed=false
I0909 09:21:04.936858     787 grpc_transport.cc:1414] [MEGASCALE_TRANSPORT_INSTR] Recv: key=psum.7_0_sr_34_35|s200001->100001d|$c0$l706382401^i0 size=0 is_single_chunk=true is_aligned=true memcpy_needed=false
I0909 09:21:04.957098    1360 grpc_transport.cc:1743] [MEGASCALE_TRANSPORT_INSTR] SendRpc: key=psum.7_0_1_ag_0_sr_40_41|s100006->200006d|$c0$l706382401^i0 size=8388608 queue_latency_us=0 attempt=0
I0909 09:21:04.957757    1354 grpc_transport.cc:1414] [MEGASCALE_TRANSPORT_INSTR] Recv: key=psum.7_0_sr_42_43|s200000->100000d|$c0$l706382401^i0 size=0 is_single_chunk=true is_aligned=true memcpy_needed=false
I0909 09:21:04.971134    1859 grpc_transport.cc:1743] [MEGASCALE_TRANSPORT_INSTR] SendRpc: key=psum.7_0_1_ag_0_sr_20_21|s100004->200004d|$c0$l706382401^i0 size=8388608 queue_latency_us=0 attempt=0
I0909 09:21:04.978855    1860 grpc_transport.cc:1743] [MEGASCALE_TRANSPORT_INSTR] SendRpc: key=psum.7_0_1_ag_0_sr_56_57|s100004->200004d|$c0$l706382401^i0 size=8388608 queue_latency_us=0 attempt=0
I0909 09:21:04.988877    1360 grpc_transport.cc:1414] [MEGASCALE_TRANSPORT_INSTR] Recv: key=psum.7_0_sr_44_45|s200003->100003d|$c0$l706382401^i0 size=0 is_single_chunk=true is_aligned=true memcpy_needed=false
I0909 09:21:05.008005    1939 grpc_transport.cc:1414] [MEGASCALE_TRANSPORT_INSTR] Recv: key=psum.7_0_1_ag_0_sr_110_111|s200004->100004d|$c0$l706382401^i0 size=0 is_single_chunk=true is_aligned=true memcpy_needed=false
I0909 09:21:05.025765     803 grpc_transport.cc:1743] [MEGASCALE_TRANSPORT_INSTR] SendRpc: key=psum.7_0_1_ag_0_sr_19_20|s100003->200003d|$c0$l706382401^i0 size=8388608 queue_latency_us=0 attempt=0
I0909 09:21:05.029715    1859 grpc_transport.cc:1414] [MEGASCALE_TRANSPORT_INSTR] Recv: key=psum.7_0_1_ag_0_sr_73_74|s200001->100001d|$c0$l706382401^i0 size=0 is_single_chunk=true is_aligned=true memcpy_needed=false
I0909 09:21:05.047035    1371 grpc_transport.cc:1743] [MEGASCALE_TRANSPORT_INSTR] SendRpc: key=psum.7_0_1_ag_0_sr_55_56|s100007->200007d|$c0$l706382401^i0 size=8388608 queue_latency_us=0 attempt=0
I0909 09:21:05.048013    1705 grpc_transport.cc:1414] [MEGASCALE_TRANSPORT_INSTR] Recv: key=psum.7_0_1_ag_0_sr_104_105|s200006->100006d|$c0$l706382401^i0 size=0 is_single_chunk=true is_aligned=true memcpy_needed=false
I0909 09:21:05.068368    2202 grpc_transport.cc:1414] [MEGASCALE_TRANSPORT_INSTR] Recv: key=psum.7_0_1_ag_0_sr_108_109|s200002->100002d|$c0$l706382401^i0 size=0 is_single_chunk=true is_aligned=true memcpy_needed=false
I0909 09:21:05.102309    1705 grpc_transport.cc:1414] [MEGASCALE_TRANSPORT_INSTR] Recv: key=psum.7_0_1_ag_0_sr_81_82|s200003->100003d|$c0$l706382401^i0 size=0 is_single_chunk=true is_aligned=true memcpy_needed=false
I0909 09:21:05.126942    2226 grpc_transport.cc:1743] [MEGASCALE_TRANSPORT_INSTR] SendRpc: key=psum.7_0_sr_66_67|s100002->200002d|$c0$l706382402^i0 size=8388608 queue_latency_us=0 attempt=0
I0909 09:21:05.130951    1953 grpc_transport.cc:1743] [MEGASCALE_TRANSPORT_INSTR] SendRpc: key=psum.7_0_sr_78_79|s100005->200005d|$c0$l706382402^i0 size=8388608 queue_latency_us=0 attempt=0
I0909 09:21:05.135144    2221 grpc_transport.cc:1743] [MEGASCALE_TRANSPORT_INSTR] SendRpc: key=psum.7_0_sr_84_85|s100006->200006d|$c0$l706382402^i0 size=8388608 queue_latency_us=0 attempt=0
I0909 09:21:05.138963    2220 grpc_transport.cc:1743] [MEGASCALE_TRANSPORT_INSTR] SendRpc: key=psum.7_0_sr_108_109|s100002->200002d|$c0$l706382402^i0 size=8388608 queue_latency_us=0 attempt=0
I0909 09:21:05.143370    2394 grpc_transport.cc:1743] [MEGASCALE_TRANSPORT_INSTR] SendRpc: key=psum.7_0_sr_123_124|s100002->200002d|$c0$l706382402^i0 size=8388608 queue_latency_us=0 attempt=0
I0909 09:21:05.152455    1701 grpc_transport.cc:1414] [MEGASCALE_TRANSPORT_INSTR] Recv: key=psum.7_0_sr_3_4|s200004->100004d|$c0$l706382402^i0 size=0 is_single_chunk=true is_aligned=true memcpy_needed=false
I0909 09:21:05.175100    1361 grpc_transport.cc:1414] [MEGASCALE_TRANSPORT_INSTR] Recv: key=psum.7_0_sr_1_2|s200000->100000d|$c0$l706382402^i0 size=0 is_single_chunk=true is_aligned=true memcpy_needed=false
I0909 09:21:05.193605    2393 grpc_transport.cc:1414] [MEGASCALE_TRANSPORT_INSTR] Recv: key=psum.7_0_sr_49_50|s200006->100006d|$c0$l706382402^i0 size=0 is_single_chunk=true is_aligned=true memcpy_needed=false
I0909 09:21:05.211400    2200 grpc_transport.cc:1414] [MEGASCALE_TRANSPORT_INSTR] Recv: key=psum.7_0_sr_37_38|s200002->100002d|$c0$l706382402^i0 size=0 is_single_chunk=true is_aligned=true memcpy_needed=false
I0909 09:21:05.229710    2202 grpc_transport.cc:1743] [MEGASCALE_TRANSPORT_INSTR] SendRpc: key=psum.7_0_1_ag_0_sr_21_22|s100006->200006d|$c0$l706382402^i0 size=8388608 queue_latency_us=0 attempt=0
I0909 09:21:05.231236    1359 grpc_transport.cc:1414] [MEGASCALE_TRANSPORT_INSTR] Recv: key=psum.7_0_sr_58_59|s200000->100000d|$c0$l706382402^i0 size=0 is_single_chunk=true is_aligned=true memcpy_needed=false
I0909 09:21:05.251306    1864 grpc_transport.cc:1743] [MEGASCALE_TRANSPORT_INSTR] SendRpc: key=psum.7_0_1_ag_0_sr_35_36|s100001->200001d|$c0$l706382402^i0 size=8388608 queue_latency_us=0 attempt=0
I0909 09:21:05.259137    1354 grpc_transport.cc:1414] [MEGASCALE_TRANSPORT_INSTR] Recv: key=psum.7_0_1_ag_0_sr_98_99|s200005->100005d|$c0$l706382402^i0 size=0 is_single_chunk=true is_aligned=true memcpy_needed=false
I0909 09:21:05.259976    2211 grpc_transport.cc:1743] [MEGASCALE_TRANSPORT_INSTR] SendRpc: key=psum.7_0_1_ag_0_sr_25_26|s100003->200003d|$c0$l706382402^i0 size=8388608 queue_latency_us=0 attempt=0
I0909 09:21:05.268328    2393 grpc_transport.cc:1743] [MEGASCALE_TRANSPORT_INSTR] SendRpc: key=psum.7_0_1_ag_0_sr_32_33|s100002->200002d|$c0$l706382402^i0 size=8388608 queue_latency_us=0 attempt=0
I0909 09:21:05.279026    1699 grpc_transport.cc:1743] [MEGASCALE_TRANSPORT_INSTR] SendRpc: key=psum.7_0_1_ag_0_sr_35_36|s100000->200000d|$c0$l706382402^i0 size=8388608 queue_latency_us=0 attempt=0
I0909 09:21:05.280915    1360 grpc_transport.cc:1414] [MEGASCALE_TRANSPORT_INSTR] Recv: key=psum.7_0_1_ag_0_sr_109_110|s200003->100003d|$c0$l706382402^i0 size=0 is_single_chunk=true is_aligned=true memcpy_needed=false
I0909 09:21:05.298238    1936 grpc_transport.cc:1414] [MEGASCALE_TRANSPORT_INSTR] Recv: key=psum.7_0_1_ag_0_sr_82_83|s200004->100004d|$c0$l706382402^i0 size=0 is_single_chunk=true is_aligned=true memcpy_needed=false
I0909 09:21:05.321251    1939 grpc_transport.cc:1414] [MEGASCALE_TRANSPORT_INSTR] Recv: key=psum.7_0_1_ag_0_sr_85_86|s200001->100001d|$c0$l706382402^i0 size=0 is_single_chunk=true is_aligned=true memcpy_needed=false
I0909 09:21:05.344830    1711 grpc_transport.cc:1414] [MEGASCALE_TRANSPORT_INSTR] Recv: key=psum.7_0_1_ag_0_sr_101_102|s200002->100002d|$c0$l706382402^i0 size=0 is_single_chunk=true is_aligned=true memcpy_needed=false
I0909 09:21:05.384354    1701 grpc_transport.cc:1743] [MEGASCALE_TRANSPORT_INSTR] SendRpc: key=psum.7_0_sr_91_92|s100005->200005d|$c0$l706382403^i0 size=8388608 queue_latency_us=0 attempt=0
I0909 09:21:05.388962    2172 grpc_transport.cc:1743] [MEGASCALE_TRANSPORT_INSTR] SendRpc: key=psum.7_0_sr_79_80|s100004->200004d|$c0$l706382403^i0 size=8388608 queue_latency_us=0 attempt=0
I0909 09:21:05.391907    2226 grpc_transport.cc:1743] [MEGASCALE_TRANSPORT_INSTR] SendRpc: key=psum.7_0_sr_82_83|s100002->200002d|$c0$l706382403^i0 size=8388608 queue_latency_us=0 attempt=0
I0909 09:21:05.395055    1354 grpc_transport.cc:1743] [MEGASCALE_TRANSPORT_INSTR] SendRpc: key=psum.7_0_sr_94_95|s100004->200004d|$c0$l706382403^i0 size=8388608 queue_latency_us=0 attempt=0
I0909 09:21:05.399581    2396 grpc_transport.cc:1743] [MEGASCALE_TRANSPORT_INSTR] SendRpc: key=psum.7_0_sr_120_121|s100002->200002d|$c0$l706382403^i0 size=8388608 queue_latency_us=0 attempt=0
I0909 09:21:05.407759    1360 grpc_transport.cc:1743] [MEGASCALE_TRANSPORT_INSTR] SendRpc: key=psum.7_0_sr_123_124|s100007->200007d|$c0$l706382403^i0 size=8388608 queue_latency_us=0 attempt=0
I0909 09:21:05.426249    1701 grpc_transport.cc:1414] [MEGASCALE_TRANSPORT_INSTR] Recv: key=psum.7_0_sr_20_21|s200005->100005d|$c0$l706382403^i0 size=0 is_single_chunk=true is_aligned=true memcpy_needed=false
I0909 09:21:05.454670    1701 grpc_transport.cc:1414] [MEGASCALE_TRANSPORT_INSTR] Recv: key=psum.7_0_sr_16_17|s200001->100001d|$c0$l706382403^i0 size=0 is_single_chunk=true is_aligned=true memcpy_needed=false
I0909 09:21:05.476290    1706 grpc_transport.cc:1414] [MEGASCALE_TRANSPORT_INSTR] Recv: key=psum.7_0_sr_38_39|s200001->100001d|$c0$l706382403^i0 size=0 is_single_chunk=true is_aligned=true memcpy_needed=false
I0909 09:21:05.497173    1712 grpc_transport.cc:1414] [MEGASCALE_TRANSPORT_INSTR] Recv: key=psum.7_0_sr_0_1|s200000->100000d|$c0$l706382403^i0 size=0 is_single_chunk=true is_aligned=true memcpy_needed=false
I0909 09:21:05.517448    1352 grpc_transport.cc:1743] [MEGASCALE_TRANSPORT_INSTR] SendRpc: key=psum.7_0_1_ag_0_sr_31_32|s100001->200001d|$c0$l706382403^i0 size=8388608 queue_latency_us=0 attempt=0
I0909 09:21:05.517634    2200 grpc_transport.cc:1414] [MEGASCALE_TRANSPORT_INSTR] Recv: key=psum.7_0_sr_44_45|s200003->100003d|$c0$l706382403^i0 size=0 is_single_chunk=true is_aligned=true memcpy_needed=false
I0909 09:21:05.534202    2218 grpc_transport.cc:1743] [MEGASCALE_TRANSPORT_INSTR] SendRpc: key=psum.7_0_1_ag_0_sr_10_11|s100007->200007d|$c0$l706382403^i0 size=8388608 queue_latency_us=0 attempt=0
I0909 09:21:05.538637    2205 grpc_transport.cc:1414] [MEGASCALE_TRANSPORT_INSTR] Recv: key=psum.7_0_sr_62_63|s200003->100003d|$c0$l706382403^i0 size=0 is_single_chunk=true is_aligned=true memcpy_needed=false
I0909 09:21:05.543911    1946 grpc_transport.cc:1743] [MEGASCALE_TRANSPORT_INSTR] SendRpc: key=psum.7_0_1_ag_0_sr_39_40|s100000->200000d|$c0$l706382403^i0 size=8388608 queue_latency_us=1 attempt=0
I0909 09:21:05.562066    1352 grpc_transport.cc:1414] [MEGASCALE_TRANSPORT_INSTR] Recv: key=psum.7_0_1_ag_0_sr_97_98|s200001->100001d|$c0$l706382403^i0 size=0 is_single_chunk=true is_aligned=true memcpy_needed=false
I0909 09:21:05.568337    2205 grpc_transport.cc:1743] [MEGASCALE_TRANSPORT_INSTR] SendRpc: key=psum.7_0_1_ag_0_sr_11_12|s100002->200002d|$c0$l706382403^i0 size=8388608 queue_latency_us=0 attempt=0
I0909 09:21:05.575453    2202 grpc_transport.cc:1743] [MEGASCALE_TRANSPORT_INSTR] SendRpc: key=psum.7_0_1_ag_0_sr_63_64|s100002->200002d|$c0$l706382403^i0 size=8388608 queue_latency_us=0 attempt=0
I0909 09:21:05.582313    1710 grpc_transport.cc:1414] [MEGASCALE_TRANSPORT_INSTR] Recv: key=psum.7_0_1_ag_0_sr_94_95|s200000->100000d|$c0$l706382403^i0 size=0 is_single_chunk=true is_aligned=true memcpy_needed=false
I0909 09:21:05.599884    1360 grpc_transport.cc:1414] [MEGASCALE_TRANSPORT_INSTR] Recv: key=psum.7_0_1_ag_0_sr_108_109|s200003->100003d|$c0$l706382403^i0 size=0 is_single_chunk=true is_aligned=true memcpy_needed=false
I0909 09:21:05.616561    1942 grpc_transport.cc:1414] [MEGASCALE_TRANSPORT_INSTR] Recv: key=psum.7_0_1_ag_0_sr_126_127|s200004->100004d|$c0$l706382403^i0 size=0 is_single_chunk=true is_aligned=true memcpy_needed=false
I0909 09:21:05.660014    1735 grpc_transport.cc:1743] [MEGASCALE_TRANSPORT_INSTR] SendRpc: key=psum.7_0_sr_67_68|s100006->200006d|$c0$l706382404^i0 size=8388608 queue_latency_us=0 attempt=0
I0909 09:21:05.664457    1370 grpc_transport.cc:1743] [MEGASCALE_TRANSPORT_INSTR] SendRpc: key=psum.7_0_sr_71_72|s100005->200005d|$c0$l706382404^i0 size=8388608 queue_latency_us=0 attempt=0
I0909 09:21:05.667456    1944 grpc_transport.cc:1743] [MEGASCALE_TRANSPORT_INSTR] SendRpc: key=psum.7_0_sr_96_97|s100005->200005d|$c0$l706382404^i0 size=8388608 queue_latency_us=0 attempt=0
I0909 09:21:05.671725    1865 grpc_transport.cc:1743] [MEGASCALE_TRANSPORT_INSTR] SendRpc: key=psum.7_0_sr_113_114|s100005->200005d|$c0$l706382404^i0 size=8388608 queue_latency_us=0 attempt=0
I0909 09:21:05.676988    1352 grpc_transport.cc:1743] [MEGASCALE_TRANSPORT_INSTR] SendRpc: key=psum.7_0_sr_118_119|s100004->200004d|$c0$l706382404^i0 size=8388608 queue_latency_us=0 attempt=0
I0909 09:21:05.686006    2394 grpc_transport.cc:1414] [MEGASCALE_TRANSPORT_INSTR] Recv: key=psum.7_0_sr_13_14|s200007->100007d|$c0$l706382404^i0 size=0 is_single_chunk=true is_aligned=true memcpy_needed=false
I0909 09:21:05.726985    1939 grpc_transport.cc:1414] [MEGASCALE_TRANSPORT_INSTR] Recv: key=psum.7_0_sr_45_46|s200004->100004d|$c0$l706382404^i0 size=0 is_single_chunk=true is_aligned=true memcpy_needed=false
I0909 09:21:05.749687    1360 grpc_transport.cc:1414] [MEGASCALE_TRANSPORT_INSTR] Recv: key=psum.7_0_sr_10_11|s200003->100003d|$c0$l706382404^i0 size=0 is_single_chunk=true is_aligned=true memcpy_needed=false
I0909 09:21:05.767231    1860 grpc_transport.cc:1414] [MEGASCALE_TRANSPORT_INSTR] Recv: key=psum.7_0_sr_40_41|s200001->100001d|$c0$l706382404^i0 size=0 is_single_chunk=true is_aligned=true memcpy_needed=false
I0909 09:21:05.790363    1940 grpc_transport.cc:1414] [MEGASCALE_TRANSPORT_INSTR] Recv: key=psum.7_0_sr_62_63|s200000->100000d|$c0$l706382404^i0 size=0 is_single_chunk=true is_aligned=true memcpy_needed=false
I0909 09:21:05.794923     786 grpc_transport.cc:1743] [MEGASCALE_TRANSPORT_INSTR] SendRpc: key=psum.7_0_1_ag_0_sr_17_18|s100001->200001d|$c0$l706382404^i0 size=8388608 queue_latency_us=1 attempt=0
I0909 09:21:05.807602    1710 grpc_transport.cc:1743] [MEGASCALE_TRANSPORT_INSTR] SendRpc: key=psum.7_0_1_ag_0_sr_30_31|s100005->200005d|$c0$l706382404^i0 size=8388608 queue_latency_us=0 attempt=0
I0909 09:21:05.814086    1358 grpc_transport.cc:1414] [MEGASCALE_TRANSPORT_INSTR] Recv: key=psum.7_0_1_ag_0_sr_100_101|s200001->100001d|$c0$l706382404^i0 size=0 is_single_chunk=true is_aligned=true memcpy_needed=false
I0909 09:21:05.822328    2202 grpc_transport.cc:1743] [MEGASCALE_TRANSPORT_INSTR] SendRpc: key=psum.7_0_1_ag_0_sr_10_11|s100007->200007d|$c0$l706382404^i0 size=8388608 queue_latency_us=0 attempt=0
I0909 09:21:05.834624    2392 grpc_transport.cc:1414] [MEGASCALE_TRANSPORT_INSTR] Recv: key=psum.7_0_sr_58_59|s200002->100002d|$c0$l706382404^i0 size=0 is_single_chunk=true is_aligned=true memcpy_needed=false
I0909 09:21:05.847798    1719 grpc_transport.cc:1743] [MEGASCALE_TRANSPORT_INSTR] SendRpc: key=psum.7_0_1_ag_0_sr_8_9|s100003->200003d|$c0$l706382404^i0 size=8388608 queue_latency_us=0 attempt=0
I0909 09:21:05.853724     803 grpc_transport.cc:1414] [MEGASCALE_TRANSPORT_INSTR] Recv: key=psum.7_0_1_ag_0_sr_106_107|s200003->100003d|$c0$l706382404^i0 size=0 is_single_chunk=true is_aligned=true memcpy_needed=false
I0909 09:21:05.861999    2207 grpc_transport.cc:1743] [MEGASCALE_TRANSPORT_INSTR] SendRpc: key=psum.7_0_1_ag_0_sr_27_28|s100006->200006d|$c0$l706382404^i0 size=8388608 queue_latency_us=0 attempt=0
I0909 09:21:05.872290    1702 grpc_transport.cc:1414] [MEGASCALE_TRANSPORT_INSTR] Recv: key=psum.7_0_1_ag_0_sr_98_99|s200004->100004d|$c0$l706382404^i0 size=0 is_single_chunk=true is_aligned=true memcpy_needed=false
I0909 09:21:05.889202    2392 grpc_transport.cc:1414] [MEGASCALE_TRANSPORT_INSTR] Recv: key=psum.7_0_1_ag_0_sr_85_86|s200006->100006d|$c0$l706382404^i0 size=0 is_single_chunk=true is_aligned=true memcpy_needed=false
I0909 09:21:05.921704    2392 grpc_transport.cc:1414] [MEGASCALE_TRANSPORT_INSTR] Recv: key=psum.7_0_1_ag_0_sr_107_108|s200002->100002d|$c0$l706382404^i0 size=0 is_single_chunk=true is_aligned=true memcpy_needed=false
I0909 09:21:05.956189    1859 grpc_transport.cc:1743] [MEGASCALE_TRANSPORT_INSTR] SendRpc: key=psum.7_0_sr_74_75|s100001->200001d|$c0$l706382405^i0 size=8388608 queue_latency_us=0 attempt=0
I0909 09:21:05.959318    1363 grpc_transport.cc:1743] [MEGASCALE_TRANSPORT_INSTR] SendRpc: key=psum.7_0_sr_84_85|s100001->200001d|$c0$l706382405^i0 size=8388608 queue_latency_us=0 attempt=0
I0909 09:21:05.963189    1858 grpc_transport.cc:1743] [MEGASCALE_TRANSPORT_INSTR] SendRpc: key=psum.7_0_sr_112_113|s100004->200004d|$c0$l706382405^i0 size=8388608 queue_latency_us=0 attempt=0
I0909 09:21:05.966597    1711 grpc_transport.cc:1743] [MEGASCALE_TRANSPORT_INSTR] SendRpc: key=psum.7_0_sr_102_103|s100006->200006d|$c0$l706382405^i0 size=8388608 queue_latency_us=0 attempt=0
I0909 09:21:05.970687    1715 grpc_transport.cc:1743] [MEGASCALE_TRANSPORT_INSTR] SendRpc: key=psum.7_0_sr_118_119|s100000->200000d|$c0$l706382405^i0 size=8388608 queue_latency_us=0 attempt=0
I0909 09:21:05.985424    2207 grpc_transport.cc:1414] [MEGASCALE_TRANSPORT_INSTR] Recv: key=psum.7_0_sr_6_7|s200006->100006d|$c0$l706382405^i0 size=0 is_single_chunk=true is_aligned=true memcpy_needed=false
I0909 09:21:06.007539     786 grpc_transport.cc:1414] [MEGASCALE_TRANSPORT_INSTR] Recv: key=psum.7_0_sr_19_20|s200000->100000d|$c0$l706382405^i0 size=0 is_single_chunk=true is_aligned=true memcpy_needed=false
I0909 09:21:06.024651    1706 grpc_transport.cc:1414] [MEGASCALE_TRANSPORT_INSTR] Recv: key=psum.7_0_sr_33_34|s200004->100004d|$c0$l706382405^i0 size=0 is_single_chunk=true is_aligned=true memcpy_needed=false
I0909 09:21:06.042168    1938 grpc_transport.cc:1414] [MEGASCALE_TRANSPORT_INSTR] Recv: key=psum.7_0_sr_50_51|s200001->100001d|$c0$l706382405^i0 size=0 is_single_chunk=true is_aligned=true memcpy_needed=false
I0909 09:21:06.059404    1711 grpc_transport.cc:1414] [MEGASCALE_TRANSPORT_INSTR] Recv: key=psum.7_0_sr_52_53|s200007->100007d|$c0$l706382405^i0 size=0 is_single_chunk=true is_aligned=true memcpy_needed=false
I0909 09:21:06.071377    1951 grpc_transport.cc:1743] [MEGASCALE_TRANSPORT_INSTR] SendRpc: key=psum.7_0_1_ag_0_sr_27_28|s100005->200005d|$c0$l706382405^i0 size=8388608 queue_latency_us=0 attempt=0
I0909 09:21:06.087606    1371 grpc_transport.cc:1743] [MEGASCALE_TRANSPORT_INSTR] SendRpc: key=psum.7_0_1_ag_0_sr_11_12|s100006->200006d|$c0$l706382405^i0 size=8388608 queue_latency_us=0 attempt=0
I0909 09:21:06.094123    2202 grpc_transport.cc:1743] [MEGASCALE_TRANSPORT_INSTR] SendRpc: key=psum.7_0_1_ag_0_sr_13_14|s100003->200003d|$c0$l706382405^i0 size=8388608 queue_latency_us=9 attempt=0
I0909 09:21:06.098797    1956 grpc_transport.cc:1743] [MEGASCALE_TRANSPORT_INSTR] SendRpc: key=psum.7_0_1_ag_0_sr_30_31|s100001->200001d|$c0$l706382405^i0 size=8388608 queue_latency_us=0 attempt=0
I0909 09:21:06.104085    1860 grpc_transport.cc:1414] [MEGASCALE_TRANSPORT_INSTR] Recv: key=psum.7_0_1_ag_0_sr_85_86|s200001->100001d|$c0$l706382405^i0 size=0 is_single_chunk=true is_aligned=true memcpy_needed=false
I0909 09:21:06.104140    1864 grpc_transport.cc:1743] [MEGASCALE_TRANSPORT_INSTR] SendRpc: key=psum.7_0_1_ag_0_sr_45_46|s100001->200001d|$c0$l706382405^i0 size=8388608 queue_latency_us=0 attempt=0
I0909 09:21:06.129101    1938 grpc_transport.cc:1414] [MEGASCALE_TRANSPORT_INSTR] Recv: key=psum.7_0_1_ag_0_sr_111_112|s200001->100001d|$c0$l706382405^i0 size=0 is_single_chunk=true is_aligned=true memcpy_needed=false
I0909 09:21:06.151722     803 grpc_transport.cc:1414] [MEGASCALE_TRANSPORT_INSTR] Recv: key=psum.7_0_1_ag_0_sr_127_128|s200003->100003d|$c0$l706382405^i0 size=0 is_single_chunk=true is_aligned=true memcpy_needed=false
I0909 09:21:06.170352    1939 grpc_transport.cc:1414] [MEGASCALE_TRANSPORT_INSTR] Recv: key=psum.7_0_1_ag_0_sr_127_128|s200000->100000d|$c0$l706382405^i0 size=0 is_single_chunk=true is_aligned=true memcpy_needed=false
I0909 09:21:06.189850    1711 grpc_transport.cc:1414] [MEGASCALE_TRANSPORT_INSTR] Recv: key=psum.7_0_1_ag_0_sr_78_79|s200007->100007d|$c0$l706382405^i0 size=0 is_single_chunk=true is_aligned=true memcpy_needed=false
I0909 09:21:06.218323     787 grpc_transport.cc:1743] [MEGASCALE_TRANSPORT_INSTR] SendRpc: key=psum.7_0_sr_66_67|s100000->200000d|$c0$l706382406^i0 size=8388608 queue_latency_us=1 attempt=0
I0909 09:21:06.223765    1706 grpc_transport.cc:1743] [MEGASCALE_TRANSPORT_INSTR] SendRpc: key=psum.7_0_sr_68_69|s100004->200004d|$c0$l706382406^i0 size=8388608 queue_latency_us=0 attempt=0
I0909 09:21:06.227260    1878 grpc_transport.cc:1743] [MEGASCALE_TRANSPORT_INSTR] SendRpc: key=psum.7_0_sr_83_84|s100005->200005d|$c0$l706382406^i0 size=8388608 queue_latency_us=0 attempt=0
I0909 09:21:06.231230    1706 grpc_transport.cc:1743] [MEGASCALE_TRANSPORT_INSTR] SendRpc: key=psum.7_0_sr_96_97|s100004->200004d|$c0$l706382406^i0 size=8388608 queue_latency_us=0 attempt=0
I0909 09:21:06.235985    1865 grpc_transport.cc:1743] [MEGASCALE_TRANSPORT_INSTR] SendRpc: key=psum.7_0_sr_112_113|s100005->200005d|$c0$l706382406^i0 size=8388608 queue_latency_us=0 attempt=0
I0909 09:21:06.241579    1702 grpc_transport.cc:1414] [MEGASCALE_TRANSPORT_INSTR] Recv: key=psum.7_0_sr_12_13|s200004->100004d|$c0$l706382406^i0 size=0 is_single_chunk=true is_aligned=true memcpy_needed=false
I0909 09:21:06.268167    1712 grpc_transport.cc:1414] [MEGASCALE_TRANSPORT_INSTR] Recv: key=psum.7_0_sr_2_3|s200001->100001d|$c0$l706382406^i0 size=0 is_single_chunk=true is_aligned=true memcpy_needed=false
I0909 09:21:06.286496     786 grpc_transport.cc:1414] [MEGASCALE_TRANSPORT_INSTR] Recv: key=psum.7_0_sr_39_40|s200004->100004d|$c0$l706382406^i0 size=0 is_single_chunk=true is_aligned=true memcpy_needed=false
I0909 09:21:06.303823    2209 grpc_transport.cc:1743] [MEGASCALE_TRANSPORT_INSTR] SendRpc: key=psum.7_0_1_ag_0_sr_15_16|s100006->200006d|$c0$l706382406^i0 size=8388608 queue_latency_us=0 attempt=0
I0909 09:21:06.306896    1375 grpc_transport.cc:1414] [MEGASCALE_TRANSPORT_INSTR] Recv: key=psum.7_0_sr_56_57|s200002->100002d|$c0$l706382406^i0 size=0 is_single_chunk=true is_aligned=true memcpy_needed=false
I0909 09:21:06.326233    2206 grpc_transport.cc:1414] [MEGASCALE_TRANSPORT_INSTR] Recv: key=psum.7_0_sr_23_24|s200007->100007d|$c0$l706382406^i0 size=0 is_single_chunk=true is_aligned=true memcpy_needed=false
I0909 09:21:06.327013    1379 grpc_transport.cc:1743] [MEGASCALE_TRANSPORT_INSTR] SendRpc: key=psum.7_0_1_ag_0_sr_49_50|s100002->200002d|$c0$l706382406^i0 size=8388608 queue_latency_us=0 attempt=0
I0909 09:21:06.344734    1949 grpc_transport.cc:1743] [MEGASCALE_TRANSPORT_INSTR] SendRpc: key=psum.7_0_1_ag_0_sr_28_29|s100001->200001d|$c0$l706382406^i0 size=8388608 queue_latency_us=0 attempt=0
I0909 09:21:06.349384    1858 grpc_transport.cc:1414] [MEGASCALE_TRANSPORT_INSTR] Recv: key=psum.7_0_1_ag_0_sr_76_77|s200000->100000d|$c0$l706382406^i0 size=0 is_single_chunk=true is_aligned=true memcpy_needed=false
I0909 09:21:06.360302    1872 grpc_transport.cc:1743] [MEGASCALE_TRANSPORT_INSTR] SendRpc: key=psum.7_0_1_ag_0_sr_61_62|s100005->200005d|$c0$l706382406^i0 size=8388608 queue_latency_us=0 attempt=0
I0909 09:21:06.369142    1860 grpc_transport.cc:1743] [MEGASCALE_TRANSPORT_INSTR] SendRpc: key=psum.7_0_1_ag_0_sr_46_47|s100000->200000d|$c0$l706382406^i0 size=8388608 queue_latency_us=0 attempt=0
I0909 09:21:06.373433    1701 grpc_transport.cc:1414] [MEGASCALE_TRANSPORT_INSTR] Recv: key=psum.7_0_1_ag_0_sr_77_78|s200004->100004d|$c0$l706382406^i0 size=0 is_single_chunk=true is_aligned=true memcpy_needed=false
I0909 09:21:06.400263    1936 grpc_transport.cc:1414] [MEGASCALE_TRANSPORT_INSTR] Recv: key=psum.7_0_1_ag_0_sr_82_83|s200001->100001d|$c0$l706382406^i0 size=0 is_single_chunk=true is_aligned=true memcpy_needed=false
I0909 09:21:06.422124    1364 grpc_transport.cc:1414] [MEGASCALE_TRANSPORT_INSTR] Recv: key=psum.7_0_1_ag_0_sr_123_124|s200003->100003d|$c0$l706382406^i0 size=0 is_single_chunk=true is_aligned=true memcpy_needed=false
I0909 09:21:06.440200    2202 grpc_transport.cc:1414] [MEGASCALE_TRANSPORT_INSTR] Recv: key=psum.7_0_1_ag_0_sr_114_115|s200006->100006d|$c0$l706382406^i0 size=0 is_single_chunk=true is_aligned=true memcpy_needed=false
I0909 09:21:06.478644    1936 grpc_transport.cc:1743] [MEGASCALE_TRANSPORT_INSTR] SendRpc: key=psum.7_0_sr_66_67|s100001->200001d|$c0$l706382407^i0 size=8388608 queue_latency_us=0 attempt=0
I0909 09:21:06.482606    1390 grpc_transport.cc:1743] [MEGASCALE_TRANSPORT_INSTR] SendRpc: key=psum.7_0_sr_95_96|s100000->200000d|$c0$l706382407^i0 size=8388608 queue_latency_us=0 attempt=0
I0909 09:21:06.486643    1363 grpc_transport.cc:1743] [MEGASCALE_TRANSPORT_INSTR] SendRpc: key=psum.7_0_sr_111_112|s100004->200004d|$c0$l706382407^i0 size=8388608 queue_latency_us=0 attempt=0
I0909 09:21:06.490477    1755 grpc_transport.cc:1743] [MEGASCALE_TRANSPORT_INSTR] SendRpc: key=psum.7_0_sr_93_94|s100006->200006d|$c0$l706382407^i0 size=8388608 queue_latency_us=0 attempt=0
I0909 09:21:06.495044    2393 grpc_transport.cc:1743] [MEGASCALE_TRANSPORT_INSTR] SendRpc: key=psum.7_0_sr_104_105|s100007->200007d|$c0$l706382407^i0 size=8388608 queue_latency_us=0 attempt=0
I0909 09:21:06.502625    1717 grpc_transport.cc:1414] [MEGASCALE_TRANSPORT_INSTR] Recv: key=psum.7_0_sr_0_1|s200004->100004d|$c0$l706382407^i0 size=0 is_single_chunk=true is_aligned=true memcpy_needed=false
I0909 09:21:06.531777     786 grpc_transport.cc:1414] [MEGASCALE_TRANSPORT_INSTR] Recv: key=psum.7_0_sr_27_28|s200005->100005d|$c0$l706382407^i0 size=0 is_single_chunk=true is_aligned=true memcpy_needed=false
I0909 09:21:06.554141    2202 grpc_transport.cc:1414] [MEGASCALE_TRANSPORT_INSTR] Recv: key=psum.7_0_sr_24_25|s200006->100006d|$c0$l706382407^i0 size=0 is_single_chunk=true is_aligned=true memcpy_needed=false
I0909 09:21:06.572714    1375 grpc_transport.cc:1414] [MEGASCALE_TRANSPORT_INSTR] Recv: key=psum.7_0_sr_51_52|s200006->100006d|$c0$l706382407^i0 size=0 is_single_chunk=true is_aligned=true memcpy_needed=false
I0909 09:21:06.583256     787 grpc_transport.cc:1743] [MEGASCALE_TRANSPORT_INSTR] SendRpc: key=psum.7_0_1_ag_0_sr_5_6|s100005->200005d|$c0$l706382407^i0 size=8388608 queue_latency_us=0 attempt=0
I0909 09:21:06.591831    2200 grpc_transport.cc:1414] [MEGASCALE_TRANSPORT_INSTR] Recv: key=psum.7_0_sr_24_25|s200007->100007d|$c0$l706382407^i0 size=0 is_single_chunk=true is_aligned=true memcpy_needed=false
I0909 09:21:06.593578    1359 grpc_transport.cc:1743] [MEGASCALE_TRANSPORT_INSTR] SendRpc: key=psum.7_0_1_ag_0_sr_41_42|s100004->200004d|$c0$l706382407^i0 size=8388608 queue_latency_us=0 attempt=0
I0909 09:21:06.612302    2219 grpc_transport.cc:1414] [MEGASCALE_TRANSPORT_INSTR] Recv: key=psum.7_0_sr_50_51|s200003->100003d|$c0$l706382407^i0 size=0 is_single_chunk=true is_aligned=true memcpy_needed=false
I0909 09:21:06.616906    1860 grpc_transport.cc:1743] [MEGASCALE_TRANSPORT_INSTR] SendRpc: key=psum.7_0_1_ag_0_sr_25_26|s100001->200001d|$c0$l706382407^i0 size=8388608 queue_latency_us=0 attempt=0
I0909 09:21:06.625806    1715 grpc_transport.cc:1743] [MEGASCALE_TRANSPORT_INSTR] SendRpc: key=psum.7_0_1_ag_0_sr_43_44|s100000->200000d|$c0$l706382407^i0 size=8388608 queue_latency_us=0 attempt=0
I0909 09:21:06.636200     786 grpc_transport.cc:1414] [MEGASCALE_TRANSPORT_INSTR] Recv: key=psum.7_0_1_ag_0_sr_66_67|s200000->100000d|$c0$l706382407^i0 size=0 is_single_chunk=true is_aligned=true memcpy_needed=false
I0909 09:21:06.641823     806 grpc_transport.cc:1743] [MEGASCALE_TRANSPORT_INSTR] SendRpc: key=psum.7_0_1_ag_0_sr_1_2|s100003->200003d|$c0$l706382407^i0 size=8388608 queue_latency_us=0 attempt=0
I0909 09:21:06.648028    2207 grpc_transport.cc:1743] [MEGASCALE_TRANSPORT_INSTR] SendRpc: key=psum.7_0_1_ag_0_sr_62_63|s100007->200007d|$c0$l706382407^i0 size=8388608 queue_latency_us=0 attempt=0
I0909 09:21:06.657776    1938 grpc_transport.cc:1414] [MEGASCALE_TRANSPORT_INSTR] Recv: key=psum.7_0_1_ag_0_sr_89_90|s200005->100005d|$c0$l706382407^i0 size=0 is_single_chunk=true is_aligned=true memcpy_needed=false
I0909 09:21:06.676494    1711 grpc_transport.cc:1414] [MEGASCALE_TRANSPORT_INSTR] Recv: key=psum.7_0_1_ag_0_sr_94_95|s200007->100007d|$c0$l706382407^i0 size=0 is_single_chunk=true is_aligned=true memcpy_needed=false
I0909 09:21:06.694798    1364 grpc_transport.cc:1414] [MEGASCALE_TRANSPORT_INSTR] Recv: key=psum.7_0_1_ag_0_sr_111_112|s200007->100007d|$c0$l706382407^i0 size=0 is_single_chunk=true is_aligned=true memcpy_needed=false
I0909 09:21:06.729090    1364 grpc_transport.cc:1414] [MEGASCALE_TRANSPORT_INSTR] Recv: key=psum.7_0_1_ag_0_sr_120_121|s200002->100002d|$c0$l706382407^i0 size=0 is_single_chunk=true is_aligned=true memcpy_needed=false
I0909 09:21:06.742327    1954 grpc_transport.cc:1743] [MEGASCALE_TRANSPORT_INSTR] SendRpc: key=psum.7_0_sr_86_87|s100004->200004d|$c0$l706382408^i0 size=8388608 queue_latency_us=1 attempt=0
I0909 09:21:06.745417    1360 grpc_transport.cc:1743] [MEGASCALE_TRANSPORT_INSTR] SendRpc: key=psum.7_0_sr_69_70|s100003->200003d|$c0$l706382408^i0 size=8388608 queue_latency_us=0 attempt=0
I0909 09:21:06.748373    1942 grpc_transport.cc:1743] [MEGASCALE_TRANSPORT_INSTR] SendRpc: key=psum.7_0_sr_99_100|s100005->200005d|$c0$l706382408^i0 size=8388608 queue_latency_us=0 attempt=0
I0909 09:21:06.751864    2392 grpc_transport.cc:1743] [MEGASCALE_TRANSPORT_INSTR] SendRpc: key=psum.7_0_sr_111_112|s100002->200002d|$c0$l706382408^i0 size=8388608 queue_latency_us=0 attempt=0
I0909 09:21:06.755774    2205 grpc_transport.cc:1743] [MEGASCALE_TRANSPORT_INSTR] SendRpc: key=psum.7_0_sr_126_127|s100002->200002d|$c0$l706382408^i0 size=8388608 queue_latency_us=0 attempt=0
I0909 09:21:06.778629    1711 grpc_transport.cc:1414] [MEGASCALE_TRANSPORT_INSTR] Recv: key=psum.7_0_sr_28_29|s200007->100007d|$c0$l706382408^i0 size=0 is_single_chunk=true is_aligned=true memcpy_needed=false
I0909 09:21:06.800876     786 grpc_transport.cc:1414] [MEGASCALE_TRANSPORT_INSTR] Recv: key=psum.7_0_sr_31_32|s200004->100004d|$c0$l706382408^i0 size=0 is_single_chunk=true is_aligned=true memcpy_needed=false
I0909 09:21:06.818321    1711 grpc_transport.cc:1414] [MEGASCALE_TRANSPORT_INSTR] Recv: key=psum.7_0_sr_42_43|s200007->100007d|$c0$l706382408^i0 size=0 is_single_chunk=true is_aligned=true memcpy_needed=false
I0909 09:21:06.836518    1936 grpc_transport.cc:1414] [MEGASCALE_TRANSPORT_INSTR] Recv: key=psum.7_0_sr_58_59|s200000->100000d|$c0$l706382408^i0 size=0 is_single_chunk=true is_aligned=true memcpy_needed=false
I0909 09:21:06.858461    2392 grpc_transport.cc:1414] [MEGASCALE_TRANSPORT_INSTR] Recv: key=psum.7_0_sr_51_52|s200006->100006d|$c0$l706382408^i0 size=0 is_single_chunk=true is_aligned=true memcpy_needed=false
I0909 09:21:06.865196     788 grpc_transport.cc:1743] [MEGASCALE_TRANSPORT_INSTR] SendRpc: key=psum.7_0_1_ag_0_sr_17_18|s100005->200005d|$c0$l706382408^i0 size=8388608 queue_latency_us=0 attempt=0
I0909 09:21:06.873094    1711 grpc_transport.cc:1743] [MEGASCALE_TRANSPORT_INSTR] SendRpc: key=psum.7_0_1_ag_0_sr_16_17|s100002->200002d|$c0$l706382408^i0 size=8388608 queue_latency_us=0 attempt=0
I0909 09:21:06.883130    2215 grpc_transport.cc:1743] [MEGASCALE_TRANSPORT_INSTR] SendRpc: key=psum.7_0_1_ag_0_sr_60_61|s100002->200002d|$c0$l706382408^i0 size=8388608 queue_latency_us=0 attempt=0
I0909 09:21:06.890372     788 grpc_transport.cc:1414] [MEGASCALE_TRANSPORT_INSTR] Recv: key=psum.7_0_1_ag_0_sr_93_94|s200001->100001d|$c0$l706382408^i0 size=0 is_single_chunk=true is_aligned=true memcpy_needed=false
I0909 09:21:06.892781    2393 grpc_transport.cc:1743] [MEGASCALE_TRANSPORT_INSTR] SendRpc: key=psum.7_0_1_ag_0_sr_16_17|s100003->200003d|$c0$l706382408^i0 size=8388608 queue_latency_us=0 attempt=0
I0909 09:21:06.907970    2200 grpc_transport.cc:1743] [MEGASCALE_TRANSPORT_INSTR] SendRpc: key=psum.7_0_1_ag_0_sr_36_37|s100006->200006d|$c0$l706382408^i0 size=8388608 queue_latency_us=0 attempt=0
I0909 09:21:06.918690    1711 grpc_transport.cc:1414] [MEGASCALE_TRANSPORT_INSTR] Recv: key=psum.7_0_1_ag_0_sr_127_128|s200007->100007d|$c0$l706382408^i0 size=0 is_single_chunk=true is_aligned=true memcpy_needed=false
I0909 09:21:06.937474    1706 grpc_transport.cc:1414] [MEGASCALE_TRANSPORT_INSTR] Recv: key=psum.7_0_1_ag_0_sr_87_88|s200000->100000d|$c0$l706382408^i0 size=0 is_single_chunk=true is_aligned=true memcpy_needed=false
I0909 09:21:06.954758    2392 grpc_transport.cc:1414] [MEGASCALE_TRANSPORT_INSTR] Recv: key=psum.7_0_1_ag_0_sr_97_98|s200006->100006d|$c0$l706382408^i0 size=0 is_single_chunk=true is_aligned=true memcpy_needed=false
I0909 09:21:06.977972     803 grpc_transport.cc:1414] [MEGASCALE_TRANSPORT_INSTR] Recv: key=psum.7_0_1_ag_0_sr_89_90|s200003->100003d|$c0$l706382408^i0 size=0 is_single_chunk=true is_aligned=true memcpy_needed=false
I0909 09:21:06.998591    1947 grpc_transport.cc:1743] [MEGASCALE_TRANSPORT_INSTR] SendRpc: key=psum.7_0_sr_80_81|s100001->200001d|$c0$l706382409^i0 size=8388608 queue_latency_us=1 attempt=0
I0909 09:21:07.001539    2393 grpc_transport.cc:1743] [MEGASCALE_TRANSPORT_INSTR] SendRpc: key=psum.7_0_sr_80_81|s100006->200006d|$c0$l706382409^i0 size=8388608 queue_latency_us=0 attempt=0
I0909 09:21:07.004490    1873 grpc_transport.cc:1743] [MEGASCALE_TRANSPORT_INSTR] SendRpc: key=psum.7_0_sr_93_94|s100004->200004d|$c0$l706382409^i0 size=8388608 queue_latency_us=0 attempt=0
I0909 09:21:07.007917    1728 grpc_transport.cc:1743] [MEGASCALE_TRANSPORT_INSTR] SendRpc: key=psum.7_0_sr_103_104|s100006->200006d|$c0$l706382409^i0 size=8388608 queue_latency_us=0 attempt=0
I0909 09:21:07.011870    1706 grpc_transport.cc:1743] [MEGASCALE_TRANSPORT_INSTR] SendRpc: key=psum.7_0_sr_116_117|s100004->200004d|$c0$l706382409^i0 size=8388608 queue_latency_us=0 attempt=0
I0909 09:21:07.029948    1371 grpc_transport.cc:1414] [MEGASCALE_TRANSPORT_INSTR] Recv: key=psum.7_0_sr_3_4|s200003->100003d|$c0$l706382409^i0 size=0 is_single_chunk=true is_aligned=true memcpy_needed=false
I0909 09:21:07.054112    1703 grpc_transport.cc:1414] [MEGASCALE_TRANSPORT_INSTR] Recv: key=psum.7_0_sr_31_32|s200000->100000d|$c0$l706382409^i0 size=0 is_single_chunk=true is_aligned=true memcpy_needed=false
I0909 09:21:07.074198    1943 grpc_transport.cc:1414] [MEGASCALE_TRANSPORT_INSTR] Recv: key=psum.7_0_sr_42_43|s200004->100004d|$c0$l706382409^i0 size=0 is_single_chunk=true is_aligned=true memcpy_needed=false
I0909 09:21:07.091351    1360 grpc_transport.cc:1414] [MEGASCALE_TRANSPORT_INSTR] Recv: key=psum.7_0_sr_23_24|s200006->100006d|$c0$l706382409^i0 size=0 is_single_chunk=true is_aligned=true memcpy_needed=false
I0909 09:21:07.112830    2392 grpc_transport.cc:1414] [MEGASCALE_TRANSPORT_INSTR] Recv: key=psum.7_0_sr_37_38|s200006->100006d|$c0$l706382409^i0 size=0 is_single_chunk=true is_aligned=true memcpy_needed=false
I0909 09:21:07.117305    1378 grpc_transport.cc:1743] [MEGASCALE_TRANSPORT_INSTR] SendRpc: key=psum.7_0_1_ag_0_sr_25_26|s100000->200000d|$c0$l706382409^i0 size=8388608 queue_latency_us=0 attempt=0
I0909 09:21:07.122827    1359 grpc_transport.cc:1743] [MEGASCALE_TRANSPORT_INSTR] SendRpc: key=psum.7_0_1_ag_0_sr_43_44|s100004->200004d|$c0$l706382409^i0 size=8388608 queue_latency_us=0 attempt=0
I0909 09:21:07.128335    2230 grpc_transport.cc:1743] [MEGASCALE_TRANSPORT_INSTR] SendRpc: key=psum.7_0_1_ag_0_sr_41_42|s100007->200007d|$c0$l706382409^i0 size=8388608 queue_latency_us=0 attempt=0
I0909 09:21:07.139842    1371 grpc_transport.cc:1414] [MEGASCALE_TRANSPORT_INSTR] Recv: key=psum.7_0_sr_63_64|s200006->100006d|$c0$l706382409^i0 size=0 is_single_chunk=true is_aligned=true memcpy_needed=false
I0909 09:21:07.145004    2202 grpc_transport.cc:1743] [MEGASCALE_TRANSPORT_INSTR] SendRpc: key=psum.7_0_1_ag_0_sr_39_40|s100002->200002d|$c0$l706382409^i0 size=8388608 queue_latency_us=0 attempt=0
I0909 09:21:07.158406    1371 grpc_transport.cc:1743] [MEGASCALE_TRANSPORT_INSTR] SendRpc: key=psum.7_0_1_ag_0_sr_10_11|s100006->200006d|$c0$l706382409^i0 size=8388608 queue_latency_us=0 attempt=0
I0909 09:21:07.166928     803 grpc_transport.cc:1414] [MEGASCALE_TRANSPORT_INSTR] Recv: key=psum.7_0_1_ag_0_sr_93_94|s200002->100002d|$c0$l706382409^i0 size=0 is_single_chunk=true is_aligned=true memcpy_needed=false
I0909 09:21:07.186355    1942 grpc_transport.cc:1414] [MEGASCALE_TRANSPORT_INSTR] Recv: key=psum.7_0_1_ag_0_sr_117_118|s200000->100000d|$c0$l706382409^i0 size=0 is_single_chunk=true is_aligned=true memcpy_needed=false
I0909 09:21:07.205102    1711 grpc_transport.cc:1414] [MEGASCALE_TRANSPORT_INSTR] Recv: key=psum.7_0_1_ag_0_sr_127_128|s200007->100007d|$c0$l706382409^i0 size=0 is_single_chunk=true is_aligned=true memcpy_needed=false
I0909 09:21:07.229631    1705 grpc_transport.cc:1414] [MEGASCALE_TRANSPORT_INSTR] Recv: key=psum.7_0_1_ag_0_sr_114_115|s200003->100003d|$c0$l706382409^i0 size=0 is_single_chunk=true is_aligned=true memcpy_needed=false
I0909 09:21:07.259184    1705 grpc_transport.cc:1743] [MEGASCALE_TRANSPORT_INSTR] SendRpc: key=psum.7_0_sr_104_105|s100002->200002d|$c0$l706382410^i0 size=8388608 queue_latency_us=0 attempt=0
I0909 09:21:07.262907    2207 grpc_transport.cc:1743] [MEGASCALE_TRANSPORT_INSTR] SendRpc: key=psum.7_0_sr_115_116|s100002->200002d|$c0$l706382410^i0 size=8388608 queue_latency_us=0 attempt=0
I0909 09:21:07.266899    1358 grpc_transport.cc:1743] [MEGASCALE_TRANSPORT_INSTR] SendRpc: key=psum.7_0_sr_113_114|s100005->200005d|$c0$l706382410^i0 size=8388608 queue_latency_us=0 attempt=0
I0909 09:21:07.270747    1719 grpc_transport.cc:1743] [MEGASCALE_TRANSPORT_INSTR] SendRpc: key=psum.7_0_sr_93_94|s100003->200003d|$c0$l706382410^i0 size=8388608 queue_latency_us=0 attempt=0
I0909 09:21:07.275982    2392 grpc_transport.cc:1743] [MEGASCALE_TRANSPORT_INSTR] SendRpc: key=psum.7_0_sr_119_120|s100006->200006d|$c0$l706382410^i0 size=8388608 queue_latency_us=0 attempt=0
I0909 09:21:07.282375    1391 grpc_transport.cc:1414] [MEGASCALE_TRANSPORT_INSTR] Recv: key=psum.7_0_sr_14_15|s200003->100003d|$c0$l706382410^i0 size=0 is_single_chunk=true is_aligned=true memcpy_needed=false
I0909 09:21:07.306190    1711 grpc_transport.cc:1414] [MEGASCALE_TRANSPORT_INSTR] Recv: key=psum.7_0_sr_4_5|s200006->100006d|$c0$l706382410^i0 size=0 is_single_chunk=true is_aligned=true memcpy_needed=false
I0909 09:21:07.324590    1863 grpc_transport.cc:1414] [MEGASCALE_TRANSPORT_INSTR] Recv: key=psum.7_0_sr_37_38|s200005->100005d|$c0$l706382410^i0 size=0 is_single_chunk=true is_aligned=true memcpy_needed=false
I0909 09:21:07.344417    1860 grpc_transport.cc:1414] [MEGASCALE_TRANSPORT_INSTR] Recv: key=psum.7_0_sr_56_57|s200001->100001d|$c0$l706382410^i0 size=0 is_single_chunk=true is_aligned=true memcpy_needed=false
I0909 09:21:07.363424     786 grpc_transport.cc:1414] [MEGASCALE_TRANSPORT_INSTR] Recv: key=psum.7_0_sr_58_59|s200000->100000d|$c0$l706382410^i0 size=0 is_single_chunk=true is_aligned=true memcpy_needed=false
I0909 09:21:07.370543    1363 grpc_transport.cc:1743] [MEGASCALE_TRANSPORT_INSTR] SendRpc: key=psum.7_0_1_ag_0_sr_36_37|s100005->200005d|$c0$l706382410^i0 size=8388608 queue_latency_us=2 attempt=0
I0909 09:21:07.382206    1363 grpc_transport.cc:1743] [MEGASCALE_TRANSPORT_INSTR] SendRpc: key=psum.7_0_1_ag_0_sr_8_9|s100004->200004d|$c0$l706382410^i0 size=8388608 queue_latency_us=0 attempt=0
I0909 09:21:07.389053    2202 grpc_transport.cc:1414] [MEGASCALE_TRANSPORT_INSTR] Recv: key=psum.7_0_1_ag_0_sr_73_74|s200002->100002d|$c0$l706382410^i0 size=0 is_single_chunk=true is_aligned=true memcpy_needed=false
I0909 09:21:07.390807    1860 grpc_transport.cc:1743] [MEGASCALE_TRANSPORT_INSTR] SendRpc: key=psum.7_0_1_ag_0_sr_44_45|s100000->200000d|$c0$l706382410^i0 size=8388608 queue_latency_us=0 attempt=0
I0909 09:21:07.405268    2392 grpc_transport.cc:1743] [MEGASCALE_TRANSPORT_INSTR] SendRpc: key=psum.7_0_1_ag_0_sr_19_20|s100003->200003d|$c0$l706382410^i0 size=8388608 queue_latency_us=0 attempt=0
I0909 09:21:07.408545    1711 grpc_transport.cc:1414] [MEGASCALE_TRANSPORT_INSTR] Recv: key=psum.7_0_1_ag_0_sr_121_122|s200002->100002d|$c0$l706382410^i0 size=0 is_single_chunk=true is_aligned=true memcpy_needed=false
I0909 09:21:07.411589    2211 grpc_transport.cc:1743] [MEGASCALE_TRANSPORT_INSTR] SendRpc: key=psum.7_0_1_ag_0_sr_63_64|s100003->200003d|$c0$l706382410^i0 size=8388608 queue_latency_us=0 attempt=0
I0909 09:21:07.427827    1375 grpc_transport.cc:1414] [MEGASCALE_TRANSPORT_INSTR] Recv: key=psum.7_0_1_ag_0_sr_80_81|s200006->100006d|$c0$l706382410^i0 size=0 is_single_chunk=true is_aligned=true memcpy_needed=false
I0909 09:21:07.448214    1859 grpc_transport.cc:1414] [MEGASCALE_TRANSPORT_INSTR] Recv: key=psum.7_0_1_ag_0_sr_116_117|s200001->100001d|$c0$l706382410^i0 size=0 is_single_chunk=true is_aligned=true memcpy_needed=false
I0909 09:21:07.465402    2202 grpc_transport.cc:1414] [MEGASCALE_TRANSPORT_INSTR] Recv: key=psum.7_0_1_ag_0_sr_122_123|s200003->100003d|$c0$l706382410^i0 size=0 is_single_chunk=true is_aligned=true memcpy_needed=false
I0909 09:21:07.503805    2208 grpc_transport.cc:1743] [MEGASCALE_TRANSPORT_INSTR] SendRpc: key=psum.7_0_sr_82_83|s100003->200003d|$c0$l706382411^i0 size=8388608 queue_latency_us=0 attempt=0
I0909 09:21:07.507374    1401 grpc_transport.cc:1743] [MEGASCALE_TRANSPORT_INSTR] SendRpc: key=psum.7_0_sr_100_101|s100003->200003d|$c0$l706382411^i0 size=8388608 queue_latency_us=0 attempt=0
I0909 09:21:07.510612     805 grpc_transport.cc:1743] [MEGASCALE_TRANSPORT_INSTR] SendRpc: key=psum.7_0_sr_88_89|s100002->200002d|$c0$l706382411^i0 size=8388608 queue_latency_us=0 attempt=0
I0909 09:21:07.514130    1946 grpc_transport.cc:1743] [MEGASCALE_TRANSPORT_INSTR] SendRpc: key=psum.7_0_sr_95_96|s100001->200001d|$c0$l706382411^i0 size=8388608 queue_latency_us=0 attempt=0
I0909 09:21:07.518697    1724 grpc_transport.cc:1743] [MEGASCALE_TRANSPORT_INSTR] SendRpc: key=psum.7_0_sr_123_124|s100005->200005d|$c0$l706382411^i0 size=8388608 queue_latency_us=0 attempt=0
I0909 09:21:07.562515    2392 grpc_transport.cc:1414] [MEGASCALE_TRANSPORT_INSTR] Recv: key=psum.7_0_sr_25_26|s200003->100003d|$c0$l706382411^i0 size=0 is_single_chunk=true is_aligned=true memcpy_needed=false
I0909 09:21:07.600199    1858 grpc_transport.cc:1414] [MEGASCALE_TRANSPORT_INSTR] Recv: key=psum.7_0_sr_13_14|s200001->100001d|$c0$l706382411^i0 size=0 is_single_chunk=true is_aligned=true memcpy_needed=false
I0909 09:21:07.620409    1859 grpc_transport.cc:1414] [MEGASCALE_TRANSPORT_INSTR] Recv: key=psum.7_0_sr_24_25|s200004->100004d|$c0$l706382411^i0 size=0 is_single_chunk=true is_aligned=true memcpy_needed=false
I0909 09:21:07.643822    1859 grpc_transport.cc:1414] [MEGASCALE_TRANSPORT_INSTR] Recv: key=psum.7_0_sr_49_50|s200000->100000d|$c0$l706382411^i0 size=0 is_single_chunk=true is_aligned=true memcpy_needed=false
I0909 09:21:07.661515    1860 grpc_transport.cc:1743] [MEGASCALE_TRANSPORT_INSTR] SendRpc: key=psum.7_0_1_ag_0_sr_12_13|s100000->200000d|$c0$l706382411^i0 size=8388608 queue_latency_us=0 attempt=0
I0909 09:21:07.663047    1860 grpc_transport.cc:1414] [MEGASCALE_TRANSPORT_INSTR] Recv: key=psum.7_0_sr_53_54|s200005->100005d|$c0$l706382411^i0 size=0 is_single_chunk=true is_aligned=true memcpy_needed=false
I0909 09:21:07.675270    1711 grpc_transport.cc:1743] [MEGASCALE_TRANSPORT_INSTR] SendRpc: key=psum.7_0_1_ag_0_sr_47_48|s100003->200003d|$c0$l706382411^i0 size=8388608 queue_latency_us=0 attempt=0
I0909 09:21:07.688102    1375 grpc_transport.cc:1414] [MEGASCALE_TRANSPORT_INSTR] Recv: key=psum.7_0_sr_50_51|s200006->100006d|$c0$l706382411^i0 size=0 is_single_chunk=true is_aligned=true memcpy_needed=false
I0909 09:21:07.689084    1715 grpc_transport.cc:1743] [MEGASCALE_TRANSPORT_INSTR] SendRpc: key=psum.7_0_1_ag_0_sr_29_30|s100001->200001d|$c0$l706382411^i0 size=8388608 queue_latency_us=0 attempt=0
I0909 09:21:07.703373    1702 grpc_transport.cc:1743] [MEGASCALE_TRANSPORT_INSTR] SendRpc: key=psum.7_0_1_ag_0_sr_59_60|s100005->200005d|$c0$l706382411^i0 size=8388608 queue_latency_us=0 attempt=0
I0909 09:21:07.708372    1711 grpc_transport.cc:1414] [MEGASCALE_TRANSPORT_INSTR] Recv: key=psum.7_0_1_ag_0_sr_89_90|s200003->100003d|$c0$l706382411^i0 size=0 is_single_chunk=true is_aligned=true memcpy_needed=false
I0909 09:21:07.715059    2232 grpc_transport.cc:1743] [MEGASCALE_TRANSPORT_INSTR] SendRpc: key=psum.7_0_1_ag_0_sr_39_40|s100002->200002d|$c0$l706382411^i0 size=8388608 queue_latency_us=0 attempt=0
I0909 09:21:07.727369    1943 grpc_transport.cc:1414] [MEGASCALE_TRANSPORT_INSTR] Recv: key=psum.7_0_1_ag_0_sr_108_109|s200004->100004d|$c0$l706382411^i0 size=0 is_single_chunk=true is_aligned=true memcpy_needed=false
I0909 09:21:07.744936    1719 grpc_transport.cc:1414] [MEGASCALE_TRANSPORT_INSTR] Recv: key=psum.7_0_1_ag_0_sr_123_124|s200002->100002d|$c0$l706382411^i0 size=0 is_single_chunk=true is_aligned=true memcpy_needed=false
I0909 09:21:07.761970    1936 grpc_transport.cc:1414] [MEGASCALE_TRANSPORT_INSTR] Recv: key=psum.7_0_1_ag_0_sr_119_120|s200001->100001d|$c0$l706382411^i0 size=0 is_single_chunk=true is_aligned=true memcpy_needed=false
I0909 09:21:07.788329    2200 grpc_transport.cc:1414] [MEGASCALE_TRANSPORT_INSTR] Recv: key=psum.7_0_1_ag_0_sr_124_125|s200007->100007d|$c0$l706382411^i0 size=0 is_single_chunk=true is_aligned=true memcpy_needed=false
I0909 09:21:07.799295    1702 grpc_transport.cc:1743] [MEGASCALE_TRANSPORT_INSTR] SendRpc: key=psum.7_0_sr_86_87|s100001->200001d|$c0$l706382412^i0 size=8388608 queue_latency_us=0 attempt=0
I0909 09:21:07.802598    1711 grpc_transport.cc:1743] [MEGASCALE_TRANSPORT_INSTR] SendRpc: key=psum.7_0_sr_81_82|s100003->200003d|$c0$l706382412^i0 size=8388608 queue_latency_us=0 attempt=0
I0909 09:21:07.805963    2226 grpc_transport.cc:1743] [MEGASCALE_TRANSPORT_INSTR] SendRpc: key=psum.7_0_sr_65_66|s100007->200007d|$c0$l706382412^i0 size=8388608 queue_latency_us=0 attempt=0
I0909 09:21:07.808193    1358 grpc_transport.cc:1743] [MEGASCALE_TRANSPORT_INSTR] SendRpc: key=psum.7_0_sr_102_103|s100000->200000d|$c0$l706382412^i0 size=8388608 queue_latency_us=0 attempt=0
I0909 09:21:07.811672     806 grpc_transport.cc:1743] [MEGASCALE_TRANSPORT_INSTR] SendRpc: key=psum.7_0_sr_108_109|s100006->200006d|$c0$l706382412^i0 size=8388608 queue_latency_us=0 attempt=0
I0909 09:21:07.815593    1375 grpc_transport.cc:1743] [MEGASCALE_TRANSPORT_INSTR] SendRpc: key=psum.7_0_sr_126_127|s100003->200003d|$c0$l706382412^i0 size=8388608 queue_latency_us=0 attempt=0
I0909 09:21:07.845403    1364 grpc_transport.cc:1414] [MEGASCALE_TRANSPORT_INSTR] Recv: key=psum.7_0_sr_14_15|s200002->100002d|$c0$l706382412^i0 size=0 is_single_chunk=true is_aligned=true memcpy_needed=false
I0909 09:21:07.866773    1939 grpc_transport.cc:1414] [MEGASCALE_TRANSPORT_INSTR] Recv: key=psum.7_0_sr_41_42|s200004->100004d|$c0$l706382412^i0 size=0 is_single_chunk=true is_aligned=true memcpy_needed=false
I0909 09:21:07.885314    2392 grpc_transport.cc:1414] [MEGASCALE_TRANSPORT_INSTR] Recv: key=psum.7_0_sr_21_22|s200006->100006d|$c0$l706382412^i0 size=0 is_single_chunk=true is_aligned=true memcpy_needed=false
I0909 09:21:07.905329     786 grpc_transport.cc:1414] [MEGASCALE_TRANSPORT_INSTR] Recv: key=psum.7_0_sr_53_54|s200005->100005d|$c0$l706382412^i0 size=0 is_single_chunk=true is_aligned=true memcpy_needed=false
I0909 09:21:07.913494    1358 grpc_transport.cc:1743] [MEGASCALE_TRANSPORT_INSTR] SendRpc: key=psum.7_0_1_ag_0_sr_27_28|s100004->200004d|$c0$l706382412^i0 size=8388608 queue_latency_us=0 attempt=0
I0909 09:21:07.925643     803 grpc_transport.cc:1414] [MEGASCALE_TRANSPORT_INSTR] Recv: key=psum.7_0_sr_58_59|s200006->100006d|$c0$l706382412^i0 size=0 is_single_chunk=true is_aligned=true memcpy_needed=false
I0909 09:21:07.928323    1371 grpc_transport.cc:1743] [MEGASCALE_TRANSPORT_INSTR] SendRpc: key=psum.7_0_1_ag_0_sr_62_63|s100003->200003d|$c0$l706382412^i0 size=8388608 queue_latency_us=0 attempt=0
I0909 09:21:07.938225    1948 grpc_transport.cc:1743] [MEGASCALE_TRANSPORT_INSTR] SendRpc: key=psum.7_0_1_ag_0_sr_49_50|s100001->200001d|$c0$l706382412^i0 size=8388608 queue_latency_us=0 attempt=0
I0909 09:21:07.948345    1364 grpc_transport.cc:1414] [MEGASCALE_TRANSPORT_INSTR] Recv: key=psum.7_0_1_ag_0_sr_86_87|s200006->100006d|$c0$l706382412^i0 size=0 is_single_chunk=true is_aligned=true memcpy_needed=false
I0909 09:21:07.957916    2206 grpc_transport.cc:1743] [MEGASCALE_TRANSPORT_INSTR] SendRpc: key=psum.7_0_1_ag_0_sr_37_38|s100006->200006d|$c0$l706382412^i0 size=8388608 queue_latency_us=0 attempt=0
I0909 09:21:07.975432    2170 grpc_transport.cc:1414] [MEGASCALE_TRANSPORT_INSTR] Recv: key=psum.7_0_1_ag_0_sr_81_82|s200005->100005d|$c0$l706382412^i0 size=0 is_single_chunk=true is_aligned=true memcpy_needed=false
I0909 09:21:07.982978    1711 grpc_transport.cc:1743] [MEGASCALE_TRANSPORT_INSTR] SendRpc: key=psum.7_0_1_ag_0_sr_42_43|s100007->200007d|$c0$l706382412^i0 size=8388608 queue_latency_us=0 attempt=0
I0909 09:21:07.994729    2200 grpc_transport.cc:1414] [MEGASCALE_TRANSPORT_INSTR] Recv: key=psum.7_0_1_ag_0_sr_87_88|s200007->100007d|$c0$l706382412^i0 size=0 is_single_chunk=true is_aligned=true memcpy_needed=false
I0909 09:21:08.012273    2206 grpc_transport.cc:1414] [MEGASCALE_TRANSPORT_INSTR] Recv: key=psum.7_0_1_ag_0_sr_92_93|s200002->100002d|$c0$l706382412^i0 size=0 is_single_chunk=true is_aligned=true memcpy_needed=false
I0909 09:21:08.040673    1364 grpc_transport.cc:1414] [MEGASCALE_TRANSPORT_INSTR] Recv: key=psum.7_0_1_ag_0_sr_110_111|s200002->100002d|$c0$l706382412^i0 size=0 is_single_chunk=true is_aligned=true memcpy_needed=false
I0909 09:21:08.060766    1762 grpc_transport.cc:1743] [MEGASCALE_TRANSPORT_INSTR] SendRpc: key=psum.7_0_sr_78_79|s100007->200007d|$c0$l706382413^i0 size=8388608 queue_latency_us=0 attempt=0
I0909 09:21:08.063935    2395 grpc_transport.cc:1743] [MEGASCALE_TRANSPORT_INSTR] SendRpc: key=psum.7_0_sr_71_72|s100007->200007d|$c0$l706382413^i0 size=8388608 queue_latency_us=0 attempt=0
I0909 09:21:08.066583     803 grpc_transport.cc:1743] [MEGASCALE_TRANSPORT_INSTR] SendRpc: key=psum.7_0_sr_94_95|s100007->200007d|$c0$l706382413^i0 size=8388608 queue_latency_us=0 attempt=0
I0909 09:21:08.070403    2397 grpc_transport.cc:1743] [MEGASCALE_TRANSPORT_INSTR] SendRpc: key=psum.7_0_sr_103_104|s100002->200002d|$c0$l706382413^i0 size=8388608 queue_latency_us=0 attempt=0
I0909 09:21:08.074411    1395 grpc_transport.cc:1743] [MEGASCALE_TRANSPORT_INSTR] SendRpc: key=psum.7_0_sr_125_126|s100003->200003d|$c0$l706382413^i0 size=8388608 queue_latency_us=0 attempt=0
I0909 09:21:08.088354    1943 grpc_transport.cc:1414] [MEGASCALE_TRANSPORT_INSTR] Recv: key=psum.7_0_sr_20_21|s200001->100001d|$c0$l706382413^i0 size=0 is_single_chunk=true is_aligned=true memcpy_needed=false
I0909 09:21:08.109594    2200 grpc_transport.cc:1414] [MEGASCALE_TRANSPORT_INSTR] Recv: key=psum.7_0_sr_20_21|s200003->100003d|$c0$l706382413^i0 size=0 is_single_chunk=true is_aligned=true memcpy_needed=false
I0909 09:21:08.127711    1860 grpc_transport.cc:1414] [MEGASCALE_TRANSPORT_INSTR] Recv: key=psum.7_0_sr_32_33|s200005->100005d|$c0$l706382413^i0 size=0 is_single_chunk=true is_aligned=true memcpy_needed=false
I0909 09:21:08.144938    1352 grpc_transport.cc:1414] [MEGASCALE_TRANSPORT_INSTR] Recv: key=psum.7_0_sr_49_50|s200004->100004d|$c0$l706382413^i0 size=0 is_single_chunk=true is_aligned=true memcpy_needed=false
I0909 09:21:08.163482    1711 grpc_transport.cc:1414] [MEGASCALE_TRANSPORT_INSTR] Recv: key=psum.7_0_sr_53_54|s200003->100003d|$c0$l706382413^i0 size=0 is_single_chunk=true is_aligned=true memcpy_needed=false
I0909 09:21:08.179172    1872 grpc_transport.cc:1743] [MEGASCALE_TRANSPORT_INSTR] SendRpc: key=psum.7_0_1_ag_0_sr_9_10|s100005->200005d|$c0$l706382413^i0 size=8388608 queue_latency_us=0 attempt=0
I0909 09:21:08.185594    1940 grpc_transport.cc:1743] [MEGASCALE_TRANSPORT_INSTR] SendRpc: key=psum.7_0_1_ag_0_sr_6_7|s100004->200004d|$c0$l706382413^i0 size=8388608 queue_latency_us=0 attempt=0
I0909 09:21:08.190724    1878 grpc_transport.cc:1743] [MEGASCALE_TRANSPORT_INSTR] SendRpc: key=psum.7_0_1_ag_0_sr_36_37|s100004->200004d|$c0$l706382413^i0 size=8388608 queue_latency_us=0 attempt=0
I0909 09:21:08.197722    1949 grpc_transport.cc:1743] [MEGASCALE_TRANSPORT_INSTR] SendRpc: key=psum.7_0_1_ag_0_sr_60_61|s100004->200004d|$c0$l706382413^i0 size=8388608 queue_latency_us=0 attempt=0
I0909 09:21:08.199337    1363 grpc_transport.cc:1414] [MEGASCALE_TRANSPORT_INSTR] Recv: key=psum.7_0_1_ag_0_sr_113_114|s200004->100004d|$c0$l706382413^i0 size=0 is_single_chunk=true is_aligned=true memcpy_needed=false
I0909 09:21:08.206066    2220 grpc_transport.cc:1743] [MEGASCALE_TRANSPORT_INSTR] SendRpc: key=psum.7_0_1_ag_0_sr_52_53|s100002->200002d|$c0$l706382413^i0 size=8388608 queue_latency_us=0 attempt=0
I0909 09:21:08.223211    1939 grpc_transport.cc:1414] [MEGASCALE_TRANSPORT_INSTR] Recv: key=psum.7_0_1_ag_0_sr_75_76|s200001->100001d|$c0$l706382413^i0 size=0 is_single_chunk=true is_aligned=true memcpy_needed=false
I0909 09:21:08.246865    1939 grpc_transport.cc:1414] [MEGASCALE_TRANSPORT_INSTR] Recv: key=psum.7_0_1_ag_0_sr_72_73|s200000->100000d|$c0$l706382413^i0 size=0 is_single_chunk=true is_aligned=true memcpy_needed=false
I0909 09:21:08.267596    1358 grpc_transport.cc:1414] [MEGASCALE_TRANSPORT_INSTR] Recv: key=psum.7_0_1_ag_0_sr_80_81|s200000->100000d|$c0$l706382413^i0 size=0 is_single_chunk=true is_aligned=true memcpy_needed=false
I0909 09:21:08.290675    1711 grpc_transport.cc:1414] [MEGASCALE_TRANSPORT_INSTR] Recv: key=psum.7_0_1_ag_0_sr_113_114|s200006->100006d|$c0$l706382413^i0 size=0 is_single_chunk=true is_aligned=true memcpy_needed=false
I0909 09:21:08.319142    2394 grpc_transport.cc:1743] [MEGASCALE_TRANSPORT_INSTR] SendRpc: key=psum.7_0_sr_77_78|s100006->200006d|$c0$l706382414^i0 size=8388608 queue_latency_us=0 attempt=0
I0909 09:21:08.322226    2243 grpc_transport.cc:1743] [MEGASCALE_TRANSPORT_INSTR] SendRpc: key=psum.7_0_sr_85_86|s100007->200007d|$c0$l706382414^i0 size=8388608 queue_latency_us=0 attempt=0
I0909 09:21:08.324541     786 grpc_transport.cc:1743] [MEGASCALE_TRANSPORT_INSTR] SendRpc: key=psum.7_0_sr_105_106|s100005->200005d|$c0$l706382414^i0 size=8388608 queue_latency_us=0 attempt=0
I0909 09:21:08.327847    2214 grpc_transport.cc:1743] [MEGASCALE_TRANSPORT_INSTR] SendRpc: key=psum.7_0_sr_109_110|s100006->200006d|$c0$l706382414^i0 size=8388608 queue_latency_us=0 attempt=0
I0909 09:21:08.331762     806 grpc_transport.cc:1743] [MEGASCALE_TRANSPORT_INSTR] SendRpc: key=psum.7_0_sr_119_120|s100006->200006d|$c0$l706382414^i0 size=8388608 queue_latency_us=0 attempt=0
I0909 09:21:08.345358    1942 grpc_transport.cc:1414] [MEGASCALE_TRANSPORT_INSTR] Recv: key=psum.7_0_sr_13_14|s200001->100001d|$c0$l706382414^i0 size=0 is_single_chunk=true is_aligned=true memcpy_needed=false
I0909 09:21:08.370290    1703 grpc_transport.cc:1414] [MEGASCALE_TRANSPORT_INSTR] Recv: key=psum.7_0_sr_36_37|s200001->100001d|$c0$l706382414^i0 size=0 is_single_chunk=true is_aligned=true memcpy_needed=false
I0909 09:21:08.390871    1703 grpc_transport.cc:1414] [MEGASCALE_TRANSPORT_INSTR] Recv: key=psum.7_0_sr_22_23|s200005->100005d|$c0$l706382414^i0 size=0 is_single_chunk=true is_aligned=true memcpy_needed=false
I0909 09:21:08.409242    2393 grpc_transport.cc:1414] [MEGASCALE_TRANSPORT_INSTR] Recv: key=psum.7_0_sr_35_36|s200003->100003d|$c0$l706382414^i0 size=0 is_single_chunk=true is_aligned=true memcpy_needed=false
I0909 09:21:08.424533    1942 grpc_transport.cc:1743] [MEGASCALE_TRANSPORT_INSTR] SendRpc: key=psum.7_0_1_ag_0_sr_45_46|s100001->200001d|$c0$l706382414^i0 size=8388608 queue_latency_us=0 attempt=0
I0909 09:21:08.428679    1379 grpc_transport.cc:1414] [MEGASCALE_TRANSPORT_INSTR] Recv: key=psum.7_0_sr_31_32|s200006->100006d|$c0$l706382414^i0 size=0 is_single_chunk=true is_aligned=true memcpy_needed=false
I0909 09:21:08.441230    1699 grpc_transport.cc:1743] [MEGASCALE_TRANSPORT_INSTR] SendRpc: key=psum.7_0_1_ag_0_sr_2_3|s100005->200005d|$c0$l706382414^i0 size=8388608 queue_latency_us=0 attempt=0
I0909 09:21:08.448142    1735 grpc_transport.cc:1743] [MEGASCALE_TRANSPORT_INSTR] SendRpc: key=psum.7_0_1_ag_0_sr_51_52|s100007->200007d|$c0$l706382414^i0 size=8388608 queue_latency_us=0 attempt=0
I0909 09:21:08.459836    1728 grpc_transport.cc:1743] [MEGASCALE_TRANSPORT_INSTR] SendRpc: key=psum.7_0_1_ag_0_sr_63_64|s100002->200002d|$c0$l706382414^i0 size=8388608 queue_latency_us=0 attempt=0
I0909 09:21:08.465410    1939 grpc_transport.cc:1414] [MEGASCALE_TRANSPORT_INSTR] Recv: key=psum.7_0_1_ag_0_sr_81_82|s200005->100005d|$c0$l706382414^i0 size=0 is_single_chunk=true is_aligned=true memcpy_needed=false
I0909 09:21:08.472477    1360 grpc_transport.cc:1743] [MEGASCALE_TRANSPORT_INSTR] SendRpc: key=psum.7_0_1_ag_0_sr_60_61|s100006->200006d|$c0$l706382414^i0 size=8388608 queue_latency_us=2 attempt=0
I0909 09:21:08.493031    1858 grpc_transport.cc:1414] [MEGASCALE_TRANSPORT_INSTR] Recv: key=psum.7_0_1_ag_0_sr_78_79|s200001->100001d|$c0$l706382414^i0 size=0 is_single_chunk=true is_aligned=true memcpy_needed=false
I0909 09:21:08.516386    2392 grpc_transport.cc:1414] [MEGASCALE_TRANSPORT_INSTR] Recv: key=psum.7_0_1_ag_0_sr_91_92|s200003->100003d|$c0$l706382414^i0 size=0 is_single_chunk=true is_aligned=true memcpy_needed=false
I0909 09:21:08.535686     786 grpc_transport.cc:1414] [MEGASCALE_TRANSPORT_INSTR] Recv: key=psum.7_0_1_ag_0_sr_110_111|s200004->100004d|$c0$l706382414^i0 size=0 is_single_chunk=true is_aligned=true memcpy_needed=false
I0909 09:21:08.552176    2200 grpc_transport.cc:1414] [MEGASCALE_TRANSPORT_INSTR] Recv: key=psum.7_0_1_ag_0_sr_70_71|s200006->100006d|$c0$l706382414^i0 size=0 is_single_chunk=true is_aligned=true memcpy_needed=false
I0909 09:21:08.589765    1940 grpc_transport.cc:1743] [MEGASCALE_TRANSPORT_INSTR] SendRpc: key=psum.7_0_sr_65_66|s100004->200004d|$c0$l706382415^i0 size=8388608 queue_latency_us=0 attempt=0
I0909 09:21:08.593274    1755 grpc_transport.cc:1743] [MEGASCALE_TRANSPORT_INSTR] SendRpc: key=psum.7_0_sr_70_71|s100006->200006d|$c0$l706382415^i0 size=8388608 queue_latency_us=1 attempt=0
I0909 09:21:08.596015    1859 grpc_transport.cc:1743] [MEGASCALE_TRANSPORT_INSTR] SendRpc: key=psum.7_0_sr_97_98|s100001->200001d|$c0$l706382415^i0 size=8388608 queue_latency_us=0 attempt=0
I0909 09:21:08.597243    2224 grpc_transport.cc:1414] [MEGASCALE_TRANSPORT_INSTR] Recv: key=psum.7_0_sr_15_16|s200007->100007d|$c0$l706382415^i0 size=0 is_single_chunk=true is_aligned=true memcpy_needed=false
I0909 09:21:08.599730    1956 grpc_transport.cc:1743] [MEGASCALE_TRANSPORT_INSTR] SendRpc: key=psum.7_0_sr_108_109|s100004->200004d|$c0$l706382415^i0 size=8388608 queue_latency_us=0 attempt=0
I0909 09:21:08.603482    1699 grpc_transport.cc:1743] [MEGASCALE_TRANSPORT_INSTR] SendRpc: key=psum.7_0_sr_119_120|s100001->200001d|$c0$l706382415^i0 size=8388608 queue_latency_us=0 attempt=0
I0909 09:21:08.629280    1859 grpc_transport.cc:1414] [MEGASCALE_TRANSPORT_INSTR] Recv: key=psum.7_0_sr_3_4|s200005->100005d|$c0$l706382415^i0 size=0 is_single_chunk=true is_aligned=true memcpy_needed=false
I0909 09:21:08.649152    1860 grpc_transport.cc:1414] [MEGASCALE_TRANSPORT_INSTR] Recv: key=psum.7_0_sr_38_39|s200001->100001d|$c0$l706382415^i0 size=0 is_single_chunk=true is_aligned=true memcpy_needed=false
I0909 09:21:08.667503    1858 grpc_transport.cc:1414] [MEGASCALE_TRANSPORT_INSTR] Recv: key=psum.7_0_sr_45_46|s200001->100001d|$c0$l706382415^i0 size=0 is_single_chunk=true is_aligned=true memcpy_needed=false
I0909 09:21:08.686576    2208 grpc_transport.cc:1414] [MEGASCALE_TRANSPORT_INSTR] Recv: key=psum.7_0_sr_39_40|s200006->100006d|$c0$l706382415^i0 size=0 is_single_chunk=true is_aligned=true memcpy_needed=false
I0909 09:21:08.699480    1946 grpc_transport.cc:1743] [MEGASCALE_TRANSPORT_INSTR] SendRpc: key=psum.7_0_1_ag_0_sr_7_8|s100001->200001d|$c0$l706382415^i0 size=8388608 queue_latency_us=0 attempt=0
I0909 09:21:08.713799    2208 grpc_transport.cc:1414] [MEGASCALE_TRANSPORT_INSTR] Recv: key=psum.7_0_sr_62_63|s200006->100006d|$c0$l706382415^i0 size=0 is_single_chunk=true is_aligned=true memcpy_needed=false
I0909 09:21:08.714412    1352 grpc_transport.cc:1743] [MEGASCALE_TRANSPORT_INSTR] SendRpc: key=psum.7_0_1_ag_0_sr_29_30|s100000->200000d|$c0$l706382415^i0 size=8388608 queue_latency_us=0 attempt=0
I0909 09:21:08.719705    1865 grpc_transport.cc:1743] [MEGASCALE_TRANSPORT_INSTR] SendRpc: key=psum.7_0_1_ag_0_sr_63_64|s100000->200000d|$c0$l706382415^i0 size=8388608 queue_latency_us=0 attempt=0
I0909 09:21:08.729374     803 grpc_transport.cc:1743] [MEGASCALE_TRANSPORT_INSTR] SendRpc: key=psum.7_0_1_ag_0_sr_51_52|s100007->200007d|$c0$l706382415^i0 size=8388608 queue_latency_us=0 attempt=0
I0909 09:21:08.740781    1352 grpc_transport.cc:1414] [MEGASCALE_TRANSPORT_INSTR] Recv: key=psum.7_0_1_ag_0_sr_92_93|s200000->100000d|$c0$l706382415^i0 size=0 is_single_chunk=true is_aligned=true memcpy_needed=false
I0909 09:21:08.744665    2206 grpc_transport.cc:1743] [MEGASCALE_TRANSPORT_INSTR] SendRpc: key=psum.7_0_1_ag_0_sr_48_49|s100006->200006d|$c0$l706382415^i0 size=8388608 queue_latency_us=0 attempt=0
I0909 09:21:08.754464    1360 grpc_transport.cc:1743] [MEGASCALE_TRANSPORT_INSTR] SendRpc: key=psum.7_0_1_ag_0_sr_61_62|s100003->200003d|$c0$l706382415^i0 size=8388608 queue_latency_us=0 attempt=0
I0909 09:21:08.766150    1858 grpc_transport.cc:1414] [MEGASCALE_TRANSPORT_INSTR] Recv: key=psum.7_0_1_ag_0_sr_117_118|s200000->100000d|$c0$l706382415^i0 size=0 is_single_chunk=true is_aligned=true memcpy_needed=false
I0909 09:21:08.786286    1939 grpc_transport.cc:1414] [MEGASCALE_TRANSPORT_INSTR] Recv: key=psum.7_0_1_ag_0_sr_88_89|s200001->100001d|$c0$l706382415^i0 size=0 is_single_chunk=true is_aligned=true memcpy_needed=false
I0909 09:21:08.807169    1705 grpc_transport.cc:1414] [MEGASCALE_TRANSPORT_INSTR] Recv: key=psum.7_0_1_ag_0_sr_103_104|s200007->100007d|$c0$l706382415^i0 size=0 is_single_chunk=true is_aligned=true memcpy_needed=false
I0909 09:21:08.832414     803 grpc_transport.cc:1414] [MEGASCALE_TRANSPORT_INSTR] Recv: key=psum.7_0_1_ag_0_sr_113_114|s200002->100002d|$c0$l706382415^i0 size=0 is_single_chunk=true is_aligned=true memcpy_needed=false
I0909 09:21:08.848993    1371 grpc_transport.cc:1743] [MEGASCALE_TRANSPORT_INSTR] SendRpc: key=psum.7_0_sr_64_65|s100006->200006d|$c0$l706382416^i0 size=8388608 queue_latency_us=0 attempt=0
I0909 09:21:08.852951    2218 grpc_transport.cc:1743] [MEGASCALE_TRANSPORT_INSTR] SendRpc: key=psum.7_0_sr_80_81|s100003->200003d|$c0$l706382416^i0 size=8388608 queue_latency_us=0 attempt=0
I0909 09:21:08.856659    1359 grpc_transport.cc:1743] [MEGASCALE_TRANSPORT_INSTR] SendRpc: key=psum.7_0_sr_106_107|s100004->200004d|$c0$l706382416^i0 size=8388608 queue_latency_us=0 attempt=0
I0909 09:21:08.860674    2209 grpc_transport.cc:1743] [MEGASCALE_TRANSPORT_INSTR] SendRpc: key=psum.7_0_sr_114_115|s100007->200007d|$c0$l706382416^i0 size=8388608 queue_latency_us=0 attempt=0
I0909 09:21:08.866833    2214 grpc_transport.cc:1743] [MEGASCALE_TRANSPORT_INSTR] SendRpc: key=psum.7_0_sr_123_124|s100006->200006d|$c0$l706382416^i0 size=8388608 queue_latency_us=0 attempt=0
I0909 09:21:08.878302     805 grpc_transport.cc:1414] [MEGASCALE_TRANSPORT_INSTR] Recv: key=psum.7_0_sr_4_5|s200002->100002d|$c0$l706382416^i0 size=0 is_single_chunk=true is_aligned=true memcpy_needed=false
I0909 09:21:08.898762    1719 grpc_transport.cc:1414] [MEGASCALE_TRANSPORT_INSTR] Recv: key=psum.7_0_sr_19_20|s200003->100003d|$c0$l706382416^i0 size=0 is_single_chunk=true is_aligned=true memcpy_needed=false
I0909 09:21:08.915326    1940 grpc_transport.cc:1414] [MEGASCALE_TRANSPORT_INSTR] Recv: key=psum.7_0_sr_41_42|s200001->100001d|$c0$l706382416^i0 size=0 is_single_chunk=true is_aligned=true memcpy_needed=false
I0909 09:21:08.933808    1939 grpc_transport.cc:1414] [MEGASCALE_TRANSPORT_INSTR] Recv: key=psum.7_0_sr_47_48|s200000->100000d|$c0$l706382416^i0 size=0 is_single_chunk=true is_aligned=true memcpy_needed=false
I0909 09:21:08.950857    2206 grpc_transport.cc:1414] [MEGASCALE_TRANSPORT_INSTR] Recv: key=psum.7_0_sr_61_62|s200002->100002d|$c0$l706382416^i0 size=0 is_single_chunk=true is_aligned=true memcpy_needed=false
I0909 09:21:08.963273    1947 grpc_transport.cc:1743] [MEGASCALE_TRANSPORT_INSTR] SendRpc: key=psum.7_0_1_ag_0_sr_62_63|s100004->200004d|$c0$l706382416^i0 size=8388608 queue_latency_us=0 attempt=0
I0909 09:21:08.973601    1870 grpc_transport.cc:1743] [MEGASCALE_TRANSPORT_INSTR] SendRpc: key=psum.7_0_1_ag_0_sr_2_3|s100000->200000d|$c0$l706382416^i0 size=8388608 queue_latency_us=0 attempt=0
I0909 09:21:08.981184    1715 grpc_transport.cc:1743] [MEGASCALE_TRANSPORT_INSTR] SendRpc: key=psum.7_0_1_ag_0_sr_38_39|s100000->200000d|$c0$l706382416^i0 size=8388608 queue_latency_us=0 attempt=0
I0909 09:21:08.987978    1711 grpc_transport.cc:1414] [MEGASCALE_TRANSPORT_INSTR] Recv: key=psum.7_0_1_ag_0_sr_111_112|s200002->100002d|$c0$l706382416^i0 size=0 is_single_chunk=true is_aligned=true memcpy_needed=false
I0909 09:21:08.989344    2395 grpc_transport.cc:1743] [MEGASCALE_TRANSPORT_INSTR] SendRpc: key=psum.7_0_1_ag_0_sr_8_9|s100006->200006d|$c0$l706382416^i0 size=8388608 queue_latency_us=0 attempt=0
I0909 09:21:08.996349    2218 grpc_transport.cc:1743] [MEGASCALE_TRANSPORT_INSTR] SendRpc: key=psum.7_0_1_ag_0_sr_58_59|s100003->200003d|$c0$l706382416^i0 size=8388608 queue_latency_us=0 attempt=0
I0909 09:21:09.008850    1860 grpc_transport.cc:1414] [MEGASCALE_TRANSPORT_INSTR] Recv: key=psum.7_0_1_ag_0_sr_93_94|s200004->100004d|$c0$l706382416^i0 size=0 is_single_chunk=true is_aligned=true memcpy_needed=false
I0909 09:21:09.039731    1360 grpc_transport.cc:1414] [MEGASCALE_TRANSPORT_INSTR] Recv: key=psum.7_0_1_ag_0_sr_73_74|s200007->100007d|$c0$l706382416^i0 size=0 is_single_chunk=true is_aligned=true memcpy_needed=false
I0909 09:21:09.059609    1859 grpc_transport.cc:1414] [MEGASCALE_TRANSPORT_INSTR] Recv: key=psum.7_0_1_ag_0_sr_83_84|s200000->100000d|$c0$l706382416^i0 size=0 is_single_chunk=true is_aligned=true memcpy_needed=false
I0909 09:21:09.084315    2200 grpc_transport.cc:1414] [MEGASCALE_TRANSPORT_INSTR] Recv: key=psum.7_0_1_ag_0_sr_92_93|s200006->100006d|$c0$l706382416^i0 size=0 is_single_chunk=true is_aligned=true memcpy_needed=false
I0909 09:21:09.110533    2216 grpc_transport.cc:1743] [MEGASCALE_TRANSPORT_INSTR] SendRpc: key=psum.7_0_sr_79_80|s100002->200002d|$c0$l706382417^i0 size=8388608 queue_latency_us=0 attempt=0
I0909 09:21:09.113820    1865 grpc_transport.cc:1743] [MEGASCALE_TRANSPORT_INSTR] SendRpc: key=psum.7_0_sr_92_93|s100004->200004d|$c0$l706382417^i0 size=8388608 queue_latency_us=0 attempt=0
I0909 09:21:09.116490    1766 grpc_transport.cc:1743] [MEGASCALE_TRANSPORT_INSTR] SendRpc: key=psum.7_0_sr_95_96|s100003->200003d|$c0$l706382417^i0 size=8388608 queue_latency_us=0 attempt=0
I0909 09:21:09.120536     810 grpc_transport.cc:1743] [MEGASCALE_TRANSPORT_INSTR] SendRpc: key=psum.7_0_sr_108_109|s100003->200003d|$c0$l706382417^i0 size=8388608 queue_latency_us=0 attempt=0
I0909 09:21:09.124492    1954 grpc_transport.cc:1743] [MEGASCALE_TRANSPORT_INSTR] SendRpc: key=psum.7_0_sr_110_111|s100000->200000d|$c0$l706382417^i0 size=8388608 queue_latency_us=0 attempt=0
I0909 09:21:09.150478    1699 grpc_transport.cc:1414] [MEGASCALE_TRANSPORT_INSTR] Recv: key=psum.7_0_sr_9_10|s200005->100005d|$c0$l706382417^i0 size=0 is_single_chunk=true is_aligned=true memcpy_needed=false
I0909 09:21:09.175848    1364 grpc_transport.cc:1414] [MEGASCALE_TRANSPORT_INSTR] Recv: key=psum.7_0_sr_30_31|s200002->100002d|$c0$l706382417^i0 size=0 is_single_chunk=true is_aligned=true memcpy_needed=false
I0909 09:21:09.197325    2202 grpc_transport.cc:1414] [MEGASCALE_TRANSPORT_INSTR] Recv: key=psum.7_0_sr_22_23|s200007->100007d|$c0$l706382417^i0 size=0 is_single_chunk=true is_aligned=true memcpy_needed=false
I0909 09:21:09.217835    1858 grpc_transport.cc:1414] [MEGASCALE_TRANSPORT_INSTR] Recv: key=psum.7_0_sr_48_49|s200001->100001d|$c0$l706382417^i0 size=0 is_single_chunk=true is_aligned=true memcpy_needed=false
I0909 09:21:09.230525     786 grpc_transport.cc:1743] [MEGASCALE_TRANSPORT_INSTR] SendRpc: key=psum.7_0_1_ag_0_sr_61_62|s100000->200000d|$c0$l706382417^i0 size=8388608 queue_latency_us=1 attempt=0
I0909 09:21:09.237542    1352 grpc_transport.cc:1414] [MEGASCALE_TRANSPORT_INSTR] Recv: key=psum.7_0_1_ag_0_sr_94_95|s200001->100001d|$c0$l706382417^i0 size=0 is_single_chunk=true is_aligned=true memcpy_needed=false
I0909 09:21:09.242904    1699 grpc_transport.cc:1743] [MEGASCALE_TRANSPORT_INSTR] SendRpc: key=psum.7_0_1_ag_0_sr_21_22|s100001->200001d|$c0$l706382417^i0 size=8388608 queue_latency_us=0 attempt=0
I0909 09:21:09.256666    1705 grpc_transport.cc:1743] [MEGASCALE_TRANSPORT_INSTR] SendRpc: key=psum.7_0_1_ag_0_sr_3_4|s100002->200002d|$c0$l706382417^i0 size=8388608 queue_latency_us=0 attempt=0
I0909 09:21:09.263861     803 grpc_transport.cc:1414] [MEGASCALE_TRANSPORT_INSTR] Recv: key=psum.7_0_sr_55_56|s200006->100006d|$c0$l706382417^i0 size=0 is_single_chunk=true is_aligned=true memcpy_needed=false
I0909 09:21:09.288259    2392 grpc_transport.cc:1414] [MEGASCALE_TRANSPORT_INSTR] Recv: key=psum.7_0_1_ag_0_sr_86_87|s200003->100003d|$c0$l706382417^i0 size=0 is_single_chunk=true is_aligned=true memcpy_needed=false
I0909 09:21:09.292254    2200 grpc_transport.cc:1743] [MEGASCALE_TRANSPORT_INSTR] SendRpc: key=psum.7_0_1_ag_0_sr_44_45|s100007->200007d|$c0$l706382417^i0 size=8388608 queue_latency_us=0 attempt=0
I0909 09:21:09.308103    2214 grpc_transport.cc:1743] [MEGASCALE_TRANSPORT_INSTR] SendRpc: key=psum.7_0_1_ag_0_sr_45_46|s100003->200003d|$c0$l706382417^i0 size=8388608 queue_latency_us=0 attempt=0
I0909 09:21:09.308180    2218 grpc_transport.cc:1414] [MEGASCALE_TRANSPORT_INSTR] Recv: key=psum.7_0_1_ag_0_sr_125_126|s200003->100003d|$c0$l706382417^i0 size=0 is_single_chunk=true is_aligned=true memcpy_needed=false
I0909 09:21:09.325298    2200 grpc_transport.cc:1414] [MEGASCALE_TRANSPORT_INSTR] Recv: key=psum.7_0_1_ag_0_sr_127_128|s200007->100007d|$c0$l706382417^i0 size=0 is_single_chunk=true is_aligned=true memcpy_needed=false
I0909 09:21:09.349692    1360 grpc_transport.cc:1414] [MEGASCALE_TRANSPORT_INSTR] Recv: key=psum.7_0_1_ag_0_sr_66_67|s200002->100002d|$c0$l706382417^i0 size=0 is_single_chunk=true is_aligned=true memcpy_needed=false
I0909 09:21:09.380121    1737 grpc_transport.cc:1743] [MEGASCALE_TRANSPORT_INSTR] SendRpc: key=psum.7_0_sr_86_87|s100002->200002d|$c0$l706382418^i0 size=8388608 queue_latency_us=0 attempt=0
I0909 09:21:09.383068    1890 grpc_transport.cc:1743] [MEGASCALE_TRANSPORT_INSTR] SendRpc: key=psum.7_0_sr_69_70|s100001->200001d|$c0$l706382418^i0 size=8388608 queue_latency_us=0 attempt=0
I0909 09:21:09.386467    2209 grpc_transport.cc:1743] [MEGASCALE_TRANSPORT_INSTR] SendRpc: key=psum.7_0_sr_95_96|s100003->200003d|$c0$l706382418^i0 size=8388608 queue_latency_us=0 attempt=0
I0909 09:21:09.390263    1372 grpc_transport.cc:1743] [MEGASCALE_TRANSPORT_INSTR] SendRpc: key=psum.7_0_sr_101_102|s100001->200001d|$c0$l706382418^i0 size=8388608 queue_latency_us=0 attempt=0
I0909 09:21:09.394648    1872 grpc_transport.cc:1743] [MEGASCALE_TRANSPORT_INSTR] SendRpc: key=psum.7_0_sr_127_128|s100004->200004d|$c0$l706382418^i0 size=8388608 queue_latency_us=0 attempt=0
I0909 09:21:09.402795    1364 grpc_transport.cc:1414] [MEGASCALE_TRANSPORT_INSTR] Recv: key=psum.7_0_sr_12_13|s200006->100006d|$c0$l706382418^i0 size=0 is_single_chunk=true is_aligned=true memcpy_needed=false
I0909 09:21:09.427242    1354 grpc_transport.cc:1414] [MEGASCALE_TRANSPORT_INSTR] Recv: key=psum.7_0_sr_20_21|s200004->100004d|$c0$l706382418^i0 size=0 is_single_chunk=true is_aligned=true memcpy_needed=false
I0909 09:21:09.446240    2206 grpc_transport.cc:1414] [MEGASCALE_TRANSPORT_INSTR] Recv: key=psum.7_0_sr_25_26|s200006->100006d|$c0$l706382418^i0 size=0 is_single_chunk=true is_aligned=true memcpy_needed=false
I0909 09:21:09.465352    1863 grpc_transport.cc:1414] [MEGASCALE_TRANSPORT_INSTR] Recv: key=psum.7_0_sr_43_44|s200000->100000d|$c0$l706382418^i0 size=0 is_single_chunk=true is_aligned=true memcpy_needed=false
I0909 09:21:09.483110    2392 grpc_transport.cc:1414] [MEGASCALE_TRANSPORT_INSTR] Recv: key=psum.7_0_sr_59_60|s200002->100002d|$c0$l706382418^i0 size=0 is_single_chunk=true is_aligned=true memcpy_needed=false
I0909 09:21:09.497828    1359 grpc_transport.cc:1743] [MEGASCALE_TRANSPORT_INSTR] SendRpc: key=psum.7_0_1_ag_0_sr_0_1|s100001->200001d|$c0$l706382418^i0 size=8388608 queue_latency_us=0 attempt=0
I0909 09:21:09.508165    1352 grpc_transport.cc:1414] [MEGASCALE_TRANSPORT_INSTR] Recv: key=psum.7_0_1_ag_0_sr_86_87|s200004->100004d|$c0$l706382418^i0 size=0 is_single_chunk=true is_aligned=true memcpy_needed=false
I0909 09:21:09.508239    1363 grpc_transport.cc:1743] [MEGASCALE_TRANSPORT_INSTR] SendRpc: key=psum.7_0_1_ag_0_sr_55_56|s100001->200001d|$c0$l706382418^i0 size=8388608 queue_latency_us=0 attempt=0
I0909 09:21:09.517881    1863 grpc_transport.cc:1743] [MEGASCALE_TRANSPORT_INSTR] SendRpc: key=psum.7_0_1_ag_0_sr_52_53|s100005->200005d|$c0$l706382418^i0 size=8388608 queue_latency_us=0 attempt=0
I0909 09:21:09.529812    2202 grpc_transport.cc:1743] [MEGASCALE_TRANSPORT_INSTR] SendRpc: key=psum.7_0_1_ag_0_sr_22_23|s100007->200007d|$c0$l706382418^i0 size=8388608 queue_latency_us=0 attempt=0
I0909 09:21:09.531152    1858 grpc_transport.cc:1414] [MEGASCALE_TRANSPORT_INSTR] Recv: key=psum.7_0_1_ag_0_sr_87_88|s200001->100001d|$c0$l706382418^i0 size=0 is_single_chunk=true is_aligned=true memcpy_needed=false
I0909 09:21:09.537135    2215 grpc_transport.cc:1743] [MEGASCALE_TRANSPORT_INSTR] SendRpc: key=psum.7_0_1_ag_0_sr_60_61|s100007->200007d|$c0$l706382418^i0 size=8388608 queue_latency_us=0 attempt=0
I0909 09:21:09.555631    2392 grpc_transport.cc:1414] [MEGASCALE_TRANSPORT_INSTR] Recv: key=psum.7_0_1_ag_0_sr_105_106|s200002->100002d|$c0$l706382418^i0 size=0 is_single_chunk=true is_aligned=true memcpy_needed=false
I0909 09:21:09.572901     803 grpc_transport.cc:1414] [MEGASCALE_TRANSPORT_INSTR] Recv: key=psum.7_0_1_ag_0_sr_73_74|s200007->100007d|$c0$l706382418^i0 size=0 is_single_chunk=true is_aligned=true memcpy_needed=false
I0909 09:21:09.590351    1705 grpc_transport.cc:1414] [MEGASCALE_TRANSPORT_INSTR] Recv: key=psum.7_0_1_ag_0_sr_108_109|s200007->100007d|$c0$l706382418^i0 size=0 is_single_chunk=true is_aligned=true memcpy_needed=false
I0909 09:21:09.627790    2216 grpc_transport.cc:1743] [MEGASCALE_TRANSPORT_INSTR] SendRpc: key=psum.7_0_sr_77_78|s100007->200007d|$c0$l706382419^i0 size=8388608 queue_latency_us=1 attempt=0
I0909 09:21:09.631724    2210 grpc_transport.cc:1743] [MEGASCALE_TRANSPORT_INSTR] SendRpc: key=psum.7_0_sr_81_82|s100003->200003d|$c0$l706382419^i0 size=8388608 queue_latency_us=0 attempt=0
I0909 09:21:09.633787    2245 grpc_transport.cc:1743] [MEGASCALE_TRANSPORT_INSTR] SendRpc: key=psum.7_0_sr_93_94|s100003->200003d|$c0$l706382419^i0 size=8388608 queue_latency_us=0 attempt=0
I0909 09:21:09.635617     812 grpc_transport.cc:1743] [MEGASCALE_TRANSPORT_INSTR] SendRpc: key=psum.7_0_sr_95_96|s100006->200006d|$c0$l706382419^i0 size=8388608 queue_latency_us=0 attempt=0
I0909 09:21:09.640291    2394 grpc_transport.cc:1743] [MEGASCALE_TRANSPORT_INSTR] SendRpc: key=psum.7_0_sr_104_105|s100006->200006d|$c0$l706382419^i0 size=8388608 queue_latency_us=0 attempt=0
I0909 09:21:09.643096    1364 grpc_transport.cc:1414] [MEGASCALE_TRANSPORT_INSTR] Recv: key=psum.7_0_sr_16_17|s200002->100002d|$c0$l706382419^i0 size=0 is_single_chunk=true is_aligned=true memcpy_needed=false
I0909 09:21:09.670459    1375 grpc_transport.cc:1414] [MEGASCALE_TRANSPORT_INSTR] Recv: key=psum.7_0_sr_44_45|s200002->100002d|$c0$l706382419^i0 size=0 is_single_chunk=true is_aligned=true memcpy_needed=false
I0909 09:21:09.691042    1859 grpc_transport.cc:1414] [MEGASCALE_TRANSPORT_INSTR] Recv: key=psum.7_0_sr_54_55|s200001->100001d|$c0$l706382419^i0 size=0 is_single_chunk=true is_aligned=true memcpy_needed=false
I0909 09:21:09.703506     805 grpc_transport.cc:1743] [MEGASCALE_TRANSPORT_INSTR] SendRpc: key=psum.7_0_1_ag_0_sr_22_23|s100002->200002d|$c0$l706382419^i0 size=8388608 queue_latency_us=0 attempt=0
I0909 09:21:09.712045    2200 grpc_transport.cc:1414] [MEGASCALE_TRANSPORT_INSTR] Recv: key=psum.7_0_sr_29_30|s200006->100006d|$c0$l706382419^i0 size=0 is_single_chunk=true is_aligned=true memcpy_needed=false
I0909 09:21:09.717784    1946 grpc_transport.cc:1743] [MEGASCALE_TRANSPORT_INSTR] SendRpc: key=psum.7_0_1_ag_0_sr_18_19|s100004->200004d|$c0$l706382419^i0 size=8388608 queue_latency_us=0 attempt=0
I0909 09:21:09.729655    2200 grpc_transport.cc:1414] [MEGASCALE_TRANSPORT_INSTR] Recv: key=psum.7_0_sr_32_33|s200003->100003d|$c0$l706382419^i0 size=0 is_single_chunk=true is_aligned=true memcpy_needed=false
I0909 09:21:09.745511    1710 grpc_transport.cc:1743] [MEGASCALE_TRANSPORT_INSTR] SendRpc: key=psum.7_0_1_ag_0_sr_20_21|s100000->200000d|$c0$l706382419^i0 size=8388608 queue_latency_us=0 attempt=0
I0909 09:21:09.753624    1715 grpc_transport.cc:1743] [MEGASCALE_TRANSPORT_INSTR] SendRpc: key=psum.7_0_1_ag_0_sr_62_63|s100005->200005d|$c0$l706382419^i0 size=8388608 queue_latency_us=0 attempt=0
I0909 09:21:09.754043    1705 grpc_transport.cc:1414] [MEGASCALE_TRANSPORT_INSTR] Recv: key=psum.7_0_sr_62_63|s200003->100003d|$c0$l706382419^i0 size=0 is_single_chunk=true is_aligned=true memcpy_needed=false
I0909 09:21:09.764592    1705 grpc_transport.cc:1743] [MEGASCALE_TRANSPORT_INSTR] SendRpc: key=psum.7_0_1_ag_0_sr_33_34|s100007->200007d|$c0$l706382419^i0 size=8388608 queue_latency_us=0 attempt=0
I0909 09:21:09.794256    1358 grpc_transport.cc:1414] [MEGASCALE_TRANSPORT_INSTR] Recv: key=psum.7_0_1_ag_0_sr_72_73|s200000->100000d|$c0$l706382419^i0 size=0 is_single_chunk=true is_aligned=true memcpy_needed=false
I0909 09:21:09.819617    1859 grpc_transport.cc:1414] [MEGASCALE_TRANSPORT_INSTR] Recv: key=psum.7_0_1_ag_0_sr_105_106|s200000->100000d|$c0$l706382419^i0 size=0 is_single_chunk=true is_aligned=true memcpy_needed=false
I0909 09:21:09.837317    1703 grpc_transport.cc:1414] [MEGASCALE_TRANSPORT_INSTR] Recv: key=psum.7_0_1_ag_0_sr_119_120|s200000->100000d|$c0$l706382419^i0 size=0 is_single_chunk=true is_aligned=true memcpy_needed=false
I0909 09:21:09.857192    1703 grpc_transport.cc:1414] [MEGASCALE_TRANSPORT_INSTR] Recv: key=psum.7_0_1_ag_0_sr_105_106|s200005->100005d|$c0$l706382419^i0 size=0 is_single_chunk=true is_aligned=true memcpy_needed=false
I0909 09:21:09.879222    1360 grpc_transport.cc:1414] [MEGASCALE_TRANSPORT_INSTR] Recv: key=psum.7_0_1_ag_0_sr_113_114|s200006->100006d|$c0$l706382419^i0 size=0 is_single_chunk=true is_aligned=true memcpy_needed=false
I0909 09:21:09.893975    1715 grpc_transport.cc:1743] [MEGASCALE_TRANSPORT_INSTR] SendRpc: key=psum.7_0_sr_79_80|s100000->200000d|$c0$l706382420^i0 size=8388608 queue_latency_us=0 attempt=0
I0909 09:21:09.897582    1380 grpc_transport.cc:1743] [MEGASCALE_TRANSPORT_INSTR] SendRpc: key=psum.7_0_sr_97_98|s100000->200000d|$c0$l706382420^i0 size=8388608 queue_latency_us=0 attempt=0
I0909 09:21:09.902030    2205 grpc_transport.cc:1743] [MEGASCALE_TRANSPORT_INSTR] SendRpc: key=psum.7_0_sr_82_83|s100002->200002d|$c0$l706382420^i0 size=8388608 queue_latency_us=0 attempt=0
I0909 09:21:09.907268    2207 grpc_transport.cc:1743] [MEGASCALE_TRANSPORT_INSTR] SendRpc: key=psum.7_0_sr_98_99|s100003->200003d|$c0$l706382420^i0 size=8388608 queue_latency_us=0 attempt=0
I0909 09:21:09.914949    1371 grpc_transport.cc:1743] [MEGASCALE_TRANSPORT_INSTR] SendRpc: key=psum.7_0_sr_71_72|s100006->200006d|$c0$l706382420^i0 size=8388608 queue_latency_us=0 attempt=0
I0909 09:21:09.922311    1391 grpc_transport.cc:1414] [MEGASCALE_TRANSPORT_INSTR] Recv: key=psum.7_0_sr_2_3|s200003->100003d|$c0$l706382420^i0 size=0 is_single_chunk=true is_aligned=true memcpy_needed=false
I0909 09:21:09.931279    2220 grpc_transport.cc:1743] [MEGASCALE_TRANSPORT_INSTR] SendRpc: key=psum.7_0_sr_120_121|s100006->200006d|$c0$l706382420^i0 size=8388608 queue_latency_us=0 attempt=0
I0909 09:21:09.945096    1735 grpc_transport.cc:1414] [MEGASCALE_TRANSPORT_INSTR] Recv: key=psum.7_0_sr_26_27|s200006->100006d|$c0$l706382420^i0 size=0 is_single_chunk=true is_aligned=true memcpy_needed=false
I0909 09:21:09.962448    1943 grpc_transport.cc:1414] [MEGASCALE_TRANSPORT_INSTR] Recv: key=psum.7_0_sr_37_38|s200004->100004d|$c0$l706382420^i0 size=0 is_single_chunk=true is_aligned=true memcpy_needed=false
I0909 09:21:09.979762    2200 grpc_transport.cc:1414] [MEGASCALE_TRANSPORT_INSTR] Recv: key=psum.7_0_sr_34_35|s200007->100007d|$c0$l706382420^i0 size=0 is_single_chunk=true is_aligned=true memcpy_needed=false
I0909 09:21:09.997314    1859 grpc_transport.cc:1414] [MEGASCALE_TRANSPORT_INSTR] Recv: key=psum.7_0_sr_62_63|s200001->100001d|$c0$l706382420^i0 size=0 is_single_chunk=true is_aligned=true memcpy_needed=false
I0909 09:21:10.003098     803 grpc_transport.cc:1743] [MEGASCALE_TRANSPORT_INSTR] SendRpc: key=psum.7_0_1_ag_0_sr_24_25|s100006->200006d|$c0$l706382420^i0 size=8388608 queue_latency_us=0 attempt=0
I0909 09:21:10.016842    1364 grpc_transport.cc:1743] [MEGASCALE_TRANSPORT_INSTR] SendRpc: key=psum.7_0_1_ag_0_sr_6_7|s100007->200007d|$c0$l706382420^i0 size=8388608 queue_latency_us=0 attempt=0
I0909 09:21:10.023666    2205 grpc_transport.cc:1743] [MEGASCALE_TRANSPORT_INSTR] SendRpc: key=psum.7_0_1_ag_0_sr_41_42|s100003->200003d|$c0$l706382420^i0 size=8388608 queue_latency_us=0 attempt=0
I0909 09:21:10.029912    1870 grpc_transport.cc:1743] [MEGASCALE_TRANSPORT_INSTR] SendRpc: key=psum.7_0_1_ag_0_sr_25_26|s100004->200004d|$c0$l706382420^i0 size=8388608 queue_latency_us=0 attempt=0
I0909 09:21:10.033504    1360 grpc_transport.cc:1414] [MEGASCALE_TRANSPORT_INSTR] Recv: key=psum.7_0_1_ag_0_sr_98_99|s200002->100002d|$c0$l706382420^i0 size=0 is_single_chunk=true is_aligned=true memcpy_needed=false
I0909 09:21:10.039573    1939 grpc_transport.cc:1743] [MEGASCALE_TRANSPORT_INSTR] SendRpc: key=psum.7_0_1_ag_0_sr_44_45|s100001->200001d|$c0$l706382420^i0 size=8388608 queue_latency_us=0 attempt=0
I0909 09:21:10.049860    1375 grpc_transport.cc:1414] [MEGASCALE_TRANSPORT_INSTR] Recv: key=psum.7_0_1_ag_0_sr_84_85|s200007->100007d|$c0$l706382420^i0 size=0 is_single_chunk=true is_aligned=true memcpy_needed=false
I0909 09:21:10.071753    2200 grpc_transport.cc:1414] [MEGASCALE_TRANSPORT_INSTR] Recv: key=psum.7_0_1_ag_0_sr_122_123|s200007->100007d|$c0$l706382420^i0 size=0 is_single_chunk=true is_aligned=true memcpy_needed=false
I0909 09:21:10.091182    1864 grpc_transport.cc:1414] [MEGASCALE_TRANSPORT_INSTR] Recv: key=psum.7_0_1_ag_0_sr_83_84|s200001->100001d|$c0$l706382420^i0 size=0 is_single_chunk=true is_aligned=true memcpy_needed=false
I0909 09:21:10.110281    1360 grpc_transport.cc:1414] [MEGASCALE_TRANSPORT_INSTR] Recv: key=psum.7_0_1_ag_0_sr_91_92|s200006->100006d|$c0$l706382420^i0 size=0 is_single_chunk=true is_aligned=true memcpy_needed=false
I0909 09:21:10.145044    1711 grpc_transport.cc:1743] [MEGASCALE_TRANSPORT_INSTR] SendRpc: key=psum.7_0_sr_69_70|s100007->200007d|$c0$l706382421^i0 size=8388608 queue_latency_us=0 attempt=0
I0909 09:21:10.148060    1953 grpc_transport.cc:1743] [MEGASCALE_TRANSPORT_INSTR] SendRpc: key=psum.7_0_sr_98_99|s100005->200005d|$c0$l706382421^i0 size=8388608 queue_latency_us=0 attempt=0
I0909 09:21:10.151539    2211 grpc_transport.cc:1743] [MEGASCALE_TRANSPORT_INSTR] SendRpc: key=psum.7_0_sr_96_97|s100007->200007d|$c0$l706382421^i0 size=8388608 queue_latency_us=0 attempt=0
I0909 09:21:10.155902     806 grpc_transport.cc:1743] [MEGASCALE_TRANSPORT_INSTR] SendRpc: key=psum.7_0_sr_120_121|s100006->200006d|$c0$l706382421^i0 size=8388608 queue_latency_us=0 attempt=0
I0909 09:21:10.175492    2393 grpc_transport.cc:1743] [MEGASCALE_TRANSPORT_INSTR] SendRpc: key=psum.7_0_sr_100_101|s100002->200002d|$c0$l706382421^i0 size=8388608 queue_latency_us=0 attempt=0
I0909 09:21:10.211180    1705 grpc_transport.cc:1414] [MEGASCALE_TRANSPORT_INSTR] Recv: key=psum.7_0_sr_2_3|s200003->100003d|$c0$l706382421^i0 size=0 is_single_chunk=true is_aligned=true memcpy_needed=false
I0909 09:21:10.236401    1938 grpc_transport.cc:1414] [MEGASCALE_TRANSPORT_INSTR] Recv: key=psum.7_0_sr_15_16|s200005->100005d|$c0$l706382421^i0 size=0 is_single_chunk=true is_aligned=true memcpy_needed=false
I0909 09:21:10.256912    1352 grpc_transport.cc:1414] [MEGASCALE_TRANSPORT_INSTR] Recv: key=psum.7_0_sr_28_29|s200001->100001d|$c0$l706382421^i0 size=0 is_single_chunk=true is_aligned=true memcpy_needed=false
I0909 09:21:10.278544    2200 grpc_transport.cc:1414] [MEGASCALE_TRANSPORT_INSTR] Recv: key=psum.7_0_sr_37_38|s200002->100002d|$c0$l706382421^i0 size=0 is_single_chunk=true is_aligned=true memcpy_needed=false
I0909 09:21:10.293364    1859 grpc_transport.cc:1743] [MEGASCALE_TRANSPORT_INSTR] SendRpc: key=psum.7_0_1_ag_0_sr_7_8|s100001->200001d|$c0$l706382421^i0 size=8388608 queue_latency_us=0 attempt=0
I0909 09:21:10.301546    2202 grpc_transport.cc:1414] [MEGASCALE_TRANSPORT_INSTR] Recv: key=psum.7_0_sr_50_51|s200002->100002d|$c0$l706382421^i0 size=0 is_single_chunk=true is_aligned=true memcpy_needed=false
I0909 09:21:10.311019    1701 grpc_transport.cc:1743] [MEGASCALE_TRANSPORT_INSTR] SendRpc: key=psum.7_0_1_ag_0_sr_30_31|s100005->200005d|$c0$l706382421^i0 size=8388608 queue_latency_us=0 attempt=0
I0909 09:21:10.322770    1705 grpc_transport.cc:1743] [MEGASCALE_TRANSPORT_INSTR] SendRpc: key=psum.7_0_1_ag_0_sr_15_16|s100006->200006d|$c0$l706382421^i0 size=8388608 queue_latency_us=0 attempt=0
I0909 09:21:10.324138     803 grpc_transport.cc:1414] [MEGASCALE_TRANSPORT_INSTR] Recv: key=psum.7_0_1_ag_0_sr_67_68|s200003->100003d|$c0$l706382421^i0 size=0 is_single_chunk=true is_aligned=true memcpy_needed=false
I0909 09:21:10.339191    2200 grpc_transport.cc:1743] [MEGASCALE_TRANSPORT_INSTR] SendRpc: key=psum.7_0_1_ag_0_sr_16_17|s100002->200002d|$c0$l706382421^i0 size=8388608 queue_latency_us=0 attempt=0
I0909 09:21:10.343994    1872 grpc_transport.cc:1414] [MEGASCALE_TRANSPORT_INSTR] Recv: key=psum.7_0_1_ag_0_sr_69_70|s200004->100004d|$c0$l706382421^i0 size=0 is_single_chunk=true is_aligned=true memcpy_needed=false
I0909 09:21:10.353331    2218 grpc_transport.cc:1743] [MEGASCALE_TRANSPORT_INSTR] SendRpc: key=psum.7_0_1_ag_0_sr_23_24|s100007->200007d|$c0$l706382421^i0 size=8388608 queue_latency_us=0 attempt=0
I0909 09:21:10.362040    2392 grpc_transport.cc:1414] [MEGASCALE_TRANSPORT_INSTR] Recv: key=psum.7_0_1_ag_0_sr_102_103|s200006->100006d|$c0$l706382421^i0 size=0 is_single_chunk=true is_aligned=true memcpy_needed=false
I0909 09:21:10.378380    1360 grpc_transport.cc:1414] [MEGASCALE_TRANSPORT_INSTR] Recv: key=psum.7_0_1_ag_0_sr_80_81|s200007->100007d|$c0$l706382421^i0 size=0 is_single_chunk=true is_aligned=true memcpy_needed=false
I0909 09:21:10.393762    1364 grpc_transport.cc:1414] [MEGASCALE_TRANSPORT_INSTR] Recv: key=psum.7_0_1_ag_0_sr_126_127|s200007->100007d|$c0$l706382421^i0 size=0 is_single_chunk=true is_aligned=true memcpy_needed=false
I0909 09:21:10.428578    2392 grpc_transport.cc:1743] [MEGASCALE_TRANSPORT_INSTR] SendRpc: key=psum.7_0_sr_121_122|s100002->200002d|$c0$l706382422^i0 size=8388608 queue_latency_us=0 attempt=0
I0909 09:21:10.433526    1726 grpc_transport.cc:1743] [MEGASCALE_TRANSPORT_INSTR] SendRpc: key=psum.7_0_sr_88_89|s100004->200004d|$c0$l706382422^i0 size=8388608 queue_latency_us=0 attempt=0
I0909 09:21:10.438197    2216 grpc_transport.cc:1743] [MEGASCALE_TRANSPORT_INSTR] SendRpc: key=psum.7_0_sr_86_87|s100003->200003d|$c0$l706382422^i0 size=8388608 queue_latency_us=0 attempt=0
I0909 09:21:10.442737    1858 grpc_transport.cc:1743] [MEGASCALE_TRANSPORT_INSTR] SendRpc: key=psum.7_0_sr_110_111|s100000->200000d|$c0$l706382422^i0 size=8388608 queue_latency_us=0 attempt=0
I0909 09:21:10.460856    1375 grpc_transport.cc:1743] [MEGASCALE_TRANSPORT_INSTR] SendRpc: key=psum.7_0_sr_74_75|s100006->200006d|$c0$l706382422^i0 size=8388608 queue_latency_us=0 attempt=0
I0909 09:21:10.478912     786 grpc_transport.cc:1414] [MEGASCALE_TRANSPORT_INSTR] Recv: key=psum.7_0_sr_9_10|s200001->100001d|$c0$l706382422^i0 size=0 is_single_chunk=true is_aligned=true memcpy_needed=false
I0909 09:21:10.507304    1939 grpc_transport.cc:1414] [MEGASCALE_TRANSPORT_INSTR] Recv: key=psum.7_0_sr_27_28|s200004->100004d|$c0$l706382422^i0 size=0 is_single_chunk=true is_aligned=true memcpy_needed=false
I0909 09:21:10.529555    1858 grpc_transport.cc:1414] [MEGASCALE_TRANSPORT_INSTR] Recv: key=psum.7_0_sr_49_50|s200004->100004d|$c0$l706382422^i0 size=0 is_single_chunk=true is_aligned=true memcpy_needed=false
I0909 09:21:10.549350    2392 grpc_transport.cc:1414] [MEGASCALE_TRANSPORT_INSTR] Recv: key=psum.7_0_sr_31_32|s200002->100002d|$c0$l706382422^i0 size=0 is_single_chunk=true is_aligned=true memcpy_needed=false
I0909 09:21:10.564109     786 grpc_transport.cc:1743] [MEGASCALE_TRANSPORT_INSTR] SendRpc: key=psum.7_0_1_ag_0_sr_48_49|s100004->200004d|$c0$l706382422^i0 size=8388608 queue_latency_us=0 attempt=0
I0909 09:21:10.573516    1705 grpc_transport.cc:1414] [MEGASCALE_TRANSPORT_INSTR] Recv: key=psum.7_0_sr_37_38|s200007->100007d|$c0$l706382422^i0 size=0 is_single_chunk=true is_aligned=true memcpy_needed=false
I0909 09:21:10.580554    1939 grpc_transport.cc:1743] [MEGASCALE_TRANSPORT_INSTR] SendRpc: key=psum.7_0_1_ag_0_sr_16_17|s100005->200005d|$c0$l706382422^i0 size=8388608 queue_latency_us=0 attempt=0
I0909 09:21:10.587140    1352 grpc_transport.cc:1743] [MEGASCALE_TRANSPORT_INSTR] SendRpc: key=psum.7_0_1_ag_0_sr_42_43|s100001->200001d|$c0$l706382422^i0 size=8388608 queue_latency_us=0 attempt=0
I0909 09:21:10.597870    2392 grpc_transport.cc:1414] [MEGASCALE_TRANSPORT_INSTR] Recv: key=psum.7_0_sr_52_53|s200007->100007d|$c0$l706382422^i0 size=0 is_single_chunk=true is_aligned=true memcpy_needed=false
I0909 09:21:10.614725    2205 grpc_transport.cc:1743] [MEGASCALE_TRANSPORT_INSTR] SendRpc: key=psum.7_0_1_ag_0_sr_28_29|s100006->200006d|$c0$l706382422^i0 size=8388608 queue_latency_us=0 attempt=0
I0909 09:21:10.617148    2202 grpc_transport.cc:1414] [MEGASCALE_TRANSPORT_INSTR] Recv: key=psum.7_0_1_ag_0_sr_77_78|s200002->100002d|$c0$l706382422^i0 size=0 is_single_chunk=true is_aligned=true memcpy_needed=false
I0909 09:21:10.630237    2206 grpc_transport.cc:1743] [MEGASCALE_TRANSPORT_INSTR] SendRpc: key=psum.7_0_1_ag_0_sr_2_3|s100007->200007d|$c0$l706382422^i0 size=8388608 queue_latency_us=0 attempt=0
I0909 09:21:10.635839    1352 grpc_transport.cc:1414] [MEGASCALE_TRANSPORT_INSTR] Recv: key=psum.7_0_1_ag_0_sr_105_106|s200005->100005d|$c0$l706382422^i0 size=0 is_single_chunk=true is_aligned=true memcpy_needed=false
I0909 09:21:10.646520    1840 cachednslookup.cc:391] TTL not found in response, not caching response
I0909 09:21:10.652161     803 grpc_transport.cc:1414] [MEGASCALE_TRANSPORT_INSTR] Recv: key=psum.7_0_1_ag_0_sr_108_109|s200007->100007d|$c0$l706382422^i0 size=0 is_single_chunk=true is_aligned=true memcpy_needed=false
I0909 09:21:10.672433    1360 grpc_transport.cc:1414] [MEGASCALE_TRANSPORT_INSTR] Recv: key=psum.7_0_1_ag_0_sr_104_105|s200003->100003d|$c0$l706382422^i0 size=0 is_single_chunk=true is_aligned=true memcpy_needed=false
I0909 09:21:10.707255    1360 grpc_transport.cc:1414] [MEGASCALE_TRANSPORT_INSTR] Recv: key=psum.7_0_sr_13_14|s200003->100003d|$c0$l706382423^i0 size=0 is_single_chunk=true is_aligned=true memcpy_needed=false
I0909 09:21:10.717980    2200 grpc_transport.cc:1743] [MEGASCALE_TRANSPORT_INSTR] SendRpc: key=psum.7_0_sr_71_72|s100002->200002d|$c0$l706382423^i0 size=8388608 queue_latency_us=0 attempt=0
I0909 09:21:10.722991    2175 grpc_transport.cc:1743] [MEGASCALE_TRANSPORT_INSTR] SendRpc: key=psum.7_0_sr_125_126|s100005->200005d|$c0$l706382423^i0 size=8388608 queue_latency_us=0 attempt=0
I0909 09:21:10.728190    1940 grpc_transport.cc:1743] [MEGASCALE_TRANSPORT_INSTR] SendRpc: key=psum.7_0_sr_69_70|s100004->200004d|$c0$l706382423^i0 size=8388608 queue_latency_us=0 attempt=0
I0909 09:21:10.733446    2208 grpc_transport.cc:1743] [MEGASCALE_TRANSPORT_INSTR] SendRpc: key=psum.7_0_sr_90_91|s100003->200003d|$c0$l706382423^i0 size=8388608 queue_latency_us=0 attempt=0
I0909 09:21:10.739951    1761 grpc_transport.cc:1743] [MEGASCALE_TRANSPORT_INSTR] SendRpc: key=psum.7_0_sr_112_113|s100003->200003d|$c0$l706382423^i0 size=8388608 queue_latency_us=0 attempt=0
I0909 09:21:10.744852    1699 grpc_transport.cc:1414] [MEGASCALE_TRANSPORT_INSTR] Recv: key=psum.7_0_sr_12_13|s200005->100005d|$c0$l706382423^i0 size=0 is_single_chunk=true is_aligned=true memcpy_needed=false
I0909 09:21:10.767126    2393 grpc_transport.cc:1414] [MEGASCALE_TRANSPORT_INSTR] Recv: key=psum.7_0_sr_18_19|s200006->100006d|$c0$l706382423^i0 size=0 is_single_chunk=true is_aligned=true memcpy_needed=false
I0909 09:21:10.783916    1710 grpc_transport.cc:1414] [MEGASCALE_TRANSPORT_INSTR] Recv: key=psum.7_0_sr_37_38|s200004->100004d|$c0$l706382423^i0 size=0 is_single_chunk=true is_aligned=true memcpy_needed=false
I0909 09:21:10.802484    1942 grpc_transport.cc:1414] [MEGASCALE_TRANSPORT_INSTR] Recv: key=psum.7_0_sr_60_61|s200001->100001d|$c0$l706382423^i0 size=0 is_single_chunk=true is_aligned=true memcpy_needed=false
I0909 09:21:10.806408    1375 grpc_transport.cc:1743] [MEGASCALE_TRANSPORT_INSTR] SendRpc: key=psum.7_0_1_ag_0_sr_22_23|s100003->200003d|$c0$l706382423^i0 size=8388608 queue_latency_us=1 attempt=0
I0909 09:21:10.822319    1360 grpc_transport.cc:1414] [MEGASCALE_TRANSPORT_INSTR] Recv: key=psum.7_0_sr_62_63|s200002->100002d|$c0$l706382423^i0 size=0 is_single_chunk=true is_aligned=true memcpy_needed=false
I0909 09:21:10.823541    1864 grpc_transport.cc:1743] [MEGASCALE_TRANSPORT_INSTR] SendRpc: key=psum.7_0_1_ag_0_sr_53_54|s100001->200001d|$c0$l706382423^i0 size=8388608 queue_latency_us=0 attempt=0
I0909 09:21:10.841012    1737 grpc_transport.cc:1743] [MEGASCALE_TRANSPORT_INSTR] SendRpc: key=psum.7_0_1_ag_0_sr_22_23|s100007->200007d|$c0$l706382423^i0 size=8388608 queue_latency_us=0 attempt=0
I0909 09:21:10.842957    1732 grpc_transport.cc:1414] [MEGASCALE_TRANSPORT_INSTR] Recv: key=psum.7_0_1_ag_0_sr_125_126|s200005->100005d|$c0$l706382423^i0 size=0 is_single_chunk=true is_aligned=true memcpy_needed=false
I0909 09:21:10.849147    1711 grpc_transport.cc:1743] [MEGASCALE_TRANSPORT_INSTR] SendRpc: key=psum.7_0_1_ag_0_sr_52_53|s100002->200002d|$c0$l706382423^i0 size=8388608 queue_latency_us=0 attempt=0
I0909 09:21:10.855936    1936 grpc_transport.cc:1743] [MEGASCALE_TRANSPORT_INSTR] SendRpc: key=psum.7_0_1_ag_0_sr_45_46|s100000->200000d|$c0$l706382423^i0 size=8388608 queue_latency_us=0 attempt=0
I0909 09:21:10.881503    1699 grpc_transport.cc:1414] [MEGASCALE_TRANSPORT_INSTR] Recv: key=psum.7_0_1_ag_0_sr_109_110|s200000->100000d|$c0$l706382423^i0 size=0 is_single_chunk=true is_aligned=true memcpy_needed=false
I0909 09:21:10.911138    1860 grpc_transport.cc:1414] [MEGASCALE_TRANSPORT_INSTR] Recv: key=psum.7_0_1_ag_0_sr_109_110|s200001->100001d|$c0$l706382423^i0 size=0 is_single_chunk=true is_aligned=true memcpy_needed=false
I0909 09:21:10.931107    2200 grpc_transport.cc:1414] [MEGASCALE_TRANSPORT_INSTR] Recv: key=psum.7_0_1_ag_0_sr_120_121|s200003->100003d|$c0$l706382423^i0 size=0 is_single_chunk=true is_aligned=true memcpy_needed=false
I0909 09:21:10.953984    1360 grpc_transport.cc:1414] [MEGASCALE_TRANSPORT_INSTR] Recv: key=psum.7_0_1_ag_0_sr_122_123|s200006->100006d|$c0$l706382423^i0 size=0 is_single_chunk=true is_aligned=true memcpy_needed=false
I0909 09:21:10.975356    1706 grpc_transport.cc:1743] [MEGASCALE_TRANSPORT_INSTR] SendRpc: key=psum.7_0_sr_76_77|s100004->200004d|$c0$l706382424^i0 size=8388608 queue_latency_us=0 attempt=0
I0909 09:21:10.979768    2221 grpc_transport.cc:1743] [MEGASCALE_TRANSPORT_INSTR] SendRpc: key=psum.7_0_sr_80_81|s100007->200007d|$c0$l706382424^i0 size=8388608 queue_latency_us=0 attempt=0
I0909 09:21:10.982024    2224 grpc_transport.cc:1743] [MEGASCALE_TRANSPORT_INSTR] SendRpc: key=psum.7_0_sr_69_70|s100007->200007d|$c0$l706382424^i0 size=8388608 queue_latency_us=0 attempt=0
I0909 09:21:10.984212    1740 grpc_transport.cc:1743] [MEGASCALE_TRANSPORT_INSTR] SendRpc: key=psum.7_0_sr_94_95|s100000->200000d|$c0$l706382424^i0 size=8388608 queue_latency_us=0 attempt=0
I0909 09:21:10.988187     791 grpc_transport.cc:1743] [MEGASCALE_TRANSPORT_INSTR] SendRpc: key=psum.7_0_sr_127_128|s100001->200001d|$c0$l706382424^i0 size=8388608 queue_latency_us=0 attempt=0
I0909 09:21:11.020259    2393 grpc_transport.cc:1414] [MEGASCALE_TRANSPORT_INSTR] Recv: key=psum.7_0_sr_8_9|s200006->100006d|$c0$l706382424^i0 size=0 is_single_chunk=true is_aligned=true memcpy_needed=false
I0909 09:21:11.041381    2202 grpc_transport.cc:1414] [MEGASCALE_TRANSPORT_INSTR] Recv: key=psum.7_0_sr_12_13|s200003->100003d|$c0$l706382424^i0 size=0 is_single_chunk=true is_aligned=true memcpy_needed=false
I0909 09:21:11.059682    1938 grpc_transport.cc:1414] [MEGASCALE_TRANSPORT_INSTR] Recv: key=psum.7_0_sr_49_50|s200001->100001d|$c0$l706382424^i0 size=0 is_single_chunk=true is_aligned=true memcpy_needed=false
I0909 09:21:11.081320     803 grpc_transport.cc:1414] [MEGASCALE_TRANSPORT_INSTR] Recv: key=psum.7_0_sr_41_42|s200006->100006d|$c0$l706382424^i0 size=0 is_single_chunk=true is_aligned=true memcpy_needed=false
I0909 09:21:11.094367     788 grpc_transport.cc:1743] [MEGASCALE_TRANSPORT_INSTR] SendRpc: key=psum.7_0_1_ag_0_sr_0_1|s100001->200001d|$c0$l706382424^i0 size=8388608 queue_latency_us=1 attempt=0
I0909 09:21:11.099035    1701 grpc_transport.cc:1743] [MEGASCALE_TRANSPORT_INSTR] SendRpc: key=psum.7_0_1_ag_0_sr_22_23|s100005->200005d|$c0$l706382424^i0 size=8388608 queue_latency_us=0 attempt=0
I0909 09:21:11.106324    1705 grpc_transport.cc:1414] [MEGASCALE_TRANSPORT_INSTR] Recv: key=psum.7_0_sr_47_48|s200002->100002d|$c0$l706382424^i0 size=0 is_single_chunk=true is_aligned=true memcpy_needed=false
I0909 09:21:11.106530    1936 grpc_transport.cc:1743] [MEGASCALE_TRANSPORT_INSTR] SendRpc: key=psum.7_0_1_ag_0_sr_57_58|s100001->200001d|$c0$l706382424^i0 size=8388608 queue_latency_us=0 attempt=0
I0909 09:21:11.124221    2205 grpc_transport.cc:1414] [MEGASCALE_TRANSPORT_INSTR] Recv: key=psum.7_0_sr_58_59|s200003->100003d|$c0$l706382424^i0 size=0 is_single_chunk=true is_aligned=true memcpy_needed=false
I0909 09:21:11.127185    1705 grpc_transport.cc:1743] [MEGASCALE_TRANSPORT_INSTR] SendRpc: key=psum.7_0_1_ag_0_sr_44_45|s100006->200006d|$c0$l706382424^i0 size=8388608 queue_latency_us=0 attempt=0
I0909 09:21:11.141218    1375 grpc_transport.cc:1743] [MEGASCALE_TRANSPORT_INSTR] SendRpc: key=psum.7_0_1_ag_0_sr_7_8|s100003->200003d|$c0$l706382424^i0 size=8388608 queue_latency_us=0 attempt=0
I0909 09:21:11.147407    1719 grpc_transport.cc:1743] [MEGASCALE_TRANSPORT_INSTR] SendRpc: key=psum.7_0_1_ag_0_sr_52_53|s100003->200003d|$c0$l706382424^i0 size=8388608 queue_latency_us=0 attempt=0
I0909 09:21:11.151005    1703 grpc_transport.cc:1414] [MEGASCALE_TRANSPORT_INSTR] Recv: key=psum.7_0_1_ag_0_sr_85_86|s200005->100005d|$c0$l706382424^i0 size=0 is_single_chunk=true is_aligned=true memcpy_needed=false
I0909 09:21:11.167401    2170 grpc_transport.cc:1414] [MEGASCALE_TRANSPORT_INSTR] Recv: key=psum.7_0_1_ag_0_sr_70_71|s200000->100000d|$c0$l706382424^i0 size=0 is_single_chunk=true is_aligned=true memcpy_needed=false
I0909 09:21:11.185065    1703 grpc_transport.cc:1414] [MEGASCALE_TRANSPORT_INSTR] Recv: key=psum.7_0_1_ag_0_sr_118_119|s200000->100000d|$c0$l706382424^i0 size=0 is_single_chunk=true is_aligned=true memcpy_needed=false
I0909 09:21:11.212900    2392 grpc_transport.cc:1414] [MEGASCALE_TRANSPORT_INSTR] Recv: key=psum.7_0_1_ag_0_sr_93_94|s200007->100007d|$c0$l706382424^i0 size=0 is_single_chunk=true is_aligned=true memcpy_needed=false
I0909 09:21:11.248074    1705 grpc_transport.cc:1743] [MEGASCALE_TRANSPORT_INSTR] SendRpc: key=psum.7_0_sr_64_65|s100002->200002d|$c0$l706382425^i0 size=8388608 queue_latency_us=0 attempt=0
I0909 09:21:11.250960    1703 grpc_transport.cc:1743] [MEGASCALE_TRANSPORT_INSTR] SendRpc: key=psum.7_0_sr_89_90|s100001->200001d|$c0$l706382425^i0 size=8388608 queue_latency_us=0 attempt=0
I0909 09:21:11.254067    1942 grpc_transport.cc:1743] [MEGASCALE_TRANSPORT_INSTR] SendRpc: key=psum.7_0_sr_104_105|s100000->200000d|$c0$l706382425^i0 size=8388608 queue_latency_us=0 attempt=0
I0909 09:21:11.257089    1368 grpc_transport.cc:1743] [MEGASCALE_TRANSPORT_INSTR] SendRpc: key=psum.7_0_sr_115_116|s100000->200000d|$c0$l706382425^i0 size=8388608 queue_latency_us=0 attempt=0
I0909 09:21:11.260708    1405 grpc_transport.cc:1743] [MEGASCALE_TRANSPORT_INSTR] SendRpc: key=psum.7_0_sr_121_122|s100007->200007d|$c0$l706382425^i0 size=8388608 queue_latency_us=0 attempt=0
I0909 09:21:11.272151    1372 grpc_transport.cc:1414] [MEGASCALE_TRANSPORT_INSTR] Recv: key=psum.7_0_sr_20_21|s200005->100005d|$c0$l706382425^i0 size=0 is_single_chunk=true is_aligned=true memcpy_needed=false
I0909 09:21:11.293510    1858 grpc_transport.cc:1414] [MEGASCALE_TRANSPORT_INSTR] Recv: key=psum.7_0_sr_17_18|s200001->100001d|$c0$l706382425^i0 size=0 is_single_chunk=true is_aligned=true memcpy_needed=false
I0909 09:21:11.312376    1703 grpc_transport.cc:1414] [MEGASCALE_TRANSPORT_INSTR] Recv: key=psum.7_0_sr_44_45|s200001->100001d|$c0$l706382425^i0 size=0 is_single_chunk=true is_aligned=true memcpy_needed=false
I0909 09:21:11.331136    1703 grpc_transport.cc:1414] [MEGASCALE_TRANSPORT_INSTR] Recv: key=psum.7_0_sr_52_53|s200001->100001d|$c0$l706382425^i0 size=0 is_single_chunk=true is_aligned=true memcpy_needed=false
I0909 09:21:11.348418    2392 grpc_transport.cc:1414] [MEGASCALE_TRANSPORT_INSTR] Recv: key=psum.7_0_sr_51_52|s200006->100006d|$c0$l706382425^i0 size=0 is_single_chunk=true is_aligned=true memcpy_needed=false
I0909 09:21:11.356560    1864 grpc_transport.cc:1743] [MEGASCALE_TRANSPORT_INSTR] SendRpc: key=psum.7_0_1_ag_0_sr_63_64|s100001->200001d|$c0$l706382425^i0 size=8388608 queue_latency_us=0 attempt=0
I0909 09:21:11.369430    2171 grpc_transport.cc:1743] [MEGASCALE_TRANSPORT_INSTR] SendRpc: key=psum.7_0_1_ag_0_sr_32_33|s100004->200004d|$c0$l706382425^i0 size=8388608 queue_latency_us=0 attempt=0
I0909 09:21:11.379012    1364 grpc_transport.cc:1414] [MEGASCALE_TRANSPORT_INSTR] Recv: key=psum.7_0_1_ag_0_sr_104_105|s200003->100003d|$c0$l706382425^i0 size=0 is_single_chunk=true is_aligned=true memcpy_needed=false
I0909 09:21:11.380299    1719 grpc_transport.cc:1743] [MEGASCALE_TRANSPORT_INSTR] SendRpc: key=psum.7_0_1_ag_0_sr_0_1|s100003->200003d|$c0$l706382425^i0 size=8388608 queue_latency_us=0 attempt=0
I0909 09:21:11.402582    1360 grpc_transport.cc:1743] [MEGASCALE_TRANSPORT_INSTR] SendRpc: key=psum.7_0_1_ag_0_sr_33_34|s100002->200002d|$c0$l706382425^i0 size=8388608 queue_latency_us=1 attempt=0
I0909 09:21:11.411696    2209 grpc_transport.cc:1414] [MEGASCALE_TRANSPORT_INSTR] Recv: key=psum.7_0_1_ag_0_sr_108_109|s200006->100006d|$c0$l706382425^i0 size=0 is_single_chunk=true is_aligned=true memcpy_needed=false
I0909 09:21:11.419684     803 grpc_transport.cc:1743] [MEGASCALE_TRANSPORT_INSTR] SendRpc: key=psum.7_0_1_ag_0_sr_30_31|s100006->200006d|$c0$l706382425^i0 size=8388608 queue_latency_us=0 attempt=0
I0909 09:21:11.433041    1352 grpc_transport.cc:1414] [MEGASCALE_TRANSPORT_INSTR] Recv: key=psum.7_0_1_ag_0_sr_104_105|s200004->100004d|$c0$l706382425^i0 size=0 is_single_chunk=true is_aligned=true memcpy_needed=false
I0909 09:21:11.451745    1705 grpc_transport.cc:1414] [MEGASCALE_TRANSPORT_INSTR] Recv: key=psum.7_0_1_ag_0_sr_110_111|s200002->100002d|$c0$l706382425^i0 size=0 is_single_chunk=true is_aligned=true memcpy_needed=false
I0909 09:21:11.468501    2200 grpc_transport.cc:1414] [MEGASCALE_TRANSPORT_INSTR] Recv: key=psum.7_0_1_ag_0_sr_116_117|s200007->100007d|$c0$l706382425^i0 size=0 is_single_chunk=true is_aligned=true memcpy_needed=false
I0909 09:21:11.500872    2397 grpc_transport.cc:1743] [MEGASCALE_TRANSPORT_INSTR] SendRpc: key=psum.7_0_sr_95_96|s100007->200007d|$c0$l706382426^i0 size=8388608 queue_latency_us=0 attempt=0
I0909 09:21:11.504101     803 grpc_transport.cc:1743] [MEGASCALE_TRANSPORT_INSTR] SendRpc: key=psum.7_0_sr_108_109|s100007->200007d|$c0$l706382426^i0 size=8388608 queue_latency_us=0 attempt=0
I0909 09:21:11.508167    1364 grpc_transport.cc:1743] [MEGASCALE_TRANSPORT_INSTR] SendRpc: key=psum.7_0_sr_93_94|s100003->200003d|$c0$l706382426^i0 size=8388608 queue_latency_us=0 attempt=0
I0909 09:21:11.512583     810 grpc_transport.cc:1743] [MEGASCALE_TRANSPORT_INSTR] SendRpc: key=psum.7_0_sr_116_117|s100002->200002d|$c0$l706382426^i0 size=8388608 queue_latency_us=0 attempt=0
I0909 09:21:11.528792    1860 grpc_transport.cc:1743] [MEGASCALE_TRANSPORT_INSTR] SendRpc: key=psum.7_0_sr_66_67|s100004->200004d|$c0$l706382426^i0 size=8388608 queue_latency_us=0 attempt=0
I0909 09:21:11.547988    1352 grpc_transport.cc:1414] [MEGASCALE_TRANSPORT_INSTR] Recv: key=psum.7_0_sr_9_10|s200001->100001d|$c0$l706382426^i0 size=0 is_single_chunk=true is_aligned=true memcpy_needed=false
I0909 09:21:11.575703    1859 grpc_transport.cc:1414] [MEGASCALE_TRANSPORT_INSTR] Recv: key=psum.7_0_sr_3_4|s200005->100005d|$c0$l706382426^i0 size=0 is_single_chunk=true is_aligned=true memcpy_needed=false
I0909 09:21:11.596509    1719 grpc_transport.cc:1414] [MEGASCALE_TRANSPORT_INSTR] Recv: key=psum.7_0_sr_24_25|s200003->100003d|$c0$l706382426^i0 size=0 is_single_chunk=true is_aligned=true memcpy_needed=false
I0909 09:21:11.621571    1860 grpc_transport.cc:1414] [MEGASCALE_TRANSPORT_INSTR] Recv: key=psum.7_0_sr_49_50|s200005->100005d|$c0$l706382426^i0 size=0 is_single_chunk=true is_aligned=true memcpy_needed=false
I0909 09:21:11.644054    1860 grpc_transport.cc:1743] [MEGASCALE_TRANSPORT_INSTR] SendRpc: key=psum.7_0_1_ag_0_sr_4_5|s100005->200005d|$c0$l706382426^i0 size=8388608 queue_latency_us=0 attempt=0
I0909 09:21:11.645049    1860 grpc_transport.cc:1414] [MEGASCALE_TRANSPORT_INSTR] Recv: key=psum.7_0_sr_60_61|s200004->100004d|$c0$l706382426^i0 size=0 is_single_chunk=true is_aligned=true memcpy_needed=false
I0909 09:21:11.658994    1936 grpc_transport.cc:1743] [MEGASCALE_TRANSPORT_INSTR] SendRpc: key=psum.7_0_1_ag_0_sr_11_12|s100004->200004d|$c0$l706382426^i0 size=8388608 queue_latency_us=0 attempt=0
I0909 09:21:11.667796    1936 grpc_transport.cc:1743] [MEGASCALE_TRANSPORT_INSTR] SendRpc: key=psum.7_0_1_ag_0_sr_60_61|s100004->200004d|$c0$l706382426^i0 size=8388608 queue_latency_us=0 attempt=0
I0909 09:21:11.668913    1711 grpc_transport.cc:1414] [MEGASCALE_TRANSPORT_INSTR] Recv: key=psum.7_0_sr_63_64|s200007->100007d|$c0$l706382426^i0 size=0 is_single_chunk=true is_aligned=true memcpy_needed=false
I0909 09:21:11.687159    1858 grpc_transport.cc:1414] [MEGASCALE_TRANSPORT_INSTR] Recv: key=psum.7_0_1_ag_0_sr_95_96|s200001->100001d|$c0$l706382426^i0 size=0 is_single_chunk=true is_aligned=true memcpy_needed=false
I0909 09:21:11.689836    2211 grpc_transport.cc:1743] [MEGASCALE_TRANSPORT_INSTR] SendRpc: key=psum.7_0_1_ag_0_sr_14_15|s100007->200007d|$c0$l706382426^i0 size=8388608 queue_latency_us=1 attempt=0
I0909 09:21:11.698625     803 grpc_transport.cc:1743] [MEGASCALE_TRANSPORT_INSTR] SendRpc: key=psum.7_0_1_ag_0_sr_6_7|s100003->200003d|$c0$l706382426^i0 size=8388608 queue_latency_us=0 attempt=0
I0909 09:21:11.707344    1359 grpc_transport.cc:1414] [MEGASCALE_TRANSPORT_INSTR] Recv: key=psum.7_0_1_ag_0_sr_127_128|s200001->100001d|$c0$l706382426^i0 size=0 is_single_chunk=true is_aligned=true memcpy_needed=false
I0909 09:21:11.723341    1860 grpc_transport.cc:1414] [MEGASCALE_TRANSPORT_INSTR] Recv: key=psum.7_0_1_ag_0_sr_77_78|s200004->100004d|$c0$l706382426^i0 size=0 is_single_chunk=true is_aligned=true memcpy_needed=false
I0909 09:21:11.740585    1706 grpc_transport.cc:1414] [MEGASCALE_TRANSPORT_INSTR] Recv: key=psum.7_0_1_ag_0_sr_118_119|s200004->100004d|$c0$l706382426^i0 size=0 is_single_chunk=true is_aligned=true memcpy_needed=false
I0909 09:21:11.777659    2220 grpc_transport.cc:1743] [MEGASCALE_TRANSPORT_INSTR] SendRpc: key=psum.7_0_sr_72_73|s100007->200007d|$c0$l706382427^i0 size=8388608 queue_latency_us=0 attempt=0
I0909 09:21:11.781600    1953 grpc_transport.cc:1743] [MEGASCALE_TRANSPORT_INSTR] SendRpc: key=psum.7_0_sr_101_102|s100005->200005d|$c0$l706382427^i0 size=8388608 queue_latency_us=0 attempt=0
I0909 09:21:11.783768    2214 grpc_transport.cc:1743] [MEGASCALE_TRANSPORT_INSTR] SendRpc: key=psum.7_0_sr_83_84|s100002->200002d|$c0$l706382427^i0 size=8388608 queue_latency_us=0 attempt=0
I0909 09:21:11.786131     805 grpc_transport.cc:1743] [MEGASCALE_TRANSPORT_INSTR] SendRpc: key=psum.7_0_sr_107_108|s100002->200002d|$c0$l706382427^i0 size=8388608 queue_latency_us=0 attempt=0
I0909 09:21:11.789722    1764 grpc_transport.cc:1743] [MEGASCALE_TRANSPORT_INSTR] SendRpc: key=psum.7_0_sr_107_108|s100007->200007d|$c0$l706382427^i0 size=8388608 queue_latency_us=0 attempt=0
I0909 09:21:11.793024    2209 grpc_transport.cc:1414] [MEGASCALE_TRANSPORT_INSTR] Recv: key=psum.7_0_sr_17_18|s200006->100006d|$c0$l706382427^i0 size=0 is_single_chunk=true is_aligned=true memcpy_needed=false
I0909 09:21:11.827749    2205 grpc_transport.cc:1414] [MEGASCALE_TRANSPORT_INSTR] Recv: key=psum.7_0_sr_36_37|s200006->100006d|$c0$l706382427^i0 size=0 is_single_chunk=true is_aligned=true memcpy_needed=false
I0909 09:21:11.850048    2392 grpc_transport.cc:1414] [MEGASCALE_TRANSPORT_INSTR] Recv: key=psum.7_0_sr_40_41|s200006->100006d|$c0$l706382427^i0 size=0 is_single_chunk=true is_aligned=true memcpy_needed=false
I0909 09:21:11.869294    1710 grpc_transport.cc:1414] [MEGASCALE_TRANSPORT_INSTR] Recv: key=psum.7_0_sr_41_42|s200005->100005d|$c0$l706382427^i0 size=0 is_single_chunk=true is_aligned=true memcpy_needed=false
I0909 09:21:11.886521    1942 grpc_transport.cc:1414] [MEGASCALE_TRANSPORT_INSTR] Recv: key=psum.7_0_sr_61_62|s200000->100000d|$c0$l706382427^i0 size=0 is_single_chunk=true is_aligned=true memcpy_needed=false
I0909 09:21:11.897219     786 grpc_transport.cc:1743] [MEGASCALE_TRANSPORT_INSTR] SendRpc: key=psum.7_0_1_ag_0_sr_4_5|s100000->200000d|$c0$l706382427^i0 size=8388608 queue_latency_us=0 attempt=0
I0909 09:21:11.903915    1864 grpc_transport.cc:1743] [MEGASCALE_TRANSPORT_INSTR] SendRpc: key=psum.7_0_1_ag_0_sr_54_55|s100000->200000d|$c0$l706382427^i0 size=8388608 queue_latency_us=0 attempt=0
I0909 09:21:11.906847    2200 grpc_transport.cc:1414] [MEGASCALE_TRANSPORT_INSTR] Recv: key=psum.7_0_sr_59_60|s200003->100003d|$c0$l706382427^i0 size=0 is_single_chunk=true is_aligned=true memcpy_needed=false
I0909 09:21:11.925243    1710 grpc_transport.cc:1743] [MEGASCALE_TRANSPORT_INSTR] SendRpc: key=psum.7_0_1_ag_0_sr_29_30|s100005->200005d|$c0$l706382427^i0 size=8388608 queue_latency_us=0 attempt=0
I0909 09:21:11.930414     790 grpc_transport.cc:1743] [MEGASCALE_TRANSPORT_INSTR] SendRpc: key=psum.7_0_1_ag_0_sr_52_53|s100005->200005d|$c0$l706382427^i0 size=8388608 queue_latency_us=0 attempt=0
I0909 09:21:11.936038    1391 grpc_transport.cc:1743] [MEGASCALE_TRANSPORT_INSTR] SendRpc: key=psum.7_0_1_ag_0_sr_25_26|s100007->200007d|$c0$l706382427^i0 size=8388608 queue_latency_us=1 attempt=0
I0909 09:21:11.937348    2224 grpc_transport.cc:1414] [MEGASCALE_TRANSPORT_INSTR] Recv: key=psum.7_0_1_ag_0_sr_79_80|s200002->100002d|$c0$l706382427^i0 size=0 is_single_chunk=true is_aligned=true memcpy_needed=false
I0909 09:21:11.956057    1858 grpc_transport.cc:1414] [MEGASCALE_TRANSPORT_INSTR] Recv: key=psum.7_0_1_ag_0_sr_97_98|s200000->100000d|$c0$l706382427^i0 size=0 is_single_chunk=true is_aligned=true memcpy_needed=false
I0909 09:21:11.973649    2392 grpc_transport.cc:1414] [MEGASCALE_TRANSPORT_INSTR] Recv: key=psum.7_0_1_ag_0_sr_119_120|s200007->100007d|$c0$l706382427^i0 size=0 is_single_chunk=true is_aligned=true memcpy_needed=false
I0909 09:21:11.990462    2202 grpc_transport.cc:1414] [MEGASCALE_TRANSPORT_INSTR] Recv: key=psum.7_0_1_ag_0_sr_125_126|s200007->100007d|$c0$l706382427^i0 size=0 is_single_chunk=true is_aligned=true memcpy_needed=false
I0909 09:21:12.012976    1705 grpc_transport.cc:1414] [MEGASCALE_TRANSPORT_INSTR] Recv: key=psum.7_0_1_ag_0_sr_122_123|s200006->100006d|$c0$l706382427^i0 size=0 is_single_chunk=true is_aligned=true memcpy_needed=false
I0909 09:21:12.030534     789 grpc_transport.cc:1743] [MEGASCALE_TRANSPORT_INSTR] SendRpc: key=psum.7_0_sr_76_77|s100001->200001d|$c0$l706382428^i0 size=8388608 queue_latency_us=0 attempt=0
I0909 09:21:12.034582    1737 grpc_transport.cc:1743] [MEGASCALE_TRANSPORT_INSTR] SendRpc: key=psum.7_0_sr_68_69|s100003->200003d|$c0$l706382428^i0 size=8388608 queue_latency_us=0 attempt=0
I0909 09:21:12.037076    1728 grpc_transport.cc:1743] [MEGASCALE_TRANSPORT_INSTR] SendRpc: key=psum.7_0_sr_87_88|s100006->200006d|$c0$l706382428^i0 size=8388608 queue_latency_us=0 attempt=0
I0909 09:21:12.039167    2256 grpc_transport.cc:1743] [MEGASCALE_TRANSPORT_INSTR] SendRpc: key=psum.7_0_sr_93_94|s100003->200003d|$c0$l706382428^i0 size=8388608 queue_latency_us=0 attempt=0
I0909 09:21:12.043036    2230 grpc_transport.cc:1743] [MEGASCALE_TRANSPORT_INSTR] SendRpc: key=psum.7_0_sr_115_116|s100003->200003d|$c0$l706382428^i0 size=8388608 queue_latency_us=0 attempt=0
I0909 09:21:12.050184    2202 grpc_transport.cc:1743] [MEGASCALE_TRANSPORT_INSTR] SendRpc: key=psum.7_0_sr_123_124|s100007->200007d|$c0$l706382428^i0 size=8388608 queue_latency_us=0 attempt=0
I0909 09:21:12.072894    1706 grpc_transport.cc:1414] [MEGASCALE_TRANSPORT_INSTR] Recv: key=psum.7_0_sr_13_14|s200001->100001d|$c0$l706382428^i0 size=0 is_single_chunk=true is_aligned=true memcpy_needed=false
I0909 09:21:12.099394    1364 grpc_transport.cc:1414] [MEGASCALE_TRANSPORT_INSTR] Recv: key=psum.7_0_sr_16_17|s200002->100002d|$c0$l706382428^i0 size=0 is_single_chunk=true is_aligned=true memcpy_needed=false
I0909 09:21:12.118685    1364 grpc_transport.cc:1414] [MEGASCALE_TRANSPORT_INSTR] Recv: key=psum.7_0_sr_34_35|s200002->100002d|$c0$l706382428^i0 size=0 is_single_chunk=true is_aligned=true memcpy_needed=false
I0909 09:21:12.136668    1713 grpc_transport.cc:1414] [MEGASCALE_TRANSPORT_INSTR] Recv: key=psum.7_0_sr_27_28|s200005->100005d|$c0$l706382428^i0 size=0 is_single_chunk=true is_aligned=true memcpy_needed=false
I0909 09:21:12.151776    1939 grpc_transport.cc:1743] [MEGASCALE_TRANSPORT_INSTR] SendRpc: key=psum.7_0_1_ag_0_sr_33_34|s100001->200001d|$c0$l706382428^i0 size=8388608 queue_latency_us=0 attempt=0
I0909 09:21:12.155701    1860 grpc_transport.cc:1414] [MEGASCALE_TRANSPORT_INSTR] Recv: key=psum.7_0_sr_36_37|s200005->100005d|$c0$l706382428^i0 size=0 is_single_chunk=true is_aligned=true memcpy_needed=false
I0909 09:21:12.167426     786 grpc_transport.cc:1743] [MEGASCALE_TRANSPORT_INSTR] SendRpc: key=psum.7_0_1_ag_0_sr_49_50|s100000->200000d|$c0$l706382428^i0 size=8388608 queue_latency_us=0 attempt=0
I0909 09:21:12.177680    1699 grpc_transport.cc:1743] [MEGASCALE_TRANSPORT_INSTR] SendRpc: key=psum.7_0_1_ag_0_sr_43_44|s100005->200005d|$c0$l706382428^i0 size=8388608 queue_latency_us=0 attempt=0
I0909 09:21:12.188879    1938 grpc_transport.cc:1414] [MEGASCALE_TRANSPORT_INSTR] Recv: key=psum.7_0_1_ag_0_sr_100_101|s200000->100000d|$c0$l706382428^i0 size=0 is_single_chunk=true is_aligned=true memcpy_needed=false
I0909 09:21:12.191456    2202 grpc_transport.cc:1743] [MEGASCALE_TRANSPORT_INSTR] SendRpc: key=psum.7_0_1_ag_0_sr_12_13|s100006->200006d|$c0$l706382428^i0 size=8388608 queue_latency_us=0 attempt=0
I0909 09:21:12.207110    1711 grpc_transport.cc:1743] [MEGASCALE_TRANSPORT_INSTR] SendRpc: key=psum.7_0_1_ag_0_sr_49_50|s100003->200003d|$c0$l706382428^i0 size=8388608 queue_latency_us=0 attempt=0
I0909 09:21:12.211094    1354 grpc_transport.cc:1414] [MEGASCALE_TRANSPORT_INSTR] Recv: key=psum.7_0_1_ag_0_sr_108_109|s200004->100004d|$c0$l706382428^i0 size=0 is_single_chunk=true is_aligned=true memcpy_needed=false
I0909 09:21:12.228097    1710 grpc_transport.cc:1414] [MEGASCALE_TRANSPORT_INSTR] Recv: key=psum.7_0_1_ag_0_sr_127_128|s200004->100004d|$c0$l706382428^i0 size=0 is_single_chunk=true is_aligned=true memcpy_needed=false
I0909 09:21:12.245022    1699 grpc_transport.cc:1414] [MEGASCALE_TRANSPORT_INSTR] Recv: key=psum.7_0_1_ag_0_sr_94_95|s200005->100005d|$c0$l706382428^i0 size=0 is_single_chunk=true is_aligned=true memcpy_needed=false
I0909 09:21:12.263709     803 grpc_transport.cc:1414] [MEGASCALE_TRANSPORT_INSTR] Recv: key=psum.7_0_1_ag_0_sr_88_89|s200007->100007d|$c0$l706382428^i0 size=0 is_single_chunk=true is_aligned=true memcpy_needed=false
I0909 09:21:12.291062    1375 grpc_transport.cc:1743] [MEGASCALE_TRANSPORT_INSTR] SendRpc: key=psum.7_0_sr_67_68|s100006->200006d|$c0$l706382429^i0 size=8388608 queue_latency_us=0 attempt=0
I0909 09:21:12.293400    2170 grpc_transport.cc:1743] [MEGASCALE_TRANSPORT_INSTR] SendRpc: key=psum.7_0_sr_86_87|s100001->200001d|$c0$l706382429^i0 size=8388608 queue_latency_us=0 attempt=0
I0909 09:21:12.296245    1878 grpc_transport.cc:1743] [MEGASCALE_TRANSPORT_INSTR] SendRpc: key=psum.7_0_sr_99_100|s100000->200000d|$c0$l706382429^i0 size=8388608 queue_latency_us=0 attempt=0
I0909 09:21:12.299537    1884 grpc_transport.cc:1743] [MEGASCALE_TRANSPORT_INSTR] SendRpc: key=psum.7_0_sr_107_108|s100001->200001d|$c0$l706382429^i0 size=8388608 queue_latency_us=0 attempt=0
I0909 09:21:12.303572    1710 grpc_transport.cc:1743] [MEGASCALE_TRANSPORT_INSTR] SendRpc: key=psum.7_0_sr_122_123|s100000->200000d|$c0$l706382429^i0 size=8388608 queue_latency_us=0 attempt=0
I0909 09:21:12.321797    1705 grpc_transport.cc:1414] [MEGASCALE_TRANSPORT_INSTR] Recv: key=psum.7_0_sr_15_16|s200003->100003d|$c0$l706382429^i0 size=0 is_single_chunk=true is_aligned=true memcpy_needed=false
I0909 09:21:12.344634    1360 grpc_transport.cc:1414] [MEGASCALE_TRANSPORT_INSTR] Recv: key=psum.7_0_sr_19_20|s200002->100002d|$c0$l706382429^i0 size=0 is_single_chunk=true is_aligned=true memcpy_needed=false
I0909 09:21:12.365474    1710 grpc_transport.cc:1414] [MEGASCALE_TRANSPORT_INSTR] Recv: key=psum.7_0_sr_27_28|s200004->100004d|$c0$l706382429^i0 size=0 is_single_chunk=true is_aligned=true memcpy_needed=false
I0909 09:21:12.384840    1358 grpc_transport.cc:1414] [MEGASCALE_TRANSPORT_INSTR] Recv: key=psum.7_0_sr_49_50|s200001->100001d|$c0$l706382429^i0 size=0 is_single_chunk=true is_aligned=true memcpy_needed=false
I0909 09:21:12.405800    1705 grpc_transport.cc:1414] [MEGASCALE_TRANSPORT_INSTR] Recv: key=psum.7_0_sr_45_46|s200002->100002d|$c0$l706382429^i0 size=0 is_single_chunk=true is_aligned=true memcpy_needed=false
I0909 09:21:12.406637    1703 grpc_transport.cc:1743] [MEGASCALE_TRANSPORT_INSTR] SendRpc: key=psum.7_0_1_ag_0_sr_11_12|s100005->200005d|$c0$l706382429^i0 size=8388608 queue_latency_us=1 attempt=0
I0909 09:21:12.420506    1936 grpc_transport.cc:1743] [MEGASCALE_TRANSPORT_INSTR] SendRpc: key=psum.7_0_1_ag_0_sr_45_46|s100001->200001d|$c0$l706382429^i0 size=8388608 queue_latency_us=0 attempt=0
I0909 09:21:12.426135    1940 grpc_transport.cc:1414] [MEGASCALE_TRANSPORT_INSTR] Recv: key=psum.7_0_1_ag_0_sr_113_114|s200004->100004d|$c0$l706382429^i0 size=0 is_single_chunk=true is_aligned=true memcpy_needed=false
I0909 09:21:12.435396    1375 grpc_transport.cc:1743] [MEGASCALE_TRANSPORT_INSTR] SendRpc: key=psum.7_0_1_ag_0_sr_21_22|s100007->200007d|$c0$l706382429^i0 size=8388608 queue_latency_us=0 attempt=0
I0909 09:21:12.439364     805 grpc_transport.cc:1743] [MEGASCALE_TRANSPORT_INSTR] SendRpc: key=psum.7_0_1_ag_0_sr_22_23|s100002->200002d|$c0$l706382429^i0 size=8388608 queue_latency_us=0 attempt=0
I0909 09:21:12.448182    1728 grpc_transport.cc:1743] [MEGASCALE_TRANSPORT_INSTR] SendRpc: key=psum.7_0_1_ag_0_sr_20_21|s100006->200006d|$c0$l706382429^i0 size=8388608 queue_latency_us=0 attempt=0
I0909 09:21:12.456054    1938 grpc_transport.cc:1414] [MEGASCALE_TRANSPORT_INSTR] Recv: key=psum.7_0_1_ag_0_sr_77_78|s200005->100005d|$c0$l706382429^i0 size=0 is_single_chunk=true is_aligned=true memcpy_needed=false
I0909 09:21:12.473948    2392 grpc_transport.cc:1414] [MEGASCALE_TRANSPORT_INSTR] Recv: key=psum.7_0_1_ag_0_sr_122_123|s200003->100003d|$c0$l706382429^i0 size=0 is_single_chunk=true is_aligned=true memcpy_needed=false
I0909 09:21:12.491910     803 grpc_transport.cc:1414] [MEGASCALE_TRANSPORT_INSTR] Recv: key=psum.7_0_1_ag_0_sr_127_128|s200007->100007d|$c0$l706382429^i0 size=0 is_single_chunk=true is_aligned=true memcpy_needed=false
I0909 09:21:12.513374    2208 grpc_transport.cc:1414] [MEGASCALE_TRANSPORT_INSTR] Recv: key=psum.7_0_1_ag_0_sr_76_77|s200002->100002d|$c0$l706382429^i0 size=0 is_single_chunk=true is_aligned=true memcpy_needed=false
I0909 09:21:12.549264    2170 grpc_transport.cc:1743] [MEGASCALE_TRANSPORT_INSTR] SendRpc: key=psum.7_0_sr_89_90|s100001->200001d|$c0$l706382430^i0 size=8388608 queue_latency_us=0 attempt=0
I0909 09:21:12.552876    1759 grpc_transport.cc:1743] [MEGASCALE_TRANSPORT_INSTR] SendRpc: key=psum.7_0_sr_74_75|s100002->200002d|$c0$l706382430^i0 size=8388608 queue_latency_us=0 attempt=0
I0909 09:21:12.556649     788 grpc_transport.cc:1743] [MEGASCALE_TRANSPORT_INSTR] SendRpc: key=psum.7_0_sr_81_82|s100005->200005d|$c0$l706382430^i0 size=8388608 queue_latency_us=0 attempt=0
I0909 09:21:12.561252    1358 grpc_transport.cc:1743] [MEGASCALE_TRANSPORT_INSTR] SendRpc: key=psum.7_0_sr_90_91|s100005->200005d|$c0$l706382430^i0 size=8388608 queue_latency_us=0 attempt=0
I0909 09:21:12.565956    1374 grpc_transport.cc:1743] [MEGASCALE_TRANSPORT_INSTR] SendRpc: key=psum.7_0_sr_105_106|s100005->200005d|$c0$l706382430^i0 size=8388608 queue_latency_us=0 attempt=0
I0909 09:21:12.590162    1699 grpc_transport.cc:1414] [MEGASCALE_TRANSPORT_INSTR] Recv: key=psum.7_0_sr_6_7|s200004->100004d|$c0$l706382430^i0 size=0 is_single_chunk=true is_aligned=true memcpy_needed=false
I0909 09:21:12.619605    1701 grpc_transport.cc:1414] [MEGASCALE_TRANSPORT_INSTR] Recv: key=psum.7_0_sr_28_29|s200004->100004d|$c0$l706382430^i0 size=0 is_single_chunk=true is_aligned=true memcpy_needed=false
I0909 09:21:12.640757    1859 grpc_transport.cc:1414] [MEGASCALE_TRANSPORT_INSTR] Recv: key=psum.7_0_sr_27_28|s200005->100005d|$c0$l706382430^i0 size=0 is_single_chunk=true is_aligned=true memcpy_needed=false
I0909 09:21:12.661083    1701 grpc_transport.cc:1414] [MEGASCALE_TRANSPORT_INSTR] Recv: key=psum.7_0_sr_56_57|s200004->100004d|$c0$l706382430^i0 size=0 is_single_chunk=true is_aligned=true memcpy_needed=false
I0909 09:21:12.682615    1860 grpc_transport.cc:1743] [MEGASCALE_TRANSPORT_INSTR] SendRpc: key=psum.7_0_1_ag_0_sr_21_22|s100001->200001d|$c0$l706382430^i0 size=8388608 queue_latency_us=0 attempt=0
I0909 09:21:12.683497    1352 grpc_transport.cc:1414] [MEGASCALE_TRANSPORT_INSTR] Recv: key=psum.7_0_1_ag_0_sr_80_81|s200001->100001d|$c0$l706382430^i0 size=0 is_single_chunk=true is_aligned=true memcpy_needed=false
I0909 09:21:12.698306    1703 grpc_transport.cc:1743] [MEGASCALE_TRANSPORT_INSTR] SendRpc: key=psum.7_0_1_ag_0_sr_22_23|s100005->200005d|$c0$l706382430^i0 size=8388608 queue_latency_us=0 attempt=0
I0909 09:21:12.705483    2207 grpc_transport.cc:1414] [MEGASCALE_TRANSPORT_INSTR] Recv: key=psum.7_0_sr_48_49|s200002->100002d|$c0$l706382430^i0 size=0 is_single_chunk=true is_aligned=true memcpy_needed=false
I0909 09:21:12.708461    1379 grpc_transport.cc:1743] [MEGASCALE_TRANSPORT_INSTR] SendRpc: key=psum.7_0_1_ag_0_sr_61_62|s100006->200006d|$c0$l706382430^i0 size=8388608 queue_latency_us=0 attempt=0
I0909 09:21:12.718799    1364 grpc_transport.cc:1743] [MEGASCALE_TRANSPORT_INSTR] SendRpc: key=psum.7_0_1_ag_0_sr_31_32|s100003->200003d|$c0$l706382430^i0 size=8388608 queue_latency_us=0 attempt=0
I0909 09:21:12.727338    1858 grpc_transport.cc:1414] [MEGASCALE_TRANSPORT_INSTR] Recv: key=psum.7_0_1_ag_0_sr_109_110|s200000->100000d|$c0$l706382430^i0 size=0 is_single_chunk=true is_aligned=true memcpy_needed=false
I0909 09:21:12.740078    2214 grpc_transport.cc:1743] [MEGASCALE_TRANSPORT_INSTR] SendRpc: key=psum.7_0_1_ag_0_sr_16_17|s100002->200002d|$c0$l706382430^i0 size=8388608 queue_latency_us=0 attempt=0
I0909 09:21:12.747608    1705 grpc_transport.cc:1414] [MEGASCALE_TRANSPORT_INSTR] Recv: key=psum.7_0_1_ag_0_sr_75_76|s200007->100007d|$c0$l706382430^i0 size=0 is_single_chunk=true is_aligned=true memcpy_needed=false
I0909 09:21:12.764476    1371 grpc_transport.cc:1414] [MEGASCALE_TRANSPORT_INSTR] Recv: key=psum.7_0_1_ag_0_sr_121_122|s200007->100007d|$c0$l706382430^i0 size=0 is_single_chunk=true is_aligned=true memcpy_needed=false
I0909 09:21:12.781927    1360 grpc_transport.cc:1414] [MEGASCALE_TRANSPORT_INSTR] Recv: key=psum.7_0_1_ag_0_sr_97_98|s200006->100006d|$c0$l706382430^i0 size=0 is_single_chunk=true is_aligned=true memcpy_needed=false
I0909 09:21:12.822290    2395 grpc_transport.cc:1743] [MEGASCALE_TRANSPORT_INSTR] SendRpc: key=psum.7_0_sr_71_72|s100003->200003d|$c0$l706382431^i0 size=8388608 queue_latency_us=0 attempt=0
I0909 09:21:12.822290    1948 grpc_transport.cc:1743] [MEGASCALE_TRANSPORT_INSTR] SendRpc: key=psum.7_0_sr_82_83|s100001->200001d|$c0$l706382431^i0 size=8388608 queue_latency_us=0 attempt=0
I0909 09:21:12.824798     787 grpc_transport.cc:1743] [MEGASCALE_TRANSPORT_INSTR] SendRpc: key=psum.7_0_sr_80_81|s100000->200000d|$c0$l706382431^i0 size=8388608 queue_latency_us=0 attempt=0
I0909 09:21:12.826701    1702 grpc_transport.cc:1414] [MEGASCALE_TRANSPORT_INSTR] Recv: key=psum.7_0_sr_7_8|s200005->100005d|$c0$l706382431^i0 size=0 is_single_chunk=true is_aligned=true memcpy_needed=false
I0909 09:21:12.828949    2398 grpc_transport.cc:1743] [MEGASCALE_TRANSPORT_INSTR] SendRpc: key=psum.7_0_sr_103_104|s100003->200003d|$c0$l706382431^i0 size=8388608 queue_latency_us=0 attempt=0
I0909 09:21:12.832826    1766 grpc_transport.cc:1743] [MEGASCALE_TRANSPORT_INSTR] SendRpc: key=psum.7_0_sr_76_77|s100002->200002d|$c0$l706382431^i0 size=8388608 queue_latency_us=0 attempt=0
I0909 09:21:12.837303    1703 grpc_transport.cc:1743] [MEGASCALE_TRANSPORT_INSTR] SendRpc: key=psum.7_0_sr_112_113|s100004->200004d|$c0$l706382431^i0 size=8388608 queue_latency_us=0 attempt=0
I0909 09:21:12.861094    1352 grpc_transport.cc:1414] [MEGASCALE_TRANSPORT_INSTR] Recv: key=psum.7_0_sr_19_20|s200005->100005d|$c0$l706382431^i0 size=0 is_single_chunk=true is_aligned=true memcpy_needed=false
I0909 09:21:12.881094    1860 grpc_transport.cc:1414] [MEGASCALE_TRANSPORT_INSTR] Recv: key=psum.7_0_sr_34_35|s200005->100005d|$c0$l706382431^i0 size=0 is_single_chunk=true is_aligned=true memcpy_needed=false
I0909 09:21:12.898878    1860 grpc_transport.cc:1414] [MEGASCALE_TRANSPORT_INSTR] Recv: key=psum.7_0_sr_45_46|s200000->100000d|$c0$l706382431^i0 size=0 is_single_chunk=true is_aligned=true memcpy_needed=false
I0909 09:21:12.916754     786 grpc_transport.cc:1414] [MEGASCALE_TRANSPORT_INSTR] Recv: key=psum.7_0_sr_54_55|s200000->100000d|$c0$l706382431^i0 size=0 is_single_chunk=true is_aligned=true memcpy_needed=false
I0909 09:21:12.937182    1359 grpc_transport.cc:1743] [MEGASCALE_TRANSPORT_INSTR] SendRpc: key=psum.7_0_1_ag_0_sr_1_2|s100004->200004d|$c0$l706382431^i0 size=8388608 queue_latency_us=0 attempt=0
I0909 09:21:12.937213    2172 grpc_transport.cc:1414] [MEGASCALE_TRANSPORT_INSTR] Recv: key=psum.7_0_1_ag_0_sr_68_69|s200005->100005d|$c0$l706382431^i0 size=0 is_single_chunk=true is_aligned=true memcpy_needed=false
I0909 09:21:12.942148    1703 grpc_transport.cc:1743] [MEGASCALE_TRANSPORT_INSTR] SendRpc: key=psum.7_0_1_ag_0_sr_21_22|s100005->200005d|$c0$l706382431^i0 size=8388608 queue_latency_us=0 attempt=0
I0909 09:21:12.949243    1701 grpc_transport.cc:1743] [MEGASCALE_TRANSPORT_INSTR] SendRpc: key=psum.7_0_1_ag_0_sr_46_47|s100001->200001d|$c0$l706382431^i0 size=8388608 queue_latency_us=0 attempt=0
I0909 09:21:12.960818    2394 grpc_transport.cc:1743] [MEGASCALE_TRANSPORT_INSTR] SendRpc: key=psum.7_0_1_ag_0_sr_36_37|s100007->200007d|$c0$l706382431^i0 size=8388608 queue_latency_us=0 attempt=0
I0909 09:21:12.965308    1395 grpc_transport.cc:1414] [MEGASCALE_TRANSPORT_INSTR] Recv: key=psum.7_0_1_ag_0_sr_93_94|s200007->100007d|$c0$l706382431^i0 size=0 is_single_chunk=true is_aligned=true memcpy_needed=false
I0909 09:21:12.972870    2200 grpc_transport.cc:1743] [MEGASCALE_TRANSPORT_INSTR] SendRpc: key=psum.7_0_1_ag_0_sr_20_21|s100003->200003d|$c0$l706382431^i0 size=8388608 queue_latency_us=0 attempt=0
I0909 09:21:12.992378    1936 grpc_transport.cc:1414] [MEGASCALE_TRANSPORT_INSTR] Recv: key=psum.7_0_1_ag_0_sr_98_99|s200000->100000d|$c0$l706382431^i0 size=0 is_single_chunk=true is_aligned=true memcpy_needed=false
I0909 09:21:13.016530    1702 grpc_transport.cc:1414] [MEGASCALE_TRANSPORT_INSTR] Recv: key=psum.7_0_1_ag_0_sr_91_92|s200001->100001d|$c0$l706382431^i0 size=0 is_single_chunk=true is_aligned=true memcpy_needed=false
I0909 09:21:13.035593    1943 grpc_transport.cc:1414] [MEGASCALE_TRANSPORT_INSTR] Recv: key=psum.7_0_1_ag_0_sr_127_128|s200001->100001d|$c0$l706382431^i0 size=0 is_single_chunk=true is_aligned=true memcpy_needed=false
I0909 09:21:13.053570    2200 grpc_transport.cc:1414] [MEGASCALE_TRANSPORT_INSTR] Recv: key=psum.7_0_1_ag_0_sr_112_113|s200002->100002d|$c0$l706382431^i0 size=0 is_single_chunk=true is_aligned=true memcpy_needed=false
I0909 09:21:13.073174    1942 grpc_transport.cc:1743] [MEGASCALE_TRANSPORT_INSTR] SendRpc: key=psum.7_0_sr_88_89|s100004->200004d|$c0$l706382432^i0 size=8388608 queue_latency_us=0 attempt=0
I0909 09:21:13.077117    1936 grpc_transport.cc:1743] [MEGASCALE_TRANSPORT_INSTR] SendRpc: key=psum.7_0_sr_67_68|s100004->200004d|$c0$l706382432^i0 size=8388608 queue_latency_us=0 attempt=0
I0909 09:21:13.079902    1936 grpc_transport.cc:1743] [MEGASCALE_TRANSPORT_INSTR] SendRpc: key=psum.7_0_sr_86_87|s100001->200001d|$c0$l706382432^i0 size=8388608 queue_latency_us=0 attempt=0
I0909 09:21:13.083267    2211 grpc_transport.cc:1743] [MEGASCALE_TRANSPORT_INSTR] SendRpc: key=psum.7_0_sr_97_98|s100003->200003d|$c0$l706382432^i0 size=8388608 queue_latency_us=0 attempt=0
I0909 09:21:13.087064    1395 grpc_transport.cc:1743] [MEGASCALE_TRANSPORT_INSTR] SendRpc: key=psum.7_0_sr_111_112|s100003->200003d|$c0$l706382432^i0 size=8388608 queue_latency_us=0 attempt=0
I0909 09:21:13.116943    1699 grpc_transport.cc:1414] [MEGASCALE_TRANSPORT_INSTR] Recv: key=psum.7_0_sr_32_33|s200004->100004d|$c0$l706382432^i0 size=0 is_single_chunk=true is_aligned=true memcpy_needed=false
I0909 09:21:13.140007    1360 grpc_transport.cc:1414] [MEGASCALE_TRANSPORT_INSTR] Recv: key=psum.7_0_sr_9_10|s200002->100002d|$c0$l706382432^i0 size=0 is_single_chunk=true is_aligned=true memcpy_needed=false
I0909 09:21:13.161416    1936 grpc_transport.cc:1414] [MEGASCALE_TRANSPORT_INSTR] Recv: key=psum.7_0_sr_49_50|s200004->100004d|$c0$l706382432^i0 size=0 is_single_chunk=true is_aligned=true memcpy_needed=false
I0909 09:21:13.182190    1702 grpc_transport.cc:1743] [MEGASCALE_TRANSPORT_INSTR] SendRpc: key=psum.7_0_1_ag_0_sr_15_16|s100000->200000d|$c0$l706382432^i0 size=8388608 queue_latency_us=0 attempt=0
I0909 09:21:13.185700    1352 grpc_transport.cc:1414] [MEGASCALE_TRANSPORT_INSTR] Recv: key=psum.7_0_sr_58_59|s200001->100001d|$c0$l706382432^i0 size=0 is_single_chunk=true is_aligned=true memcpy_needed=false
I0909 09:21:13.206675    1703 grpc_transport.cc:1743] [MEGASCALE_TRANSPORT_INSTR] SendRpc: key=psum.7_0_1_ag_0_sr_27_28|s100004->200004d|$c0$l706382432^i0 size=8388608 queue_latency_us=0 attempt=0
I0909 09:21:13.207883    1703 grpc_transport.cc:1414] [MEGASCALE_TRANSPORT_INSTR] Recv: key=psum.7_0_1_ag_0_sr_100_101|s200004->100004d|$c0$l706382432^i0 size=0 is_single_chunk=true is_aligned=true memcpy_needed=false
I0909 09:21:13.216212     806 grpc_transport.cc:1743] [MEGASCALE_TRANSPORT_INSTR] SendRpc: key=psum.7_0_1_ag_0_sr_59_60|s100003->200003d|$c0$l706382432^i0 size=8388608 queue_latency_us=0 attempt=0
I0909 09:21:13.226697    1712 grpc_transport.cc:1743] [MEGASCALE_TRANSPORT_INSTR] SendRpc: key=psum.7_0_1_ag_0_sr_50_51|s100005->200005d|$c0$l706382432^i0 size=8388608 queue_latency_us=0 attempt=0
I0909 09:21:13.235715    1371 grpc_transport.cc:1743] [MEGASCALE_TRANSPORT_INSTR] SendRpc: key=psum.7_0_1_ag_0_sr_54_55|s100002->200002d|$c0$l706382432^i0 size=8388608 queue_latency_us=0 attempt=0
I0909 09:21:13.236853    1951 grpc_transport.cc:1414] [MEGASCALE_TRANSPORT_INSTR] Recv: key=psum.7_0_1_ag_0_sr_88_89|s200000->100000d|$c0$l706382432^i0 size=0 is_single_chunk=true is_aligned=true memcpy_needed=false
I0909 09:21:13.257497     788 grpc_transport.cc:1414] [MEGASCALE_TRANSPORT_INSTR] Recv: key=psum.7_0_1_ag_0_sr_83_84|s200005->100005d|$c0$l706382432^i0 size=0 is_single_chunk=true is_aligned=true memcpy_needed=false
I0909 09:21:13.261565    1371 grpc_transport.cc:1743] [MEGASCALE_TRANSPORT_INSTR] SendRpc: key=psum.7_0_1_ag_0_sr_57_58|s100006->200006d|$c0$l706382432^i0 size=8388608 queue_latency_us=0 attempt=0
I0909 09:21:13.274653    1360 grpc_transport.cc:1414] [MEGASCALE_TRANSPORT_INSTR] Recv: key=psum.7_0_1_ag_0_sr_82_83|s200006->100006d|$c0$l706382432^i0 size=0 is_single_chunk=true is_aligned=true memcpy_needed=false
I0909 09:21:13.292426    1705 grpc_transport.cc:1414] [MEGASCALE_TRANSPORT_INSTR] Recv: key=psum.7_0_1_ag_0_sr_69_70|s200007->100007d|$c0$l706382432^i0 size=0 is_single_chunk=true is_aligned=true memcpy_needed=false
I0909 09:21:13.322280    2200 grpc_transport.cc:1414] [MEGASCALE_TRANSPORT_INSTR] Recv: key=psum.7_0_1_ag_0_sr_95_96|s200003->100003d|$c0$l706382432^i0 size=0 is_single_chunk=true is_aligned=true memcpy_needed=false
I0909 09:21:13.354144    1863 grpc_transport.cc:1743] [MEGASCALE_TRANSPORT_INSTR] SendRpc: key=psum.7_0_sr_77_78|s100000->200000d|$c0$l706382433^i0 size=8388608 queue_latency_us=0 attempt=0
I0909 09:21:13.356409    1735 grpc_transport.cc:1743] [MEGASCALE_TRANSPORT_INSTR] SendRpc: key=psum.7_0_sr_78_79|s100003->200003d|$c0$l706382433^i0 size=8388608 queue_latency_us=0 attempt=0
I0909 09:21:13.358597    1411 grpc_transport.cc:1743] [MEGASCALE_TRANSPORT_INSTR] SendRpc: key=psum.7_0_sr_95_96|s100005->200005d|$c0$l706382433^i0 size=8388608 queue_latency_us=0 attempt=0
I0909 09:21:13.361858    2202 grpc_transport.cc:1414] [MEGASCALE_TRANSPORT_INSTR] Recv: key=psum.7_0_sr_2_3|s200006->100006d|$c0$l706382433^i0 size=0 is_single_chunk=true is_aligned=true memcpy_needed=false
I0909 09:21:13.361829    1358 grpc_transport.cc:1743] [MEGASCALE_TRANSPORT_INSTR] SendRpc: key=psum.7_0_sr_112_113|s100004->200004d|$c0$l706382433^i0 size=8388608 queue_latency_us=0 attempt=0
I0909 09:21:13.366706    1372 grpc_transport.cc:1743] [MEGASCALE_TRANSPORT_INSTR] SendRpc: key=psum.7_0_sr_123_124|s100001->200001d|$c0$l706382433^i0 size=8388608 queue_latency_us=0 attempt=0
I0909 09:21:13.390582    2394 grpc_transport.cc:1414] [MEGASCALE_TRANSPORT_INSTR] Recv: key=psum.7_0_sr_5_6|s200007->100007d|$c0$l706382433^i0 size=0 is_single_chunk=true is_aligned=true memcpy_needed=false
I0909 09:21:13.408719    1936 grpc_transport.cc:1414] [MEGASCALE_TRANSPORT_INSTR] Recv: key=psum.7_0_sr_17_18|s200001->100001d|$c0$l706382433^i0 size=0 is_single_chunk=true is_aligned=true memcpy_needed=false
I0909 09:21:13.427037    1936 grpc_transport.cc:1414] [MEGASCALE_TRANSPORT_INSTR] Recv: key=psum.7_0_sr_58_59|s200004->100004d|$c0$l706382433^i0 size=0 is_single_chunk=true is_aligned=true memcpy_needed=false
I0909 09:21:13.444458    2393 grpc_transport.cc:1414] [MEGASCALE_TRANSPORT_INSTR] Recv: key=psum.7_0_sr_58_59|s200003->100003d|$c0$l706382433^i0 size=0 is_single_chunk=true is_aligned=true memcpy_needed=false
I0909 09:21:13.447433    1859 grpc_transport.cc:1743] [MEGASCALE_TRANSPORT_INSTR] SendRpc: key=psum.7_0_1_ag_0_sr_18_19|s100004->200004d|$c0$l706382433^i0 size=8388608 queue_latency_us=0 attempt=0
I0909 09:21:13.465221    1363 grpc_transport.cc:1743] [MEGASCALE_TRANSPORT_INSTR] SendRpc: key=psum.7_0_1_ag_0_sr_31_32|s100000->200000d|$c0$l706382433^i0 size=8388608 queue_latency_us=0 attempt=0
I0909 09:21:13.471416    1741 grpc_transport.cc:1743] [MEGASCALE_TRANSPORT_INSTR] SendRpc: key=psum.7_0_1_ag_0_sr_13_14|s100002->200002d|$c0$l706382433^i0 size=8388608 queue_latency_us=0 attempt=0
I0909 09:21:13.476751    1860 grpc_transport.cc:1743] [MEGASCALE_TRANSPORT_INSTR] SendRpc: key=psum.7_0_1_ag_0_sr_22_23|s100001->200001d|$c0$l706382433^i0 size=8388608 queue_latency_us=0 attempt=0
I0909 09:21:13.482050    1699 grpc_transport.cc:1743] [MEGASCALE_TRANSPORT_INSTR] SendRpc: key=psum.7_0_1_ag_0_sr_51_52|s100001->200001d|$c0$l706382433^i0 size=8388608 queue_latency_us=0 attempt=0
I0909 09:21:13.487910    1705 grpc_transport.cc:1414] [MEGASCALE_TRANSPORT_INSTR] Recv: key=psum.7_0_1_ag_0_sr_115_116|s200002->100002d|$c0$l706382433^i0 size=0 is_single_chunk=true is_aligned=true memcpy_needed=false
I0909 09:21:13.524834    1859 grpc_transport.cc:1414] [MEGASCALE_TRANSPORT_INSTR] Recv: key=psum.7_0_1_ag_0_sr_85_86|s200005->100005d|$c0$l706382433^i0 size=0 is_single_chunk=true is_aligned=true memcpy_needed=false
I0909 09:21:13.550279    1364 grpc_transport.cc:1414] [MEGASCALE_TRANSPORT_INSTR] Recv: key=psum.7_0_1_ag_0_sr_74_75|s200007->100007d|$c0$l706382433^i0 size=0 is_single_chunk=true is_aligned=true memcpy_needed=false
I0909 09:21:13.569464    2200 grpc_transport.cc:1414] [MEGASCALE_TRANSPORT_INSTR] Recv: key=psum.7_0_1_ag_0_sr_123_124|s200003->100003d|$c0$l706382433^i0 size=0 is_single_chunk=true is_aligned=true memcpy_needed=false
I0909 09:21:13.591861    1939 grpc_transport.cc:1414] [MEGASCALE_TRANSPORT_INSTR] Recv: key=psum.7_0_1_ag_0_sr_86_87|s200000->100000d|$c0$l706382433^i0 size=0 is_single_chunk=true is_aligned=true memcpy_needed=false
I0909 09:21:13.621953    2394 grpc_transport.cc:1743] [MEGASCALE_TRANSPORT_INSTR] SendRpc: key=psum.7_0_sr_68_69|s100003->200003d|$c0$l706382434^i0 size=8388608 queue_latency_us=0 attempt=0
I0909 09:21:13.625144    2214 grpc_transport.cc:1743] [MEGASCALE_TRANSPORT_INSTR] SendRpc: key=psum.7_0_sr_75_76|s100006->200006d|$c0$l706382434^i0 size=8388608 queue_latency_us=0 attempt=0
I0909 09:21:13.628897    1860 grpc_transport.cc:1743] [MEGASCALE_TRANSPORT_INSTR] SendRpc: key=psum.7_0_sr_99_100|s100000->200000d|$c0$l706382434^i0 size=8388608 queue_latency_us=0 attempt=0
I0909 09:21:13.632163    2227 grpc_transport.cc:1743] [MEGASCALE_TRANSPORT_INSTR] SendRpc: key=psum.7_0_sr_117_118|s100003->200003d|$c0$l706382434^i0 size=8388608 queue_latency_us=0 attempt=0
I0909 09:21:13.636367    1719 grpc_transport.cc:1743] [MEGASCALE_TRANSPORT_INSTR] SendRpc: key=psum.7_0_sr_117_118|s100002->200002d|$c0$l706382434^i0 size=8388608 queue_latency_us=0 attempt=0
I0909 09:21:13.640064    1735 grpc_transport.cc:1414] [MEGASCALE_TRANSPORT_INSTR] Recv: key=psum.7_0_sr_14_15|s200007->100007d|$c0$l706382434^i0 size=0 is_single_chunk=true is_aligned=true memcpy_needed=false
I0909 09:21:13.663030    1860 grpc_transport.cc:1414] [MEGASCALE_TRANSPORT_INSTR] Recv: key=psum.7_0_sr_15_16|s200001->100001d|$c0$l706382434^i0 size=0 is_single_chunk=true is_aligned=true memcpy_needed=false
I0909 09:21:13.682543    1858 grpc_transport.cc:1414] [MEGASCALE_TRANSPORT_INSTR] Recv: key=psum.7_0_sr_49_50|s200005->100005d|$c0$l706382434^i0 size=0 is_single_chunk=true is_aligned=true memcpy_needed=false
I0909 09:21:13.699556    2202 grpc_transport.cc:1414] [MEGASCALE_TRANSPORT_INSTR] Recv: key=psum.7_0_sr_49_50|s200003->100003d|$c0$l706382434^i0 size=0 is_single_chunk=true is_aligned=true memcpy_needed=false
I0909 09:21:13.718178    1860 grpc_transport.cc:1414] [MEGASCALE_TRANSPORT_INSTR] Recv: key=psum.7_0_sr_41_42|s200004->100004d|$c0$l706382434^i0 size=0 is_single_chunk=true is_aligned=true memcpy_needed=false
I0909 09:21:13.734938    1361 grpc_transport.cc:1743] [MEGASCALE_TRANSPORT_INSTR] SendRpc: key=psum.7_0_1_ag_0_sr_3_4|s100001->200001d|$c0$l706382434^i0 size=8388608 queue_latency_us=1 attempt=0
I0909 09:21:13.743448     786 grpc_transport.cc:1743] [MEGASCALE_TRANSPORT_INSTR] SendRpc: key=psum.7_0_1_ag_0_sr_37_38|s100000->200000d|$c0$l706382434^i0 size=8388608 queue_latency_us=0 attempt=0
I0909 09:21:13.752190    1946 grpc_transport.cc:1743] [MEGASCALE_TRANSPORT_INSTR] SendRpc: key=psum.7_0_1_ag_0_sr_16_17|s100004->200004d|$c0$l706382434^i0 size=8388608 queue_latency_us=0 attempt=0
I0909 09:21:13.752521    2206 grpc_transport.cc:1414] [MEGASCALE_TRANSPORT_INSTR] Recv: key=psum.7_0_1_ag_0_sr_85_86|s200003->100003d|$c0$l706382434^i0 size=0 is_single_chunk=true is_aligned=true memcpy_needed=false
I0909 09:21:13.758048    2232 grpc_transport.cc:1743] [MEGASCALE_TRANSPORT_INSTR] SendRpc: key=psum.7_0_1_ag_0_sr_21_22|s100007->200007d|$c0$l706382434^i0 size=8388608 queue_latency_us=0 attempt=0
I0909 09:21:13.764051    1719 grpc_transport.cc:1743] [MEGASCALE_TRANSPORT_INSTR] SendRpc: key=psum.7_0_1_ag_0_sr_51_52|s100007->200007d|$c0$l706382434^i0 size=8388608 queue_latency_us=0 attempt=0
I0909 09:21:13.775037    1858 grpc_transport.cc:1414] [MEGASCALE_TRANSPORT_INSTR] Recv: key=psum.7_0_1_ag_0_sr_79_80|s200001->100001d|$c0$l706382434^i0 size=0 is_single_chunk=true is_aligned=true memcpy_needed=false
I0909 09:21:13.802446     786 grpc_transport.cc:1414] [MEGASCALE_TRANSPORT_INSTR] Recv: key=psum.7_0_1_ag_0_sr_107_108|s200001->100001d|$c0$l706382434^i0 size=0 is_single_chunk=true is_aligned=true memcpy_needed=false
I0909 09:21:13.823811    2206 grpc_transport.cc:1414] [MEGASCALE_TRANSPORT_INSTR] Recv: key=psum.7_0_1_ag_0_sr_84_85|s200002->100002d|$c0$l706382434^i0 size=0 is_single_chunk=true is_aligned=true memcpy_needed=false
I0909 09:21:13.841967    2206 grpc_transport.cc:1414] [MEGASCALE_TRANSPORT_INSTR] Recv: key=psum.7_0_1_ag_0_sr_75_76|s200007->100007d|$c0$l706382434^i0 size=0 is_single_chunk=true is_aligned=true memcpy_needed=false
I0909 09:21:13.876228    1706 grpc_transport.cc:1414] [MEGASCALE_TRANSPORT_INSTR] Recv: key=all-reduce_0_ag_0_sr_1_2|s200000->100000d|$c0$l-493875058^i0 size=512 is_single_chunk=true is_aligned=false memcpy_needed=true
I0909 09:21:13.886997     787 grpc_transport.cc:1743] [MEGASCALE_TRANSPORT_INSTR] SendRpc: key=psum.7_0_sr_73_74|s100004->200004d|$c0$l706382435^i0 size=8388608 queue_latency_us=0 attempt=0
I0909 09:21:13.889860    1372 grpc_transport.cc:1743] [MEGASCALE_TRANSPORT_INSTR] SendRpc: key=psum.7_0_sr_78_79|s100001->200001d|$c0$l706382435^i0 size=8388608 queue_latency_us=0 attempt=0
I0909 09:21:13.892497    1715 grpc_transport.cc:1743] [MEGASCALE_TRANSPORT_INSTR] SendRpc: key=psum.7_0_sr_97_98|s100001->200001d|$c0$l706382435^i0 size=8388608 queue_latency_us=0 attempt=0
I0909 09:21:13.896029    2202 grpc_transport.cc:1743] [MEGASCALE_TRANSPORT_INSTR] SendRpc: key=psum.7_0_sr_99_100|s100007->200007d|$c0$l706382435^i0 size=8388608 queue_latency_us=0 attempt=0
I0909 09:21:13.899344    1360 grpc_transport.cc:1743] [MEGASCALE_TRANSPORT_INSTR] SendRpc: key=psum.7_0_sr_119_120|s100002->200002d|$c0$l706382435^i0 size=8388608 queue_latency_us=0 attempt=0
I0909 09:21:13.922981    1710 grpc_transport.cc:1414] [MEGASCALE_TRANSPORT_INSTR] Recv: key=psum.7_0_sr_2_3|s200000->100000d|$c0$l706382435^i0 size=0 is_single_chunk=true is_aligned=true memcpy_needed=false
I0909 09:21:13.942583    1703 grpc_transport.cc:1414] [MEGASCALE_TRANSPORT_INSTR] Recv: key=psum.7_0_sr_26_27|s200001->100001d|$c0$l706382435^i0 size=0 is_single_chunk=true is_aligned=true memcpy_needed=false
I0909 09:21:13.958883    1703 grpc_transport.cc:1414] [MEGASCALE_TRANSPORT_INSTR] Recv: key=psum.7_0_sr_40_41|s200005->100005d|$c0$l706382435^i0 size=0 is_single_chunk=true is_aligned=true memcpy_needed=false
I0909 09:21:13.977170    1364 grpc_transport.cc:1414] [MEGASCALE_TRANSPORT_INSTR] Recv: key=psum.7_0_sr_46_47|s200002->100002d|$c0$l706382435^i0 size=0 is_single_chunk=true is_aligned=true memcpy_needed=false
I0909 09:21:13.993765    2208 grpc_transport.cc:1414] [MEGASCALE_TRANSPORT_INSTR] Recv: key=psum.7_0_sr_60_61|s200006->100006d|$c0$l706382435^i0 size=0 is_single_chunk=true is_aligned=true memcpy_needed=false
I0909 09:21:14.004479    1702 grpc_transport.cc:1743] [MEGASCALE_TRANSPORT_INSTR] SendRpc: key=psum.7_0_1_ag_0_sr_15_16|s100005->200005d|$c0$l706382435^i0 size=8388608 queue_latency_us=0 attempt=0
I0909 09:21:14.011367    2205 grpc_transport.cc:1743] [MEGASCALE_TRANSPORT_INSTR] SendRpc: key=psum.7_0_1_ag_0_sr_35_36|s100007->200007d|$c0$l706382435^i0 size=8388608 queue_latency_us=0 attempt=0
I0909 09:21:14.017282    1711 grpc_transport.cc:1743] [MEGASCALE_TRANSPORT_INSTR] SendRpc: key=psum.7_0_1_ag_0_sr_7_8|s100003->200003d|$c0$l706382435^i0 size=8388608 queue_latency_us=1 attempt=0
I0909 09:21:14.022314    2397 grpc_transport.cc:1743] [MEGASCALE_TRANSPORT_INSTR] SendRpc: key=psum.7_0_1_ag_0_sr_31_32|s100003->200003d|$c0$l706382435^i0 size=8388608 queue_latency_us=0 attempt=0
I0909 09:21:14.028145    1870 grpc_transport.cc:1743] [MEGASCALE_TRANSPORT_INSTR] SendRpc: key=psum.7_0_1_ag_0_sr_52_53|s100000->200000d|$c0$l706382435^i0 size=8388608 queue_latency_us=0 attempt=0
I0909 09:21:14.042652     803 grpc_transport.cc:1414] [MEGASCALE_TRANSPORT_INSTR] Recv: key=psum.7_0_1_ag_0_sr_105_106|s200003->100003d|$c0$l706382435^i0 size=0 is_single_chunk=true is_aligned=true memcpy_needed=false
I0909 09:21:14.070546    1703 grpc_transport.cc:1414] [MEGASCALE_TRANSPORT_INSTR] Recv: key=psum.7_0_1_ag_0_sr_124_125|s200005->100005d|$c0$l706382435^i0 size=0 is_single_chunk=true is_aligned=true memcpy_needed=false
I0909 09:21:14.092363    2392 grpc_transport.cc:1414] [MEGASCALE_TRANSPORT_INSTR] Recv: key=psum.7_0_1_ag_0_sr_65_66|s200002->100002d|$c0$l706382435^i0 size=0 is_single_chunk=true is_aligned=true memcpy_needed=false
I0909 09:21:14.112193    1864 grpc_transport.cc:1414] [MEGASCALE_TRANSPORT_INSTR] Recv: key=psum.7_0_1_ag_0_sr_111_112|s200001->100001d|$c0$l706382435^i0 size=0 is_single_chunk=true is_aligned=true memcpy_needed=false
I0909 09:21:14.128173    1711 grpc_transport.cc:1414] [MEGASCALE_TRANSPORT_INSTR] Recv: key=psum.7_0_1_ag_0_sr_123_124|s200007->100007d|$c0$l706382435^i0 size=0 is_single_chunk=true is_aligned=true memcpy_needed=false
I0909 09:21:14.142437    1936 grpc_transport.cc:1743] [MEGASCALE_TRANSPORT_INSTR] SendRpc: key=psum.7_0_sr_67_68|s100004->200004d|$c0$l706382436^i0 size=8388608 queue_latency_us=0 attempt=0
I0909 09:21:14.146212    1352 grpc_transport.cc:1743] [MEGASCALE_TRANSPORT_INSTR] SendRpc: key=psum.7_0_sr_92_93|s100005->200005d|$c0$l706382436^i0 size=8388608 queue_latency_us=0 attempt=0
I0909 09:21:14.149203    1403 grpc_transport.cc:1743] [MEGASCALE_TRANSPORT_INSTR] SendRpc: key=psum.7_0_sr_96_97|s100003->200003d|$c0$l706382436^i0 size=8388608 queue_latency_us=0 attempt=0
I0909 09:21:14.151554    2202 grpc_transport.cc:1743] [MEGASCALE_TRANSPORT_INSTR] SendRpc: key=psum.7_0_sr_113_114|s100006->200006d|$c0$l706382436^i0 size=8388608 queue_latency_us=0 attempt=0
I0909 09:21:14.155052    1360 grpc_transport.cc:1743] [MEGASCALE_TRANSPORT_INSTR] SendRpc: key=psum.7_0_sr_120_121|s100002->200002d|$c0$l706382436^i0 size=8388608 queue_latency_us=0 attempt=0
I0909 09:21:14.181827    1938 grpc_transport.cc:1414] [MEGASCALE_TRANSPORT_INSTR] Recv: key=psum.7_0_sr_16_17|s200001->100001d|$c0$l706382436^i0 size=0 is_single_chunk=true is_aligned=true memcpy_needed=false
I0909 09:21:14.205684    1711 grpc_transport.cc:1414] [MEGASCALE_TRANSPORT_INSTR] Recv: key=psum.7_0_sr_2_3|s200002->100002d|$c0$l706382436^i0 size=0 is_single_chunk=true is_aligned=true memcpy_needed=false
I0909 09:21:14.224135    1352 grpc_transport.cc:1414] [MEGASCALE_TRANSPORT_INSTR] Recv: key=psum.7_0_sr_51_52|s200001->100001d|$c0$l706382436^i0 size=0 is_single_chunk=true is_aligned=true memcpy_needed=false
I0909 09:21:14.242485    1943 grpc_transport.cc:1414] [MEGASCALE_TRANSPORT_INSTR] Recv: key=psum.7_0_sr_59_60|s200005->100005d|$c0$l706382436^i0 size=0 is_single_chunk=true is_aligned=true memcpy_needed=false
I0909 09:21:14.250928    1354 grpc_transport.cc:1743] [MEGASCALE_TRANSPORT_INSTR] SendRpc: key=psum.7_0_1_ag_0_sr_6_7|s100001->200001d|$c0$l706382436^i0 size=8388608 queue_latency_us=0 attempt=0
I0909 09:21:14.261588    1364 grpc_transport.cc:1414] [MEGASCALE_TRANSPORT_INSTR] Recv: key=psum.7_0_sr_47_48|s200006->100006d|$c0$l706382436^i0 size=0 is_single_chunk=true is_aligned=true memcpy_needed=false
I0909 09:21:14.264755    1860 grpc_transport.cc:1743] [MEGASCALE_TRANSPORT_INSTR] SendRpc: key=psum.7_0_1_ag_0_sr_35_36|s100005->200005d|$c0$l706382436^i0 size=8388608 queue_latency_us=0 attempt=0
W0909 09:21:14.270808    1939 grpc_transport.cc:1186] Too many pending sends: 128
I0909 09:21:14.274324    2392 grpc_transport.cc:1743] [MEGASCALE_TRANSPORT_INSTR] SendRpc: key=psum.7_0_1_ag_0_sr_3_4|s100007->200007d|$c0$l706382436^i0 size=8388608 queue_latency_us=0 attempt=0
I0909 09:21:14.280274    2209 grpc_transport.cc:1743] [MEGASCALE_TRANSPORT_INSTR] SendRpc: key=psum.7_0_1_ag_0_sr_49_50|s100007->200007d|$c0$l706382436^i0 size=8388608 queue_latency_us=0 attempt=0
I0909 09:21:14.291787    1858 grpc_transport.cc:1414] [MEGASCALE_TRANSPORT_INSTR] Recv: key=psum.7_0_1_ag_0_sr_99_100|s200001->100001d|$c0$l706382436^i0 size=0 is_single_chunk=true is_aligned=true memcpy_needed=false
I0909 09:21:14.293835    2206 grpc_transport.cc:1743] [MEGASCALE_TRANSPORT_INSTR] SendRpc: key=psum.7_0_1_ag_0_sr_30_31|s100002->200002d|$c0$l706382436^i0 size=8388608 queue_latency_us=0 attempt=0
I0909 09:21:14.299050    2393 grpc_transport.cc:1743] [MEGASCALE_TRANSPORT_INSTR] SendRpc: key=psum.7_0_1_ag_0_sr_58_59|s100006->200006d|$c0$l706382436^i0 size=8388608 queue_latency_us=0 attempt=0
I0909 09:21:14.318651    1360 grpc_transport.cc:1414] [MEGASCALE_TRANSPORT_INSTR] Recv: key=psum.7_0_1_ag_0_sr_107_108|s200006->100006d|$c0$l706382436^i0 size=0 is_single_chunk=true is_aligned=true memcpy_needed=false
I0909 09:21:14.336651    1936 grpc_transport.cc:1414] [MEGASCALE_TRANSPORT_INSTR] Recv: key=psum.7_0_1_ag_0_sr_80_81|s200005->100005d|$c0$l706382436^i0 size=0 is_single_chunk=true is_aligned=true memcpy_needed=false
I0909 09:21:14.354740     803 grpc_transport.cc:1414] [MEGASCALE_TRANSPORT_INSTR] Recv: key=psum.7_0_1_ag_0_sr_76_77|s200007->100007d|$c0$l706382436^i0 size=0 is_single_chunk=true is_aligned=true memcpy_needed=false
I0909 09:21:14.374245    1360 grpc_transport.cc:1414] [MEGASCALE_TRANSPORT_INSTR] Recv: key=psum.7_0_1_ag_0_sr_104_105|s200003->100003d|$c0$l706382436^i0 size=0 is_single_chunk=true is_aligned=true memcpy_needed=false
I0909 09:21:14.400752     806 grpc_transport.cc:1743] [MEGASCALE_TRANSPORT_INSTR] SendRpc: key=psum.7_0_sr_69_70|s100007->200007d|$c0$l706382437^i0 size=8388608 queue_latency_us=0 attempt=0
I0909 09:21:14.403883    1745 grpc_transport.cc:1743] [MEGASCALE_TRANSPORT_INSTR] SendRpc: key=psum.7_0_sr_108_109|s100006->200006d|$c0$l706382437^i0 size=8388608 queue_latency_us=0 attempt=0
I0909 09:21:14.407670    1717 grpc_transport.cc:1743] [MEGASCALE_TRANSPORT_INSTR] SendRpc: key=psum.7_0_sr_104_105|s100000->200000d|$c0$l706382437^i0 size=8388608 queue_latency_us=0 attempt=0
I0909 09:21:14.411480     787 grpc_transport.cc:1743] [MEGASCALE_TRANSPORT_INSTR] SendRpc: key=psum.7_0_sr_116_117|s100001->200001d|$c0$l706382437^i0 size=8388608 queue_latency_us=0 attempt=0
I0909 09:21:14.418663    1360 grpc_transport.cc:1743] [MEGASCALE_TRANSPORT_INSTR] SendRpc: key=psum.7_0_sr_112_113|s100003->200003d|$c0$l706382437^i0 size=8388608 queue_latency_us=0 attempt=0
I0909 09:21:14.422036    2202 grpc_transport.cc:1414] [MEGASCALE_TRANSPORT_INSTR] Recv: key=psum.7_0_sr_17_18|s200007->100007d|$c0$l706382437^i0 size=0 is_single_chunk=true is_aligned=true memcpy_needed=false
I0909 09:21:14.445825    1936 grpc_transport.cc:1414] [MEGASCALE_TRANSPORT_INSTR] Recv: key=psum.7_0_sr_0_1|s200005->100005d|$c0$l706382437^i0 size=0 is_single_chunk=true is_aligned=true memcpy_needed=false
I0909 09:21:14.463714     786 grpc_transport.cc:1414] [MEGASCALE_TRANSPORT_INSTR] Recv: key=psum.7_0_sr_37_38|s200004->100004d|$c0$l706382437^i0 size=0 is_single_chunk=true is_aligned=true memcpy_needed=false
I0909 09:21:14.481866    1705 grpc_transport.cc:1414] [MEGASCALE_TRANSPORT_INSTR] Recv: key=psum.7_0_sr_39_40|s200003->100003d|$c0$l706382437^i0 size=0 is_single_chunk=true is_aligned=true memcpy_needed=false
I0909 09:21:14.501508    1917 grpc_transport.cc:1414] [MEGASCALE_TRANSPORT_INSTR] Recv: key=psum.7_0_sr_56_57|s200001->100001d|$c0$l706382437^i0 size=0 is_single_chunk=true is_aligned=true memcpy_needed=false
I0909 09:21:14.512480    1860 grpc_transport.cc:1743] [MEGASCALE_TRANSPORT_INSTR] SendRpc: key=psum.7_0_1_ag_0_sr_16_17|s100000->200000d|$c0$l706382437^i0 size=8388608 queue_latency_us=0 attempt=0
I0909 09:21:14.523786    1936 grpc_transport.cc:1743] [MEGASCALE_TRANSPORT_INSTR] SendRpc: key=psum.7_0_1_ag_0_sr_26_27|s100001->200001d|$c0$l706382437^i0 size=8388608 queue_latency_us=0 attempt=0
I0909 09:21:14.533988    1735 grpc_transport.cc:1743] [MEGASCALE_TRANSPORT_INSTR] SendRpc: key=psum.7_0_1_ag_0_sr_27_28|s100006->200006d|$c0$l706382437^i0 size=8388608 queue_latency_us=0 attempt=0
I0909 09:21:14.534540    2207 grpc_transport.cc:1414] [MEGASCALE_TRANSPORT_INSTR] Recv: key=psum.7_0_1_ag_0_sr_64_65|s200002->100002d|$c0$l706382437^i0 size=0 is_single_chunk=true is_aligned=true memcpy_needed=false
I0909 09:21:14.543011    1735 grpc_transport.cc:1743] [MEGASCALE_TRANSPORT_INSTR] SendRpc: key=psum.7_0_1_ag_0_sr_22_23|s100002->200002d|$c0$l706382437^i0 size=8388608 queue_latency_us=0 attempt=0
I0909 09:21:14.555444    2202 grpc_transport.cc:1743] [MEGASCALE_TRANSPORT_INSTR] SendRpc: key=psum.7_0_1_ag_0_sr_32_33|s100007->200007d|$c0$l706382437^i0 size=8388608 queue_latency_us=0 attempt=0
I0909 09:21:14.556923    1711 grpc_transport.cc:1414] [MEGASCALE_TRANSPORT_INSTR] Recv: key=psum.7_0_1_ag_0_sr_123_124|s200002->100002d|$c0$l706382437^i0 size=0 is_single_chunk=true is_aligned=true memcpy_needed=false
I0909 09:21:14.577447    1705 grpc_transport.cc:1414] [MEGASCALE_TRANSPORT_INSTR] Recv: key=psum.7_0_1_ag_0_sr_100_101|s200006->100006d|$c0$l706382437^i0 size=0 is_single_chunk=true is_aligned=true memcpy_needed=false
I0909 09:21:14.595722    1865 grpc_transport.cc:1414] [MEGASCALE_TRANSPORT_INSTR] Recv: key=psum.7_0_1_ag_0_sr_127_128|s200000->100000d|$c0$l706382437^i0 size=0 is_single_chunk=true is_aligned=true memcpy_needed=false
I0909 09:21:14.612984    1705 grpc_transport.cc:1414] [MEGASCALE_TRANSPORT_INSTR] Recv: key=psum.7_0_1_ag_0_sr_127_128|s200007->100007d|$c0$l706382437^i0 size=0 is_single_chunk=true is_aligned=true memcpy_needed=false
I0909 09:21:14.649339    1863 grpc_transport.cc:1743] [MEGASCALE_TRANSPORT_INSTR] SendRpc: key=psum.7_0_sr_67_68|s100000->200000d|$c0$l706382438^i0 size=8388608 queue_latency_us=0 attempt=0
I0909 09:21:14.652135    2396 grpc_transport.cc:1743] [MEGASCALE_TRANSPORT_INSTR] SendRpc: key=psum.7_0_sr_67_68|s100002->200002d|$c0$l706382438^i0 size=8388608 queue_latency_us=0 attempt=0
I0909 09:21:14.655053    2211 grpc_transport.cc:1743] [MEGASCALE_TRANSPORT_INSTR] SendRpc: key=psum.7_0_sr_88_89|s100006->200006d|$c0$l706382438^i0 size=8388608 queue_latency_us=0 attempt=0
I0909 09:21:14.659281    1417 grpc_transport.cc:1743] [MEGASCALE_TRANSPORT_INSTR] SendRpc: key=psum.7_0_sr_90_91|s100003->200003d|$c0$l706382438^i0 size=8388608 queue_latency_us=0 attempt=0
I0909 09:21:14.664369    1364 grpc_transport.cc:1743] [MEGASCALE_TRANSPORT_INSTR] SendRpc: key=psum.7_0_sr_109_110|s100003->200003d|$c0$l706382438^i0 size=8388608 queue_latency_us=0 attempt=0
I0909 09:21:14.674910    2170 grpc_transport.cc:1414] [MEGASCALE_TRANSPORT_INSTR] Recv: key=psum.7_0_sr_11_12|s200000->100000d|$c0$l706382438^i0 size=0 is_single_chunk=true is_aligned=true memcpy_needed=false
I0909 09:21:14.701984    1863 grpc_transport.cc:1414] [MEGASCALE_TRANSPORT_INSTR] Recv: key=psum.7_0_sr_37_38|s200000->100000d|$c0$l706382438^i0 size=0 is_single_chunk=true is_aligned=true memcpy_needed=false
I0909 09:21:14.723995    1860 grpc_transport.cc:1414] [MEGASCALE_TRANSPORT_INSTR] Recv: key=psum.7_0_sr_47_48|s200001->100001d|$c0$l706382438^i0 size=0 is_single_chunk=true is_aligned=true memcpy_needed=false
I0909 09:21:14.743082    2207 grpc_transport.cc:1414] [MEGASCALE_TRANSPORT_INSTR] Recv: key=psum.7_0_sr_4_5|s200002->100002d|$c0$l706382438^i0 size=0 is_single_chunk=true is_aligned=true memcpy_needed=false
I0909 09:21:14.760246    1860 grpc_transport.cc:1743] [MEGASCALE_TRANSPORT_INSTR] SendRpc: key=psum.7_0_1_ag_0_sr_57_58|s100001->200001d|$c0$l706382438^i0 size=8388608 queue_latency_us=0 attempt=0
I0909 09:21:14.762269    1860 grpc_transport.cc:1414] [MEGASCALE_TRANSPORT_INSTR] Recv: key=psum.7_0_sr_52_53|s200005->100005d|$c0$l706382438^i0 size=0 is_single_chunk=true is_aligned=true memcpy_needed=false
I0909 09:21:14.780624    1705 grpc_transport.cc:1743] [MEGASCALE_TRANSPORT_INSTR] SendRpc: key=psum.7_0_1_ag_0_sr_26_27|s100003->200003d|$c0$l706382438^i0 size=8388608 queue_latency_us=0 attempt=0
I0909 09:21:14.787992    1858 grpc_transport.cc:1414] [MEGASCALE_TRANSPORT_INSTR] Recv: key=psum.7_0_1_ag_0_sr_72_73|s200000->100000d|$c0$l706382438^i0 size=0 is_single_chunk=true is_aligned=true memcpy_needed=false
I0909 09:21:14.795147    1938 grpc_transport.cc:1743] [MEGASCALE_TRANSPORT_INSTR] SendRpc: key=psum.7_0_1_ag_0_sr_28_29|s100004->200004d|$c0$l706382438^i0 size=8388608 queue_latency_us=0 attempt=0
I0909 09:21:14.805599    2393 grpc_transport.cc:1743] [MEGASCALE_TRANSPORT_INSTR] SendRpc: key=psum.7_0_1_ag_0_sr_36_37|s100006->200006d|$c0$l706382438^i0 size=8388608 queue_latency_us=0 attempt=0
I0909 09:21:14.812792    2170 grpc_transport.cc:1414] [MEGASCALE_TRANSPORT_INSTR] Recv: key=psum.7_0_1_ag_0_sr_110_111|s200004->100004d|$c0$l706382438^i0 size=0 is_single_chunk=true is_aligned=true memcpy_needed=false
I0909 09:21:14.823936    2205 grpc_transport.cc:1743] [MEGASCALE_TRANSPORT_INSTR] SendRpc: key=psum.7_0_1_ag_0_sr_9_10|s100002->200002d|$c0$l706382438^i0 size=8388608 queue_latency_us=0 attempt=0
I0909 09:21:14.834389    2202 grpc_transport.cc:1414] [MEGASCALE_TRANSPORT_INSTR] Recv: key=psum.7_0_1_ag_0_sr_109_110|s200007->100007d|$c0$l706382438^i0 size=0 is_single_chunk=true is_aligned=true memcpy_needed=false
I0909 09:21:14.851897    1701 grpc_transport.cc:1414] [MEGASCALE_TRANSPORT_INSTR] Recv: key=psum.7_0_1_ag_0_sr_67_68|s200001->100001d|$c0$l706382438^i0 size=0 is_single_chunk=true is_aligned=true memcpy_needed=false
I0909 09:21:14.874470     803 grpc_transport.cc:1414] [MEGASCALE_TRANSPORT_INSTR] Recv: key=psum.7_0_1_ag_0_sr_93_94|s200003->100003d|$c0$l706382438^i0 size=0 is_single_chunk=true is_aligned=true memcpy_needed=false
I0909 09:21:14.909351     803 grpc_transport.cc:1414] [MEGASCALE_TRANSPORT_INSTR] Recv: key=psum.7_0_sr_10_11|s200002->100002d|$c0$l706382439^i0 size=0 is_single_chunk=true is_aligned=true memcpy_needed=false
I0909 09:21:14.924108    1864 grpc_transport.cc:1743] [MEGASCALE_TRANSPORT_INSTR] SendRpc: key=psum.7_0_sr_79_80|s100004->200004d|$c0$l706382439^i0 size=8388608 queue_latency_us=1 attempt=0
I0909 09:21:14.927693    1859 grpc_transport.cc:1743] [MEGASCALE_TRANSPORT_INSTR] SendRpc: key=psum.7_0_sr_87_88|s100001->200001d|$c0$l706382439^i0 size=8388608 queue_latency_us=0 attempt=0
I0909 09:21:14.931027    1737 grpc_transport.cc:1743] [MEGASCALE_TRANSPORT_INSTR] SendRpc: key=psum.7_0_sr_80_81|s100007->200007d|$c0$l706382439^i0 size=8388608 queue_latency_us=0 attempt=0
I0909 09:21:14.935807    2202 grpc_transport.cc:1743] [MEGASCALE_TRANSPORT_INSTR] SendRpc: key=psum.7_0_sr_106_107|s100003->200003d|$c0$l706382439^i0 size=8388608 queue_latency_us=0 attempt=0
I0909 09:21:14.941691    1728 grpc_transport.cc:1743] [MEGASCALE_TRANSPORT_INSTR] SendRpc: key=psum.7_0_sr_116_117|s100003->200003d|$c0$l706382439^i0 size=8388608 queue_latency_us=0 attempt=0
I0909 09:21:14.947632     787 grpc_transport.cc:1414] [MEGASCALE_TRANSPORT_INSTR] Recv: key=psum.7_0_sr_4_5|s200001->100001d|$c0$l706382439^i0 size=0 is_single_chunk=true is_aligned=true memcpy_needed=false
I0909 09:21:14.969878    2393 grpc_transport.cc:1414] [MEGASCALE_TRANSPORT_INSTR] Recv: key=psum.7_0_sr_45_46|s200002->100002d|$c0$l706382439^i0 size=0 is_single_chunk=true is_aligned=true memcpy_needed=false
I0909 09:21:14.986786    1352 grpc_transport.cc:1414] [MEGASCALE_TRANSPORT_INSTR] Recv: key=psum.7_0_sr_37_38|s200001->100001d|$c0$l706382439^i0 size=0 is_single_chunk=true is_aligned=true memcpy_needed=false
I0909 09:21:14.999443    2202 grpc_transport.cc:1743] [MEGASCALE_TRANSPORT_INSTR] SendRpc: key=psum.7_0_1_ag_0_sr_34_35|s100002->200002d|$c0$l706382439^i0 size=8388608 queue_latency_us=0 attempt=0
I0909 09:21:15.006748    1942 grpc_transport.cc:1414] [MEGASCALE_TRANSPORT_INSTR] Recv: key=psum.7_0_sr_48_49|s200004->100004d|$c0$l706382439^i0 size=0 is_single_chunk=true is_aligned=true memcpy_needed=false
I0909 09:21:15.015510    1730 grpc_transport.cc:1743] [MEGASCALE_TRANSPORT_INSTR] SendRpc: key=psum.7_0_1_ag_0_sr_21_22|s100006->200006d|$c0$l706382439^i0 size=8388608 queue_latency_us=0 attempt=0
I0909 09:21:15.024662    2209 grpc_transport.cc:1414] [MEGASCALE_TRANSPORT_INSTR] Recv: key=psum.7_0_sr_63_64|s200003->100003d|$c0$l706382439^i0 size=0 is_single_chunk=true is_aligned=true memcpy_needed=false
I0909 09:21:15.027445    1360 grpc_transport.cc:1743] [MEGASCALE_TRANSPORT_INSTR] SendRpc: key=psum.7_0_1_ag_0_sr_42_43|s100007->200007d|$c0$l706382439^i0 size=8388608 queue_latency_us=9 attempt=0
I0909 09:21:15.039502    1352 grpc_transport.cc:1743] [MEGASCALE_TRANSPORT_INSTR] SendRpc: key=psum.7_0_1_ag_0_sr_14_15|s100001->200001d|$c0$l706382439^i0 size=8388608 queue_latency_us=0 attempt=0
I0909 09:21:15.046780    1702 grpc_transport.cc:1743] [MEGASCALE_TRANSPORT_INSTR] SendRpc: key=psum.7_0_1_ag_0_sr_48_49|s100005->200005d|$c0$l706382439^i0 size=8388608 queue_latency_us=0 attempt=0
I0909 09:21:15.077649    1699 grpc_transport.cc:1414] [MEGASCALE_TRANSPORT_INSTR] Recv: key=psum.7_0_1_ag_0_sr_75_76|s200004->100004d|$c0$l706382439^i0 size=0 is_single_chunk=true is_aligned=true memcpy_needed=false
I0909 09:21:15.105929    1938 grpc_transport.cc:1414] [MEGASCALE_TRANSPORT_INSTR] Recv: key=psum.7_0_1_ag_0_sr_70_71|s200000->100000d|$c0$l706382439^i0 size=0 is_single_chunk=true is_aligned=true memcpy_needed=false
I0909 09:21:15.132383    1711 grpc_transport.cc:1414] [MEGASCALE_TRANSPORT_INSTR] Recv: key=psum.7_0_1_ag_0_sr_95_96|s200007->100007d|$c0$l706382439^i0 size=0 is_single_chunk=true is_aligned=true memcpy_needed=false
I0909 09:21:15.150690    1360 grpc_transport.cc:1414] [MEGASCALE_TRANSPORT_INSTR] Recv: key=psum.7_0_1_ag_0_sr_72_73|s200006->100006d|$c0$l706382439^i0 size=0 is_single_chunk=true is_aligned=true memcpy_needed=false
I0909 09:21:15.167863    1702 grpc_transport.cc:1414] [MEGASCALE_TRANSPORT_INSTR] Recv: key=psum.7_0_1_ag_0_sr_111_112|s200001->100001d|$c0$l706382439^i0 size=0 is_single_chunk=true is_aligned=true memcpy_needed=false
I0909 09:21:15.185010    1863 grpc_transport.cc:1743] [MEGASCALE_TRANSPORT_INSTR] SendRpc: key=psum.7_0_sr_94_95|s100000->200000d|$c0$l706382440^i0 size=8388608 queue_latency_us=0 attempt=0
I0909 09:21:15.188763    2229 grpc_transport.cc:1743] [MEGASCALE_TRANSPORT_INSTR] SendRpc: key=psum.7_0_sr_70_71|s100003->200003d|$c0$l706382440^i0 size=8388608 queue_latency_us=0 attempt=0
I0909 09:21:15.191302    1724 grpc_transport.cc:1743] [MEGASCALE_TRANSPORT_INSTR] SendRpc: key=psum.7_0_sr_97_98|s100004->200004d|$c0$l706382440^i0 size=8388608 queue_latency_us=0 attempt=0
I0909 09:21:15.193885    1947 grpc_transport.cc:1743] [MEGASCALE_TRANSPORT_INSTR] SendRpc: key=psum.7_0_sr_121_122|s100001->200001d|$c0$l706382440^i0 size=8388608 queue_latency_us=0 attempt=0
I0909 09:21:15.197389     806 grpc_transport.cc:1743] [MEGASCALE_TRANSPORT_INSTR] SendRpc: key=psum.7_0_sr_106_107|s100006->200006d|$c0$l706382440^i0 size=8388608 queue_latency_us=0 attempt=0
I0909 09:21:15.227018    2392 grpc_transport.cc:1414] [MEGASCALE_TRANSPORT_INSTR] Recv: key=psum.7_0_sr_0_1|s200003->100003d|$c0$l706382440^i0 size=0 is_single_chunk=true is_aligned=true memcpy_needed=false
I0909 09:21:15.249307    1865 grpc_transport.cc:1414] [MEGASCALE_TRANSPORT_INSTR] Recv: key=psum.7_0_sr_33_34|s200004->100004d|$c0$l706382440^i0 size=0 is_single_chunk=true is_aligned=true memcpy_needed=false
I0909 09:21:15.269923    1360 grpc_transport.cc:1414] [MEGASCALE_TRANSPORT_INSTR] Recv: key=psum.7_0_sr_34_35|s200003->100003d|$c0$l706382440^i0 size=0 is_single_chunk=true is_aligned=true memcpy_needed=false
I0909 09:21:15.288987    1860 grpc_transport.cc:1414] [MEGASCALE_TRANSPORT_INSTR] Recv: key=psum.7_0_sr_62_63|s200001->100001d|$c0$l706382440^i0 size=0 is_single_chunk=true is_aligned=true memcpy_needed=false
I0909 09:21:15.300265    1358 grpc_transport.cc:1743] [MEGASCALE_TRANSPORT_INSTR] SendRpc: key=psum.7_0_1_ag_0_sr_13_14|s100004->200004d|$c0$l706382440^i0 size=8388608 queue_latency_us=0 attempt=0
I0909 09:21:15.309991    1860 grpc_transport.cc:1743] [MEGASCALE_TRANSPORT_INSTR] SendRpc: key=psum.7_0_1_ag_0_sr_40_41|s100000->200000d|$c0$l706382440^i0 size=8388608 queue_latency_us=0 attempt=0
I0909 09:21:15.312648    1711 grpc_transport.cc:1414] [MEGASCALE_TRANSPORT_INSTR] Recv: key=psum.7_0_sr_58_59|s200002->100002d|$c0$l706382440^i0 size=0 is_single_chunk=true is_aligned=true memcpy_needed=false
I0909 09:21:15.316624    1702 grpc_transport.cc:1743] [MEGASCALE_TRANSPORT_INSTR] SendRpc: key=psum.7_0_1_ag_0_sr_39_40|s100001->200001d|$c0$l706382440^i0 size=8388608 queue_latency_us=0 attempt=0
I0909 09:21:15.334255    2207 grpc_transport.cc:1743] [MEGASCALE_TRANSPORT_INSTR] SendRpc: key=psum.7_0_1_ag_0_sr_57_58|s100002->200002d|$c0$l706382440^i0 size=8388608 queue_latency_us=0 attempt=0
I0909 09:21:15.336038    1364 grpc_transport.cc:1414] [MEGASCALE_TRANSPORT_INSTR] Recv: key=psum.7_0_1_ag_0_sr_76_77|s200003->100003d|$c0$l706382440^i0 size=0 is_single_chunk=true is_aligned=true memcpy_needed=false
I0909 09:21:15.346186    1705 grpc_transport.cc:1743] [MEGASCALE_TRANSPORT_INSTR] SendRpc: key=psum.7_0_1_ag_0_sr_31_32|s100007->200007d|$c0$l706382440^i0 size=8388608 queue_latency_us=0 attempt=0
I0909 09:21:15.363791    2202 grpc_transport.cc:1414] [MEGASCALE_TRANSPORT_INSTR] Recv: key=psum.7_0_1_ag_0_sr_101_102|s200003->100003d|$c0$l706382440^i0 size=0 is_single_chunk=true is_aligned=true memcpy_needed=false
I0909 09:21:15.381408    1858 grpc_transport.cc:1414] [MEGASCALE_TRANSPORT_INSTR] Recv: key=psum.7_0_1_ag_0_sr_83_84|s200004->100004d|$c0$l706382440^i0 size=0 is_single_chunk=true is_aligned=true memcpy_needed=false
I0909 09:21:15.399807    1858 grpc_transport.cc:1414] [MEGASCALE_TRANSPORT_INSTR] Recv: key=psum.7_0_1_ag_0_sr_80_81|s200005->100005d|$c0$l706382440^i0 size=0 is_single_chunk=true is_aligned=true memcpy_needed=false
I0909 09:21:15.418882    1705 grpc_transport.cc:1414] [MEGASCALE_TRANSPORT_INSTR] Recv: key=psum.7_0_1_ag_0_sr_97_98|s200002->100002d|$c0$l706382440^i0 size=0 is_single_chunk=true is_aligned=true memcpy_needed=false
I0909 09:21:15.451586    1354 grpc_transport.cc:1743] [MEGASCALE_TRANSPORT_INSTR] SendRpc: key=psum.7_0_sr_71_72|s100005->200005d|$c0$l706382441^i0 size=8388608 queue_latency_us=0 attempt=0
I0909 09:21:15.456190    1450 grpc_transport.cc:1743] [MEGASCALE_TRANSPORT_INSTR] SendRpc: key=psum.7_0_sr_73_74|s100003->200003d|$c0$l706382441^i0 size=8388608 queue_latency_us=0 attempt=0
I0909 09:21:15.458751    1360 grpc_transport.cc:1743] [MEGASCALE_TRANSPORT_INSTR] SendRpc: key=psum.7_0_sr_87_88|s100006->200006d|$c0$l706382441^i0 size=8388608 queue_latency_us=0 attempt=0
I0909 09:21:15.461855    2400 grpc_transport.cc:1743] [MEGASCALE_TRANSPORT_INSTR] SendRpc: key=psum.7_0_sr_91_92|s100007->200007d|$c0$l706382441^i0 size=8388608 queue_latency_us=0 attempt=0
I0909 09:21:15.466356    1859 grpc_transport.cc:1743] [MEGASCALE_TRANSPORT_INSTR] SendRpc: key=psum.7_0_sr_113_114|s100004->200004d|$c0$l706382441^i0 size=8388608 queue_latency_us=0 attempt=0
I0909 09:21:15.471165    1741 grpc_transport.cc:1743] [MEGASCALE_TRANSPORT_INSTR] SendRpc: key=psum.7_0_sr_125_126|s100007->200007d|$c0$l706382441^i0 size=8388608 queue_latency_us=0 attempt=0
I0909 09:21:15.471868     786 grpc_transport.cc:1414] [MEGASCALE_TRANSPORT_INSTR] Recv: key=psum.7_0_sr_1_2|s200004->100004d|$c0$l706382441^i0 size=0 is_single_chunk=true is_aligned=true memcpy_needed=false
I0909 09:21:15.496213    2393 grpc_transport.cc:1414] [MEGASCALE_TRANSPORT_INSTR] Recv: key=psum.7_0_sr_5_6|s200002->100002d|$c0$l706382441^i0 size=0 is_single_chunk=true is_aligned=true memcpy_needed=false
I0909 09:21:15.512375    1858 grpc_transport.cc:1414] [MEGASCALE_TRANSPORT_INSTR] Recv: key=psum.7_0_sr_33_34|s200005->100005d|$c0$l706382441^i0 size=0 is_single_chunk=true is_aligned=true memcpy_needed=false
I0909 09:21:15.530421    1710 grpc_transport.cc:1414] [MEGASCALE_TRANSPORT_INSTR] Recv: key=psum.7_0_sr_47_48|s200001->100001d|$c0$l706382441^i0 size=0 is_single_chunk=true is_aligned=true memcpy_needed=false
I0909 09:21:15.548991    1859 grpc_transport.cc:1414] [MEGASCALE_TRANSPORT_INSTR] Recv: key=psum.7_0_sr_60_61|s200001->100001d|$c0$l706382441^i0 size=0 is_single_chunk=true is_aligned=true memcpy_needed=false
I0909 09:21:15.565682     803 grpc_transport.cc:1743] [MEGASCALE_TRANSPORT_INSTR] SendRpc: key=psum.7_0_1_ag_0_sr_24_25|s100003->200003d|$c0$l706382441^i0 size=8388608 queue_latency_us=0 attempt=0
I0909 09:21:15.574767    1712 grpc_transport.cc:1743] [MEGASCALE_TRANSPORT_INSTR] SendRpc: key=psum.7_0_1_ag_0_sr_42_43|s100005->200005d|$c0$l706382441^i0 size=8388608 queue_latency_us=0 attempt=0
I0909 09:21:15.582139    1364 grpc_transport.cc:1743] [MEGASCALE_TRANSPORT_INSTR] SendRpc: key=psum.7_0_1_ag_0_sr_34_35|s100002->200002d|$c0$l706382441^i0 size=8388608 queue_latency_us=0 attempt=0
I0909 09:21:15.589143    1860 grpc_transport.cc:1743] [MEGASCALE_TRANSPORT_INSTR] SendRpc: key=psum.7_0_1_ag_0_sr_31_32|s100001->200001d|$c0$l706382441^i0 size=8388608 queue_latency_us=1 attempt=0
I0909 09:21:15.592222    2394 grpc_transport.cc:1414] [MEGASCALE_TRANSPORT_INSTR] Recv: key=psum.7_0_1_ag_0_sr_72_73|s200002->100002d|$c0$l706382441^i0 size=0 is_single_chunk=true is_aligned=true memcpy_needed=false
I0909 09:21:15.596961    2216 grpc_transport.cc:1743] [MEGASCALE_TRANSPORT_INSTR] SendRpc: key=psum.7_0_1_ag_0_sr_51_52|s100006->200006d|$c0$l706382441^i0 size=8388608 queue_latency_us=0 attempt=0
I0909 09:21:15.612044    1364 grpc_transport.cc:1414] [MEGASCALE_TRANSPORT_INSTR] Recv: key=psum.7_0_1_ag_0_sr_69_70|s200006->100006d|$c0$l706382441^i0 size=0 is_single_chunk=true is_aligned=true memcpy_needed=false
I0909 09:21:15.644234    1699 grpc_transport.cc:1414] [MEGASCALE_TRANSPORT_INSTR] Recv: key=psum.7_0_1_ag_0_sr_74_75|s200001->100001d|$c0$l706382441^i0 size=0 is_single_chunk=true is_aligned=true memcpy_needed=false
I0909 09:21:15.665768    1364 grpc_transport.cc:1414] [MEGASCALE_TRANSPORT_INSTR] Recv: key=psum.7_0_1_ag_0_sr_65_66|s200007->100007d|$c0$l706382441^i0 size=0 is_single_chunk=true is_aligned=true memcpy_needed=false
I0909 09:21:15.683550    1865 grpc_transport.cc:1414] [MEGASCALE_TRANSPORT_INSTR] Recv: key=psum.7_0_1_ag_0_sr_121_122|s200000->100000d|$c0$l706382441^i0 size=0 is_single_chunk=true is_aligned=true memcpy_needed=false
I0909 09:21:15.717302    1936 grpc_transport.cc:1743] [MEGASCALE_TRANSPORT_INSTR] SendRpc: key=psum.7_0_sr_94_95|s100004->200004d|$c0$l706382442^i0 size=8388608 queue_latency_us=0 attempt=0
I0909 09:21:15.720539     786 grpc_transport.cc:1743] [MEGASCALE_TRANSPORT_INSTR] SendRpc: key=psum.7_0_sr_84_85|s100005->200005d|$c0$l706382442^i0 size=8388608 queue_latency_us=0 attempt=0
I0909 09:21:15.724789    1953 grpc_transport.cc:1743] [MEGASCALE_TRANSPORT_INSTR] SendRpc: key=psum.7_0_sr_92_93|s100005->200005d|$c0$l706382442^i0 size=8388608 queue_latency_us=0 attempt=0
I0909 09:21:15.729396    1703 grpc_transport.cc:1743] [MEGASCALE_TRANSPORT_INSTR] SendRpc: key=psum.7_0_sr_107_108|s100005->200005d|$c0$l706382442^i0 size=8388608 queue_latency_us=0 attempt=0
I0909 09:21:15.736341    2205 grpc_transport.cc:1743] [MEGASCALE_TRANSPORT_INSTR] SendRpc: key=psum.7_0_sr_94_95|s100007->200007d|$c0$l706382442^i0 size=8388608 queue_latency_us=0 attempt=0
I0909 09:21:15.752872    2202 grpc_transport.cc:1414] [MEGASCALE_TRANSPORT_INSTR] Recv: key=psum.7_0_sr_17_18|s200007->100007d|$c0$l706382442^i0 size=0 is_single_chunk=true is_aligned=true memcpy_needed=false
I0909 09:21:15.778471    1939 grpc_transport.cc:1414] [MEGASCALE_TRANSPORT_INSTR] Recv: key=psum.7_0_sr_14_15|s200004->100004d|$c0$l706382442^i0 size=0 is_single_chunk=true is_aligned=true memcpy_needed=false
I0909 09:21:15.800625    1705 grpc_transport.cc:1414] [MEGASCALE_TRANSPORT_INSTR] Recv: key=psum.7_0_sr_15_16|s200006->100006d|$c0$l706382442^i0 size=0 is_single_chunk=true is_aligned=true memcpy_needed=false
I0909 09:21:15.818191    1936 grpc_transport.cc:1414] [MEGASCALE_TRANSPORT_INSTR] Recv: key=psum.7_0_sr_44_45|s200004->100004d|$c0$l706382442^i0 size=0 is_single_chunk=true is_aligned=true memcpy_needed=false
I0909 09:21:15.840700    1705 grpc_transport.cc:1414] [MEGASCALE_TRANSPORT_INSTR] Recv: key=psum.7_0_sr_39_40|s200002->100002d|$c0$l706382442^i0 size=0 is_single_chunk=true is_aligned=true memcpy_needed=false
I0909 09:21:15.849831    1943 grpc_transport.cc:1743] [MEGASCALE_TRANSPORT_INSTR] SendRpc: key=psum.7_0_1_ag_0_sr_20_21|s100000->200000d|$c0$l706382442^i0 size=8388608 queue_latency_us=0 attempt=0
I0909 09:21:15.860529    1702 grpc_transport.cc:1743] [MEGASCALE_TRANSPORT_INSTR] SendRpc: key=psum.7_0_1_ag_0_sr_5_6|s100005->200005d|$c0$l706382442^i0 size=8388608 queue_latency_us=0 attempt=0
I0909 09:21:15.867902    1705 grpc_transport.cc:1414] [MEGASCALE_TRANSPORT_INSTR] Recv: key=psum.7_0_sr_53_54|s200003->100003d|$c0$l706382442^i0 size=0 is_single_chunk=true is_aligned=true memcpy_needed=false
I0909 09:21:15.869915    1705 grpc_transport.cc:1743] [MEGASCALE_TRANSPORT_INSTR] SendRpc: key=psum.7_0_1_ag_0_sr_11_12|s100007->200007d|$c0$l706382442^i0 size=8388608 queue_latency_us=0 attempt=0
I0909 09:21:15.887067    2211 grpc_transport.cc:1414] [MEGASCALE_TRANSPORT_INSTR] Recv: key=psum.7_0_1_ag_0_sr_77_78|s200002->100002d|$c0$l706382442^i0 size=0 is_single_chunk=true is_aligned=true memcpy_needed=false
I0909 09:21:15.892264    1360 grpc_transport.cc:1743] [MEGASCALE_TRANSPORT_INSTR] SendRpc: key=psum.7_0_1_ag_0_sr_11_12|s100003->200003d|$c0$l706382442^i0 size=8388608 queue_latency_us=0 attempt=0
I0909 09:21:15.902349    1391 grpc_transport.cc:1743] [MEGASCALE_TRANSPORT_INSTR] SendRpc: key=psum.7_0_1_ag_0_sr_18_19|s100006->200006d|$c0$l706382442^i0 size=8388608 queue_latency_us=0 attempt=0
I0909 09:21:15.907637    2202 grpc_transport.cc:1414] [MEGASCALE_TRANSPORT_INSTR] Recv: key=psum.7_0_1_ag_0_sr_67_68|s200006->100006d|$c0$l706382442^i0 size=0 is_single_chunk=true is_aligned=true memcpy_needed=false
I0909 09:21:15.924112    2205 grpc_transport.cc:1414] [MEGASCALE_TRANSPORT_INSTR] Recv: key=psum.7_0_1_ag_0_sr_72_73|s200003->100003d|$c0$l706382442^i0 size=0 is_single_chunk=true is_aligned=true memcpy_needed=false
I0909 09:21:15.940610     803 grpc_transport.cc:1414] [MEGASCALE_TRANSPORT_INSTR] Recv: key=psum.7_0_1_ag_0_sr_94_95|s200003->100003d|$c0$l706382442^i0 size=0 is_single_chunk=true is_aligned=true memcpy_needed=false
I0909 09:21:15.989483    1948 grpc_transport.cc:1743] [MEGASCALE_TRANSPORT_INSTR] SendRpc: key=psum.7_0_sr_64_65|s100001->200001d|$c0$l706382443^i0 size=8388608 queue_latency_us=0 attempt=0
I0909 09:21:15.992399    2219 grpc_transport.cc:1743] [MEGASCALE_TRANSPORT_INSTR] SendRpc: key=psum.7_0_sr_67_68|s100003->200003d|$c0$l706382443^i0 size=8388608 queue_latency_us=0 attempt=0
I0909 09:21:15.994518    2398 grpc_transport.cc:1743] [MEGASCALE_TRANSPORT_INSTR] SendRpc: key=psum.7_0_sr_89_90|s100002->200002d|$c0$l706382443^i0 size=8388608 queue_latency_us=0 attempt=0
I0909 09:21:15.998555    2393 grpc_transport.cc:1743] [MEGASCALE_TRANSPORT_INSTR] SendRpc: key=psum.7_0_sr_102_103|s100002->200002d|$c0$l706382443^i0 size=8388608 queue_latency_us=0 attempt=0
I0909 09:21:16.002579    1759 grpc_transport.cc:1743] [MEGASCALE_TRANSPORT_INSTR] SendRpc: key=psum.7_0_sr_119_120|s100007->200007d|$c0$l706382443^i0 size=8388608 queue_latency_us=0 attempt=0
I0909 09:21:16.016189    1701 grpc_transport.cc:1414] [MEGASCALE_TRANSPORT_INSTR] Recv: key=psum.7_0_sr_4_5|s200000->100000d|$c0$l706382443^i0 size=0 is_single_chunk=true is_aligned=true memcpy_needed=false
I0909 09:21:16.056140    1936 grpc_transport.cc:1414] [MEGASCALE_TRANSPORT_INSTR] Recv: key=psum.7_0_sr_36_37|s200000->100000d|$c0$l706382443^i0 size=0 is_single_chunk=true is_aligned=true memcpy_needed=false
I0909 09:21:16.079638     786 grpc_transport.cc:1414] [MEGASCALE_TRANSPORT_INSTR] Recv: key=psum.7_0_sr_28_29|s200001->100001d|$c0$l706382443^i0 size=0 is_single_chunk=true is_aligned=true memcpy_needed=false
I0909 09:21:16.097493    1701 grpc_transport.cc:1414] [MEGASCALE_TRANSPORT_INSTR] Recv: key=psum.7_0_sr_41_42|s200004->100004d|$c0$l706382443^i0 size=0 is_single_chunk=true is_aligned=true memcpy_needed=false
I0909 09:21:16.116677     786 grpc_transport.cc:1414] [MEGASCALE_TRANSPORT_INSTR] Recv: key=psum.7_0_sr_63_64|s200005->100005d|$c0$l706382443^i0 size=0 is_single_chunk=true is_aligned=true memcpy_needed=false
I0909 09:21:16.122338     787 grpc_transport.cc:1743] [MEGASCALE_TRANSPORT_INSTR] SendRpc: key=psum.7_0_1_ag_0_sr_42_43|s100000->200000d|$c0$l706382443^i0 size=8388608 queue_latency_us=0 attempt=0
I0909 09:21:16.136400     803 grpc_transport.cc:1414] [MEGASCALE_TRANSPORT_INSTR] Recv: key=psum.7_0_sr_46_47|s200007->100007d|$c0$l706382443^i0 size=0 is_single_chunk=true is_aligned=true memcpy_needed=false
I0909 09:21:16.136999    1858 grpc_transport.cc:1743] [MEGASCALE_TRANSPORT_INSTR] SendRpc: key=psum.7_0_1_ag_0_sr_4_5|s100004->200004d|$c0$l706382443^i0 size=8388608 queue_latency_us=0 attempt=0
I0909 09:21:16.145198    1949 grpc_transport.cc:1743] [MEGASCALE_TRANSPORT_INSTR] SendRpc: key=psum.7_0_1_ag_0_sr_37_38|s100001->200001d|$c0$l706382443^i0 size=8388608 queue_latency_us=0 attempt=0
I0909 09:21:16.161455    1943 grpc_transport.cc:1414] [MEGASCALE_TRANSPORT_INSTR] Recv: key=psum.7_0_1_ag_0_sr_85_86|s200001->100001d|$c0$l706382443^i0 size=0 is_single_chunk=true is_aligned=true memcpy_needed=false
I0909 09:21:16.166339    1360 grpc_transport.cc:1743] [MEGASCALE_TRANSPORT_INSTR] SendRpc: key=psum.7_0_1_ag_0_sr_23_24|s100007->200007d|$c0$l706382443^i0 size=8388608 queue_latency_us=0 attempt=0
I0909 09:21:16.177618    2210 grpc_transport.cc:1743] [MEGASCALE_TRANSPORT_INSTR] SendRpc: key=psum.7_0_1_ag_0_sr_59_60|s100003->200003d|$c0$l706382443^i0 size=8388608 queue_latency_us=0 attempt=0
I0909 09:21:16.180504    1943 grpc_transport.cc:1414] [MEGASCALE_TRANSPORT_INSTR] Recv: key=psum.7_0_1_ag_0_sr_81_82|s200005->100005d|$c0$l706382443^i0 size=0 is_single_chunk=true is_aligned=true memcpy_needed=false
I0909 09:21:16.198300    1364 grpc_transport.cc:1414] [MEGASCALE_TRANSPORT_INSTR] Recv: key=psum.7_0_1_ag_0_sr_74_75|s200002->100002d|$c0$l706382443^i0 size=0 is_single_chunk=true is_aligned=true memcpy_needed=false
I0909 09:21:16.215482    1364 grpc_transport.cc:1414] [MEGASCALE_TRANSPORT_INSTR] Recv: key=psum.7_0_1_ag_0_sr_95_96|s200002->100002d|$c0$l706382443^i0 size=0 is_single_chunk=true is_aligned=true memcpy_needed=false
I0909 09:21:16.240920     803 grpc_transport.cc:1414] [MEGASCALE_TRANSPORT_INSTR] Recv: key=psum.7_0_1_ag_0_sr_111_112|s200003->100003d|$c0$l706382443^i0 size=0 is_single_chunk=true is_aligned=true memcpy_needed=false
I0909 09:21:16.263907    1379 grpc_transport.cc:1743] [MEGASCALE_TRANSPORT_INSTR] SendRpc: key=psum.7_0_sr_83_84|s100006->200006d|$c0$l706382444^i0 size=8388608 queue_latency_us=0 attempt=0
I0909 09:21:16.266240    2214 grpc_transport.cc:1743] [MEGASCALE_TRANSPORT_INSTR] SendRpc: key=psum.7_0_sr_96_97|s100006->200006d|$c0$l706382444^i0 size=8388608 queue_latency_us=0 attempt=0
I0909 09:21:16.270112    1378 grpc_transport.cc:1743] [MEGASCALE_TRANSPORT_INSTR] SendRpc: key=psum.7_0_sr_77_78|s100000->200000d|$c0$l706382444^i0 size=8388608 queue_latency_us=0 attempt=0
I0909 09:21:16.273745    1705 grpc_transport.cc:1743] [MEGASCALE_TRANSPORT_INSTR] SendRpc: key=psum.7_0_sr_106_107|s100007->200007d|$c0$l706382444^i0 size=8388608 queue_latency_us=0 attempt=0
I0909 09:21:16.278156    1735 grpc_transport.cc:1743] [MEGASCALE_TRANSPORT_INSTR] SendRpc: key=psum.7_0_sr_123_124|s100007->200007d|$c0$l706382444^i0 size=8388608 queue_latency_us=0 attempt=0
I0909 09:21:16.307267    2171 grpc_transport.cc:1414] [MEGASCALE_TRANSPORT_INSTR] Recv: key=psum.7_0_sr_17_18|s200004->100004d|$c0$l706382444^i0 size=0 is_single_chunk=true is_aligned=true memcpy_needed=false
I0909 09:21:16.328023    1939 grpc_transport.cc:1414] [MEGASCALE_TRANSPORT_INSTR] Recv: key=psum.7_0_sr_25_26|s200000->100000d|$c0$l706382444^i0 size=0 is_single_chunk=true is_aligned=true memcpy_needed=false
I0909 09:21:16.347548    1859 grpc_transport.cc:1414] [MEGASCALE_TRANSPORT_INSTR] Recv: key=psum.7_0_sr_42_43|s200000->100000d|$c0$l706382444^i0 size=0 is_single_chunk=true is_aligned=true memcpy_needed=false
I0909 09:21:16.365966    1706 grpc_transport.cc:1414] [MEGASCALE_TRANSPORT_INSTR] Recv: key=psum.7_0_sr_56_57|s200000->100000d|$c0$l706382444^i0 size=0 is_single_chunk=true is_aligned=true memcpy_needed=false
I0909 09:21:16.381325    1939 grpc_transport.cc:1743] [MEGASCALE_TRANSPORT_INSTR] SendRpc: key=psum.7_0_1_ag_0_sr_18_19|s100000->200000d|$c0$l706382444^i0 size=8388608 queue_latency_us=0 attempt=0
I0909 09:21:16.386306    1864 grpc_transport.cc:1414] [MEGASCALE_TRANSPORT_INSTR] Recv: key=psum.7_0_1_ag_0_sr_66_67|s200005->100005d|$c0$l706382444^i0 size=0 is_single_chunk=true is_aligned=true memcpy_needed=false
I0909 09:21:16.395934    1948 grpc_transport.cc:1743] [MEGASCALE_TRANSPORT_INSTR] SendRpc: key=psum.7_0_1_ag_0_sr_47_48|s100005->200005d|$c0$l706382444^i0 size=8388608 queue_latency_us=0 attempt=0
I0909 09:21:16.408353    1706 grpc_transport.cc:1743] [MEGASCALE_TRANSPORT_INSTR] SendRpc: key=psum.7_0_1_ag_0_sr_8_9|s100004->200004d|$c0$l706382444^i0 size=8388608 queue_latency_us=0 attempt=0
I0909 09:21:16.412835    1359 grpc_transport.cc:1414] [MEGASCALE_TRANSPORT_INSTR] Recv: key=psum.7_0_1_ag_0_sr_122_123|s200005->100005d|$c0$l706382444^i0 size=0 is_single_chunk=true is_aligned=true memcpy_needed=false
I0909 09:21:16.414941    1735 grpc_transport.cc:1743] [MEGASCALE_TRANSPORT_INSTR] SendRpc: key=psum.7_0_1_ag_0_sr_49_50|s100003->200003d|$c0$l706382444^i0 size=8388608 queue_latency_us=0 attempt=0
I0909 09:21:16.432230    2200 grpc_transport.cc:1743] [MEGASCALE_TRANSPORT_INSTR] SendRpc: key=psum.7_0_1_ag_0_sr_9_10|s100007->200007d|$c0$l706382444^i0 size=8388608 queue_latency_us=0 attempt=0
I0909 09:21:16.437370    1711 grpc_transport.cc:1414] [MEGASCALE_TRANSPORT_INSTR] Recv: key=psum.7_0_1_ag_0_sr_97_98|s200006->100006d|$c0$l706382444^i0 size=0 is_single_chunk=true is_aligned=true memcpy_needed=false
I0909 09:21:16.453695    2392 grpc_transport.cc:1414] [MEGASCALE_TRANSPORT_INSTR] Recv: key=psum.7_0_1_ag_0_sr_79_80|s200002->100002d|$c0$l706382444^i0 size=0 is_single_chunk=true is_aligned=true memcpy_needed=false
I0909 09:21:16.470779    2200 grpc_transport.cc:1414] [MEGASCALE_TRANSPORT_INSTR] Recv: key=psum.7_0_1_ag_0_sr_79_80|s200007->100007d|$c0$l706382444^i0 size=0 is_single_chunk=true is_aligned=true memcpy_needed=false
I0909 09:21:16.495026    2205 grpc_transport.cc:1414] [MEGASCALE_TRANSPORT_INSTR] Recv: key=psum.7_0_1_ag_0_sr_85_86|s200003->100003d|$c0$l706382444^i0 size=0 is_single_chunk=true is_aligned=true memcpy_needed=false
I0909 09:21:16.533160    1371 grpc_transport.cc:1743] [MEGASCALE_TRANSPORT_INSTR] SendRpc: key=all-reduce_0_ag_0_sr_0_1|s100006->200006d|$c0$l-493875056^i0 size=512 queue_latency_us=0 attempt=0
I0909 09:21:16.544343    1729 grpc_transport.cc:1743] [MEGASCALE_TRANSPORT_INSTR] SendRpc: key=psum.7_0_sr_67_68|s100005->200005d|$c0$l706382445^i0 size=8388608 queue_latency_us=0 attempt=0
I0909 09:21:16.547399    1737 grpc_transport.cc:1743] [MEGASCALE_TRANSPORT_INSTR] SendRpc: key=psum.7_0_sr_80_81|s100006->200006d|$c0$l706382445^i0 size=8388608 queue_latency_us=0 attempt=0
I0909 09:21:16.550202    1762 grpc_transport.cc:1743] [MEGASCALE_TRANSPORT_INSTR] SendRpc: key=psum.7_0_sr_103_104|s100006->200006d|$c0$l706382445^i0 size=8388608 queue_latency_us=0 attempt=0
I0909 09:21:16.553872    1959 grpc_transport.cc:1743] [MEGASCALE_TRANSPORT_INSTR] SendRpc: key=psum.7_0_sr_100_101|s100001->200001d|$c0$l706382445^i0 size=8388608 queue_latency_us=0 attempt=0
I0909 09:21:16.559006    1873 grpc_transport.cc:1743] [MEGASCALE_TRANSPORT_INSTR] SendRpc: key=psum.7_0_sr_123_124|s100000->200000d|$c0$l706382445^i0 size=8388608 queue_latency_us=0 attempt=0
I0909 09:21:16.565581    2394 grpc_transport.cc:1414] [MEGASCALE_TRANSPORT_INSTR] Recv: key=psum.7_0_sr_10_11|s200007->100007d|$c0$l706382445^i0 size=0 is_single_chunk=true is_aligned=true memcpy_needed=false
I0909 09:21:16.588966    1858 grpc_transport.cc:1414] [MEGASCALE_TRANSPORT_INSTR] Recv: key=psum.7_0_sr_7_8|s200004->100004d|$c0$l706382445^i0 size=0 is_single_chunk=true is_aligned=true memcpy_needed=false
I0909 09:21:16.607999    2392 grpc_transport.cc:1414] [MEGASCALE_TRANSPORT_INSTR] Recv: key=psum.7_0_sr_32_33|s200002->100002d|$c0$l706382445^i0 size=0 is_single_chunk=true is_aligned=true memcpy_needed=false
I0909 09:21:16.625876    2202 grpc_transport.cc:1414] [MEGASCALE_TRANSPORT_INSTR] Recv: key=psum.7_0_sr_36_37|s200006->100006d|$c0$l706382445^i0 size=0 is_single_chunk=true is_aligned=true memcpy_needed=false
I0909 09:21:16.643612    1364 grpc_transport.cc:1414] [MEGASCALE_TRANSPORT_INSTR] Recv: key=psum.7_0_sr_57_58|s200002->100002d|$c0$l706382445^i0 size=0 is_single_chunk=true is_aligned=true memcpy_needed=false
I0909 09:21:16.660691    1361 grpc_transport.cc:1743] [MEGASCALE_TRANSPORT_INSTR] SendRpc: key=psum.7_0_1_ag_0_sr_36_37|s100005->200005d|$c0$l706382445^i0 size=8388608 queue_latency_us=0 attempt=0
I0909 09:21:16.669280    1699 grpc_transport.cc:1743] [MEGASCALE_TRANSPORT_INSTR] SendRpc: key=psum.7_0_1_ag_0_sr_53_54|s100001->200001d|$c0$l706382445^i0 size=8388608 queue_latency_us=0 attempt=0
I0909 09:21:16.675110    1702 grpc_transport.cc:1414] [MEGASCALE_TRANSPORT_INSTR] Recv: key=psum.7_0_1_ag_0_sr_101_102|s200004->100004d|$c0$l706382445^i0 size=0 is_single_chunk=true is_aligned=true memcpy_needed=false
I0909 09:21:16.681176    1864 grpc_transport.cc:1743] [MEGASCALE_TRANSPORT_INSTR] SendRpc: key=psum.7_0_1_ag_0_sr_42_43|s100004->200004d|$c0$l706382445^i0 size=8388608 queue_latency_us=0 attempt=0
I0909 09:21:16.687992    1401 grpc_transport.cc:1743] [MEGASCALE_TRANSPORT_INSTR] SendRpc: key=psum.7_0_1_ag_0_sr_7_8|s100006->200006d|$c0$l706382445^i0 size=8388608 queue_latency_us=0 attempt=0
I0909 09:21:16.694951    1728 grpc_transport.cc:1743] [MEGASCALE_TRANSPORT_INSTR] SendRpc: key=psum.7_0_1_ag_0_sr_41_42|s100006->200006d|$c0$l706382445^i0 size=8388608 queue_latency_us=1 attempt=0
I0909 09:21:16.700569    1706 grpc_transport.cc:1414] [MEGASCALE_TRANSPORT_INSTR] Recv: key=psum.7_0_1_ag_0_sr_97_98|s200005->100005d|$c0$l706382445^i0 size=0 is_single_chunk=true is_aligned=true memcpy_needed=false
I0909 09:21:16.726948    1705 grpc_transport.cc:1414] [MEGASCALE_TRANSPORT_INSTR] Recv: key=psum.7_0_1_ag_0_sr_110_111|s200006->100006d|$c0$l706382445^i0 size=0 is_single_chunk=true is_aligned=true memcpy_needed=false
I0909 09:21:16.747494    1706 grpc_transport.cc:1414] [MEGASCALE_TRANSPORT_INSTR] Recv: key=psum.7_0_1_ag_0_sr_79_80|s200001->100001d|$c0$l706382445^i0 size=0 is_single_chunk=true is_aligned=true memcpy_needed=false
I0909 09:21:16.768204    1375 grpc_transport.cc:1414] [MEGASCALE_TRANSPORT_INSTR] Recv: key=psum.7_0_1_ag_0_sr_115_116|s200003->100003d|$c0$l706382445^i0 size=0 is_single_chunk=true is_aligned=true memcpy_needed=false
I0909 09:21:16.809603    1874 grpc_transport.cc:1743] [MEGASCALE_TRANSPORT_INSTR] SendRpc: key=psum.7_0_sr_67_68|s100005->200005d|$c0$l706382446^i0 size=8388608 queue_latency_us=0 attempt=0
I0909 09:21:16.812299    1401 grpc_transport.cc:1743] [MEGASCALE_TRANSPORT_INSTR] SendRpc: key=psum.7_0_sr_81_82|s100003->200003d|$c0$l706382446^i0 size=8388608 queue_latency_us=0 attempt=0
I0909 09:21:16.815300    1860 grpc_transport.cc:1743] [MEGASCALE_TRANSPORT_INSTR] SendRpc: key=psum.7_0_sr_98_99|s100004->200004d|$c0$l706382446^i0 size=8388608 queue_latency_us=0 attempt=0
I0909 09:21:16.818956    1364 grpc_transport.cc:1743] [MEGASCALE_TRANSPORT_INSTR] SendRpc: key=psum.7_0_sr_115_116|s100006->200006d|$c0$l706382446^i0 size=8388608 queue_latency_us=0 attempt=0
I0909 09:21:16.823121    2206 grpc_transport.cc:1743] [MEGASCALE_TRANSPORT_INSTR] SendRpc: key=psum.7_0_sr_126_127|s100003->200003d|$c0$l706382446^i0 size=8388608 queue_latency_us=0 attempt=0
I0909 09:21:16.828108    2202 grpc_transport.cc:1414] [MEGASCALE_TRANSPORT_INSTR] Recv: key=psum.7_0_sr_9_10|s200006->100006d|$c0$l706382446^i0 size=0 is_single_chunk=true is_aligned=true memcpy_needed=false
I0909 09:21:16.861365    2202 grpc_transport.cc:1414] [MEGASCALE_TRANSPORT_INSTR] Recv: key=psum.7_0_sr_34_35|s200006->100006d|$c0$l706382446^i0 size=0 is_single_chunk=true is_aligned=true memcpy_needed=false
I0909 09:21:16.881710    1864 grpc_transport.cc:1414] [MEGASCALE_TRANSPORT_INSTR] Recv: key=psum.7_0_sr_34_35|s200000->100000d|$c0$l706382446^i0 size=0 is_single_chunk=true is_aligned=true memcpy_needed=false
I0909 09:21:16.901906    1939 grpc_transport.cc:1414] [MEGASCALE_TRANSPORT_INSTR] Recv: key=psum.7_0_sr_43_44|s200004->100004d|$c0$l706382446^i0 size=0 is_single_chunk=true is_aligned=true memcpy_needed=false
I0909 09:21:16.919612    1938 grpc_transport.cc:1414] [MEGASCALE_TRANSPORT_INSTR] Recv: key=psum.7_0_sr_60_61|s200000->100000d|$c0$l706382446^i0 size=0 is_single_chunk=true is_aligned=true memcpy_needed=false
I0909 09:21:16.929159    1939 grpc_transport.cc:1743] [MEGASCALE_TRANSPORT_INSTR] SendRpc: key=psum.7_0_1_ag_0_sr_58_59|s100001->200001d|$c0$l706382446^i0 size=8388608 queue_latency_us=0 attempt=0
I0909 09:21:16.942960    1936 grpc_transport.cc:1743] [MEGASCALE_TRANSPORT_INSTR] SendRpc: key=psum.7_0_1_ag_0_sr_30_31|s100004->200004d|$c0$l706382446^i0 size=8388608 queue_latency_us=0 attempt=0
I0909 09:21:16.944172    2206 grpc_transport.cc:1414] [MEGASCALE_TRANSPORT_INSTR] Recv: key=psum.7_0_sr_51_52|s200007->100007d|$c0$l706382446^i0 size=0 is_single_chunk=true is_aligned=true memcpy_needed=false
I0909 09:21:16.951802    1364 grpc_transport.cc:1743] [MEGASCALE_TRANSPORT_INSTR] SendRpc: key=psum.7_0_1_ag_0_sr_63_64|s100006->200006d|$c0$l706382446^i0 size=8388608 queue_latency_us=0 attempt=0
I0909 09:21:16.965267    1719 grpc_transport.cc:1743] [MEGASCALE_TRANSPORT_INSTR] SendRpc: key=psum.7_0_1_ag_0_sr_41_42|s100003->200003d|$c0$l706382446^i0 size=8388608 queue_latency_us=0 attempt=0
I0909 09:21:16.967193    1701 grpc_transport.cc:1414] [MEGASCALE_TRANSPORT_INSTR] Recv: key=psum.7_0_1_ag_0_sr_107_108|s200000->100000d|$c0$l706382446^i0 size=0 is_single_chunk=true is_aligned=true memcpy_needed=false
I0909 09:21:16.988765    2392 grpc_transport.cc:1743] [MEGASCALE_TRANSPORT_INSTR] SendRpc: key=psum.7_0_1_ag_0_sr_10_11|s100007->200007d|$c0$l706382446^i0 size=8388608 queue_latency_us=0 attempt=0
I0909 09:21:16.989268    2202 grpc_transport.cc:1414] [MEGASCALE_TRANSPORT_INSTR] Recv: key=psum.7_0_1_ag_0_sr_102_103|s200006->100006d|$c0$l706382446^i0 size=0 is_single_chunk=true is_aligned=true memcpy_needed=false
I0909 09:21:17.006475    1719 grpc_transport.cc:1414] [MEGASCALE_TRANSPORT_INSTR] Recv: key=psum.7_0_1_ag_0_sr_80_81|s200002->100002d|$c0$l706382446^i0 size=0 is_single_chunk=true is_aligned=true memcpy_needed=false
I0909 09:21:17.026875    2392 grpc_transport.cc:1414] [MEGASCALE_TRANSPORT_INSTR] Recv: key=psum.7_0_1_ag_0_sr_78_79|s200003->100003d|$c0$l706382446^i0 size=0 is_single_chunk=true is_aligned=true memcpy_needed=false
I0909 09:21:17.062430    2393 grpc_transport.cc:1414] [MEGASCALE_TRANSPORT_INSTR] Recv: key=psum.7_0_1_ag_0_sr_127_128|s200007->100007d|$c0$l706382446^i0 size=0 is_single_chunk=true is_aligned=true memcpy_needed=false
I0909 09:21:17.075977     805 grpc_transport.cc:1743] [MEGASCALE_TRANSPORT_INSTR] SendRpc: key=psum.7_0_sr_74_75|s100007->200007d|$c0$l706382447^i0 size=8388608 queue_latency_us=0 attempt=0
I0909 09:21:17.078743    1354 grpc_transport.cc:1743] [MEGASCALE_TRANSPORT_INSTR] SendRpc: key=psum.7_0_sr_70_71|s100004->200004d|$c0$l706382447^i0 size=8388608 queue_latency_us=0 attempt=0
I0909 09:21:17.081267    1396 grpc_transport.cc:1743] [MEGASCALE_TRANSPORT_INSTR] SendRpc: key=psum.7_0_sr_90_91|s100001->200001d|$c0$l706382447^i0 size=8388608 queue_latency_us=0 attempt=0
I0909 09:21:17.084637    1863 grpc_transport.cc:1743] [MEGASCALE_TRANSPORT_INSTR] SendRpc: key=psum.7_0_sr_99_100|s100005->200005d|$c0$l706382447^i0 size=8388608 queue_latency_us=0 attempt=0
I0909 09:21:17.088365    1858 grpc_transport.cc:1743] [MEGASCALE_TRANSPORT_INSTR] SendRpc: key=psum.7_0_sr_126_127|s100000->200000d|$c0$l706382447^i0 size=8388608 queue_latency_us=0 attempt=0
I0909 09:21:17.118145    1699 grpc_transport.cc:1414] [MEGASCALE_TRANSPORT_INSTR] Recv: key=psum.7_0_sr_30_31|s200005->100005d|$c0$l706382447^i0 size=0 is_single_chunk=true is_aligned=true memcpy_needed=false
I0909 09:21:17.141919    2200 grpc_transport.cc:1414] [MEGASCALE_TRANSPORT_INSTR] Recv: key=psum.7_0_sr_26_27|s200007->100007d|$c0$l706382447^i0 size=0 is_single_chunk=true is_aligned=true memcpy_needed=false
I0909 09:21:17.160732    1940 grpc_transport.cc:1414] [MEGASCALE_TRANSPORT_INSTR] Recv: key=psum.7_0_sr_44_45|s200004->100004d|$c0$l706382447^i0 size=0 is_single_chunk=true is_aligned=true memcpy_needed=false
I0909 09:21:17.169991    1863 grpc_transport.cc:1743] [MEGASCALE_TRANSPORT_INSTR] SendRpc: key=psum.7_0_1_ag_0_sr_40_41|s100005->200005d|$c0$l706382447^i0 size=8388608 queue_latency_us=0 attempt=0
I0909 09:21:17.180849    1864 grpc_transport.cc:1414] [MEGASCALE_TRANSPORT_INSTR] Recv: key=psum.7_0_sr_37_38|s200000->100000d|$c0$l706382447^i0 size=0 is_single_chunk=true is_aligned=true memcpy_needed=false
I0909 09:21:17.188713    1710 grpc_transport.cc:1743] [MEGASCALE_TRANSPORT_INSTR] SendRpc: key=psum.7_0_1_ag_0_sr_9_10|s100004->200004d|$c0$l706382447^i0 size=8388608 queue_latency_us=0 attempt=0
I0909 09:21:17.200311     803 grpc_transport.cc:1414] [MEGASCALE_TRANSPORT_INSTR] Recv: key=psum.7_0_sr_55_56|s200003->100003d|$c0$l706382447^i0 size=0 is_single_chunk=true is_aligned=true memcpy_needed=false
I0909 09:21:17.206506    1711 grpc_transport.cc:1743] [MEGASCALE_TRANSPORT_INSTR] SendRpc: key=psum.7_0_1_ag_0_sr_44_45|s100007->200007d|$c0$l706382447^i0 size=8388608 queue_latency_us=0 attempt=0
I0909 09:21:17.217799    1702 grpc_transport.cc:1743] [MEGASCALE_TRANSPORT_INSTR] SendRpc: key=psum.7_0_1_ag_0_sr_49_50|s100000->200000d|$c0$l706382447^i0 size=8388608 queue_latency_us=0 attempt=0
I0909 09:21:17.225395    1352 grpc_transport.cc:1414] [MEGASCALE_TRANSPORT_INSTR] Recv: key=psum.7_0_1_ag_0_sr_86_87|s200004->100004d|$c0$l706382447^i0 size=0 is_single_chunk=true is_aligned=true memcpy_needed=false
I0909 09:21:17.232762    1705 grpc_transport.cc:1743] [MEGASCALE_TRANSPORT_INSTR] SendRpc: key=psum.7_0_1_ag_0_sr_0_1|s100003->200003d|$c0$l706382447^i0 size=8388608 queue_latency_us=0 attempt=0
I0909 09:21:17.250084    1858 grpc_transport.cc:1414] [MEGASCALE_TRANSPORT_INSTR] Recv: key=psum.7_0_1_ag_0_sr_68_69|s200005->100005d|$c0$l706382447^i0 size=0 is_single_chunk=true is_aligned=true memcpy_needed=false
I0909 09:21:17.269586    1364 grpc_transport.cc:1414] [MEGASCALE_TRANSPORT_INSTR] Recv: key=psum.7_0_1_ag_0_sr_85_86|s200007->100007d|$c0$l706382447^i0 size=0 is_single_chunk=true is_aligned=true memcpy_needed=false
I0909 09:21:17.287508    2393 grpc_transport.cc:1414] [MEGASCALE_TRANSPORT_INSTR] Recv: key=psum.7_0_1_ag_0_sr_118_119|s200007->100007d|$c0$l706382447^i0 size=0 is_single_chunk=true is_aligned=true memcpy_needed=false
I0909 09:21:17.317717     803 grpc_transport.cc:1414] [MEGASCALE_TRANSPORT_INSTR] Recv: key=psum.7_0_1_ag_0_sr_100_101|s200003->100003d|$c0$l706382447^i0 size=0 is_single_chunk=true is_aligned=true memcpy_needed=false
I0909 09:21:17.336265    2392 grpc_transport.cc:1743] [MEGASCALE_TRANSPORT_INSTR] SendRpc: key=psum.7_0_sr_91_92|s100007->200007d|$c0$l706382448^i0 size=8388608 queue_latency_us=0 attempt=0
I0909 09:21:17.340080    2394 grpc_transport.cc:1743] [MEGASCALE_TRANSPORT_INSTR] SendRpc: key=psum.7_0_sr_120_121|s100007->200007d|$c0$l706382448^i0 size=8388608 queue_latency_us=0 attempt=0
I0909 09:21:17.344824    1863 grpc_transport.cc:1743] [MEGASCALE_TRANSPORT_INSTR] SendRpc: key=psum.7_0_sr_81_82|s100000->200000d|$c0$l706382448^i0 size=8388608 queue_latency_us=0 attempt=0
I0909 09:21:17.348890    1865 grpc_transport.cc:1743] [MEGASCALE_TRANSPORT_INSTR] SendRpc: key=psum.7_0_sr_91_92|s100005->200005d|$c0$l706382448^i0 size=8388608 queue_latency_us=0 attempt=0
I0909 09:21:17.353849    1705 grpc_transport.cc:1743] [MEGASCALE_TRANSPORT_INSTR] SendRpc: key=psum.7_0_sr_102_103|s100006->200006d|$c0$l706382448^i0 size=8388608 queue_latency_us=0 attempt=0
I0909 09:21:17.376536    2393 grpc_transport.cc:1414] [MEGASCALE_TRANSPORT_INSTR] Recv: key=psum.7_0_sr_8_9|s200003->100003d|$c0$l706382448^i0 size=0 is_single_chunk=true is_aligned=true memcpy_needed=false
I0909 09:21:17.398340    1936 grpc_transport.cc:1414] [MEGASCALE_TRANSPORT_INSTR] Recv: key=psum.7_0_sr_30_31|s200000->100000d|$c0$l706382448^i0 size=0 is_single_chunk=true is_aligned=true memcpy_needed=false
I0909 09:21:17.417491    1939 grpc_transport.cc:1414] [MEGASCALE_TRANSPORT_INSTR] Recv: key=psum.7_0_sr_35_36|s200005->100005d|$c0$l706382448^i0 size=0 is_single_chunk=true is_aligned=true memcpy_needed=false
I0909 09:21:17.434449    1364 grpc_transport.cc:1414] [MEGASCALE_TRANSPORT_INSTR] Recv: key=psum.7_0_sr_27_28|s200002->100002d|$c0$l706382448^i0 size=0 is_single_chunk=true is_aligned=true memcpy_needed=false
I0909 09:21:17.438213    1703 grpc_transport.cc:1743] [MEGASCALE_TRANSPORT_INSTR] SendRpc: key=psum.7_0_1_ag_0_sr_3_4|s100004->200004d|$c0$l706382448^i0 size=8388608 queue_latency_us=0 attempt=0
I0909 09:21:17.460966    1859 grpc_transport.cc:1414] [MEGASCALE_TRANSPORT_INSTR] Recv: key=psum.7_0_1_ag_0_sr_72_73|s200001->100001d|$c0$l706382448^i0 size=0 is_single_chunk=true is_aligned=true memcpy_needed=false
I0909 09:21:17.461215    1701 grpc_transport.cc:1743] [MEGASCALE_TRANSPORT_INSTR] SendRpc: key=psum.7_0_1_ag_0_sr_3_4|s100000->200000d|$c0$l706382448^i0 size=8388608 queue_latency_us=0 attempt=0
I0909 09:21:17.471493    2206 grpc_transport.cc:1743] [MEGASCALE_TRANSPORT_INSTR] SendRpc: key=psum.7_0_1_ag_0_sr_37_38|s100003->200003d|$c0$l706382448^i0 size=8388608 queue_latency_us=0 attempt=0
I0909 09:21:17.481577    1730 grpc_transport.cc:1414] [MEGASCALE_TRANSPORT_INSTR] Recv: key=psum.7_0_sr_62_63|s200006->100006d|$c0$l706382448^i0 size=0 is_single_chunk=true is_aligned=true memcpy_needed=false
I0909 09:21:17.484799    1699 grpc_transport.cc:1743] [MEGASCALE_TRANSPORT_INSTR] SendRpc: key=psum.7_0_1_ag_0_sr_55_56|s100001->200001d|$c0$l706382448^i0 size=8388608 queue_latency_us=1 attempt=0
I0909 09:21:17.501191    1717 grpc_transport.cc:1414] [MEGASCALE_TRANSPORT_INSTR] Recv: key=psum.7_0_1_ag_0_sr_67_68|s200000->100000d|$c0$l706382448^i0 size=0 is_single_chunk=true is_aligned=true memcpy_needed=false
I0909 09:21:17.504665    2200 grpc_transport.cc:1743] [MEGASCALE_TRANSPORT_INSTR] SendRpc: key=psum.7_0_1_ag_0_sr_16_17|s100006->200006d|$c0$l706382448^i0 size=8388608 queue_latency_us=0 attempt=0
I0909 09:21:17.521930    1711 grpc_transport.cc:1414] [MEGASCALE_TRANSPORT_INSTR] Recv: key=psum.7_0_1_ag_0_sr_87_88|s200003->100003d|$c0$l706382448^i0 size=0 is_single_chunk=true is_aligned=true memcpy_needed=false
I0909 09:21:17.538731    1358 grpc_transport.cc:1414] [MEGASCALE_TRANSPORT_INSTR] Recv: key=psum.7_0_1_ag_0_sr_91_92|s200005->100005d|$c0$l706382448^i0 size=0 is_single_chunk=true is_aligned=true memcpy_needed=false
I0909 09:21:17.558748    2392 grpc_transport.cc:1414] [MEGASCALE_TRANSPORT_INSTR] Recv: key=psum.7_0_1_ag_0_sr_69_70|s200006->100006d|$c0$l706382448^i0 size=0 is_single_chunk=true is_aligned=true memcpy_needed=false
I0909 09:21:17.589837    1358 grpc_transport.cc:1743] [MEGASCALE_TRANSPORT_INSTR] SendRpc: key=psum.7_0_sr_93_94|s100005->200005d|$c0$l706382449^i0 size=8388608 queue_latency_us=0 attempt=0
I0909 09:21:17.594680    1441 grpc_transport.cc:1743] [MEGASCALE_TRANSPORT_INSTR] SendRpc: key=psum.7_0_sr_79_80|s100007->200007d|$c0$l706382449^i0 size=8388608 queue_latency_us=1 attempt=0
I0909 09:21:17.596901    1358 grpc_transport.cc:1743] [MEGASCALE_TRANSPORT_INSTR] SendRpc: key=psum.7_0_sr_69_70|s100001->200001d|$c0$l706382449^i0 size=8388608 queue_latency_us=0 attempt=0
I0909 09:21:17.599320    2205 grpc_transport.cc:1743] [MEGASCALE_TRANSPORT_INSTR] SendRpc: key=psum.7_0_sr_95_96|s100006->200006d|$c0$l706382449^i0 size=8388608 queue_latency_us=0 attempt=0
I0909 09:21:17.603617    1939 grpc_transport.cc:1743] [MEGASCALE_TRANSPORT_INSTR] SendRpc: key=psum.7_0_sr_113_114|s100000->200000d|$c0$l706382449^i0 size=8388608 queue_latency_us=0 attempt=0
I0909 09:21:17.609538    1719 grpc_transport.cc:1743] [MEGASCALE_TRANSPORT_INSTR] SendRpc: key=psum.7_0_sr_121_122|s100006->200006d|$c0$l706382449^i0 size=8388608 queue_latency_us=0 attempt=0
I0909 09:21:17.650307    1859 grpc_transport.cc:1414] [MEGASCALE_TRANSPORT_INSTR] Recv: key=psum.7_0_sr_11_12|s200004->100004d|$c0$l706382449^i0 size=0 is_single_chunk=true is_aligned=true memcpy_needed=false
I0909 09:21:17.676398    1352 grpc_transport.cc:1414] [MEGASCALE_TRANSPORT_INSTR] Recv: key=psum.7_0_sr_30_31|s200005->100005d|$c0$l706382449^i0 size=0 is_single_chunk=true is_aligned=true memcpy_needed=false
I0909 09:21:17.697708    2207 grpc_transport.cc:1414] [MEGASCALE_TRANSPORT_INSTR] Recv: key=psum.7_0_sr_23_24|s200002->100002d|$c0$l706382449^i0 size=0 is_single_chunk=true is_aligned=true memcpy_needed=false
I0909 09:21:17.714567    1859 grpc_transport.cc:1414] [MEGASCALE_TRANSPORT_INSTR] Recv: key=psum.7_0_sr_53_54|s200005->100005d|$c0$l706382449^i0 size=0 is_single_chunk=true is_aligned=true memcpy_needed=false
I0909 09:21:17.736961    1702 grpc_transport.cc:1743] [MEGASCALE_TRANSPORT_INSTR] SendRpc: key=psum.7_0_1_ag_0_sr_27_28|s100005->200005d|$c0$l706382449^i0 size=8388608 queue_latency_us=0 attempt=0
I0909 09:21:17.739649    1705 grpc_transport.cc:1414] [MEGASCALE_TRANSPORT_INSTR] Recv: key=psum.7_0_sr_27_28|s200006->100006d|$c0$l706382449^i0 size=0 is_single_chunk=true is_aligned=true memcpy_needed=false
I0909 09:21:17.753107    1943 grpc_transport.cc:1743] [MEGASCALE_TRANSPORT_INSTR] SendRpc: key=psum.7_0_1_ag_0_sr_41_42|s100001->200001d|$c0$l706382449^i0 size=8388608 queue_latency_us=0 attempt=0
I0909 09:21:17.760899    1865 grpc_transport.cc:1743] [MEGASCALE_TRANSPORT_INSTR] SendRpc: key=psum.7_0_1_ag_0_sr_61_62|s100004->200004d|$c0$l706382449^i0 size=8388608 queue_latency_us=0 attempt=0
I0909 09:21:17.763160    1375 grpc_transport.cc:1414] [MEGASCALE_TRANSPORT_INSTR] Recv: key=psum.7_0_sr_45_46|s200006->100006d|$c0$l706382449^i0 size=0 is_single_chunk=true is_aligned=true memcpy_needed=false
I0909 09:21:17.780761    2210 grpc_transport.cc:1743] [MEGASCALE_TRANSPORT_INSTR] SendRpc: key=psum.7_0_1_ag_0_sr_13_14|s100003->200003d|$c0$l706382449^i0 size=8388608 queue_latency_us=0 attempt=0
I0909 09:21:17.781340    1360 grpc_transport.cc:1414] [MEGASCALE_TRANSPORT_INSTR] Recv: key=psum.7_0_1_ag_0_sr_91_92|s200003->100003d|$c0$l706382449^i0 size=0 is_single_chunk=true is_aligned=true memcpy_needed=false
I0909 09:21:17.800076    2172 grpc_transport.cc:1414] [MEGASCALE_TRANSPORT_INSTR] Recv: key=psum.7_0_1_ag_0_sr_100_101|s200000->100000d|$c0$l706382449^i0 size=0 is_single_chunk=true is_aligned=true memcpy_needed=false
I0909 09:21:17.800799    1719 grpc_transport.cc:1743] [MEGASCALE_TRANSPORT_INSTR] SendRpc: key=psum.7_0_1_ag_0_sr_42_43|s100006->200006d|$c0$l706382449^i0 size=8388608 queue_latency_us=0 attempt=0
I0909 09:21:17.816281    1699 grpc_transport.cc:1414] [MEGASCALE_TRANSPORT_INSTR] Recv: key=psum.7_0_1_ag_0_sr_88_89|s200004->100004d|$c0$l706382449^i0 size=0 is_single_chunk=true is_aligned=true memcpy_needed=false
I0909 09:21:17.833645    2393 grpc_transport.cc:1414] [MEGASCALE_TRANSPORT_INSTR] Recv: key=psum.7_0_1_ag_0_sr_88_89|s200006->100006d|$c0$l706382449^i0 size=0 is_single_chunk=true is_aligned=true memcpy_needed=false
I0909 09:21:17.874087    1364 grpc_transport.cc:1743] [MEGASCALE_TRANSPORT_INSTR] SendRpc: key=psum.7_0_sr_81_82|s100003->200003d|$c0$l706382450^i0 size=8388608 queue_latency_us=0 attempt=0
I0909 09:21:17.877692    1373 grpc_transport.cc:1743] [MEGASCALE_TRANSPORT_INSTR] SendRpc: key=psum.7_0_sr_66_67|s100001->200001d|$c0$l706382450^i0 size=8388608 queue_latency_us=0 attempt=0
I0909 09:21:17.881447    1877 grpc_transport.cc:1743] [MEGASCALE_TRANSPORT_INSTR] SendRpc: key=psum.7_0_sr_93_94|s100004->200004d|$c0$l706382450^i0 size=8388608 queue_latency_us=0 attempt=0
I0909 09:21:17.885835    2214 grpc_transport.cc:1743] [MEGASCALE_TRANSPORT_INSTR] SendRpc: key=psum.7_0_sr_122_123|s100003->200003d|$c0$l706382450^i0 size=8388608 queue_latency_us=0 attempt=0
I0909 09:21:17.890987    1717 grpc_transport.cc:1743] [MEGASCALE_TRANSPORT_INSTR] SendRpc: key=psum.7_0_sr_112_113|s100000->200000d|$c0$l706382450^i0 size=8388608 queue_latency_us=0 attempt=0
I0909 09:21:17.922297    1711 grpc_transport.cc:1414] [MEGASCALE_TRANSPORT_INSTR] Recv: key=psum.7_0_sr_21_22|s200002->100002d|$c0$l706382450^i0 size=0 is_single_chunk=true is_aligned=true memcpy_needed=false
I0909 09:21:17.955165    1701 grpc_transport.cc:1414] [MEGASCALE_TRANSPORT_INSTR] Recv: key=psum.7_0_sr_20_21|s200000->100000d|$c0$l706382450^i0 size=0 is_single_chunk=true is_aligned=true memcpy_needed=false
I0909 09:21:17.976104    1701 grpc_transport.cc:1414] [MEGASCALE_TRANSPORT_INSTR] Recv: key=psum.7_0_sr_33_34|s200000->100000d|$c0$l706382450^i0 size=0 is_single_chunk=true is_aligned=true memcpy_needed=false
I0909 09:21:17.992177    1865 grpc_transport.cc:1414] [MEGASCALE_TRANSPORT_INSTR] Recv: key=psum.7_0_sr_37_38|s200001->100001d|$c0$l706382450^i0 size=0 is_single_chunk=true is_aligned=true memcpy_needed=false
I0909 09:21:18.012701     803 grpc_transport.cc:1414] [MEGASCALE_TRANSPORT_INSTR] Recv: key=psum.7_0_sr_34_35|s200006->100006d|$c0$l706382450^i0 size=0 is_single_chunk=true is_aligned=true memcpy_needed=false
I0909 09:21:18.017313    1371 grpc_transport.cc:1743] [MEGASCALE_TRANSPORT_INSTR] SendRpc: key=psum.7_0_1_ag_0_sr_58_59|s100002->200002d|$c0$l706382450^i0 size=8388608 queue_latency_us=0 attempt=0
I0909 09:21:18.031780    2170 grpc_transport.cc:1743] [MEGASCALE_TRANSPORT_INSTR] SendRpc: key=psum.7_0_1_ag_0_sr_36_37|s100000->200000d|$c0$l706382450^i0 size=8388608 queue_latency_us=0 attempt=0
I0909 09:21:18.041953    1939 grpc_transport.cc:1414] [MEGASCALE_TRANSPORT_INSTR] Recv: key=psum.7_0_1_ag_0_sr_105_106|s200005->100005d|$c0$l706382450^i0 size=0 is_single_chunk=true is_aligned=true memcpy_needed=false
I0909 09:21:18.044337    1703 grpc_transport.cc:1743] [MEGASCALE_TRANSPORT_INSTR] SendRpc: key=psum.7_0_1_ag_0_sr_10_11|s100005->200005d|$c0$l706382450^i0 size=8388608 queue_latency_us=0 attempt=0
I0909 09:21:18.061321    1865 grpc_transport.cc:1414] [MEGASCALE_TRANSPORT_INSTR] Recv: key=psum.7_0_1_ag_0_sr_89_90|s200000->100000d|$c0$l706382450^i0 size=0 is_single_chunk=true is_aligned=true memcpy_needed=false
I0909 09:21:18.064260    2392 grpc_transport.cc:1743] [MEGASCALE_TRANSPORT_INSTR] SendRpc: key=psum.7_0_1_ag_0_sr_46_47|s100007->200007d|$c0$l706382450^i0 size=8388608 queue_latency_us=0 attempt=0
I0909 09:21:18.074905    2393 grpc_transport.cc:1743] [MEGASCALE_TRANSPORT_INSTR] SendRpc: key=psum.7_0_1_ag_0_sr_29_30|s100006->200006d|$c0$l706382450^i0 size=8388608 queue_latency_us=0 attempt=0
I0909 09:21:18.079190    1936 grpc_transport.cc:1414] [MEGASCALE_TRANSPORT_INSTR] Recv: key=psum.7_0_1_ag_0_sr_86_87|s200001->100001d|$c0$l706382450^i0 size=0 is_single_chunk=true is_aligned=true memcpy_needed=false
I0909 09:21:18.095615    1702 grpc_transport.cc:1414] [MEGASCALE_TRANSPORT_INSTR] Recv: key=psum.7_0_1_ag_0_sr_89_90|s200004->100004d|$c0$l706382450^i0 size=0 is_single_chunk=true is_aligned=true memcpy_needed=false
I0909 09:21:18.113109    1701 grpc_transport.cc:1414] [MEGASCALE_TRANSPORT_INSTR] Recv: key=psum.7_0_1_ag_0_sr_116_117|s200004->100004d|$c0$l706382450^i0 size=0 is_single_chunk=true is_aligned=true memcpy_needed=false
I0909 09:21:18.143235    2200 grpc_transport.cc:1414] [MEGASCALE_TRANSPORT_INSTR] Recv: key=psum.7_0_1_ag_0_sr_122_123|s200006->100006d|$c0$l706382450^i0 size=0 is_single_chunk=true is_aligned=true memcpy_needed=false
I0909 09:21:18.158037    2221 grpc_transport.cc:1743] [MEGASCALE_TRANSPORT_INSTR] SendRpc: key=psum.7_0_sr_67_68|s100003->200003d|$c0$l706382451^i0 size=8388608 queue_latency_us=0 attempt=0
I0909 09:21:18.161211    1724 grpc_transport.cc:1743] [MEGASCALE_TRANSPORT_INSTR] SendRpc: key=psum.7_0_sr_85_86|s100005->200005d|$c0$l706382451^i0 size=8388608 queue_latency_us=0 attempt=0
I0909 09:21:18.163721    1959 grpc_transport.cc:1743] [MEGASCALE_TRANSPORT_INSTR] SendRpc: key=psum.7_0_sr_90_91|s100004->200004d|$c0$l706382451^i0 size=8388608 queue_latency_us=0 attempt=0
I0909 09:21:18.167554    1759 grpc_transport.cc:1743] [MEGASCALE_TRANSPORT_INSTR] SendRpc: key=psum.7_0_sr_102_103|s100006->200006d|$c0$l706382451^i0 size=8388608 queue_latency_us=0 attempt=0
I0909 09:21:18.172280     806 grpc_transport.cc:1743] [MEGASCALE_TRANSPORT_INSTR] SendRpc: key=psum.7_0_sr_112_113|s100003->200003d|$c0$l706382451^i0 size=8388608 queue_latency_us=0 attempt=0
I0909 09:21:18.231298    1364 grpc_transport.cc:1414] [MEGASCALE_TRANSPORT_INSTR] Recv: key=psum.7_0_sr_50_51|s200006->100006d|$c0$l706382451^i0 size=0 is_single_chunk=true is_aligned=true memcpy_needed=false
I0909 09:21:18.254387    1358 grpc_transport.cc:1414] [MEGASCALE_TRANSPORT_INSTR] Recv: key=psum.7_0_sr_30_31|s200001->100001d|$c0$l706382451^i0 size=0 is_single_chunk=true is_aligned=true memcpy_needed=false
I0909 09:21:18.274472    1864 grpc_transport.cc:1414] [MEGASCALE_TRANSPORT_INSTR] Recv: key=psum.7_0_sr_28_29|s200004->100004d|$c0$l706382451^i0 size=0 is_single_chunk=true is_aligned=true memcpy_needed=false
I0909 09:21:18.289327    1711 grpc_transport.cc:1743] [MEGASCALE_TRANSPORT_INSTR] SendRpc: key=psum.7_0_1_ag_0_sr_6_7|s100006->200006d|$c0$l706382451^i0 size=8388608 queue_latency_us=0 attempt=0
I0909 09:21:18.298048    1352 grpc_transport.cc:1414] [MEGASCALE_TRANSPORT_INSTR] Recv: key=psum.7_0_sr_53_54|s200005->100005d|$c0$l706382451^i0 size=0 is_single_chunk=true is_aligned=true memcpy_needed=false
I0909 09:21:18.308096    1715 grpc_transport.cc:1743] [MEGASCALE_TRANSPORT_INSTR] SendRpc: key=psum.7_0_1_ag_0_sr_17_18|s100001->200001d|$c0$l706382451^i0 size=8388608 queue_latency_us=1 attempt=0
I0909 09:21:18.320101    1699 grpc_transport.cc:1743] [MEGASCALE_TRANSPORT_INSTR] SendRpc: key=psum.7_0_1_ag_0_sr_55_56|s100005->200005d|$c0$l706382451^i0 size=8388608 queue_latency_us=0 attempt=0
I0909 09:21:18.322743    1371 grpc_transport.cc:1414] [MEGASCALE_TRANSPORT_INSTR] Recv: key=psum.7_0_sr_40_41|s200007->100007d|$c0$l706382451^i0 size=0 is_single_chunk=true is_aligned=true memcpy_needed=false
I0909 09:21:18.342579    1352 grpc_transport.cc:1414] [MEGASCALE_TRANSPORT_INSTR] Recv: key=psum.7_0_1_ag_0_sr_90_91|s200001->100001d|$c0$l706382451^i0 size=0 is_single_chunk=true is_aligned=true memcpy_needed=false
I0909 09:21:18.344907    1360 grpc_transport.cc:1743] [MEGASCALE_TRANSPORT_INSTR] SendRpc: key=psum.7_0_1_ag_0_sr_25_26|s100003->200003d|$c0$l706382451^i0 size=8388608 queue_latency_us=0 attempt=0
I0909 09:21:18.361983    2218 grpc_transport.cc:1743] [MEGASCALE_TRANSPORT_INSTR] SendRpc: key=psum.7_0_1_ag_0_sr_60_61|s100007->200007d|$c0$l706382451^i0 size=8388608 queue_latency_us=0 attempt=0
I0909 09:21:18.363144    1865 grpc_transport.cc:1414] [MEGASCALE_TRANSPORT_INSTR] Recv: key=psum.7_0_1_ag_0_sr_78_79|s200000->100000d|$c0$l706382451^i0 size=0 is_single_chunk=true is_aligned=true memcpy_needed=false
I0909 09:21:18.380608    2393 grpc_transport.cc:1414] [MEGASCALE_TRANSPORT_INSTR] Recv: key=psum.7_0_1_ag_0_sr_88_89|s200006->100006d|$c0$l706382451^i0 size=0 is_single_chunk=true is_aligned=true memcpy_needed=false
I0909 09:21:18.395785    1352 grpc_transport.cc:1414] [MEGASCALE_TRANSPORT_INSTR] Recv: key=psum.7_0_1_ag_0_sr_118_119|s200004->100004d|$c0$l706382451^i0 size=0 is_single_chunk=true is_aligned=true memcpy_needed=false
I0909 09:21:18.424666    2202 grpc_transport.cc:1414] [MEGASCALE_TRANSPORT_INSTR] Recv: key=psum.7_0_1_ag_0_sr_102_103|s200007->100007d|$c0$l706382451^i0 size=0 is_single_chunk=true is_aligned=true memcpy_needed=false
I0909 09:21:18.444261    2200 grpc_transport.cc:1743] [MEGASCALE_TRANSPORT_INSTR] SendRpc: key=psum.7_0_sr_66_67|s100007->200007d|$c0$l706382452^i0 size=8388608 queue_latency_us=0 attempt=0
I0909 09:21:18.448273    2200 grpc_transport.cc:1743] [MEGASCALE_TRANSPORT_INSTR] SendRpc: key=psum.7_0_sr_80_81|s100002->200002d|$c0$l706382452^i0 size=8388608 queue_latency_us=0 attempt=0
I0909 09:21:18.451830    1936 grpc_transport.cc:1743] [MEGASCALE_TRANSPORT_INSTR] SendRpc: key=psum.7_0_sr_71_72|s100001->200001d|$c0$l706382452^i0 size=8388608 queue_latency_us=0 attempt=0
I0909 09:21:18.455794    1865 grpc_transport.cc:1743] [MEGASCALE_TRANSPORT_INSTR] SendRpc: key=psum.7_0_sr_94_95|s100004->200004d|$c0$l706382452^i0 size=8388608 queue_latency_us=0 attempt=0
I0909 09:21:18.460229    1360 grpc_transport.cc:1743] [MEGASCALE_TRANSPORT_INSTR] SendRpc: key=psum.7_0_sr_124_125|s100006->200006d|$c0$l706382452^i0 size=8388608 queue_latency_us=0 attempt=0
I0909 09:21:18.488979    1701 grpc_transport.cc:1414] [MEGASCALE_TRANSPORT_INSTR] Recv: key=psum.7_0_sr_8_9|s200000->100000d|$c0$l706382452^i0 size=0 is_single_chunk=true is_aligned=true memcpy_needed=false
I0909 09:21:18.514967    1936 grpc_transport.cc:1414] [MEGASCALE_TRANSPORT_INSTR] Recv: key=psum.7_0_sr_21_22|s200005->100005d|$c0$l706382452^i0 size=0 is_single_chunk=true is_aligned=true memcpy_needed=false
I0909 09:21:18.535102    1936 grpc_transport.cc:1414] [MEGASCALE_TRANSPORT_INSTR] Recv: key=psum.7_0_sr_42_43|s200004->100004d|$c0$l706382452^i0 size=0 is_single_chunk=true is_aligned=true memcpy_needed=false
I0909 09:21:18.553278    1352 grpc_transport.cc:1414] [MEGASCALE_TRANSPORT_INSTR] Recv: key=psum.7_0_sr_50_51|s200001->100001d|$c0$l706382452^i0 size=0 is_single_chunk=true is_aligned=true memcpy_needed=false
I0909 09:21:18.567351    1699 grpc_transport.cc:1743] [MEGASCALE_TRANSPORT_INSTR] SendRpc: key=psum.7_0_1_ag_0_sr_8_9|s100000->200000d|$c0$l706382452^i0 size=8388608 queue_latency_us=0 attempt=0
I0909 09:21:18.574174     786 grpc_transport.cc:1743] [MEGASCALE_TRANSPORT_INSTR] SendRpc: key=psum.7_0_1_ag_0_sr_56_57|s100004->200004d|$c0$l706382452^i0 size=8388608 queue_latency_us=0 attempt=0
I0909 09:21:18.576392    1352 grpc_transport.cc:1414] [MEGASCALE_TRANSPORT_INSTR] Recv: key=psum.7_0_1_ag_0_sr_87_88|s200000->100000d|$c0$l706382452^i0 size=0 is_single_chunk=true is_aligned=true memcpy_needed=false
I0909 09:21:18.592522    2218 grpc_transport.cc:1743] [MEGASCALE_TRANSPORT_INSTR] SendRpc: key=psum.7_0_1_ag_0_sr_26_27|s100002->200002d|$c0$l706382452^i0 size=8388608 queue_latency_us=0 attempt=0
I0909 09:21:18.598735    1717 grpc_transport.cc:1414] [MEGASCALE_TRANSPORT_INSTR] Recv: key=psum.7_0_1_ag_0_sr_74_75|s200004->100004d|$c0$l706382452^i0 size=0 is_single_chunk=true is_aligned=true memcpy_needed=false
I0909 09:21:18.608950    2393 grpc_transport.cc:1743] [MEGASCALE_TRANSPORT_INSTR] SendRpc: key=psum.7_0_1_ag_0_sr_11_12|s100007->200007d|$c0$l706382452^i0 size=8388608 queue_latency_us=0 attempt=0
I0909 09:21:18.619733    1701 grpc_transport.cc:1414] [MEGASCALE_TRANSPORT_INSTR] Recv: key=psum.7_0_1_ag_0_sr_75_76|s200001->100001d|$c0$l706382452^i0 size=0 is_single_chunk=true is_aligned=true memcpy_needed=false
I0909 09:21:18.620150    1705 grpc_transport.cc:1743] [MEGASCALE_TRANSPORT_INSTR] SendRpc: key=psum.7_0_1_ag_0_sr_29_30|s100006->200006d|$c0$l706382452^i0 size=8388608 queue_latency_us=0 attempt=0
I0909 09:21:18.637032    1705 grpc_transport.cc:1414] [MEGASCALE_TRANSPORT_INSTR] Recv: key=psum.7_0_1_ag_0_sr_86_87|s200006->100006d|$c0$l706382452^i0 size=0 is_single_chunk=true is_aligned=true memcpy_needed=false
I0909 09:21:18.654148     786 grpc_transport.cc:1414] [MEGASCALE_TRANSPORT_INSTR] Recv: key=psum.7_0_1_ag_0_sr_100_101|s200005->100005d|$c0$l706382452^i0 size=0 is_single_chunk=true is_aligned=true memcpy_needed=false
I0909 09:21:18.676044    1705 grpc_transport.cc:1414] [MEGASCALE_TRANSPORT_INSTR] Recv: key=psum.7_0_1_ag_0_sr_99_100|s200003->100003d|$c0$l706382452^i0 size=0 is_single_chunk=true is_aligned=true memcpy_needed=false
I0909 09:21:18.705087    1717 grpc_transport.cc:1743] [MEGASCALE_TRANSPORT_INSTR] SendRpc: key=psum.7_0_sr_81_82|s100005->200005d|$c0$l706382453^i0 size=8388608 queue_latency_us=0 attempt=0
I0909 09:21:18.715432    2170 grpc_transport.cc:1743] [MEGASCALE_TRANSPORT_INSTR] SendRpc: key=psum.7_0_sr_67_68|s100004->200004d|$c0$l706382453^i0 size=8388608 queue_latency_us=0 attempt=0
I0909 09:21:18.720144    2170 grpc_transport.cc:1743] [MEGASCALE_TRANSPORT_INSTR] SendRpc: key=psum.7_0_sr_84_85|s100004->200004d|$c0$l706382453^i0 size=8388608 queue_latency_us=0 attempt=0
I0909 09:21:18.723974    1864 grpc_transport.cc:1743] [MEGASCALE_TRANSPORT_INSTR] SendRpc: key=psum.7_0_sr_82_83|s100001->200001d|$c0$l706382453^i0 size=8388608 queue_latency_us=0 attempt=0
I0909 09:21:18.728166    1735 grpc_transport.cc:1743] [MEGASCALE_TRANSPORT_INSTR] SendRpc: key=psum.7_0_sr_121_122|s100006->200006d|$c0$l706382453^i0 size=8388608 queue_latency_us=0 attempt=0
I0909 09:21:18.751455    1364 grpc_transport.cc:1414] [MEGASCALE_TRANSPORT_INSTR] Recv: key=psum.7_0_sr_1_2|s200007->100007d|$c0$l706382453^i0 size=0 is_single_chunk=true is_aligned=true memcpy_needed=false
I0909 09:21:18.774025    1939 grpc_transport.cc:1414] [MEGASCALE_TRANSPORT_INSTR] Recv: key=psum.7_0_sr_1_2|s200000->100000d|$c0$l706382453^i0 size=0 is_single_chunk=true is_aligned=true memcpy_needed=false
I0909 09:21:18.794834    1938 grpc_transport.cc:1414] [MEGASCALE_TRANSPORT_INSTR] Recv: key=psum.7_0_sr_42_43|s200001->100001d|$c0$l706382453^i0 size=0 is_single_chunk=true is_aligned=true memcpy_needed=false
I0909 09:21:18.814806    2392 grpc_transport.cc:1414] [MEGASCALE_TRANSPORT_INSTR] Recv: key=psum.7_0_sr_24_25|s200006->100006d|$c0$l706382453^i0 size=0 is_single_chunk=true is_aligned=true memcpy_needed=false
I0909 09:21:18.825424    2202 grpc_transport.cc:1743] [MEGASCALE_TRANSPORT_INSTR] SendRpc: key=psum.7_0_1_ag_0_sr_4_5|s100007->200007d|$c0$l706382453^i0 size=8388608 queue_latency_us=0 attempt=0
I0909 09:21:18.834326    1701 grpc_transport.cc:1414] [MEGASCALE_TRANSPORT_INSTR] Recv: key=psum.7_0_sr_57_58|s200005->100005d|$c0$l706382453^i0 size=0 is_single_chunk=true is_aligned=true memcpy_needed=false
I0909 09:21:18.834837    1710 grpc_transport.cc:1743] [MEGASCALE_TRANSPORT_INSTR] SendRpc: key=psum.7_0_1_ag_0_sr_39_40|s100001->200001d|$c0$l706382453^i0 size=8388608 queue_latency_us=0 attempt=0
I0909 09:21:18.846104    1947 grpc_transport.cc:1743] [MEGASCALE_TRANSPORT_INSTR] SendRpc: key=psum.7_0_1_ag_0_sr_54_55|s100004->200004d|$c0$l706382453^i0 size=8388608 queue_latency_us=0 attempt=0
I0909 09:21:18.858553    1715 grpc_transport.cc:1743] [MEGASCALE_TRANSPORT_INSTR] SendRpc: key=psum.7_0_1_ag_0_sr_45_46|s100000->200000d|$c0$l706382453^i0 size=8388608 queue_latency_us=0 attempt=0
I0909 09:21:18.860251    1363 grpc_transport.cc:1414] [MEGASCALE_TRANSPORT_INSTR] Recv: key=psum.7_0_1_ag_0_sr_104_105|s200005->100005d|$c0$l706382453^i0 size=0 is_single_chunk=true is_aligned=true memcpy_needed=false
I0909 09:21:18.880826    2202 grpc_transport.cc:1414] [MEGASCALE_TRANSPORT_INSTR] Recv: key=psum.7_0_1_ag_0_sr_75_76|s200003->100003d|$c0$l706382453^i0 size=0 is_single_chunk=true is_aligned=true memcpy_needed=false
I0909 09:21:18.884155    2205 grpc_transport.cc:1743] [MEGASCALE_TRANSPORT_INSTR] SendRpc: key=psum.7_0_1_ag_0_sr_20_21|s100006->200006d|$c0$l706382453^i0 size=8388608 queue_latency_us=0 attempt=0
I0909 09:21:18.893997     805 grpc_transport.cc:1743] [MEGASCALE_TRANSPORT_INSTR] SendRpc: key=psum.7_0_1_ag_0_sr_51_52|s100003->200003d|$c0$l706382453^i0 size=8388608 queue_latency_us=0 attempt=0
I0909 09:21:18.900685    2200 grpc_transport.cc:1414] [MEGASCALE_TRANSPORT_INSTR] Recv: key=psum.7_0_1_ag_0_sr_116_117|s200003->100003d|$c0$l706382453^i0 size=0 is_single_chunk=true is_aligned=true memcpy_needed=false
I0909 09:21:18.917510    2393 grpc_transport.cc:1414] [MEGASCALE_TRANSPORT_INSTR] Recv: key=psum.7_0_1_ag_0_sr_107_108|s200006->100006d|$c0$l706382453^i0 size=0 is_single_chunk=true is_aligned=true memcpy_needed=false
I0909 09:21:18.939851     803 grpc_transport.cc:1414] [MEGASCALE_TRANSPORT_INSTR] Recv: key=psum.7_0_1_ag_0_sr_118_119|s200002->100002d|$c0$l706382453^i0 size=0 is_single_chunk=true is_aligned=true memcpy_needed=false
I0909 09:21:18.979667    1734 grpc_transport.cc:1743] [MEGASCALE_TRANSPORT_INSTR] SendRpc: key=psum.7_0_sr_101_102|s100001->200001d|$c0$l706382454^i0 size=8388608 queue_latency_us=0 attempt=0
I0909 09:21:18.982308    1391 grpc_transport.cc:1743] [MEGASCALE_TRANSPORT_INSTR] SendRpc: key=psum.7_0_sr_76_77|s100002->200002d|$c0$l706382454^i0 size=8388608 queue_latency_us=0 attempt=0
I0909 09:21:18.985322    2243 grpc_transport.cc:1743] [MEGASCALE_TRANSPORT_INSTR] SendRpc: key=psum.7_0_sr_94_95|s100007->200007d|$c0$l706382454^i0 size=8388608 queue_latency_us=0 attempt=0
I0909 09:21:18.989673    1864 grpc_transport.cc:1743] [MEGASCALE_TRANSPORT_INSTR] SendRpc: key=psum.7_0_sr_108_109|s100000->200000d|$c0$l706382454^i0 size=8388608 queue_latency_us=0 attempt=0
I0909 09:21:18.993950    1761 grpc_transport.cc:1743] [MEGASCALE_TRANSPORT_INSTR] SendRpc: key=psum.7_0_sr_126_127|s100007->200007d|$c0$l706382454^i0 size=8388608 queue_latency_us=0 attempt=0
I0909 09:21:19.011988    1352 grpc_transport.cc:1414] [MEGASCALE_TRANSPORT_INSTR] Recv: key=psum.7_0_sr_8_9|s200001->100001d|$c0$l706382454^i0 size=0 is_single_chunk=true is_aligned=true memcpy_needed=false
I0909 09:21:19.040429    2392 grpc_transport.cc:1414] [MEGASCALE_TRANSPORT_INSTR] Recv: key=psum.7_0_sr_3_4|s200006->100006d|$c0$l706382454^i0 size=0 is_single_chunk=true is_aligned=true memcpy_needed=false
I0909 09:21:19.063182    1719 grpc_transport.cc:1414] [MEGASCALE_TRANSPORT_INSTR] Recv: key=psum.7_0_sr_40_41|s200002->100002d|$c0$l706382454^i0 size=0 is_single_chunk=true is_aligned=true memcpy_needed=false
I0909 09:21:19.082569    1701 grpc_transport.cc:1414] [MEGASCALE_TRANSPORT_INSTR] Recv: key=psum.7_0_sr_51_52|s200005->100005d|$c0$l706382454^i0 size=0 is_single_chunk=true is_aligned=true memcpy_needed=false
I0909 09:21:19.102723    1705 grpc_transport.cc:1414] [MEGASCALE_TRANSPORT_INSTR] Recv: key=psum.7_0_sr_43_44|s200006->100006d|$c0$l706382454^i0 size=0 is_single_chunk=true is_aligned=true memcpy_needed=false
I0909 09:21:19.107723    1710 grpc_transport.cc:1743] [MEGASCALE_TRANSPORT_INSTR] SendRpc: key=psum.7_0_1_ag_0_sr_15_16|s100005->200005d|$c0$l706382454^i0 size=8388608 queue_latency_us=0 attempt=0
I0909 09:21:19.121147    1354 grpc_transport.cc:1743] [MEGASCALE_TRANSPORT_INSTR] SendRpc: key=psum.7_0_1_ag_0_sr_52_53|s100000->200000d|$c0$l706382454^i0 size=8388608 queue_latency_us=0 attempt=0
I0909 09:21:19.126407     787 grpc_transport.cc:1414] [MEGASCALE_TRANSPORT_INSTR] Recv: key=psum.7_0_1_ag_0_sr_114_115|s200001->100001d|$c0$l706382454^i0 size=0 is_single_chunk=true is_aligned=true memcpy_needed=false
I0909 09:21:19.134287     786 grpc_transport.cc:1743] [MEGASCALE_TRANSPORT_INSTR] SendRpc: key=psum.7_0_1_ag_0_sr_22_23|s100004->200004d|$c0$l706382454^i0 size=8388608 queue_latency_us=0 attempt=0
I0909 09:21:19.146088    1360 grpc_transport.cc:1414] [MEGASCALE_TRANSPORT_INSTR] Recv: key=psum.7_0_sr_61_62|s200007->100007d|$c0$l706382454^i0 size=0 is_single_chunk=true is_aligned=true memcpy_needed=false
I0909 09:21:19.157133    1375 grpc_transport.cc:1743] [MEGASCALE_TRANSPORT_INSTR] SendRpc: key=psum.7_0_1_ag_0_sr_59_60|s100007->200007d|$c0$l706382454^i0 size=8388608 queue_latency_us=0 attempt=0
I0909 09:21:19.169223    2202 grpc_transport.cc:1414] [MEGASCALE_TRANSPORT_INSTR] Recv: key=psum.7_0_1_ag_0_sr_105_106|s200003->100003d|$c0$l706382454^i0 size=0 is_single_chunk=true is_aligned=true memcpy_needed=false
I0909 09:21:19.179744    1719 grpc_transport.cc:1743] [MEGASCALE_TRANSPORT_INSTR] SendRpc: key=psum.7_0_1_ag_0_sr_29_30|s100006->200006d|$c0$l706382454^i0 size=8388608 queue_latency_us=0 attempt=0
I0909 09:21:19.187557    1863 grpc_transport.cc:1414] [MEGASCALE_TRANSPORT_INSTR] Recv: key=psum.7_0_1_ag_0_sr_107_108|s200005->100005d|$c0$l706382454^i0 size=0 is_single_chunk=true is_aligned=true memcpy_needed=false
I0909 09:21:19.206311    2202 grpc_transport.cc:1414] [MEGASCALE_TRANSPORT_INSTR] Recv: key=psum.7_0_1_ag_0_sr_95_96|s200002->100002d|$c0$l706382454^i0 size=0 is_single_chunk=true is_aligned=true memcpy_needed=false
I0909 09:21:19.239936    2202 grpc_transport.cc:1414] [MEGASCALE_TRANSPORT_INSTR] Recv: key=psum.7_0_1_ag_0_sr_118_119|s200007->100007d|$c0$l706382454^i0 size=0 is_single_chunk=true is_aligned=true memcpy_needed=false
I0909 09:21:19.263943    1938 grpc_transport.cc:1743] [MEGASCALE_TRANSPORT_INSTR] SendRpc: key=psum.7_0_sr_68_69|s100005->200005d|$c0$l706382455^i0 size=8388608 queue_latency_us=0 attempt=0
I0909 09:21:19.267003    1761 grpc_transport.cc:1743] [MEGASCALE_TRANSPORT_INSTR] SendRpc: key=psum.7_0_sr_70_71|s100006->200006d|$c0$l706382455^i0 size=8388608 queue_latency_us=0 attempt=0
I0909 09:21:19.271238    2214 grpc_transport.cc:1743] [MEGASCALE_TRANSPORT_INSTR] SendRpc: key=psum.7_0_sr_84_85|s100007->200007d|$c0$l706382455^i0 size=8388608 queue_latency_us=0 attempt=0
I0909 09:21:19.275280    1699 grpc_transport.cc:1743] [MEGASCALE_TRANSPORT_INSTR] SendRpc: key=psum.7_0_sr_107_108|s100004->200004d|$c0$l706382455^i0 size=8388608 queue_latency_us=0 attempt=0
I0909 09:21:19.279110    1405 grpc_transport.cc:1743] [MEGASCALE_TRANSPORT_INSTR] SendRpc: key=psum.7_0_sr_122_123|s100003->200003d|$c0$l706382455^i0 size=8388608 queue_latency_us=0 attempt=0
I0909 09:21:19.300817    1358 grpc_transport.cc:1414] [MEGASCALE_TRANSPORT_INSTR] Recv: key=psum.7_0_sr_24_25|s200000->100000d|$c0$l706382455^i0 size=0 is_single_chunk=true is_aligned=true memcpy_needed=false
I0909 09:21:19.319638    1358 grpc_transport.cc:1414] [MEGASCALE_TRANSPORT_INSTR] Recv: key=psum.7_0_sr_14_15|s200000->100000d|$c0$l706382455^i0 size=0 is_single_chunk=true is_aligned=true memcpy_needed=false
I0909 09:21:19.337646    2393 grpc_transport.cc:1414] [MEGASCALE_TRANSPORT_INSTR] Recv: key=psum.7_0_sr_24_25|s200006->100006d|$c0$l706382455^i0 size=0 is_single_chunk=true is_aligned=true memcpy_needed=false
I0909 09:21:19.355449    2202 grpc_transport.cc:1414] [MEGASCALE_TRANSPORT_INSTR] Recv: key=psum.7_0_sr_43_44|s200002->100002d|$c0$l706382455^i0 size=0 is_single_chunk=true is_aligned=true memcpy_needed=false
I0909 09:21:19.374636    1705 grpc_transport.cc:1414] [MEGASCALE_TRANSPORT_INSTR] Recv: key=psum.7_0_sr_48_49|s200003->100003d|$c0$l706382455^i0 size=0 is_single_chunk=true is_aligned=true memcpy_needed=false
I0909 09:21:19.378861    1703 grpc_transport.cc:1743] [MEGASCALE_TRANSPORT_INSTR] SendRpc: key=psum.7_0_1_ag_0_sr_40_41|s100005->200005d|$c0$l706382455^i0 size=8388608 queue_latency_us=1 attempt=0
I0909 09:21:19.387905     788 grpc_transport.cc:1743] [MEGASCALE_TRANSPORT_INSTR] SendRpc: key=psum.7_0_1_ag_0_sr_35_36|s100001->200001d|$c0$l706382455^i0 size=8388608 queue_latency_us=0 attempt=0
I0909 09:21:19.394983     787 grpc_transport.cc:1743] [MEGASCALE_TRANSPORT_INSTR] SendRpc: key=psum.7_0_1_ag_0_sr_47_48|s100004->200004d|$c0$l706382455^i0 size=8388608 queue_latency_us=0 attempt=0
I0909 09:21:19.407269    2219 grpc_transport.cc:1743] [MEGASCALE_TRANSPORT_INSTR] SendRpc: key=psum.7_0_1_ag_0_sr_24_25|s100007->200007d|$c0$l706382455^i0 size=8388608 queue_latency_us=0 attempt=0
I0909 09:21:19.410216    1951 grpc_transport.cc:1414] [MEGASCALE_TRANSPORT_INSTR] Recv: key=psum.7_0_1_ag_0_sr_119_120|s200000->100000d|$c0$l706382455^i0 size=0 is_single_chunk=true is_aligned=true memcpy_needed=false
I0909 09:21:19.413315    1755 grpc_transport.cc:1743] [MEGASCALE_TRANSPORT_INSTR] SendRpc: key=psum.7_0_1_ag_0_sr_52_53|s100007->200007d|$c0$l706382455^i0 size=8388608 queue_latency_us=0 attempt=0
I0909 09:21:19.432243    1860 grpc_transport.cc:1414] [MEGASCALE_TRANSPORT_INSTR] Recv: key=psum.7_0_1_ag_0_sr_103_104|s200005->100005d|$c0$l706382455^i0 size=0 is_single_chunk=true is_aligned=true memcpy_needed=false
I0909 09:21:19.454200    1865 grpc_transport.cc:1414] [MEGASCALE_TRANSPORT_INSTR] Recv: key=psum.7_0_1_ag_0_sr_127_128|s200005->100005d|$c0$l706382455^i0 size=0 is_single_chunk=true is_aligned=true memcpy_needed=false
I0909 09:21:19.471556    1360 grpc_transport.cc:1414] [MEGASCALE_TRANSPORT_INSTR] Recv: key=psum.7_0_1_ag_0_sr_71_72|s200006->100006d|$c0$l706382455^i0 size=0 is_single_chunk=true is_aligned=true memcpy_needed=false
I0909 09:21:19.488950    1705 grpc_transport.cc:1414] [MEGASCALE_TRANSPORT_INSTR] Recv: key=psum.7_0_1_ag_0_sr_123_124|s200003->100003d|$c0$l706382455^i0 size=0 is_single_chunk=true is_aligned=true memcpy_needed=false
I0909 09:21:19.519001    1874 grpc_transport.cc:1743] [MEGASCALE_TRANSPORT_INSTR] SendRpc: key=psum.7_0_sr_76_77|s100005->200005d|$c0$l706382456^i0 size=8388608 queue_latency_us=0 attempt=0
I0909 09:21:19.522582    1741 grpc_transport.cc:1743] [MEGASCALE_TRANSPORT_INSTR] SendRpc: key=psum.7_0_sr_77_78|s100002->200002d|$c0$l706382456^i0 size=8388608 queue_latency_us=0 attempt=0
I0909 09:21:19.524939    1814 grpc_transport.cc:1743] [MEGASCALE_TRANSPORT_INSTR] SendRpc: key=psum.7_0_sr_92_93|s100003->200003d|$c0$l706382456^i0 size=8388608 queue_latency_us=1 attempt=0
I0909 09:21:19.527803    1741 grpc_transport.cc:1743] [MEGASCALE_TRANSPORT_INSTR] SendRpc: key=psum.7_0_sr_98_99|s100007->200007d|$c0$l706382456^i0 size=8388608 queue_latency_us=0 attempt=0
I0909 09:21:19.532083    1379 grpc_transport.cc:1743] [MEGASCALE_TRANSPORT_INSTR] SendRpc: key=psum.7_0_sr_108_109|s100002->200002d|$c0$l706382456^i0 size=8388608 queue_latency_us=0 attempt=0
I0909 09:21:19.556113    1364 grpc_transport.cc:1414] [MEGASCALE_TRANSPORT_INSTR] Recv: key=psum.7_0_sr_6_7|s200007->100007d|$c0$l706382456^i0 size=0 is_single_chunk=true is_aligned=true memcpy_needed=false
I0909 09:21:19.576442    2208 grpc_transport.cc:1414] [MEGASCALE_TRANSPORT_INSTR] Recv: key=psum.7_0_sr_19_20|s200006->100006d|$c0$l706382456^i0 size=0 is_single_chunk=true is_aligned=true memcpy_needed=false
I0909 09:21:19.597150    1719 grpc_transport.cc:1414] [MEGASCALE_TRANSPORT_INSTR] Recv: key=psum.7_0_sr_22_23|s200002->100002d|$c0$l706382456^i0 size=0 is_single_chunk=true is_aligned=true memcpy_needed=false
I0909 09:21:19.620344    2207 grpc_transport.cc:1414] [MEGASCALE_TRANSPORT_INSTR] Recv: key=psum.7_0_sr_50_51|s200003->100003d|$c0$l706382456^i0 size=0 is_single_chunk=true is_aligned=true memcpy_needed=false
I0909 09:21:19.636216    2392 grpc_transport.cc:1414] [MEGASCALE_TRANSPORT_INSTR] Recv: key=psum.7_0_sr_58_59|s200006->100006d|$c0$l706382456^i0 size=0 is_single_chunk=true is_aligned=true memcpy_needed=false
I0909 09:21:19.642148    1938 grpc_transport.cc:1743] [MEGASCALE_TRANSPORT_INSTR] SendRpc: key=psum.7_0_1_ag_0_sr_25_26|s100005->200005d|$c0$l706382456^i0 size=8388608 queue_latency_us=0 attempt=0
I0909 09:21:19.654363    1936 grpc_transport.cc:1743] [MEGASCALE_TRANSPORT_INSTR] SendRpc: key=psum.7_0_1_ag_0_sr_29_30|s100001->200001d|$c0$l706382456^i0 size=8388608 queue_latency_us=0 attempt=0
I0909 09:21:19.662200    1371 grpc_transport.cc:1414] [MEGASCALE_TRANSPORT_INSTR] Recv: key=psum.7_0_1_ag_0_sr_77_78|s200007->100007d|$c0$l706382456^i0 size=0 is_single_chunk=true is_aligned=true memcpy_needed=false
I0909 09:21:19.666001    1939 grpc_transport.cc:1743] [MEGASCALE_TRANSPORT_INSTR] SendRpc: key=psum.7_0_1_ag_0_sr_25_26|s100000->200000d|$c0$l706382456^i0 size=8388608 queue_latency_us=0 attempt=0
I0909 09:21:19.678001    1710 grpc_transport.cc:1743] [MEGASCALE_TRANSPORT_INSTR] SendRpc: key=psum.7_0_1_ag_0_sr_34_35|s100004->200004d|$c0$l706382456^i0 size=8388608 queue_latency_us=0 attempt=0
I0909 09:21:19.687872    2215 grpc_transport.cc:1743] [MEGASCALE_TRANSPORT_INSTR] SendRpc: key=psum.7_0_1_ag_0_sr_7_8|s100007->200007d|$c0$l706382456^i0 size=8388608 queue_latency_us=0 attempt=0
I0909 09:21:19.691693    1737 grpc_transport.cc:1414] [MEGASCALE_TRANSPORT_INSTR] Recv: key=psum.7_0_1_ag_0_sr_95_96|s200007->100007d|$c0$l706382456^i0 size=0 is_single_chunk=true is_aligned=true memcpy_needed=false
I0909 09:21:19.707639    1943 grpc_transport.cc:1414] [MEGASCALE_TRANSPORT_INSTR] Recv: key=psum.7_0_1_ag_0_sr_116_117|s200000->100000d|$c0$l706382456^i0 size=0 is_single_chunk=true is_aligned=true memcpy_needed=false
I0909 09:21:19.724597    1371 grpc_transport.cc:1414] [MEGASCALE_TRANSPORT_INSTR] Recv: key=psum.7_0_1_ag_0_sr_75_76|s200003->100003d|$c0$l706382456^i0 size=0 is_single_chunk=true is_aligned=true memcpy_needed=false
I0909 09:21:19.743983    2202 grpc_transport.cc:1414] [MEGASCALE_TRANSPORT_INSTR] Recv: key=psum.7_0_1_ag_0_sr_101_102|s200003->100003d|$c0$l706382456^i0 size=0 is_single_chunk=true is_aligned=true memcpy_needed=false
I0909 09:21:19.773971    2392 grpc_transport.cc:1743] [MEGASCALE_TRANSPORT_INSTR] SendRpc: key=psum.7_0_sr_74_75|s100002->200002d|$c0$l706382457^i0 size=8388608 queue_latency_us=0 attempt=0
I0909 09:21:19.777977    1703 grpc_transport.cc:1743] [MEGASCALE_TRANSPORT_INSTR] SendRpc: key=psum.7_0_sr_74_75|s100001->200001d|$c0$l706382457^i0 size=8388608 queue_latency_us=0 attempt=0
I0909 09:21:19.780043    1737 grpc_transport.cc:1743] [MEGASCALE_TRANSPORT_INSTR] SendRpc: key=psum.7_0_sr_94_95|s100002->200002d|$c0$l706382457^i0 size=8388608 queue_latency_us=0 attempt=0
I0909 09:21:19.783336    1865 grpc_transport.cc:1743] [MEGASCALE_TRANSPORT_INSTR] SendRpc: key=psum.7_0_sr_104_105|s100004->200004d|$c0$l706382457^i0 size=8388608 queue_latency_us=0 attempt=0
I0909 09:21:19.786959    1374 grpc_transport.cc:1743] [MEGASCALE_TRANSPORT_INSTR] SendRpc: key=psum.7_0_sr_115_116|s100005->200005d|$c0$l706382457^i0 size=8388608 queue_latency_us=0 attempt=0
I0909 09:21:19.792100    1741 grpc_transport.cc:1743] [MEGASCALE_TRANSPORT_INSTR] SendRpc: key=psum.7_0_sr_126_127|s100006->200006d|$c0$l706382457^i0 size=8388608 queue_latency_us=0 attempt=0
I0909 09:21:19.800541    1368 grpc_transport.cc:1414] [MEGASCALE_TRANSPORT_INSTR] Recv: key=psum.7_0_sr_20_21|s200004->100004d|$c0$l706382457^i0 size=0 is_single_chunk=true is_aligned=true memcpy_needed=false
I0909 09:21:19.825355    2170 grpc_transport.cc:1414] [MEGASCALE_TRANSPORT_INSTR] Recv: key=psum.7_0_sr_4_5|s200001->100001d|$c0$l706382457^i0 size=0 is_single_chunk=true is_aligned=true memcpy_needed=false
I0909 09:21:19.845240     803 grpc_transport.cc:1414] [MEGASCALE_TRANSPORT_INSTR] Recv: key=psum.7_0_sr_20_21|s200002->100002d|$c0$l706382457^i0 size=0 is_single_chunk=true is_aligned=true memcpy_needed=false
I0909 09:21:19.863433    1940 grpc_transport.cc:1414] [MEGASCALE_TRANSPORT_INSTR] Recv: key=psum.7_0_sr_48_49|s200004->100004d|$c0$l706382457^i0 size=0 is_single_chunk=true is_aligned=true memcpy_needed=false
I0909 09:21:19.880557    1360 grpc_transport.cc:1414] [MEGASCALE_TRANSPORT_INSTR] Recv: key=psum.7_0_sr_44_45|s200002->100002d|$c0$l706382457^i0 size=0 is_single_chunk=true is_aligned=true memcpy_needed=false
I0909 09:21:19.902558    1864 grpc_transport.cc:1743] [MEGASCALE_TRANSPORT_INSTR] SendRpc: key=psum.7_0_1_ag_0_sr_29_30|s100004->200004d|$c0$l706382457^i0 size=8388608 queue_latency_us=0 attempt=0
I0909 09:21:19.907759    1359 grpc_transport.cc:1414] [MEGASCALE_TRANSPORT_INSTR] Recv: key=psum.7_0_1_ag_0_sr_89_90|s200000->100000d|$c0$l706382457^i0 size=0 is_single_chunk=true is_aligned=true memcpy_needed=false
I0909 09:21:19.916570    1364 grpc_transport.cc:1743] [MEGASCALE_TRANSPORT_INSTR] SendRpc: key=psum.7_0_1_ag_0_sr_57_58|s100006->200006d|$c0$l706382457^i0 size=8388608 queue_latency_us=1 attempt=0
I0909 09:21:19.922797    1741 grpc_transport.cc:1743] [MEGASCALE_TRANSPORT_INSTR] SendRpc: key=psum.7_0_1_ag_0_sr_10_11|s100003->200003d|$c0$l706382457^i0 size=8388608 queue_latency_us=0 attempt=0
I0909 09:21:19.927924    1730 grpc_transport.cc:1743] [MEGASCALE_TRANSPORT_INSTR] SendRpc: key=psum.7_0_1_ag_0_sr_41_42|s100002->200002d|$c0$l706382457^i0 size=8388608 queue_latency_us=0 attempt=0
I0909 09:21:19.934158    1368 grpc_transport.cc:1743] [MEGASCALE_TRANSPORT_INSTR] SendRpc: key=psum.7_0_1_ag_0_sr_53_54|s100001->200001d|$c0$l706382457^i0 size=8388608 queue_latency_us=0 attempt=0
I0909 09:21:19.939853    1942 grpc_transport.cc:1414] [MEGASCALE_TRANSPORT_INSTR] Recv: key=psum.7_0_1_ag_0_sr_91_92|s200005->100005d|$c0$l706382457^i0 size=0 is_single_chunk=true is_aligned=true memcpy_needed=false
I0909 09:21:19.956692    2202 grpc_transport.cc:1414] [MEGASCALE_TRANSPORT_INSTR] Recv: key=psum.7_0_1_ag_0_sr_83_84|s200003->100003d|$c0$l706382457^i0 size=0 is_single_chunk=true is_aligned=true memcpy_needed=false
I0909 09:21:19.974910    1710 grpc_transport.cc:1414] [MEGASCALE_TRANSPORT_INSTR] Recv: key=psum.7_0_1_ag_0_sr_99_100|s200004->100004d|$c0$l706382457^i0 size=0 is_single_chunk=true is_aligned=true memcpy_needed=false
I0909 09:21:19.992834    1860 grpc_transport.cc:1414] [MEGASCALE_TRANSPORT_INSTR] Recv: key=psum.7_0_1_ag_0_sr_123_124|s200001->100001d|$c0$l706382457^i0 size=0 is_single_chunk=true is_aligned=true memcpy_needed=false
I0909 09:21:20.029223     803 grpc_transport.cc:1743] [MEGASCALE_TRANSPORT_INSTR] SendRpc: key=psum.7_0_sr_95_96|s100002->200002d|$c0$l706382458^i0 size=8388608 queue_latency_us=0 attempt=0
I0909 09:21:20.032144    1873 grpc_transport.cc:1743] [MEGASCALE_TRANSPORT_INSTR] SendRpc: key=psum.7_0_sr_64_65|s100000->200000d|$c0$l706382458^i0 size=8388608 queue_latency_us=0 attempt=0
I0909 09:21:20.034915    1387 grpc_transport.cc:1743] [MEGASCALE_TRANSPORT_INSTR] SendRpc: key=psum.7_0_sr_96_97|s100005->200005d|$c0$l706382458^i0 size=8388608 queue_latency_us=0 attempt=0
I0909 09:21:20.038707    1860 grpc_transport.cc:1743] [MEGASCALE_TRANSPORT_INSTR] SendRpc: key=psum.7_0_sr_106_107|s100005->200005d|$c0$l706382458^i0 size=8388608 queue_latency_us=0 attempt=0
I0909 09:21:20.043905    2392 grpc_transport.cc:1743] [MEGASCALE_TRANSPORT_INSTR] SendRpc: key=psum.7_0_sr_115_116|s100006->200006d|$c0$l706382458^i0 size=8388608 queue_latency_us=0 attempt=0
I0909 09:21:20.058874    2209 grpc_transport.cc:1414] [MEGASCALE_TRANSPORT_INSTR] Recv: key=psum.7_0_sr_22_23|s200003->100003d|$c0$l706382458^i0 size=0 is_single_chunk=true is_aligned=true memcpy_needed=false
I0909 09:21:20.087768    2392 grpc_transport.cc:1414] [MEGASCALE_TRANSPORT_INSTR] Recv: key=psum.7_0_sr_1_2|s200003->100003d|$c0$l706382458^i0 size=0 is_single_chunk=true is_aligned=true memcpy_needed=false
I0909 09:21:20.110448    1865 grpc_transport.cc:1414] [MEGASCALE_TRANSPORT_INSTR] Recv: key=psum.7_0_sr_29_30|s200001->100001d|$c0$l706382458^i0 size=0 is_single_chunk=true is_aligned=true memcpy_needed=false
I0909 09:21:20.128971    2207 grpc_transport.cc:1414] [MEGASCALE_TRANSPORT_INSTR] Recv: key=psum.7_0_sr_46_47|s200003->100003d|$c0$l706382458^i0 size=0 is_single_chunk=true is_aligned=true memcpy_needed=false
I0909 09:21:20.146214     786 grpc_transport.cc:1414] [MEGASCALE_TRANSPORT_INSTR] Recv: key=psum.7_0_sr_58_59|s200004->100004d|$c0$l706382458^i0 size=0 is_single_chunk=true is_aligned=true memcpy_needed=false
I0909 09:21:20.159328    1938 grpc_transport.cc:1743] [MEGASCALE_TRANSPORT_INSTR] SendRpc: key=psum.7_0_1_ag_0_sr_10_11|s100004->200004d|$c0$l706382458^i0 size=8388608 queue_latency_us=0 attempt=0
I0909 09:21:20.173764    1703 grpc_transport.cc:1414] [MEGASCALE_TRANSPORT_INSTR] Recv: key=psum.7_0_1_ag_0_sr_69_70|s200004->100004d|$c0$l706382458^i0 size=0 is_single_chunk=true is_aligned=true memcpy_needed=false
I0909 09:21:20.173983    1702 grpc_transport.cc:1743] [MEGASCALE_TRANSPORT_INSTR] SendRpc: key=psum.7_0_1_ag_0_sr_17_18|s100005->200005d|$c0$l706382458^i0 size=8388608 queue_latency_us=0 attempt=0
I0909 09:21:20.183681    2207 grpc_transport.cc:1743] [MEGASCALE_TRANSPORT_INSTR] SendRpc: key=psum.7_0_1_ag_0_sr_20_21|s100003->200003d|$c0$l706382458^i0 size=8388608 queue_latency_us=0 attempt=0
I0909 09:21:20.195496    1936 grpc_transport.cc:1414] [MEGASCALE_TRANSPORT_INSTR] Recv: key=psum.7_0_1_ag_0_sr_115_116|s200000->100000d|$c0$l706382458^i0 size=0 is_single_chunk=true is_aligned=true memcpy_needed=false
I0909 09:21:20.203113     803 grpc_transport.cc:1743] [MEGASCALE_TRANSPORT_INSTR] SendRpc: key=psum.7_0_1_ag_0_sr_47_48|s100006->200006d|$c0$l706382458^i0 size=8388608 queue_latency_us=1 attempt=0
I0909 09:21:20.216011    1947 grpc_transport.cc:1414] [MEGASCALE_TRANSPORT_INSTR] Recv: key=psum.7_0_1_ag_0_sr_81_82|s200001->100001d|$c0$l706382458^i0 size=0 is_single_chunk=true is_aligned=true memcpy_needed=false
I0909 09:21:20.217701     806 grpc_transport.cc:1743] [MEGASCALE_TRANSPORT_INSTR] SendRpc: key=psum.7_0_1_ag_0_sr_22_23|s100002->200002d|$c0$l706382458^i0 size=8388608 queue_latency_us=0 attempt=0
I0909 09:21:20.233792     786 grpc_transport.cc:1414] [MEGASCALE_TRANSPORT_INSTR] Recv: key=psum.7_0_1_ag_0_sr_83_84|s200005->100005d|$c0$l706382458^i0 size=0 is_single_chunk=true is_aligned=true memcpy_needed=false
I0909 09:21:20.250911    2208 grpc_transport.cc:1414] [MEGASCALE_TRANSPORT_INSTR] Recv: key=psum.7_0_1_ag_0_sr_91_92|s200003->100003d|$c0$l706382458^i0 size=0 is_single_chunk=true is_aligned=true memcpy_needed=false
I0909 09:21:20.278258     803 grpc_transport.cc:1414] [MEGASCALE_TRANSPORT_INSTR] Recv: key=psum.7_0_1_ag_0_sr_116_117|s200006->100006d|$c0$l706382458^i0 size=0 is_single_chunk=true is_aligned=true memcpy_needed=false
I0909 09:21:20.296046    1710 grpc_transport.cc:1743] [MEGASCALE_TRANSPORT_INSTR] SendRpc: key=psum.7_0_sr_74_75|s100001->200001d|$c0$l706382459^i0 size=8388608 queue_latency_us=0 attempt=0
I0909 09:21:20.298992    1403 grpc_transport.cc:1743] [MEGASCALE_TRANSPORT_INSTR] SendRpc: key=psum.7_0_sr_110_111|s100006->200006d|$c0$l706382459^i0 size=8388608 queue_latency_us=0 attempt=0
I0909 09:21:20.301493    1878 grpc_transport.cc:1743] [MEGASCALE_TRANSPORT_INSTR] SendRpc: key=psum.7_0_sr_89_90|s100005->200005d|$c0$l706382459^i0 size=8388608 queue_latency_us=0 attempt=0
I0909 09:21:20.305375    2245 grpc_transport.cc:1743] [MEGASCALE_TRANSPORT_INSTR] SendRpc: key=psum.7_0_sr_98_99|s100002->200002d|$c0$l706382459^i0 size=8388608 queue_latency_us=0 attempt=0
I0909 09:21:20.310022    1951 grpc_transport.cc:1743] [MEGASCALE_TRANSPORT_INSTR] SendRpc: key=psum.7_0_sr_124_125|s100005->200005d|$c0$l706382459^i0 size=8388608 queue_latency_us=0 attempt=0
I0909 09:21:20.361855     803 grpc_transport.cc:1414] [MEGASCALE_TRANSPORT_INSTR] Recv: key=psum.7_0_sr_25_26|s200006->100006d|$c0$l706382459^i0 size=0 is_single_chunk=true is_aligned=true memcpy_needed=false
I0909 09:21:20.383677     803 grpc_transport.cc:1414] [MEGASCALE_TRANSPORT_INSTR] Recv: key=psum.7_0_sr_48_49|s200006->100006d|$c0$l706382459^i0 size=0 is_single_chunk=true is_aligned=true memcpy_needed=false
I0909 09:21:20.405450    1939 grpc_transport.cc:1414] [MEGASCALE_TRANSPORT_INSTR] Recv: key=psum.7_0_sr_17_18|s200000->100000d|$c0$l706382459^i0 size=0 is_single_chunk=true is_aligned=true memcpy_needed=false
I0909 09:21:20.421921    1864 grpc_transport.cc:1743] [MEGASCALE_TRANSPORT_INSTR] SendRpc: key=psum.7_0_1_ag_0_sr_48_49|s100005->200005d|$c0$l706382459^i0 size=8388608 queue_latency_us=0 attempt=0
I0909 09:21:20.429012    2207 grpc_transport.cc:1414] [MEGASCALE_TRANSPORT_INSTR] Recv: key=psum.7_0_sr_38_39|s200007->100007d|$c0$l706382459^i0 size=0 is_single_chunk=true is_aligned=true memcpy_needed=false
I0909 09:21:20.436295    1703 grpc_transport.cc:1743] [MEGASCALE_TRANSPORT_INSTR] SendRpc: key=psum.7_0_1_ag_0_sr_25_26|s100001->200001d|$c0$l706382459^i0 size=8388608 queue_latency_us=1 attempt=0
I0909 09:21:20.442609    1864 grpc_transport.cc:1743] [MEGASCALE_TRANSPORT_INSTR] SendRpc: key=psum.7_0_1_ag_0_sr_58_59|s100004->200004d|$c0$l706382459^i0 size=8388608 queue_latency_us=0 attempt=0
I0909 09:21:20.456590    1860 grpc_transport.cc:1414] [MEGASCALE_TRANSPORT_INSTR] Recv: key=psum.7_0_1_ag_0_sr_80_81|s200005->100005d|$c0$l706382459^i0 size=0 is_single_chunk=true is_aligned=true memcpy_needed=false
I0909 09:21:20.475123    1730 grpc_transport.cc:1743] [MEGASCALE_TRANSPORT_INSTR] SendRpc: key=psum.7_0_1_ag_0_sr_30_31|s100003->200003d|$c0$l706382459^i0 size=8388608 queue_latency_us=0 attempt=0
I0909 09:21:20.480068    2392 grpc_transport.cc:1414] [MEGASCALE_TRANSPORT_INSTR] Recv: key=psum.7_0_sr_56_57|s200002->100002d|$c0$l706382459^i0 size=0 is_single_chunk=true is_aligned=true memcpy_needed=false
I0909 09:21:20.498679    2393 grpc_transport.cc:1414] [MEGASCALE_TRANSPORT_INSTR] Recv: key=psum.7_0_1_ag_0_sr_84_85|s200006->100006d|$c0$l706382459^i0 size=0 is_single_chunk=true is_aligned=true memcpy_needed=false
I0909 09:21:20.503901    1360 grpc_transport.cc:1743] [MEGASCALE_TRANSPORT_INSTR] SendRpc: key=psum.7_0_1_ag_0_sr_5_6|s100002->200002d|$c0$l706382459^i0 size=8388608 queue_latency_us=0 attempt=0
I0909 09:21:20.516516    2392 grpc_transport.cc:1414] [MEGASCALE_TRANSPORT_INSTR] Recv: key=psum.7_0_1_ag_0_sr_96_97|s200003->100003d|$c0$l706382459^i0 size=0 is_single_chunk=true is_aligned=true memcpy_needed=false
I0909 09:21:20.532579    1360 grpc_transport.cc:1414] [MEGASCALE_TRANSPORT_INSTR] Recv: key=psum.7_0_1_ag_0_sr_70_71|s200007->100007d|$c0$l706382459^i0 size=0 is_single_chunk=true is_aligned=true memcpy_needed=false
I0909 09:21:20.560928     803 grpc_transport.cc:1414] [MEGASCALE_TRANSPORT_INSTR] Recv: key=psum.7_0_1_ag_0_sr_97_98|s200002->100002d|$c0$l706382459^i0 size=0 is_single_chunk=true is_aligned=true memcpy_needed=false
I0909 09:21:20.582932    2221 grpc_transport.cc:1743] [MEGASCALE_TRANSPORT_INSTR] SendRpc: key=psum.7_0_sr_64_65|s100002->200002d|$c0$l706382460^i0 size=8388608 queue_latency_us=0 attempt=0
I0909 09:21:20.586216    2236 grpc_transport.cc:1743] [MEGASCALE_TRANSPORT_INSTR] SendRpc: key=psum.7_0_sr_76_77|s100003->200003d|$c0$l706382460^i0 size=8388608 queue_latency_us=0 attempt=0
I0909 09:21:20.589746     792 grpc_transport.cc:1743] [MEGASCALE_TRANSPORT_INSTR] SendRpc: key=psum.7_0_sr_94_95|s100005->200005d|$c0$l706382460^i0 size=8388608 queue_latency_us=0 attempt=0
I0909 09:21:20.593477    2208 grpc_transport.cc:1743] [MEGASCALE_TRANSPORT_INSTR] SendRpc: key=psum.7_0_sr_101_102|s100006->200006d|$c0$l706382460^i0 size=8388608 queue_latency_us=0 attempt=0
I0909 09:21:20.597173    1361 grpc_transport.cc:1743] [MEGASCALE_TRANSPORT_INSTR] SendRpc: key=psum.7_0_sr_123_124|s100001->200001d|$c0$l706382460^i0 size=8388608 queue_latency_us=0 attempt=0
I0909 09:21:20.609090     787 grpc_transport.cc:1414] [MEGASCALE_TRANSPORT_INSTR] Recv: key=psum.7_0_sr_11_12|s200000->100000d|$c0$l706382460^i0 size=0 is_single_chunk=true is_aligned=true memcpy_needed=false
I0909 09:21:20.630650     787 grpc_transport.cc:1414] [MEGASCALE_TRANSPORT_INSTR] Recv: key=psum.7_0_sr_26_27|s200001->100001d|$c0$l706382460^i0 size=0 is_single_chunk=true is_aligned=true memcpy_needed=false
I0909 09:21:20.647843    1703 grpc_transport.cc:1414] [MEGASCALE_TRANSPORT_INSTR] Recv: key=psum.7_0_sr_32_33|s200000->100000d|$c0$l706382460^i0 size=0 is_single_chunk=true is_aligned=true memcpy_needed=false
I0909 09:21:20.665743    1865 grpc_transport.cc:1414] [MEGASCALE_TRANSPORT_INSTR] Recv: key=psum.7_0_sr_52_53|s200005->100005d|$c0$l706382460^i0 size=0 is_single_chunk=true is_aligned=true memcpy_needed=false
I0909 09:21:20.671310    2398 grpc_transport.cc:1743] [MEGASCALE_TRANSPORT_INSTR] SendRpc: key=psum.7_0_1_ag_0_sr_33_34|s100002->200002d|$c0$l706382460^i0 size=8388608 queue_latency_us=0 attempt=0
I0909 09:21:20.683202    1939 grpc_transport.cc:1414] [MEGASCALE_TRANSPORT_INSTR] Recv: key=psum.7_0_sr_56_57|s200001->100001d|$c0$l706382460^i0 size=0 is_single_chunk=true is_aligned=true memcpy_needed=false
I0909 09:21:20.699371     787 grpc_transport.cc:1743] [MEGASCALE_TRANSPORT_INSTR] SendRpc: key=psum.7_0_1_ag_0_sr_6_7|s100005->200005d|$c0$l706382460^i0 size=8388608 queue_latency_us=0 attempt=0
I0909 09:21:20.710175     786 grpc_transport.cc:1743] [MEGASCALE_TRANSPORT_INSTR] SendRpc: key=psum.7_0_1_ag_0_sr_6_7|s100000->200000d|$c0$l706382460^i0 size=8388608 queue_latency_us=0 attempt=0
I0909 09:21:20.716153    1403 grpc_transport.cc:1743] [MEGASCALE_TRANSPORT_INSTR] SendRpc: key=psum.7_0_1_ag_0_sr_26_27|s100007->200007d|$c0$l706382460^i0 size=8388608 queue_latency_us=0 attempt=0
I0909 09:21:20.720854     803 grpc_transport.cc:1414] [MEGASCALE_TRANSPORT_INSTR] Recv: key=psum.7_0_1_ag_0_sr_117_118|s200002->100002d|$c0$l706382460^i0 size=0 is_single_chunk=true is_aligned=true memcpy_needed=false
I0909 09:21:20.722028    1741 grpc_transport.cc:1743] [MEGASCALE_TRANSPORT_INSTR] SendRpc: key=psum.7_0_1_ag_0_sr_37_38|s100007->200007d|$c0$l706382460^i0 size=8388608 queue_latency_us=0 attempt=0
I0909 09:21:20.760212    1352 grpc_transport.cc:1414] [MEGASCALE_TRANSPORT_INSTR] Recv: key=psum.7_0_1_ag_0_sr_110_111|s200001->100001d|$c0$l706382460^i0 size=0 is_single_chunk=true is_aligned=true memcpy_needed=false
I0909 09:21:20.783850    1371 grpc_transport.cc:1414] [MEGASCALE_TRANSPORT_INSTR] Recv: key=psum.7_0_1_ag_0_sr_106_107|s200003->100003d|$c0$l706382460^i0 size=0 is_single_chunk=true is_aligned=true memcpy_needed=false
I0909 09:21:20.802811    1703 grpc_transport.cc:1414] [MEGASCALE_TRANSPORT_INSTR] Recv: key=psum.7_0_1_ag_0_sr_109_110|s200004->100004d|$c0$l706382460^i0 size=0 is_single_chunk=true is_aligned=true memcpy_needed=false
I0909 09:21:20.821328    2392 grpc_transport.cc:1414] [MEGASCALE_TRANSPORT_INSTR] Recv: key=psum.7_0_1_ag_0_sr_101_102|s200007->100007d|$c0$l706382460^i0 size=0 is_single_chunk=true is_aligned=true memcpy_needed=false
I0909 09:21:20.841217    1865 grpc_transport.cc:1743] [MEGASCALE_TRANSPORT_INSTR] SendRpc: key=psum.7_0_sr_71_72|s100001->200001d|$c0$l706382461^i0 size=8388608 queue_latency_us=0 attempt=0
I0909 09:21:20.844454    2224 grpc_transport.cc:1743] [MEGASCALE_TRANSPORT_INSTR] SendRpc: key=psum.7_0_sr_88_89|s100007->200007d|$c0$l706382461^i0 size=8388608 queue_latency_us=0 attempt=0
I0909 09:21:20.846970    1395 grpc_transport.cc:1743] [MEGASCALE_TRANSPORT_INSTR] SendRpc: key=psum.7_0_sr_88_89|s100006->200006d|$c0$l706382461^i0 size=8388608 queue_latency_us=0 attempt=0
I0909 09:21:20.850256    2392 grpc_transport.cc:1743] [MEGASCALE_TRANSPORT_INSTR] SendRpc: key=psum.7_0_sr_95_96|s100006->200006d|$c0$l706382461^i0 size=8388608 queue_latency_us=0 attempt=0
I0909 09:21:20.853817    2237 grpc_transport.cc:1743] [MEGASCALE_TRANSPORT_INSTR] SendRpc: key=psum.7_0_sr_112_113|s100003->200003d|$c0$l706382461^i0 size=8388608 queue_latency_us=0 attempt=0
I0909 09:21:20.866492    1702 grpc_transport.cc:1414] [MEGASCALE_TRANSPORT_INSTR] Recv: key=psum.7_0_sr_3_4|s200000->100000d|$c0$l706382461^i0 size=0 is_single_chunk=true is_aligned=true memcpy_needed=false
I0909 09:21:20.891293    1701 grpc_transport.cc:1414] [MEGASCALE_TRANSPORT_INSTR] Recv: key=psum.7_0_sr_9_10|s200004->100004d|$c0$l706382461^i0 size=0 is_single_chunk=true is_aligned=true memcpy_needed=false
I0909 09:21:20.912064    2208 grpc_transport.cc:1414] [MEGASCALE_TRANSPORT_INSTR] Recv: key=psum.7_0_sr_14_15|s200007->100007d|$c0$l706382461^i0 size=0 is_single_chunk=true is_aligned=true memcpy_needed=false
I0909 09:21:20.931853    2200 grpc_transport.cc:1414] [MEGASCALE_TRANSPORT_INSTR] Recv: key=psum.7_0_sr_37_38|s200003->100003d|$c0$l706382461^i0 size=0 is_single_chunk=true is_aligned=true memcpy_needed=false
I0909 09:21:20.935239    1701 grpc_transport.cc:1743] [MEGASCALE_TRANSPORT_INSTR] SendRpc: key=psum.7_0_1_ag_0_sr_1_2|s100000->200000d|$c0$l706382461^i0 size=8388608 queue_latency_us=0 attempt=0
I0909 09:21:20.948398    1352 grpc_transport.cc:1414] [MEGASCALE_TRANSPORT_INSTR] Recv: key=psum.7_0_sr_61_62|s200001->100001d|$c0$l706382461^i0 size=0 is_single_chunk=true is_aligned=true memcpy_needed=false
I0909 09:21:20.957061    1702 grpc_transport.cc:1743] [MEGASCALE_TRANSPORT_INSTR] SendRpc: key=psum.7_0_1_ag_0_sr_40_41|s100005->200005d|$c0$l706382461^i0 size=8388608 queue_latency_us=0 attempt=0
I0909 09:21:20.965367     786 grpc_transport.cc:1743] [MEGASCALE_TRANSPORT_INSTR] SendRpc: key=psum.7_0_1_ag_0_sr_8_9|s100004->200004d|$c0$l706382461^i0 size=8388608 queue_latency_us=0 attempt=0
I0909 09:21:20.973919    1703 grpc_transport.cc:1414] [MEGASCALE_TRANSPORT_INSTR] Recv: key=psum.7_0_1_ag_0_sr_93_94|s200000->100000d|$c0$l706382461^i0 size=0 is_single_chunk=true is_aligned=true memcpy_needed=false
I0909 09:21:20.981343    1735 grpc_transport.cc:1743] [MEGASCALE_TRANSPORT_INSTR] SendRpc: key=psum.7_0_1_ag_0_sr_31_32|s100002->200002d|$c0$l706382461^i0 size=8388608 queue_latency_us=0 attempt=0
I0909 09:21:20.987114    2208 grpc_transport.cc:1743] [MEGASCALE_TRANSPORT_INSTR] SendRpc: key=psum.7_0_1_ag_0_sr_41_42|s100007->200007d|$c0$l706382461^i0 size=8388608 queue_latency_us=0 attempt=0
I0909 09:21:20.997252    2394 grpc_transport.cc:1743] [MEGASCALE_TRANSPORT_INSTR] SendRpc: key=psum.7_0_1_ag_0_sr_56_57|s100006->200006d|$c0$l706382461^i0 size=8388608 queue_latency_us=0 attempt=0
I0909 09:21:20.999865    1710 grpc_transport.cc:1414] [MEGASCALE_TRANSPORT_INSTR] Recv: key=psum.7_0_1_ag_0_sr_125_126|s200000->100000d|$c0$l706382461^i0 size=0 is_single_chunk=true is_aligned=true memcpy_needed=false
I0909 09:21:21.028044    2392 grpc_transport.cc:1414] [MEGASCALE_TRANSPORT_INSTR] Recv: key=psum.7_0_1_ag_0_sr_80_81|s200006->100006d|$c0$l706382461^i0 size=0 is_single_chunk=true is_aligned=true memcpy_needed=false
I0909 09:21:21.046428    1939 grpc_transport.cc:1414] [MEGASCALE_TRANSPORT_INSTR] Recv: key=psum.7_0_1_ag_0_sr_112_113|s200005->100005d|$c0$l706382461^i0 size=0 is_single_chunk=true is_aligned=true memcpy_needed=false
I0909 09:21:21.069309    2200 grpc_transport.cc:1414] [MEGASCALE_TRANSPORT_INSTR] Recv: key=psum.7_0_1_ag_0_sr_76_77|s200007->100007d|$c0$l706382461^i0 size=0 is_single_chunk=true is_aligned=true memcpy_needed=false
I0909 09:21:21.110455    2398 grpc_transport.cc:1743] [MEGASCALE_TRANSPORT_INSTR] SendRpc: key=psum.7_0_sr_72_73|s100003->200003d|$c0$l706382462^i0 size=8388608 queue_latency_us=0 attempt=0
I0909 09:21:21.113336    1878 grpc_transport.cc:1743] [MEGASCALE_TRANSPORT_INSTR] SendRpc: key=psum.7_0_sr_95_96|s100005->200005d|$c0$l706382462^i0 size=8388608 queue_latency_us=0 attempt=0
I0909 09:21:21.115525    2394 grpc_transport.cc:1743] [MEGASCALE_TRANSPORT_INSTR] SendRpc: key=psum.7_0_sr_109_110|s100006->200006d|$c0$l706382462^i0 size=8388608 queue_latency_us=0 attempt=0
I0909 09:21:21.118961    1737 grpc_transport.cc:1743] [MEGASCALE_TRANSPORT_INSTR] SendRpc: key=psum.7_0_sr_110_111|s100007->200007d|$c0$l706382462^i0 size=8388608 queue_latency_us=0 attempt=0
I0909 09:21:21.122599     788 grpc_transport.cc:1743] [MEGASCALE_TRANSPORT_INSTR] SendRpc: key=psum.7_0_sr_126_127|s100005->200005d|$c0$l706382462^i0 size=8388608 queue_latency_us=0 attempt=0
I0909 09:21:21.122773    2171 grpc_transport.cc:1414] [MEGASCALE_TRANSPORT_INSTR] Recv: key=psum.7_0_sr_10_11|s200004->100004d|$c0$l706382462^i0 size=0 is_single_chunk=true is_aligned=true memcpy_needed=false
I0909 09:21:21.148726    1940 grpc_transport.cc:1414] [MEGASCALE_TRANSPORT_INSTR] Recv: key=psum.7_0_sr_1_2|s200004->100004d|$c0$l706382462^i0 size=0 is_single_chunk=true is_aligned=true memcpy_needed=false
I0909 09:21:21.169738    1863 grpc_transport.cc:1414] [MEGASCALE_TRANSPORT_INSTR] Recv: key=psum.7_0_sr_28_29|s200000->100000d|$c0$l706382462^i0 size=0 is_single_chunk=true is_aligned=true memcpy_needed=false
I0909 09:21:21.190587    1936 grpc_transport.cc:1414] [MEGASCALE_TRANSPORT_INSTR] Recv: key=psum.7_0_sr_52_53|s200001->100001d|$c0$l706382462^i0 size=0 is_single_chunk=true is_aligned=true memcpy_needed=false
I0909 09:21:21.208670    2205 grpc_transport.cc:1414] [MEGASCALE_TRANSPORT_INSTR] Recv: key=psum.7_0_sr_44_45|s200006->100006d|$c0$l706382462^i0 size=0 is_single_chunk=true is_aligned=true memcpy_needed=false
I0909 09:21:21.227657    2171 grpc_transport.cc:1743] [MEGASCALE_TRANSPORT_INSTR] SendRpc: key=psum.7_0_1_ag_0_sr_17_18|s100004->200004d|$c0$l706382462^i0 size=8388608 queue_latency_us=0 attempt=0
I0909 09:21:21.233812    1865 grpc_transport.cc:1743] [MEGASCALE_TRANSPORT_INSTR] SendRpc: key=psum.7_0_1_ag_0_sr_18_19|s100000->200000d|$c0$l706382462^i0 size=8388608 queue_latency_us=0 attempt=0
I0909 09:21:21.242444    2392 grpc_transport.cc:1414] [MEGASCALE_TRANSPORT_INSTR] Recv: key=psum.7_0_1_ag_0_sr_69_70|s200006->100006d|$c0$l706382462^i0 size=0 is_single_chunk=true is_aligned=true memcpy_needed=false
I0909 09:21:21.246447    1719 grpc_transport.cc:1743] [MEGASCALE_TRANSPORT_INSTR] SendRpc: key=psum.7_0_1_ag_0_sr_2_3|s100007->200007d|$c0$l706382462^i0 size=8388608 queue_latency_us=0 attempt=0
I0909 09:21:21.249968    1785 grpc_transport.cc:1743] [MEGASCALE_TRANSPORT_INSTR] SendRpc: key=psum.7_0_1_ag_0_sr_24_25|s100002->200002d|$c0$l706382462^i0 size=8388608 queue_latency_us=0 attempt=0
I0909 09:21:21.256464    2233 grpc_transport.cc:1743] [MEGASCALE_TRANSPORT_INSTR] SendRpc: key=psum.7_0_1_ag_0_sr_62_63|s100002->200002d|$c0$l706382462^i0 size=8388608 queue_latency_us=0 attempt=0
I0909 09:21:21.271074     786 grpc_transport.cc:1414] [MEGASCALE_TRANSPORT_INSTR] Recv: key=psum.7_0_1_ag_0_sr_89_90|s200005->100005d|$c0$l706382462^i0 size=0 is_single_chunk=true is_aligned=true memcpy_needed=false
I0909 09:21:21.293841    1719 grpc_transport.cc:1414] [MEGASCALE_TRANSPORT_INSTR] Recv: key=psum.7_0_1_ag_0_sr_73_74|s200003->100003d|$c0$l706382462^i0 size=0 is_single_chunk=true is_aligned=true memcpy_needed=false
I0909 09:21:21.313017     803 grpc_transport.cc:1414] [MEGASCALE_TRANSPORT_INSTR] Recv: key=psum.7_0_1_ag_0_sr_95_96|s200003->100003d|$c0$l706382462^i0 size=0 is_single_chunk=true is_aligned=true memcpy_needed=false
I0909 09:21:21.330218    2202 grpc_transport.cc:1414] [MEGASCALE_TRANSPORT_INSTR] Recv: key=psum.7_0_1_ag_0_sr_125_126|s200002->100002d|$c0$l706382462^i0 size=0 is_single_chunk=true is_aligned=true memcpy_needed=false
I0909 09:21:21.349325    1360 grpc_transport.cc:1414] [MEGASCALE_TRANSPORT_INSTR] Recv: key=psum.7_0_1_ag_0_sr_123_124|s200007->100007d|$c0$l706382462^i0 size=0 is_single_chunk=true is_aligned=true memcpy_needed=false
I0909 09:21:21.369517    1864 grpc_transport.cc:1743] [MEGASCALE_TRANSPORT_INSTR] SendRpc: key=psum.7_0_sr_64_65|s100005->200005d|$c0$l706382463^i0 size=8388608 queue_latency_us=0 attempt=0
I0909 09:21:21.372341    1467 grpc_transport.cc:1743] [MEGASCALE_TRANSPORT_INSTR] SendRpc: key=psum.7_0_sr_75_76|s100007->200007d|$c0$l706382463^i0 size=8388608 queue_latency_us=0 attempt=0
I0909 09:21:21.374700    1431 grpc_transport.cc:1743] [MEGASCALE_TRANSPORT_INSTR] SendRpc: key=psum.7_0_sr_94_95|s100006->200006d|$c0$l706382463^i0 size=8388608 queue_latency_us=0 attempt=0
I0909 09:21:21.378602    1371 grpc_transport.cc:1743] [MEGASCALE_TRANSPORT_INSTR] SendRpc: key=psum.7_0_sr_102_103|s100003->200003d|$c0$l706382463^i0 size=8388608 queue_latency_us=0 attempt=0
I0909 09:21:21.382772    1422 grpc_transport.cc:1743] [MEGASCALE_TRANSPORT_INSTR] SendRpc: key=psum.7_0_sr_118_119|s100006->200006d|$c0$l706382463^i0 size=8388608 queue_latency_us=0 attempt=0
I0909 09:21:21.415676    1699 grpc_transport.cc:1414] [MEGASCALE_TRANSPORT_INSTR] Recv: key=psum.7_0_sr_18_19|s200004->100004d|$c0$l706382463^i0 size=0 is_single_chunk=true is_aligned=true memcpy_needed=false
I0909 09:21:21.437253    1940 grpc_transport.cc:1414] [MEGASCALE_TRANSPORT_INSTR] Recv: key=psum.7_0_sr_31_32|s200001->100001d|$c0$l706382463^i0 size=0 is_single_chunk=true is_aligned=true memcpy_needed=false
I0909 09:21:21.455967    1859 grpc_transport.cc:1414] [MEGASCALE_TRANSPORT_INSTR] Recv: key=psum.7_0_sr_42_43|s200004->100004d|$c0$l706382463^i0 size=0 is_single_chunk=true is_aligned=true memcpy_needed=false
I0909 09:21:21.473748     803 grpc_transport.cc:1414] [MEGASCALE_TRANSPORT_INSTR] Recv: key=psum.7_0_sr_42_43|s200007->100007d|$c0$l706382463^i0 size=0 is_single_chunk=true is_aligned=true memcpy_needed=false
I0909 09:21:21.492015    1859 grpc_transport.cc:1743] [MEGASCALE_TRANSPORT_INSTR] SendRpc: key=psum.7_0_1_ag_0_sr_55_56|s100001->200001d|$c0$l706382463^i0 size=8388608 queue_latency_us=1 attempt=0
I0909 09:21:21.493518    1938 grpc_transport.cc:1414] [MEGASCALE_TRANSPORT_INSTR] Recv: key=psum.7_0_1_ag_0_sr_64_65|s200004->100004d|$c0$l706382463^i0 size=0 is_single_chunk=true is_aligned=true memcpy_needed=false
I0909 09:21:21.510998    1944 grpc_transport.cc:1743] [MEGASCALE_TRANSPORT_INSTR] SendRpc: key=psum.7_0_1_ag_0_sr_30_31|s100000->200000d|$c0$l706382463^i0 size=8388608 queue_latency_us=0 attempt=0
I0909 09:21:21.520598    1702 grpc_transport.cc:1414] [MEGASCALE_TRANSPORT_INSTR] Recv: key=psum.7_0_1_ag_0_sr_70_71|s200000->100000d|$c0$l706382463^i0 size=0 is_single_chunk=true is_aligned=true memcpy_needed=false
I0909 09:21:21.522382    1710 grpc_transport.cc:1743] [MEGASCALE_TRANSPORT_INSTR] SendRpc: key=psum.7_0_1_ag_0_sr_49_50|s100004->200004d|$c0$l706382463^i0 size=8388608 queue_latency_us=0 attempt=0
I0909 09:21:21.536071    1737 grpc_transport.cc:1743] [MEGASCALE_TRANSPORT_INSTR] SendRpc: key=psum.7_0_1_ag_0_sr_7_8|s100002->200002d|$c0$l706382463^i0 size=8388608 queue_latency_us=0 attempt=0
I0909 09:21:21.542990    1735 grpc_transport.cc:1743] [MEGASCALE_TRANSPORT_INSTR] SendRpc: key=psum.7_0_1_ag_0_sr_49_50|s100002->200002d|$c0$l706382463^i0 size=8388608 queue_latency_us=0 attempt=0
I0909 09:21:21.545933    1939 grpc_transport.cc:1414] [MEGASCALE_TRANSPORT_INSTR] Recv: key=psum.7_0_1_ag_0_sr_73_74|s200005->100005d|$c0$l706382463^i0 size=0 is_single_chunk=true is_aligned=true memcpy_needed=false
I0909 09:21:21.563481    2200 grpc_transport.cc:1414] [MEGASCALE_TRANSPORT_INSTR] Recv: key=psum.7_0_1_ag_0_sr_88_89|s200006->100006d|$c0$l706382463^i0 size=0 is_single_chunk=true is_aligned=true memcpy_needed=false
I0909 09:21:21.581309    1938 grpc_transport.cc:1414] [MEGASCALE_TRANSPORT_INSTR] Recv: key=psum.7_0_1_ag_0_sr_110_111|s200001->100001d|$c0$l706382463^i0 size=0 is_single_chunk=true is_aligned=true memcpy_needed=false
I0909 09:21:21.609651    1360 grpc_transport.cc:1414] [MEGASCALE_TRANSPORT_INSTR] Recv: key=psum.7_0_1_ag_0_sr_97_98|s200007->100007d|$c0$l706382463^i0 size=0 is_single_chunk=true is_aligned=true memcpy_needed=false
I0909 09:21:21.630213    1873 grpc_transport.cc:1743] [MEGASCALE_TRANSPORT_INSTR] SendRpc: key=psum.7_0_sr_82_83|s100000->200000d|$c0$l706382464^i0 size=8388608 queue_latency_us=0 attempt=0
I0909 09:21:21.633943    1391 grpc_transport.cc:1743] [MEGASCALE_TRANSPORT_INSTR] SendRpc: key=psum.7_0_sr_93_94|s100003->200003d|$c0$l706382464^i0 size=8388608 queue_latency_us=0 attempt=0
I0909 09:21:21.638012    1703 grpc_transport.cc:1743] [MEGASCALE_TRANSPORT_INSTR] SendRpc: key=psum.7_0_sr_102_103|s100005->200005d|$c0$l706382464^i0 size=8388608 queue_latency_us=0 attempt=0
I0909 09:21:21.642357    2200 grpc_transport.cc:1743] [MEGASCALE_TRANSPORT_INSTR] SendRpc: key=psum.7_0_sr_119_120|s100007->200007d|$c0$l706382464^i0 size=8388608 queue_latency_us=0 attempt=0
I0909 09:21:21.655739    1363 grpc_transport.cc:1743] [MEGASCALE_TRANSPORT_INSTR] SendRpc: key=psum.7_0_sr_122_123|s100004->200004d|$c0$l706382464^i0 size=8388608 queue_latency_us=0 attempt=0
I0909 09:21:21.655803    2394 grpc_transport.cc:1414] [MEGASCALE_TRANSPORT_INSTR] Recv: key=psum.7_0_sr_10_11|s200006->100006d|$c0$l706382464^i0 size=0 is_single_chunk=true is_aligned=true memcpy_needed=false
I0909 09:21:21.677160     803 grpc_transport.cc:1414] [MEGASCALE_TRANSPORT_INSTR] Recv: key=psum.7_0_sr_15_16|s200007->100007d|$c0$l706382464^i0 size=0 is_single_chunk=true is_aligned=true memcpy_needed=false
I0909 09:21:21.695497    2392 grpc_transport.cc:1414] [MEGASCALE_TRANSPORT_INSTR] Recv: key=psum.7_0_sr_24_25|s200007->100007d|$c0$l706382464^i0 size=0 is_single_chunk=true is_aligned=true memcpy_needed=false
I0909 09:21:21.712265    2170 grpc_transport.cc:1743] [MEGASCALE_TRANSPORT_INSTR] SendRpc: key=psum.7_0_1_ag_0_sr_29_30|s100001->200001d|$c0$l706382464^i0 size=8388608 queue_latency_us=0 attempt=0
I0909 09:21:21.714773    1942 grpc_transport.cc:1414] [MEGASCALE_TRANSPORT_INSTR] Recv: key=psum.7_0_sr_21_22|s200000->100000d|$c0$l706382464^i0 size=0 is_single_chunk=true is_aligned=true memcpy_needed=false
I0909 09:21:21.731707    2221 grpc_transport.cc:1414] [MEGASCALE_TRANSPORT_INSTR] Recv: key=psum.7_0_sr_58_59|s200006->100006d|$c0$l706382464^i0 size=0 is_single_chunk=true is_aligned=true memcpy_needed=false
I0909 09:21:21.737176    1354 grpc_transport.cc:1743] [MEGASCALE_TRANSPORT_INSTR] SendRpc: key=psum.7_0_1_ag_0_sr_0_1|s100005->200005d|$c0$l706382464^i0 size=8388608 queue_latency_us=0 attempt=0
I0909 09:21:21.751052    1865 grpc_transport.cc:1743] [MEGASCALE_TRANSPORT_INSTR] SendRpc: key=psum.7_0_1_ag_0_sr_37_38|s100004->200004d|$c0$l706382464^i0 size=8388608 queue_latency_us=0 attempt=0
I0909 09:21:21.760539    2211 grpc_transport.cc:1743] [MEGASCALE_TRANSPORT_INSTR] SendRpc: key=psum.7_0_1_ag_0_sr_45_46|s100007->200007d|$c0$l706382464^i0 size=8388608 queue_latency_us=0 attempt=0
I0909 09:21:21.767840    2237 grpc_transport.cc:1743] [MEGASCALE_TRANSPORT_INSTR] SendRpc: key=psum.7_0_1_ag_0_sr_33_34|s100006->200006d|$c0$l706382464^i0 size=8388608 queue_latency_us=0 attempt=0
I0909 09:21:21.771473    1940 grpc_transport.cc:1414] [MEGASCALE_TRANSPORT_INSTR] Recv: key=psum.7_0_1_ag_0_sr_105_106|s200001->100001d|$c0$l706382464^i0 size=0 is_single_chunk=true is_aligned=true memcpy_needed=false
I0909 09:21:21.792023    2392 grpc_transport.cc:1414] [MEGASCALE_TRANSPORT_INSTR] Recv: key=psum.7_0_1_ag_0_sr_81_82|s200003->100003d|$c0$l706382464^i0 size=0 is_single_chunk=true is_aligned=true memcpy_needed=false
I0909 09:21:21.814415     803 grpc_transport.cc:1414] [MEGASCALE_TRANSPORT_INSTR] Recv: key=psum.7_0_1_ag_0_sr_100_101|s200003->100003d|$c0$l706382464^i0 size=0 is_single_chunk=true is_aligned=true memcpy_needed=false
I0909 09:21:21.832443    1719 grpc_transport.cc:1414] [MEGASCALE_TRANSPORT_INSTR] Recv: key=psum.7_0_1_ag_0_sr_97_98|s200002->100002d|$c0$l706382464^i0 size=0 is_single_chunk=true is_aligned=true memcpy_needed=false
I0909 09:21:21.850950    2205 grpc_transport.cc:1414] [MEGASCALE_TRANSPORT_INSTR] Recv: key=psum.7_0_1_ag_0_sr_82_83|s200006->100006d|$c0$l706382464^i0 size=0 is_single_chunk=true is_aligned=true memcpy_needed=false
I0909 09:21:21.900399    1699 grpc_transport.cc:1743] [MEGASCALE_TRANSPORT_INSTR] SendRpc: key=psum.7_0_sr_79_80|s100000->200000d|$c0$l706382465^i0 size=8388608 queue_latency_us=0 attempt=0
I0909 09:21:21.903603    1368 grpc_transport.cc:1743] [MEGASCALE_TRANSPORT_INSTR] SendRpc: key=psum.7_0_sr_67_68|s100004->200004d|$c0$l706382465^i0 size=8388608 queue_latency_us=0 attempt=0
I0909 09:21:21.906499    1860 grpc_transport.cc:1743] [MEGASCALE_TRANSPORT_INSTR] SendRpc: key=psum.7_0_sr_97_98|s100000->200000d|$c0$l706382465^i0 size=8388608 queue_latency_us=0 attempt=0
I0909 09:21:21.909531    1702 grpc_transport.cc:1743] [MEGASCALE_TRANSPORT_INSTR] SendRpc: key=psum.7_0_sr_101_102|s100004->200004d|$c0$l706382465^i0 size=8388608 queue_latency_us=0 attempt=0
I0909 09:21:21.912909    1938 grpc_transport.cc:1743] [MEGASCALE_TRANSPORT_INSTR] SendRpc: key=psum.7_0_sr_123_124|s100000->200000d|$c0$l706382465^i0 size=8388608 queue_latency_us=0 attempt=0
I0909 09:21:21.917759    2171 grpc_transport.cc:1743] [MEGASCALE_TRANSPORT_INSTR] SendRpc: key=psum.7_0_sr_124_125|s100001->200001d|$c0$l706382465^i0 size=8388608 queue_latency_us=0 attempt=0
I0909 09:21:21.922108    2205 grpc_transport.cc:1414] [MEGASCALE_TRANSPORT_INSTR] Recv: key=psum.7_0_sr_17_18|s200003->100003d|$c0$l706382465^i0 size=0 is_single_chunk=true is_aligned=true memcpy_needed=false
I0909 09:21:21.946425    1363 grpc_transport.cc:1414] [MEGASCALE_TRANSPORT_INSTR] Recv: key=psum.7_0_sr_18_19|s200005->100005d|$c0$l706382465^i0 size=0 is_single_chunk=true is_aligned=true memcpy_needed=false
I0909 09:21:21.967876    1860 grpc_transport.cc:1414] [MEGASCALE_TRANSPORT_INSTR] Recv: key=psum.7_0_sr_27_28|s200005->100005d|$c0$l706382465^i0 size=0 is_single_chunk=true is_aligned=true memcpy_needed=false
I0909 09:21:21.986932    1701 grpc_transport.cc:1414] [MEGASCALE_TRANSPORT_INSTR] Recv: key=psum.7_0_sr_49_50|s200001->100001d|$c0$l706382465^i0 size=0 is_single_chunk=true is_aligned=true memcpy_needed=false
I0909 09:21:22.004075    1938 grpc_transport.cc:1414] [MEGASCALE_TRANSPORT_INSTR] Recv: key=psum.7_0_sr_55_56|s200000->100000d|$c0$l706382465^i0 size=0 is_single_chunk=true is_aligned=true memcpy_needed=false
I0909 09:21:22.022870    1859 grpc_transport.cc:1743] [MEGASCALE_TRANSPORT_INSTR] SendRpc: key=psum.7_0_1_ag_0_sr_33_34|s100001->200001d|$c0$l706382465^i0 size=8388608 queue_latency_us=0 attempt=0
I0909 09:21:22.029746    2171 grpc_transport.cc:1743] [MEGASCALE_TRANSPORT_INSTR] SendRpc: key=psum.7_0_1_ag_0_sr_27_28|s100005->200005d|$c0$l706382465^i0 size=8388608 queue_latency_us=0 attempt=0
I0909 09:21:22.030212    1874 grpc_transport.cc:1414] [MEGASCALE_TRANSPORT_INSTR] Recv: key=psum.7_0_1_ag_0_sr_81_82|s200000->100000d|$c0$l706382465^i0 size=0 is_single_chunk=true is_aligned=true memcpy_needed=false
I0909 09:21:22.044242    1761 grpc_transport.cc:1743] [MEGASCALE_TRANSPORT_INSTR] SendRpc: key=psum.7_0_1_ag_0_sr_10_11|s100007->200007d|$c0$l706382465^i0 size=8388608 queue_latency_us=0 attempt=0
I0909 09:21:22.050109    2398 grpc_transport.cc:1743] [MEGASCALE_TRANSPORT_INSTR] SendRpc: key=psum.7_0_1_ag_0_sr_47_48|s100003->200003d|$c0$l706382465^i0 size=8388608 queue_latency_us=0 attempt=0
I0909 09:21:22.057893    2392 grpc_transport.cc:1414] [MEGASCALE_TRANSPORT_INSTR] Recv: key=psum.7_0_1_ag_0_sr_93_94|s200007->100007d|$c0$l706382465^i0 size=0 is_single_chunk=true is_aligned=true memcpy_needed=false
I0909 09:21:22.064501    2207 grpc_transport.cc:1743] [MEGASCALE_TRANSPORT_INSTR] SendRpc: key=psum.7_0_1_ag_0_sr_46_47|s100006->200006d|$c0$l706382465^i0 size=8388608 queue_latency_us=0 attempt=0
I0909 09:21:22.077005    1371 grpc_transport.cc:1414] [MEGASCALE_TRANSPORT_INSTR] Recv: key=psum.7_0_1_ag_0_sr_69_70|s200003->100003d|$c0$l706382465^i0 size=0 is_single_chunk=true is_aligned=true memcpy_needed=false
I0909 09:21:22.094268    2200 grpc_transport.cc:1414] [MEGASCALE_TRANSPORT_INSTR] Recv: key=psum.7_0_1_ag_0_sr_73_74|s200002->100002d|$c0$l706382465^i0 size=0 is_single_chunk=true is_aligned=true memcpy_needed=false
I0909 09:21:22.111905     803 grpc_transport.cc:1414] [MEGASCALE_TRANSPORT_INSTR] Recv: key=psum.7_0_1_ag_0_sr_80_81|s200006->100006d|$c0$l706382465^i0 size=0 is_single_chunk=true is_aligned=true memcpy_needed=false
I0909 09:21:22.150245    2200 grpc_transport.cc:1743] [MEGASCALE_TRANSPORT_INSTR] SendRpc: key=psum.7_0_sr_72_73|s100006->200006d|$c0$l706382466^i0 size=8388608 queue_latency_us=0 attempt=0
I0909 09:21:22.154069    1943 grpc_transport.cc:1743] [MEGASCALE_TRANSPORT_INSTR] SendRpc: key=psum.7_0_sr_106_107|s100004->200004d|$c0$l706382466^i0 size=8388608 queue_latency_us=0 attempt=0
I0909 09:21:22.157155    1425 grpc_transport.cc:1743] [MEGASCALE_TRANSPORT_INSTR] SendRpc: key=psum.7_0_sr_104_105|s100001->200001d|$c0$l706382466^i0 size=8388608 queue_latency_us=0 attempt=0
I0909 09:21:22.161179    1764 grpc_transport.cc:1743] [MEGASCALE_TRANSPORT_INSTR] SendRpc: key=psum.7_0_sr_98_99|s100006->200006d|$c0$l706382466^i0 size=8388608 queue_latency_us=0 attempt=0
I0909 09:21:22.166459    2209 grpc_transport.cc:1743] [MEGASCALE_TRANSPORT_INSTR] SendRpc: key=psum.7_0_sr_116_117|s100006->200006d|$c0$l706382466^i0 size=8388608 queue_latency_us=0 attempt=0
I0909 09:21:22.194163     803 grpc_transport.cc:1414] [MEGASCALE_TRANSPORT_INSTR] Recv: key=psum.7_0_sr_11_12|s200002->100002d|$c0$l706382466^i0 size=0 is_single_chunk=true is_aligned=true memcpy_needed=false
I0909 09:21:22.236878    1699 grpc_transport.cc:1414] [MEGASCALE_TRANSPORT_INSTR] Recv: key=psum.7_0_sr_22_23|s200001->100001d|$c0$l706382466^i0 size=0 is_single_chunk=true is_aligned=true memcpy_needed=false
I0909 09:21:22.260263    1938 grpc_transport.cc:1414] [MEGASCALE_TRANSPORT_INSTR] Recv: key=psum.7_0_sr_39_40|s200001->100001d|$c0$l706382466^i0 size=0 is_single_chunk=true is_aligned=true memcpy_needed=false
I0909 09:21:22.279373    1360 grpc_transport.cc:1414] [MEGASCALE_TRANSPORT_INSTR] Recv: key=psum.7_0_sr_56_57|s200002->100002d|$c0$l706382466^i0 size=0 is_single_chunk=true is_aligned=true memcpy_needed=false
I0909 09:21:22.296698    1938 grpc_transport.cc:1743] [MEGASCALE_TRANSPORT_INSTR] SendRpc: key=psum.7_0_1_ag_0_sr_15_16|s100001->200001d|$c0$l706382466^i0 size=8388608 queue_latency_us=0 attempt=0
I0909 09:21:22.300961    1859 grpc_transport.cc:1414] [MEGASCALE_TRANSPORT_INSTR] Recv: key=psum.7_0_sr_38_39|s200000->100000d|$c0$l706382466^i0 size=0 is_single_chunk=true is_aligned=true memcpy_needed=false
I0909 09:21:22.311617    2220 grpc_transport.cc:1743] [MEGASCALE_TRANSPORT_INSTR] SendRpc: key=psum.7_0_1_ag_0_sr_6_7|s100002->200002d|$c0$l706382466^i0 size=8388608 queue_latency_us=0 attempt=0
I0909 09:21:22.324385    1360 grpc_transport.cc:1414] [MEGASCALE_TRANSPORT_INSTR] Recv: key=psum.7_0_sr_59_60|s200006->100006d|$c0$l706382466^i0 size=0 is_single_chunk=true is_aligned=true memcpy_needed=false
I0909 09:21:22.327988    1702 grpc_transport.cc:1743] [MEGASCALE_TRANSPORT_INSTR] SendRpc: key=psum.7_0_1_ag_0_sr_17_18|s100000->200000d|$c0$l706382466^i0 size=8388608 queue_latency_us=0 attempt=0
I0909 09:21:22.348455    2392 grpc_transport.cc:1414] [MEGASCALE_TRANSPORT_INSTR] Recv: key=psum.7_0_1_ag_0_sr_76_77|s200007->100007d|$c0$l706382466^i0 size=0 is_single_chunk=true is_aligned=true memcpy_needed=false
I0909 09:21:22.356244    2236 grpc_transport.cc:1743] [MEGASCALE_TRANSPORT_INSTR] SendRpc: key=psum.7_0_1_ag_0_sr_16_17|s100003->200003d|$c0$l706382466^i0 size=8388608 queue_latency_us=0 attempt=0
I0909 09:21:22.361911    1741 grpc_transport.cc:1743] [MEGASCALE_TRANSPORT_INSTR] SendRpc: key=psum.7_0_1_ag_0_sr_37_38|s100007->200007d|$c0$l706382466^i0 size=8388608 queue_latency_us=0 attempt=0
I0909 09:21:22.369333    2205 grpc_transport.cc:1414] [MEGASCALE_TRANSPORT_INSTR] Recv: key=psum.7_0_1_ag_0_sr_88_89|s200002->100002d|$c0$l706382466^i0 size=0 is_single_chunk=true is_aligned=true memcpy_needed=false
I0909 09:21:22.386688    1354 grpc_transport.cc:1414] [MEGASCALE_TRANSPORT_INSTR] Recv: key=psum.7_0_1_ag_0_sr_76_77|s200000->100000d|$c0$l706382466^i0 size=0 is_single_chunk=true is_aligned=true memcpy_needed=false
I0909 09:21:22.402603    2392 grpc_transport.cc:1414] [MEGASCALE_TRANSPORT_INSTR] Recv: key=psum.7_0_1_ag_0_sr_88_89|s200006->100006d|$c0$l706382466^i0 size=0 is_single_chunk=true is_aligned=true memcpy_needed=false
I0909 09:21:22.433229     803 grpc_transport.cc:1414] [MEGASCALE_TRANSPORT_INSTR] Recv: key=psum.7_0_1_ag_0_sr_127_128|s200006->100006d|$c0$l706382466^i0 size=0 is_single_chunk=true is_aligned=true memcpy_needed=false
I0909 09:21:22.448291    1947 grpc_transport.cc:1743] [MEGASCALE_TRANSPORT_INSTR] SendRpc: key=psum.7_0_sr_73_74|s100001->200001d|$c0$l706382467^i0 size=8388608 queue_latency_us=1 attempt=0
I0909 09:21:22.451727    1371 grpc_transport.cc:1743] [MEGASCALE_TRANSPORT_INSTR] SendRpc: key=psum.7_0_sr_77_78|s100003->200003d|$c0$l706382467^i0 size=8388608 queue_latency_us=0 attempt=0
I0909 09:21:22.454133    1395 grpc_transport.cc:1743] [MEGASCALE_TRANSPORT_INSTR] SendRpc: key=psum.7_0_sr_84_85|s100002->200002d|$c0$l706382467^i0 size=8388608 queue_latency_us=0 attempt=0
I0909 09:21:22.458367    1741 grpc_transport.cc:1743] [MEGASCALE_TRANSPORT_INSTR] SendRpc: key=psum.7_0_sr_104_105|s100007->200007d|$c0$l706382467^i0 size=8388608 queue_latency_us=0 attempt=0
I0909 09:21:22.461993    2232 grpc_transport.cc:1743] [MEGASCALE_TRANSPORT_INSTR] SendRpc: key=psum.7_0_sr_123_124|s100007->200007d|$c0$l706382467^i0 size=8388608 queue_latency_us=0 attempt=0
I0909 09:21:22.486107    1959 grpc_transport.cc:1414] [MEGASCALE_TRANSPORT_INSTR] Recv: key=psum.7_0_sr_14_15|s200004->100004d|$c0$l706382467^i0 size=0 is_single_chunk=true is_aligned=true memcpy_needed=false
I0909 09:21:22.505217     787 grpc_transport.cc:1414] [MEGASCALE_TRANSPORT_INSTR] Recv: key=psum.7_0_sr_12_13|s200001->100001d|$c0$l706382467^i0 size=0 is_single_chunk=true is_aligned=true memcpy_needed=false
I0909 09:21:22.524273    2200 grpc_transport.cc:1414] [MEGASCALE_TRANSPORT_INSTR] Recv: key=psum.7_0_sr_43_44|s200007->100007d|$c0$l706382467^i0 size=0 is_single_chunk=true is_aligned=true memcpy_needed=false
I0909 09:21:22.541605     787 grpc_transport.cc:1414] [MEGASCALE_TRANSPORT_INSTR] Recv: key=psum.7_0_sr_51_52|s200005->100005d|$c0$l706382467^i0 size=0 is_single_chunk=true is_aligned=true memcpy_needed=false
I0909 09:21:22.559690    2392 grpc_transport.cc:1414] [MEGASCALE_TRANSPORT_INSTR] Recv: key=psum.7_0_sr_54_55|s200006->100006d|$c0$l706382467^i0 size=0 is_single_chunk=true is_aligned=true memcpy_needed=false
I0909 09:21:22.563998    1938 grpc_transport.cc:1743] [MEGASCALE_TRANSPORT_INSTR] SendRpc: key=psum.7_0_1_ag_0_sr_12_13|s100000->200000d|$c0$l706382467^i0 size=8388608 queue_latency_us=0 attempt=0
I0909 09:21:22.574716    1352 grpc_transport.cc:1743] [MEGASCALE_TRANSPORT_INSTR] SendRpc: key=psum.7_0_1_ag_0_sr_15_16|s100004->200004d|$c0$l706382467^i0 size=8388608 queue_latency_us=0 attempt=0
I0909 09:21:22.582064    1358 grpc_transport.cc:1743] [MEGASCALE_TRANSPORT_INSTR] SendRpc: key=psum.7_0_1_ag_0_sr_31_32|s100001->200001d|$c0$l706382467^i0 size=8388608 queue_latency_us=0 attempt=0
I0909 09:21:22.591856    2226 grpc_transport.cc:1743] [MEGASCALE_TRANSPORT_INSTR] SendRpc: key=psum.7_0_1_ag_0_sr_38_39|s100006->200006d|$c0$l706382467^i0 size=8388608 queue_latency_us=0 attempt=0
I0909 09:21:22.593336    1378 grpc_transport.cc:1414] [MEGASCALE_TRANSPORT_INSTR] Recv: key=psum.7_0_1_ag_0_sr_83_84|s200004->100004d|$c0$l706382467^i0 size=0 is_single_chunk=true is_aligned=true memcpy_needed=false
I0909 09:21:22.599813    1719 grpc_transport.cc:1743] [MEGASCALE_TRANSPORT_INSTR] SendRpc: key=psum.7_0_1_ag_0_sr_26_27|s100002->200002d|$c0$l706382467^i0 size=8388608 queue_latency_us=0 attempt=0
I0909 09:21:22.615908    1939 grpc_transport.cc:1414] [MEGASCALE_TRANSPORT_INSTR] Recv: key=psum.7_0_1_ag_0_sr_80_81|s200005->100005d|$c0$l706382467^i0 size=0 is_single_chunk=true is_aligned=true memcpy_needed=false
I0909 09:21:22.637964    2202 grpc_transport.cc:1414] [MEGASCALE_TRANSPORT_INSTR] Recv: key=psum.7_0_1_ag_0_sr_75_76|s200006->100006d|$c0$l706382467^i0 size=0 is_single_chunk=true is_aligned=true memcpy_needed=false
I0909 09:21:22.655925    1939 grpc_transport.cc:1414] [MEGASCALE_TRANSPORT_INSTR] Recv: key=psum.7_0_1_ag_0_sr_115_116|s200001->100001d|$c0$l706382467^i0 size=0 is_single_chunk=true is_aligned=true memcpy_needed=false
I0909 09:21:22.687616     803 grpc_transport.cc:1414] [MEGASCALE_TRANSPORT_INSTR] Recv: key=psum.7_0_1_ag_0_sr_73_74|s200003->100003d|$c0$l706382467^i0 size=0 is_single_chunk=true is_aligned=true memcpy_needed=false
I0909 09:21:22.714014    1724 grpc_transport.cc:1743] [MEGASCALE_TRANSPORT_INSTR] SendRpc: key=psum.7_0_sr_70_71|s100005->200005d|$c0$l706382468^i0 size=8388608 queue_latency_us=0 attempt=0
I0909 09:21:22.718208    1940 grpc_transport.cc:1743] [MEGASCALE_TRANSPORT_INSTR] SendRpc: key=psum.7_0_sr_112_113|s100000->200000d|$c0$l706382468^i0 size=8388608 queue_latency_us=0 attempt=0
I0909 09:21:22.722169    1435 grpc_transport.cc:1743] [MEGASCALE_TRANSPORT_INSTR] SendRpc: key=psum.7_0_sr_90_91|s100003->200003d|$c0$l706382468^i0 size=8388608 queue_latency_us=0 attempt=0
I0909 09:21:22.726649    1370 grpc_transport.cc:1743] [MEGASCALE_TRANSPORT_INSTR] SendRpc: key=psum.7_0_sr_113_114|s100001->200001d|$c0$l706382468^i0 size=8388608 queue_latency_us=0 attempt=0
I0909 09:21:22.731670    1730 grpc_transport.cc:1743] [MEGASCALE_TRANSPORT_INSTR] SendRpc: key=psum.7_0_sr_118_119|s100002->200002d|$c0$l706382468^i0 size=8388608 queue_latency_us=0 attempt=0
I0909 09:21:22.754204    1703 grpc_transport.cc:1414] [MEGASCALE_TRANSPORT_INSTR] Recv: key=psum.7_0_sr_32_33|s200004->100004d|$c0$l706382468^i0 size=0 is_single_chunk=true is_aligned=true memcpy_needed=false
I0909 09:21:22.780231    1703 grpc_transport.cc:1414] [MEGASCALE_TRANSPORT_INSTR] Recv: key=psum.7_0_sr_3_4|s200005->100005d|$c0$l706382468^i0 size=0 is_single_chunk=true is_aligned=true memcpy_needed=false
I0909 09:21:22.799356    1701 grpc_transport.cc:1414] [MEGASCALE_TRANSPORT_INSTR] Recv: key=psum.7_0_sr_41_42|s200001->100001d|$c0$l706382468^i0 size=0 is_single_chunk=true is_aligned=true memcpy_needed=false
I0909 09:21:22.810281    1702 grpc_transport.cc:1743] [MEGASCALE_TRANSPORT_INSTR] SendRpc: key=psum.7_0_1_ag_0_sr_53_54|s100004->200004d|$c0$l706382468^i0 size=8388608 queue_latency_us=0 attempt=0
I0909 09:21:22.818270    1936 grpc_transport.cc:1414] [MEGASCALE_TRANSPORT_INSTR] Recv: key=psum.7_0_sr_40_41|s200005->100005d|$c0$l706382468^i0 size=0 is_single_chunk=true is_aligned=true memcpy_needed=false
I0909 09:21:22.838182    2392 grpc_transport.cc:1414] [MEGASCALE_TRANSPORT_INSTR] Recv: key=psum.7_0_sr_60_61|s200003->100003d|$c0$l706382468^i0 size=0 is_single_chunk=true is_aligned=true memcpy_needed=false
I0909 09:21:22.846030    2170 grpc_transport.cc:1743] [MEGASCALE_TRANSPORT_INSTR] SendRpc: key=psum.7_0_1_ag_0_sr_11_12|s100005->200005d|$c0$l706382468^i0 size=8388608 queue_latency_us=0 attempt=0
I0909 09:21:22.853224    1702 grpc_transport.cc:1743] [MEGASCALE_TRANSPORT_INSTR] SendRpc: key=psum.7_0_1_ag_0_sr_58_59|s100000->200000d|$c0$l706382468^i0 size=8388608 queue_latency_us=0 attempt=0
I0909 09:21:22.857718    1360 grpc_transport.cc:1414] [MEGASCALE_TRANSPORT_INSTR] Recv: key=psum.7_0_sr_61_62|s200003->100003d|$c0$l706382468^i0 size=0 is_single_chunk=true is_aligned=true memcpy_needed=false
I0909 09:21:22.873046    2209 grpc_transport.cc:1743] [MEGASCALE_TRANSPORT_INSTR] SendRpc: key=psum.7_0_1_ag_0_sr_30_31|s100006->200006d|$c0$l706382468^i0 size=8388608 queue_latency_us=0 attempt=0
I0909 09:21:22.881407    2226 grpc_transport.cc:1414] [MEGASCALE_TRANSPORT_INSTR] Recv: key=psum.7_0_1_ag_0_sr_100_101|s200006->100006d|$c0$l706382468^i0 size=0 is_single_chunk=true is_aligned=true memcpy_needed=false
I0909 09:21:22.885149    2202 grpc_transport.cc:1743] [MEGASCALE_TRANSPORT_INSTR] SendRpc: key=psum.7_0_1_ag_0_sr_0_1|s100002->200002d|$c0$l706382468^i0 size=8388608 queue_latency_us=0 attempt=0
I0909 09:21:22.900015    2200 grpc_transport.cc:1414] [MEGASCALE_TRANSPORT_INSTR] Recv: key=psum.7_0_1_ag_0_sr_71_72|s200003->100003d|$c0$l706382468^i0 size=0 is_single_chunk=true is_aligned=true memcpy_needed=false
I0909 09:21:22.917167    1699 grpc_transport.cc:1414] [MEGASCALE_TRANSPORT_INSTR] Recv: key=psum.7_0_1_ag_0_sr_89_90|s200004->100004d|$c0$l706382468^i0 size=0 is_single_chunk=true is_aligned=true memcpy_needed=false
I0909 09:21:22.938732     803 grpc_transport.cc:1414] [MEGASCALE_TRANSPORT_INSTR] Recv: key=psum.7_0_1_ag_0_sr_116_117|s200007->100007d|$c0$l706382468^i0 size=0 is_single_chunk=true is_aligned=true memcpy_needed=false
I0909 09:21:22.971172    1949 grpc_transport.cc:1743] [MEGASCALE_TRANSPORT_INSTR] SendRpc: key=psum.7_0_sr_68_69|s100005->200005d|$c0$l706382469^i0 size=8388608 queue_latency_us=0 attempt=0
I0909 09:21:22.974632    2402 grpc_transport.cc:1743] [MEGASCALE_TRANSPORT_INSTR] SendRpc: key=psum.7_0_sr_80_81|s100006->200006d|$c0$l706382469^i0 size=8388608 queue_latency_us=0 attempt=0
I0909 09:21:22.978361    2233 grpc_transport.cc:1743] [MEGASCALE_TRANSPORT_INSTR] SendRpc: key=psum.7_0_sr_115_116|s100003->200003d|$c0$l706382469^i0 size=8388608 queue_latency_us=0 attempt=0
I0909 09:21:22.982062    2207 grpc_transport.cc:1743] [MEGASCALE_TRANSPORT_INSTR] SendRpc: key=psum.7_0_sr_103_104|s100006->200006d|$c0$l706382469^i0 size=8388608 queue_latency_us=0 attempt=0
I0909 09:21:22.986514    2392 grpc_transport.cc:1743] [MEGASCALE_TRANSPORT_INSTR] SendRpc: key=psum.7_0_sr_109_110|s100007->200007d|$c0$l706382469^i0 size=8388608 queue_latency_us=0 attempt=0
I0909 09:21:23.005303    1944 grpc_transport.cc:1414] [MEGASCALE_TRANSPORT_INSTR] Recv: key=psum.7_0_sr_5_6|s200004->100004d|$c0$l706382469^i0 size=0 is_single_chunk=true is_aligned=true memcpy_needed=false
I0909 09:21:23.032538    1860 grpc_transport.cc:1414] [MEGASCALE_TRANSPORT_INSTR] Recv: key=psum.7_0_sr_27_28|s200001->100001d|$c0$l706382469^i0 size=0 is_single_chunk=true is_aligned=true memcpy_needed=false
I0909 09:21:23.054491    1352 grpc_transport.cc:1743] [MEGASCALE_TRANSPORT_INSTR] SendRpc: key=psum.7_0_1_ag_0_sr_28_29|s100004->200004d|$c0$l706382469^i0 size=8388608 queue_latency_us=0 attempt=0
I0909 09:21:23.054887    1938 grpc_transport.cc:1414] [MEGASCALE_TRANSPORT_INSTR] Recv: key=psum.7_0_sr_22_23|s200000->100000d|$c0$l706382469^i0 size=0 is_single_chunk=true is_aligned=true memcpy_needed=false
I0909 09:21:23.071126    1859 grpc_transport.cc:1414] [MEGASCALE_TRANSPORT_INSTR] Recv: key=psum.7_0_sr_46_47|s200000->100000d|$c0$l706382469^i0 size=0 is_single_chunk=true is_aligned=true memcpy_needed=false
I0909 09:21:23.086064    2202 grpc_transport.cc:1743] [MEGASCALE_TRANSPORT_INSTR] SendRpc: key=psum.7_0_1_ag_0_sr_62_63|s100002->200002d|$c0$l706382469^i0 size=8388608 queue_latency_us=0 attempt=0
I0909 09:21:23.091512    1940 grpc_transport.cc:1414] [MEGASCALE_TRANSPORT_INSTR] Recv: key=psum.7_0_sr_44_45|s200005->100005d|$c0$l706382469^i0 size=0 is_single_chunk=true is_aligned=true memcpy_needed=false
I0909 09:21:23.103366    1713 grpc_transport.cc:1743] [MEGASCALE_TRANSPORT_INSTR] SendRpc: key=psum.7_0_1_ag_0_sr_35_36|s100000->200000d|$c0$l706382469^i0 size=8388608 queue_latency_us=0 attempt=0
I0909 09:21:23.110382     786 grpc_transport.cc:1414] [MEGASCALE_TRANSPORT_INSTR] Recv: key=psum.7_0_1_ag_0_sr_94_95|s200004->100004d|$c0$l706382469^i0 size=0 is_single_chunk=true is_aligned=true memcpy_needed=false
I0909 09:21:23.123690    1873 grpc_transport.cc:1743] [MEGASCALE_TRANSPORT_INSTR] SendRpc: key=psum.7_0_1_ag_0_sr_28_29|s100005->200005d|$c0$l706382469^i0 size=8388608 queue_latency_us=0 attempt=0
I0909 09:21:23.132874    2392 grpc_transport.cc:1743] [MEGASCALE_TRANSPORT_INSTR] SendRpc: key=psum.7_0_1_ag_0_sr_42_43|s100003->200003d|$c0$l706382469^i0 size=8388608 queue_latency_us=0 attempt=0
I0909 09:21:23.135073    1864 grpc_transport.cc:1414] [MEGASCALE_TRANSPORT_INSTR] Recv: key=psum.7_0_1_ag_0_sr_72_73|s200001->100001d|$c0$l706382469^i0 size=0 is_single_chunk=true is_aligned=true memcpy_needed=false
I0909 09:21:23.157569     786 grpc_transport.cc:1414] [MEGASCALE_TRANSPORT_INSTR] Recv: key=psum.7_0_1_ag_0_sr_94_95|s200005->100005d|$c0$l706382469^i0 size=0 is_single_chunk=true is_aligned=true memcpy_needed=false
I0909 09:21:23.175234    1859 grpc_transport.cc:1414] [MEGASCALE_TRANSPORT_INSTR] Recv: key=psum.7_0_1_ag_0_sr_84_85|s200000->100000d|$c0$l706382469^i0 size=0 is_single_chunk=true is_aligned=true memcpy_needed=false
I0909 09:21:23.193677     803 grpc_transport.cc:1414] [MEGASCALE_TRANSPORT_INSTR] Recv: key=psum.7_0_1_ag_0_sr_65_66|s200007->100007d|$c0$l706382469^i0 size=0 is_single_chunk=true is_aligned=true memcpy_needed=false
I0909 09:21:23.228547    2202 grpc_transport.cc:1743] [MEGASCALE_TRANSPORT_INSTR] SendRpc: key=psum.7_0_sr_79_80|s100002->200002d|$c0$l706382470^i0 size=8388608 queue_latency_us=0 attempt=0
I0909 09:21:23.233024    1371 grpc_transport.cc:1743] [MEGASCALE_TRANSPORT_INSTR] SendRpc: key=psum.7_0_sr_75_76|s100006->200006d|$c0$l706382470^i0 size=8388608 queue_latency_us=0 attempt=0
I0909 09:21:23.235332    1701 grpc_transport.cc:1743] [MEGASCALE_TRANSPORT_INSTR] SendRpc: key=psum.7_0_sr_89_90|s100004->200004d|$c0$l706382470^i0 size=8388608 queue_latency_us=0 attempt=0
I0909 09:21:23.237739    1954 grpc_transport.cc:1743] [MEGASCALE_TRANSPORT_INSTR] SendRpc: key=psum.7_0_sr_102_103|s100004->200004d|$c0$l706382470^i0 size=8388608 queue_latency_us=0 attempt=0
I0909 09:21:23.242009    1395 grpc_transport.cc:1743] [MEGASCALE_TRANSPORT_INSTR] SendRpc: key=psum.7_0_sr_106_107|s100007->200007d|$c0$l706382470^i0 size=8388608 queue_latency_us=0 attempt=0
I0909 09:21:23.246257    2205 grpc_transport.cc:1414] [MEGASCALE_TRANSPORT_INSTR] Recv: key=psum.7_0_sr_2_3|s200002->100002d|$c0$l706382470^i0 size=0 is_single_chunk=true is_aligned=true memcpy_needed=false
I0909 09:21:23.278537    1859 grpc_transport.cc:1414] [MEGASCALE_TRANSPORT_INSTR] Recv: key=psum.7_0_sr_48_49|s200004->100004d|$c0$l706382470^i0 size=0 is_single_chunk=true is_aligned=true memcpy_needed=false
I0909 09:21:23.297950    2208 grpc_transport.cc:1414] [MEGASCALE_TRANSPORT_INSTR] Recv: key=psum.7_0_sr_7_8|s200006->100006d|$c0$l706382470^i0 size=0 is_single_chunk=true is_aligned=true memcpy_needed=false
I0909 09:21:23.298561    1859 grpc_transport.cc:1743] [MEGASCALE_TRANSPORT_INSTR] SendRpc: key=psum.7_0_1_ag_0_sr_8_9|s100004->200004d|$c0$l706382470^i0 size=8388608 queue_latency_us=0 attempt=0
I0909 09:21:23.316486    1360 grpc_transport.cc:1414] [MEGASCALE_TRANSPORT_INSTR] Recv: key=psum.7_0_sr_26_27|s200007->100007d|$c0$l706382470^i0 size=0 is_single_chunk=true is_aligned=true memcpy_needed=false
I0909 09:21:23.334454    1939 grpc_transport.cc:1414] [MEGASCALE_TRANSPORT_INSTR] Recv: key=psum.7_0_sr_39_40|s200005->100005d|$c0$l706382470^i0 size=0 is_single_chunk=true is_aligned=true memcpy_needed=false
I0909 09:21:23.348121    1703 grpc_transport.cc:1743] [MEGASCALE_TRANSPORT_INSTR] SendRpc: key=psum.7_0_1_ag_0_sr_39_40|s100000->200000d|$c0$l706382470^i0 size=8388608 queue_latency_us=0 attempt=0
I0909 09:21:23.355587    1717 grpc_transport.cc:1414] [MEGASCALE_TRANSPORT_INSTR] Recv: key=psum.7_0_1_ag_0_sr_72_73|s200000->100000d|$c0$l706382470^i0 size=0 is_single_chunk=true is_aligned=true memcpy_needed=false
I0909 09:21:23.366032    1940 grpc_transport.cc:1743] [MEGASCALE_TRANSPORT_INSTR] SendRpc: key=psum.7_0_1_ag_0_sr_6_7|s100001->200001d|$c0$l706382470^i0 size=8388608 queue_latency_us=2 attempt=0
I0909 09:21:23.373242    1717 grpc_transport.cc:1743] [MEGASCALE_TRANSPORT_INSTR] SendRpc: key=psum.7_0_1_ag_0_sr_63_64|s100001->200001d|$c0$l706382470^i0 size=8388608 queue_latency_us=0 attempt=0
I0909 09:21:23.379389    1699 grpc_transport.cc:1414] [MEGASCALE_TRANSPORT_INSTR] Recv: key=psum.7_0_1_ag_0_sr_120_121|s200000->100000d|$c0$l706382470^i0 size=0 is_single_chunk=true is_aligned=true memcpy_needed=false
I0909 09:21:23.386491    1395 grpc_transport.cc:1743] [MEGASCALE_TRANSPORT_INSTR] SendRpc: key=psum.7_0_1_ag_0_sr_22_23|s100007->200007d|$c0$l706382470^i0 size=8388608 queue_latency_us=0 attempt=0
I0909 09:21:23.391230     803 grpc_transport.cc:1743] [MEGASCALE_TRANSPORT_INSTR] SendRpc: key=psum.7_0_1_ag_0_sr_57_58|s100003->200003d|$c0$l706382470^i0 size=8388608 queue_latency_us=0 attempt=0
I0909 09:21:23.410612    2392 grpc_transport.cc:1414] [MEGASCALE_TRANSPORT_INSTR] Recv: key=psum.7_0_1_ag_0_sr_72_73|s200003->100003d|$c0$l706382470^i0 size=0 is_single_chunk=true is_aligned=true memcpy_needed=false
I0909 09:21:23.429476     803 grpc_transport.cc:1414] [MEGASCALE_TRANSPORT_INSTR] Recv: key=psum.7_0_1_ag_0_sr_83_84|s200003->100003d|$c0$l706382470^i0 size=0 is_single_chunk=true is_aligned=true memcpy_needed=false
I0909 09:21:23.447247    2392 grpc_transport.cc:1414] [MEGASCALE_TRANSPORT_INSTR] Recv: key=psum.7_0_1_ag_0_sr_107_108|s200006->100006d|$c0$l706382470^i0 size=0 is_single_chunk=true is_aligned=true memcpy_needed=false
I0909 09:21:23.466991     803 grpc_transport.cc:1414] [MEGASCALE_TRANSPORT_INSTR] Recv: key=psum.7_0_1_ag_0_sr_119_120|s200007->100007d|$c0$l706382470^i0 size=0 is_single_chunk=true is_aligned=true memcpy_needed=false
I0909 09:21:23.485417    1938 grpc_transport.cc:1743] [MEGASCALE_TRANSPORT_INSTR] SendRpc: key=psum.7_0_sr_76_77|s100005->200005d|$c0$l706382471^i0 size=8388608 queue_latency_us=0 attempt=0
I0909 09:21:23.488786    2209 grpc_transport.cc:1743] [MEGASCALE_TRANSPORT_INSTR] SendRpc: key=psum.7_0_sr_100_101|s100002->200002d|$c0$l706382471^i0 size=8388608 queue_latency_us=0 attempt=0
I0909 09:21:23.491533    1740 grpc_transport.cc:1743] [MEGASCALE_TRANSPORT_INSTR] SendRpc: key=psum.7_0_sr_93_94|s100004->200004d|$c0$l706382471^i0 size=8388608 queue_latency_us=0 attempt=0
I0909 09:21:23.495022    1391 grpc_transport.cc:1743] [MEGASCALE_TRANSPORT_INSTR] SendRpc: key=psum.7_0_sr_113_114|s100003->200003d|$c0$l706382471^i0 size=8388608 queue_latency_us=0 attempt=0
I0909 09:21:23.499524    2200 grpc_transport.cc:1743] [MEGASCALE_TRANSPORT_INSTR] SendRpc: key=psum.7_0_sr_125_126|s100003->200003d|$c0$l706382471^i0 size=8388608 queue_latency_us=0 attempt=0
I0909 09:21:23.526910    1702 grpc_transport.cc:1414] [MEGASCALE_TRANSPORT_INSTR] Recv: key=psum.7_0_sr_17_18|s200004->100004d|$c0$l706382471^i0 size=0 is_single_chunk=true is_aligned=true memcpy_needed=false
I0909 09:21:23.549797    1702 grpc_transport.cc:1414] [MEGASCALE_TRANSPORT_INSTR] Recv: key=psum.7_0_sr_43_44|s200004->100004d|$c0$l706382471^i0 size=0 is_single_chunk=true is_aligned=true memcpy_needed=false
I0909 09:21:23.568587    2170 grpc_transport.cc:1414] [MEGASCALE_TRANSPORT_INSTR] Recv: key=psum.7_0_sr_61_62|s200004->100004d|$c0$l706382471^i0 size=0 is_single_chunk=true is_aligned=true memcpy_needed=false
I0909 09:21:23.588615    1702 grpc_transport.cc:1414] [MEGASCALE_TRANSPORT_INSTR] Recv: key=psum.7_0_sr_22_23|s200000->100000d|$c0$l706382471^i0 size=0 is_single_chunk=true is_aligned=true memcpy_needed=false
I0909 09:21:23.590029    1860 grpc_transport.cc:1743] [MEGASCALE_TRANSPORT_INSTR] SendRpc: key=psum.7_0_1_ag_0_sr_19_20|s100004->200004d|$c0$l706382471^i0 size=8388608 queue_latency_us=0 attempt=0
I0909 09:21:23.604697    2226 grpc_transport.cc:1743] [MEGASCALE_TRANSPORT_INSTR] SendRpc: key=psum.7_0_1_ag_0_sr_20_21|s100002->200002d|$c0$l706382471^i0 size=8388608 queue_latency_us=1 attempt=0
I0909 09:21:23.611965    1730 grpc_transport.cc:1414] [MEGASCALE_TRANSPORT_INSTR] Recv: key=psum.7_0_sr_39_40|s200006->100006d|$c0$l706382471^i0 size=0 is_single_chunk=true is_aligned=true memcpy_needed=false
I0909 09:21:23.618364    1942 grpc_transport.cc:1743] [MEGASCALE_TRANSPORT_INSTR] SendRpc: key=psum.7_0_1_ag_0_sr_23_24|s100000->200000d|$c0$l706382471^i0 size=8388608 queue_latency_us=0 attempt=0
I0909 09:21:23.625847     805 grpc_transport.cc:1743] [MEGASCALE_TRANSPORT_INSTR] SendRpc: key=psum.7_0_1_ag_0_sr_61_62|s100007->200007d|$c0$l706382471^i0 size=8388608 queue_latency_us=0 attempt=0
I0909 09:21:23.638704    1358 grpc_transport.cc:1414] [MEGASCALE_TRANSPORT_INSTR] Recv: key=psum.7_0_1_ag_0_sr_66_67|s200005->100005d|$c0$l706382471^i0 size=0 is_single_chunk=true is_aligned=true memcpy_needed=false
I0909 09:21:23.642571    2392 grpc_transport.cc:1743] [MEGASCALE_TRANSPORT_INSTR] SendRpc: key=psum.7_0_1_ag_0_sr_33_34|s100003->200003d|$c0$l706382471^i0 size=8388608 queue_latency_us=0 attempt=0
I0909 09:21:23.666155    2392 grpc_transport.cc:1414] [MEGASCALE_TRANSPORT_INSTR] Recv: key=psum.7_0_1_ag_0_sr_74_75|s200003->100003d|$c0$l706382471^i0 size=0 is_single_chunk=true is_aligned=true memcpy_needed=false
I0909 09:21:23.685181    1701 grpc_transport.cc:1414] [MEGASCALE_TRANSPORT_INSTR] Recv: key=psum.7_0_1_ag_0_sr_92_93|s200000->100000d|$c0$l706382471^i0 size=0 is_single_chunk=true is_aligned=true memcpy_needed=false
I0909 09:21:23.703957    2202 grpc_transport.cc:1414] [MEGASCALE_TRANSPORT_INSTR] Recv: key=psum.7_0_1_ag_0_sr_98_99|s200007->100007d|$c0$l706382471^i0 size=0 is_single_chunk=true is_aligned=true memcpy_needed=false
I0909 09:21:23.720294    2202 grpc_transport.cc:1414] [MEGASCALE_TRANSPORT_INSTR] Recv: key=psum.7_0_1_ag_0_sr_91_92|s200002->100002d|$c0$l706382471^i0 size=0 is_single_chunk=true is_aligned=true memcpy_needed=false
I0909 09:21:23.744568    1715 grpc_transport.cc:1743] [MEGASCALE_TRANSPORT_INSTR] SendRpc: key=psum.7_0_sr_76_77|s100001->200001d|$c0$l706382472^i0 size=8388608 queue_latency_us=0 attempt=0
I0909 09:21:23.748772    2214 grpc_transport.cc:1743] [MEGASCALE_TRANSPORT_INSTR] SendRpc: key=psum.7_0_sr_68_69|s100003->200003d|$c0$l706382472^i0 size=8388608 queue_latency_us=0 attempt=0
I0909 09:21:23.752508    2208 grpc_transport.cc:1743] [MEGASCALE_TRANSPORT_INSTR] SendRpc: key=psum.7_0_sr_82_83|s100003->200003d|$c0$l706382472^i0 size=8388608 queue_latency_us=0 attempt=0
I0909 09:21:23.756836    2200 grpc_transport.cc:1743] [MEGASCALE_TRANSPORT_INSTR] SendRpc: key=psum.7_0_sr_104_105|s100007->200007d|$c0$l706382472^i0 size=8388608 queue_latency_us=0 attempt=0
I0909 09:21:23.761736    1715 grpc_transport.cc:1743] [MEGASCALE_TRANSPORT_INSTR] SendRpc: key=psum.7_0_sr_112_113|s100004->200004d|$c0$l706382472^i0 size=8388608 queue_latency_us=0 attempt=0
I0909 09:21:23.782096    1940 grpc_transport.cc:1414] [MEGASCALE_TRANSPORT_INSTR] Recv: key=psum.7_0_sr_14_15|s200000->100000d|$c0$l706382472^i0 size=0 is_single_chunk=true is_aligned=true memcpy_needed=false
I0909 09:21:23.804953     803 grpc_transport.cc:1414] [MEGASCALE_TRANSPORT_INSTR] Recv: key=psum.7_0_sr_49_50|s200007->100007d|$c0$l706382472^i0 size=0 is_single_chunk=true is_aligned=true memcpy_needed=false
I0909 09:21:23.823183    1699 grpc_transport.cc:1414] [MEGASCALE_TRANSPORT_INSTR] Recv: key=psum.7_0_sr_9_10|s200005->100005d|$c0$l706382472^i0 size=0 is_single_chunk=true is_aligned=true memcpy_needed=false
I0909 09:21:23.845310    1730 grpc_transport.cc:1743] [MEGASCALE_TRANSPORT_INSTR] SendRpc: key=psum.7_0_1_ag_0_sr_57_58|s100007->200007d|$c0$l706382472^i0 size=8388608 queue_latency_us=0 attempt=0
I0909 09:21:23.848138    2394 grpc_transport.cc:1414] [MEGASCALE_TRANSPORT_INSTR] Recv: key=psum.7_0_sr_29_30|s200006->100006d|$c0$l706382472^i0 size=0 is_single_chunk=true is_aligned=true memcpy_needed=false
I0909 09:21:23.864846     786 grpc_transport.cc:1743] [MEGASCALE_TRANSPORT_INSTR] SendRpc: key=psum.7_0_1_ag_0_sr_30_31|s100000->200000d|$c0$l706382472^i0 size=8388608 queue_latency_us=0 attempt=0
I0909 09:21:23.866461    2208 grpc_transport.cc:1414] [MEGASCALE_TRANSPORT_INSTR] Recv: key=psum.7_0_sr_54_55|s200002->100002d|$c0$l706382472^i0 size=0 is_single_chunk=true is_aligned=true memcpy_needed=false
I0909 09:21:23.886002     786 grpc_transport.cc:1414] [MEGASCALE_TRANSPORT_INSTR] Recv: key=psum.7_0_1_ag_0_sr_114_115|s200001->100001d|$c0$l706382472^i0 size=0 is_single_chunk=true is_aligned=true memcpy_needed=false
I0909 09:21:23.887561    1360 grpc_transport.cc:1743] [MEGASCALE_TRANSPORT_INSTR] SendRpc: key=psum.7_0_1_ag_0_sr_2_3|s100002->200002d|$c0$l706382472^i0 size=8388608 queue_latency_us=0 attempt=0
I0909 09:21:23.896160    1354 grpc_transport.cc:1743] [MEGASCALE_TRANSPORT_INSTR] SendRpc: key=psum.7_0_1_ag_0_sr_51_52|s100005->200005d|$c0$l706382472^i0 size=8388608 queue_latency_us=0 attempt=0
I0909 09:21:23.909343    1730 grpc_transport.cc:1743] [MEGASCALE_TRANSPORT_INSTR] SendRpc: key=psum.7_0_1_ag_0_sr_45_46|s100003->200003d|$c0$l706382472^i0 size=8388608 queue_latency_us=0 attempt=0
I0909 09:21:23.912224    1730 grpc_transport.cc:1414] [MEGASCALE_TRANSPORT_INSTR] Recv: key=psum.7_0_1_ag_0_sr_105_106|s200006->100006d|$c0$l706382472^i0 size=0 is_single_chunk=true is_aligned=true memcpy_needed=false
I0909 09:21:23.931594    1354 grpc_transport.cc:1414] [MEGASCALE_TRANSPORT_INSTR] Recv: key=psum.7_0_1_ag_0_sr_103_104|s200005->100005d|$c0$l706382472^i0 size=0 is_single_chunk=true is_aligned=true memcpy_needed=false
I0909 09:21:23.949301    2170 grpc_transport.cc:1414] [MEGASCALE_TRANSPORT_INSTR] Recv: key=psum.7_0_1_ag_0_sr_91_92|s200004->100004d|$c0$l706382472^i0 size=0 is_single_chunk=true is_aligned=true memcpy_needed=false
I0909 09:21:23.966670    2200 grpc_transport.cc:1414] [MEGASCALE_TRANSPORT_INSTR] Recv: key=psum.7_0_1_ag_0_sr_68_69|s200003->100003d|$c0$l706382472^i0 size=0 is_single_chunk=true is_aligned=true memcpy_needed=false
I0909 09:21:23.999702    2233 grpc_transport.cc:1743] [MEGASCALE_TRANSPORT_INSTR] SendRpc: key=psum.7_0_sr_67_68|s100002->200002d|$c0$l706382473^i0 size=8388608 queue_latency_us=0 attempt=0
I0909 09:21:24.003629    1940 grpc_transport.cc:1743] [MEGASCALE_TRANSPORT_INSTR] SendRpc: key=psum.7_0_sr_67_68|s100005->200005d|$c0$l706382473^i0 size=8388608 queue_latency_us=0 attempt=0
I0909 09:21:24.006237    2401 grpc_transport.cc:1743] [MEGASCALE_TRANSPORT_INSTR] SendRpc: key=psum.7_0_sr_113_114|s100002->200002d|$c0$l706382473^i0 size=8388608 queue_latency_us=0 attempt=0
I0909 09:21:24.010241    1947 grpc_transport.cc:1743] [MEGASCALE_TRANSPORT_INSTR] SendRpc: key=psum.7_0_sr_105_106|s100004->200004d|$c0$l706382473^i0 size=8388608 queue_latency_us=0 attempt=0
I0909 09:21:24.014358    1730 grpc_transport.cc:1743] [MEGASCALE_TRANSPORT_INSTR] SendRpc: key=psum.7_0_sr_119_120|s100003->200003d|$c0$l706382473^i0 size=8388608 queue_latency_us=0 attempt=0
I0909 09:21:24.043757    1943 grpc_transport.cc:1414] [MEGASCALE_TRANSPORT_INSTR] Recv: key=psum.7_0_sr_0_1|s200001->100001d|$c0$l706382473^i0 size=0 is_single_chunk=true is_aligned=true memcpy_needed=false
I0909 09:21:24.067554    1701 grpc_transport.cc:1414] [MEGASCALE_TRANSPORT_INSTR] Recv: key=psum.7_0_sr_7_8|s200005->100005d|$c0$l706382473^i0 size=0 is_single_chunk=true is_aligned=true memcpy_needed=false
I0909 09:21:24.088179    1701 grpc_transport.cc:1414] [MEGASCALE_TRANSPORT_INSTR] Recv: key=psum.7_0_sr_21_22|s200004->100004d|$c0$l706382473^i0 size=0 is_single_chunk=true is_aligned=true memcpy_needed=false
I0909 09:21:24.105827    2200 grpc_transport.cc:1414] [MEGASCALE_TRANSPORT_INSTR] Recv: key=psum.7_0_sr_42_43|s200007->100007d|$c0$l706382473^i0 size=0 is_single_chunk=true is_aligned=true memcpy_needed=false
I0909 09:21:24.124194    1859 grpc_transport.cc:1414] [MEGASCALE_TRANSPORT_INSTR] Recv: key=psum.7_0_sr_42_43|s200000->100000d|$c0$l706382473^i0 size=0 is_single_chunk=true is_aligned=true memcpy_needed=false
I0909 09:21:24.127164    1947 grpc_transport.cc:1743] [MEGASCALE_TRANSPORT_INSTR] SendRpc: key=psum.7_0_1_ag_0_sr_32_33|s100001->200001d|$c0$l706382473^i0 size=8388608 queue_latency_us=1 attempt=0
I0909 09:21:24.141752    1358 grpc_transport.cc:1743] [MEGASCALE_TRANSPORT_INSTR] SendRpc: key=psum.7_0_1_ag_0_sr_7_8|s100004->200004d|$c0$l706382473^i0 size=8388608 queue_latency_us=0 attempt=0
I0909 09:21:24.152401    2392 grpc_transport.cc:1414] [MEGASCALE_TRANSPORT_INSTR] Recv: key=psum.7_0_1_ag_0_sr_70_71|s200002->100002d|$c0$l706382473^i0 size=0 is_single_chunk=true is_aligned=true memcpy_needed=false
I0909 09:21:24.153286    1863 grpc_transport.cc:1743] [MEGASCALE_TRANSPORT_INSTR] SendRpc: key=psum.7_0_1_ag_0_sr_28_29|s100005->200005d|$c0$l706382473^i0 size=8388608 queue_latency_us=0 attempt=0
I0909 09:21:24.169342    2220 grpc_transport.cc:1743] [MEGASCALE_TRANSPORT_INSTR] SendRpc: key=psum.7_0_1_ag_0_sr_14_15|s100007->200007d|$c0$l706382473^i0 size=8388608 queue_latency_us=0 attempt=0
I0909 09:21:24.175493    1859 grpc_transport.cc:1414] [MEGASCALE_TRANSPORT_INSTR] Recv: key=psum.7_0_1_ag_0_sr_98_99|s200004->100004d|$c0$l706382473^i0 size=0 is_single_chunk=true is_aligned=true memcpy_needed=false
I0909 09:21:24.177263    1764 grpc_transport.cc:1743] [MEGASCALE_TRANSPORT_INSTR] SendRpc: key=psum.7_0_1_ag_0_sr_31_32|s100003->200003d|$c0$l706382473^i0 size=8388608 queue_latency_us=0 attempt=0
I0909 09:21:24.193421    1864 grpc_transport.cc:1414] [MEGASCALE_TRANSPORT_INSTR] Recv: key=psum.7_0_1_ag_0_sr_66_67|s200001->100001d|$c0$l706382473^i0 size=0 is_single_chunk=true is_aligned=true memcpy_needed=false
I0909 09:21:24.210504    1936 grpc_transport.cc:1414] [MEGASCALE_TRANSPORT_INSTR] Recv: key=psum.7_0_1_ag_0_sr_86_87|s200005->100005d|$c0$l706382473^i0 size=0 is_single_chunk=true is_aligned=true memcpy_needed=false
I0909 09:21:24.228147    2200 grpc_transport.cc:1414] [MEGASCALE_TRANSPORT_INSTR] Recv: key=psum.7_0_1_ag_0_sr_108_109|s200003->100003d|$c0$l706382473^i0 size=0 is_single_chunk=true is_aligned=true memcpy_needed=false
I0909 09:21:24.259571    1761 grpc_transport.cc:1743] [MEGASCALE_TRANSPORT_INSTR] SendRpc: key=psum.7_0_sr_91_92|s100002->200002d|$c0$l706382474^i0 size=8388608 queue_latency_us=0 attempt=0
I0909 09:21:24.262809    2214 grpc_transport.cc:1743] [MEGASCALE_TRANSPORT_INSTR] SendRpc: key=psum.7_0_sr_124_125|s100002->200002d|$c0$l706382474^i0 size=8388608 queue_latency_us=0 attempt=0
I0909 09:21:24.269746    2175 grpc_transport.cc:1743] [MEGASCALE_TRANSPORT_INSTR] SendRpc: key=psum.7_0_sr_88_89|s100001->200001d|$c0$l706382474^i0 size=8388608 queue_latency_us=0 attempt=0
W0909 09:21:24.270798    1732 grpc_transport.cc:1186] Too many pending sends: 199
I0909 09:21:24.272831     790 grpc_transport.cc:1743] [MEGASCALE_TRANSPORT_INSTR] SendRpc: key=psum.7_0_sr_99_100|s100000->200000d|$c0$l706382474^i0 size=8388608 queue_latency_us=0 attempt=0
I0909 09:21:24.275765    1940 grpc_transport.cc:1743] [MEGASCALE_TRANSPORT_INSTR] SendRpc: key=psum.7_0_sr_126_127|s100000->200000d|$c0$l706382474^i0 size=8388608 queue_latency_us=0 attempt=0
I0909 09:21:24.283121    1354 grpc_transport.cc:1414] [MEGASCALE_TRANSPORT_INSTR] Recv: key=psum.7_0_sr_1_2|s200004->100004d|$c0$l706382474^i0 size=0 is_single_chunk=true is_aligned=true memcpy_needed=false
I0909 09:21:24.312955    2392 grpc_transport.cc:1414] [MEGASCALE_TRANSPORT_INSTR] Recv: key=psum.7_0_sr_44_45|s200002->100002d|$c0$l706382474^i0 size=0 is_single_chunk=true is_aligned=true memcpy_needed=false
I0909 09:21:24.335106     803 grpc_transport.cc:1414] [MEGASCALE_TRANSPORT_INSTR] Recv: key=psum.7_0_sr_14_15|s200007->100007d|$c0$l706382474^i0 size=0 is_single_chunk=true is_aligned=true memcpy_needed=false
I0909 09:21:24.355386     803 grpc_transport.cc:1743] [MEGASCALE_TRANSPORT_INSTR] SendRpc: key=psum.7_0_1_ag_0_sr_8_9|s100002->200002d|$c0$l706382474^i0 size=8388608 queue_latency_us=0 attempt=0
I0909 09:21:24.357574    1938 grpc_transport.cc:1414] [MEGASCALE_TRANSPORT_INSTR] Recv: key=psum.7_0_sr_48_49|s200004->100004d|$c0$l706382474^i0 size=0 is_single_chunk=true is_aligned=true memcpy_needed=false
I0909 09:21:24.376128    1701 grpc_transport.cc:1414] [MEGASCALE_TRANSPORT_INSTR] Recv: key=psum.7_0_sr_56_57|s200001->100001d|$c0$l706382474^i0 size=0 is_single_chunk=true is_aligned=true memcpy_needed=false
I0909 09:21:24.390355    2205 grpc_transport.cc:1743] [MEGASCALE_TRANSPORT_INSTR] SendRpc: key=psum.7_0_1_ag_0_sr_5_6|s100007->200007d|$c0$l706382474^i0 size=8388608 queue_latency_us=0 attempt=0
I0909 09:21:24.397740    2202 grpc_transport.cc:1743] [MEGASCALE_TRANSPORT_INSTR] SendRpc: key=psum.7_0_1_ag_0_sr_49_50|s100007->200007d|$c0$l706382474^i0 size=8388608 queue_latency_us=0 attempt=0
I0909 09:21:24.401343    1730 grpc_transport.cc:1414] [MEGASCALE_TRANSPORT_INSTR] Recv: key=psum.7_0_sr_55_56|s200006->100006d|$c0$l706382474^i0 size=0 is_single_chunk=true is_aligned=true memcpy_needed=false
I0909 09:21:24.409953     787 grpc_transport.cc:1743] [MEGASCALE_TRANSPORT_INSTR] SendRpc: key=psum.7_0_1_ag_0_sr_26_27|s100004->200004d|$c0$l706382474^i0 size=8388608 queue_latency_us=0 attempt=0
I0909 09:21:24.424965    1940 grpc_transport.cc:1414] [MEGASCALE_TRANSPORT_INSTR] Recv: key=psum.7_0_1_ag_0_sr_70_71|s200004->100004d|$c0$l706382474^i0 size=0 is_single_chunk=true is_aligned=true memcpy_needed=false
I0909 09:21:24.432940     806 grpc_transport.cc:1743] [MEGASCALE_TRANSPORT_INSTR] SendRpc: key=psum.7_0_1_ag_0_sr_30_31|s100006->200006d|$c0$l706382474^i0 size=8388608 queue_latency_us=0 attempt=0
I0909 09:21:24.444119    2394 grpc_transport.cc:1414] [MEGASCALE_TRANSPORT_INSTR] Recv: key=psum.7_0_1_ag_0_sr_98_99|s200002->100002d|$c0$l706382474^i0 size=0 is_single_chunk=true is_aligned=true memcpy_needed=false
I0909 09:21:24.444671    2211 grpc_transport.cc:1743] [MEGASCALE_TRANSPORT_INSTR] SendRpc: key=psum.7_0_1_ag_0_sr_63_64|s100003->200003d|$c0$l706382474^i0 size=8388608 queue_latency_us=0 attempt=0
I0909 09:21:24.460241     803 grpc_transport.cc:1414] [MEGASCALE_TRANSPORT_INSTR] Recv: key=psum.7_0_1_ag_0_sr_112_113|s200006->100006d|$c0$l706382474^i0 size=0 is_single_chunk=true is_aligned=true memcpy_needed=false
I0909 09:21:24.477745    2200 grpc_transport.cc:1414] [MEGASCALE_TRANSPORT_INSTR] Recv: key=psum.7_0_1_ag_0_sr_91_92|s200003->100003d|$c0$l706382474^i0 size=0 is_single_chunk=true is_aligned=true memcpy_needed=false
I0909 09:21:24.505786    2392 grpc_transport.cc:1414] [MEGASCALE_TRANSPORT_INSTR] Recv: key=psum.7_0_1_ag_0_sr_117_118|s200007->100007d|$c0$l706382474^i0 size=0 is_single_chunk=true is_aligned=true memcpy_needed=false
I0909 09:21:24.531929     814 grpc_transport.cc:1743] [MEGASCALE_TRANSPORT_INSTR] SendRpc: key=psum.7_0_sr_69_70|s100006->200006d|$c0$l706382475^i0 size=8388608 queue_latency_us=0 attempt=0
I0909 09:21:24.534877    2214 grpc_transport.cc:1743] [MEGASCALE_TRANSPORT_INSTR] SendRpc: key=psum.7_0_sr_69_70|s100007->200007d|$c0$l706382475^i0 size=8388608 queue_latency_us=0 attempt=0
I0909 09:21:24.537875    1719 grpc_transport.cc:1743] [MEGASCALE_TRANSPORT_INSTR] SendRpc: key=psum.7_0_sr_97_98|s100002->200002d|$c0$l706382475^i0 size=8388608 queue_latency_us=0 attempt=0
I0909 09:21:24.541448    1940 grpc_transport.cc:1743] [MEGASCALE_TRANSPORT_INSTR] SendRpc: key=psum.7_0_sr_124_125|s100005->200005d|$c0$l706382475^i0 size=8388608 queue_latency_us=0 attempt=0
I0909 09:21:24.545754    2214 grpc_transport.cc:1743] [MEGASCALE_TRANSPORT_INSTR] SendRpc: key=psum.7_0_sr_124_125|s100007->200007d|$c0$l706382475^i0 size=8388608 queue_latency_us=0 attempt=0
I0909 09:21:24.562631    2224 grpc_transport.cc:1414] [MEGASCALE_TRANSPORT_INSTR] Recv: key=psum.7_0_sr_13_14|s200006->100006d|$c0$l706382475^i0 size=0 is_single_chunk=true is_aligned=true memcpy_needed=false
I0909 09:21:24.583151    1352 grpc_transport.cc:1414] [MEGASCALE_TRANSPORT_INSTR] Recv: key=psum.7_0_sr_16_17|s200005->100005d|$c0$l706382475^i0 size=0 is_single_chunk=true is_aligned=true memcpy_needed=false
I0909 09:21:24.600288    1358 grpc_transport.cc:1414] [MEGASCALE_TRANSPORT_INSTR] Recv: key=psum.7_0_sr_32_33|s200001->100001d|$c0$l706382475^i0 size=0 is_single_chunk=true is_aligned=true memcpy_needed=false
I0909 09:21:24.617526    1360 grpc_transport.cc:1414] [MEGASCALE_TRANSPORT_INSTR] Recv: key=psum.7_0_sr_43_44|s200007->100007d|$c0$l706382475^i0 size=0 is_single_chunk=true is_aligned=true memcpy_needed=false
I0909 09:21:24.635620    1939 grpc_transport.cc:1414] [MEGASCALE_TRANSPORT_INSTR] Recv: key=psum.7_0_sr_61_62|s200001->100001d|$c0$l706382475^i0 size=0 is_single_chunk=true is_aligned=true memcpy_needed=false
I0909 09:21:24.648825    1724 grpc_transport.cc:1743] [MEGASCALE_TRANSPORT_INSTR] SendRpc: key=psum.7_0_1_ag_0_sr_1_2|s100000->200000d|$c0$l706382475^i0 size=8388608 queue_latency_us=0 attempt=0
I0909 09:21:24.656965    1403 grpc_transport.cc:1743] [MEGASCALE_TRANSPORT_INSTR] SendRpc: key=psum.7_0_1_ag_0_sr_14_15|s100006->200006d|$c0$l706382475^i0 size=8388608 queue_latency_us=1 attempt=0
I0909 09:21:24.664034    1938 grpc_transport.cc:1743] [MEGASCALE_TRANSPORT_INSTR] SendRpc: key=psum.7_0_1_ag_0_sr_39_40|s100001->200001d|$c0$l706382475^i0 size=8388608 queue_latency_us=0 attempt=0
I0909 09:21:24.671627    1936 grpc_transport.cc:1743] [MEGASCALE_TRANSPORT_INSTR] SendRpc: key=psum.7_0_1_ag_0_sr_23_24|s100005->200005d|$c0$l706382475^i0 size=8388608 queue_latency_us=0 attempt=0
I0909 09:21:24.675012    1730 grpc_transport.cc:1414] [MEGASCALE_TRANSPORT_INSTR] Recv: key=psum.7_0_1_ag_0_sr_68_69|s200002->100002d|$c0$l706382475^i0 size=0 is_single_chunk=true is_aligned=true memcpy_needed=false
I0909 09:21:24.678279     786 grpc_transport.cc:1743] [MEGASCALE_TRANSPORT_INSTR] SendRpc: key=psum.7_0_1_ag_0_sr_57_58|s100005->200005d|$c0$l706382475^i0 size=8388608 queue_latency_us=0 attempt=0
I0909 09:21:24.693327    1701 grpc_transport.cc:1414] [MEGASCALE_TRANSPORT_INSTR] Recv: key=psum.7_0_1_ag_0_sr_107_108|s200000->100000d|$c0$l706382475^i0 size=0 is_single_chunk=true is_aligned=true memcpy_needed=false
I0909 09:21:24.718530    1358 grpc_transport.cc:1414] [MEGASCALE_TRANSPORT_INSTR] Recv: key=psum.7_0_1_ag_0_sr_113_114|s200004->100004d|$c0$l706382475^i0 size=0 is_single_chunk=true is_aligned=true memcpy_needed=false
I0909 09:21:24.737107    1938 grpc_transport.cc:1414] [MEGASCALE_TRANSPORT_INSTR] Recv: key=psum.7_0_1_ag_0_sr_101_102|s200001->100001d|$c0$l706382475^i0 size=0 is_single_chunk=true is_aligned=true memcpy_needed=false
I0909 09:21:24.759021    2202 grpc_transport.cc:1414] [MEGASCALE_TRANSPORT_INSTR] Recv: key=psum.7_0_1_ag_0_sr_105_106|s200003->100003d|$c0$l706382475^i0 size=0 is_single_chunk=true is_aligned=true memcpy_needed=false
I0909 09:21:24.790473    1730 grpc_transport.cc:1743] [MEGASCALE_TRANSPORT_INSTR] SendRpc: key=psum.7_0_sr_76_77|s100007->200007d|$c0$l706382476^i0 size=8388608 queue_latency_us=0 attempt=0
I0909 09:21:24.794012    1797 grpc_transport.cc:1743] [MEGASCALE_TRANSPORT_INSTR] SendRpc: key=psum.7_0_sr_69_70|s100006->200006d|$c0$l706382476^i0 size=8388608 queue_latency_us=0 attempt=0
I0909 09:21:24.797542    1944 grpc_transport.cc:1743] [MEGASCALE_TRANSPORT_INSTR] SendRpc: key=psum.7_0_sr_80_81|s100004->200004d|$c0$l706382476^i0 size=8388608 queue_latency_us=0 attempt=0
I0909 09:21:24.801867    2402 grpc_transport.cc:1743] [MEGASCALE_TRANSPORT_INSTR] SendRpc: key=psum.7_0_sr_100_101|s100006->200006d|$c0$l706382476^i0 size=8388608 queue_latency_us=0 attempt=0
I0909 09:21:24.806448    1435 grpc_transport.cc:1743] [MEGASCALE_TRANSPORT_INSTR] SendRpc: key=psum.7_0_sr_119_120|s100002->200002d|$c0$l706382476^i0 size=8388608 queue_latency_us=1 attempt=0
I0909 09:21:24.834362    2392 grpc_transport.cc:1414] [MEGASCALE_TRANSPORT_INSTR] Recv: key=psum.7_0_sr_2_3|s200002->100002d|$c0$l706382476^i0 size=0 is_single_chunk=true is_aligned=true memcpy_needed=false
I0909 09:21:24.863199     803 grpc_transport.cc:1414] [MEGASCALE_TRANSPORT_INSTR] Recv: key=psum.7_0_sr_19_20|s200002->100002d|$c0$l706382476^i0 size=0 is_single_chunk=true is_aligned=true memcpy_needed=false
I0909 09:21:24.883719    1360 grpc_transport.cc:1414] [MEGASCALE_TRANSPORT_INSTR] Recv: key=psum.7_0_sr_23_24|s200002->100002d|$c0$l706382476^i0 size=0 is_single_chunk=true is_aligned=true memcpy_needed=false
I0909 09:21:24.903141    1942 grpc_transport.cc:1414] [MEGASCALE_TRANSPORT_INSTR] Recv: key=psum.7_0_sr_39_40|s200001->100001d|$c0$l706382476^i0 size=0 is_single_chunk=true is_aligned=true memcpy_needed=false
I0909 09:21:24.909481    1715 grpc_transport.cc:1743] [MEGASCALE_TRANSPORT_INSTR] SendRpc: key=psum.7_0_1_ag_0_sr_48_49|s100000->200000d|$c0$l706382476^i0 size=8388608 queue_latency_us=0 attempt=0
I0909 09:21:24.921507    2207 grpc_transport.cc:1414] [MEGASCALE_TRANSPORT_INSTR] Recv: key=psum.7_0_sr_46_47|s200007->100007d|$c0$l706382476^i0 size=0 is_single_chunk=true is_aligned=true memcpy_needed=false
I0909 09:21:24.929732    1699 grpc_transport.cc:1743] [MEGASCALE_TRANSPORT_INSTR] SendRpc: key=psum.7_0_1_ag_0_sr_2_3|s100005->200005d|$c0$l706382476^i0 size=8388608 queue_latency_us=0 attempt=0
I0909 09:21:24.934893     803 grpc_transport.cc:1743] [MEGASCALE_TRANSPORT_INSTR] SendRpc: key=psum.7_0_1_ag_0_sr_28_29|s100002->200002d|$c0$l706382476^i0 size=8388608 queue_latency_us=0 attempt=0
I0909 09:21:24.941806    1703 grpc_transport.cc:1414] [MEGASCALE_TRANSPORT_INSTR] Recv: key=psum.7_0_1_ag_0_sr_111_112|s200001->100001d|$c0$l706382476^i0 size=0 is_single_chunk=true is_aligned=true memcpy_needed=false
I0909 09:21:24.950133     803 grpc_transport.cc:1743] [MEGASCALE_TRANSPORT_INSTR] SendRpc: key=psum.7_0_1_ag_0_sr_29_30|s100006->200006d|$c0$l706382476^i0 size=8388608 queue_latency_us=0 attempt=0
I0909 09:21:24.967784    1360 grpc_transport.cc:1414] [MEGASCALE_TRANSPORT_INSTR] Recv: key=psum.7_0_1_ag_0_sr_78_79|s200007->100007d|$c0$l706382476^i0 size=0 is_single_chunk=true is_aligned=true memcpy_needed=false
I0909 09:21:24.974963    2202 grpc_transport.cc:1743] [MEGASCALE_TRANSPORT_INSTR] SendRpc: key=psum.7_0_1_ag_0_sr_2_3|s100003->200003d|$c0$l706382476^i0 size=8388608 queue_latency_us=0 attempt=0
I0909 09:21:24.985708    2202 grpc_transport.cc:1414] [MEGASCALE_TRANSPORT_INSTR] Recv: key=psum.7_0_1_ag_0_sr_112_113|s200007->100007d|$c0$l706382476^i0 size=0 is_single_chunk=true is_aligned=true memcpy_needed=false
I0909 09:21:25.002632    2200 grpc_transport.cc:1414] [MEGASCALE_TRANSPORT_INSTR] Recv: key=psum.7_0_1_ag_0_sr_119_120|s200003->100003d|$c0$l706382476^i0 size=0 is_single_chunk=true is_aligned=true memcpy_needed=false
I0909 09:21:25.020695    1360 grpc_transport.cc:1414] [MEGASCALE_TRANSPORT_INSTR] Recv: key=psum.7_0_1_ag_0_sr_79_80|s200002->100002d|$c0$l706382476^i0 size=0 is_single_chunk=true is_aligned=true memcpy_needed=false
I0909 09:21:25.054015    1371 grpc_transport.cc:1743] [MEGASCALE_TRANSPORT_INSTR] SendRpc: key=psum.7_0_sr_82_83|s100003->200003d|$c0$l706382477^i0 size=8388608 queue_latency_us=0 attempt=0
I0909 09:21:25.057596     806 grpc_transport.cc:1743] [MEGASCALE_TRANSPORT_INSTR] SendRpc: key=psum.7_0_sr_73_74|s100006->200006d|$c0$l706382477^i0 size=8388608 queue_latency_us=0 attempt=0
I0909 09:21:25.060008    1949 grpc_transport.cc:1743] [MEGASCALE_TRANSPORT_INSTR] SendRpc: key=psum.7_0_sr_95_96|s100000->200000d|$c0$l706382477^i0 size=8388608 queue_latency_us=0 attempt=0
I0909 09:21:25.063100    1358 grpc_transport.cc:1743] [MEGASCALE_TRANSPORT_INSTR] SendRpc: key=psum.7_0_sr_105_106|s100001->200001d|$c0$l706382477^i0 size=8388608 queue_latency_us=0 attempt=0
I0909 09:21:25.067043    1741 grpc_transport.cc:1743] [MEGASCALE_TRANSPORT_INSTR] SendRpc: key=psum.7_0_sr_110_111|s100002->200002d|$c0$l706382477^i0 size=8388608 queue_latency_us=0 attempt=0
I0909 09:21:25.078024     786 grpc_transport.cc:1414] [MEGASCALE_TRANSPORT_INSTR] Recv: key=psum.7_0_sr_8_9|s200004->100004d|$c0$l706382477^i0 size=0 is_single_chunk=true is_aligned=true memcpy_needed=false
I0909 09:21:25.107221    1938 grpc_transport.cc:1414] [MEGASCALE_TRANSPORT_INSTR] Recv: key=psum.7_0_sr_29_30|s200005->100005d|$c0$l706382477^i0 size=0 is_single_chunk=true is_aligned=true memcpy_needed=false
I0909 09:21:25.128997    1361 grpc_transport.cc:1414] [MEGASCALE_TRANSPORT_INSTR] Recv: key=psum.7_0_sr_43_44|s200005->100005d|$c0$l706382477^i0 size=0 is_single_chunk=true is_aligned=true memcpy_needed=false
I0909 09:21:25.147894    1865 grpc_transport.cc:1414] [MEGASCALE_TRANSPORT_INSTR] Recv: key=psum.7_0_sr_54_55|s200001->100001d|$c0$l706382477^i0 size=0 is_single_chunk=true is_aligned=true memcpy_needed=false
I0909 09:21:25.166640    1361 grpc_transport.cc:1414] [MEGASCALE_TRANSPORT_INSTR] Recv: key=psum.7_0_sr_56_57|s200000->100000d|$c0$l706382477^i0 size=0 is_single_chunk=true is_aligned=true memcpy_needed=false
I0909 09:21:25.167483    1701 grpc_transport.cc:1743] [MEGASCALE_TRANSPORT_INSTR] SendRpc: key=psum.7_0_1_ag_0_sr_27_28|s100005->200005d|$c0$l706382477^i0 size=8388608 queue_latency_us=0 attempt=0
I0909 09:21:25.181769     786 grpc_transport.cc:1743] [MEGASCALE_TRANSPORT_INSTR] SendRpc: key=psum.7_0_1_ag_0_sr_34_35|s100000->200000d|$c0$l706382477^i0 size=8388608 queue_latency_us=0 attempt=0
I0909 09:21:25.190163    2172 grpc_transport.cc:1414] [MEGASCALE_TRANSPORT_INSTR] Recv: key=psum.7_0_1_ag_0_sr_110_111|s200005->100005d|$c0$l706382477^i0 size=0 is_single_chunk=true is_aligned=true memcpy_needed=false
I0909 09:21:25.192190    2170 grpc_transport.cc:1743] [MEGASCALE_TRANSPORT_INSTR] SendRpc: key=psum.7_0_1_ag_0_sr_62_63|s100001->200001d|$c0$l706382477^i0 size=8388608 queue_latency_us=0 attempt=0
I0909 09:21:25.212090    2202 grpc_transport.cc:1743] [MEGASCALE_TRANSPORT_INSTR] SendRpc: key=psum.7_0_1_ag_0_sr_13_14|s100003->200003d|$c0$l706382477^i0 size=8388608 queue_latency_us=0 attempt=0
I0909 09:21:25.214898    1703 grpc_transport.cc:1414] [MEGASCALE_TRANSPORT_INSTR] Recv: key=psum.7_0_1_ag_0_sr_105_106|s200000->100000d|$c0$l706382477^i0 size=0 is_single_chunk=true is_aligned=true memcpy_needed=false
I0909 09:21:25.220765    1735 grpc_transport.cc:1743] [MEGASCALE_TRANSPORT_INSTR] SendRpc: key=psum.7_0_1_ag_0_sr_43_44|s100002->200002d|$c0$l706382477^i0 size=8388608 queue_latency_us=0 attempt=0
I0909 09:21:25.236426    1703 grpc_transport.cc:1414] [MEGASCALE_TRANSPORT_INSTR] Recv: key=psum.7_0_1_ag_0_sr_108_109|s200004->100004d|$c0$l706382477^i0 size=0 is_single_chunk=true is_aligned=true memcpy_needed=false
I0909 09:21:25.253354    1942 grpc_transport.cc:1414] [MEGASCALE_TRANSPORT_INSTR] Recv: key=psum.7_0_1_ag_0_sr_91_92|s200001->100001d|$c0$l706382477^i0 size=0 is_single_chunk=true is_aligned=true memcpy_needed=false
I0909 09:21:25.273230    2202 grpc_transport.cc:1414] [MEGASCALE_TRANSPORT_INSTR] Recv: key=psum.7_0_1_ag_0_sr_95_96|s200002->100002d|$c0$l706382477^i0 size=0 is_single_chunk=true is_aligned=true memcpy_needed=false
I0909 09:21:25.313201    1360 grpc_transport.cc:1743] [MEGASCALE_TRANSPORT_INSTR] SendRpc: key=psum.7_0_sr_68_69|s100007->200007d|$c0$l706382478^i0 size=8388608 queue_latency_us=0 attempt=0
I0909 09:21:25.316791    2218 grpc_transport.cc:1743] [MEGASCALE_TRANSPORT_INSTR] SendRpc: key=psum.7_0_sr_65_66|s100006->200006d|$c0$l706382478^i0 size=8388608 queue_latency_us=0 attempt=0
I0909 09:21:25.319379    2226 grpc_transport.cc:1743] [MEGASCALE_TRANSPORT_INSTR] SendRpc: key=psum.7_0_sr_87_88|s100006->200006d|$c0$l706382478^i0 size=8388608 queue_latency_us=0 attempt=0
I0909 09:21:25.323024    1403 grpc_transport.cc:1743] [MEGASCALE_TRANSPORT_INSTR] SendRpc: key=psum.7_0_sr_106_107|s100002->200002d|$c0$l706382478^i0 size=8388608 queue_latency_us=0 attempt=0
I0909 09:21:25.325794    1724 grpc_transport.cc:1414] [MEGASCALE_TRANSPORT_INSTR] Recv: key=psum.7_0_sr_9_10|s200004->100004d|$c0$l706382478^i0 size=0 is_single_chunk=true is_aligned=true memcpy_needed=false
I0909 09:21:25.326386    1860 grpc_transport.cc:1743] [MEGASCALE_TRANSPORT_INSTR] SendRpc: key=psum.7_0_sr_124_125|s100005->200005d|$c0$l706382478^i0 size=8388608 queue_latency_us=0 attempt=0
I0909 09:21:25.358869    1859 grpc_transport.cc:1414] [MEGASCALE_TRANSPORT_INSTR] Recv: key=psum.7_0_sr_9_10|s200001->100001d|$c0$l706382478^i0 size=0 is_single_chunk=true is_aligned=true memcpy_needed=false
I0909 09:21:25.379409    2207 grpc_transport.cc:1414] [MEGASCALE_TRANSPORT_INSTR] Recv: key=psum.7_0_sr_28_29|s200006->100006d|$c0$l706382478^i0 size=0 is_single_chunk=true is_aligned=true memcpy_needed=false
I0909 09:21:25.398276    1719 grpc_transport.cc:1414] [MEGASCALE_TRANSPORT_INSTR] Recv: key=psum.7_0_sr_34_35|s200007->100007d|$c0$l706382478^i0 size=0 is_single_chunk=true is_aligned=true memcpy_needed=false
I0909 09:21:25.415590    1865 grpc_transport.cc:1414] [MEGASCALE_TRANSPORT_INSTR] Recv: key=psum.7_0_sr_52_53|s200000->100000d|$c0$l706382478^i0 size=0 is_single_chunk=true is_aligned=true memcpy_needed=false
I0909 09:21:25.418210    1943 grpc_transport.cc:1743] [MEGASCALE_TRANSPORT_INSTR] SendRpc: key=psum.7_0_1_ag_0_sr_4_5|s100004->200004d|$c0$l706382478^i0 size=8388608 queue_latency_us=0 attempt=0
I0909 09:21:25.433987    1859 grpc_transport.cc:1743] [MEGASCALE_TRANSPORT_INSTR] SendRpc: key=psum.7_0_1_ag_0_sr_38_39|s100000->200000d|$c0$l706382478^i0 size=8388608 queue_latency_us=0 attempt=0
I0909 09:21:25.434165    2218 grpc_transport.cc:1414] [MEGASCALE_TRANSPORT_INSTR] Recv: key=psum.7_0_sr_62_63|s200002->100002d|$c0$l706382478^i0 size=0 is_single_chunk=true is_aligned=true memcpy_needed=false
I0909 09:21:25.448238    2218 grpc_transport.cc:1743] [MEGASCALE_TRANSPORT_INSTR] SendRpc: key=psum.7_0_1_ag_0_sr_12_13|s100006->200006d|$c0$l706382478^i0 size=8388608 queue_latency_us=0 attempt=0
I0909 09:21:25.459618    1859 grpc_transport.cc:1743] [MEGASCALE_TRANSPORT_INSTR] SendRpc: key=psum.7_0_1_ag_0_sr_4_5|s100001->200001d|$c0$l706382478^i0 size=8388608 queue_latency_us=0 attempt=0
I0909 09:21:25.465821    1719 grpc_transport.cc:1743] [MEGASCALE_TRANSPORT_INSTR] SendRpc: key=psum.7_0_1_ag_0_sr_33_34|s100003->200003d|$c0$l706382478^i0 size=8388608 queue_latency_us=0 attempt=0
I0909 09:21:25.470604    1699 grpc_transport.cc:1414] [MEGASCALE_TRANSPORT_INSTR] Recv: key=psum.7_0_1_ag_0_sr_112_113|s200005->100005d|$c0$l706382478^i0 size=0 is_single_chunk=true is_aligned=true memcpy_needed=false
I0909 09:21:25.474819    1948 grpc_transport.cc:1743] [MEGASCALE_TRANSPORT_INSTR] SendRpc: key=psum.7_0_1_ag_0_sr_53_54|s100001->200001d|$c0$l706382478^i0 size=8388608 queue_latency_us=0 attempt=0
I0909 09:21:25.494886    2202 grpc_transport.cc:1414] [MEGASCALE_TRANSPORT_INSTR] Recv: key=psum.7_0_1_ag_0_sr_80_81|s200003->100003d|$c0$l706382478^i0 size=0 is_single_chunk=true is_aligned=true memcpy_needed=false
I0909 09:21:25.513565    1703 grpc_transport.cc:1414] [MEGASCALE_TRANSPORT_INSTR] Recv: key=psum.7_0_1_ag_0_sr_75_76|s200000->100000d|$c0$l706382478^i0 size=0 is_single_chunk=true is_aligned=true memcpy_needed=false
I0909 09:21:25.531351    2170 grpc_transport.cc:1414] [MEGASCALE_TRANSPORT_INSTR] Recv: key=psum.7_0_1_ag_0_sr_100_101|s200000->100000d|$c0$l706382478^i0 size=0 is_single_chunk=true is_aligned=true memcpy_needed=false
I0909 09:21:25.552737    1360 grpc_transport.cc:1414] [MEGASCALE_TRANSPORT_INSTR] Recv: key=psum.7_0_1_ag_0_sr_117_118|s200006->100006d|$c0$l706382478^i0 size=0 is_single_chunk=true is_aligned=true memcpy_needed=false
I0909 09:21:25.572983     806 grpc_transport.cc:1743] [MEGASCALE_TRANSPORT_INSTR] SendRpc: key=psum.7_0_sr_67_68|s100002->200002d|$c0$l706382479^i0 size=8388608 queue_latency_us=0 attempt=0
I0909 09:21:25.576631    1742 grpc_transport.cc:1743] [MEGASCALE_TRANSPORT_INSTR] SendRpc: key=psum.7_0_sr_90_91|s100000->200000d|$c0$l706382479^i0 size=8388608 queue_latency_us=0 attempt=0
I0909 09:21:25.580255    1703 grpc_transport.cc:1743] [MEGASCALE_TRANSPORT_INSTR] SendRpc: key=psum.7_0_sr_91_92|s100001->200001d|$c0$l706382479^i0 size=8388608 queue_latency_us=0 attempt=0
I0909 09:21:25.584328    1873 grpc_transport.cc:1743] [MEGASCALE_TRANSPORT_INSTR] SendRpc: key=psum.7_0_sr_100_101|s100004->200004d|$c0$l706382479^i0 size=8388608 queue_latency_us=0 attempt=0
I0909 09:21:25.589634    1368 grpc_transport.cc:1743] [MEGASCALE_TRANSPORT_INSTR] SendRpc: key=psum.7_0_sr_124_125|s100001->200001d|$c0$l706382479^i0 size=8388608 queue_latency_us=0 attempt=0
I0909 09:21:25.624339    1939 grpc_transport.cc:1414] [MEGASCALE_TRANSPORT_INSTR] Recv: key=psum.7_0_sr_8_9|s200004->100004d|$c0$l706382479^i0 size=0 is_single_chunk=true is_aligned=true memcpy_needed=false
I0909 09:21:25.648019    2392 grpc_transport.cc:1414] [MEGASCALE_TRANSPORT_INSTR] Recv: key=psum.7_0_sr_10_11|s200007->100007d|$c0$l706382479^i0 size=0 is_single_chunk=true is_aligned=true memcpy_needed=false
I0909 09:21:25.669328    1939 grpc_transport.cc:1414] [MEGASCALE_TRANSPORT_INSTR] Recv: key=psum.7_0_sr_49_50|s200000->100000d|$c0$l706382479^i0 size=0 is_single_chunk=true is_aligned=true memcpy_needed=false
I0909 09:21:25.689968    1936 grpc_transport.cc:1414] [MEGASCALE_TRANSPORT_INSTR] Recv: key=psum.7_0_sr_47_48|s200005->100005d|$c0$l706382479^i0 size=0 is_single_chunk=true is_aligned=true memcpy_needed=false
I0909 09:21:25.706560    1863 grpc_transport.cc:1743] [MEGASCALE_TRANSPORT_INSTR] SendRpc: key=psum.7_0_1_ag_0_sr_52_53|s100004->200004d|$c0$l706382479^i0 size=8388608 queue_latency_us=0 attempt=0
I0909 09:21:25.710074    1859 grpc_transport.cc:1414] [MEGASCALE_TRANSPORT_INSTR] Recv: key=psum.7_0_sr_63_64|s200001->100001d|$c0$l706382479^i0 size=0 is_single_chunk=true is_aligned=true memcpy_needed=false
I0909 09:21:25.721000    1737 grpc_transport.cc:1743] [MEGASCALE_TRANSPORT_INSTR] SendRpc: key=psum.7_0_1_ag_0_sr_21_22|s100006->200006d|$c0$l706382479^i0 size=8388608 queue_latency_us=0 attempt=0
I0909 09:21:25.733820    1942 grpc_transport.cc:1743] [MEGASCALE_TRANSPORT_INSTR] SendRpc: key=psum.7_0_1_ag_0_sr_23_24|s100005->200005d|$c0$l706382479^i0 size=8388608 queue_latency_us=0 attempt=0
I0909 09:21:25.737721    1863 grpc_transport.cc:1414] [MEGASCALE_TRANSPORT_INSTR] Recv: key=psum.7_0_1_ag_0_sr_116_117|s200005->100005d|$c0$l706382479^i0 size=0 is_single_chunk=true is_aligned=true memcpy_needed=false
I0909 09:21:25.745769    1859 grpc_transport.cc:1743] [MEGASCALE_TRANSPORT_INSTR] SendRpc: key=psum.7_0_1_ag_0_sr_56_57|s100001->200001d|$c0$l706382479^i0 size=8388608 queue_latency_us=0 attempt=0
I0909 09:21:25.757143     788 grpc_transport.cc:1414] [MEGASCALE_TRANSPORT_INSTR] Recv: key=psum.7_0_1_ag_0_sr_72_73|s200004->100004d|$c0$l706382479^i0 size=0 is_single_chunk=true is_aligned=true memcpy_needed=false
I0909 09:21:25.763172    2218 grpc_transport.cc:1743] [MEGASCALE_TRANSPORT_INSTR] SendRpc: key=psum.7_0_1_ag_0_sr_32_33|s100003->200003d|$c0$l706382479^i0 size=8388608 queue_latency_us=1 attempt=0
I0909 09:21:25.775033    2207 grpc_transport.cc:1414] [MEGASCALE_TRANSPORT_INSTR] Recv: key=psum.7_0_1_ag_0_sr_105_106|s200002->100002d|$c0$l706382479^i0 size=0 is_single_chunk=true is_aligned=true memcpy_needed=false
I0909 09:21:25.792580    2200 grpc_transport.cc:1414] [MEGASCALE_TRANSPORT_INSTR] Recv: key=psum.7_0_1_ag_0_sr_87_88|s200006->100006d|$c0$l706382479^i0 size=0 is_single_chunk=true is_aligned=true memcpy_needed=false
I0909 09:21:25.810826    2202 grpc_transport.cc:1414] [MEGASCALE_TRANSPORT_INSTR] Recv: key=psum.7_0_1_ag_0_sr_83_84|s200003->100003d|$c0$l706382479^i0 size=0 is_single_chunk=true is_aligned=true memcpy_needed=false
I0909 09:21:25.837142    1403 grpc_transport.cc:1743] [MEGASCALE_TRANSPORT_INSTR] SendRpc: key=psum.7_0_sr_69_70|s100006->200006d|$c0$l706382480^i0 size=8388608 queue_latency_us=0 attempt=0
I0909 09:21:25.840376    1936 grpc_transport.cc:1743] [MEGASCALE_TRANSPORT_INSTR] SendRpc: key=psum.7_0_sr_64_65|s100004->200004d|$c0$l706382480^i0 size=8388608 queue_latency_us=0 attempt=0
I0909 09:21:25.843446    2394 grpc_transport.cc:1743] [MEGASCALE_TRANSPORT_INSTR] SendRpc: key=psum.7_0_sr_98_99|s100006->200006d|$c0$l706382480^i0 size=8388608 queue_latency_us=0 attempt=0
I0909 09:21:25.847379    1730 grpc_transport.cc:1743] [MEGASCALE_TRANSPORT_INSTR] SendRpc: key=psum.7_0_sr_112_113|s100006->200006d|$c0$l706382480^i0 size=8388608 queue_latency_us=0 attempt=0
I0909 09:21:25.851658    2170 grpc_transport.cc:1743] [MEGASCALE_TRANSPORT_INSTR] SendRpc: key=psum.7_0_sr_126_127|s100005->200005d|$c0$l706382480^i0 size=8388608 queue_latency_us=0 attempt=0
I0909 09:21:25.884944    1352 grpc_transport.cc:1414] [MEGASCALE_TRANSPORT_INSTR] Recv: key=psum.7_0_sr_17_18|s200004->100004d|$c0$l706382480^i0 size=0 is_single_chunk=true is_aligned=true memcpy_needed=false
I0909 09:21:25.911727    1352 grpc_transport.cc:1414] [MEGASCALE_TRANSPORT_INSTR] Recv: key=psum.7_0_sr_38_39|s200001->100001d|$c0$l706382480^i0 size=0 is_single_chunk=true is_aligned=true memcpy_needed=false
I0909 09:21:25.931998     786 grpc_transport.cc:1414] [MEGASCALE_TRANSPORT_INSTR] Recv: key=psum.7_0_sr_31_32|s200000->100000d|$c0$l706382480^i0 size=0 is_single_chunk=true is_aligned=true memcpy_needed=false
I0909 09:21:25.950360    1710 grpc_transport.cc:1414] [MEGASCALE_TRANSPORT_INSTR] Recv: key=psum.7_0_sr_45_46|s200000->100000d|$c0$l706382480^i0 size=0 is_single_chunk=true is_aligned=true memcpy_needed=false
I0909 09:21:25.961215    1939 grpc_transport.cc:1743] [MEGASCALE_TRANSPORT_INSTR] SendRpc: key=psum.7_0_1_ag_0_sr_54_55|s100004->200004d|$c0$l706382480^i0 size=8388608 queue_latency_us=0 attempt=0
I0909 09:21:25.969737    1859 grpc_transport.cc:1414] [MEGASCALE_TRANSPORT_INSTR] Recv: key=psum.7_0_sr_54_55|s200005->100005d|$c0$l706382480^i0 size=0 is_single_chunk=true is_aligned=true memcpy_needed=false
I0909 09:21:25.979245    2221 grpc_transport.cc:1743] [MEGASCALE_TRANSPORT_INSTR] SendRpc: key=psum.7_0_1_ag_0_sr_28_29|s100007->200007d|$c0$l706382480^i0 size=8388608 queue_latency_us=0 attempt=0
I0909 09:21:25.993459    1701 grpc_transport.cc:1743] [MEGASCALE_TRANSPORT_INSTR] SendRpc: key=psum.7_0_1_ag_0_sr_2_3|s100005->200005d|$c0$l706382480^i0 size=8388608 queue_latency_us=0 attempt=0
I0909 09:21:26.001540    1363 grpc_transport.cc:1743] [MEGASCALE_TRANSPORT_INSTR] SendRpc: key=psum.7_0_1_ag_0_sr_52_53|s100005->200005d|$c0$l706382480^i0 size=8388608 queue_latency_us=0 attempt=0
I0909 09:21:26.001654    2200 grpc_transport.cc:1414] [MEGASCALE_TRANSPORT_INSTR] Recv: key=psum.7_0_sr_51_52|s200006->100006d|$c0$l706382480^i0 size=0 is_single_chunk=true is_aligned=true memcpy_needed=false
I0909 09:21:26.020771     788 grpc_transport.cc:1414] [MEGASCALE_TRANSPORT_INSTR] Recv: key=psum.7_0_1_ag_0_sr_113_114|s200004->100004d|$c0$l706382480^i0 size=0 is_single_chunk=true is_aligned=true memcpy_needed=false
I0909 09:21:26.025610    2211 grpc_transport.cc:1743] [MEGASCALE_TRANSPORT_INSTR] SendRpc: key=psum.7_0_1_ag_0_sr_19_20|s100006->200006d|$c0$l706382480^i0 size=8388608 queue_latency_us=0 attempt=0
I0909 09:21:26.038355    1939 grpc_transport.cc:1414] [MEGASCALE_TRANSPORT_INSTR] Recv: key=psum.7_0_1_ag_0_sr_105_106|s200005->100005d|$c0$l706382480^i0 size=0 is_single_chunk=true is_aligned=true memcpy_needed=false
I0909 09:21:26.055899    1703 grpc_transport.cc:1414] [MEGASCALE_TRANSPORT_INSTR] Recv: key=psum.7_0_1_ag_0_sr_82_83|s200000->100000d|$c0$l706382480^i0 size=0 is_single_chunk=true is_aligned=true memcpy_needed=false
I0909 09:21:26.074723    2202 grpc_transport.cc:1414] [MEGASCALE_TRANSPORT_INSTR] Recv: key=psum.7_0_1_ag_0_sr_98_99|s200006->100006d|$c0$l706382480^i0 size=0 is_single_chunk=true is_aligned=true memcpy_needed=false
I0909 09:21:26.108642    1712 grpc_transport.cc:1743] [MEGASCALE_TRANSPORT_INSTR] SendRpc: key=psum.7_0_sr_79_80|s100001->200001d|$c0$l706382481^i0 size=8388608 queue_latency_us=0 attempt=0
I0909 09:21:26.112127    1389 grpc_transport.cc:1743] [MEGASCALE_TRANSPORT_INSTR] SendRpc: key=psum.7_0_sr_78_79|s100005->200005d|$c0$l706382481^i0 size=8388608 queue_latency_us=1 attempt=0
I0909 09:21:26.114200     788 grpc_transport.cc:1743] [MEGASCALE_TRANSPORT_INSTR] SendRpc: key=psum.7_0_sr_91_92|s100000->200000d|$c0$l706382481^i0 size=8388608 queue_latency_us=0 attempt=0
I0909 09:21:26.117529    1741 grpc_transport.cc:1743] [MEGASCALE_TRANSPORT_INSTR] SendRpc: key=psum.7_0_sr_123_124|s100007->200007d|$c0$l706382481^i0 size=8388608 queue_latency_us=0 attempt=0
I0909 09:21:26.120819    2224 grpc_transport.cc:1743] [MEGASCALE_TRANSPORT_INSTR] SendRpc: key=psum.7_0_sr_124_125|s100003->200003d|$c0$l706382481^i0 size=8388608 queue_latency_us=0 attempt=0
I0909 09:21:26.135473    1939 grpc_transport.cc:1414] [MEGASCALE_TRANSPORT_INSTR] Recv: key=psum.7_0_sr_16_17|s200005->100005d|$c0$l706382481^i0 size=0 is_single_chunk=true is_aligned=true memcpy_needed=false
I0909 09:21:26.161361    1352 grpc_transport.cc:1414] [MEGASCALE_TRANSPORT_INSTR] Recv: key=psum.7_0_sr_16_17|s200000->100000d|$c0$l706382481^i0 size=0 is_single_chunk=true is_aligned=true memcpy_needed=false
I0909 09:21:26.185188    2392 grpc_transport.cc:1414] [MEGASCALE_TRANSPORT_INSTR] Recv: key=psum.7_0_sr_23_24|s200003->100003d|$c0$l706382481^i0 size=0 is_single_chunk=true is_aligned=true memcpy_needed=false
I0909 09:21:26.203638    1701 grpc_transport.cc:1414] [MEGASCALE_TRANSPORT_INSTR] Recv: key=psum.7_0_sr_50_51|s200000->100000d|$c0$l706382481^i0 size=0 is_single_chunk=true is_aligned=true memcpy_needed=false
I0909 09:21:26.220643    2207 grpc_transport.cc:1414] [MEGASCALE_TRANSPORT_INSTR] Recv: key=psum.7_0_sr_40_41|s200007->100007d|$c0$l706382481^i0 size=0 is_single_chunk=true is_aligned=true memcpy_needed=false
I0909 09:21:26.226289     787 grpc_transport.cc:1743] [MEGASCALE_TRANSPORT_INSTR] SendRpc: key=psum.7_0_1_ag_0_sr_1_2|s100000->200000d|$c0$l706382481^i0 size=8388608 queue_latency_us=0 attempt=0
I0909 09:21:26.231471    1702 grpc_transport.cc:1743] [MEGASCALE_TRANSPORT_INSTR] SendRpc: key=psum.7_0_1_ag_0_sr_26_27|s100001->200001d|$c0$l706382481^i0 size=8388608 queue_latency_us=0 attempt=0
I0909 09:21:26.238803    1944 grpc_transport.cc:1743] [MEGASCALE_TRANSPORT_INSTR] SendRpc: key=psum.7_0_1_ag_0_sr_63_64|s100000->200000d|$c0$l706382481^i0 size=8388608 queue_latency_us=0 attempt=0
I0909 09:21:26.247349    1719 grpc_transport.cc:1414] [MEGASCALE_TRANSPORT_INSTR] Recv: key=psum.7_0_sr_48_49|s200006->100006d|$c0$l706382481^i0 size=0 is_single_chunk=true is_aligned=true memcpy_needed=false
I0909 09:21:26.270209    1944 grpc_transport.cc:1414] [MEGASCALE_TRANSPORT_INSTR] Recv: key=psum.7_0_1_ag_0_sr_110_111|s200001->100001d|$c0$l706382481^i0 size=0 is_single_chunk=true is_aligned=true memcpy_needed=false
I0909 09:21:26.270236     803 grpc_transport.cc:1743] [MEGASCALE_TRANSPORT_INSTR] SendRpc: key=psum.7_0_1_ag_0_sr_4_5|s100006->200006d|$c0$l706382481^i0 size=8388608 queue_latency_us=0 attempt=0
I0909 09:21:26.279643    2392 grpc_transport.cc:1743] [MEGASCALE_TRANSPORT_INSTR] SendRpc: key=psum.7_0_1_ag_0_sr_49_50|s100007->200007d|$c0$l706382481^i0 size=8388608 queue_latency_us=0 attempt=0
I0909 09:21:26.294315    1865 grpc_transport.cc:1414] [MEGASCALE_TRANSPORT_INSTR] Recv: key=psum.7_0_1_ag_0_sr_86_87|s200000->100000d|$c0$l706382481^i0 size=0 is_single_chunk=true is_aligned=true memcpy_needed=false
I0909 09:21:26.313220    1703 grpc_transport.cc:1414] [MEGASCALE_TRANSPORT_INSTR] Recv: key=psum.7_0_1_ag_0_sr_111_112|s200000->100000d|$c0$l706382481^i0 size=0 is_single_chunk=true is_aligned=true memcpy_needed=false
I0909 09:21:26.335885    2202 grpc_transport.cc:1414] [MEGASCALE_TRANSPORT_INSTR] Recv: key=psum.7_0_1_ag_0_sr_105_106|s200002->100002d|$c0$l706382481^i0 size=0 is_single_chunk=true is_aligned=true memcpy_needed=false
I0909 09:21:26.376585    2218 grpc_transport.cc:1743] [MEGASCALE_TRANSPORT_INSTR] SendRpc: key=psum.7_0_sr_69_70|s100003->200003d|$c0$l706382482^i0 size=8388608 queue_latency_us=0 attempt=0
I0909 09:21:26.380238    2226 grpc_transport.cc:1743] [MEGASCALE_TRANSPORT_INSTR] SendRpc: key=psum.7_0_sr_80_81|s100007->200007d|$c0$l706382482^i0 size=8388608 queue_latency_us=0 attempt=0
I0909 09:21:26.382118    2170 grpc_transport.cc:1414] [MEGASCALE_TRANSPORT_INSTR] Recv: key=psum.7_0_sr_14_15|s200004->100004d|$c0$l706382482^i0 size=0 is_single_chunk=true is_aligned=true memcpy_needed=false
I0909 09:21:26.383941     806 grpc_transport.cc:1743] [MEGASCALE_TRANSPORT_INSTR] SendRpc: key=psum.7_0_sr_96_97|s100007->200007d|$c0$l706382482^i0 size=8388608 queue_latency_us=0 attempt=0
I0909 09:21:26.387886    2171 grpc_transport.cc:1743] [MEGASCALE_TRANSPORT_INSTR] SendRpc: key=psum.7_0_sr_91_92|s100000->200000d|$c0$l706382482^i0 size=8388608 queue_latency_us=0 attempt=0
I0909 09:21:26.392411    1354 grpc_transport.cc:1743] [MEGASCALE_TRANSPORT_INSTR] SendRpc: key=psum.7_0_sr_122_123|s100005->200005d|$c0$l706382482^i0 size=8388608 queue_latency_us=0 attempt=0
I0909 09:21:26.416637    2208 grpc_transport.cc:1414] [MEGASCALE_TRANSPORT_INSTR] Recv: key=psum.7_0_sr_40_41|s200007->100007d|$c0$l706382482^i0 size=0 is_single_chunk=true is_aligned=true memcpy_needed=false
I0909 09:21:26.436167     786 grpc_transport.cc:1414] [MEGASCALE_TRANSPORT_INSTR] Recv: key=psum.7_0_sr_32_33|s200004->100004d|$c0$l706382482^i0 size=0 is_single_chunk=true is_aligned=true memcpy_needed=false
I0909 09:21:26.453102    2208 grpc_transport.cc:1414] [MEGASCALE_TRANSPORT_INSTR] Recv: key=psum.7_0_sr_42_43|s200003->100003d|$c0$l706382482^i0 size=0 is_single_chunk=true is_aligned=true memcpy_needed=false
I0909 09:21:26.472382    2208 grpc_transport.cc:1414] [MEGASCALE_TRANSPORT_INSTR] Recv: key=psum.7_0_sr_27_28|s200006->100006d|$c0$l706382482^i0 size=0 is_single_chunk=true is_aligned=true memcpy_needed=false
I0909 09:21:26.474012     803 grpc_transport.cc:1743] [MEGASCALE_TRANSPORT_INSTR] SendRpc: key=psum.7_0_1_ag_0_sr_12_13|s100007->200007d|$c0$l706382482^i0 size=8388608 queue_latency_us=0 attempt=0
I0909 09:21:26.492552    1719 grpc_transport.cc:1414] [MEGASCALE_TRANSPORT_INSTR] Recv: key=psum.7_0_sr_54_55|s200006->100006d|$c0$l706382482^i0 size=0 is_single_chunk=true is_aligned=true memcpy_needed=false
I0909 09:21:26.494323    1352 grpc_transport.cc:1743] [MEGASCALE_TRANSPORT_INSTR] SendRpc: key=psum.7_0_1_ag_0_sr_6_7|s100000->200000d|$c0$l706382482^i0 size=8388608 queue_latency_us=0 attempt=0
I0909 09:21:26.500955    1710 grpc_transport.cc:1743] [MEGASCALE_TRANSPORT_INSTR] SendRpc: key=psum.7_0_1_ag_0_sr_56_57|s100004->200004d|$c0$l706382482^i0 size=8388608 queue_latency_us=2 attempt=0
I0909 09:21:26.515722     786 grpc_transport.cc:1743] [MEGASCALE_TRANSPORT_INSTR] SendRpc: key=psum.7_0_1_ag_0_sr_18_19|s100001->200001d|$c0$l706382482^i0 size=8388608 queue_latency_us=0 attempt=0
I0909 09:21:26.522423    1403 grpc_transport.cc:1743] [MEGASCALE_TRANSPORT_INSTR] SendRpc: key=psum.7_0_1_ag_0_sr_15_16|s100006->200006d|$c0$l706382482^i0 size=8388608 queue_latency_us=0 attempt=0
I0909 09:21:26.523630    1701 grpc_transport.cc:1414] [MEGASCALE_TRANSPORT_INSTR] Recv: key=psum.7_0_1_ag_0_sr_84_85|s200005->100005d|$c0$l706382482^i0 size=0 is_single_chunk=true is_aligned=true memcpy_needed=false
I0909 09:21:26.532831    2211 grpc_transport.cc:1743] [MEGASCALE_TRANSPORT_INSTR] SendRpc: key=psum.7_0_1_ag_0_sr_63_64|s100002->200002d|$c0$l706382482^i0 size=8388608 queue_latency_us=0 attempt=0
I0909 09:21:26.541266     803 grpc_transport.cc:1414] [MEGASCALE_TRANSPORT_INSTR] Recv: key=psum.7_0_1_ag_0_sr_115_116|s200002->100002d|$c0$l706382482^i0 size=0 is_single_chunk=true is_aligned=true memcpy_needed=false
I0909 09:21:26.562953    1939 grpc_transport.cc:1414] [MEGASCALE_TRANSPORT_INSTR] Recv: key=psum.7_0_1_ag_0_sr_66_67|s200001->100001d|$c0$l706382482^i0 size=0 is_single_chunk=true is_aligned=true memcpy_needed=false
I0909 09:21:26.580143    1719 grpc_transport.cc:1414] [MEGASCALE_TRANSPORT_INSTR] Recv: key=psum.7_0_1_ag_0_sr_82_83|s200007->100007d|$c0$l706382482^i0 size=0 is_single_chunk=true is_aligned=true memcpy_needed=false
I0909 09:21:26.610933    1360 grpc_transport.cc:1414] [MEGASCALE_TRANSPORT_INSTR] Recv: key=psum.7_0_1_ag_0_sr_107_108|s200003->100003d|$c0$l706382482^i0 size=0 is_single_chunk=true is_aligned=true memcpy_needed=false
I0909 09:21:26.634728    2171 grpc_transport.cc:1743] [MEGASCALE_TRANSPORT_INSTR] SendRpc: key=psum.7_0_sr_81_82|s100001->200001d|$c0$l706382483^i0 size=8388608 queue_latency_us=0 attempt=0
I0909 09:21:26.637497    1363 grpc_transport.cc:1743] [MEGASCALE_TRANSPORT_INSTR] SendRpc: key=psum.7_0_sr_102_103|s100001->200001d|$c0$l706382483^i0 size=8388608 queue_latency_us=0 attempt=0
I0909 09:21:26.639987    1715 grpc_transport.cc:1743] [MEGASCALE_TRANSPORT_INSTR] SendRpc: key=psum.7_0_sr_110_111|s100000->200000d|$c0$l706382483^i0 size=8388608 queue_latency_us=0 attempt=0
I0909 09:21:26.642546    1949 grpc_transport.cc:1743] [MEGASCALE_TRANSPORT_INSTR] SendRpc: key=psum.7_0_sr_113_114|s100000->200000d|$c0$l706382483^i0 size=8388608 queue_latency_us=0 attempt=0
I0909 09:21:26.646803    2224 grpc_transport.cc:1743] [MEGASCALE_TRANSPORT_INSTR] SendRpc: key=psum.7_0_sr_126_127|s100002->200002d|$c0$l706382483^i0 size=8388608 queue_latency_us=0 attempt=0
I0909 09:21:26.678589    2392 grpc_transport.cc:1414] [MEGASCALE_TRANSPORT_INSTR] Recv: key=psum.7_0_sr_12_13|s200002->100002d|$c0$l706382483^i0 size=0 is_single_chunk=true is_aligned=true memcpy_needed=false
I0909 09:21:26.701938    1699 grpc_transport.cc:1414] [MEGASCALE_TRANSPORT_INSTR] Recv: key=psum.7_0_sr_20_21|s200004->100004d|$c0$l706382483^i0 size=0 is_single_chunk=true is_aligned=true memcpy_needed=false
I0909 09:21:26.720590    1352 grpc_transport.cc:1414] [MEGASCALE_TRANSPORT_INSTR] Recv: key=psum.7_0_sr_28_29|s200004->100004d|$c0$l706382483^i0 size=0 is_single_chunk=true is_aligned=true memcpy_needed=false
I0909 09:21:26.738842    1352 grpc_transport.cc:1414] [MEGASCALE_TRANSPORT_INSTR] Recv: key=psum.7_0_sr_45_46|s200000->100000d|$c0$l706382483^i0 size=0 is_single_chunk=true is_aligned=true memcpy_needed=false
I0909 09:21:26.757055    1859 grpc_transport.cc:1743] [MEGASCALE_TRANSPORT_INSTR] SendRpc: key=psum.7_0_1_ag_0_sr_21_22|s100004->200004d|$c0$l706382483^i0 size=8388608 queue_latency_us=0 attempt=0
I0909 09:21:26.758977     803 grpc_transport.cc:1414] [MEGASCALE_TRANSPORT_INSTR] Recv: key=psum.7_0_sr_58_59|s200002->100002d|$c0$l706382483^i0 size=0 is_single_chunk=true is_aligned=true memcpy_needed=false
I0909 09:21:26.762848    1947 grpc_transport.cc:1743] [MEGASCALE_TRANSPORT_INSTR] SendRpc: key=psum.7_0_1_ag_0_sr_9_10|s100005->200005d|$c0$l706382483^i0 size=8388608 queue_latency_us=0 attempt=0
I0909 09:21:26.773619    2394 grpc_transport.cc:1743] [MEGASCALE_TRANSPORT_INSTR] SendRpc: key=psum.7_0_1_ag_0_sr_11_12|s100002->200002d|$c0$l706382483^i0 size=8388608 queue_latency_us=1 attempt=0
I0909 09:21:26.784668    1699 grpc_transport.cc:1414] [MEGASCALE_TRANSPORT_INSTR] Recv: key=psum.7_0_1_ag_0_sr_127_128|s200005->100005d|$c0$l706382483^i0 size=0 is_single_chunk=true is_aligned=true memcpy_needed=false
I0909 09:21:26.786910    1719 grpc_transport.cc:1743] [MEGASCALE_TRANSPORT_INSTR] SendRpc: key=psum.7_0_1_ag_0_sr_37_38|s100006->200006d|$c0$l706382483^i0 size=8388608 queue_latency_us=0 attempt=0
I0909 09:21:26.792159    2243 grpc_transport.cc:1743] [MEGASCALE_TRANSPORT_INSTR] SendRpc: key=psum.7_0_1_ag_0_sr_38_39|s100007->200007d|$c0$l706382483^i0 size=8388608 queue_latency_us=0 attempt=0
I0909 09:21:26.812083     803 grpc_transport.cc:1414] [MEGASCALE_TRANSPORT_INSTR] Recv: key=psum.7_0_1_ag_0_sr_68_69|s200006->100006d|$c0$l706382483^i0 size=0 is_single_chunk=true is_aligned=true memcpy_needed=false
I0909 09:21:26.830234    1701 grpc_transport.cc:1414] [MEGASCALE_TRANSPORT_INSTR] Recv: key=psum.7_0_1_ag_0_sr_112_113|s200001->100001d|$c0$l706382483^i0 size=0 is_single_chunk=true is_aligned=true memcpy_needed=false
I0909 09:21:26.847931    2202 grpc_transport.cc:1414] [MEGASCALE_TRANSPORT_INSTR] Recv: key=psum.7_0_1_ag_0_sr_71_72|s200007->100007d|$c0$l706382483^i0 size=0 is_single_chunk=true is_aligned=true memcpy_needed=false
I0909 09:21:26.872806     803 grpc_transport.cc:1414] [MEGASCALE_TRANSPORT_INSTR] Recv: key=psum.7_0_1_ag_0_sr_103_104|s200002->100002d|$c0$l706382483^i0 size=0 is_single_chunk=true is_aligned=true memcpy_needed=false
I0909 09:21:26.896489    1734 grpc_transport.cc:1743] [MEGASCALE_TRANSPORT_INSTR] SendRpc: key=psum.7_0_sr_65_66|s100005->200005d|$c0$l706382484^i0 size=8388608 queue_latency_us=0 attempt=0
I0909 09:21:26.899111    2237 grpc_transport.cc:1743] [MEGASCALE_TRANSPORT_INSTR] SendRpc: key=psum.7_0_sr_79_80|s100006->200006d|$c0$l706382484^i0 size=8388608 queue_latency_us=0 attempt=0
I0909 09:21:26.902703    2202 grpc_transport.cc:1743] [MEGASCALE_TRANSPORT_INSTR] SendRpc: key=psum.7_0_sr_89_90|s100003->200003d|$c0$l706382484^i0 size=8388608 queue_latency_us=0 attempt=0
I0909 09:21:26.906542    1359 grpc_transport.cc:1743] [MEGASCALE_TRANSPORT_INSTR] SendRpc: key=psum.7_0_sr_105_106|s100001->200001d|$c0$l706382484^i0 size=8388608 queue_latency_us=0 attempt=0
I0909 09:21:26.910901    1712 grpc_transport.cc:1743] [MEGASCALE_TRANSPORT_INSTR] SendRpc: key=psum.7_0_sr_123_124|s100001->200001d|$c0$l706382484^i0 size=8388608 queue_latency_us=0 attempt=0
I0909 09:21:26.932065    1701 grpc_transport.cc:1414] [MEGASCALE_TRANSPORT_INSTR] Recv: key=psum.7_0_sr_6_7|s200004->100004d|$c0$l706382484^i0 size=0 is_single_chunk=true is_aligned=true memcpy_needed=false
I0909 09:21:26.955107    1864 grpc_transport.cc:1414] [MEGASCALE_TRANSPORT_INSTR] Recv: key=psum.7_0_sr_35_36|s200004->100004d|$c0$l706382484^i0 size=0 is_single_chunk=true is_aligned=true memcpy_needed=false
I0909 09:21:26.975580    1939 grpc_transport.cc:1414] [MEGASCALE_TRANSPORT_INSTR] Recv: key=psum.7_0_sr_40_41|s200000->100000d|$c0$l706382484^i0 size=0 is_single_chunk=true is_aligned=true memcpy_needed=false
I0909 09:21:26.993046    2392 grpc_transport.cc:1414] [MEGASCALE_TRANSPORT_INSTR] Recv: key=psum.7_0_sr_41_42|s200007->100007d|$c0$l706382484^i0 size=0 is_single_chunk=true is_aligned=true memcpy_needed=false
I0909 09:21:27.000597    1363 grpc_transport.cc:1743] [MEGASCALE_TRANSPORT_INSTR] SendRpc: key=psum.7_0_1_ag_0_sr_63_64|s100004->200004d|$c0$l706382484^i0 size=8388608 queue_latency_us=0 attempt=0
I0909 09:21:27.010143    2200 grpc_transport.cc:1414] [MEGASCALE_TRANSPORT_INSTR] Recv: key=psum.7_0_sr_44_45|s200006->100006d|$c0$l706382484^i0 size=0 is_single_chunk=true is_aligned=true memcpy_needed=false
I0909 09:21:27.024489    1701 grpc_transport.cc:1743] [MEGASCALE_TRANSPORT_INSTR] SendRpc: key=psum.7_0_1_ag_0_sr_37_38|s100001->200001d|$c0$l706382484^i0 size=8388608 queue_latency_us=0 attempt=0
I0909 09:21:27.034420    2205 grpc_transport.cc:1414] [MEGASCALE_TRANSPORT_INSTR] Recv: key=psum.7_0_sr_52_53|s200006->100006d|$c0$l706382484^i0 size=0 is_single_chunk=true is_aligned=true memcpy_needed=false
I0909 09:21:27.035858    2200 grpc_transport.cc:1743] [MEGASCALE_TRANSPORT_INSTR] SendRpc: key=psum.7_0_1_ag_0_sr_10_11|s100003->200003d|$c0$l706382484^i0 size=8388608 queue_latency_us=0 attempt=0
I0909 09:21:27.052455    1797 grpc_transport.cc:1743] [MEGASCALE_TRANSPORT_INSTR] SendRpc: key=psum.7_0_1_ag_0_sr_21_22|s100002->200002d|$c0$l706382484^i0 size=8388608 queue_latency_us=0 attempt=0
I0909 09:21:27.056477    1395 grpc_transport.cc:1743] [MEGASCALE_TRANSPORT_INSTR] SendRpc: key=psum.7_0_1_ag_0_sr_48_49|s100006->200006d|$c0$l706382484^i0 size=8388608 queue_latency_us=0 attempt=0
I0909 09:21:27.062343    1363 grpc_transport.cc:1414] [MEGASCALE_TRANSPORT_INSTR] Recv: key=psum.7_0_1_ag_0_sr_114_115|s200000->100000d|$c0$l706382484^i0 size=0 is_single_chunk=true is_aligned=true memcpy_needed=false
I0909 09:21:27.082564    2392 grpc_transport.cc:1414] [MEGASCALE_TRANSPORT_INSTR] Recv: key=psum.7_0_1_ag_0_sr_64_65|s200006->100006d|$c0$l706382484^i0 size=0 is_single_chunk=true is_aligned=true memcpy_needed=false
I0909 09:21:27.100004    2205 grpc_transport.cc:1414] [MEGASCALE_TRANSPORT_INSTR] Recv: key=psum.7_0_1_ag_0_sr_124_125|s200006->100006d|$c0$l706382484^i0 size=0 is_single_chunk=true is_aligned=true memcpy_needed=false
I0909 09:21:27.123668    2200 grpc_transport.cc:1414] [MEGASCALE_TRANSPORT_INSTR] Recv: key=psum.7_0_1_ag_0_sr_97_98|s200007->100007d|$c0$l706382484^i0 size=0 is_single_chunk=true is_aligned=true memcpy_needed=false
I0909 09:21:27.156504      44 megascale_context.cc:439] Destroying MegaScale PjrtExecutableContext: jit_op
MANUAL_AR_RESULT {"batch": 10, "benchmark": "manual_ar", "host_gbps_best": 261.78547580778246, "host_gbps_median": 259.84887723792497, "matrix_dim": 32768, "network_delta": {"cilium_host": {"rx_bytes": 0, "tx_bytes": 0}, "cilium_net": {"rx_bytes": 0, "tx_bytes": 0}, "docker0": {"rx_bytes": 0, "tx_bytes": 0}, "eth0": {"rx_bytes": 857161, "tx_bytes": 14567967}, "eth1": {"rx_bytes": 686751429626, "tx_bytes": 695187018224}, "eth2": {"rx_bytes": 698938981931, "tx_bytes": 686050317188}, "lo": {"rx_bytes": 4369952, "tx_bytes": 4369952}, "lxc1005429a54eb": {"rx_bytes": 591, "tx_bytes": 20332}, "lxc1dfebc52c3c2": {"rx_bytes": 17407, "tx_bytes": 58730}, "lxc3ec5f1141ade": {"rx_bytes": 1241373, "tx_bytes": 377614}, "lxc89e2621594eb": {"rx_bytes": 27218, "tx_bytes": 3726}, "lxc998fc01e160c": {"rx_bytes": 34973, "tx_bytes": 4349}}, "participants_per_slice": 8, "reps": 10, "shard_bytes_per_device": 1073741824.0, "time_ms_all": [272.9457738925703, 274.786490004044, 263.1807030993514, 265.3553646989167, 263.656319596339, 265.2624694048427, 271.9380668015219, 263.5181304998696, 262.50301520340145, 263.31457199994475], "time_ms_best": 262.50301520340145, "time_ms_median": 264.45939450059086, "variant": "psum", "warmups": 60}
W0909 09:21:27.186709    2521 tpu_spmd_partitioner.cc:460] Collective matmul V1 is enabled. Please consider migrating to V2 since V1 will be deprecated soon. You can enable V2 by setting xla_tpu_all_gather_collective_matmul_mode=post_spmd and xla_tpu_reduce_scatter_collective_matmul_mode=post_spmd.
I0909 09:21:27.194117      44 deepsea_compiler_hlo_passes.cc:6406] xla_tpu_impure_hlo_parallel_compile is DISABLED. jit_op
I0909 09:21:27.195917      44 latency_hiding_scheduler.cc:4420] [latency-hiding-scheduler] LatencyHidingScheduler current memory usage: 1073750080 bytes. Current limit: 95564404531
I0909 09:21:27.196205      44 tpu_plumb_vmem_info.cc:677] scavenging_mode: 3 for module: jit_op
I0909 09:21:27.216253      44 deepsea_compiler_hlo_passes.cc:6735] HLO_PASSES stage duration: 30.292646ms
I0909 09:21:27.217384    1002 tpu_chip_config.cc:367] Resolved chip config alias default->megachip for 6acc60406, 
I0909 09:21:27.217606    1002 tpu_chip_config.cc:367] Resolved chip config alias default->megachip for 6acc60406, 
I0909 09:21:27.217774    1002 memory_space_assignment_util.cc:577] MSA Vmem breakdown: default scoped vmem (from flag): 33554432; does_msa_directly_allocate_scoped_vmem: T; bytes_for_msa_to_allocate: 67043328
I0909 09:21:27.325176    2525 deepsea_compiler_base.cc:4279] BACKEND_PASSES stage duration: 108.42459ms
I0909 09:21:27.332735    2525 deepsea_compiler_backend.cc:1480] CODE_GENERATION stage duration: 7.488281ms
I0909 09:21:27.333182    2525 isa_program_util_common.cc:373] (HLO module jit_op): Executable fingerprint:33a5a6d6f7cea468562f68254b4eb2b89053eb34e2e10125a401ef1c264018f8
I0909 09:21:27.333186    2525 isa_program_util_common.cc:377] (HLO module jit_op): Executable fingerprint (including data segments):63de7ca22133830a9ecf7d1576f6e0dc97cbc6a522ec2bae425e60708fe1b2d0
I0909 09:21:27.333188    2525 isa_program_util_common.cc:380] (HLO module jit_op): Host transfer fingerprint:c37db3d47c19d90e6b870bb79741e56a58ee0112318c32550eac3926e65c0ec8
I0909 09:21:27.333374      44 deepsea_compiler_base.cc:1055] END_TO_END stage duration: 150.15275475ms
I0909 09:21:27.333389      44 deepsea_compiler_base.cc:1056] Note that END_TO_END duration also includes time outside of HLO_PASSES, BACKEND_PASSES, and CODE_GENERATION
I0909 09:21:27.334113      44 megascale_context.cc:517] MegaScale DCNTopology fingerprint for: jit_op : 1688352644216761960 DevicesHash: 8081921339993277715 Topology: go/debugstr 
I0909 09:21:27.334991      44 host_command_scheduler_factory.cc:1312] Created a HostCommandScheduler with 18 rules for module jit_op HostTransfers Fingerprint: 158907515329715665.
I0909 09:21:27.335102      44 megascale_context.cc:686] MegaScale ExecutableContext created for module: jit_op with DCN topology: go/debugstr  
I0909 09:21:27.343957    2392 grpc_transport.cc:1743] [MEGASCALE_TRANSPORT_INSTR] SendRpc: key=ppermute.3_0|s100003->200003d|$c2$l-1877411380^i0 size=33554432 queue_latency_us=0 attempt=0
I0909 09:21:27.359241    1938 grpc_transport.cc:1743] [MEGASCALE_TRANSPORT_INSTR] SendRpc: key=ppermute.3_0|s100005->200005d|$c14$l-1877411380^i0 size=33554432 queue_latency_us=0 attempt=0
I0909 09:21:27.374565    1702 grpc_transport.cc:1743] [MEGASCALE_TRANSPORT_INSTR] SendRpc: key=ppermute.3_0|s100001->200001d|$c25$l-1877411380^i0 size=33554432 queue_latency_us=0 attempt=0
I0909 09:21:27.381024    2392 grpc_transport.cc:1414] [MEGASCALE_TRANSPORT_INSTR] Recv: key=ppermute.3_0|s200002->100002d|$c3$l-1877411380^i0 size=0 is_single_chunk=true is_aligned=true memcpy_needed=false
I0909 09:21:27.453235    1702 grpc_transport.cc:1414] [MEGASCALE_TRANSPORT_INSTR] Recv: key=ppermute.3_0|s200000->100000d|$c26$l-1877411380^i0 size=0 is_single_chunk=true is_aligned=true memcpy_needed=false
I0909 09:21:27.524359    1938 grpc_transport.cc:1414] [MEGASCALE_TRANSPORT_INSTR] Recv: key=ppermute.3_0|s200005->100005d|$c22$l-1877411380^i0 size=0 is_single_chunk=true is_aligned=true memcpy_needed=false
I0909 09:21:27.568510    2392 grpc_transport.cc:1743] [MEGASCALE_TRANSPORT_INSTR] SendRpc: key=ppermute.3_0|s100003->200003d|$c20$l-1877411379^i0 size=33554432 queue_latency_us=0 attempt=0
I0909 09:21:27.583391    2200 grpc_transport.cc:1743] [MEGASCALE_TRANSPORT_INSTR] SendRpc: key=ppermute.3_0|s100002->200002d|$c13$l-1877411379^i0 size=33554432 queue_latency_us=0 attempt=0
I0909 09:21:27.657010    2392 grpc_transport.cc:1414] [MEGASCALE_TRANSPORT_INSTR] Recv: key=ppermute.3_0|s200003->100003d|$c9$l-1877411379^i0 size=0 is_single_chunk=true is_aligned=true memcpy_needed=false
I0909 09:21:27.726644    1938 grpc_transport.cc:1414] [MEGASCALE_TRANSPORT_INSTR] Recv: key=ppermute.3_0|s200004->100004d|$c31$l-1877411379^i0 size=0 is_single_chunk=true is_aligned=true memcpy_needed=false
I0909 09:21:27.804339    1938 grpc_transport.cc:1743] [MEGASCALE_TRANSPORT_INSTR] SendRpc: key=ppermute.3_0|s100000->200000d|$c5$l-1877411378^i0 size=33554432 queue_latency_us=0 attempt=0
I0909 09:21:27.819723    1859 grpc_transport.cc:1743] [MEGASCALE_TRANSPORT_INSTR] SendRpc: key=ppermute.3_0|s100001->200001d|$c13$l-1877411378^i0 size=33554432 queue_latency_us=0 attempt=0
I0909 09:21:27.829464    1938 grpc_transport.cc:1414] [MEGASCALE_TRANSPORT_INSTR] Recv: key=ppermute.3_0|s200000->100000d|$c3$l-1877411378^i0 size=0 is_single_chunk=true is_aligned=true memcpy_needed=false
I0909 09:21:27.835246    2392 grpc_transport.cc:1743] [MEGASCALE_TRANSPORT_INSTR] SendRpc: key=ppermute.3_0|s100007->200007d|$c25$l-1877411378^i0 size=33554432 queue_latency_us=0 attempt=0
I0909 09:21:27.905990    1938 grpc_transport.cc:1414] [MEGASCALE_TRANSPORT_INSTR] Recv: key=ppermute.3_0|s200004->100004d|$c9$l-1877411378^i0 size=0 is_single_chunk=true is_aligned=true memcpy_needed=false
I0909 09:21:27.981588    2200 grpc_transport.cc:1414] [MEGASCALE_TRANSPORT_INSTR] Recv: key=ppermute.3_0|s200003->100003d|$c21$l-1877411378^i0 size=0 is_single_chunk=true is_aligned=true memcpy_needed=false
I0909 09:21:28.036843    1352 grpc_transport.cc:1743] [MEGASCALE_TRANSPORT_INSTR] SendRpc: key=ppermute.3_0|s100001->200001d|$c3$l-1877411377^i0 size=33554432 queue_latency_us=0 attempt=0
I0909 09:21:28.051105    1352 grpc_transport.cc:1743] [MEGASCALE_TRANSPORT_INSTR] SendRpc: key=ppermute.3_0|s100000->200000d|$c26$l-1877411377^i0 size=33554432 queue_latency_us=0 attempt=0
I0909 09:21:28.084976    1710 grpc_transport.cc:1414] [MEGASCALE_TRANSPORT_INSTR] Recv: key=ppermute.3_0|s200001->100001d|$c1$l-1877411377^i0 size=0 is_single_chunk=true is_aligned=true memcpy_needed=false
I0909 09:21:28.156252    2202 grpc_transport.cc:1414] [MEGASCALE_TRANSPORT_INSTR] Recv: key=ppermute.3_0|s200006->100006d|$c31$l-1877411377^i0 size=0 is_single_chunk=true is_aligned=true memcpy_needed=false
I0909 09:21:28.232274    2200 grpc_transport.cc:1414] [MEGASCALE_TRANSPORT_INSTR] Recv: key=ppermute.3_0|s200003->100003d|$c31$l-1877411377^i0 size=0 is_single_chunk=true is_aligned=true memcpy_needed=false
I0909 09:21:28.240369    1859 grpc_transport.cc:1743] [MEGASCALE_TRANSPORT_INSTR] SendRpc: key=ppermute.3_0|s100001->200001d|$c3$l-1877411376^i0 size=33554432 queue_latency_us=0 attempt=0
I0909 09:21:28.255110    1859 grpc_transport.cc:1743] [MEGASCALE_TRANSPORT_INSTR] SendRpc: key=ppermute.3_0|s100005->200005d|$c14$l-1877411376^i0 size=33554432 queue_latency_us=0 attempt=0
I0909 09:21:28.269999    2200 grpc_transport.cc:1743] [MEGASCALE_TRANSPORT_INSTR] SendRpc: key=ppermute.3_0|s100003->200003d|$c21$l-1877411376^i0 size=33554432 queue_latency_us=0 attempt=0
I0909 09:21:28.352241    1938 grpc_transport.cc:1414] [MEGASCALE_TRANSPORT_INSTR] Recv: key=ppermute.3_0|s200001->100001d|$c12$l-1877411376^i0 size=0 is_single_chunk=true is_aligned=true memcpy_needed=false
I0909 09:21:28.421631    1859 grpc_transport.cc:1414] [MEGASCALE_TRANSPORT_INSTR] Recv: key=ppermute.3_0|s200001->100001d|$c28$l-1877411376^i0 size=0 is_single_chunk=true is_aligned=true memcpy_needed=false
I0909 09:21:28.484860    2392 grpc_transport.cc:1743] [MEGASCALE_TRANSPORT_INSTR] SendRpc: key=ppermute.3_0|s100006->200006d|$c11$l-1877411375^i0 size=33554432 queue_latency_us=0 attempt=0
I0909 09:21:28.499824    1859 grpc_transport.cc:1743] [MEGASCALE_TRANSPORT_INSTR] SendRpc: key=ppermute.3_0|s100000->200000d|$c12$l-1877411375^i0 size=33554432 queue_latency_us=0 attempt=0
I0909 09:21:28.535031    2392 grpc_transport.cc:1414] [MEGASCALE_TRANSPORT_INSTR] Recv: key=ppermute.3_0|s200007->100007d|$c3$l-1877411375^i0 size=0 is_single_chunk=true is_aligned=true memcpy_needed=false
I0909 09:21:28.606746    2392 grpc_transport.cc:1414] [MEGASCALE_TRANSPORT_INSTR] Recv: key=ppermute.3_0|s200007->100007d|$c18$l-1877411375^i0 size=0 is_single_chunk=true is_aligned=true memcpy_needed=false
I0909 09:21:28.676179    2200 grpc_transport.cc:1414] [MEGASCALE_TRANSPORT_INSTR] Recv: key=ppermute.3_0|s200003->100003d|$c26$l-1877411375^i0 size=0 is_single_chunk=true is_aligned=true memcpy_needed=false
I0909 09:21:28.708674    1371 grpc_transport.cc:1743] [MEGASCALE_TRANSPORT_INSTR] SendRpc: key=ppermute.3_0|s100006->200006d|$c0$l-1877411374^i0 size=33554432 queue_latency_us=0 attempt=0
I0909 09:21:28.723314    1859 grpc_transport.cc:1743] [MEGASCALE_TRANSPORT_INSTR] SendRpc: key=ppermute.3_0|s100005->200005d|$c3$l-1877411374^i0 size=33554432 queue_latency_us=0 attempt=0
I0909 09:21:28.739116    2392 grpc_transport.cc:1743] [MEGASCALE_TRANSPORT_INSTR] SendRpc: key=ppermute.3_0|s100007->200007d|$c19$l-1877411374^i0 size=33554432 queue_latency_us=0 attempt=0
I0909 09:21:28.792594    2200 grpc_transport.cc:1414] [MEGASCALE_TRANSPORT_INSTR] Recv: key=ppermute.3_0|s200007->100007d|$c8$l-1877411374^i0 size=0 is_single_chunk=true is_aligned=true memcpy_needed=false
I0909 09:21:28.863923    2392 grpc_transport.cc:1414] [MEGASCALE_TRANSPORT_INSTR] Recv: key=ppermute.3_0|s200007->100007d|$c26$l-1877411374^i0 size=0 is_single_chunk=true is_aligned=true memcpy_needed=false
I0909 09:21:28.934800    2392 grpc_transport.cc:1743] [MEGASCALE_TRANSPORT_INSTR] SendRpc: key=ppermute.3_0|s100002->200002d|$c11$l-1877411373^i0 size=33554432 queue_latency_us=0 attempt=0
I0909 09:21:28.949753    2200 grpc_transport.cc:1743] [MEGASCALE_TRANSPORT_INSTR] SendRpc: key=ppermute.3_0|s100006->200006d|$c17$l-1877411373^i0 size=33554432 queue_latency_us=0 attempt=0
I0909 09:21:28.965321    1938 grpc_transport.cc:1743] [MEGASCALE_TRANSPORT_INSTR] SendRpc: key=ppermute.3_0|s100005->200005d|$c28$l-1877411373^i0 size=33554432 queue_latency_us=0 attempt=0
I0909 09:21:28.973857    2392 grpc_transport.cc:1414] [MEGASCALE_TRANSPORT_INSTR] Recv: key=ppermute.3_0|s200007->100007d|$c2$l-1877411373^i0 size=0 is_single_chunk=true is_aligned=true memcpy_needed=false
I0909 09:21:29.050092    2392 grpc_transport.cc:1414] [MEGASCALE_TRANSPORT_INSTR] Recv: key=ppermute.3_0|s200006->100006d|$c4$l-1877411373^i0 size=0 is_single_chunk=true is_aligned=true memcpy_needed=false
I0909 09:21:29.120260    2392 grpc_transport.cc:1414] [MEGASCALE_TRANSPORT_INSTR] Recv: key=ppermute.3_0|s200003->100003d|$c21$l-1877411373^i0 size=0 is_single_chunk=true is_aligned=true memcpy_needed=false
I0909 09:21:29.164266    2392 grpc_transport.cc:1743] [MEGASCALE_TRANSPORT_INSTR] SendRpc: key=ppermute.3_0|s100006->200006d|$c22$l-1877411372^i0 size=33554432 queue_latency_us=0 attempt=0
I0909 09:21:29.179450    2392 grpc_transport.cc:1743] [MEGASCALE_TRANSPORT_INSTR] SendRpc: key=ppermute.3_0|s100002->200002d|$c28$l-1877411372^i0 size=33554432 queue_latency_us=0 attempt=0
I0909 09:21:29.243818    1352 grpc_transport.cc:1414] [MEGASCALE_TRANSPORT_INSTR] Recv: key=ppermute.3_0|s200004->100004d|$c17$l-1877411372^i0 size=0 is_single_chunk=true is_aligned=true memcpy_needed=false
I0909 09:21:29.312395    1938 grpc_transport.cc:1414] [MEGASCALE_TRANSPORT_INSTR] Recv: key=ppermute.3_0|s200001->100001d|$c27$l-1877411372^i0 size=0 is_single_chunk=true is_aligned=true memcpy_needed=false
I0909 09:21:29.390794    2392 grpc_transport.cc:1743] [MEGASCALE_TRANSPORT_INSTR] SendRpc: key=ppermute.3_0|s100007->200007d|$c8$l-1877411371^i0 size=33554432 queue_latency_us=0 attempt=0
I0909 09:21:29.406233    2200 grpc_transport.cc:1743] [MEGASCALE_TRANSPORT_INSTR] SendRpc: key=ppermute.3_0|s100003->200003d|$c23$l-1877411371^i0 size=33554432 queue_latency_us=0 attempt=0
I0909 09:21:29.421679    2392 grpc_transport.cc:1743] [MEGASCALE_TRANSPORT_INSTR] SendRpc: key=ppermute.3_0|s100006->200006d|$c27$l-1877411371^i0 size=33554432 queue_latency_us=0 attempt=0
I0909 09:21:29.422028    2392 grpc_transport.cc:1414] [MEGASCALE_TRANSPORT_INSTR] Recv: key=ppermute.3_0|s200006->100006d|$c3$l-1877411371^i0 size=0 is_single_chunk=true is_aligned=true memcpy_needed=false
I0909 09:21:29.488172    1938 grpc_transport.cc:1414] [MEGASCALE_TRANSPORT_INSTR] Recv: key=ppermute.3_0|s200001->100001d|$c30$l-1877411371^i0 size=0 is_single_chunk=true is_aligned=true memcpy_needed=false
I0909 09:21:29.561306    2200 grpc_transport.cc:1414] [MEGASCALE_TRANSPORT_INSTR] Recv: key=ppermute.3_0|s200007->100007d|$c18$l-1877411371^i0 size=0 is_single_chunk=true is_aligned=true memcpy_needed=false
I0909 09:21:29.617526    2392 grpc_transport.cc:1743] [MEGASCALE_TRANSPORT_INSTR] SendRpc: key=ppermute.3_0|s100006->200006d|$c4$l-1877411370^i0 size=33554432 queue_latency_us=0 attempt=0
I0909 09:21:29.632650    2392 grpc_transport.cc:1743] [MEGASCALE_TRANSPORT_INSTR] SendRpc: key=ppermute.3_0|s100007->200007d|$c28$l-1877411370^i0 size=33554432 queue_latency_us=0 attempt=0
I0909 09:21:29.680792    2202 grpc_transport.cc:1414] [MEGASCALE_TRANSPORT_INSTR] Recv: key=ppermute.3_0|s200002->100002d|$c11$l-1877411370^i0 size=0 is_single_chunk=true is_aligned=true memcpy_needed=false
I0909 09:21:29.751101    2200 grpc_transport.cc:1414] [MEGASCALE_TRANSPORT_INSTR] Recv: key=ppermute.3_0|s200006->100006d|$c15$l-1877411370^i0 size=0 is_single_chunk=true is_aligned=true memcpy_needed=false
I0909 09:21:29.832285    2392 grpc_transport.cc:1743] [MEGASCALE_TRANSPORT_INSTR] SendRpc: key=ppermute.3_0|s100002->200002d|$c0$l-1877411369^i0 size=33554432 queue_latency_us=0 attempt=0
I0909 09:21:29.847136    2392 grpc_transport.cc:1743] [MEGASCALE_TRANSPORT_INSTR] SendRpc: key=ppermute.3_0|s100007->200007d|$c0$l-1877411369^i0 size=33554432 queue_latency_us=0 attempt=0
I0909 09:21:29.862340    1702 grpc_transport.cc:1743] [MEGASCALE_TRANSPORT_INSTR] SendRpc: key=ppermute.3_0|s100005->200005d|$c23$l-1877411369^i0 size=33554432 queue_latency_us=0 attempt=0
I0909 09:21:29.869194    2200 grpc_transport.cc:1414] [MEGASCALE_TRANSPORT_INSTR] Recv: key=ppermute.3_0|s200002->100002d|$c2$l-1877411369^i0 size=0 is_single_chunk=true is_aligned=true memcpy_needed=false
I0909 09:21:29.942301    1702 grpc_transport.cc:1414] [MEGASCALE_TRANSPORT_INSTR] Recv: key=ppermute.3_0|s200005->100005d|$c20$l-1877411369^i0 size=0 is_single_chunk=true is_aligned=true memcpy_needed=false
I0909 09:21:30.014307    2200 grpc_transport.cc:1414] [MEGASCALE_TRANSPORT_INSTR] Recv: key=ppermute.3_0|s200003->100003d|$c15$l-1877411369^i0 size=0 is_single_chunk=true is_aligned=true memcpy_needed=false
I0909 09:21:30.077863    1859 grpc_transport.cc:1743] [MEGASCALE_TRANSPORT_INSTR] SendRpc: key=ppermute.3_0|s100004->200004d|$c5$l-1877411368^i0 size=33554432 queue_latency_us=0 attempt=0
I0909 09:21:30.093305    1702 grpc_transport.cc:1743] [MEGASCALE_TRANSPORT_INSTR] SendRpc: key=ppermute.3_0|s100000->200000d|$c8$l-1877411368^i0 size=33554432 queue_latency_us=0 attempt=0
I0909 09:21:30.124816    2392 grpc_transport.cc:1414] [MEGASCALE_TRANSPORT_INSTR] Recv: key=ppermute.3_0|s200002->100002d|$c6$l-1877411368^i0 size=0 is_single_chunk=true is_aligned=true memcpy_needed=false
I0909 09:21:30.198829    1352 grpc_transport.cc:1414] [MEGASCALE_TRANSPORT_INSTR] Recv: key=ppermute.3_0|s200004->100004d|$c20$l-1877411368^i0 size=0 is_single_chunk=true is_aligned=true memcpy_needed=false
I0909 09:21:30.273722    2202 grpc_transport.cc:1414] [MEGASCALE_TRANSPORT_INSTR] Recv: key=ppermute.3_0|s200007->100007d|$c29$l-1877411368^i0 size=0 is_single_chunk=true is_aligned=true memcpy_needed=false
I0909 09:21:30.288805    1859 grpc_transport.cc:1743] [MEGASCALE_TRANSPORT_INSTR] SendRpc: key=ppermute.3_0|s100001->200001d|$c2$l-1877411367^i0 size=33554432 queue_latency_us=0 attempt=0
I0909 09:21:30.303746    1702 grpc_transport.cc:1743] [MEGASCALE_TRANSPORT_INSTR] SendRpc: key=ppermute.3_0|s100005->200005d|$c27$l-1877411367^i0 size=33554432 queue_latency_us=0 attempt=0
I0909 09:21:30.318792    2202 grpc_transport.cc:1743] [MEGASCALE_TRANSPORT_INSTR] SendRpc: key=ppermute.3_0|s100003->200003d|$c20$l-1877411367^i0 size=33554432 queue_latency_us=0 attempt=0
I0909 09:21:30.394720    2202 grpc_transport.cc:1414] [MEGASCALE_TRANSPORT_INSTR] Recv: key=ppermute.3_0|s200006->100006d|$c2$l-1877411367^i0 size=0 is_single_chunk=true is_aligned=true memcpy_needed=false
I0909 09:21:30.464733    1702 grpc_transport.cc:1414] [MEGASCALE_TRANSPORT_INSTR] Recv: key=ppermute.3_0|s200004->100004d|$c27$l-1877411367^i0 size=0 is_single_chunk=true is_aligned=true memcpy_needed=false
I0909 09:21:30.528784     803 grpc_transport.cc:1743] [MEGASCALE_TRANSPORT_INSTR] SendRpc: key=ppermute.3_0|s100006->200006d|$c3$l-1877411366^i0 size=33554432 queue_latency_us=0 attempt=0
I0909 09:21:30.543649    2200 grpc_transport.cc:1743] [MEGASCALE_TRANSPORT_INSTR] SendRpc: key=ppermute.3_0|s100002->200002d|$c16$l-1877411366^i0 size=33554432 queue_latency_us=0 attempt=0
I0909 09:21:30.558744    1702 grpc_transport.cc:1743] [MEGASCALE_TRANSPORT_INSTR] SendRpc: key=ppermute.3_0|s100000->200000d|$c30$l-1877411366^i0 size=33554432 queue_latency_us=0 attempt=0
I0909 09:21:30.589172     803 grpc_transport.cc:1414] [MEGASCALE_TRANSPORT_INSTR] Recv: key=ppermute.3_0|s200007->100007d|$c9$l-1877411366^i0 size=0 is_single_chunk=true is_aligned=true memcpy_needed=false
I0909 09:21:30.668790     803 grpc_transport.cc:1414] [MEGASCALE_TRANSPORT_INSTR] Recv: key=ppermute.3_0|s200006->100006d|$c7$l-1877411366^i0 size=0 is_single_chunk=true is_aligned=true memcpy_needed=false
I0909 09:21:30.753827     803 grpc_transport.cc:1414] [MEGASCALE_TRANSPORT_INSTR] Recv: key=ppermute.3_0|s200006->100006d|$c17$l-1877411366^i0 size=0 is_single_chunk=true is_aligned=true memcpy_needed=false
I0909 09:21:30.799164    1860 grpc_transport.cc:1743] [MEGASCALE_TRANSPORT_INSTR] SendRpc: key=ppermute.3_0|s100001->200001d|$c14$l-1877411365^i0 size=33554432 queue_latency_us=0 attempt=0
I0909 09:21:30.814722    2202 grpc_transport.cc:1743] [MEGASCALE_TRANSPORT_INSTR] SendRpc: key=ppermute.3_0|s100003->200003d|$c18$l-1877411365^i0 size=33554432 queue_latency_us=0 attempt=0
I0909 09:21:30.855018    1859 grpc_transport.cc:1414] [MEGASCALE_TRANSPORT_INSTR] Recv: key=ppermute.3_0|s200004->100004d|$c24$l-1877411365^i0 size=0 is_single_chunk=true is_aligned=true memcpy_needed=false
I0909 09:21:30.925921    1860 grpc_transport.cc:1414] [MEGASCALE_TRANSPORT_INSTR] Recv: key=ppermute.3_0|s200005->100005d|$c18$l-1877411365^i0 size=0 is_single_chunk=true is_aligned=true memcpy_needed=false
I0909 09:21:31.024425    2202 grpc_transport.cc:1743] [MEGASCALE_TRANSPORT_INSTR] SendRpc: key=ppermute.3_0|s100002->200002d|$c10$l-1877411364^i0 size=33554432 queue_latency_us=0 attempt=0
I0909 09:21:31.039604    1859 grpc_transport.cc:1743] [MEGASCALE_TRANSPORT_INSTR] SendRpc: key=ppermute.3_0|s100001->200001d|$c24$l-1877411364^i0 size=33554432 queue_latency_us=0 attempt=0
I0909 09:21:31.055106    2200 grpc_transport.cc:1743] [MEGASCALE_TRANSPORT_INSTR] SendRpc: key=ppermute.3_0|s100003->200003d|$c29$l-1877411364^i0 size=33554432 queue_latency_us=0 attempt=0
I0909 09:21:31.061312    1860 grpc_transport.cc:1414] [MEGASCALE_TRANSPORT_INSTR] Recv: key=ppermute.3_0|s200005->100005d|$c7$l-1877411364^i0 size=0 is_single_chunk=true is_aligned=true memcpy_needed=false
I0909 09:21:31.130614    2202 grpc_transport.cc:1414] [MEGASCALE_TRANSPORT_INSTR] Recv: key=ppermute.3_0|s200007->100007d|$c28$l-1877411364^i0 size=0 is_single_chunk=true is_aligned=true memcpy_needed=false
I0909 09:21:31.209855    2200 grpc_transport.cc:1414] [MEGASCALE_TRANSPORT_INSTR] Recv: key=ppermute.3_0|s200006->100006d|$c20$l-1877411364^i0 size=0 is_single_chunk=true is_aligned=true memcpy_needed=false
I0909 09:21:31.267395    1352 grpc_transport.cc:1743] [MEGASCALE_TRANSPORT_INSTR] SendRpc: key=ppermute.3_0|s100005->200005d|$c12$l-1877411363^i0 size=33554432 queue_latency_us=0 attempt=0
I0909 09:21:31.282556     803 grpc_transport.cc:1743] [MEGASCALE_TRANSPORT_INSTR] SendRpc: key=ppermute.3_0|s100006->200006d|$c21$l-1877411363^i0 size=33554432 queue_latency_us=0 attempt=0
I0909 09:21:31.336243    2202 grpc_transport.cc:1414] [MEGASCALE_TRANSPORT_INSTR] Recv: key=ppermute.3_0|s200007->100007d|$c6$l-1877411363^i0 size=0 is_single_chunk=true is_aligned=true memcpy_needed=false
I0909 09:21:31.411989    1859 grpc_transport.cc:1414] [MEGASCALE_TRANSPORT_INSTR] Recv: key=ppermute.3_0|s200000->100000d|$c27$l-1877411363^i0 size=0 is_single_chunk=true is_aligned=true memcpy_needed=false
I0909 09:21:31.498545    1859 grpc_transport.cc:1743] [MEGASCALE_TRANSPORT_INSTR] SendRpc: key=ppermute.3_0|s100004->200004d|$c6$l-1877411362^i0 size=33554432 queue_latency_us=0 attempt=0
I0909 09:21:31.513746     803 grpc_transport.cc:1414] [MEGASCALE_TRANSPORT_INSTR] Recv: key=ppermute.3_0|s200006->100006d|$c6$l-1877411362^i0 size=0 is_single_chunk=true is_aligned=true memcpy_needed=false
I0909 09:21:31.514048    1938 grpc_transport.cc:1743] [MEGASCALE_TRANSPORT_INSTR] SendRpc: key=ppermute.3_0|s100001->200001d|$c31$l-1877411362^i0 size=33554432 queue_latency_us=0 attempt=0
I0909 09:21:31.529718     803 grpc_transport.cc:1743] [MEGASCALE_TRANSPORT_INSTR] SendRpc: key=ppermute.3_0|s100007->200007d|$c26$l-1877411362^i0 size=33554432 queue_latency_us=0 attempt=0
I0909 09:21:31.596758     803 grpc_transport.cc:1414] [MEGASCALE_TRANSPORT_INSTR] Recv: key=ppermute.3_0|s200006->100006d|$c12$l-1877411362^i0 size=0 is_single_chunk=true is_aligned=true memcpy_needed=false
I0909 09:21:31.678397    1352 grpc_transport.cc:1414] [MEGASCALE_TRANSPORT_INSTR] Recv: key=ppermute.3_0|s200004->100004d|$c30$l-1877411362^i0 size=0 is_single_chunk=true is_aligned=true memcpy_needed=false
I0909 09:21:31.785342    1702 grpc_transport.cc:1743] [MEGASCALE_TRANSPORT_INSTR] SendRpc: key=ppermute.3_0|s100004->200004d|$c10$l-1877411361^i0 size=33554432 queue_latency_us=0 attempt=0
I0909 09:21:31.793582    1936 grpc_transport.cc:1414] [MEGASCALE_TRANSPORT_INSTR] Recv: key=ppermute.3_0|s200005->100005d|$c4$l-1877411361^i0 size=0 is_single_chunk=true is_aligned=true memcpy_needed=false
I0909 09:21:31.801065    1702 grpc_transport.cc:1743] [MEGASCALE_TRANSPORT_INSTR] SendRpc: key=ppermute.3_0|s100000->200000d|$c14$l-1877411361^i0 size=33554432 queue_latency_us=0 attempt=0
I0909 09:21:31.878412    1702 grpc_transport.cc:1414] [MEGASCALE_TRANSPORT_INSTR] Recv: key=ppermute.3_0|s200001->100001d|$c24$l-1877411361^i0 size=0 is_single_chunk=true is_aligned=true memcpy_needed=false
I0909 09:21:32.011201    2392 grpc_transport.cc:1414] [MEGASCALE_TRANSPORT_INSTR] Recv: key=ppermute.3_0|s200006->100006d|$c23$l-1877411361^i0 size=0 is_single_chunk=true is_aligned=true memcpy_needed=false
I0909 09:21:32.016837    2202 grpc_transport.cc:1743] [MEGASCALE_TRANSPORT_INSTR] SendRpc: key=ppermute.3_0|s100002->200002d|$c4$l-1877411360^i0 size=33554432 queue_latency_us=0 attempt=0
I0909 09:21:32.031804    1936 grpc_transport.cc:1743] [MEGASCALE_TRANSPORT_INSTR] SendRpc: key=ppermute.3_0|s100000->200000d|$c4$l-1877411360^i0 size=33554432 queue_latency_us=0 attempt=0
I0909 09:21:32.047831    1936 grpc_transport.cc:1743] [MEGASCALE_TRANSPORT_INSTR] SendRpc: key=ppermute.3_0|s100000->200000d|$c21$l-1877411360^i0 size=33554432 queue_latency_us=0 attempt=0
I0909 09:21:32.093937    1702 grpc_transport.cc:1414] [MEGASCALE_TRANSPORT_INSTR] Recv: key=ppermute.3_0|s200001->100001d|$c11$l-1877411360^i0 size=0 is_single_chunk=true is_aligned=true memcpy_needed=false
I0909 09:21:32.167736    1701 grpc_transport.cc:1414] [MEGASCALE_TRANSPORT_INSTR] Recv: key=ppermute.3_0|s200004->100004d|$c18$l-1877411360^i0 size=0 is_single_chunk=true is_aligned=true memcpy_needed=false
I0909 09:21:32.220783    1360 grpc_transport.cc:1743] [MEGASCALE_TRANSPORT_INSTR] SendRpc: key=ppermute.3_0|s100006->200006d|$c15$l-1877411359^i0 size=33554432 queue_latency_us=0 attempt=0
I0909 09:21:32.235612    1360 grpc_transport.cc:1743] [MEGASCALE_TRANSPORT_INSTR] SendRpc: key=ppermute.3_0|s100007->200007d|$c8$l-1877411359^i0 size=33554432 queue_latency_us=0 attempt=0
I0909 09:21:32.309789    1701 grpc_transport.cc:1414] [MEGASCALE_TRANSPORT_INSTR] Recv: key=ppermute.3_0|s200000->100000d|$c15$l-1877411359^i0 size=0 is_single_chunk=true is_aligned=true memcpy_needed=false
I0909 09:21:32.385513    1701 grpc_transport.cc:1414] [MEGASCALE_TRANSPORT_INSTR] Recv: key=ppermute.3_0|s200005->100005d|$c22$l-1877411359^i0 size=0 is_single_chunk=true is_aligned=true memcpy_needed=false
I0909 09:21:32.461267    1371 grpc_transport.cc:1414] [MEGASCALE_TRANSPORT_INSTR] Recv: key=ppermute.3_0|s200003->100003d|$c27$l-1877411359^i0 size=0 is_single_chunk=true is_aligned=true memcpy_needed=false
I0909 09:21:32.478483    1936 grpc_transport.cc:1743] [MEGASCALE_TRANSPORT_INSTR] SendRpc: key=ppermute.3_0|s100004->200004d|$c0$l-1877411358^i0 size=33554432 queue_latency_us=0 attempt=0
I0909 09:21:32.493657    1360 grpc_transport.cc:1743] [MEGASCALE_TRANSPORT_INSTR] SendRpc: key=ppermute.3_0|s100007->200007d|$c25$l-1877411358^i0 size=33554432 queue_latency_us=0 attempt=0
I0909 09:21:32.509152    1371 grpc_transport.cc:1743] [MEGASCALE_TRANSPORT_INSTR] SendRpc: key=ppermute.3_0|s100002->200002d|$c20$l-1877411358^i0 size=33554432 queue_latency_us=0 attempt=0
I0909 09:21:32.563195    1864 grpc_transport.cc:1414] [MEGASCALE_TRANSPORT_INSTR] Recv: key=ppermute.3_0|s200000->100000d|$c20$l-1877411358^i0 size=0 is_single_chunk=true is_aligned=true memcpy_needed=false
I0909 09:21:32.630661    1371 grpc_transport.cc:1414] [MEGASCALE_TRANSPORT_INSTR] Recv: key=ppermute.3_0|s200007->100007d|$c28$l-1877411358^i0 size=0 is_single_chunk=true is_aligned=true memcpy_needed=false
I0909 09:21:32.694703    1939 grpc_transport.cc:1743] [MEGASCALE_TRANSPORT_INSTR] SendRpc: key=ppermute.3_0|s100004->200004d|$c12$l-1877411357^i0 size=33554432 queue_latency_us=0 attempt=0
I0909 09:21:32.709692    1939 grpc_transport.cc:1743] [MEGASCALE_TRANSPORT_INSTR] SendRpc: key=ppermute.3_0|s100004->200004d|$c26$l-1877411357^i0 size=33554432 queue_latency_us=0 attempt=0
I0909 09:21:32.724873     803 grpc_transport.cc:1743] [MEGASCALE_TRANSPORT_INSTR] SendRpc: key=ppermute.3_0|s100002->200002d|$c31$l-1877411357^i0 size=33554432 queue_latency_us=0 attempt=0
I0909 09:21:32.749981    2202 grpc_transport.cc:1414] [MEGASCALE_TRANSPORT_INSTR] Recv: key=ppermute.3_0|s200002->100002d|$c9$l-1877411357^i0 size=0 is_single_chunk=true is_aligned=true memcpy_needed=false
I0909 09:21:32.823653    2202 grpc_transport.cc:1414] [MEGASCALE_TRANSPORT_INSTR] Recv: key=ppermute.3_0|s200002->100002d|$c21$l-1877411357^i0 size=0 is_single_chunk=true is_aligned=true memcpy_needed=false
I0909 09:21:32.891742    2202 grpc_transport.cc:1414] [MEGASCALE_TRANSPORT_INSTR] Recv: key=ppermute.3_0|s200003->100003d|$c28$l-1877411357^i0 size=0 is_single_chunk=true is_aligned=true memcpy_needed=false
I0909 09:21:32.933210     803 grpc_transport.cc:1743] [MEGASCALE_TRANSPORT_INSTR] SendRpc: key=ppermute.3_0|s100006->200006d|$c12$l-1877411356^i0 size=33554432 queue_latency_us=0 attempt=0
I0909 09:21:32.948988    1701 grpc_transport.cc:1743] [MEGASCALE_TRANSPORT_INSTR] SendRpc: key=ppermute.3_0|s100005->200005d|$c15$l-1877411356^i0 size=33554432 queue_latency_us=0 attempt=0
I0909 09:21:32.986923    1701 grpc_transport.cc:1414] [MEGASCALE_TRANSPORT_INSTR] Recv: key=ppermute.3_0|s200005->100005d|$c15$l-1877411356^i0 size=0 is_single_chunk=true is_aligned=true memcpy_needed=false
I0909 09:21:33.057217    2202 grpc_transport.cc:1414] [MEGASCALE_TRANSPORT_INSTR] Recv: key=ppermute.3_0|s200006->100006d|$c13$l-1877411356^i0 size=0 is_single_chunk=true is_aligned=true memcpy_needed=false
I0909 09:21:33.124120    1939 grpc_transport.cc:1743] [MEGASCALE_TRANSPORT_INSTR] SendRpc: key=ppermute.3_0|s100005->200005d|$c7$l-1877411355^i0 size=33554432 queue_latency_us=0 attempt=0
I0909 09:21:33.139049    2202 grpc_transport.cc:1743] [MEGASCALE_TRANSPORT_INSTR] SendRpc: key=ppermute.3_0|s100002->200002d|$c18$l-1877411355^i0 size=33554432 queue_latency_us=0 attempt=0
I0909 09:21:33.154024    1939 grpc_transport.cc:1743] [MEGASCALE_TRANSPORT_INSTR] SendRpc: key=ppermute.3_0|s100000->200000d|$c26$l-1877411355^i0 size=33554432 queue_latency_us=0 attempt=0
I0909 09:21:33.173156    1702 grpc_transport.cc:1414] [MEGASCALE_TRANSPORT_INSTR] Recv: key=ppermute.3_0|s200000->100000d|$c4$l-1877411355^i0 size=0 is_single_chunk=true is_aligned=true memcpy_needed=false
I0909 09:21:33.255444    1702 grpc_transport.cc:1414] [MEGASCALE_TRANSPORT_INSTR] Recv: key=ppermute.3_0|s200004->100004d|$c30$l-1877411355^i0 size=0 is_single_chunk=true is_aligned=true memcpy_needed=false
I0909 09:21:33.326672    2202 grpc_transport.cc:1414] [MEGASCALE_TRANSPORT_INSTR] Recv: key=ppermute.3_0|s200003->100003d|$c16$l-1877411355^i0 size=0 is_single_chunk=true is_aligned=true memcpy_needed=false
I0909 09:21:33.408254    1701 grpc_transport.cc:1414] [MEGASCALE_TRANSPORT_INSTR] Recv: key=ppermute.3_0|s200004->100004d|$c10$l-1877411354^i0 size=0 is_single_chunk=true is_aligned=true memcpy_needed=false
W0909 09:21:33.416681    1342 block_allocator.cc:240] Allocator almost full. Allocator Stats. Total: 17179869184 Free: 4265017344 Peak: 0
Outstanding :: 33554432: 0 8388608: 0 65536: 0 16384: 0 1024: 0 8192: 0 9437184: 0 32768: 0 34603008: 47 
Free :: 32768: 4 1024: 16 16384: 7 65536: 4 8192: 8 8388608: 577 9437184: 132 34603008: 0 33554432: 154 
I0909 09:21:33.480061    1939 grpc_transport.cc:1414] [MEGASCALE_TRANSPORT_INSTR] Recv: key=ppermute.3_0|s200001->100001d|$c27$l-1877411354^i0 size=0 is_single_chunk=true is_aligned=true memcpy_needed=false
I0909 09:21:33.561006     786 grpc_transport.cc:1743] [MEGASCALE_TRANSPORT_INSTR] SendRpc: key=ppermute.3_0|s100001->200001d|$c20$l-1877411354^i0 size=33554432 queue_latency_us=0 attempt=0
I0909 09:21:33.576981    2200 grpc_transport.cc:1743] [MEGASCALE_TRANSPORT_INSTR] SendRpc: key=ppermute.3_0|s100007->200007d|$c12$l-1877411354^i0 size=33554432 queue_latency_us=0 attempt=0
E0909 09:21:33.626452    1540 block_allocator.cc:227] Allocator failed to allocate: 33554432 bytes Allocator Stats. Total: 17179869184 Free: 32964608 Peak: 0
Outstanding :: 32768: 0 65536: 0 16384: 2 1024: 8 8192: 0 9437184: 0 8388608: 0 34603008: 0 33554432: 188 
Free :: 33554432: 0 8192: 8 1024: 8 16384: 5 65536: 4 9437184: 160 8388608: 584 32768: 4 34603008: 128 
W0909 09:21:33.626578    1540 communication_backend.cc:254] Allocation from allocator failed. Bytes:33554432 Error: RESOURCE_EXHAUSTED: Unable to allocate buffer of size: 33554432
=== Source Location Trace: === 
platforms/xla/megascale/runtime/common/block_allocator.cc:231
I0909 09:21:33.632475    1939 grpc_transport.cc:1743] [MEGASCALE_TRANSPORT_INSTR] SendRpc: key=ppermute.3_0|s100005->200005d|$c12$l-1877411353^i0 size=33554432 queue_latency_us=0 attempt=0
I0909 09:21:33.649529    2392 grpc_transport.cc:1743] [MEGASCALE_TRANSPORT_INSTR] SendRpc: key=ppermute.3_0|s100002->200002d|$c22$l-1877411353^i0 size=33554432 queue_latency_us=0 attempt=0
I0909 09:21:33.660936    1938 grpc_transport.cc:1743] [MEGASCALE_TRANSPORT_INSTR] SendRpc: key=ppermute.3_0|s100000->200000d|$c17$l-1877411353^i0 size=33554432 queue_latency_us=0 attempt=0
I0909 09:21:33.763643    1352 grpc_transport.cc:1414] [MEGASCALE_TRANSPORT_INSTR] Recv: key=ppermute.3_0|s200004->100004d|$c1$l-1877411353^i0 size=0 is_single_chunk=true is_aligned=true memcpy_needed=false
I0909 09:21:33.850069    1703 grpc_transport.cc:1414] [MEGASCALE_TRANSPORT_INSTR] Recv: key=ppermute.3_0|s200001->100001d|$c14$l-1877411353^i0 size=0 is_single_chunk=true is_aligned=true memcpy_needed=false
I0909 09:21:33.925940    2202 grpc_transport.cc:1414] [MEGASCALE_TRANSPORT_INSTR] Recv: key=ppermute.3_0|s200002->100002d|$c31$l-1877411353^i0 size=0 is_single_chunk=true is_aligned=true memcpy_needed=false
I0909 09:21:33.981520    1352 grpc_transport.cc:1743] [MEGASCALE_TRANSPORT_INSTR] SendRpc: key=ppermute.3_0|s100001->200001d|$c10$l-1877411352^i0 size=33554432 queue_latency_us=0 attempt=0
I0909 09:21:33.997091    2392 grpc_transport.cc:1743] [MEGASCALE_TRANSPORT_INSTR] SendRpc: key=ppermute.3_0|s100007->200007d|$c12$l-1877411352^i0 size=33554432 queue_latency_us=0 attempt=0
I0909 09:21:34.025678    2200 grpc_transport.cc:1414] [MEGASCALE_TRANSPORT_INSTR] Recv: key=ppermute.3_0|s200006->100006d|$c11$l-1877411352^i0 size=0 is_single_chunk=true is_aligned=true memcpy_needed=false
I0909 09:21:34.098811     786 grpc_transport.cc:1414] [MEGASCALE_TRANSPORT_INSTR] Recv: key=ppermute.3_0|s200004->100004d|$c17$l-1877411352^i0 size=0 is_single_chunk=true is_aligned=true memcpy_needed=false
I0909 09:21:34.167655    2200 grpc_transport.cc:1414] [MEGASCALE_TRANSPORT_INSTR] Recv: key=ppermute.3_0|s200003->100003d|$c30$l-1877411352^i0 size=0 is_single_chunk=true is_aligned=true memcpy_needed=false
I0909 09:21:34.182315    2202 grpc_transport.cc:1743] [MEGASCALE_TRANSPORT_INSTR] SendRpc: key=ppermute.3_0|s100006->200006d|$c4$l-1877411351^i0 size=33554432 queue_latency_us=1 attempt=0
I0909 09:21:34.197041     786 grpc_transport.cc:1743] [MEGASCALE_TRANSPORT_INSTR] SendRpc: key=ppermute.3_0|s100004->200004d|$c14$l-1877411351^i0 size=33554432 queue_latency_us=0 attempt=0
I0909 09:21:34.212220    2392 grpc_transport.cc:1743] [MEGASCALE_TRANSPORT_INSTR] SendRpc: key=ppermute.3_0|s100002->200002d|$c29$l-1877411351^i0 size=33554432 queue_latency_us=0 attempt=0
I0909 09:21:34.291142    1864 grpc_transport.cc:1414] [MEGASCALE_TRANSPORT_INSTR] Recv: key=ppermute.3_0|s200004->100004d|$c28$l-1877411351^i0 size=0 is_single_chunk=true is_aligned=true memcpy_needed=false
I0909 09:21:34.362499     786 grpc_transport.cc:1414] [MEGASCALE_TRANSPORT_INSTR] Recv: key=ppermute.3_0|s200001->100001d|$c18$l-1877411351^i0 size=0 is_single_chunk=true is_aligned=true memcpy_needed=false
I0909 09:21:34.440418    2392 grpc_transport.cc:1743] [MEGASCALE_TRANSPORT_INSTR] SendRpc: key=ppermute.3_0|s100006->200006d|$c15$l-1877411350^i0 size=33554432 queue_latency_us=0 attempt=0
I0909 09:21:34.456188    2202 grpc_transport.cc:1743] [MEGASCALE_TRANSPORT_INSTR] SendRpc: key=ppermute.3_0|s100006->200006d|$c30$l-1877411350^i0 size=33554432 queue_latency_us=0 attempt=0
W0909 09:21:34.459929    1352 grpc_transport.cc:1186] Too many pending sends: 128
I0909 09:21:34.460871    2202 grpc_transport.cc:1414] [MEGASCALE_TRANSPORT_INSTR] Recv: key=ppermute.3_0|s200002->100002d|$c11$l-1877411350^i0 size=0 is_single_chunk=true is_aligned=true memcpy_needed=false
I0909 09:21:34.529301    1860 grpc_transport.cc:1414] [MEGASCALE_TRANSPORT_INSTR] Recv: key=ppermute.3_0|s200001->100001d|$c5$l-1877411350^i0 size=0 is_single_chunk=true is_aligned=true memcpy_needed=false
I0909 09:21:34.599809    1352 grpc_transport.cc:1414] [MEGASCALE_TRANSPORT_INSTR] Recv: key=ppermute.3_0|s200001->100001d|$c31$l-1877411350^i0 size=0 is_single_chunk=true is_aligned=true memcpy_needed=false
I0909 09:21:34.623311    1352 grpc_transport.cc:1743] [MEGASCALE_TRANSPORT_INSTR] SendRpc: key=ppermute.3_0|s100001->200001d|$c0$l-1877411349^i0 size=33554432 queue_latency_us=0 attempt=0
I0909 09:21:34.637447    2200 grpc_transport.cc:1743] [MEGASCALE_TRANSPORT_INSTR] SendRpc: key=ppermute.3_0|s100003->200003d|$c3$l-1877411349^i0 size=33554432 queue_latency_us=0 attempt=0
I0909 09:21:34.652328    1719 grpc_transport.cc:1743] [MEGASCALE_TRANSPORT_INSTR] SendRpc: key=ppermute.3_0|s100003->200003d|$c19$l-1877411349^i0 size=33554432 queue_latency_us=0 attempt=0
I0909 09:21:34.731692    1352 grpc_transport.cc:1414] [MEGASCALE_TRANSPORT_INSTR] Recv: key=ppermute.3_0|s200004->100004d|$c26$l-1877411349^i0 size=0 is_single_chunk=true is_aligned=true memcpy_needed=false
I0909 09:21:34.801131    2392 grpc_transport.cc:1414] [MEGASCALE_TRANSPORT_INSTR] Recv: key=ppermute.3_0|s200007->100007d|$c23$l-1877411349^i0 size=0 is_single_chunk=true is_aligned=true memcpy_needed=false
I0909 09:21:34.869644     786 grpc_transport.cc:1743] [MEGASCALE_TRANSPORT_INSTR] SendRpc: key=ppermute.3_0|s100005->200005d|$c7$l-1877411348^i0 size=33554432 queue_latency_us=0 attempt=0
I0909 09:21:34.885104    2200 grpc_transport.cc:1743] [MEGASCALE_TRANSPORT_INSTR] SendRpc: key=ppermute.3_0|s100003->200003d|$c6$l-1877411348^i0 size=33554432 queue_latency_us=0 attempt=0
I0909 09:21:34.900647     786 grpc_transport.cc:1414] [MEGASCALE_TRANSPORT_INSTR] Recv: key=ppermute.3_0|s200005->100005d|$c4$l-1877411348^i0 size=0 is_single_chunk=true is_aligned=true memcpy_needed=false
I0909 09:21:34.900987    2202 grpc_transport.cc:1743] [MEGASCALE_TRANSPORT_INSTR] SendRpc: key=ppermute.3_0|s100007->200007d|$c31$l-1877411348^i0 size=33554432 queue_latency_us=0 attempt=0
I0909 09:21:34.969551    1860 grpc_transport.cc:1414] [MEGASCALE_TRANSPORT_INSTR] Recv: key=ppermute.3_0|s200005->100005d|$c27$l-1877411348^i0 size=0 is_single_chunk=true is_aligned=true memcpy_needed=false
I0909 09:21:35.040513    2202 grpc_transport.cc:1414] [MEGASCALE_TRANSPORT_INSTR] Recv: key=ppermute.3_0|s200006->100006d|$c25$l-1877411348^i0 size=0 is_single_chunk=true is_aligned=true memcpy_needed=false
I0909 09:21:35.075365    2202 grpc_transport.cc:1743] [MEGASCALE_TRANSPORT_INSTR] SendRpc: key=ppermute.3_0|s100006->200006d|$c5$l-1877411347^i0 size=33554432 queue_latency_us=0 attempt=0
I0909 09:21:35.090865    2202 grpc_transport.cc:1743] [MEGASCALE_TRANSPORT_INSTR] SendRpc: key=ppermute.3_0|s100002->200002d|$c21$l-1877411347^i0 size=33554432 queue_latency_us=0 attempt=0
I0909 09:21:35.138422    1939 grpc_transport.cc:1414] [MEGASCALE_TRANSPORT_INSTR] Recv: key=ppermute.3_0|s200001->100001d|$c15$l-1877411347^i0 size=0 is_single_chunk=true is_aligned=true memcpy_needed=false
I0909 09:21:35.209015    1352 grpc_transport.cc:1414] [MEGASCALE_TRANSPORT_INSTR] Recv: key=ppermute.3_0|s200005->100005d|$c25$l-1877411347^i0 size=0 is_single_chunk=true is_aligned=true memcpy_needed=false
I0909 09:21:35.280153    2392 grpc_transport.cc:1743] [MEGASCALE_TRANSPORT_INSTR] SendRpc: key=ppermute.3_0|s100006->200006d|$c9$l-1877411346^i0 size=33554432 queue_latency_us=0 attempt=0
I0909 09:21:35.295711    1352 grpc_transport.cc:1743] [MEGASCALE_TRANSPORT_INSTR] SendRpc: key=ppermute.3_0|s100005->200005d|$c17$l-1877411346^i0 size=33554432 queue_latency_us=0 attempt=0
I0909 09:21:35.311334    1352 grpc_transport.cc:1743] [MEGASCALE_TRANSPORT_INSTR] SendRpc: key=ppermute.3_0|s100001->200001d|$c26$l-1877411346^i0 size=33554432 queue_latency_us=0 attempt=0
I0909 09:21:35.312274    1719 grpc_transport.cc:1414] [MEGASCALE_TRANSPORT_INSTR] Recv: key=ppermute.3_0|s200007->100007d|$c7$l-1877411346^i0 size=0 is_single_chunk=true is_aligned=true memcpy_needed=false
I0909 09:21:35.378557     786 grpc_transport.cc:1414] [MEGASCALE_TRANSPORT_INSTR] Recv: key=ppermute.3_0|s200000->100000d|$c18$l-1877411346^i0 size=0 is_single_chunk=true is_aligned=true memcpy_needed=false
I0909 09:21:35.451065    2202 grpc_transport.cc:1414] [MEGASCALE_TRANSPORT_INSTR] Recv: key=ppermute.3_0|s200006->100006d|$c23$l-1877411346^i0 size=0 is_single_chunk=true is_aligned=true memcpy_needed=false
I0909 09:21:35.503253    2392 grpc_transport.cc:1743] [MEGASCALE_TRANSPORT_INSTR] SendRpc: key=ppermute.3_0|s100002->200002d|$c2$l-1877411345^i0 size=33554432 queue_latency_us=0 attempt=0
I0909 09:21:35.518416    1938 grpc_transport.cc:1743] [MEGASCALE_TRANSPORT_INSTR] SendRpc: key=ppermute.3_0|s100004->200004d|$c12$l-1877411345^i0 size=33554432 queue_latency_us=0 attempt=0
I0909 09:21:35.556452    2392 grpc_transport.cc:1414] [MEGASCALE_TRANSPORT_INSTR] Recv: key=ppermute.3_0|s200007->100007d|$c11$l-1877411345^i0 size=0 is_single_chunk=true is_aligned=true memcpy_needed=false
I0909 09:21:35.627610    2392 grpc_transport.cc:1414] [MEGASCALE_TRANSPORT_INSTR] Recv: key=ppermute.3_0|s200003->100003d|$c8$l-1877411345^i0 size=0 is_single_chunk=true is_aligned=true memcpy_needed=false
I0909 09:21:35.706084    1938 grpc_transport.cc:1743] [MEGASCALE_TRANSPORT_INSTR] SendRpc: key=ppermute.3_0|s100000->200000d|$c6$l-1877411344^i0 size=33554432 queue_latency_us=0 attempt=0
I0909 09:21:35.721338    2202 grpc_transport.cc:1743] [MEGASCALE_TRANSPORT_INSTR] SendRpc: key=ppermute.3_0|s100003->200003d|$c31$l-1877411344^i0 size=33554432 queue_latency_us=0 attempt=0
I0909 09:21:35.729032    2202 grpc_transport.cc:1414] [MEGASCALE_TRANSPORT_INSTR] Recv: key=ppermute.3_0|s200002->100002d|$c0$l-1877411344^i0 size=0 is_single_chunk=true is_aligned=true memcpy_needed=false
I0909 09:21:35.736786    2392 grpc_transport.cc:1743] [MEGASCALE_TRANSPORT_INSTR] SendRpc: key=ppermute.3_0|s100007->200007d|$c25$l-1877411344^i0 size=33554432 queue_latency_us=0 attempt=0
I0909 09:21:35.797013    2202 grpc_transport.cc:1414] [MEGASCALE_TRANSPORT_INSTR] Recv: key=ppermute.3_0|s200002->100002d|$c24$l-1877411344^i0 size=0 is_single_chunk=true is_aligned=true memcpy_needed=false
I0909 09:21:35.869554    2392 grpc_transport.cc:1414] [MEGASCALE_TRANSPORT_INSTR] Recv: key=ppermute.3_0|s200006->100006d|$c19$l-1877411344^i0 size=0 is_single_chunk=true is_aligned=true memcpy_needed=false
I0909 09:21:35.914001    2202 grpc_transport.cc:1743] [MEGASCALE_TRANSPORT_INSTR] SendRpc: key=ppermute.3_0|s100003->200003d|$c17$l-1877411343^i0 size=33554432 queue_latency_us=0 attempt=0
I0909 09:21:35.929446    1352 grpc_transport.cc:1743] [MEGASCALE_TRANSPORT_INSTR] SendRpc: key=ppermute.3_0|s100000->200000d|$c21$l-1877411343^i0 size=33554432 queue_latency_us=0 attempt=0
I0909 09:21:35.968753    2202 grpc_transport.cc:1414] [MEGASCALE_TRANSPORT_INSTR] Recv: key=ppermute.3_0|s200003->100003d|$c0$l-1877411343^i0 size=0 is_single_chunk=true is_aligned=true memcpy_needed=false
I0909 09:21:36.038857    1352 grpc_transport.cc:1414] [MEGASCALE_TRANSPORT_INSTR] Recv: key=ppermute.3_0|s200001->100001d|$c20$l-1877411343^i0 size=0 is_single_chunk=true is_aligned=true memcpy_needed=false
I0909 09:21:36.105999    2392 grpc_transport.cc:1414] [MEGASCALE_TRANSPORT_INSTR] Recv: key=ppermute.3_0|s200007->100007d|$c30$l-1877411343^i0 size=0 is_single_chunk=true is_aligned=true memcpy_needed=false
I0909 09:21:36.124613    2202 grpc_transport.cc:1743] [MEGASCALE_TRANSPORT_INSTR] SendRpc: key=ppermute.3_0|s100003->200003d|$c3$l-1877411342^i0 size=33554432 queue_latency_us=0 attempt=0
I0909 09:21:36.139498    1938 grpc_transport.cc:1743] [MEGASCALE_TRANSPORT_INSTR] SendRpc: key=ppermute.3_0|s100005->200005d|$c6$l-1877411342^i0 size=33554432 queue_latency_us=0 attempt=0
I0909 09:21:36.155052    1860 grpc_transport.cc:1743] [MEGASCALE_TRANSPORT_INSTR] SendRpc: key=ppermute.3_0|s100000->200000d|$c20$l-1877411342^i0 size=33554432 queue_latency_us=0 attempt=0
I0909 09:21:36.217855    1939 grpc_transport.cc:1414] [MEGASCALE_TRANSPORT_INSTR] Recv: key=ppermute.3_0|s200000->100000d|$c0$l-1877411342^i0 size=0 is_single_chunk=true is_aligned=true memcpy_needed=false
I0909 09:21:36.296699    1860 grpc_transport.cc:1414] [MEGASCALE_TRANSPORT_INSTR] Recv: key=ppermute.3_0|s200004->100004d|$c23$l-1877411342^i0 size=0 is_single_chunk=true is_aligned=true memcpy_needed=false
I0909 09:21:36.366428    2392 grpc_transport.cc:1743] [MEGASCALE_TRANSPORT_INSTR] SendRpc: key=ppermute.3_0|s100007->200007d|$c8$l-1877411341^i0 size=33554432 queue_latency_us=0 attempt=0
I0909 09:21:36.381731    1860 grpc_transport.cc:1743] [MEGASCALE_TRANSPORT_INSTR] SendRpc: key=ppermute.3_0|s100000->200000d|$c20$l-1877411341^i0 size=33554432 queue_latency_us=0 attempt=0
I0909 09:21:36.402286    2202 grpc_transport.cc:1414] [MEGASCALE_TRANSPORT_INSTR] Recv: key=ppermute.3_0|s200007->100007d|$c10$l-1877411341^i0 size=0 is_single_chunk=true is_aligned=true memcpy_needed=false
I0909 09:21:36.473707    2202 grpc_transport.cc:1414] [MEGASCALE_TRANSPORT_INSTR] Recv: key=ppermute.3_0|s200003->100003d|$c21$l-1877411341^i0 size=0 is_single_chunk=true is_aligned=true memcpy_needed=false
I0909 09:21:36.542874    2202 grpc_transport.cc:1414] [MEGASCALE_TRANSPORT_INSTR] Recv: key=ppermute.3_0|s200002->100002d|$c27$l-1877411341^i0 size=0 is_single_chunk=true is_aligned=true memcpy_needed=false
I0909 09:21:36.567815    1938 grpc_transport.cc:1743] [MEGASCALE_TRANSPORT_INSTR] SendRpc: key=ppermute.3_0|s100004->200004d|$c0$l-1877411340^i0 size=33554432 queue_latency_us=0 attempt=0
I0909 09:21:36.582847    2202 grpc_transport.cc:1743] [MEGASCALE_TRANSPORT_INSTR] SendRpc: key=ppermute.3_0|s100006->200006d|$c14$l-1877411340^i0 size=33554432 queue_latency_us=0 attempt=0
I0909 09:21:36.598531    1938 grpc_transport.cc:1743] [MEGASCALE_TRANSPORT_INSTR] SendRpc: key=ppermute.3_0|s100001->200001d|$c17$l-1877411340^i0 size=33554432 queue_latency_us=0 attempt=0
I0909 09:21:36.643905    2200 grpc_transport.cc:1414] [MEGASCALE_TRANSPORT_INSTR] Recv: key=ppermute.3_0|s200006->100006d|$c16$l-1877411340^i0 size=0 is_single_chunk=true is_aligned=true memcpy_needed=false
I0909 09:21:36.716903    1702 grpc_transport.cc:1414] [MEGASCALE_TRANSPORT_INSTR] Recv: key=ppermute.3_0|s200001->100001d|$c15$l-1877411340^i0 size=0 is_single_chunk=true is_aligned=true memcpy_needed=false
I0909 09:21:36.786409    2392 grpc_transport.cc:1743] [MEGASCALE_TRANSPORT_INSTR] SendRpc: key=ppermute.3_0|s100007->200007d|$c0$l-1877411339^i0 size=33554432 queue_latency_us=0 attempt=0
I0909 09:21:36.802012    2202 grpc_transport.cc:1743] [MEGASCALE_TRANSPORT_INSTR] SendRpc: key=ppermute.3_0|s100006->200006d|$c24$l-1877411339^i0 size=33554432 queue_latency_us=0 attempt=0
I0909 09:21:36.817303    2202 grpc_transport.cc:1743] [MEGASCALE_TRANSPORT_INSTR] SendRpc: key=ppermute.3_0|s100002->200002d|$c30$l-1877411339^i0 size=33554432 queue_latency_us=0 attempt=0
I0909 09:21:36.822352    1710 grpc_transport.cc:1414] [MEGASCALE_TRANSPORT_INSTR] Recv: key=ppermute.3_0|s200004->100004d|$c6$l-1877411339^i0 size=0 is_single_chunk=true is_aligned=true memcpy_needed=false
I0909 09:21:36.897295    2392 grpc_transport.cc:1414] [MEGASCALE_TRANSPORT_INSTR] Recv: key=ppermute.3_0|s200002->100002d|$c28$l-1877411339^i0 size=0 is_single_chunk=true is_aligned=true memcpy_needed=false
I0909 09:21:36.967793    1710 grpc_transport.cc:1414] [MEGASCALE_TRANSPORT_INSTR] Recv: key=ppermute.3_0|s200001->100001d|$c30$l-1877411339^i0 size=0 is_single_chunk=true is_aligned=true memcpy_needed=false
I0909 09:21:37.018073    1702 grpc_transport.cc:1743] [MEGASCALE_TRANSPORT_INSTR] SendRpc: key=ppermute.3_0|s100001->200001d|$c12$l-1877411338^i0 size=33554432 queue_latency_us=0 attempt=0
I0909 09:21:37.033412    2202 grpc_transport.cc:1743] [MEGASCALE_TRANSPORT_INSTR] SendRpc: key=ppermute.3_0|s100002->200002d|$c16$l-1877411338^i0 size=33554432 queue_latency_us=0 attempt=0
I0909 09:21:37.080876    1939 grpc_transport.cc:1414] [MEGASCALE_TRANSPORT_INSTR] Recv: key=ppermute.3_0|s200005->100005d|$c14$l-1877411338^i0 size=0 is_single_chunk=true is_aligned=true memcpy_needed=false
I0909 09:21:37.155881    1939 grpc_transport.cc:1414] [MEGASCALE_TRANSPORT_INSTR] Recv: key=ppermute.3_0|s200004->100004d|$c23$l-1877411338^i0 size=0 is_single_chunk=true is_aligned=true memcpy_needed=false
I0909 09:21:37.250366    2202 grpc_transport.cc:1743] [MEGASCALE_TRANSPORT_INSTR] SendRpc: key=ppermute.3_0|s100003->200003d|$c4$l-1877411337^i0 size=33554432 queue_latency_us=0 attempt=0
I0909 09:21:37.255731    1702 grpc_transport.cc:1414] [MEGASCALE_TRANSPORT_INSTR] Recv: key=ppermute.3_0|s200001->100001d|$c2$l-1877411337^i0 size=0 is_single_chunk=true is_aligned=true memcpy_needed=false
I0909 09:21:37.265448    1702 grpc_transport.cc:1743] [MEGASCALE_TRANSPORT_INSTR] SendRpc: key=ppermute.3_0|s100005->200005d|$c17$l-1877411337^i0 size=33554432 queue_latency_us=0 attempt=0
I0909 09:21:37.281587    1938 grpc_transport.cc:1743] [MEGASCALE_TRANSPORT_INSTR] SendRpc: key=ppermute.3_0|s100005->200005d|$c28$l-1877411337^i0 size=33554432 queue_latency_us=0 attempt=0
I0909 09:21:37.336271    2202 grpc_transport.cc:1414] [MEGASCALE_TRANSPORT_INSTR] Recv: key=ppermute.3_0|s200002->100002d|$c24$l-1877411337^i0 size=0 is_single_chunk=true is_aligned=true memcpy_needed=false
I0909 09:21:37.410603    1939 grpc_transport.cc:1414] [MEGASCALE_TRANSPORT_INSTR] Recv: key=ppermute.3_0|s200000->100000d|$c26$l-1877411337^i0 size=0 is_single_chunk=true is_aligned=true memcpy_needed=false
I0909 09:21:37.462171    1702 grpc_transport.cc:1743] [MEGASCALE_TRANSPORT_INSTR] SendRpc: key=ppermute.3_0|s100001->200001d|$c9$l-1877411336^i0 size=33554432 queue_latency_us=0 attempt=0
I0909 09:21:37.477182    2392 grpc_transport.cc:1743] [MEGASCALE_TRANSPORT_INSTR] SendRpc: key=ppermute.3_0|s100003->200003d|$c13$l-1877411336^i0 size=33554432 queue_latency_us=0 attempt=0
I0909 09:21:37.539741    1703 grpc_transport.cc:1414] [MEGASCALE_TRANSPORT_INSTR] Recv: key=ppermute.3_0|s200005->100005d|$c11$l-1877411336^i0 size=0 is_single_chunk=true is_aligned=true memcpy_needed=false
I0909 09:21:37.614134    2392 grpc_transport.cc:1414] [MEGASCALE_TRANSPORT_INSTR] Recv: key=ppermute.3_0|s200003->100003d|$c1$l-1877411336^i0 size=0 is_single_chunk=true is_aligned=true memcpy_needed=false
I0909 09:21:37.689265    1938 grpc_transport.cc:1414] [MEGASCALE_TRANSPORT_INSTR] Recv: key=ppermute.3_0|s200005->100005d|$c0$l-1877411335^i0 size=0 is_single_chunk=true is_aligned=true memcpy_needed=false
I0909 09:21:37.728896    1352 grpc_transport.cc:1743] [MEGASCALE_TRANSPORT_INSTR] SendRpc: key=ppermute.3_0|s100000->200000d|$c5$l-1877411335^i0 size=33554432 queue_latency_us=0 attempt=0
I0909 09:21:37.744577    2392 grpc_transport.cc:1743] [MEGASCALE_TRANSPORT_INSTR] SendRpc: key=ppermute.3_0|s100003->200003d|$c6$l-1877411335^i0 size=33554432 queue_latency_us=0 attempt=0
I0909 09:21:37.760931    1352 grpc_transport.cc:1743] [MEGASCALE_TRANSPORT_INSTR] SendRpc: key=ppermute.3_0|s100001->200001d|$c22$l-1877411335^i0 size=33554432 queue_latency_us=0 attempt=0
I0909 09:21:37.774744    1703 grpc_transport.cc:1414] [MEGASCALE_TRANSPORT_INSTR] Recv: key=ppermute.3_0|s200005->100005d|$c15$l-1877411335^i0 size=0 is_single_chunk=true is_aligned=true memcpy_needed=false
I0909 09:21:37.848320    2392 grpc_transport.cc:1414] [MEGASCALE_TRANSPORT_INSTR] Recv: key=ppermute.3_0|s200003->100003d|$c20$l-1877411335^i0 size=0 is_single_chunk=true is_aligned=true memcpy_needed=false
I0909 09:21:37.924027    2392 grpc_transport.cc:1743] [MEGASCALE_TRANSPORT_INSTR] SendRpc: key=ppermute.3_0|s100003->200003d|$c9$l-1877411334^i0 size=33554432 queue_latency_us=0 attempt=0
I0909 09:21:37.938947    1859 grpc_transport.cc:1743] [MEGASCALE_TRANSPORT_INSTR] SendRpc: key=ppermute.3_0|s100004->200004d|$c10$l-1877411334^i0 size=33554432 queue_latency_us=0 attempt=0
I0909 09:21:37.997064    1703 grpc_transport.cc:1414] [MEGASCALE_TRANSPORT_INSTR] Recv: key=ppermute.3_0|s200000->100000d|$c15$l-1877411334^i0 size=0 is_single_chunk=true is_aligned=true memcpy_needed=false
I0909 09:21:38.071453    1703 grpc_transport.cc:1414] [MEGASCALE_TRANSPORT_INSTR] Recv: key=ppermute.3_0|s200001->100001d|$c11$l-1877411334^i0 size=0 is_single_chunk=true is_aligned=true memcpy_needed=false
I0909 09:21:38.146241    2392 grpc_transport.cc:1414] [MEGASCALE_TRANSPORT_INSTR] Recv: key=ppermute.3_0|s200006->100006d|$c26$l-1877411334^i0 size=0 is_single_chunk=true is_aligned=true memcpy_needed=false
I0909 09:21:38.177349    2205 grpc_transport.cc:1743] [MEGASCALE_TRANSPORT_INSTR] SendRpc: key=ppermute.3_0|s100003->200003d|$c1$l-1877411333^i0 size=33554432 queue_latency_us=0 attempt=0
I0909 09:21:38.192706     803 grpc_transport.cc:1743] [MEGASCALE_TRANSPORT_INSTR] SendRpc: key=ppermute.3_0|s100006->200006d|$c24$l-1877411333^i0 size=33554432 queue_latency_us=0 attempt=0
I0909 09:21:38.208901    1352 grpc_transport.cc:1743] [MEGASCALE_TRANSPORT_INSTR] SendRpc: key=ppermute.3_0|s100001->200001d|$c20$l-1877411333^i0 size=33554432 queue_latency_us=0 attempt=0
I0909 09:21:38.233702    1938 grpc_transport.cc:1414] [MEGASCALE_TRANSPORT_INSTR] Recv: key=ppermute.3_0|s200001->100001d|$c9$l-1877411333^i0 size=0 is_single_chunk=true is_aligned=true memcpy_needed=false
I0909 09:21:38.305126     803 grpc_transport.cc:1414] [MEGASCALE_TRANSPORT_INSTR] Recv: key=ppermute.3_0|s200003->100003d|$c14$l-1877411333^i0 size=0 is_single_chunk=true is_aligned=true memcpy_needed=false
I0909 09:21:38.386529    1352 grpc_transport.cc:1743] [MEGASCALE_TRANSPORT_INSTR] SendRpc: key=ppermute.3_0|s100001->200001d|$c8$l-1877411332^i0 size=33554432 queue_latency_us=0 attempt=0
I0909 09:21:38.401582    1702 grpc_transport.cc:1743] [MEGASCALE_TRANSPORT_INSTR] SendRpc: key=ppermute.3_0|s100001->200001d|$c20$l-1877411332^i0 size=33554432 queue_latency_us=0 attempt=0
I0909 09:21:38.416547    1702 grpc_transport.cc:1743] [MEGASCALE_TRANSPORT_INSTR] SendRpc: key=ppermute.3_0|s100000->200000d|$c31$l-1877411332^i0 size=33554432 queue_latency_us=0 attempt=0
I0909 09:21:38.471020    1352 grpc_transport.cc:1414] [MEGASCALE_TRANSPORT_INSTR] Recv: key=ppermute.3_0|s200004->100004d|$c11$l-1877411332^i0 size=0 is_single_chunk=true is_aligned=true memcpy_needed=false
I0909 09:21:38.546455    1702 grpc_transport.cc:1414] [MEGASCALE_TRANSPORT_INSTR] Recv: key=ppermute.3_0|s200001->100001d|$c9$l-1877411332^i0 size=0 is_single_chunk=true is_aligned=true memcpy_needed=false
I0909 09:21:38.617129     803 grpc_transport.cc:1414] [MEGASCALE_TRANSPORT_INSTR] Recv: key=ppermute.3_0|s200003->100003d|$c24$l-1877411332^i0 size=0 is_single_chunk=true is_aligned=true memcpy_needed=false
I0909 09:21:38.662795     803 grpc_transport.cc:1743] [MEGASCALE_TRANSPORT_INSTR] SendRpc: key=ppermute.3_0|s100002->200002d|$c19$l-1877411331^i0 size=33554432 queue_latency_us=0 attempt=0
I0909 09:21:38.678464     803 grpc_transport.cc:1743] [MEGASCALE_TRANSPORT_INSTR] SendRpc: key=ppermute.3_0|s100003->200003d|$c18$l-1877411331^i0 size=33554432 queue_latency_us=0 attempt=0
I0909 09:21:38.712448    1702 grpc_transport.cc:1414] [MEGASCALE_TRANSPORT_INSTR] Recv: key=ppermute.3_0|s200001->100001d|$c24$l-1877411331^i0 size=0 is_single_chunk=true is_aligned=true memcpy_needed=false
I0909 09:21:38.788941    1936 grpc_transport.cc:1414] [MEGASCALE_TRANSPORT_INSTR] Recv: key=ppermute.3_0|s200004->100004d|$c22$l-1877411331^i0 size=0 is_single_chunk=true is_aligned=true memcpy_needed=false
I0909 09:21:38.864397    1938 grpc_transport.cc:1743] [MEGASCALE_TRANSPORT_INSTR] SendRpc: key=ppermute.3_0|s100001->200001d|$c10$l-1877411330^i0 size=33554432 queue_latency_us=0 attempt=0
I0909 09:21:38.879531     803 grpc_transport.cc:1743] [MEGASCALE_TRANSPORT_INSTR] SendRpc: key=ppermute.3_0|s100006->200006d|$c23$l-1877411330^i0 size=33554432 queue_latency_us=0 attempt=0
I0909 09:21:38.894752     803 grpc_transport.cc:1743] [MEGASCALE_TRANSPORT_INSTR] SendRpc: key=ppermute.3_0|s100002->200002d|$c29$l-1877411330^i0 size=33554432 queue_latency_us=0 attempt=0
I0909 09:21:38.904596    1938 grpc_transport.cc:1414] [MEGASCALE_TRANSPORT_INSTR] Recv: key=ppermute.3_0|s200000->100000d|$c8$l-1877411330^i0 size=0 is_single_chunk=true is_aligned=true memcpy_needed=false
I0909 09:21:38.979706    2200 grpc_transport.cc:1414] [MEGASCALE_TRANSPORT_INSTR] Recv: key=ppermute.3_0|s200006->100006d|$c12$l-1877411330^i0 size=0 is_single_chunk=true is_aligned=true memcpy_needed=false
I0909 09:21:39.053018    1702 grpc_transport.cc:1414] [MEGASCALE_TRANSPORT_INSTR] Recv: key=ppermute.3_0|s200005->100005d|$c29$l-1877411330^i0 size=0 is_single_chunk=true is_aligned=true memcpy_needed=false
I0909 09:21:39.101231    1702 grpc_transport.cc:1743] [MEGASCALE_TRANSPORT_INSTR] SendRpc: key=ppermute.3_0|s100001->200001d|$c5$l-1877411329^i0 size=33554432 queue_latency_us=0 attempt=0
I0909 09:21:39.116679    1360 grpc_transport.cc:1743] [MEGASCALE_TRANSPORT_INSTR] SendRpc: key=ppermute.3_0|s100006->200006d|$c27$l-1877411329^i0 size=33554432 queue_latency_us=0 attempt=0
I0909 09:21:39.142992    1936 grpc_transport.cc:1414] [MEGASCALE_TRANSPORT_INSTR] Recv: key=ppermute.3_0|s200001->100001d|$c5$l-1877411329^i0 size=0 is_single_chunk=true is_aligned=true memcpy_needed=false
I0909 09:21:39.232601    2200 grpc_transport.cc:1414] [MEGASCALE_TRANSPORT_INSTR] Recv: key=ppermute.3_0|s200003->100003d|$c15$l-1877411329^i0 size=0 is_single_chunk=true is_aligned=true memcpy_needed=false
I0909 09:21:39.322124    1360 grpc_transport.cc:1743] [MEGASCALE_TRANSPORT_INSTR] SendRpc: key=ppermute.3_0|s100003->200003d|$c6$l-1877411328^i0 size=33554432 queue_latency_us=0 attempt=0
I0909 09:21:39.328633    2392 grpc_transport.cc:1414] [MEGASCALE_TRANSPORT_INSTR] Recv: key=ppermute.3_0|s200003->100003d|$c0$l-1877411328^i0 size=0 is_single_chunk=true is_aligned=true memcpy_needed=false
I0909 09:21:39.337410    2392 grpc_transport.cc:1743] [MEGASCALE_TRANSPORT_INSTR] SendRpc: key=ppermute.3_0|s100007->200007d|$c1$l-1877411328^i0 size=33554432 queue_latency_us=0 attempt=0
I0909 09:21:39.353627    1936 grpc_transport.cc:1743] [MEGASCALE_TRANSPORT_INSTR] SendRpc: key=ppermute.3_0|s100000->200000d|$c24$l-1877411328^i0 size=33554432 queue_latency_us=0 attempt=0
I0909 09:21:39.402318    1360 grpc_transport.cc:1414] [MEGASCALE_TRANSPORT_INSTR] Recv: key=ppermute.3_0|s200003->100003d|$c21$l-1877411328^i0 size=0 is_single_chunk=true is_aligned=true memcpy_needed=false
I0909 09:21:39.470901    1938 grpc_transport.cc:1414] [MEGASCALE_TRANSPORT_INSTR] Recv: key=ppermute.3_0|s200005->100005d|$c21$l-1877411328^i0 size=0 is_single_chunk=true is_aligned=true memcpy_needed=false
I0909 09:21:39.519059    1352 grpc_transport.cc:1743] [MEGASCALE_TRANSPORT_INSTR] SendRpc: key=ppermute.3_0|s100005->200005d|$c9$l-1877411327^i0 size=33554432 queue_latency_us=0 attempt=0
I0909 09:21:39.534045    1859 grpc_transport.cc:1743] [MEGASCALE_TRANSPORT_INSTR] SendRpc: key=ppermute.3_0|s100004->200004d|$c21$l-1877411327^i0 size=33554432 queue_latency_us=0 attempt=0
I0909 09:21:39.602894    2392 grpc_transport.cc:1414] [MEGASCALE_TRANSPORT_INSTR] Recv: key=ppermute.3_0|s200002->100002d|$c13$l-1877411327^i0 size=0 is_single_chunk=true is_aligned=true memcpy_needed=false
I0909 09:21:39.675832    2392 grpc_transport.cc:1414] [MEGASCALE_TRANSPORT_INSTR] Recv: key=ppermute.3_0|s200003->100003d|$c2$l-1877411327^i0 size=0 is_single_chunk=true is_aligned=true memcpy_needed=false
I0909 09:21:39.755447    1719 grpc_transport.cc:1414] [MEGASCALE_TRANSPORT_INSTR] Recv: key=ppermute.3_0|s200007->100007d|$c31$l-1877411327^i0 size=0 is_single_chunk=true is_aligned=true memcpy_needed=false
I0909 09:21:39.765404    1859 grpc_transport.cc:1743] [MEGASCALE_TRANSPORT_INSTR] SendRpc: key=ppermute.3_0|s100005->200005d|$c4$l-1877411326^i0 size=33554432 queue_latency_us=0 attempt=0
I0909 09:21:39.780527    2202 grpc_transport.cc:1743] [MEGASCALE_TRANSPORT_INSTR] SendRpc: key=ppermute.3_0|s100006->200006d|$c30$l-1877411326^i0 size=33554432 queue_latency_us=0 attempt=0
I0909 09:21:39.796305    1702 grpc_transport.cc:1743] [MEGASCALE_TRANSPORT_INSTR] SendRpc: key=ppermute.3_0|s100001->200001d|$c21$l-1877411326^i0 size=33554432 queue_latency_us=0 attempt=0
I0909 09:21:39.854834    1859 grpc_transport.cc:1414] [MEGASCALE_TRANSPORT_INSTR] Recv: key=ppermute.3_0|s200000->100000d|$c27$l-1877411326^i0 size=0 is_single_chunk=true is_aligned=true memcpy_needed=false
I0909 09:21:39.926396    2202 grpc_transport.cc:1414] [MEGASCALE_TRANSPORT_INSTR] Recv: key=ppermute.3_0|s200002->100002d|$c25$l-1877411326^i0 size=0 is_single_chunk=true is_aligned=true memcpy_needed=false
I0909 09:21:39.983240    1352 grpc_transport.cc:1743] [MEGASCALE_TRANSPORT_INSTR] SendRpc: key=ppermute.3_0|s100001->200001d|$c15$l-1877411325^i0 size=33554432 queue_latency_us=0 attempt=0
I0909 09:21:39.998294    2202 grpc_transport.cc:1743] [MEGASCALE_TRANSPORT_INSTR] SendRpc: key=ppermute.3_0|s100006->200006d|$c9$l-1877411325^i0 size=33554432 queue_latency_us=0 attempt=0
I0909 09:21:40.024772    1859 grpc_transport.cc:1414] [MEGASCALE_TRANSPORT_INSTR] Recv: key=ppermute.3_0|s200001->100001d|$c1$l-1877411325^i0 size=0 is_single_chunk=true is_aligned=true memcpy_needed=false
I0909 09:21:40.098529    1352 grpc_transport.cc:1414] [MEGASCALE_TRANSPORT_INSTR] Recv: key=ppermute.3_0|s200001->100001d|$c15$l-1877411325^i0 size=0 is_single_chunk=true is_aligned=true memcpy_needed=false
I0909 09:21:40.170292    2202 grpc_transport.cc:1414] [MEGASCALE_TRANSPORT_INSTR] Recv: key=ppermute.3_0|s200002->100002d|$c26$l-1877411325^i0 size=0 is_single_chunk=true is_aligned=true memcpy_needed=false
I0909 09:21:40.190139    2202 grpc_transport.cc:1743] [MEGASCALE_TRANSPORT_INSTR] SendRpc: key=ppermute.3_0|s100002->200002d|$c0$l-1877411324^i0 size=33554432 queue_latency_us=0 attempt=0
I0909 09:21:40.205741    2392 grpc_transport.cc:1743] [MEGASCALE_TRANSPORT_INSTR] SendRpc: key=ppermute.3_0|s100007->200007d|$c17$l-1877411324^i0 size=33554432 queue_latency_us=0 attempt=0
I0909 09:21:40.221847    1859 grpc_transport.cc:1743] [MEGASCALE_TRANSPORT_INSTR] SendRpc: key=ppermute.3_0|s100004->200004d|$c18$l-1877411324^i0 size=33554432 queue_latency_us=0 attempt=0
I0909 09:21:40.274409    2202 grpc_transport.cc:1414] [MEGASCALE_TRANSPORT_INSTR] Recv: key=ppermute.3_0|s200006->100006d|$c9$l-1877411324^i0 size=0 is_single_chunk=true is_aligned=true memcpy_needed=false
I0909 09:21:40.345698    2392 grpc_transport.cc:1414] [MEGASCALE_TRANSPORT_INSTR] Recv: key=ppermute.3_0|s200003->100003d|$c25$l-1877411324^i0 size=0 is_single_chunk=true is_aligned=true memcpy_needed=false
I0909 09:21:40.411114    1360 grpc_transport.cc:1743] [MEGASCALE_TRANSPORT_INSTR] SendRpc: key=ppermute.3_0|s100006->200006d|$c1$l-1877411323^i0 size=33554432 queue_latency_us=0 attempt=0
I0909 09:21:40.426272    1859 grpc_transport.cc:1743] [MEGASCALE_TRANSPORT_INSTR] SendRpc: key=ppermute.3_0|s100005->200005d|$c22$l-1877411323^i0 size=33554432 queue_latency_us=0 attempt=0
I0909 09:21:40.441716    2392 grpc_transport.cc:1743] [MEGASCALE_TRANSPORT_INSTR] SendRpc: key=ppermute.3_0|s100006->200006d|$c31$l-1877411323^i0 size=33554432 queue_latency_us=0 attempt=0
I0909 09:21:40.453269    1352 grpc_transport.cc:1414] [MEGASCALE_TRANSPORT_INSTR] Recv: key=ppermute.3_0|s200004->100004d|$c11$l-1877411323^i0 size=0 is_single_chunk=true is_aligned=true memcpy_needed=false
I0909 09:21:40.524423    1702 grpc_transport.cc:1414] [MEGASCALE_TRANSPORT_INSTR] Recv: key=ppermute.3_0|s200004->100004d|$c25$l-1877411323^i0 size=0 is_single_chunk=true is_aligned=true memcpy_needed=false
I0909 09:21:40.593777    1702 grpc_transport.cc:1414] [MEGASCALE_TRANSPORT_INSTR] Recv: key=ppermute.3_0|s200001->100001d|$c15$l-1877411323^i0 size=0 is_single_chunk=true is_aligned=true memcpy_needed=false
I0909 09:21:40.632628    2392 grpc_transport.cc:1743] [MEGASCALE_TRANSPORT_INSTR] SendRpc: key=ppermute.3_0|s100003->200003d|$c12$l-1877411322^i0 size=33554432 queue_latency_us=0 attempt=0
I0909 09:21:40.647844    1702 grpc_transport.cc:1743] [MEGASCALE_TRANSPORT_INSTR] SendRpc: key=ppermute.3_0|s100001->200001d|$c24$l-1877411322^i0 size=33554432 queue_latency_us=0 attempt=0
I0909 09:21:40.708244    1360 grpc_transport.cc:1414] [MEGASCALE_TRANSPORT_INSTR] Recv: key=ppermute.3_0|s200007->100007d|$c16$l-1877411322^i0 size=0 is_single_chunk=true is_aligned=true memcpy_needed=false
I0909 09:21:40.777490    2392 grpc_transport.cc:1414] [MEGASCALE_TRANSPORT_INSTR] Recv: key=ppermute.3_0|s200002->100002d|$c24$l-1877411322^i0 size=0 is_single_chunk=true is_aligned=true memcpy_needed=false
I0909 09:21:40.860714    1702 grpc_transport.cc:1414] [MEGASCALE_TRANSPORT_INSTR] Recv: key=ppermute.3_0|s200001->100001d|$c5$l-1877411321^i0 size=0 is_single_chunk=true is_aligned=true memcpy_needed=false
I0909 09:21:40.869602    2202 grpc_transport.cc:1743] [MEGASCALE_TRANSPORT_INSTR] SendRpc: key=ppermute.3_0|s100006->200006d|$c4$l-1877411321^i0 size=33554432 queue_latency_us=0 attempt=0
I0909 09:21:40.885021    1352 grpc_transport.cc:1743] [MEGASCALE_TRANSPORT_INSTR] SendRpc: key=ppermute.3_0|s100000->200000d|$c18$l-1877411321^i0 size=33554432 queue_latency_us=0 attempt=0
I0909 09:21:40.901423    1352 grpc_transport.cc:1743] [MEGASCALE_TRANSPORT_INSTR] SendRpc: key=ppermute.3_0|s100005->200005d|$c26$l-1877411321^i0 size=33554432 queue_latency_us=0 attempt=0
I0909 09:21:40.945509    2202 grpc_transport.cc:1414] [MEGASCALE_TRANSPORT_INSTR] Recv: key=ppermute.3_0|s200003->100003d|$c17$l-1877411321^i0 size=0 is_single_chunk=true is_aligned=true memcpy_needed=false
I0909 09:21:41.013805     803 grpc_transport.cc:1414] [MEGASCALE_TRANSPORT_INSTR] Recv: key=ppermute.3_0|s200002->100002d|$c21$l-1877411321^i0 size=0 is_single_chunk=true is_aligned=true memcpy_needed=false
I0909 09:21:41.096065    1352 grpc_transport.cc:1743] [MEGASCALE_TRANSPORT_INSTR] SendRpc: key=ppermute.3_0|s100001->200001d|$c16$l-1877411320^i0 size=33554432 queue_latency_us=0 attempt=0
I0909 09:21:41.111234     803 grpc_transport.cc:1743] [MEGASCALE_TRANSPORT_INSTR] SendRpc: key=ppermute.3_0|s100002->200002d|$c29$l-1877411320^i0 size=33554432 queue_latency_us=0 attempt=0
I0909 09:21:41.141902    1352 grpc_transport.cc:1414] [MEGASCALE_TRANSPORT_INSTR] Recv: key=ppermute.3_0|s200000->100000d|$c7$l-1877411320^i0 size=0 is_single_chunk=true is_aligned=true memcpy_needed=false
I0909 09:21:41.213669    2202 grpc_transport.cc:1414] [MEGASCALE_TRANSPORT_INSTR] Recv: key=ppermute.3_0|s200007->100007d|$c13$l-1877411320^i0 size=0 is_single_chunk=true is_aligned=true memcpy_needed=false
I0909 09:21:41.291222    2202 grpc_transport.cc:1414] [MEGASCALE_TRANSPORT_INSTR] Recv: key=ppermute.3_0|s200002->100002d|$c29$l-1877411320^i0 size=0 is_single_chunk=true is_aligned=true memcpy_needed=false
I0909 09:21:41.316480    2202 grpc_transport.cc:1743] [MEGASCALE_TRANSPORT_INSTR] SendRpc: key=ppermute.3_0|s100007->200007d|$c0$l-1877411319^i0 size=33554432 queue_latency_us=0 attempt=0
I0909 09:21:41.331748    1936 grpc_transport.cc:1743] [MEGASCALE_TRANSPORT_INSTR] SendRpc: key=ppermute.3_0|s100001->200001d|$c3$l-1877411319^i0 size=33554432 queue_latency_us=0 attempt=0
I0909 09:21:41.347232    2202 grpc_transport.cc:1743] [MEGASCALE_TRANSPORT_INSTR] SendRpc: key=ppermute.3_0|s100006->200006d|$c26$l-1877411319^i0 size=33554432 queue_latency_us=0 attempt=0
I0909 09:21:41.412357    2202 grpc_transport.cc:1414] [MEGASCALE_TRANSPORT_INSTR] Recv: key=ppermute.3_0|s200002->100002d|$c6$l-1877411319^i0 size=0 is_single_chunk=true is_aligned=true memcpy_needed=false
I0909 09:21:41.497078    1936 grpc_transport.cc:1414] [MEGASCALE_TRANSPORT_INSTR] Recv: key=ppermute.3_0|s200005->100005d|$c24$l-1877411319^i0 size=0 is_single_chunk=true is_aligned=true memcpy_needed=false
I0909 09:21:41.569409    1938 grpc_transport.cc:1743] [MEGASCALE_TRANSPORT_INSTR] SendRpc: key=ppermute.3_0|s100005->200005d|$c13$l-1877411318^i0 size=33554432 queue_latency_us=0 attempt=0
I0909 09:21:41.584823    1360 grpc_transport.cc:1743] [MEGASCALE_TRANSPORT_INSTR] SendRpc: key=ppermute.3_0|s100007->200007d|$c24$l-1877411318^i0 size=33554432 queue_latency_us=0 attempt=0
I0909 09:21:41.601258    1703 grpc_transport.cc:1743] [MEGASCALE_TRANSPORT_INSTR] SendRpc: key=ppermute.3_0|s100004->200004d|$c31$l-1877411318^i0 size=33554432 queue_latency_us=0 attempt=0
I0909 09:21:41.611118    1352 grpc_transport.cc:1414] [MEGASCALE_TRANSPORT_INSTR] Recv: key=ppermute.3_0|s200005->100005d|$c3$l-1877411318^i0 size=0 is_single_chunk=true is_aligned=true memcpy_needed=false
I0909 09:21:41.685470    1352 grpc_transport.cc:1414] [MEGASCALE_TRANSPORT_INSTR] Recv: key=ppermute.3_0|s200000->100000d|$c28$l-1877411318^i0 size=0 is_single_chunk=true is_aligned=true memcpy_needed=false
I0909 09:21:41.753452    1702 grpc_transport.cc:1414] [MEGASCALE_TRANSPORT_INSTR] Recv: key=ppermute.3_0|s200005->100005d|$c24$l-1877411318^i0 size=0 is_single_chunk=true is_aligned=true memcpy_needed=false
I0909 09:21:41.796138    1703 grpc_transport.cc:1743] [MEGASCALE_TRANSPORT_INSTR] SendRpc: key=ppermute.3_0|s100005->200005d|$c18$l-1877411317^i0 size=33554432 queue_latency_us=0 attempt=0
I0909 09:21:41.811215    1360 grpc_transport.cc:1743] [MEGASCALE_TRANSPORT_INSTR] SendRpc: key=ppermute.3_0|s100007->200007d|$c18$l-1877411317^i0 size=33554432 queue_latency_us=0 attempt=0
I0909 09:21:41.880287     803 grpc_transport.cc:1414] [MEGASCALE_TRANSPORT_INSTR] Recv: key=ppermute.3_0|s200002->100002d|$c2$l-1877411317^i0 size=0 is_single_chunk=true is_aligned=true memcpy_needed=false
I0909 09:21:41.951642    2202 grpc_transport.cc:1414] [MEGASCALE_TRANSPORT_INSTR] Recv: key=ppermute.3_0|s200003->100003d|$c27$l-1877411317^i0 size=0 is_single_chunk=true is_aligned=true memcpy_needed=false
I0909 09:21:42.028716    1703 grpc_transport.cc:1743] [MEGASCALE_TRANSPORT_INSTR] SendRpc: key=ppermute.3_0|s100000->200000d|$c10$l-1877411316^i0 size=33554432 queue_latency_us=0 attempt=0
I0909 09:21:42.043915    2202 grpc_transport.cc:1743] [MEGASCALE_TRANSPORT_INSTR] SendRpc: key=ppermute.3_0|s100006->200006d|$c4$l-1877411316^i0 size=33554432 queue_latency_us=0 attempt=0
I0909 09:21:42.045008    1703 grpc_transport.cc:1414] [MEGASCALE_TRANSPORT_INSTR] Recv: key=ppermute.3_0|s200000->100000d|$c0$l-1877411316^i0 size=0 is_single_chunk=true is_aligned=true memcpy_needed=false
I0909 09:21:42.059986    1352 grpc_transport.cc:1743] [MEGASCALE_TRANSPORT_INSTR] SendRpc: key=ppermute.3_0|s100001->200001d|$c27$l-1877411316^i0 size=33554432 queue_latency_us=0 attempt=0
I0909 09:21:42.121425    1360 grpc_transport.cc:1414] [MEGASCALE_TRANSPORT_INSTR] Recv: key=ppermute.3_0|s200002->100002d|$c13$l-1877411316^i0 size=0 is_single_chunk=true is_aligned=true memcpy_needed=false
I0909 09:21:42.194093    1352 grpc_transport.cc:1414] [MEGASCALE_TRANSPORT_INSTR] Recv: key=ppermute.3_0|s200004->100004d|$c29$l-1877411316^i0 size=0 is_single_chunk=true is_aligned=true memcpy_needed=false
I0909 09:21:42.245443    1703 grpc_transport.cc:1743] [MEGASCALE_TRANSPORT_INSTR] SendRpc: key=ppermute.3_0|s100000->200000d|$c21$l-1877411315^i0 size=33554432 queue_latency_us=0 attempt=0
I0909 09:21:42.260783    1703 grpc_transport.cc:1743] [MEGASCALE_TRANSPORT_INSTR] SendRpc: key=ppermute.3_0|s100005->200005d|$c25$l-1877411315^i0 size=33554432 queue_latency_us=2 attempt=0
I0909 09:21:42.304749    1703 grpc_transport.cc:1414] [MEGASCALE_TRANSPORT_INSTR] Recv: key=ppermute.3_0|s200005->100005d|$c12$l-1877411315^i0 size=0 is_single_chunk=true is_aligned=true memcpy_needed=false
I0909 09:21:42.383426    1360 grpc_transport.cc:1414] [MEGASCALE_TRANSPORT_INSTR] Recv: key=ppermute.3_0|s200003->100003d|$c11$l-1877411315^i0 size=0 is_single_chunk=true is_aligned=true memcpy_needed=false
I0909 09:21:42.464913    2202 grpc_transport.cc:1743] [MEGASCALE_TRANSPORT_INSTR] SendRpc: key=ppermute.3_0|s100007->200007d|$c8$l-1877411314^i0 size=33554432 queue_latency_us=0 attempt=0
I0909 09:21:42.480155    1703 grpc_transport.cc:1743] [MEGASCALE_TRANSPORT_INSTR] SendRpc: key=ppermute.3_0|s100000->200000d|$c13$l-1877411314^i0 size=33554432 queue_latency_us=0 attempt=0
I0909 09:21:42.486217    1703 grpc_transport.cc:1414] [MEGASCALE_TRANSPORT_INSTR] Recv: key=ppermute.3_0|s200000->100000d|$c2$l-1877411314^i0 size=0 is_single_chunk=true is_aligned=true memcpy_needed=false
I0909 09:21:42.495748    1703 grpc_transport.cc:1743] [MEGASCALE_TRANSPORT_INSTR] SendRpc: key=ppermute.3_0|s100005->200005d|$c24$l-1877411314^i0 size=33554432 queue_latency_us=0 attempt=0
I0909 09:21:42.566978    1703 grpc_transport.cc:1414] [MEGASCALE_TRANSPORT_INSTR] Recv: key=ppermute.3_0|s200001->100001d|$c7$l-1877411314^i0 size=0 is_single_chunk=true is_aligned=true memcpy_needed=false
I0909 09:21:42.635785     803 grpc_transport.cc:1414] [MEGASCALE_TRANSPORT_INSTR] Recv: key=ppermute.3_0|s200006->100006d|$c20$l-1877411314^i0 size=0 is_single_chunk=true is_aligned=true memcpy_needed=false
I0909 09:21:42.688339    1702 grpc_transport.cc:1743] [MEGASCALE_TRANSPORT_INSTR] SendRpc: key=ppermute.3_0|s100000->200000d|$c9$l-1877411313^i0 size=33554432 queue_latency_us=0 attempt=0
I0909 09:21:42.703771     803 grpc_transport.cc:1743] [MEGASCALE_TRANSPORT_INSTR] SendRpc: key=ppermute.3_0|s100006->200006d|$c19$l-1877411313^i0 size=33554432 queue_latency_us=0 attempt=0
I0909 09:21:42.732299    1938 grpc_transport.cc:1414] [MEGASCALE_TRANSPORT_INSTR] Recv: key=ppermute.3_0|s200000->100000d|$c15$l-1877411313^i0 size=0 is_single_chunk=true is_aligned=true memcpy_needed=false
I0909 09:21:42.802289    1702 grpc_transport.cc:1414] [MEGASCALE_TRANSPORT_INSTR] Recv: key=ppermute.3_0|s200001->100001d|$c9$l-1877411313^i0 size=0 is_single_chunk=true is_aligned=true memcpy_needed=false
I0909 09:21:42.878785    1360 grpc_transport.cc:1414] [MEGASCALE_TRANSPORT_INSTR] Recv: key=ppermute.3_0|s200002->100002d|$c27$l-1877411313^i0 size=0 is_single_chunk=true is_aligned=true memcpy_needed=false
I0909 09:21:42.888633    1360 grpc_transport.cc:1743] [MEGASCALE_TRANSPORT_INSTR] SendRpc: key=ppermute.3_0|s100002->200002d|$c4$l-1877411312^i0 size=33554432 queue_latency_us=0 attempt=0
I0909 09:21:42.904102    1360 grpc_transport.cc:1743] [MEGASCALE_TRANSPORT_INSTR] SendRpc: key=ppermute.3_0|s100006->200006d|$c19$l-1877411312^i0 size=33554432 queue_latency_us=0 attempt=0
I0909 09:21:42.919636    1360 grpc_transport.cc:1743] [MEGASCALE_TRANSPORT_INSTR] SendRpc: key=ppermute.3_0|s100003->200003d|$c23$l-1877411312^i0 size=33554432 queue_latency_us=0 attempt=0
I0909 09:21:42.979308    2202 grpc_transport.cc:1414] [MEGASCALE_TRANSPORT_INSTR] Recv: key=ppermute.3_0|s200002->100002d|$c13$l-1877411312^i0 size=0 is_single_chunk=true is_aligned=true memcpy_needed=false
I0909 09:21:43.055356     803 grpc_transport.cc:1414] [MEGASCALE_TRANSPORT_INSTR] Recv: key=ppermute.3_0|s200003->100003d|$c20$l-1877411312^i0 size=0 is_single_chunk=true is_aligned=true memcpy_needed=false
I0909 09:21:43.136485    1939 grpc_transport.cc:1743] [MEGASCALE_TRANSPORT_INSTR] SendRpc: key=ppermute.3_0|s100000->200000d|$c15$l-1877411311^i0 size=33554432 queue_latency_us=0 attempt=0
I0909 09:21:43.151782    1938 grpc_transport.cc:1414] [MEGASCALE_TRANSPORT_INSTR] Recv: key=ppermute.3_0|s200000->100000d|$c4$l-1877411311^i0 size=0 is_single_chunk=true is_aligned=true memcpy_needed=false
I0909 09:21:43.151883     803 grpc_transport.cc:1743] [MEGASCALE_TRANSPORT_INSTR] SendRpc: key=ppermute.3_0|s100003->200003d|$c22$l-1877411311^i0 size=33554432 queue_latency_us=0 attempt=0
I0909 09:21:43.220263     803 grpc_transport.cc:1414] [MEGASCALE_TRANSPORT_INSTR] Recv: key=ppermute.3_0|s200003->100003d|$c1$l-1877411311^i0 size=0 is_single_chunk=true is_aligned=true memcpy_needed=false
I0909 09:21:43.290571     803 grpc_transport.cc:1414] [MEGASCALE_TRANSPORT_INSTR] Recv: key=ppermute.3_0|s200003->100003d|$c25$l-1877411311^i0 size=0 is_single_chunk=true is_aligned=true memcpy_needed=false
I0909 09:21:43.313406    1938 grpc_transport.cc:1743] [MEGASCALE_TRANSPORT_INSTR] SendRpc: key=all-reduce_0_ag_0_sr_0_1|s100004->200004d|$c0$l-493875045^i0 size=512 queue_latency_us=0 attempt=0
I0909 09:21:43.353351     803 grpc_transport.cc:1743] [MEGASCALE_TRANSPORT_INSTR] SendRpc: key=ppermute.3_0|s100006->200006d|$c6$l-1877411310^i0 size=33554432 queue_latency_us=0 attempt=0
I0909 09:21:43.368604    1939 grpc_transport.cc:1743] [MEGASCALE_TRANSPORT_INSTR] SendRpc: key=ppermute.3_0|s100004->200004d|$c22$l-1877411310^i0 size=33554432 queue_latency_us=0 attempt=0
I0909 09:21:43.416315    1939 grpc_transport.cc:1414] [MEGASCALE_TRANSPORT_INSTR] Recv: key=ppermute.3_0|s200001->100001d|$c9$l-1877411310^i0 size=0 is_single_chunk=true is_aligned=true memcpy_needed=false
I0909 09:21:43.490312    1358 grpc_transport.cc:1414] [MEGASCALE_TRANSPORT_INSTR] Recv: key=ppermute.3_0|s200000->100000d|$c23$l-1877411310^i0 size=0 is_single_chunk=true is_aligned=true memcpy_needed=false
I0909 09:21:43.571864    1940 grpc_transport.cc:1743] [MEGASCALE_TRANSPORT_INSTR] SendRpc: key=ppermute.3_0|s100004->200004d|$c8$l-1877411309^i0 size=33554432 queue_latency_us=1 attempt=0
I0909 09:21:43.587260     803 grpc_transport.cc:1743] [MEGASCALE_TRANSPORT_INSTR] SendRpc: key=ppermute.3_0|s100006->200006d|$c8$l-1877411309^i0 size=33554432 queue_latency_us=0 attempt=0
I0909 09:21:43.595424    2205 grpc_transport.cc:1414] [MEGASCALE_TRANSPORT_INSTR] Recv: key=ppermute.3_0|s200007->100007d|$c6$l-1877411309^i0 size=0 is_single_chunk=true is_aligned=true memcpy_needed=false
I0909 09:21:43.603171    1859 grpc_transport.cc:1743] [MEGASCALE_TRANSPORT_INSTR] SendRpc: key=ppermute.3_0|s100000->200000d|$c25$l-1877411309^i0 size=33554432 queue_latency_us=0 attempt=0
I0909 09:21:43.666226     803 grpc_transport.cc:1414] [MEGASCALE_TRANSPORT_INSTR] Recv: key=ppermute.3_0|s200002->100002d|$c24$l-1877411309^i0 size=0 is_single_chunk=true is_aligned=true memcpy_needed=false
I0909 09:21:43.738802    2200 grpc_transport.cc:1414] [MEGASCALE_TRANSPORT_INSTR] Recv: key=ppermute.3_0|s200007->100007d|$c29$l-1877411309^i0 size=0 is_single_chunk=true is_aligned=true memcpy_needed=false
I0909 09:21:43.789086     803 grpc_transport.cc:1743] [MEGASCALE_TRANSPORT_INSTR] SendRpc: key=ppermute.3_0|s100006->200006d|$c20$l-1877411308^i0 size=33554432 queue_latency_us=0 attempt=0
I0909 09:21:43.804264     803 grpc_transport.cc:1743] [MEGASCALE_TRANSPORT_INSTR] SendRpc: key=ppermute.3_0|s100007->200007d|$c13$l-1877411308^i0 size=33554432 queue_latency_us=0 attempt=0
I0909 09:21:43.836171    1859 grpc_transport.cc:1414] [MEGASCALE_TRANSPORT_INSTR] Recv: key=ppermute.3_0|s200004->100004d|$c14$l-1877411308^i0 size=0 is_single_chunk=true is_aligned=true memcpy_needed=false
I0909 09:21:43.909870    1703 grpc_transport.cc:1414] [MEGASCALE_TRANSPORT_INSTR] Recv: key=ppermute.3_0|s200005->100005d|$c12$l-1877411308^i0 size=0 is_single_chunk=true is_aligned=true memcpy_needed=false
I0909 09:21:43.994340    1358 grpc_transport.cc:1743] [MEGASCALE_TRANSPORT_INSTR] SendRpc: key=ppermute.3_0|s100001->200001d|$c5$l-1877411307^i0 size=33554432 queue_latency_us=0 attempt=0
I0909 09:21:43.998740    2202 grpc_transport.cc:1414] [MEGASCALE_TRANSPORT_INSTR] Recv: key=ppermute.3_0|s200007->100007d|$c0$l-1877411307^i0 size=0 is_single_chunk=true is_aligned=true memcpy_needed=false
I0909 09:21:44.009587    1703 grpc_transport.cc:1743] [MEGASCALE_TRANSPORT_INSTR] SendRpc: key=ppermute.3_0|s100004->200004d|$c17$l-1877411307^i0 size=33554432 queue_latency_us=0 attempt=0
I0909 09:21:44.025400     803 grpc_transport.cc:1743] [MEGASCALE_TRANSPORT_INSTR] SendRpc: key=ppermute.3_0|s100007->200007d|$c25$l-1877411307^i0 size=33554432 queue_latency_us=0 attempt=0
I0909 09:21:44.079288    1703 grpc_transport.cc:1414] [MEGASCALE_TRANSPORT_INSTR] Recv: key=ppermute.3_0|s200001->100001d|$c4$l-1877411307^i0 size=0 is_single_chunk=true is_aligned=true memcpy_needed=false
I0909 09:21:44.152361     803 grpc_transport.cc:1414] [MEGASCALE_TRANSPORT_INSTR] Recv: key=ppermute.3_0|s200006->100006d|$c18$l-1877411307^i0 size=0 is_single_chunk=true is_aligned=true memcpy_needed=false
I0909 09:21:44.205124    1859 grpc_transport.cc:1743] [MEGASCALE_TRANSPORT_INSTR] SendRpc: key=ppermute.3_0|s100001->200001d|$c10$l-1877411306^i0 size=33554432 queue_latency_us=0 attempt=0
I0909 09:21:44.220222    2200 grpc_transport.cc:1743] [MEGASCALE_TRANSPORT_INSTR] SendRpc: key=ppermute.3_0|s100006->200006d|$c10$l-1877411306^i0 size=33554432 queue_latency_us=0 attempt=0
I0909 09:21:44.255539    1859 grpc_transport.cc:1414] [MEGASCALE_TRANSPORT_INSTR] Recv: key=ppermute.3_0|s200001->100001d|$c9$l-1877411306^i0 size=0 is_single_chunk=true is_aligned=true memcpy_needed=false
I0909 09:21:44.327075     803 grpc_transport.cc:1414] [MEGASCALE_TRANSPORT_INSTR] Recv: key=ppermute.3_0|s200007->100007d|$c12$l-1877411306^i0 size=0 is_single_chunk=true is_aligned=true memcpy_needed=false
I0909 09:21:44.412154    2200 grpc_transport.cc:1414] [MEGASCALE_TRANSPORT_INSTR] Recv: key=ppermute.3_0|s200007->100007d|$c25$l-1877411306^i0 size=0 is_single_chunk=true is_aligned=true memcpy_needed=false
I0909 09:21:44.444816    1703 grpc_transport.cc:1743] [MEGASCALE_TRANSPORT_INSTR] SendRpc: key=ppermute.3_0|s100001->200001d|$c1$l-1877411305^i0 size=33554432 queue_latency_us=1 attempt=0
I0909 09:21:44.459895    2202 grpc_transport.cc:1743] [MEGASCALE_TRANSPORT_INSTR] SendRpc: key=ppermute.3_0|s100003->200003d|$c20$l-1877411305^i0 size=33554432 queue_latency_us=0 attempt=0
W0909 09:21:44.471568    1360 grpc_transport.cc:1186] Too many pending sends: 128
I0909 09:21:44.476170    2202 grpc_transport.cc:1743] [MEGASCALE_TRANSPORT_INSTR] SendRpc: key=ppermute.3_0|s100002->200002d|$c21$l-1877411305^i0 size=33554432 queue_latency_us=0 attempt=0
I0909 09:21:44.495165    1703 grpc_transport.cc:1414] [MEGASCALE_TRANSPORT_INSTR] Recv: key=ppermute.3_0|s200005->100005d|$c13$l-1877411305^i0 size=0 is_single_chunk=true is_aligned=true memcpy_needed=false
I0909 09:21:44.564126    2202 grpc_transport.cc:1414] [MEGASCALE_TRANSPORT_INSTR] Recv: key=ppermute.3_0|s200007->100007d|$c17$l-1877411305^i0 size=0 is_single_chunk=true is_aligned=true memcpy_needed=false
I0909 09:21:44.632731    1360 grpc_transport.cc:1743] [MEGASCALE_TRANSPORT_INSTR] SendRpc: key=ppermute.3_0|s100006->200006d|$c11$l-1877411304^i0 size=33554432 queue_latency_us=0 attempt=0
I0909 09:21:44.647599     803 grpc_transport.cc:1743] [MEGASCALE_TRANSPORT_INSTR] SendRpc: key=ppermute.3_0|s100006->200006d|$c21$l-1877411304^i0 size=33554432 queue_latency_us=0 attempt=0
I0909 09:21:44.662550    1703 grpc_transport.cc:1743] [MEGASCALE_TRANSPORT_INSTR] SendRpc: key=ppermute.3_0|s100005->200005d|$c31$l-1877411304^i0 size=33554432 queue_latency_us=0 attempt=0
I0909 09:21:44.750136    1360 grpc_transport.cc:1414] [MEGASCALE_TRANSPORT_INSTR] Recv: key=ppermute.3_0|s200006->100006d|$c3$l-1877411304^i0 size=0 is_single_chunk=true is_aligned=true memcpy_needed=false
I0909 09:21:44.829881    1703 grpc_transport.cc:1414] [MEGASCALE_TRANSPORT_INSTR] Recv: key=ppermute.3_0|s200004->100004d|$c24$l-1877411304^i0 size=0 is_single_chunk=true is_aligned=true memcpy_needed=false
I0909 09:21:44.899303     803 grpc_transport.cc:1414] [MEGASCALE_TRANSPORT_INSTR] Recv: key=ppermute.3_0|s200002->100002d|$c30$l-1877411304^i0 size=0 is_single_chunk=true is_aligned=true memcpy_needed=false
I0909 09:21:44.969786     803 grpc_transport.cc:1414] [MEGASCALE_TRANSPORT_INSTR] Recv: key=ppermute.3_0|s200006->100006d|$c12$l-1877411303^i0 size=0 is_single_chunk=true is_aligned=true memcpy_needed=false
I0909 09:21:45.011301    1701 grpc_transport.cc:1743] [MEGASCALE_TRANSPORT_INSTR] SendRpc: key=ppermute.3_0|s100001->200001d|$c11$l-1877411303^i0 size=33554432 queue_latency_us=0 attempt=0
I0909 09:21:45.027296    2200 grpc_transport.cc:1743] [MEGASCALE_TRANSPORT_INSTR] SendRpc: key=ppermute.3_0|s100003->200003d|$c21$l-1877411303^i0 size=33554432 queue_latency_us=0 attempt=0
I0909 09:21:45.054150    1701 grpc_transport.cc:1414] [MEGASCALE_TRANSPORT_INSTR] Recv: key=ppermute.3_0|s200001->100001d|$c22$l-1877411303^i0 size=0 is_single_chunk=true is_aligned=true memcpy_needed=false
I0909 09:21:45.138255    2202 grpc_transport.cc:1743] [MEGASCALE_TRANSPORT_INSTR] SendRpc: key=ppermute.3_0|s100003->200003d|$c6$l-1877411302^i0 size=33554432 queue_latency_us=0 attempt=0
I0909 09:21:45.153184    1702 grpc_transport.cc:1743] [MEGASCALE_TRANSPORT_INSTR] SendRpc: key=ppermute.3_0|s100004->200004d|$c12$l-1877411302^i0 size=33554432 queue_latency_us=0 attempt=0
I0909 09:21:45.168233    1702 grpc_transport.cc:1743] [MEGASCALE_TRANSPORT_INSTR] SendRpc: key=ppermute.3_0|s100004->200004d|$c28$l-1877411302^i0 size=33554432 queue_latency_us=0 attempt=0
I0909 09:21:45.228617    2208 grpc_transport.cc:1414] [MEGASCALE_TRANSPORT_INSTR] Recv: key=ppermute.3_0|s200002->100002d|$c3$l-1877411302^i0 size=0 is_single_chunk=true is_aligned=true memcpy_needed=false
I0909 09:21:45.307221    2202 grpc_transport.cc:1414] [MEGASCALE_TRANSPORT_INSTR] Recv: key=ppermute.3_0|s200003->100003d|$c10$l-1877411302^i0 size=0 is_single_chunk=true is_aligned=true memcpy_needed=false
I0909 09:21:45.379156    2392 grpc_transport.cc:1414] [MEGASCALE_TRANSPORT_INSTR] Recv: key=ppermute.3_0|s200002->100002d|$c29$l-1877411302^i0 size=0 is_single_chunk=true is_aligned=true memcpy_needed=false
I0909 09:21:45.422986    2202 grpc_transport.cc:1743] [MEGASCALE_TRANSPORT_INSTR] SendRpc: key=ppermute.3_0|s100006->200006d|$c22$l-1877411301^i0 size=33554432 queue_latency_us=0 attempt=0
I0909 09:21:45.438141    1701 grpc_transport.cc:1743] [MEGASCALE_TRANSPORT_INSTR] SendRpc: key=ppermute.3_0|s100001->200001d|$c22$l-1877411301^i0 size=33554432 queue_latency_us=0 attempt=0
I0909 09:21:45.485278    2202 grpc_transport.cc:1414] [MEGASCALE_TRANSPORT_INSTR] Recv: key=ppermute.3_0|s200002->100002d|$c7$l-1877411301^i0 size=0 is_single_chunk=true is_aligned=true memcpy_needed=false
I0909 09:21:45.556255    1939 grpc_transport.cc:1414] [MEGASCALE_TRANSPORT_INSTR] Recv: key=ppermute.3_0|s200004->100004d|$c11$l-1877411301^i0 size=0 is_single_chunk=true is_aligned=true memcpy_needed=false
I0909 09:21:45.656056    2392 grpc_transport.cc:1414] [MEGASCALE_TRANSPORT_INSTR] Recv: key=all-reduce_0_ag_0_sr_1_2|s200006->100006d|$c0$l-493875042^i0 size=512 is_single_chunk=false is_aligned=false memcpy_needed=true
I0909 09:21:45.660461    1702 grpc_transport.cc:1743] [MEGASCALE_TRANSPORT_INSTR] SendRpc: key=ppermute.3_0|s100001->200001d|$c3$l-1877411300^i0 size=33554432 queue_latency_us=0 attempt=0
I0909 09:21:45.675869    2202 grpc_transport.cc:1743] [MEGASCALE_TRANSPORT_INSTR] SendRpc: key=ppermute.3_0|s100007->200007d|$c11$l-1877411300^i0 size=33554432 queue_latency_us=0 attempt=0
I0909 09:21:45.691414    1358 grpc_transport.cc:1743] [MEGASCALE_TRANSPORT_INSTR] SendRpc: key=ppermute.3_0|s100004->200004d|$c20$l-1877411300^i0 size=33554432 queue_latency_us=0 attempt=0
I0909 09:21:45.742902    2202 grpc_transport.cc:1414] [MEGASCALE_TRANSPORT_INSTR] Recv: key=ppermute.3_0|s200006->100006d|$c11$l-1877411300^i0 size=0 is_single_chunk=true is_aligned=true memcpy_needed=false
I0909 09:21:45.814205    2200 grpc_transport.cc:1414] [MEGASCALE_TRANSPORT_INSTR] Recv: key=ppermute.3_0|s200003->100003d|$c26$l-1877411300^i0 size=0 is_single_chunk=true is_aligned=true memcpy_needed=false
I0909 09:21:45.874292    2200 grpc_transport.cc:1743] [MEGASCALE_TRANSPORT_INSTR] SendRpc: key=ppermute.3_0|s100003->200003d|$c4$l-1877411299^i0 size=33554432 queue_latency_us=0 attempt=0
I0909 09:21:45.889606    1702 grpc_transport.cc:1743] [MEGASCALE_TRANSPORT_INSTR] SendRpc: key=ppermute.3_0|s100001->200001d|$c7$l-1877411299^i0 size=33554432 queue_latency_us=0 attempt=0
I0909 09:21:45.921016    1939 grpc_transport.cc:1414] [MEGASCALE_TRANSPORT_INSTR] Recv: key=ppermute.3_0|s200000->100000d|$c12$l-1877411299^i0 size=0 is_single_chunk=true is_aligned=true memcpy_needed=false
I0909 09:21:45.993688    2200 grpc_transport.cc:1414] [MEGASCALE_TRANSPORT_INSTR] Recv: key=ppermute.3_0|s200003->100003d|$c1$l-1877411299^i0 size=0 is_single_chunk=true is_aligned=true memcpy_needed=false
I0909 09:21:46.064192    2200 grpc_transport.cc:1414] [MEGASCALE_TRANSPORT_INSTR] Recv: key=ppermute.3_0|s200006->100006d|$c22$l-1877411299^i0 size=0 is_single_chunk=true is_aligned=true memcpy_needed=false
I0909 09:21:46.093928    2202 grpc_transport.cc:1743] [MEGASCALE_TRANSPORT_INSTR] SendRpc: key=ppermute.3_0|s100007->200007d|$c0$l-1877411298^i0 size=33554432 queue_latency_us=0 attempt=0
I0909 09:21:46.108679    1702 grpc_transport.cc:1743] [MEGASCALE_TRANSPORT_INSTR] SendRpc: key=ppermute.3_0|s100000->200000d|$c10$l-1877411298^i0 size=33554432 queue_latency_us=0 attempt=0
I0909 09:21:46.124153    2200 grpc_transport.cc:1743] [MEGASCALE_TRANSPORT_INSTR] SendRpc: key=ppermute.3_0|s100007->200007d|$c28$l-1877411298^i0 size=33554432 queue_latency_us=0 attempt=0
I0909 09:21:46.172642    1702 grpc_transport.cc:1414] [MEGASCALE_TRANSPORT_INSTR] Recv: key=ppermute.3_0|s200005->100005d|$c3$l-1877411298^i0 size=0 is_single_chunk=true is_aligned=true memcpy_needed=false
I0909 09:21:46.243133    1938 grpc_transport.cc:1414] [MEGASCALE_TRANSPORT_INSTR] Recv: key=ppermute.3_0|s200005->100005d|$c16$l-1877411298^i0 size=0 is_single_chunk=true is_aligned=true memcpy_needed=false
I0909 09:21:46.309477     803 grpc_transport.cc:1743] [MEGASCALE_TRANSPORT_INSTR] SendRpc: key=ppermute.3_0|s100003->200003d|$c5$l-1877411297^i0 size=33554432 queue_latency_us=0 attempt=0
I0909 09:21:46.324900    1939 grpc_transport.cc:1743] [MEGASCALE_TRANSPORT_INSTR] SendRpc: key=ppermute.3_0|s100000->200000d|$c4$l-1877411297^i0 size=33554432 queue_latency_us=0 attempt=0
I0909 09:21:46.340662     803 grpc_transport.cc:1743] [MEGASCALE_TRANSPORT_INSTR] SendRpc: key=ppermute.3_0|s100002->200002d|$c30$l-1877411297^i0 size=33554432 queue_latency_us=0 attempt=0
I0909 09:21:46.343064     803 grpc_transport.cc:1414] [MEGASCALE_TRANSPORT_INSTR] Recv: key=ppermute.3_0|s200007->100007d|$c5$l-1877411297^i0 size=0 is_single_chunk=true is_aligned=true memcpy_needed=false
I0909 09:21:46.417603    1938 grpc_transport.cc:1414] [MEGASCALE_TRANSPORT_INSTR] Recv: key=ppermute.3_0|s200004->100004d|$c2$l-1877411297^i0 size=0 is_single_chunk=true is_aligned=true memcpy_needed=false
I0909 09:21:46.489031    2200 grpc_transport.cc:1414] [MEGASCALE_TRANSPORT_INSTR] Recv: key=ppermute.3_0|s200003->100003d|$c23$l-1877411297^i0 size=0 is_single_chunk=true is_aligned=true memcpy_needed=false
I0909 09:21:46.540481    1701 grpc_transport.cc:1743] [MEGASCALE_TRANSPORT_INSTR] SendRpc: key=ppermute.3_0|s100000->200000d|$c9$l-1877411296^i0 size=33554432 queue_latency_us=0 attempt=0
I0909 09:21:46.555847     803 grpc_transport.cc:1743] [MEGASCALE_TRANSPORT_INSTR] SendRpc: key=ppermute.3_0|s100007->200007d|$c20$l-1877411296^i0 size=33554432 queue_latency_us=0 attempt=0
I0909 09:21:46.603824    1702 grpc_transport.cc:1414] [MEGASCALE_TRANSPORT_INSTR] Recv: key=ppermute.3_0|s200001->100001d|$c16$l-1877411296^i0 size=0 is_single_chunk=true is_aligned=true memcpy_needed=false
I0909 09:21:46.681485    2200 grpc_transport.cc:1414] [MEGASCALE_TRANSPORT_INSTR] Recv: key=ppermute.3_0|s200002->100002d|$c21$l-1877411296^i0 size=0 is_single_chunk=true is_aligned=true memcpy_needed=false
I0909 09:21:46.755624     803 grpc_transport.cc:1743] [MEGASCALE_TRANSPORT_INSTR] SendRpc: key=ppermute.3_0|s100007->200007d|$c1$l-1877411295^i0 size=33554432 queue_latency_us=1 attempt=0
I0909 09:21:46.770654    1939 grpc_transport.cc:1743] [MEGASCALE_TRANSPORT_INSTR] SendRpc: key=ppermute.3_0|s100004->200004d|$c1$l-1877411295^i0 size=33554432 queue_latency_us=0 attempt=0
I0909 09:21:46.785075    2200 grpc_transport.cc:1414] [MEGASCALE_TRANSPORT_INSTR] Recv: key=ppermute.3_0|s200006->100006d|$c7$l-1877411295^i0 size=0 is_single_chunk=true is_aligned=true memcpy_needed=false
I0909 09:21:46.786411    2200 grpc_transport.cc:1743] [MEGASCALE_TRANSPORT_INSTR] SendRpc: key=ppermute.3_0|s100003->200003d|$c27$l-1877411295^i0 size=33554432 queue_latency_us=0 attempt=0
I0909 09:21:46.852810    2202 grpc_transport.cc:1414] [MEGASCALE_TRANSPORT_INSTR] Recv: key=ppermute.3_0|s200003->100003d|$c27$l-1877411295^i0 size=0 is_single_chunk=true is_aligned=true memcpy_needed=false
I0909 09:21:46.925318    1701 grpc_transport.cc:1414] [MEGASCALE_TRANSPORT_INSTR] Recv: key=ppermute.3_0|s200000->100000d|$c24$l-1877411295^i0 size=0 is_single_chunk=true is_aligned=true memcpy_needed=false
I0909 09:21:46.979378    1702 grpc_transport.cc:1743] [MEGASCALE_TRANSPORT_INSTR] SendRpc: key=ppermute.3_0|s100005->200005d|$c19$l-1877411294^i0 size=33554432 queue_latency_us=0 attempt=0
I0909 09:21:46.994546    1702 grpc_transport.cc:1743] [MEGASCALE_TRANSPORT_INSTR] SendRpc: key=ppermute.3_0|s100004->200004d|$c12$l-1877411294^i0 size=33554432 queue_latency_us=0 attempt=0
I0909 09:21:47.044987    2200 grpc_transport.cc:1414] [MEGASCALE_TRANSPORT_INSTR] Recv: key=ppermute.3_0|s200007->100007d|$c3$l-1877411294^i0 size=0 is_single_chunk=true is_aligned=true memcpy_needed=false
I0909 09:21:47.115908    1702 grpc_transport.cc:1414] [MEGASCALE_TRANSPORT_INSTR] Recv: key=ppermute.3_0|s200000->100000d|$c24$l-1877411294^i0 size=0 is_single_chunk=true is_aligned=true memcpy_needed=false
I0909 09:21:47.199005    1939 grpc_transport.cc:1743] [MEGASCALE_TRANSPORT_INSTR] SendRpc: key=ppermute.3_0|s100004->200004d|$c5$l-1877411293^i0 size=33554432 queue_latency_us=0 attempt=0
I0909 09:21:47.210614     803 grpc_transport.cc:1414] [MEGASCALE_TRANSPORT_INSTR] Recv: key=ppermute.3_0|s200003->100003d|$c2$l-1877411293^i0 size=0 is_single_chunk=true is_aligned=true memcpy_needed=false
I0909 09:21:47.214044     803 grpc_transport.cc:1743] [MEGASCALE_TRANSPORT_INSTR] SendRpc: key=ppermute.3_0|s100006->200006d|$c21$l-1877411293^i0 size=33554432 queue_latency_us=0 attempt=0
I0909 09:21:47.229657    1702 grpc_transport.cc:1743] [MEGASCALE_TRANSPORT_INSTR] SendRpc: key=ppermute.3_0|s100005->200005d|$c24$l-1877411293^i0 size=33554432 queue_latency_us=0 attempt=0
I0909 09:21:47.293784    2200 grpc_transport.cc:1414] [MEGASCALE_TRANSPORT_INSTR] Recv: key=ppermute.3_0|s200003->100003d|$c25$l-1877411293^i0 size=0 is_single_chunk=true is_aligned=true memcpy_needed=false
I0909 09:21:47.363728    1939 grpc_transport.cc:1414] [MEGASCALE_TRANSPORT_INSTR] Recv: key=ppermute.3_0|s200004->100004d|$c28$l-1877411293^i0 size=0 is_single_chunk=true is_aligned=true memcpy_needed=false
I0909 09:21:47.424084     803 grpc_transport.cc:1743] [MEGASCALE_TRANSPORT_INSTR] SendRpc: key=ppermute.3_0|s100003->200003d|$c9$l-1877411292^i0 size=33554432 queue_latency_us=0 attempt=0
I0909 09:21:47.439010    1702 grpc_transport.cc:1743] [MEGASCALE_TRANSPORT_INSTR] SendRpc: key=ppermute.3_0|s100004->200004d|$c9$l-1877411292^i0 size=33554432 queue_latency_us=0 attempt=0
I0909 09:21:47.488430    2200 grpc_transport.cc:1414] [MEGASCALE_TRANSPORT_INSTR] Recv: key=ppermute.3_0|s200006->100006d|$c12$l-1877411292^i0 size=0 is_single_chunk=true is_aligned=true memcpy_needed=false
I0909 09:21:47.563079     803 grpc_transport.cc:1414] [MEGASCALE_TRANSPORT_INSTR] Recv: key=ppermute.3_0|s200006->100006d|$c24$l-1877411292^i0 size=0 is_single_chunk=true is_aligned=true memcpy_needed=false
I0909 09:21:47.632465    2200 grpc_transport.cc:1414] [MEGASCALE_TRANSPORT_INSTR] Recv: key=ppermute.3_0|s200003->100003d|$c28$l-1877411292^i0 size=0 is_single_chunk=true is_aligned=true memcpy_needed=false
I0909 09:21:47.670707    2202 grpc_transport.cc:1743] [MEGASCALE_TRANSPORT_INSTR] SendRpc: key=ppermute.3_0|s100002->200002d|$c3$l-1877411291^i0 size=33554432 queue_latency_us=0 attempt=0
I0909 09:21:47.685802    1360 grpc_transport.cc:1743] [MEGASCALE_TRANSPORT_INSTR] SendRpc: key=ppermute.3_0|s100002->200002d|$c28$l-1877411291^i0 size=33554432 queue_latency_us=0 attempt=0
I0909 09:21:47.701882    1701 grpc_transport.cc:1743] [MEGASCALE_TRANSPORT_INSTR] SendRpc: key=ppermute.3_0|s100004->200004d|$c24$l-1877411291^i0 size=33554432 queue_latency_us=0 attempt=0
I0909 09:21:47.722133    1703 grpc_transport.cc:1414] [MEGASCALE_TRANSPORT_INSTR] Recv: key=ppermute.3_0|s200001->100001d|$c0$l-1877411291^i0 size=0 is_single_chunk=true is_aligned=true memcpy_needed=false
I0909 09:21:47.793175    1703 grpc_transport.cc:1414] [MEGASCALE_TRANSPORT_INSTR] Recv: key=ppermute.3_0|s200001->100001d|$c14$l-1877411291^i0 size=0 is_single_chunk=true is_aligned=true memcpy_needed=false
I0909 09:21:47.888238    1703 grpc_transport.cc:1743] [MEGASCALE_TRANSPORT_INSTR] SendRpc: key=ppermute.3_0|s100005->200005d|$c2$l-1877411290^i0 size=33554432 queue_latency_us=0 attempt=0
I0909 09:21:47.903619    2202 grpc_transport.cc:1743] [MEGASCALE_TRANSPORT_INSTR] SendRpc: key=ppermute.3_0|s100006->200006d|$c22$l-1877411290^i0 size=33554432 queue_latency_us=0 attempt=0
I0909 09:21:47.916180    1702 grpc_transport.cc:1414] [MEGASCALE_TRANSPORT_INSTR] Recv: key=ppermute.3_0|s200004->100004d|$c2$l-1877411290^i0 size=0 is_single_chunk=true is_aligned=true memcpy_needed=false
I0909 09:21:47.919157    1702 grpc_transport.cc:1743] [MEGASCALE_TRANSPORT_INSTR] SendRpc: key=ppermute.3_0|s100001->200001d|$c26$l-1877411290^i0 size=33554432 queue_latency_us=0 attempt=0
I0909 09:21:47.987641    2202 grpc_transport.cc:1414] [MEGASCALE_TRANSPORT_INSTR] Recv: key=ppermute.3_0|s200006->100006d|$c15$l-1877411290^i0 size=0 is_single_chunk=true is_aligned=true memcpy_needed=false
I0909 09:21:48.059448    1703 grpc_transport.cc:1414] [MEGASCALE_TRANSPORT_INSTR] Recv: key=ppermute.3_0|s200005->100005d|$c23$l-1877411290^i0 size=0 is_single_chunk=true is_aligned=true memcpy_needed=false
I0909 09:21:48.112997    1703 grpc_transport.cc:1743] [MEGASCALE_TRANSPORT_INSTR] SendRpc: key=ppermute.3_0|s100001->200001d|$c14$l-1877411289^i0 size=33554432 queue_latency_us=0 attempt=0
I0909 09:21:48.128248    1940 grpc_transport.cc:1743] [MEGASCALE_TRANSPORT_INSTR] SendRpc: key=ppermute.3_0|s100005->200005d|$c27$l-1877411289^i0 size=33554432 queue_latency_us=0 attempt=0
I0909 09:21:48.179076    1702 grpc_transport.cc:1414] [MEGASCALE_TRANSPORT_INSTR] Recv: key=ppermute.3_0|s200004->100004d|$c17$l-1877411289^i0 size=0 is_single_chunk=true is_aligned=true memcpy_needed=false
I0909 09:21:48.253116    1703 grpc_transport.cc:1414] [MEGASCALE_TRANSPORT_INSTR] Recv: key=ppermute.3_0|s200005->100005d|$c11$l-1877411289^i0 size=0 is_single_chunk=true is_aligned=true memcpy_needed=false
I0909 09:21:48.337534    2170 grpc_transport.cc:1743] [MEGASCALE_TRANSPORT_INSTR] SendRpc: key=ppermute.3_0|s100001->200001d|$c6$l-1877411288^i0 size=33554432 queue_latency_us=0 attempt=0
I0909 09:21:48.351956    1360 grpc_transport.cc:1414] [MEGASCALE_TRANSPORT_INSTR] Recv: key=ppermute.3_0|s200007->100007d|$c1$l-1877411288^i0 size=0 is_single_chunk=true is_aligned=true memcpy_needed=false
I0909 09:21:48.352808    1360 grpc_transport.cc:1743] [MEGASCALE_TRANSPORT_INSTR] SendRpc: key=ppermute.3_0|s100002->200002d|$c18$l-1877411288^i0 size=33554432 queue_latency_us=0 attempt=0
I0909 09:21:48.368239    1360 grpc_transport.cc:1743] [MEGASCALE_TRANSPORT_INSTR] SendRpc: key=ppermute.3_0|s100002->200002d|$c31$l-1877411288^i0 size=33554432 queue_latency_us=0 attempt=0
I0909 09:21:48.434211    2170 grpc_transport.cc:1414] [MEGASCALE_TRANSPORT_INSTR] Recv: key=ppermute.3_0|s200000->100000d|$c27$l-1877411288^i0 size=0 is_single_chunk=true is_aligned=true memcpy_needed=false
I0909 09:21:48.503238    1360 grpc_transport.cc:1414] [MEGASCALE_TRANSPORT_INSTR] Recv: key=ppermute.3_0|s200006->100006d|$c17$l-1877411288^i0 size=0 is_single_chunk=true is_aligned=true memcpy_needed=false
I0909 09:21:48.569615     803 grpc_transport.cc:1743] [MEGASCALE_TRANSPORT_INSTR] SendRpc: key=ppermute.3_0|s100006->200006d|$c18$l-1877411287^i0 size=33554432 queue_latency_us=0 attempt=0
I0909 09:21:48.584942    1859 grpc_transport.cc:1743] [MEGASCALE_TRANSPORT_INSTR] SendRpc: key=ppermute.3_0|s100000->200000d|$c16$l-1877411287^i0 size=33554432 queue_latency_us=0 attempt=0
I0909 09:21:48.609192    1938 grpc_transport.cc:1414] [MEGASCALE_TRANSPORT_INSTR] Recv: key=ppermute.3_0|s200000->100000d|$c15$l-1877411287^i0 size=0 is_single_chunk=true is_aligned=true memcpy_needed=false
I0909 09:21:48.680259     803 grpc_transport.cc:1414] [MEGASCALE_TRANSPORT_INSTR] Recv: key=ppermute.3_0|s200006->100006d|$c28$l-1877411287^i0 size=0 is_single_chunk=true is_aligned=true memcpy_needed=false
I0909 09:21:48.758797    2202 grpc_transport.cc:1414] [MEGASCALE_TRANSPORT_INSTR] Recv: key=ppermute.3_0|s200002->100002d|$c29$l-1877411287^i0 size=0 is_single_chunk=true is_aligned=true memcpy_needed=false
I0909 09:21:48.777740    1702 grpc_transport.cc:1743] [MEGASCALE_TRANSPORT_INSTR] SendRpc: key=ppermute.3_0|s100001->200001d|$c3$l-1877411286^i0 size=33554432 queue_latency_us=0 attempt=0
I0909 09:21:48.792612    1360 grpc_transport.cc:1743] [MEGASCALE_TRANSPORT_INSTR] SendRpc: key=ppermute.3_0|s100002->200002d|$c20$l-1877411286^i0 size=33554432 queue_latency_us=0 attempt=0
I0909 09:21:48.807705    2202 grpc_transport.cc:1743] [MEGASCALE_TRANSPORT_INSTR] SendRpc: key=ppermute.3_0|s100003->200003d|$c22$l-1877411286^i0 size=33554432 queue_latency_us=0 attempt=0
I0909 09:21:48.878370    1702 grpc_transport.cc:1414] [MEGASCALE_TRANSPORT_INSTR] Recv: key=ppermute.3_0|s200004->100004d|$c27$l-1877411286^i0 size=0 is_single_chunk=true is_aligned=true memcpy_needed=false
I0909 09:21:48.949622     803 grpc_transport.cc:1414] [MEGASCALE_TRANSPORT_INSTR] Recv: key=ppermute.3_0|s200003->100003d|$c23$l-1877411286^i0 size=0 is_single_chunk=true is_aligned=true memcpy_needed=false
I0909 09:21:49.013513    1938 grpc_transport.cc:1743] [MEGASCALE_TRANSPORT_INSTR] SendRpc: key=ppermute.3_0|s100004->200004d|$c11$l-1877411285^i0 size=33554432 queue_latency_us=0 attempt=0
I0909 09:21:49.028655     803 grpc_transport.cc:1743] [MEGASCALE_TRANSPORT_INSTR] SendRpc: key=ppermute.3_0|s100007->200007d|$c8$l-1877411285^i0 size=33554432 queue_latency_us=0 attempt=0
I0909 09:21:49.059808    2202 grpc_transport.cc:1414] [MEGASCALE_TRANSPORT_INSTR] Recv: key=ppermute.3_0|s200007->100007d|$c0$l-1877411285^i0 size=0 is_single_chunk=true is_aligned=true memcpy_needed=false
I0909 09:21:49.130110     803 grpc_transport.cc:1414] [MEGASCALE_TRANSPORT_INSTR] Recv: key=ppermute.3_0|s200007->100007d|$c12$l-1877411285^i0 size=0 is_single_chunk=true is_aligned=true memcpy_needed=false
I0909 09:21:49.202716    1859 grpc_transport.cc:1414] [MEGASCALE_TRANSPORT_INSTR] Recv: key=ppermute.3_0|s200005->100005d|$c27$l-1877411285^i0 size=0 is_single_chunk=true is_aligned=true memcpy_needed=false
I0909 09:21:49.221581    2202 grpc_transport.cc:1743] [MEGASCALE_TRANSPORT_INSTR] SendRpc: key=ppermute.3_0|s100007->200007d|$c1$l-1877411284^i0 size=33554432 queue_latency_us=0 attempt=0
I0909 09:21:49.236032    1938 grpc_transport.cc:1743] [MEGASCALE_TRANSPORT_INSTR] SendRpc: key=ppermute.3_0|s100004->200004d|$c15$l-1877411284^i0 size=33554432 queue_latency_us=0 attempt=0
I0909 09:21:49.251166     803 grpc_transport.cc:1743] [MEGASCALE_TRANSPORT_INSTR] SendRpc: key=ppermute.3_0|s100006->200006d|$c19$l-1877411284^i0 size=33554432 queue_latency_us=0 attempt=0
I0909 09:21:49.321505    1702 grpc_transport.cc:1414] [MEGASCALE_TRANSPORT_INSTR] Recv: key=ppermute.3_0|s200001->100001d|$c11$l-1877411284^i0 size=0 is_single_chunk=true is_aligned=true memcpy_needed=false
I0909 09:21:49.393082    1859 grpc_transport.cc:1414] [MEGASCALE_TRANSPORT_INSTR] Recv: key=ppermute.3_0|s200000->100000d|$c11$l-1877411284^i0 size=0 is_single_chunk=true is_aligned=true memcpy_needed=false
I0909 09:21:49.462746    1938 grpc_transport.cc:1743] [MEGASCALE_TRANSPORT_INSTR] SendRpc: key=ppermute.3_0|s100001->200001d|$c11$l-1877411283^i0 size=33554432 queue_latency_us=0 attempt=0
I0909 09:21:49.478601    1938 grpc_transport.cc:1743] [MEGASCALE_TRANSPORT_INSTR] SendRpc: key=ppermute.3_0|s100004->200004d|$c21$l-1877411283^i0 size=33554432 queue_latency_us=0 attempt=0
I0909 09:21:49.490535    1938 grpc_transport.cc:1414] [MEGASCALE_TRANSPORT_INSTR] Recv: key=ppermute.3_0|s200005->100005d|$c4$l-1877411283^i0 size=0 is_single_chunk=true is_aligned=true memcpy_needed=false
I0909 09:21:49.494588    1360 grpc_transport.cc:1743] [MEGASCALE_TRANSPORT_INSTR] SendRpc: key=ppermute.3_0|s100006->200006d|$c30$l-1877411283^i0 size=33554432 queue_latency_us=0 attempt=0
I0909 09:21:49.560196    1859 grpc_transport.cc:1414] [MEGASCALE_TRANSPORT_INSTR] Recv: key=ppermute.3_0|s200001->100001d|$c15$l-1877411283^i0 size=0 is_single_chunk=true is_aligned=true memcpy_needed=false
I0909 09:21:49.637642    1859 grpc_transport.cc:1414] [MEGASCALE_TRANSPORT_INSTR] Recv: key=ppermute.3_0|s200004->100004d|$c30$l-1877411283^i0 size=0 is_single_chunk=true is_aligned=true memcpy_needed=false
I0909 09:21:49.677950    1859 grpc_transport.cc:1743] [MEGASCALE_TRANSPORT_INSTR] SendRpc: key=ppermute.3_0|s100005->200005d|$c23$l-1877411282^i0 size=33554432 queue_latency_us=0 attempt=0
I0909 09:21:49.692947    2202 grpc_transport.cc:1743] [MEGASCALE_TRANSPORT_INSTR] SendRpc: key=ppermute.3_0|s100002->200002d|$c21$l-1877411282^i0 size=33554432 queue_latency_us=0 attempt=0
I0909 09:21:49.774601    2202 grpc_transport.cc:1414] [MEGASCALE_TRANSPORT_INSTR] Recv: key=ppermute.3_0|s200002->100002d|$c9$l-1877411282^i0 size=0 is_single_chunk=true is_aligned=true memcpy_needed=false
I0909 09:21:49.848639    2202 grpc_transport.cc:1414] [MEGASCALE_TRANSPORT_INSTR] Recv: key=ppermute.3_0|s200007->100007d|$c17$l-1877411282^i0 size=0 is_single_chunk=true is_aligned=true memcpy_needed=false
I0909 09:21:49.943097    1719 grpc_transport.cc:1743] [MEGASCALE_TRANSPORT_INSTR] SendRpc: key=ppermute.3_0|s100006->200006d|$c1$l-1877411281^i0 size=33554432 queue_latency_us=6 attempt=0
I0909 09:21:49.955126    1360 grpc_transport.cc:1414] [MEGASCALE_TRANSPORT_INSTR] Recv: key=ppermute.3_0|s200006->100006d|$c2$l-1877411281^i0 size=0 is_single_chunk=true is_aligned=true memcpy_needed=false
I0909 09:21:49.958293    1358 grpc_transport.cc:1743] [MEGASCALE_TRANSPORT_INSTR] SendRpc: key=ppermute.3_0|s100001->200001d|$c3$l-1877411281^i0 size=33554432 queue_latency_us=0 attempt=0
I0909 09:21:49.974204    1360 grpc_transport.cc:1743] [MEGASCALE_TRANSPORT_INSTR] SendRpc: key=ppermute.3_0|s100006->200006d|$c27$l-1877411281^i0 size=33554432 queue_latency_us=0 attempt=0
I0909 09:21:50.032909    1938 grpc_transport.cc:1414] [MEGASCALE_TRANSPORT_INSTR] Recv: key=ppermute.3_0|s200004->100004d|$c28$l-1877411281^i0 size=0 is_single_chunk=true is_aligned=true memcpy_needed=false
I0909 09:21:50.106032    1703 grpc_transport.cc:1414] [MEGASCALE_TRANSPORT_INSTR] Recv: key=ppermute.3_0|s200005->100005d|$c25$l-1877411281^i0 size=0 is_single_chunk=true is_aligned=true memcpy_needed=false
I0909 09:21:50.176678    1360 grpc_transport.cc:1743] [MEGASCALE_TRANSPORT_INSTR] SendRpc: key=ppermute.3_0|s100006->200006d|$c13$l-1877411280^i0 size=33554432 queue_latency_us=0 attempt=0
I0909 09:21:50.191968    1859 grpc_transport.cc:1743] [MEGASCALE_TRANSPORT_INSTR] SendRpc: key=ppermute.3_0|s100004->200004d|$c27$l-1877411280^i0 size=33554432 queue_latency_us=0 attempt=0
I0909 09:21:50.222771    1719 grpc_transport.cc:1414] [MEGASCALE_TRANSPORT_INSTR] Recv: key=ppermute.3_0|s200003->100003d|$c1$l-1877411280^i0 size=0 is_single_chunk=true is_aligned=true memcpy_needed=false
I0909 09:21:50.297729    1859 grpc_transport.cc:1414] [MEGASCALE_TRANSPORT_INSTR] Recv: key=ppermute.3_0|s200001->100001d|$c17$l-1877411280^i0 size=0 is_single_chunk=true is_aligned=true memcpy_needed=false
I0909 09:21:50.363255    1859 grpc_transport.cc:1414] [MEGASCALE_TRANSPORT_INSTR] Recv: key=ppermute.3_0|s200000->100000d|$c30$l-1877411280^i0 size=0 is_single_chunk=true is_aligned=true memcpy_needed=false
I0909 09:21:50.384361    1360 grpc_transport.cc:1743] [MEGASCALE_TRANSPORT_INSTR] SendRpc: key=ppermute.3_0|s100007->200007d|$c2$l-1877411279^i0 size=33554432 queue_latency_us=0 attempt=0
I0909 09:21:50.399183    1371 grpc_transport.cc:1743] [MEGASCALE_TRANSPORT_INSTR] SendRpc: key=ppermute.3_0|s100002->200002d|$c17$l-1877411279^i0 size=33554432 queue_latency_us=0 attempt=0
I0909 09:21:50.414651    1371 grpc_transport.cc:1743] [MEGASCALE_TRANSPORT_INSTR] SendRpc: key=ppermute.3_0|s100002->200002d|$c30$l-1877411279^i0 size=33554432 queue_latency_us=0 attempt=0
I0909 09:21:50.414652    1360 grpc_transport.cc:1743] [MEGASCALE_TRANSPORT_INSTR] SendRpc: key=ppermute.3_0|s100007->200007d|$c29$l-1877411279^i0 size=33554432 queue_latency_us=0 attempt=0
I0909 09:21:50.468058    1371 grpc_transport.cc:1414] [MEGASCALE_TRANSPORT_INSTR] Recv: key=ppermute.3_0|s200007->100007d|$c23$l-1877411279^i0 size=0 is_single_chunk=true is_aligned=true memcpy_needed=false
I0909 09:21:50.541199    1702 grpc_transport.cc:1414] [MEGASCALE_TRANSPORT_INSTR] Recv: key=ppermute.3_0|s200005->100005d|$c19$l-1877411279^i0 size=0 is_single_chunk=true is_aligned=true memcpy_needed=false
I0909 09:21:50.633033    1360 grpc_transport.cc:1743] [MEGASCALE_TRANSPORT_INSTR] SendRpc: key=ppermute.3_0|s100003->200003d|$c5$l-1877411278^i0 size=33554432 queue_latency_us=0 attempt=0
I0909 09:21:50.646451    1360 grpc_transport.cc:1414] [MEGASCALE_TRANSPORT_INSTR] Recv: key=ppermute.3_0|s200007->100007d|$c2$l-1877411278^i0 size=0 is_single_chunk=true is_aligned=true memcpy_needed=false
I0909 09:21:50.648359    1703 grpc_transport.cc:1743] [MEGASCALE_TRANSPORT_INSTR] SendRpc: key=ppermute.3_0|s100004->200004d|$c27$l-1877411278^i0 size=33554432 queue_latency_us=0 attempt=0
I0909 09:21:50.665037    1938 grpc_transport.cc:1743] [MEGASCALE_TRANSPORT_INSTR] SendRpc: key=ppermute.3_0|s100005->200005d|$c30$l-1877411278^i0 size=33554432 queue_latency_us=0 attempt=0
I0909 09:21:50.712960    1703 grpc_transport.cc:1414] [MEGASCALE_TRANSPORT_INSTR] Recv: key=ppermute.3_0|s200005->100005d|$c14$l-1877411278^i0 size=0 is_single_chunk=true is_aligned=true memcpy_needed=false
I0909 09:21:50.785169    2202 grpc_transport.cc:1414] [MEGASCALE_TRANSPORT_INSTR] Recv: key=ppermute.3_0|s200007->100007d|$c27$l-1877411278^i0 size=0 is_single_chunk=true is_aligned=true memcpy_needed=false
I0909 09:21:50.824274    1702 grpc_transport.cc:1743] [MEGASCALE_TRANSPORT_INSTR] SendRpc: key=ppermute.3_0|s100001->200001d|$c16$l-1877411277^i0 size=33554432 queue_latency_us=0 attempt=0
I0909 09:21:50.839248    1702 grpc_transport.cc:1743] [MEGASCALE_TRANSPORT_INSTR] SendRpc: key=ppermute.3_0|s100001->200001d|$c30$l-1877411277^i0 size=33554432 queue_latency_us=0 attempt=0
I0909 09:21:50.937719    1702 grpc_transport.cc:1414] [MEGASCALE_TRANSPORT_INSTR] Recv: key=ppermute.3_0|s200001->100001d|$c12$l-1877411277^i0 size=0 is_single_chunk=true is_aligned=true memcpy_needed=false
I0909 09:21:51.008100     803 grpc_transport.cc:1414] [MEGASCALE_TRANSPORT_INSTR] Recv: key=ppermute.3_0|s200002->100002d|$c14$l-1877411277^i0 size=0 is_single_chunk=true is_aligned=true memcpy_needed=false
I0909 09:21:51.081455    2170 grpc_transport.cc:1414] [MEGASCALE_TRANSPORT_INSTR] Recv: key=ppermute.3_0|s200001->100001d|$c1$l-1877411276^i0 size=0 is_single_chunk=true is_aligned=true memcpy_needed=false
I0909 09:21:51.083740    2170 grpc_transport.cc:1743] [MEGASCALE_TRANSPORT_INSTR] SendRpc: key=ppermute.3_0|s100005->200005d|$c10$l-1877411276^i0 size=33554432 queue_latency_us=0 attempt=0
I0909 09:21:51.099305     803 grpc_transport.cc:1743] [MEGASCALE_TRANSPORT_INSTR] SendRpc: key=ppermute.3_0|s100007->200007d|$c4$l-1877411276^i0 size=33554432 queue_latency_us=0 attempt=0
I0909 09:21:51.115544     803 grpc_transport.cc:1743] [MEGASCALE_TRANSPORT_INSTR] SendRpc: key=ppermute.3_0|s100007->200007d|$c29$l-1877411276^i0 size=33554432 queue_latency_us=0 attempt=0
I0909 09:21:51.159281    2200 grpc_transport.cc:1414] [MEGASCALE_TRANSPORT_INSTR] Recv: key=ppermute.3_0|s200007->100007d|$c29$l-1877411276^i0 size=0 is_single_chunk=true is_aligned=true memcpy_needed=false
I0909 09:21:51.229305    1938 grpc_transport.cc:1414] [MEGASCALE_TRANSPORT_INSTR] Recv: key=ppermute.3_0|s200000->100000d|$c29$l-1877411276^i0 size=0 is_single_chunk=true is_aligned=true memcpy_needed=false
I0909 09:21:51.267695    1703 grpc_transport.cc:1743] [MEGASCALE_TRANSPORT_INSTR] SendRpc: key=ppermute.3_0|s100005->200005d|$c21$l-1877411275^i0 size=33554432 queue_latency_us=0 attempt=0
I0909 09:21:51.282690    1938 grpc_transport.cc:1743] [MEGASCALE_TRANSPORT_INSTR] SendRpc: key=ppermute.3_0|s100004->200004d|$c14$l-1877411275^i0 size=33554432 queue_latency_us=0 attempt=0
I0909 09:21:51.372379    1938 grpc_transport.cc:1414] [MEGASCALE_TRANSPORT_INSTR] Recv: key=ppermute.3_0|s200001->100001d|$c6$l-1877411275^i0 size=0 is_single_chunk=true is_aligned=true memcpy_needed=false
I0909 09:21:51.443707    1702 grpc_transport.cc:1414] [MEGASCALE_TRANSPORT_INSTR] Recv: key=ppermute.3_0|s200001->100001d|$c31$l-1877411275^i0 size=0 is_single_chunk=true is_aligned=true memcpy_needed=false
I0909 09:21:51.516494     803 grpc_transport.cc:1743] [MEGASCALE_TRANSPORT_INSTR] SendRpc: key=ppermute.3_0|s100006->200006d|$c6$l-1877411274^i0 size=33554432 queue_latency_us=0 attempt=0
I0909 09:21:51.532056    2200 grpc_transport.cc:1743] [MEGASCALE_TRANSPORT_INSTR] SendRpc: key=ppermute.3_0|s100002->200002d|$c17$l-1877411274^i0 size=33554432 queue_latency_us=0 attempt=0
I0909 09:21:51.533375     803 grpc_transport.cc:1414] [MEGASCALE_TRANSPORT_INSTR] Recv: key=ppermute.3_0|s200002->100002d|$c3$l-1877411274^i0 size=0 is_single_chunk=true is_aligned=true memcpy_needed=false
I0909 09:21:51.547804    2200 grpc_transport.cc:1743] [MEGASCALE_TRANSPORT_INSTR] SendRpc: key=ppermute.3_0|s100003->200003d|$c28$l-1877411274^i0 size=33554432 queue_latency_us=0 attempt=0
I0909 09:21:51.611568    1360 grpc_transport.cc:1414] [MEGASCALE_TRANSPORT_INSTR] Recv: key=ppermute.3_0|s200006->100006d|$c11$l-1877411274^i0 size=0 is_single_chunk=true is_aligned=true memcpy_needed=false
I0909 09:21:51.684854    2200 grpc_transport.cc:1414] [MEGASCALE_TRANSPORT_INSTR] Recv: key=ppermute.3_0|s200002->100002d|$c29$l-1877411274^i0 size=0 is_single_chunk=true is_aligned=true memcpy_needed=false
I0909 09:21:51.737005    1360 grpc_transport.cc:1743] [MEGASCALE_TRANSPORT_INSTR] SendRpc: key=ppermute.3_0|s100007->200007d|$c3$l-1877411273^i0 size=33554432 queue_latency_us=0 attempt=0
I0909 09:21:51.751895    1360 grpc_transport.cc:1743] [MEGASCALE_TRANSPORT_INSTR] SendRpc: key=ppermute.3_0|s100003->200003d|$c26$l-1877411273^i0 size=33554432 queue_latency_us=0 attempt=0
I0909 09:21:51.871972     803 grpc_transport.cc:1414] [MEGASCALE_TRANSPORT_INSTR] Recv: key=ppermute.3_0|s200006->100006d|$c3$l-1877411273^i0 size=0 is_single_chunk=true is_aligned=true memcpy_needed=false
I0909 09:21:51.944635    1701 grpc_transport.cc:1414] [MEGASCALE_TRANSPORT_INSTR] Recv: key=ppermute.3_0|s200000->100000d|$c21$l-1877411273^i0 size=0 is_single_chunk=true is_aligned=true memcpy_needed=false
I0909 09:21:52.014271     803 grpc_transport.cc:1414] [MEGASCALE_TRANSPORT_INSTR] Recv: key=ppermute.3_0|s200002->100002d|$c30$l-1877411273^i0 size=0 is_single_chunk=true is_aligned=true memcpy_needed=false
I0909 09:21:52.039288     803 grpc_transport.cc:1743] [MEGASCALE_TRANSPORT_INSTR] SendRpc: key=ppermute.3_0|s100002->200002d|$c5$l-1877411272^i0 size=33554432 queue_latency_us=0 attempt=0
I0909 09:21:52.054301    1702 grpc_transport.cc:1743] [MEGASCALE_TRANSPORT_INSTR] SendRpc: key=ppermute.3_0|s100001->200001d|$c3$l-1877411272^i0 size=33554432 queue_latency_us=0 attempt=0
I0909 09:21:52.069546    1701 grpc_transport.cc:1743] [MEGASCALE_TRANSPORT_INSTR] SendRpc: key=ppermute.3_0|s100004->200004d|$c23$l-1877411272^i0 size=33554432 queue_latency_us=0 attempt=0
I0909 09:21:52.141220    1702 grpc_transport.cc:1414] [MEGASCALE_TRANSPORT_INSTR] Recv: key=ppermute.3_0|s200001->100001d|$c11$l-1877411272^i0 size=0 is_single_chunk=true is_aligned=true memcpy_needed=false
I0909 09:21:52.212103    1702 grpc_transport.cc:1414] [MEGASCALE_TRANSPORT_INSTR] Recv: key=ppermute.3_0|s200004->100004d|$c28$l-1877411272^i0 size=0 is_single_chunk=true is_aligned=true memcpy_needed=false
I0909 09:21:52.266061    1702 grpc_transport.cc:1743] [MEGASCALE_TRANSPORT_INSTR] SendRpc: key=ppermute.3_0|s100000->200000d|$c15$l-1877411271^i0 size=33554432 queue_latency_us=0 attempt=0
I0909 09:21:52.280931     803 grpc_transport.cc:1743] [MEGASCALE_TRANSPORT_INSTR] SendRpc: key=ppermute.3_0|s100002->200002d|$c8$l-1877411271^i0 size=33554432 queue_latency_us=0 attempt=0
I0909 09:21:52.331309    1360 grpc_transport.cc:1414] [MEGASCALE_TRANSPORT_INSTR] Recv: key=ppermute.3_0|s200006->100006d|$c10$l-1877411271^i0 size=0 is_single_chunk=true is_aligned=true memcpy_needed=false
I0909 09:21:52.405192    1702 grpc_transport.cc:1414] [MEGASCALE_TRANSPORT_INSTR] Recv: key=ppermute.3_0|s200004->100004d|$c20$l-1877411271^i0 size=0 is_single_chunk=true is_aligned=true memcpy_needed=false
I0909 09:21:52.472679     803 grpc_transport.cc:1414] [MEGASCALE_TRANSPORT_INSTR] Recv: key=ppermute.3_0|s200007->100007d|$c24$l-1877411271^i0 size=0 is_single_chunk=true is_aligned=true memcpy_needed=false
I0909 09:21:52.504969    1702 grpc_transport.cc:1743] [MEGASCALE_TRANSPORT_INSTR] SendRpc: key=all-reduce_0_ag_0_sr_0_1|s100001->200001d|$c0$l-493875037^i0 size=512 queue_latency_us=0 attempt=0
I0909 09:21:52.551188    2200 grpc_transport.cc:1743] [MEGASCALE_TRANSPORT_INSTR] SendRpc: key=ppermute.3_0|s100003->200003d|$c8$l-1877411270^i0 size=33554432 queue_latency_us=0 attempt=0
I0909 09:21:52.566755    1938 grpc_transport.cc:1743] [MEGASCALE_TRANSPORT_INSTR] SendRpc: key=ppermute.3_0|s100005->200005d|$c29$l-1877411270^i0 size=33554432 queue_latency_us=0 attempt=0
I0909 09:21:52.602665    2170 grpc_transport.cc:1414] [MEGASCALE_TRANSPORT_INSTR] Recv: key=ppermute.3_0|s200000->100000d|$c4$l-1877411270^i0 size=0 is_single_chunk=true is_aligned=true memcpy_needed=false
I0909 09:21:52.671889     803 grpc_transport.cc:1414] [MEGASCALE_TRANSPORT_INSTR] Recv: key=ppermute.3_0|s200002->100002d|$c27$l-1877411270^i0 size=0 is_single_chunk=true is_aligned=true memcpy_needed=false
I0909 09:21:52.747589     803 grpc_transport.cc:1743] [MEGASCALE_TRANSPORT_INSTR] SendRpc: key=ppermute.3_0|s100003->200003d|$c4$l-1877411269^i0 size=33554432 queue_latency_us=0 attempt=0
I0909 09:21:52.762452    2200 grpc_transport.cc:1743] [MEGASCALE_TRANSPORT_INSTR] SendRpc: key=ppermute.3_0|s100003->200003d|$c16$l-1877411269^i0 size=33554432 queue_latency_us=0 attempt=0
I0909 09:21:52.777619    2200 grpc_transport.cc:1743] [MEGASCALE_TRANSPORT_INSTR] SendRpc: key=ppermute.3_0|s100007->200007d|$c29$l-1877411269^i0 size=33554432 queue_latency_us=0 attempt=0
I0909 09:21:52.783524     803 grpc_transport.cc:1414] [MEGASCALE_TRANSPORT_INSTR] Recv: key=ppermute.3_0|s200006->100006d|$c4$l-1877411269^i0 size=0 is_single_chunk=true is_aligned=true memcpy_needed=false
I0909 09:21:52.851418    1938 grpc_transport.cc:1414] [MEGASCALE_TRANSPORT_INSTR] Recv: key=ppermute.3_0|s200005->100005d|$c12$l-1877411269^i0 size=0 is_single_chunk=true is_aligned=true memcpy_needed=false
I0909 09:21:52.922385    1938 grpc_transport.cc:1414] [MEGASCALE_TRANSPORT_INSTR] Recv: key=ppermute.3_0|s200001->100001d|$c22$l-1877411269^i0 size=0 is_single_chunk=true is_aligned=true memcpy_needed=false
I0909 09:21:52.964687    1701 grpc_transport.cc:1743] [MEGASCALE_TRANSPORT_INSTR] SendRpc: key=ppermute.3_0|s100000->200000d|$c3$l-1877411268^i0 size=33554432 queue_latency_us=0 attempt=0
I0909 09:21:52.979740     803 grpc_transport.cc:1743] [MEGASCALE_TRANSPORT_INSTR] SendRpc: key=ppermute.3_0|s100006->200006d|$c18$l-1877411268^i0 size=33554432 queue_latency_us=0 attempt=0
I0909 09:21:53.018326    2200 grpc_transport.cc:1414] [MEGASCALE_TRANSPORT_INSTR] Recv: key=ppermute.3_0|s200002->100002d|$c15$l-1877411268^i0 size=0 is_single_chunk=true is_aligned=true memcpy_needed=false
I0909 09:21:53.089165    2200 grpc_transport.cc:1414] [MEGASCALE_TRANSPORT_INSTR] Recv: key=ppermute.3_0|s200003->100003d|$c3$l-1877411268^i0 size=0 is_single_chunk=true is_aligned=true memcpy_needed=false
I0909 09:21:53.160185    1938 grpc_transport.cc:1414] [MEGASCALE_TRANSPORT_INSTR] Recv: key=ppermute.3_0|s200005->100005d|$c26$l-1877411268^i0 size=0 is_single_chunk=true is_aligned=true memcpy_needed=false
I0909 09:21:53.169540    1701 grpc_transport.cc:1743] [MEGASCALE_TRANSPORT_INSTR] SendRpc: key=ppermute.3_0|s100004->200004d|$c4$l-1877411267^i0 size=33554432 queue_latency_us=0 attempt=0
I0909 09:21:53.184837    1360 grpc_transport.cc:1743] [MEGASCALE_TRANSPORT_INSTR] SendRpc: key=ppermute.3_0|s100002->200002d|$c12$l-1877411267^i0 size=33554432 queue_latency_us=0 attempt=0
I0909 09:21:53.200614    1940 grpc_transport.cc:1743] [MEGASCALE_TRANSPORT_INSTR] SendRpc: key=ppermute.3_0|s100001->200001d|$c23$l-1877411267^i0 size=33554432 queue_latency_us=0 attempt=0
I0909 09:21:53.248738    1360 grpc_transport.cc:1414] [MEGASCALE_TRANSPORT_INSTR] Recv: key=ppermute.3_0|s200007->100007d|$c19$l-1877411267^i0 size=0 is_single_chunk=true is_aligned=true memcpy_needed=false
I0909 09:21:53.318217    1360 grpc_transport.cc:1414] [MEGASCALE_TRANSPORT_INSTR] Recv: key=ppermute.3_0|s200006->100006d|$c13$l-1877411267^i0 size=0 is_single_chunk=true is_aligned=true memcpy_needed=false
I0909 09:21:53.367949    1938 grpc_transport.cc:1743] [MEGASCALE_TRANSPORT_INSTR] SendRpc: key=ppermute.3_0|s100005->200005d|$c4$l-1877411266^i0 size=33554432 queue_latency_us=0 attempt=0
I0909 09:21:53.382928    1701 grpc_transport.cc:1743] [MEGASCALE_TRANSPORT_INSTR] SendRpc: key=ppermute.3_0|s100004->200004d|$c24$l-1877411266^i0 size=33554432 queue_latency_us=0 attempt=0
I0909 09:21:53.432917    1360 grpc_transport.cc:1414] [MEGASCALE_TRANSPORT_INSTR] Recv: key=ppermute.3_0|s200002->100002d|$c5$l-1877411266^i0 size=0 is_single_chunk=true is_aligned=true memcpy_needed=false
I0909 09:21:53.506619    1360 grpc_transport.cc:1414] [MEGASCALE_TRANSPORT_INSTR] Recv: key=ppermute.3_0|s200006->100006d|$c10$l-1877411266^i0 size=0 is_single_chunk=true is_aligned=true memcpy_needed=false
I0909 09:21:53.572874    1360 grpc_transport.cc:1414] [MEGASCALE_TRANSPORT_INSTR] Recv: key=ppermute.3_0|s200003->100003d|$c30$l-1877411266^i0 size=0 is_single_chunk=true is_aligned=true memcpy_needed=false
I0909 09:21:53.584908    1702 grpc_transport.cc:1743] [MEGASCALE_TRANSPORT_INSTR] SendRpc: key=ppermute.3_0|s100001->200001d|$c2$l-1877411265^i0 size=33554432 queue_latency_us=0 attempt=0
I0909 09:21:53.599851    2392 grpc_transport.cc:1743] [MEGASCALE_TRANSPORT_INSTR] SendRpc: key=ppermute.3_0|s100002->200002d|$c13$l-1877411265^i0 size=33554432 queue_latency_us=0 attempt=0
I0909 09:21:53.615477    1702 grpc_transport.cc:1743] [MEGASCALE_TRANSPORT_INSTR] SendRpc: key=ppermute.3_0|s100005->200005d|$c20$l-1877411265^i0 size=33554432 queue_latency_us=0 attempt=0
I0909 09:21:53.657804    2392 grpc_transport.cc:1414] [MEGASCALE_TRANSPORT_INSTR] Recv: key=ppermute.3_0|s200003->100003d|$c6$l-1877411265^i0 size=0 is_single_chunk=true is_aligned=true memcpy_needed=false
I0909 09:21:53.729088    2392 grpc_transport.cc:1414] [MEGASCALE_TRANSPORT_INSTR] Recv: key=ppermute.3_0|s200002->100002d|$c26$l-1877411265^i0 size=0 is_single_chunk=true is_aligned=true memcpy_needed=false
I0909 09:21:53.791621    1938 grpc_transport.cc:1743] [MEGASCALE_TRANSPORT_INSTR] SendRpc: key=ppermute.3_0|s100005->200005d|$c7$l-1877411264^i0 size=33554432 queue_latency_us=0 attempt=0
I0909 09:21:53.806628    2392 grpc_transport.cc:1743] [MEGASCALE_TRANSPORT_INSTR] SendRpc: key=ppermute.3_0|s100006->200006d|$c18$l-1877411264^i0 size=33554432 queue_latency_us=0 attempt=0
I0909 09:21:53.822428    1864 grpc_transport.cc:1743] [MEGASCALE_TRANSPORT_INSTR] SendRpc: key=ppermute.3_0|s100000->200000d|$c30$l-1877411264^i0 size=33554432 queue_latency_us=0 attempt=0
I0909 09:21:53.827729    2392 grpc_transport.cc:1414] [MEGASCALE_TRANSPORT_INSTR] Recv: key=ppermute.3_0|s200002->100002d|$c4$l-1877411264^i0 size=0 is_single_chunk=true is_aligned=true memcpy_needed=false
I0909 09:21:53.898679    1938 grpc_transport.cc:1414] [MEGASCALE_TRANSPORT_INSTR] Recv: key=ppermute.3_0|s200001->100001d|$c13$l-1877411264^i0 size=0 is_single_chunk=true is_aligned=true memcpy_needed=false
I0909 09:21:53.969233    1938 grpc_transport.cc:1414] [MEGASCALE_TRANSPORT_INSTR] Recv: key=ppermute.3_0|s200005->100005d|$c29$l-1877411264^i0 size=0 is_single_chunk=true is_aligned=true memcpy_needed=false
I0909 09:21:54.004273    1938 grpc_transport.cc:1743] [MEGASCALE_TRANSPORT_INSTR] SendRpc: key=ppermute.3_0|s100004->200004d|$c24$l-1877411263^i0 size=33554432 queue_latency_us=0 attempt=0
I0909 09:21:54.019475    2392 grpc_transport.cc:1743] [MEGASCALE_TRANSPORT_INSTR] SendRpc: key=ppermute.3_0|s100003->200003d|$c26$l-1877411263^i0 size=33554432 queue_latency_us=0 attempt=0
I0909 09:21:54.074830    2202 grpc_transport.cc:1414] [MEGASCALE_TRANSPORT_INSTR] Recv: key=ppermute.3_0|s200002->100002d|$c5$l-1877411263^i0 size=0 is_single_chunk=true is_aligned=true memcpy_needed=false
I0909 09:21:54.145002    1702 grpc_transport.cc:1414] [MEGASCALE_TRANSPORT_INSTR] Recv: key=ppermute.3_0|s200001->100001d|$c17$l-1877411263^i0 size=0 is_single_chunk=true is_aligned=true memcpy_needed=false
I0909 09:21:54.223364    1360 grpc_transport.cc:1743] [MEGASCALE_TRANSPORT_INSTR] SendRpc: key=ppermute.3_0|s100007->200007d|$c0$l-1877411262^i0 size=33554432 queue_latency_us=0 attempt=0
I0909 09:21:54.238932    1864 grpc_transport.cc:1743] [MEGASCALE_TRANSPORT_INSTR] SendRpc: key=ppermute.3_0|s100005->200005d|$c19$l-1877411262^i0 size=33554432 queue_latency_us=0 attempt=0
I0909 09:21:54.250473    2202 grpc_transport.cc:1414] [MEGASCALE_TRANSPORT_INSTR] Recv: key=ppermute.3_0|s200007->100007d|$c4$l-1877411262^i0 size=0 is_single_chunk=true is_aligned=true memcpy_needed=false
I0909 09:21:54.254675    1360 grpc_transport.cc:1743] [MEGASCALE_TRANSPORT_INSTR] SendRpc: key=ppermute.3_0|s100007->200007d|$c29$l-1877411262^i0 size=33554432 queue_latency_us=0 attempt=0
I0909 09:21:54.312122    2202 grpc_transport.cc:1414] [MEGASCALE_TRANSPORT_INSTR] Recv: key=ppermute.3_0|s200007->100007d|$c27$l-1877411262^i0 size=0 is_single_chunk=true is_aligned=true memcpy_needed=false
I0909 09:21:54.381775    1360 grpc_transport.cc:1414] [MEGASCALE_TRANSPORT_INSTR] Recv: key=ppermute.3_0|s200003->100003d|$c30$l-1877411262^i0 size=0 is_single_chunk=true is_aligned=true memcpy_needed=false
I0909 09:21:54.428596    1702 grpc_transport.cc:1743] [MEGASCALE_TRANSPORT_INSTR] SendRpc: key=ppermute.3_0|s100005->200005d|$c16$l-1877411261^i0 size=33554432 queue_latency_us=0 attempt=0
I0909 09:21:54.443571    1938 grpc_transport.cc:1743] [MEGASCALE_TRANSPORT_INSTR] SendRpc: key=ppermute.3_0|s100000->200000d|$c14$l-1877411261^i0 size=33554432 queue_latency_us=0 attempt=0
I0909 09:21:54.516107    2202 grpc_transport.cc:1414] [MEGASCALE_TRANSPORT_INSTR] Recv: key=ppermute.3_0|s200006->100006d|$c5$l-1877411261^i0 size=0 is_single_chunk=true is_aligned=true memcpy_needed=false
I0909 09:21:54.587707    1938 grpc_transport.cc:1414] [MEGASCALE_TRANSPORT_INSTR] Recv: key=ppermute.3_0|s200001->100001d|$c17$l-1877411261^i0 size=0 is_single_chunk=true is_aligned=true memcpy_needed=false
I0909 09:21:54.670817    1702 grpc_transport.cc:1414] [MEGASCALE_TRANSPORT_INSTR] Recv: key=all-reduce_0_ag_0_sr_1_2|s200004->100004d|$c0$l-493875035^i0 size=512 is_single_chunk=true is_aligned=false memcpy_needed=true
I0909 09:21:54.677939    1702 grpc_transport.cc:1743] [MEGASCALE_TRANSPORT_INSTR] SendRpc: key=ppermute.3_0|s100000->200000d|$c0$l-1877411260^i0 size=33554432 queue_latency_us=0 attempt=0
I0909 09:21:54.693055    1701 grpc_transport.cc:1743] [MEGASCALE_TRANSPORT_INSTR] SendRpc: key=ppermute.3_0|s100004->200004d|$c12$l-1877411260^i0 size=33554432 queue_latency_us=0 attempt=0
W0909 09:21:54.703282    2202 grpc_transport.cc:1186] Too many pending sends: 128
I0909 09:21:54.708760     803 grpc_transport.cc:1743] [MEGASCALE_TRANSPORT_INSTR] SendRpc: key=ppermute.3_0|s100006->200006d|$c28$l-1877411260^i0 size=33554432 queue_latency_us=0 attempt=0
I0909 09:21:54.757599    2202 grpc_transport.cc:1414] [MEGASCALE_TRANSPORT_INSTR] Recv: key=ppermute.3_0|s200002->100002d|$c10$l-1877411260^i0 size=0 is_single_chunk=true is_aligned=true memcpy_needed=false
I0909 09:21:54.827669    1702 grpc_transport.cc:1414] [MEGASCALE_TRANSPORT_INSTR] Recv: key=ppermute.3_0|s200004->100004d|$c23$l-1877411260^i0 size=0 is_single_chunk=true is_aligned=true memcpy_needed=false
I0909 09:21:54.882680    2392 grpc_transport.cc:1743] [MEGASCALE_TRANSPORT_INSTR] SendRpc: key=ppermute.3_0|s100006->200006d|$c5$l-1877411259^i0 size=33554432 queue_latency_us=0 attempt=0
I0909 09:21:54.897637    1702 grpc_transport.cc:1743] [MEGASCALE_TRANSPORT_INSTR] SendRpc: key=ppermute.3_0|s100004->200004d|$c13$l-1877411259^i0 size=33554432 queue_latency_us=0 attempt=0
I0909 09:21:54.946034     803 grpc_transport.cc:1414] [MEGASCALE_TRANSPORT_INSTR] Recv: key=ppermute.3_0|s200007->100007d|$c6$l-1877411259^i0 size=0 is_single_chunk=true is_aligned=true memcpy_needed=false
I0909 09:21:55.018004     803 grpc_transport.cc:1414] [MEGASCALE_TRANSPORT_INSTR] Recv: key=ppermute.3_0|s200006->100006d|$c11$l-1877411259^i0 size=0 is_single_chunk=true is_aligned=true memcpy_needed=false
I0909 09:21:55.093636    1701 grpc_transport.cc:1414] [MEGASCALE_TRANSPORT_INSTR] Recv: key=ppermute.3_0|s200004->100004d|$c31$l-1877411259^i0 size=0 is_single_chunk=true is_aligned=true memcpy_needed=false
I0909 09:21:55.151749    1864 grpc_transport.cc:1743] [MEGASCALE_TRANSPORT_INSTR] SendRpc: key=ppermute.3_0|s100005->200005d|$c0$l-1877411258^i0 size=33554432 queue_latency_us=1 attempt=0
I0909 09:21:55.167093    1938 grpc_transport.cc:1743] [MEGASCALE_TRANSPORT_INSTR] SendRpc: key=ppermute.3_0|s100000->200000d|$c12$l-1877411258^i0 size=33554432 queue_latency_us=0 attempt=0
I0909 09:21:55.183131    2392 grpc_transport.cc:1743] [MEGASCALE_TRANSPORT_INSTR] SendRpc: key=ppermute.3_0|s100002->200002d|$c25$l-1877411258^i0 size=33554432 queue_latency_us=0 attempt=0
I0909 09:21:55.193759    2392 grpc_transport.cc:1414] [MEGASCALE_TRANSPORT_INSTR] Recv: key=ppermute.3_0|s200006->100006d|$c15$l-1877411258^i0 size=0 is_single_chunk=true is_aligned=true memcpy_needed=false
I0909 09:21:55.257147    1702 grpc_transport.cc:1414] [MEGASCALE_TRANSPORT_INSTR] Recv: key=ppermute.3_0|s200000->100000d|$c21$l-1877411258^i0 size=0 is_single_chunk=true is_aligned=true memcpy_needed=false
I0909 09:21:55.332500    1702 grpc_transport.cc:1743] [MEGASCALE_TRANSPORT_INSTR] SendRpc: key=ppermute.3_0|s100001->200001d|$c5$l-1877411257^i0 size=33554432 queue_latency_us=0 attempt=0
I0909 09:21:55.347447    2202 grpc_transport.cc:1743] [MEGASCALE_TRANSPORT_INSTR] SendRpc: key=ppermute.3_0|s100006->200006d|$c23$l-1877411257^i0 size=33554432 queue_latency_us=0 attempt=0
I0909 09:21:55.362360    1702 grpc_transport.cc:1743] [MEGASCALE_TRANSPORT_INSTR] SendRpc: key=ppermute.3_0|s100005->200005d|$c29$l-1877411257^i0 size=33554432 queue_latency_us=0 attempt=0
I0909 09:21:55.426052    1703 grpc_transport.cc:1414] [MEGASCALE_TRANSPORT_INSTR] Recv: key=ppermute.3_0|s200004->100004d|$c5$l-1877411257^i0 size=0 is_single_chunk=true is_aligned=true memcpy_needed=false
I0909 09:21:55.498315    2392 grpc_transport.cc:1414] [MEGASCALE_TRANSPORT_INSTR] Recv: key=ppermute.3_0|s200003->100003d|$c16$l-1877411257^i0 size=0 is_single_chunk=true is_aligned=true memcpy_needed=false
I0909 09:21:55.569328    1702 grpc_transport.cc:1414] [MEGASCALE_TRANSPORT_INSTR] Recv: key=ppermute.3_0|s200005->100005d|$c23$l-1877411257^i0 size=0 is_single_chunk=true is_aligned=true memcpy_needed=false
I0909 09:21:55.647513    1711 grpc_transport.cc:1414] [MEGASCALE_TRANSPORT_INSTR] Recv: key=ppermute.3_0|s200007->100007d|$c16$l-1877411256^i0 size=0 is_single_chunk=true is_aligned=true memcpy_needed=false
I0909 09:21:55.653232    2392 grpc_transport.cc:1743] [MEGASCALE_TRANSPORT_INSTR] SendRpc: key=ppermute.3_0|s100003->200003d|$c10$l-1877411256^i0 size=33554432 queue_latency_us=0 attempt=0
I0909 09:21:55.669266    2392 grpc_transport.cc:1743] [MEGASCALE_TRANSPORT_INSTR] SendRpc: key=ppermute.3_0|s100002->200002d|$c24$l-1877411256^i0 size=33554432 queue_latency_us=0 attempt=0
I0909 09:21:55.721525    1711 grpc_transport.cc:1414] [MEGASCALE_TRANSPORT_INSTR] Recv: key=ppermute.3_0|s200006->100006d|$c12$l-1877411256^i0 size=0 is_single_chunk=true is_aligned=true memcpy_needed=false
I0909 09:21:55.794074    1938 grpc_transport.cc:1743] [MEGASCALE_TRANSPORT_INSTR] SendRpc: key=ppermute.3_0|s100001->200001d|$c3$l-1877411255^i0 size=33554432 queue_latency_us=0 attempt=0
I0909 09:21:55.808873    1711 grpc_transport.cc:1743] [MEGASCALE_TRANSPORT_INSTR] SendRpc: key=ppermute.3_0|s100006->200006d|$c15$l-1877411255^i0 size=33554432 queue_latency_us=0 attempt=0
I0909 09:21:55.823744    1711 grpc_transport.cc:1743] [MEGASCALE_TRANSPORT_INSTR] SendRpc: key=ppermute.3_0|s100007->200007d|$c29$l-1877411255^i0 size=33554432 queue_latency_us=0 attempt=0
I0909 09:21:55.888362    1711 grpc_transport.cc:1414] [MEGASCALE_TRANSPORT_INSTR] Recv: key=ppermute.3_0|s200002->100002d|$c2$l-1877411255^i0 size=0 is_single_chunk=true is_aligned=true memcpy_needed=false
I0909 09:21:55.962916    2202 grpc_transport.cc:1414] [MEGASCALE_TRANSPORT_INSTR] Recv: key=ppermute.3_0|s200007->100007d|$c8$l-1877411255^i0 size=0 is_single_chunk=true is_aligned=true memcpy_needed=false
I0909 09:21:56.034063    2392 grpc_transport.cc:1414] [MEGASCALE_TRANSPORT_INSTR] Recv: key=ppermute.3_0|s200002->100002d|$c30$l-1877411255^i0 size=0 is_single_chunk=true is_aligned=true memcpy_needed=false
I0909 09:21:56.076817    2392 grpc_transport.cc:1743] [MEGASCALE_TRANSPORT_INSTR] SendRpc: key=ppermute.3_0|s100007->200007d|$c11$l-1877411254^i0 size=33554432 queue_latency_us=0 attempt=0
I0909 09:21:56.092174    1702 grpc_transport.cc:1743] [MEGASCALE_TRANSPORT_INSTR] SendRpc: key=ppermute.3_0|s100005->200005d|$c22$l-1877411254^i0 size=33554432 queue_latency_us=0 attempt=0
I0909 09:21:56.113871    1711 grpc_transport.cc:1414] [MEGASCALE_TRANSPORT_INSTR] Recv: key=ppermute.3_0|s200006->100006d|$c9$l-1877411254^i0 size=0 is_single_chunk=true is_aligned=true memcpy_needed=false
I0909 09:21:56.187035    1701 grpc_transport.cc:1414] [MEGASCALE_TRANSPORT_INSTR] Recv: key=ppermute.3_0|s200005->100005d|$c17$l-1877411254^i0 size=0 is_single_chunk=true is_aligned=true memcpy_needed=false
I0909 09:21:56.253379    1938 grpc_transport.cc:1414] [MEGASCALE_TRANSPORT_INSTR] Recv: key=ppermute.3_0|s200004->100004d|$c30$l-1877411254^i0 size=0 is_single_chunk=true is_aligned=true memcpy_needed=false
I0909 09:21:56.264005    1938 grpc_transport.cc:1743] [MEGASCALE_TRANSPORT_INSTR] SendRpc: key=ppermute.3_0|s100001->200001d|$c0$l-1877411253^i0 size=33554432 queue_latency_us=0 attempt=0
I0909 09:21:56.278824    1701 grpc_transport.cc:1743] [MEGASCALE_TRANSPORT_INSTR] SendRpc: key=ppermute.3_0|s100001->200001d|$c14$l-1877411253^i0 size=33554432 queue_latency_us=0 attempt=0
I0909 09:21:56.293802    1938 grpc_transport.cc:1743] [MEGASCALE_TRANSPORT_INSTR] SendRpc: key=ppermute.3_0|s100005->200005d|$c28$l-1877411253^i0 size=33554432 queue_latency_us=0 attempt=0
I0909 09:21:56.370306    1701 grpc_transport.cc:1414] [MEGASCALE_TRANSPORT_INSTR] Recv: key=ppermute.3_0|s200000->100000d|$c23$l-1877411253^i0 size=0 is_single_chunk=true is_aligned=true memcpy_needed=false
I0909 09:21:56.439977    1943 grpc_transport.cc:1414] [MEGASCALE_TRANSPORT_INSTR] Recv: key=ppermute.3_0|s200005->100005d|$c12$l-1877411253^i0 size=0 is_single_chunk=true is_aligned=true memcpy_needed=false
I0909 09:21:56.489330    1938 grpc_transport.cc:1743] [MEGASCALE_TRANSPORT_INSTR] SendRpc: key=ppermute.3_0|s100004->200004d|$c16$l-1877411252^i0 size=33554432 queue_latency_us=0 attempt=0
I0909 09:21:56.504381    2202 grpc_transport.cc:1743] [MEGASCALE_TRANSPORT_INSTR] SendRpc: key=ppermute.3_0|s100002->200002d|$c25$l-1877411252^i0 size=33554432 queue_latency_us=0 attempt=0
I0909 09:21:56.568454    1711 grpc_transport.cc:1414] [MEGASCALE_TRANSPORT_INSTR] Recv: key=ppermute.3_0|s200002->100002d|$c6$l-1877411252^i0 size=0 is_single_chunk=true is_aligned=true memcpy_needed=false
I0909 09:21:56.643572    1938 grpc_transport.cc:1414] [MEGASCALE_TRANSPORT_INSTR] Recv: key=ppermute.3_0|s200005->100005d|$c18$l-1877411252^i0 size=0 is_single_chunk=true is_aligned=true memcpy_needed=false
I0909 09:21:56.706025    1940 grpc_transport.cc:1414] [MEGASCALE_TRANSPORT_INSTR] Recv: key=ppermute.3_0|s200005->100005d|$c30$l-1877411252^i0 size=0 is_single_chunk=true is_aligned=true memcpy_needed=false
I0909 09:21:56.735099     803 grpc_transport.cc:1743] [MEGASCALE_TRANSPORT_INSTR] SendRpc: key=ppermute.3_0|s100007->200007d|$c2$l-1877411251^i0 size=33554432 queue_latency_us=0 attempt=0
I0909 09:21:56.749676    1701 grpc_transport.cc:1743] [MEGASCALE_TRANSPORT_INSTR] SendRpc: key=ppermute.3_0|s100004->200004d|$c13$l-1877411251^i0 size=33554432 queue_latency_us=0 attempt=0
I0909 09:21:56.764535     803 grpc_transport.cc:1743] [MEGASCALE_TRANSPORT_INSTR] SendRpc: key=ppermute.3_0|s100007->200007d|$c29$l-1877411251^i0 size=33554432 queue_latency_us=0 attempt=0
I0909 09:21:56.867054    1711 grpc_transport.cc:1414] [MEGASCALE_TRANSPORT_INSTR] Recv: key=ppermute.3_0|s200002->100002d|$c12$l-1877411251^i0 size=0 is_single_chunk=true is_aligned=true memcpy_needed=false
I0909 09:21:56.936450     803 grpc_transport.cc:1414] [MEGASCALE_TRANSPORT_INSTR] Recv: key=ppermute.3_0|s200003->100003d|$c16$l-1877411251^i0 size=0 is_single_chunk=true is_aligned=true memcpy_needed=false
I0909 09:21:56.998501    1711 grpc_transport.cc:1743] [MEGASCALE_TRANSPORT_INSTR] SendRpc: key=ppermute.3_0|s100002->200002d|$c4$l-1877411250^i0 size=33554432 queue_latency_us=0 attempt=0
I0909 09:21:57.014001    1938 grpc_transport.cc:1743] [MEGASCALE_TRANSPORT_INSTR] SendRpc: key=ppermute.3_0|s100004->200004d|$c15$l-1877411250^i0 size=33554432 queue_latency_us=0 attempt=0
I0909 09:21:57.022698    1938 grpc_transport.cc:1414] [MEGASCALE_TRANSPORT_INSTR] Recv: key=ppermute.3_0|s200004->100004d|$c3$l-1877411250^i0 size=0 is_single_chunk=true is_aligned=true memcpy_needed=false
I0909 09:21:57.029624    1711 grpc_transport.cc:1743] [MEGASCALE_TRANSPORT_INSTR] SendRpc: key=ppermute.3_0|s100002->200002d|$c28$l-1877411250^i0 size=33554432 queue_latency_us=0 attempt=0
I0909 09:21:57.093873    1358 grpc_transport.cc:1414] [MEGASCALE_TRANSPORT_INSTR] Recv: key=ppermute.3_0|s200004->100004d|$c22$l-1877411250^i0 size=0 is_single_chunk=true is_aligned=true memcpy_needed=false
I0909 09:21:57.163402    2202 grpc_transport.cc:1414] [MEGASCALE_TRANSPORT_INSTR] Recv: key=ppermute.3_0|s200007->100007d|$c28$l-1877411250^i0 size=0 is_single_chunk=true is_aligned=true memcpy_needed=false
I0909 09:21:57.206300    1701 grpc_transport.cc:1743] [MEGASCALE_TRANSPORT_INSTR] SendRpc: key=ppermute.3_0|s100004->200004d|$c0$l-1877411249^i0 size=33554432 queue_latency_us=0 attempt=0
I0909 09:21:57.221323    1701 grpc_transport.cc:1743] [MEGASCALE_TRANSPORT_INSTR] SendRpc: key=ppermute.3_0|s100004->200004d|$c13$l-1877411249^i0 size=33554432 queue_latency_us=0 attempt=0
I0909 09:21:57.272655    1938 grpc_transport.cc:1414] [MEGASCALE_TRANSPORT_INSTR] Recv: key=ppermute.3_0|s200000->100000d|$c3$l-1877411249^i0 size=0 is_single_chunk=true is_aligned=true memcpy_needed=false
I0909 09:21:57.342481    2202 grpc_transport.cc:1414] [MEGASCALE_TRANSPORT_INSTR] Recv: key=ppermute.3_0|s200003->100003d|$c16$l-1877411249^i0 size=0 is_single_chunk=true is_aligned=true memcpy_needed=false
I0909 09:21:57.411880    1711 grpc_transport.cc:1743] [MEGASCALE_TRANSPORT_INSTR] SendRpc: key=ppermute.3_0|s100006->200006d|$c6$l-1877411248^i0 size=33554432 queue_latency_us=0 attempt=0
I0909 09:21:57.426832    1859 grpc_transport.cc:1743] [MEGASCALE_TRANSPORT_INSTR] SendRpc: key=ppermute.3_0|s100004->200004d|$c19$l-1877411248^i0 size=33554432 queue_latency_us=0 attempt=0
I0909 09:21:57.441785    1711 grpc_transport.cc:1743] [MEGASCALE_TRANSPORT_INSTR] SendRpc: key=ppermute.3_0|s100002->200002d|$c29$l-1877411248^i0 size=33554432 queue_latency_us=0 attempt=0
I0909 09:21:57.469570    1711 grpc_transport.cc:1414] [MEGASCALE_TRANSPORT_INSTR] Recv: key=ppermute.3_0|s200003->100003d|$c1$l-1877411248^i0 size=0 is_single_chunk=true is_aligned=true memcpy_needed=false
I0909 09:21:57.543348    2636 grpc_transport.cc:1414] [MEGASCALE_TRANSPORT_INSTR] Recv: key=ppermute.3_0|s200005->100005d|$c10$l-1877411248^i0 size=0 is_single_chunk=true is_aligned=true memcpy_needed=false
I0909 09:21:57.612415     803 grpc_transport.cc:1414] [MEGASCALE_TRANSPORT_INSTR] Recv: key=ppermute.3_0|s200006->100006d|$c30$l-1877411248^i0 size=0 is_single_chunk=true is_aligned=true memcpy_needed=false
I0909 09:21:57.666245     803 grpc_transport.cc:1743] [MEGASCALE_TRANSPORT_INSTR] SendRpc: key=ppermute.3_0|s100007->200007d|$c7$l-1877411247^i0 size=33554432 queue_latency_us=0 attempt=0
I0909 09:21:57.681601     803 grpc_transport.cc:1743] [MEGASCALE_TRANSPORT_INSTR] SendRpc: key=ppermute.3_0|s100002->200002d|$c25$l-1877411247^i0 size=33554432 queue_latency_us=0 attempt=0
I0909 09:21:57.707319     803 grpc_transport.cc:1414] [MEGASCALE_TRANSPORT_INSTR] Recv: key=ppermute.3_0|s200006->100006d|$c1$l-1877411247^i0 size=0 is_single_chunk=true is_aligned=true memcpy_needed=false
I0909 09:21:57.776758    1701 grpc_transport.cc:1414] [MEGASCALE_TRANSPORT_INSTR] Recv: key=ppermute.3_0|s200000->100000d|$c31$l-1877411247^i0 size=0 is_single_chunk=true is_aligned=true memcpy_needed=false
I0909 09:21:57.843789    1940 grpc_transport.cc:1414] [MEGASCALE_TRANSPORT_INSTR] Recv: key=ppermute.3_0|s200005->100005d|$c26$l-1877411247^i0 size=0 is_single_chunk=true is_aligned=true memcpy_needed=false
I0909 09:21:57.856189    1711 grpc_transport.cc:1743] [MEGASCALE_TRANSPORT_INSTR] SendRpc: key=ppermute.3_0|s100007->200007d|$c2$l-1877411246^i0 size=33554432 queue_latency_us=0 attempt=0
I0909 09:21:57.870823    2202 grpc_transport.cc:1743] [MEGASCALE_TRANSPORT_INSTR] SendRpc: key=ppermute.3_0|s100002->200002d|$c16$l-1877411246^i0 size=33554432 queue_latency_us=0 attempt=0
I0909 09:21:57.885717    1701 grpc_transport.cc:1743] [MEGASCALE_TRANSPORT_INSTR] SendRpc: key=ppermute.3_0|s100004->200004d|$c21$l-1877411246^i0 size=33554432 queue_latency_us=0 attempt=0
I0909 09:21:57.989527    2636 grpc_transport.cc:1414] [MEGASCALE_TRANSPORT_INSTR] Recv: key=ppermute.3_0|s200000->100000d|$c8$l-1877411246^i0 size=0 is_single_chunk=true is_aligned=true memcpy_needed=false
I0909 09:21:58.054230    2636 grpc_transport.cc:1414] [MEGASCALE_TRANSPORT_INSTR] Recv: key=ppermute.3_0|s200005->100005d|$c20$l-1877411246^i0 size=0 is_single_chunk=true is_aligned=true memcpy_needed=false
I0909 09:21:58.116381    1701 grpc_transport.cc:1743] [MEGASCALE_TRANSPORT_INSTR] SendRpc: key=ppermute.3_0|s100004->200004d|$c14$l-1877411245^i0 size=33554432 queue_latency_us=0 attempt=0
I0909 09:21:58.131523    1701 grpc_transport.cc:1743] [MEGASCALE_TRANSPORT_INSTR] SendRpc: key=ppermute.3_0|s100001->200001d|$c29$l-1877411245^i0 size=33554432 queue_latency_us=0 attempt=0
I0909 09:21:58.173251    2202 grpc_transport.cc:1414] [MEGASCALE_TRANSPORT_INSTR] Recv: key=ppermute.3_0|s200002->100002d|$c10$l-1877411245^i0 size=0 is_single_chunk=true is_aligned=true memcpy_needed=false
I0909 09:21:58.246392    1701 grpc_transport.cc:1414] [MEGASCALE_TRANSPORT_INSTR] Recv: key=ppermute.3_0|s200005->100005d|$c13$l-1877411245^i0 size=0 is_single_chunk=true is_aligned=true memcpy_needed=false
I0909 09:21:58.314535    2202 grpc_transport.cc:1414] [MEGASCALE_TRANSPORT_INSTR] Recv: key=ppermute.3_0|s200003->100003d|$c29$l-1877411245^i0 size=0 is_single_chunk=true is_aligned=true memcpy_needed=false
I0909 09:21:58.330926    2637 grpc_transport.cc:1743] [MEGASCALE_TRANSPORT_INSTR] SendRpc: key=ppermute.3_0|s100004->200004d|$c0$l-1877411244^i0 size=33554432 queue_latency_us=0 attempt=0
I0909 09:21:58.345793    2202 grpc_transport.cc:1743] [MEGASCALE_TRANSPORT_INSTR] SendRpc: key=ppermute.3_0|s100003->200003d|$c4$l-1877411244^i0 size=33554432 queue_latency_us=0 attempt=0
I0909 09:21:58.360651    1711 grpc_transport.cc:1743] [MEGASCALE_TRANSPORT_INSTR] SendRpc: key=ppermute.3_0|s100003->200003d|$c18$l-1877411244^i0 size=33554432 queue_latency_us=0 attempt=0
I0909 09:21:58.437838    1701 grpc_transport.cc:1414] [MEGASCALE_TRANSPORT_INSTR] Recv: key=ppermute.3_0|s200000->100000d|$c1$l-1877411244^i0 size=0 is_single_chunk=true is_aligned=true memcpy_needed=false
I0909 09:21:58.508554    2208 grpc_transport.cc:1414] [MEGASCALE_TRANSPORT_INSTR] Recv: key=ppermute.3_0|s200003->100003d|$c27$l-1877411244^i0 size=0 is_single_chunk=true is_aligned=true memcpy_needed=false
I0909 09:21:58.567887    1711 grpc_transport.cc:1743] [MEGASCALE_TRANSPORT_INSTR] SendRpc: key=ppermute.3_0|s100002->200002d|$c3$l-1877411243^i0 size=33554432 queue_latency_us=0 attempt=0
I0909 09:21:58.583283    2636 grpc_transport.cc:1743] [MEGASCALE_TRANSPORT_INSTR] SendRpc: key=ppermute.3_0|s100005->200005d|$c18$l-1877411243^i0 size=33554432 queue_latency_us=0 attempt=0
I0909 09:21:58.599157    1940 grpc_transport.cc:1743] [MEGASCALE_TRANSPORT_INSTR] SendRpc: key=ppermute.3_0|s100000->200000d|$c29$l-1877411243^i0 size=33554432 queue_latency_us=0 attempt=0
I0909 09:21:58.599556    2636 grpc_transport.cc:1414] [MEGASCALE_TRANSPORT_INSTR] Recv: key=ppermute.3_0|s200000->100000d|$c5$l-1877411243^i0 size=0 is_single_chunk=true is_aligned=true memcpy_needed=false
I0909 09:21:58.664430    2208 grpc_transport.cc:1414] [MEGASCALE_TRANSPORT_INSTR] Recv: key=ppermute.3_0|s200006->100006d|$c4$l-1877411243^i0 size=0 is_single_chunk=true is_aligned=true memcpy_needed=false
I0909 09:21:58.735863    2636 grpc_transport.cc:1414] [MEGASCALE_TRANSPORT_INSTR] Recv: key=ppermute.3_0|s200005->100005d|$c18$l-1877411243^i0 size=0 is_single_chunk=true is_aligned=true memcpy_needed=false
I0909 09:21:58.771085    2392 grpc_transport.cc:1743] [MEGASCALE_TRANSPORT_INSTR] SendRpc: key=ppermute.3_0|s100007->200007d|$c9$l-1877411242^i0 size=33554432 queue_latency_us=0 attempt=0
I0909 09:21:58.786023    2392 grpc_transport.cc:1743] [MEGASCALE_TRANSPORT_INSTR] SendRpc: key=ppermute.3_0|s100007->200007d|$c23$l-1877411242^i0 size=33554432 queue_latency_us=0 attempt=0
I0909 09:21:58.840390    2636 grpc_transport.cc:1414] [MEGASCALE_TRANSPORT_INSTR] Recv: key=ppermute.3_0|s200000->100000d|$c8$l-1877411242^i0 size=0 is_single_chunk=true is_aligned=true memcpy_needed=false
I0909 09:21:58.910727    2636 grpc_transport.cc:1414] [MEGASCALE_TRANSPORT_INSTR] Recv: key=ppermute.3_0|s200000->100000d|$c20$l-1877411242^i0 size=0 is_single_chunk=true is_aligned=true memcpy_needed=false
I0909 09:21:58.976821    2636 grpc_transport.cc:1743] [MEGASCALE_TRANSPORT_INSTR] SendRpc: key=ppermute.3_0|s100005->200005d|$c4$l-1877411241^i0 size=33554432 queue_latency_us=0 attempt=0
I0909 09:21:58.992177    2636 grpc_transport.cc:1743] [MEGASCALE_TRANSPORT_INSTR] SendRpc: key=ppermute.3_0|s100000->200000d|$c1$l-1877411241^i0 size=33554432 queue_latency_us=0 attempt=0
I0909 09:21:59.000534    2636 grpc_transport.cc:1414] [MEGASCALE_TRANSPORT_INSTR] Recv: key=ppermute.3_0|s200000->100000d|$c1$l-1877411241^i0 size=0 is_single_chunk=true is_aligned=true memcpy_needed=false
I0909 09:21:59.008109    2636 grpc_transport.cc:1743] [MEGASCALE_TRANSPORT_INSTR] SendRpc: key=ppermute.3_0|s100004->200004d|$c27$l-1877411241^i0 size=33554432 queue_latency_us=0 attempt=0
I0909 09:21:59.065249    2202 grpc_transport.cc:1414] [MEGASCALE_TRANSPORT_INSTR] Recv: key=ppermute.3_0|s200006->100006d|$c12$l-1877411241^i0 size=0 is_single_chunk=true is_aligned=true memcpy_needed=false
I0909 09:21:59.135572    2392 grpc_transport.cc:1414] [MEGASCALE_TRANSPORT_INSTR] Recv: key=ppermute.3_0|s200003->100003d|$c22$l-1877411241^i0 size=0 is_single_chunk=true is_aligned=true memcpy_needed=false
I0909 09:21:59.210548    1938 grpc_transport.cc:1743] [MEGASCALE_TRANSPORT_INSTR] SendRpc: key=ppermute.3_0|s100000->200000d|$c8$l-1877411240^i0 size=33554432 queue_latency_us=0 attempt=0
I0909 09:21:59.225753    2636 grpc_transport.cc:1743] [MEGASCALE_TRANSPORT_INSTR] SendRpc: key=ppermute.3_0|s100004->200004d|$c21$l-1877411240^i0 size=33554432 queue_latency_us=0 attempt=0
I0909 09:21:59.246551    2636 grpc_transport.cc:1414] [MEGASCALE_TRANSPORT_INSTR] Recv: key=ppermute.3_0|s200001->100001d|$c6$l-1877411240^i0 size=0 is_single_chunk=true is_aligned=true memcpy_needed=false
I0909 09:21:59.316550    2202 grpc_transport.cc:1414] [MEGASCALE_TRANSPORT_INSTR] Recv: key=ppermute.3_0|s200003->100003d|$c14$l-1877411240^i0 size=0 is_single_chunk=true is_aligned=true memcpy_needed=false
I0909 09:21:59.385580    2392 grpc_transport.cc:1414] [MEGASCALE_TRANSPORT_INSTR] Recv: key=ppermute.3_0|s200003->100003d|$c30$l-1877411240^i0 size=0 is_single_chunk=true is_aligned=true memcpy_needed=false
I0909 09:21:59.402548    1358 grpc_transport.cc:1743] [MEGASCALE_TRANSPORT_INSTR] SendRpc: key=ppermute.3_0|s100004->200004d|$c0$l-1877411239^i0 size=33554432 queue_latency_us=0 attempt=0
I0909 09:21:59.417394    2202 grpc_transport.cc:1743] [MEGASCALE_TRANSPORT_INSTR] SendRpc: key=ppermute.3_0|s100003->200003d|$c10$l-1877411239^i0 size=33554432 queue_latency_us=0 attempt=0
I0909 09:21:59.432821    2636 grpc_transport.cc:1743] [MEGASCALE_TRANSPORT_INSTR] SendRpc: key=ppermute.3_0|s100005->200005d|$c24$l-1877411239^i0 size=33554432 queue_latency_us=0 attempt=0
I0909 09:21:59.482038    2636 grpc_transport.cc:1414] [MEGASCALE_TRANSPORT_INSTR] Recv: key=ppermute.3_0|s200001->100001d|$c7$l-1877411239^i0 size=0 is_single_chunk=true is_aligned=true memcpy_needed=false
I0909 09:21:59.549955    2202 grpc_transport.cc:1414] [MEGASCALE_TRANSPORT_INSTR] Recv: key=ppermute.3_0|s200006->100006d|$c24$l-1877411239^i0 size=0 is_single_chunk=true is_aligned=true memcpy_needed=false
I0909 09:21:59.612168    1938 grpc_transport.cc:1743] [MEGASCALE_TRANSPORT_INSTR] SendRpc: key=ppermute.3_0|s100005->200005d|$c12$l-1877411238^i0 size=33554432 queue_latency_us=0 attempt=0
I0909 09:21:59.627136    2202 grpc_transport.cc:1743] [MEGASCALE_TRANSPORT_INSTR] SendRpc: key=ppermute.3_0|s100002->200002d|$c15$l-1877411238^i0 size=33554432 queue_latency_us=0 attempt=0
I0909 09:21:59.642194    1938 grpc_transport.cc:1743] [MEGASCALE_TRANSPORT_INSTR] SendRpc: key=ppermute.3_0|s100000->200000d|$c29$l-1877411238^i0 size=33554432 queue_latency_us=0 attempt=0
I0909 09:21:59.665105    2202 grpc_transport.cc:1414] [MEGASCALE_TRANSPORT_INSTR] Recv: key=ppermute.3_0|s200007->100007d|$c8$l-1877411238^i0 size=0 is_single_chunk=true is_aligned=true memcpy_needed=false
I0909 09:21:59.740642    2637 grpc_transport.cc:1414] [MEGASCALE_TRANSPORT_INSTR] Recv: key=ppermute.3_0|s200005->100005d|$c16$l-1877411238^i0 size=0 is_single_chunk=true is_aligned=true memcpy_needed=false
I0909 09:21:59.813954    2637 grpc_transport.cc:1414] [MEGASCALE_TRANSPORT_INSTR] Recv: key=ppermute.3_0|s200005->100005d|$c31$l-1877411238^i0 size=0 is_single_chunk=true is_aligned=true memcpy_needed=false
I0909 09:21:59.859137    1358 grpc_transport.cc:1743] [MEGASCALE_TRANSPORT_INSTR] SendRpc: key=ppermute.3_0|s100001->200001d|$c12$l-1877411237^i0 size=33554432 queue_latency_us=0 attempt=0
I0909 09:21:59.874899    1711 grpc_transport.cc:1743] [MEGASCALE_TRANSPORT_INSTR] SendRpc: key=ppermute.3_0|s100002->200002d|$c17$l-1877411237^i0 size=33554432 queue_latency_us=0 attempt=0
I0909 09:21:59.896944    2202 grpc_transport.cc:1414] [MEGASCALE_TRANSPORT_INSTR] Recv: key=ppermute.3_0|s200007->100007d|$c17$l-1877411237^i0 size=0 is_single_chunk=true is_aligned=true memcpy_needed=false
I0909 09:21:59.967414    1358 grpc_transport.cc:1414] [MEGASCALE_TRANSPORT_INSTR] Recv: key=ppermute.3_0|s200004->100004d|$c22$l-1877411237^i0 size=0 is_single_chunk=true is_aligned=true memcpy_needed=false
I0909 09:22:00.051547    2202 grpc_transport.cc:1743] [MEGASCALE_TRANSPORT_INSTR] SendRpc: key=ppermute.3_0|s100003->200003d|$c9$l-1877411236^i0 size=33554432 queue_latency_us=0 attempt=0
I0909 09:22:00.066419    2202 grpc_transport.cc:1743] [MEGASCALE_TRANSPORT_INSTR] SendRpc: key=ppermute.3_0|s100002->200002d|$c8$l-1877411236^i0 size=33554432 queue_latency_us=0 attempt=0
I0909 09:22:00.081412    1701 grpc_transport.cc:1743] [MEGASCALE_TRANSPORT_INSTR] SendRpc: key=ppermute.3_0|s100004->200004d|$c27$l-1877411236^i0 size=33554432 queue_latency_us=0 attempt=0
I0909 09:22:00.098904    2202 grpc_transport.cc:1414] [MEGASCALE_TRANSPORT_INSTR] Recv: key=ppermute.3_0|s200002->100002d|$c4$l-1877411236^i0 size=0 is_single_chunk=true is_aligned=true memcpy_needed=false
I0909 09:22:00.171699    1711 grpc_transport.cc:1414] [MEGASCALE_TRANSPORT_INSTR] Recv: key=ppermute.3_0|s200003->100003d|$c11$l-1877411236^i0 size=0 is_single_chunk=true is_aligned=true memcpy_needed=false
I0909 09:22:00.244493    1711 grpc_transport.cc:1414] [MEGASCALE_TRANSPORT_INSTR] Recv: key=ppermute.3_0|s200007->100007d|$c22$l-1877411236^i0 size=0 is_single_chunk=true is_aligned=true memcpy_needed=false
I0909 09:22:00.288141    1701 grpc_transport.cc:1743] [MEGASCALE_TRANSPORT_INSTR] SendRpc: key=ppermute.3_0|s100001->200001d|$c11$l-1877411235^i0 size=33554432 queue_latency_us=0 attempt=0
I0909 09:22:00.303564    2202 grpc_transport.cc:1743] [MEGASCALE_TRANSPORT_INSTR] SendRpc: key=ppermute.3_0|s100002->200002d|$c14$l-1877411235^i0 size=33554432 queue_latency_us=0 attempt=0
I0909 09:22:00.333403    1701 grpc_transport.cc:1414] [MEGASCALE_TRANSPORT_INSTR] Recv: key=ppermute.3_0|s200005->100005d|$c9$l-1877411235^i0 size=0 is_single_chunk=true is_aligned=true memcpy_needed=false
I0909 09:22:00.403650     803 grpc_transport.cc:1414] [MEGASCALE_TRANSPORT_INSTR] Recv: key=ppermute.3_0|s200002->100002d|$c8$l-1877411235^i0 size=0 is_single_chunk=true is_aligned=true memcpy_needed=false
I0909 09:22:00.480506    2202 grpc_transport.cc:1743] [MEGASCALE_TRANSPORT_INSTR] SendRpc: key=ppermute.3_0|s100007->200007d|$c2$l-1877411234^i0 size=33554432 queue_latency_us=0 attempt=0
I0909 09:22:00.495740    2636 grpc_transport.cc:1743] [MEGASCALE_TRANSPORT_INSTR] SendRpc: key=ppermute.3_0|s100000->200000d|$c11$l-1877411234^i0 size=33554432 queue_latency_us=0 attempt=0
I0909 09:22:00.497310    2636 grpc_transport.cc:1414] [MEGASCALE_TRANSPORT_INSTR] Recv: key=ppermute.3_0|s200001->100001d|$c0$l-1877411234^i0 size=0 is_single_chunk=true is_aligned=true memcpy_needed=false
I0909 09:22:00.511480    1711 grpc_transport.cc:1743] [MEGASCALE_TRANSPORT_INSTR] SendRpc: key=ppermute.3_0|s100002->200002d|$c25$l-1877411234^i0 size=33554432 queue_latency_us=0 attempt=0
I0909 09:22:00.570624    2392 grpc_transport.cc:1414] [MEGASCALE_TRANSPORT_INSTR] Recv: key=ppermute.3_0|s200007->100007d|$c15$l-1877411234^i0 size=0 is_single_chunk=true is_aligned=true memcpy_needed=false
I0909 09:22:00.640253    1711 grpc_transport.cc:1414] [MEGASCALE_TRANSPORT_INSTR] Recv: key=ppermute.3_0|s200002->100002d|$c22$l-1877411234^i0 size=0 is_single_chunk=true is_aligned=true memcpy_needed=false
I0909 09:22:00.693392    1701 grpc_transport.cc:1743] [MEGASCALE_TRANSPORT_INSTR] SendRpc: key=ppermute.3_0|s100005->200005d|$c17$l-1877411233^i0 size=33554432 queue_latency_us=0 attempt=0
I0909 09:22:00.708387    2392 grpc_transport.cc:1743] [MEGASCALE_TRANSPORT_INSTR] SendRpc: key=ppermute.3_0|s100003->200003d|$c26$l-1877411233^i0 size=33554432 queue_latency_us=0 attempt=0
I0909 09:22:00.745604    1701 grpc_transport.cc:1414] [MEGASCALE_TRANSPORT_INSTR] Recv: key=ppermute.3_0|s200004->100004d|$c13$l-1877411233^i0 size=0 is_single_chunk=true is_aligned=true memcpy_needed=false
I0909 09:22:00.815385     803 grpc_transport.cc:1414] [MEGASCALE_TRANSPORT_INSTR] Recv: key=ppermute.3_0|s200002->100002d|$c18$l-1877411233^i0 size=0 is_single_chunk=true is_aligned=true memcpy_needed=false
I0909 09:22:00.882988    1711 grpc_transport.cc:1414] [MEGASCALE_TRANSPORT_INSTR] Recv: key=ppermute.3_0|s200003->100003d|$c31$l-1877411233^i0 size=0 is_single_chunk=true is_aligned=true memcpy_needed=false
I0909 09:22:00.895878    1711 grpc_transport.cc:1743] [MEGASCALE_TRANSPORT_INSTR] SendRpc: key=ppermute.3_0|s100002->200002d|$c3$l-1877411232^i0 size=33554432 queue_latency_us=0 attempt=0
I0909 09:22:00.910650    1938 grpc_transport.cc:1743] [MEGASCALE_TRANSPORT_INSTR] SendRpc: key=ppermute.3_0|s100004->200004d|$c28$l-1877411232^i0 size=33554432 queue_latency_us=0 attempt=0
I0909 09:22:00.926459    1711 grpc_transport.cc:1743] [MEGASCALE_TRANSPORT_INSTR] SendRpc: key=ppermute.3_0|s100006->200006d|$c22$l-1877411232^i0 size=33554432 queue_latency_us=0 attempt=0
I0909 09:22:00.983297    1701 grpc_transport.cc:1414] [MEGASCALE_TRANSPORT_INSTR] Recv: key=ppermute.3_0|s200005->100005d|$c5$l-1877411232^i0 size=0 is_single_chunk=true is_aligned=true memcpy_needed=false
I0909 09:22:01.054375    1711 grpc_transport.cc:1414] [MEGASCALE_TRANSPORT_INSTR] Recv: key=ppermute.3_0|s200002->100002d|$c16$l-1877411232^i0 size=0 is_single_chunk=true is_aligned=true memcpy_needed=false
I0909 09:22:01.109383     803 grpc_transport.cc:1743] [MEGASCALE_TRANSPORT_INSTR] SendRpc: key=ppermute.3_0|s100003->200003d|$c5$l-1877411231^i0 size=33554432 queue_latency_us=0 attempt=0
I0909 09:22:01.124963    1711 grpc_transport.cc:1743] [MEGASCALE_TRANSPORT_INSTR] SendRpc: key=ppermute.3_0|s100006->200006d|$c8$l-1877411231^i0 size=33554432 queue_latency_us=0 attempt=0
I0909 09:22:01.144586    2205 grpc_transport.cc:1414] [MEGASCALE_TRANSPORT_INSTR] Recv: key=ppermute.3_0|s200006->100006d|$c11$l-1877411231^i0 size=0 is_single_chunk=true is_aligned=true memcpy_needed=false
I0909 09:22:01.229058     803 grpc_transport.cc:1414] [MEGASCALE_TRANSPORT_INSTR] Recv: key=ppermute.3_0|s200006->100006d|$c27$l-1877411231^i0 size=0 is_single_chunk=true is_aligned=true memcpy_needed=false
I0909 09:22:01.301730    2202 grpc_transport.cc:1414] [MEGASCALE_TRANSPORT_INSTR] Recv: key=ppermute.3_0|s200002->100002d|$c23$l-1877411231^i0 size=0 is_single_chunk=true is_aligned=true memcpy_needed=false
I0909 09:22:01.332990     803 grpc_transport.cc:1743] [MEGASCALE_TRANSPORT_INSTR] SendRpc: key=all-reduce_0_ag_0_sr_0_1|s100007->200007d|$c0$l-493875029^i0 size=512 queue_latency_us=0 attempt=0
I0909 09:22:01.351844    1938 grpc_transport.cc:1743] [MEGASCALE_TRANSPORT_INSTR] SendRpc: key=ppermute.3_0|s100005->200005d|$c11$l-1877411230^i0 size=33554432 queue_latency_us=0 attempt=0
I0909 09:22:01.367485     803 grpc_transport.cc:1743] [MEGASCALE_TRANSPORT_INSTR] SendRpc: key=ppermute.3_0|s100007->200007d|$c24$l-1877411230^i0 size=33554432 queue_latency_us=0 attempt=0
I0909 09:22:01.402751     803 grpc_transport.cc:1414] [MEGASCALE_TRANSPORT_INSTR] Recv: key=ppermute.3_0|s200007->100007d|$c5$l-1877411230^i0 size=0 is_single_chunk=true is_aligned=true memcpy_needed=false
I0909 09:22:01.474977    1938 grpc_transport.cc:1414] [MEGASCALE_TRANSPORT_INSTR] Recv: key=ppermute.3_0|s200000->100000d|$c17$l-1877411230^i0 size=0 is_single_chunk=true is_aligned=true memcpy_needed=false
I0909 09:22:01.543650    2205 grpc_transport.cc:1743] [MEGASCALE_TRANSPORT_INSTR] SendRpc: key=ppermute.3_0|s100007->200007d|$c7$l-1877411229^i0 size=33554432 queue_latency_us=0 attempt=0
I0909 09:22:01.558568    1711 grpc_transport.cc:1743] [MEGASCALE_TRANSPORT_INSTR] SendRpc: key=ppermute.3_0|s100006->200006d|$c10$l-1877411229^i0 size=33554432 queue_latency_us=0 attempt=0
I0909 09:22:01.574458    1701 grpc_transport.cc:1743] [MEGASCALE_TRANSPORT_INSTR] SendRpc: key=ppermute.3_0|s100005->200005d|$c29$l-1877411229^i0 size=33554432 queue_latency_us=0 attempt=0
I0909 09:22:01.581674    1943 grpc_transport.cc:1414] [MEGASCALE_TRANSPORT_INSTR] Recv: key=ppermute.3_0|s200005->100005d|$c1$l-1877411229^i0 size=0 is_single_chunk=true is_aligned=true memcpy_needed=false
I0909 09:22:01.648854    1711 grpc_transport.cc:1414] [MEGASCALE_TRANSPORT_INSTR] Recv: key=ppermute.3_0|s200003->100003d|$c11$l-1877411229^i0 size=0 is_single_chunk=true is_aligned=true memcpy_needed=false
I0909 09:22:01.721665    2202 grpc_transport.cc:1414] [MEGASCALE_TRANSPORT_INSTR] Recv: key=ppermute.3_0|s200002->100002d|$c28$l-1877411229^i0 size=0 is_single_chunk=true is_aligned=true memcpy_needed=false
I0909 09:22:01.764997    2202 grpc_transport.cc:1743] [MEGASCALE_TRANSPORT_INSTR] SendRpc: key=ppermute.3_0|s100007->200007d|$c6$l-1877411228^i0 size=33554432 queue_latency_us=0 attempt=0
I0909 09:22:01.779877    2392 grpc_transport.cc:1743] [MEGASCALE_TRANSPORT_INSTR] SendRpc: key=ppermute.3_0|s100006->200006d|$c24$l-1877411228^i0 size=33554432 queue_latency_us=0 attempt=0
I0909 09:22:01.861783    2202 grpc_transport.cc:1414] [MEGASCALE_TRANSPORT_INSTR] Recv: key=ppermute.3_0|s200006->100006d|$c4$l-1877411228^i0 size=0 is_single_chunk=true is_aligned=true memcpy_needed=false
I0909 09:22:01.929820    2202 grpc_transport.cc:1414] [MEGASCALE_TRANSPORT_INSTR] Recv: key=ppermute.3_0|s200003->100003d|$c22$l-1877411228^i0 size=0 is_single_chunk=true is_aligned=true memcpy_needed=false
I0909 09:22:01.996005    1358 grpc_transport.cc:1414] [MEGASCALE_TRANSPORT_INSTR] Recv: key=ppermute.3_0|s200004->100004d|$c30$l-1877411228^i0 size=0 is_single_chunk=true is_aligned=true memcpy_needed=false
I0909 09:22:02.005444    1703 grpc_transport.cc:1743] [MEGASCALE_TRANSPORT_INSTR] SendRpc: key=ppermute.3_0|s100001->200001d|$c4$l-1877411227^i0 size=33554432 queue_latency_us=0 attempt=0
I0909 09:22:02.020416    1703 grpc_transport.cc:1743] [MEGASCALE_TRANSPORT_INSTR] SendRpc: key=ppermute.3_0|s100004->200004d|$c4$l-1877411227^i0 size=33554432 queue_latency_us=0 attempt=0
I0909 09:22:02.036470    1702 grpc_transport.cc:1743] [MEGASCALE_TRANSPORT_INSTR] SendRpc: key=ppermute.3_0|s100004->200004d|$c23$l-1877411227^i0 size=33554432 queue_latency_us=0 attempt=0
I0909 09:22:02.106606    1702 grpc_transport.cc:1414] [MEGASCALE_TRANSPORT_INSTR] Recv: key=ppermute.3_0|s200001->100001d|$c1$l-1877411227^i0 size=0 is_single_chunk=true is_aligned=true memcpy_needed=false
I0909 09:22:02.177629    2208 grpc_transport.cc:1414] [MEGASCALE_TRANSPORT_INSTR] Recv: key=ppermute.3_0|s200003->100003d|$c17$l-1877411227^i0 size=0 is_single_chunk=true is_aligned=true memcpy_needed=false
I0909 09:22:02.227335    1701 grpc_transport.cc:1743] [MEGASCALE_TRANSPORT_INSTR] SendRpc: key=ppermute.3_0|s100004->200004d|$c13$l-1877411226^i0 size=33554432 queue_latency_us=0 attempt=0
I0909 09:22:02.242472    1358 grpc_transport.cc:1743] [MEGASCALE_TRANSPORT_INSTR] SendRpc: key=ppermute.3_0|s100004->200004d|$c26$l-1877411226^i0 size=33554432 queue_latency_us=0 attempt=0
I0909 09:22:02.278872    1358 grpc_transport.cc:1414] [MEGASCALE_TRANSPORT_INSTR] Recv: key=ppermute.3_0|s200004->100004d|$c0$l-1877411226^i0 size=0 is_single_chunk=true is_aligned=true memcpy_needed=false
I0909 09:22:02.349969    1703 grpc_transport.cc:1414] [MEGASCALE_TRANSPORT_INSTR] Recv: key=ppermute.3_0|s200004->100004d|$c26$l-1877411226^i0 size=0 is_single_chunk=true is_aligned=true memcpy_needed=false
I0909 09:22:02.416319    2392 grpc_transport.cc:1414] [MEGASCALE_TRANSPORT_INSTR] Recv: key=ppermute.3_0|s200006->100006d|$c27$l-1877411226^i0 size=0 is_single_chunk=true is_aligned=true memcpy_needed=false
I0909 09:22:02.433820    1943 grpc_transport.cc:1743] [MEGASCALE_TRANSPORT_INSTR] SendRpc: key=ppermute.3_0|s100005->200005d|$c1$l-1877411225^i0 size=33554432 queue_latency_us=0 attempt=0
I0909 09:22:02.448562     803 grpc_transport.cc:1743] [MEGASCALE_TRANSPORT_INSTR] SendRpc: key=ppermute.3_0|s100007->200007d|$c16$l-1877411225^i0 size=33554432 queue_latency_us=0 attempt=0
I0909 09:22:02.463431     803 grpc_transport.cc:1743] [MEGASCALE_TRANSPORT_INSTR] SendRpc: key=ppermute.3_0|s100006->200006d|$c21$l-1877411225^i0 size=33554432 queue_latency_us=0 attempt=0
I0909 09:22:02.536656    1703 grpc_transport.cc:1414] [MEGASCALE_TRANSPORT_INSTR] Recv: key=ppermute.3_0|s200000->100000d|$c24$l-1877411225^i0 size=0 is_single_chunk=true is_aligned=true memcpy_needed=false
I0909 09:22:02.609354    2392 grpc_transport.cc:1414] [MEGASCALE_TRANSPORT_INSTR] Recv: key=ppermute.3_0|s200007->100007d|$c23$l-1877411225^i0 size=0 is_single_chunk=true is_aligned=true memcpy_needed=false
I0909 09:22:02.664765    1859 grpc_transport.cc:1743] [MEGASCALE_TRANSPORT_INSTR] SendRpc: key=ppermute.3_0|s100004->200004d|$c12$l-1877411224^i0 size=33554432 queue_latency_us=0 attempt=0
I0909 09:22:02.679774    1859 grpc_transport.cc:1743] [MEGASCALE_TRANSPORT_INSTR] SendRpc: key=ppermute.3_0|s100005->200005d|$c9$l-1877411224^i0 size=33554432 queue_latency_us=0 attempt=0
I0909 09:22:02.695117     803 grpc_transport.cc:1743] [MEGASCALE_TRANSPORT_INSTR] SendRpc: key=ppermute.3_0|s100002->200002d|$c31$l-1877411224^i0 size=33554432 queue_latency_us=0 attempt=0
I0909 09:22:02.715445     803 grpc_transport.cc:1414] [MEGASCALE_TRANSPORT_INSTR] Recv: key=ppermute.3_0|s200007->100007d|$c9$l-1877411224^i0 size=0 is_single_chunk=true is_aligned=true memcpy_needed=false
I0909 09:22:02.788603    2170 grpc_transport.cc:1414] [MEGASCALE_TRANSPORT_INSTR] Recv: key=ppermute.3_0|s200004->100004d|$c25$l-1877411224^i0 size=0 is_single_chunk=true is_aligned=true memcpy_needed=false
I0909 09:22:02.857985     803 grpc_transport.cc:1414] [MEGASCALE_TRANSPORT_INSTR] Recv: key=ppermute.3_0|s200006->100006d|$c23$l-1877411224^i0 size=0 is_single_chunk=true is_aligned=true memcpy_needed=false
I0909 09:22:02.894881    2202 grpc_transport.cc:1743] [MEGASCALE_TRANSPORT_INSTR] SendRpc: key=ppermute.3_0|s100003->200003d|$c8$l-1877411223^i0 size=33554432 queue_latency_us=0 attempt=0
I0909 09:22:02.909750    2202 grpc_transport.cc:1743] [MEGASCALE_TRANSPORT_INSTR] SendRpc: key=ppermute.3_0|s100002->200002d|$c28$l-1877411223^i0 size=33554432 queue_latency_us=0 attempt=0
I0909 09:22:02.976669    2202 grpc_transport.cc:1414] [MEGASCALE_TRANSPORT_INSTR] Recv: key=ppermute.3_0|s200003->100003d|$c9$l-1877411223^i0 size=0 is_single_chunk=true is_aligned=true memcpy_needed=false
I0909 09:22:03.045089    2392 grpc_transport.cc:1414] [MEGASCALE_TRANSPORT_INSTR] Recv: key=ppermute.3_0|s200007->100007d|$c19$l-1877411223^i0 size=0 is_single_chunk=true is_aligned=true memcpy_needed=false
I0909 09:22:03.116585    1859 grpc_transport.cc:1743] [MEGASCALE_TRANSPORT_INSTR] SendRpc: key=ppermute.3_0|s100000->200000d|$c9$l-1877411222^i0 size=33554432 queue_latency_us=0 attempt=0
I0909 09:22:03.131879    2202 grpc_transport.cc:1743] [MEGASCALE_TRANSPORT_INSTR] SendRpc: key=ppermute.3_0|s100002->200002d|$c18$l-1877411222^i0 size=33554432 queue_latency_us=0 attempt=0
I0909 09:22:03.146881    1859 grpc_transport.cc:1414] [MEGASCALE_TRANSPORT_INSTR] Recv: key=ppermute.3_0|s200004->100004d|$c1$l-1877411222^i0 size=0 is_single_chunk=true is_aligned=true memcpy_needed=false
I0909 09:22:03.147676     803 grpc_transport.cc:1743] [MEGASCALE_TRANSPORT_INSTR] SendRpc: key=ppermute.3_0|s100006->200006d|$c28$l-1877411222^i0 size=33554432 queue_latency_us=0 attempt=0
I0909 09:22:03.219050     803 grpc_transport.cc:1414] [MEGASCALE_TRANSPORT_INSTR] Recv: key=ppermute.3_0|s200002->100002d|$c23$l-1877411222^i0 size=0 is_single_chunk=true is_aligned=true memcpy_needed=false
I0909 09:22:03.289956    2202 grpc_transport.cc:1414] [MEGASCALE_TRANSPORT_INSTR] Recv: key=ppermute.3_0|s200003->100003d|$c23$l-1877411222^i0 size=0 is_single_chunk=true is_aligned=true memcpy_needed=false
I0909 09:22:03.332693    1859 grpc_transport.cc:1743] [MEGASCALE_TRANSPORT_INSTR] SendRpc: key=ppermute.3_0|s100004->200004d|$c17$l-1877411221^i0 size=33554432 queue_latency_us=0 attempt=0
I0909 09:22:03.348203    2202 grpc_transport.cc:1743] [MEGASCALE_TRANSPORT_INSTR] SendRpc: key=ppermute.3_0|s100003->200003d|$c31$l-1877411221^i0 size=33554432 queue_latency_us=0 attempt=0
I0909 09:22:03.380964    2202 grpc_transport.cc:1414] [MEGASCALE_TRANSPORT_INSTR] Recv: key=ppermute.3_0|s200006->100006d|$c16$l-1877411221^i0 size=0 is_single_chunk=true is_aligned=true memcpy_needed=false
I0909 09:22:03.454062    1859 grpc_transport.cc:1414] [MEGASCALE_TRANSPORT_INSTR] Recv: key=ppermute.3_0|s200005->100005d|$c21$l-1877411221^i0 size=0 is_single_chunk=true is_aligned=true memcpy_needed=false
I0909 09:22:03.555863    1701 grpc_transport.cc:1414] [MEGASCALE_TRANSPORT_INSTR] Recv: key=all-reduce_0_ag_0_sr_1_2|s200004->100004d|$c0$l-493875027^i0 size=512 is_single_chunk=true is_aligned=false memcpy_needed=true
I0909 09:22:03.559164      44 megascale_context.cc:439] Destroying MegaScale PjrtExecutableContext: jit_op
MANUAL_AR_RESULT {"batch": 10, "benchmark": "manual_ar", "host_gbps_best": 321.8933875862929, "host_gbps_median": 307.36410275432235, "matrix_dim": 32768, "network_delta": {"cilium_host": {"rx_bytes": 0, "tx_bytes": 0}, "cilium_net": {"rx_bytes": 0, "tx_bytes": 0}, "docker0": {"rx_bytes": 0, "tx_bytes": 0}, "eth0": {"rx_bytes": 613163, "tx_bytes": 8337380}, "eth1": {"rx_bytes": 692696118406, "tx_bytes": 688868973145}, "eth2": {"rx_bytes": 692771826090, "tx_bytes": 691342558248}, "lo": {"rx_bytes": 3496181, "tx_bytes": 3496181}, "lxc1005429a54eb": {"rx_bytes": 213, "tx_bytes": 213}, "lxc1dfebc52c3c2": {"rx_bytes": 14928, "tx_bytes": 105035}, "lxc3ec5f1141ade": {"rx_bytes": 2130625, "tx_bytes": 624212}, "lxc89e2621594eb": {"rx_bytes": 1834, "tx_bytes": 1990}, "lxc998fc01e160c": {"rx_bytes": 14911, "tx_bytes": 2857}}, "participants_per_slice": 8, "reps": 10, "shard_bytes_per_device": 1073741824.0, "time_ms_all": [225.02204690827057, 231.46194650325924, 222.13151539908722, 228.13930009724572, 236.81863020174205, 213.56282680062577, 231.4211052027531, 220.5472122062929, 213.48520779283717, 222.00872868997976], "time_ms_best": 213.48520779283717, "time_ms_median": 223.5767811536789, "variant": "exchange_add", "warmups": 60}
MANUAL_AR_SUMMARY {"exchange_add@32768": 321.9, "psum@32768": 261.8}
I0909 09:22:03.566187      44 megascale_context.cc:439] Destroying MegaScale PjrtExecutableContext: jit__identity_fn
W0909 09:22:03.568902    1005 pjrt_client.h:601] UpdateGlobalProcessInfo is not supported.
W0909 09:22:03.569279    1005 pjrt_client.h:601] UpdateGlobalProcessInfo is not supported.
I0909 09:22:08.598559      44 allocator_stats_reporter.cc:147] Stopping AllocatorStatsReporter. Reporting one last time first.
I0909 09:22:08.599142     767 tpu_diagnostic_coordinator.cc:565] TpuStallWorker thread exiting.
I0909 09:22:08.674391      44 tpunetd_client.cc:431] Session master stopping the session...
I0909 09:22:08.674759    1249 session_worker_service.cc:115] Session master notifies the worker to disconnect from session eaf14567e74b9d04
I0909 09:22:08.674852      44 tpunetd_client.cc:433] Session master stopped the session.
I0909 09:22:08.674870      44 tpunetd_client.cc:438] Session manager stopping the session...
I0909 09:22:08.791652      44 tpunetd_client.cc:440] Session manager stopped the session.
I0909 09:22:10.072664     894 block_allocator.cc:209] MegaScale alloactor peak usage: 17160536064
