DCN_HOSTNETWORK_PREFLIGHT_BEGIN
host=gke-tpu-edbc8be2-nqp0 pod_ip=10.240.0.30 node_ip=10.240.0.30
tcp_rmem=4096	41943040	314572800
lo               UNKNOWN        127.0.0.1/8 169.254.169.252/32 ::1/128 
eth0             UP             10.240.0.30/32 metric 1024 fe80::4001:aff:fef0:1e/64 
eth1             UP             10.240.96.5/32 metric 1024 fe80::4001:aff:fef0:6005/64 
eth2             UP             10.240.48.5/32 metric 1024 fe80::4001:aff:fef0:3005/64 
docker0          DOWN           169.254.123.1/24 
lxc2a01d986850c@if8 UP             169.254.4.6/32 fe80::94e8:deff:fe39:f4b5/64 
cilium_net@cilium_host UP             fe80::8841:49ff:fef8:f142/64 
cilium_host@cilium_net UP             169.254.4.6/32 fe80::d4e9:f1ff:fe23:863b/64 
lxc24139f804dfe@if12 UP             169.254.4.6/32 fe80::945f:90ff:fe19:22e1/64 
lxcde9de6c6fd2b@if294 UP             169.254.4.6/32 fe80::7434:4eff:feca:311a/64 
lxcc0a8ef4be915@if296 UP             169.254.4.6/32 fe80::d4af:7cff:fed0:818d/64 
lxc4aea7d2c7fcb@if334 UP             169.254.4.6/32 fe80::cc5b:6bff:fe03:e331/64 
default via 10.240.0.1 dev eth0 proto dhcp src 10.240.0.30 metric 1024 quickack 1 
default via 10.240.0.1 dev eth0 proto dhcp src 10.240.0.30 metric 1024 
10.228.5.3 dev lxc2a01d986850c proto kernel scope link 
10.228.5.4 dev lxc24139f804dfe proto kernel scope link 
10.228.5.24 dev lxcde9de6c6fd2b proto kernel scope link 
10.228.5.25 dev lxcc0a8ef4be915 proto kernel scope link 
10.228.5.44 dev lxc4aea7d2c7fcb proto kernel scope link 
10.240.0.0/20 via 10.240.0.1 dev eth0 proto dhcp src 10.240.0.30 metric 1024 quickack 1 
10.240.0.0/20 via 10.240.0.1 dev eth0 proto dhcp src 10.240.0.30 metric 1024 
10.240.0.1 dev eth0 proto dhcp scope link src 10.240.0.30 metric 1024 quickack 1 
10.240.0.1 dev eth0 proto dhcp scope link src 10.240.0.30 metric 1024 
10.240.48.0/20 via 10.240.48.1 dev eth2 proto dhcp src 10.240.48.5 metric 1024 quickack 1 
10.240.48.0/20 via 10.240.48.1 dev eth2 proto dhcp src 10.240.48.5 metric 1024 
10.240.48.1 dev eth2 proto dhcp scope link src 10.240.48.5 metric 1024 quickack 1 
10.240.48.1 dev eth2 proto dhcp scope link src 10.240.48.5 metric 1024 
10.240.96.0/20 via 10.240.96.1 dev eth1 proto dhcp src 10.240.96.5 metric 1024 quickack 1 
10.240.96.0/20 via 10.240.96.1 dev eth1 proto dhcp src 10.240.96.5 metric 1024 
10.240.96.1 dev eth1 proto dhcp scope link src 10.240.96.5 metric 1024 quickack 1 
10.240.96.1 dev eth1 proto dhcp scope link src 10.240.96.5 metric 1024 
169.254.123.0/24 dev docker0 proto kernel scope link src 169.254.123.1 linkdown 
169.254.169.254 via 10.240.0.1 dev eth0 proto dhcp src 10.240.0.30 metric 1024 quickack 1 
169.254.169.254 via 10.240.0.1 dev eth0 proto dhcp src 10.240.0.30 metric 1024 
interface=eth0 speed_mbps=200000
interface=eth1 speed_mbps=200000
interface=eth2 speed_mbps=200000
interface=lo speed_mbps=
DCN_HOSTNETWORK_PREFLIGHT_END
Looking in links: https://storage.googleapis.com/jax-releases/libtpu_releases.html
Collecting jax==0.11.0 (from jax[tpu]==0.11.0)
  Downloading jax-0.11.0-py3-none-any.whl.metadata (13 kB)
Collecting libtpu==0.0.44
  Downloading libtpu-0.0.44-cp312-cp312-manylinux_2_31_x86_64.whl.metadata (1.5 kB)
Collecting jaxlib<=0.11.0,>=0.11.0 (from jax==0.11.0->jax[tpu]==0.11.0)
  Downloading jaxlib-0.11.0-cp312-cp312-manylinux_2_27_x86_64.whl.metadata (1.3 kB)
Collecting ml_dtypes>=0.5.0 (from jax==0.11.0->jax[tpu]==0.11.0)
  Downloading ml_dtypes-0.6.0-cp312-cp312-manylinux_2_27_x86_64.manylinux_2_28_x86_64.whl.metadata (8.8 kB)
Collecting numpy>=2.1 (from jax==0.11.0->jax[tpu]==0.11.0)
  Downloading numpy-2.5.3-cp312-cp312-manylinux_2_27_x86_64.manylinux_2_28_x86_64.whl.metadata (6.6 kB)
Collecting opt_einsum (from jax==0.11.0->jax[tpu]==0.11.0)
  Downloading opt_einsum-3.4.0-py3-none-any.whl.metadata (6.3 kB)
Collecting scipy>=1.15 (from jax==0.11.0->jax[tpu]==0.11.0)
  Downloading scipy-1.18.1-cp312-cp312-manylinux_2_27_x86_64.manylinux_2_28_x86_64.whl.metadata (62 kB)
Collecting requests (from jax[tpu]==0.11.0)
  Downloading requests-2.34.2-py3-none-any.whl.metadata (4.8 kB)
Collecting charset_normalizer<4,>=2 (from requests->jax[tpu]==0.11.0)
  Downloading charset_normalizer-3.5.1-cp312-cp312-manylinux2014_x86_64.manylinux_2_17_x86_64.manylinux_2_28_x86_64.whl.metadata (45 kB)
Collecting idna<4,>=2.5 (from requests->jax[tpu]==0.11.0)
  Downloading idna-3.19-py3-none-any.whl.metadata (9.2 kB)
Collecting urllib3<3,>=1.26 (from requests->jax[tpu]==0.11.0)
  Downloading urllib3-2.7.0-py3-none-any.whl.metadata (6.9 kB)
Collecting certifi>=2023.5.7 (from requests->jax[tpu]==0.11.0)
  Downloading certifi-2026.7.22-py3-none-any.whl.metadata (2.5 kB)
Downloading jax-0.11.0-py3-none-any.whl (3.3 MB)
   ━━━━━━━━━━━━━━━━━━━━━━━━━━━━━━━━━━━━━━━━ 3.3/3.3 MB 86.0 MB/s eta 0:00:00
Downloading libtpu-0.0.44-cp312-cp312-manylinux_2_31_x86_64.whl (215.6 MB)
   ━━━━━━━━━━━━━━━━━━━━━━━━━━━━━━━━━━━━━━━ 215.6/215.6 MB 270.7 MB/s eta 0:00:00
Downloading jaxlib-0.11.0-cp312-cp312-manylinux_2_27_x86_64.whl (87.3 MB)
   ━━━━━━━━━━━━━━━━━━━━━━━━━━━━━━━━━━━━━━━━ 87.3/87.3 MB 272.6 MB/s eta 0:00:00
Downloading ml_dtypes-0.6.0-cp312-cp312-manylinux_2_27_x86_64.manylinux_2_28_x86_64.whl (409 kB)
Downloading numpy-2.5.3-cp312-cp312-manylinux_2_27_x86_64.manylinux_2_28_x86_64.whl (16.7 MB)
   ━━━━━━━━━━━━━━━━━━━━━━━━━━━━━━━━━━━━━━━━ 16.7/16.7 MB 275.5 MB/s eta 0:00:00
Downloading scipy-1.18.1-cp312-cp312-manylinux_2_27_x86_64.manylinux_2_28_x86_64.whl (35.3 MB)
   ━━━━━━━━━━━━━━━━━━━━━━━━━━━━━━━━━━━━━━━━ 35.3/35.3 MB 276.8 MB/s eta 0:00:00
Downloading opt_einsum-3.4.0-py3-none-any.whl (71 kB)
Downloading requests-2.34.2-py3-none-any.whl (73 kB)
Downloading certifi-2026.7.22-py3-none-any.whl (136 kB)
Downloading charset_normalizer-3.5.1-cp312-cp312-manylinux2014_x86_64.manylinux_2_17_x86_64.manylinux_2_28_x86_64.whl (248 kB)
Downloading idna-3.19-py3-none-any.whl (68 kB)
Downloading urllib3-2.7.0-py3-none-any.whl (131 kB)
Installing collected packages: urllib3, opt_einsum, numpy, libtpu, idna, charset_normalizer, certifi, scipy, requests, ml_dtypes, jaxlib, jax
Successfully installed certifi-2026.7.22 charset_normalizer-3.5.1 idna-3.19 jax-0.11.0 jaxlib-0.11.0 libtpu-0.0.44 ml_dtypes-0.6.0 numpy-2.5.3 opt_einsum-3.4.0 requests-2.34.2 scipy-1.18.1 urllib3-2.7.0

[notice] A new release of pip is available: 25.0.1 -> 26.2.1
[notice] To update, run: python3.12 -m pip install --upgrade pip
ab32f8deaf1cdd171ebdb13a1922e8665a02cc67
DCN_VERSION_CHECK {'jax': '0.11.0', 'jaxlib': '0.11.0', 'libtpu': '0.0.44'}
WARNING: All log messages before absl::InitializeLog() is called are written to STDERR
I0000 00:00:1788936088.867142      44 gcs_file_system.cc:898] GCS cache max size = 0 ; block size = 67108864 ; max staleness = 0
I0000 00:00:1788936088.867180      44 ram_file_block_cache.h:65] GCS file block cache is disabled
I0000 00:00:1788936088.867187      44 gcs_file_system.cc:941] GCS DNS cache is disabled, because GCS_RESOLVE_REFRESH_SECS = 0 (or is not set)
I0000 00:00:1788936088.867189      44 gcs_file_system.cc:972] GCS additional header DISABLED. No environment variable set.
I0000 00:00:1788936088.867192      44 gcs_file_system.cc:343] GCS RetryConfig: init_delay_time_us = 1000000 ; max_delay_time_us = 32000000 ; max_retries = 10
I0000 00:00:1788936088.867195      44 gcs_file_system.cc:343] GCS RetryConfig: init_delay_time_us = 1000000 ; max_delay_time_us = 32000000 ; max_retries = 10
I0909 06:41:29.224058      44 grpc_credentials.cc:38] gRPC insecure server credentials are used.
ERROR: Accessing retired flag 'eventmanager2_as_default_eventmanager'
I0909 06:41:29.892794      44 b295d63588a.cc:792] Linux version 6.12.94+ (builder@b181c7a13d4c) (Chromium OS 17.0_pre498229-r33 clang version 17.0.0 (/mnt/host/source/src/third_party/llvm-project 14f0776550b5a49e1c42f49a00213f7f3fa047bf), LLD 17.0.0) #1 SMP Mon Jul 27 22:05:55 UTC 2026
I0909 06:41:29.893060      44 b295d63588a.cc:876] Process id 44
I0909 06:41:29.893075      44 b295d63588a.cc:882] Current working directory /jax-ai-image
I0909 06:41:29.893080      44 b295d63588a.cc:885] Current timezone is UTC (currently UTC +00:00)
I0909 06:41:29.893084      44 b295d63588a.cc:890] Built on Dec 31 1969 16:00:00 (0)
I0909 06:41:29.893085      44 b295d63588a.cc:891]  at redacted@redacted:.
I0909 06:41:29.893086      44 b295d63588a.cc:892]  as //learning/45eac/tfrc/executor:_libtpu.so.native
I0909 06:41:29.893087      44 b295d63588a.cc:893]  for gcc-4.X.Y-crosstool-v18-llvm-grtev4-k8.k8
I0909 06:41:29.893089      44 b295d63588a.cc:902] Build tool: redacted
I0909 06:41:29.893090      44 b295d63588a.cc:903] Build target: 
I0909 06:41:29.893097      44 b295d63588a.cc:911] Command line arguments:
I0909 06:41:29.893098      44 b295d63588a.cc:913] argv[0]: './tpu_driver'
I0909 06:41:29.893100      44 b295d63588a.cc:913] argv[1]: '--minloglevel=0'
I0909 06:41:29.893102      44 b295d63588a.cc:913] argv[2]: '--stderrthreshold=0'
I0909 06:41:29.893103      44 b295d63588a.cc:913] argv[3]: '--v=0'
I0909 06:41:29.893104      44 b295d63588a.cc:913] argv[4]: '--vmodule='
I0909 06:41:29.893106      44 b295d63588a.cc:913] argv[5]: '--log_dir=/tmp/tpu_logs/benchmark'
I0909 06:41:29.893107      44 b295d63588a.cc:913] argv[6]: '--max_log_size=1024'
I0909 06:41:29.893109      44 b295d63588a.cc:913] argv[7]: '--deepsea_hal_included_devs=3,0,1,2'
I0909 06:41:29.893110      44 b295d63588a.cc:913] argv[8]: '--megascale_transport_numa_node=0,1'
I0909 06:41:29.893111      44 b295d63588a.cc:913] argv[9]: '--next_pluggable_device_use_c_api=0'
I0909 06:41:29.893113      44 b295d63588a.cc:913] argv[10]: '--deepsea_wrap=false,false,false'
I0909 06:41:29.893115      44 b295d63588a.cc:913] argv[11]: '--deepsea_twist=false'
I0909 06:41:29.893116      44 b295d63588a.cc:913] argv[12]: '--deepsea_chip_config_name=default'
I0909 06:41:29.893117      44 b295d63588a.cc:913] argv[13]: '--deepsea_chips_per_host_bounds=2,2,1'
I0909 06:41:29.893119      44 b295d63588a.cc:913] argv[14]: '--deepsea_host_bounds=1,1,1'
I0909 06:41:29.893120      44 b295d63588a.cc:913] argv[15]: '--deepsea_slice_builder_worker_port=8471'
I0909 06:41:29.893121      44 b295d63588a.cc:913] argv[16]: '--deepsea_slice_builder_worker_addresses=dcn-p5-verbose-slice-0-0.dcn-p5-verbose:8471'
I0909 06:41:29.893123      44 b295d63588a.cc:913] argv[17]: '--tpu_slice_builder_dump_chip=false'
I0909 06:41:29.893124      44 b295d63588a.cc:913] argv[18]: '--tpu_slice_builder_dump_chip_force=false'
I0909 06:41:29.893126      44 b295d63588a.cc:913] argv[19]: '--tpu_slice_builder_dump_to_localhost=1'
I0909 06:41:29.893127      44 b295d63588a.cc:913] argv[20]: '--vbar_control_service_url=unix:///var/run/tpu-plugin/vbar.sock'
I0909 06:41:29.893129      44 b295d63588a.cc:913] argv[21]: '--bypass_vbar_control_service=0'
I0909 06:41:29.893130      44 b295d63588a.cc:913] argv[22]: '--deepsea_ici_resilient=false'
I0909 06:41:29.893131      44 b295d63588a.cc:913] argv[23]: '--xla_tpu_use_resilient_collective_emitter=false'
I0909 06:41:29.893133      44 b295d63588a.cc:913] argv[24]: '--tpu_slice_builder_topology_discovery_fault_injection='
I0909 06:41:29.893134      44 b295d63588a.cc:913] argv[25]: '--runtime_metric_service_port=8431'
I0909 06:41:29.893135      44 b295d63588a.cc:913] argv[26]: '--tpu_hbm_report_enable=1'
I0909 06:41:29.893137      44 b295d63588a.cc:913] argv[27]: '--tpu_hbm_report_frequency=5s'
I0909 06:41:29.893138      44 b295d63588a.cc:913] argv[28]: '--megascale_coordinator_address=dcn-p5-verbose-slice-0-0.dcn-p5-verbose:8081'
I0909 06:41:29.893139      44 b295d63588a.cc:913] argv[29]: '--megascale_slice_id=0'
I0909 06:41:29.893141      44 b295d63588a.cc:913] argv[30]: '--megascale_num_slices=2'
I0909 06:41:29.893142      44 b295d63588a.cc:913] argv[31]: '--megascale_transport_type=grpc'
I0909 06:41:29.893143      44 b295d63588a.cc:913] argv[32]: '--megascale_port=8081'
I0909 06:41:29.893144      44 b295d63588a.cc:913] argv[33]: '--megascale_use_insecure_grpc'
I0909 06:41:29.893146      44 b295d63588a.cc:913] argv[34]: '--megascale_grpc_use_chaotic_good=true'
I0909 06:41:29.893151      44 b295d63588a.cc:913] argv[35]: '--megascale_grpc_use_event_engine_allocator=true'
I0909 06:41:29.893153      44 b295d63588a.cc:913] argv[36]: '--grpc_enable_tcp_recv_zerocopy=false'
I0909 06:41:29.893154      44 b295d63588a.cc:913] argv[37]: '--grpc_enable_rpc_receive_coalescing=true'
I0909 06:41:29.893156      44 b295d63588a.cc:913] argv[38]: '--megascale_grpc_enable_numa_aware_transmit=true'
I0909 06:41:29.893157      44 b295d63588a.cc:913] argv[39]: '--megascale_grpc_use_numa_aware_event_engine=true'
I0909 06:41:29.893158      44 b295d63588a.cc:913] argv[40]: '--megascale_debug_port=8081'
I0909 06:41:29.893159      44 b295d63588a.cc:913] argv[41]: '--eventmanager2_as_default_eventmanager'
I0909 06:41:29.893161      44 b295d63588a.cc:913] argv[42]: '--eventmanager2_default_autosizer=mean_latency'
I0909 06:41:29.893162      44 b295d63588a.cc:913] argv[43]: '--megascale_grpc_enable_xor_tracer=true'
I0909 06:41:29.893163      44 b295d63588a.cc:913] argv[44]: '--xor_trace_sampling_period=100'
I0909 06:41:29.893165      44 b295d63588a.cc:913] argv[45]: '--rpc_transport_metrics_period=20'
I0909 06:41:29.893166      44 b295d63588a.cc:913] argv[46]: '--grpc_experiments=event_engine_client,chaotic_good_framing_layer,tcp_rcv_lowat,instrument_tcp_telemetry,event_engine_listener,use_call_event_engine_in_completion_queue'
I0909 06:41:29.893167      44 b295d63588a.cc:913] argv[47]: '--enable_runtime_uptime_telemetry=true'
I0909 06:41:29.893168      44 b295d63588a.cc:913] argv[48]: '--xla_tpu_use_megascale_host_reduction=false'
I0909 06:41:29.893170      44 b295d63588a.cc:913] argv[49]: '--megascale_enable_transport_instrumentation=true'
I0909 06:41:29.893171      44 b295d63588a.cc:913] argv[50]: '--xla_tpu_use_enhanced_launch_barrier=true'
I0909 06:41:29.893172      44 b295d63588a.cc:913] argv[51]: '--xla_tpu_prefer_async_allgather_to_allreduce=true'
I0909 06:41:29.893173      44 b295d63588a.cc:913] argv[52]: '--xla_tpu_data_parallel_opt_different_sized_ops=true'
I0909 06:41:29.893175      44 b295d63588a.cc:913] argv[53]: '--xla_tpu_enable_data_parallel_all_reduce_opt=true'
I0909 06:41:29.893176      44 b295d63588a.cc:913] argv[54]: '--megascale_coordinator_address=dcn-p5-verbose-slice-0-0.dcn-p5-verbose:8081'
I0909 06:41:29.893177      44 b295d63588a.cc:913] argv[55]: '--megascale_slice_id=0'
I0909 06:41:29.893179      44 b295d63588a.cc:913] argv[56]: '--megascale_num_slices=2'
I0909 06:41:29.893180      44 b295d63588a.cc:913] argv[57]: '--megascale_transport_type=grpc'
I0909 06:41:29.893181      44 b295d63588a.cc:913] argv[58]: '--megascale_port=8081'
I0909 06:41:29.893183      44 b295d63588a.cc:913] argv[59]: '--megascale_use_insecure_grpc'
I0909 06:41:29.893184      44 b295d63588a.cc:913] argv[60]: '--megascale_grpc_interface_prefixes=eth1,eth2,lo'
I0909 06:41:29.893365      44 init.cc:78] Remote crash gathering hook installed.
I0909 06:41:29.930055      44 tpu_runtime_type_flags.cc:78] --tpu_use_tfrt not specified. Using default value: true
I0909 06:41:29.930155      44 host_command_handler_factory.cc:31] Skipping registration of host command handler for opcode Log because it is not in the allowlist.
I0909 06:41:29.930177      44 tpu_hal.cc:467] Registered plugin from module: megascale_sync_flag_logger
I0909 06:41:29.932263      44 tpu_hal.cc:467] Registered plugin from module: RuntimeMetricHelper
E0909 06:41:29.932286      44 autosizer.cc:43] mean_latency is deprecated. Please remove this setting.
I0909 06:41:29.934589      44 logger.cc:308] Enabling threaded logging for severity WARNING
I0909 06:41:29.934618      44 tpu_hal.cc:467] Registered plugin from module: sdc_checker_callback
I0909 06:41:29.935100      44 mlock.cc:220] mlock()-ed 4096 bytes for BuildID, using 1 syscalls.
I0909 06:41:29.935153      44 debug_manager.cc:266] Registering error handler with name: libtpu_telemetry_handler
I0909 06:41:29.949988      44 singleton_tpu_states_manager.cc:86] TPU premapped buffer enabled. Size: 4294967296 Threshold: 4294967296 Partitions: 1
I0909 06:41:29.950004      44 singleton_tpu_states_manager.cc:110] TpuStatesManager::GetOrCreate(): no tpu system exists. Creating a new tpu system.
I0909 06:41:29.957526      44 device_util.cc:89] Found 4 TPU7x chips.
I0909 06:41:29.957545      44 tpu_version_flag.cc:77] Using auto-detected TPU version TPU7x
I0909 06:41:29.974138      44 tpu_chip_config.cc:367] Resolved chip config alias default->megachip for 6acc60406, 
I0909 06:41:29.974438      44 pending_event_logger.cc:1003] Enabling PjRt/TPU event dependency logging.
I0909 06:41:29.980057     419 flags_util.cc:316] Using 8471 from --deepsea_slice_builder_worker_port as SliceBuilder worker service port.
I0909 06:41:29.985279     419 tpu_network_factory.cc:67] Running in Cloud, using TpunetdClient
I0909 06:41:29.985300     419 tpunetd_client.cc:163] Creating TpunetdClient with topology go/debugstr   
x_dimension: 2
y_dimension: 2
z_dimension: 1
x_wrapping: false
y_wrapping: false
z_wrapping: false
I0909 06:41:29.993020     419 init-domain.cc:132] Fiber init: default domain = futex, concurrency = 246, prefix = futex-default
I0909 06:41:31.895003     425 async_driver.cc:485] [/dev/vfio/6 tpu657:pe0:3] vf_id:0 Driver opened.
I0909 06:41:31.937676     424 async_driver.cc:485] [/dev/vfio/2 tpu657:pe0:2] vf_id:0 Driver opened.
I0909 06:41:31.968325     423 async_driver.cc:485] [/dev/vfio/3 tpu657:pe0:1] vf_id:0 Driver opened.
I0909 06:41:31.979626     425 tpu_vxc_driver.cc:967] Throttled firmware queue size configured to 223(Firmware queue size: 256, leaving 32 for misc purposes).
I0909 06:41:31.993865     422 async_driver.cc:485] [/dev/vfio/4 tpu657:pe0:0] vf_id:0 Driver opened.
I0909 06:41:32.029183     424 tpu_vxc_driver.cc:967] Throttled firmware queue size configured to 223(Firmware queue size: 256, leaving 32 for misc purposes).
I0909 06:41:32.031732     421 futex.cc:71] RAW: Futex::Swap(): using GFUTEX_SWAP
I0909 06:41:32.040986     423 tpu_vxc_driver.cc:967] Throttled firmware queue size configured to 223(Firmware queue size: 256, leaving 32 for misc purposes).
I0909 06:41:32.048918     422 tpu_vxc_driver.cc:967] Throttled firmware queue size configured to 223(Firmware queue size: 256, leaving 32 for misc purposes).
I0909 06:41:32.051497     425 async_driver.cc:1843] All cores supported.
I0909 06:41:32.078123     424 async_driver.cc:1843] All cores supported.
I0909 06:41:32.078990     423 async_driver.cc:1843] All cores supported.
I0909 06:41:32.079710     422 async_driver.cc:1843] All cores supported.
I0909 06:41:32.079763     419 tpunetd_client.cc:338] Connecting to vbar control service at unix:///var/run/tpu-plugin/vbar.sock
I0909 06:41:32.079831     419 config.cc:265] gRPC experiments: instrument_tcp_telemetry:on, tcp_rcv_lowat:on, use_call_event_engine_in_completion_queue:on; default-enabled: buffer_list_deletion_prep, cache_loas_context_in_connection_context, call_tracer_send_initial_metadata_is_an_annotation, callv3_batch_validation, callv3_ef5bb7_client, callv3_ef5bb7_server, chaotic_good_framing_layer, chaotic_good_send_supported_features, custom_frame_check, directpath_rpc_header_sanitization_filter, ef5bb7_global_family_cache, event_engine_callback_cq, event_engine_client, event_engine_listener, header_data_frame, inproc_cancel_stream, message_size_refactoring, monitoring_experiment, optimization_01, optimization_02, optimization_03, optimization_04, ph2_perf_01, promise_batch_cleanup_on_cancel, promise_filter_send_cancel_metadata, psp_tsi_handshaker_shutdown, skip_clear_peer_on_cancellation, tsi_frame_protector_without_locks, v2_non_owning_waker_implementation, verbose_channelz_connection_logging, wildcard_ip_expansion_restriction, xds_server_filter_chain_per_route
I0909 06:41:32.100333     419 tpunetd_client.cc:289] Session manager starting a new session...
I0909 06:41:32.216193     419 vbar_control.cc:201] TPU backend connection test passed! 
I0909 06:41:32.436628     419 tpunetd_client.cc:291] Session manager started the new session.
I0909 06:41:32.436641     419 tpunetd_client.cc:295] Session master starting a new session...
I0909 06:41:32.436643     419 session_master.cc:263] Starting a new ICI network session...
I0909 06:41:32.436928     420 session_worker_service.cc:110] Session master notifies the worker in a new session: ba9c57dc9ddee381
I0909 06:41:32.548925     419 session_master.cc:307] Successfully started ICI network session with session id: ba9c57dc9ddee381
I0909 06:41:32.548968     419 tpunetd_client.cc:297] Session master started the new session.
I0909 06:41:32.553251     419 tpu_hal.cc:209] Starting premapped memory manager initialization...
W0909 06:41:32.556394     424 libtpu_telemetry_utils.cc:44] Metric already exists: hlo.execution.timing.distribution.microseconds
W0909 06:41:32.556398     423 libtpu_telemetry_utils.cc:44] Metric already exists: hlo.execution.timing.distribution.microseconds
W0909 06:41:32.556417     423 libtpu_telemetry_utils.cc:44] Metric already exists: hlo.queue.size.gauge
W0909 06:41:32.556411     424 libtpu_telemetry_utils.cc:44] Metric already exists: hlo.queue.size.gauge
W0909 06:41:32.556432     422 libtpu_telemetry_utils.cc:44] Metric already exists: hlo.execution.timing.distribution.microseconds
W0909 06:41:32.556445     422 libtpu_telemetry_utils.cc:44] Metric already exists: hlo.queue.size.gauge
W0909 06:41:32.557913     422 libtpu_telemetry_utils.cc:44] Metric already exists: hlo.execution.timing.distribution.microseconds
W0909 06:41:32.557929     422 libtpu_telemetry_utils.cc:44] Metric already exists: hlo.queue.size.gauge
W0909 06:41:32.557928     423 libtpu_telemetry_utils.cc:44] Metric already exists: hlo.execution.timing.distribution.microseconds
W0909 06:41:32.557945     423 libtpu_telemetry_utils.cc:44] Metric already exists: hlo.queue.size.gauge
W0909 06:41:32.557981     424 libtpu_telemetry_utils.cc:44] Metric already exists: hlo.execution.timing.distribution.microseconds
W0909 06:41:32.557995     424 libtpu_telemetry_utils.cc:44] Metric already exists: hlo.queue.size.gauge
W0909 06:41:32.558003     425 libtpu_telemetry_utils.cc:44] Metric already exists: hlo.execution.timing.distribution.microseconds
W0909 06:41:32.558022     425 libtpu_telemetry_utils.cc:44] Metric already exists: hlo.queue.size.gauge
I0909 06:41:35.036265     419 runtime_metric_service.cc:197] Successfully started Runtime Metric Service on port: 8431
I0909 06:41:35.036439     419 system.cc:1112] tpu::System initialized, current host id: 0, logical device ids: 0,1,2,3,4,5,6,7
I0909 06:41:35.036687      44 tpu_system_state.cc:224] CreateTpuSystemState: TPU initialization is successful and it took 5.062237769s
I0909 06:41:35.036707      44 tpu_system_state.cc:228] CreateTpuSystemState: using TPU host premapped buffer of size: 4294967296
I0909 06:41:35.036722      44 tpu_host_allocator.cc:68] Premapped buffer is using alignment 64
I0909 06:41:35.037296      44 tpu_linearizer.cc:104] Inflight linearization byte limit configured to : 1099511627776
I0909 06:41:35.037303      44 tpu_linearizer.cc:118] Inflight delinearization byte limit configured to : 1099511627776
I0909 06:41:35.037531     766 tpu_diagnostic_coordinator.cc:610] TpuDiagnosticCoordinator listening on socket /tmp/tpu_diag_trigger_44.socket (symlinked at /tmp/tpu_diag_latest.socket)
I0909 06:41:35.037694      44 allocator_stats_reporter.cc:117] Starting AllocatorStats Reporter with reporting interval: 5s
I0909 06:41:35.037722      44 megascale_context.cc:969] Using shared executor for compute since we are running on 6acc60406.
W0909 06:41:35.037728      44 impairments_service.cc:60] Resetting impairments.
I0909 06:41:35.037746      44 numa_utils.cc:43] Available NUMA node in this process: 0,1
E0909 06:41:35.037886      44 autosizer.cc:43] mean_latency is deprecated. Please remove this setting.
E0909 06:41:35.040302      44 autosizer.cc:43] mean_latency is deprecated. Please remove this setting.
I0909 06:41:35.042626      44 flags.cc:231] The actual send_rpc_timeout is set to: 45s. Adjusted from the original send_rpc_timeout: 45s, graph_hang_threshold: 5m, graph_within_launch_hang_threshold: 1m
I0909 06:41:35.042643      44 numa_aware_allocator.cc:60] Creating numa aware allocators, number of NUMA nodes is 2
I0909 06:41:35.042647      44 numa_aware_allocator.cc:63] Creating numa aware allocator for NUMA nodes 0
I0909 06:41:35.042671      44 communication_backend.cc:300] Done allocating premapped memory of size 17179869184 bytes in 22.006us
I0909 06:41:35.042676      44 numa_aware_allocator.cc:76] Binding memory address 0x7daef7fff000 with NUMA node mask 1
I0909 06:41:47.477436      44 communication_backend.cc:310] Done premapping memory of size 17179869184 bytes in 12.433948203s
I0909 06:41:47.477474      44 numa_aware_allocator.cc:63] Creating numa aware allocator for NUMA nodes 1
I0909 06:41:47.477498      44 communication_backend.cc:300] Done allocating premapped memory of size 17179869184 bytes in 18.82us
I0909 06:41:47.477502      44 numa_aware_allocator.cc:76] Binding memory address 0x7daaf7ffd000 with NUMA node mask 2
I0909 06:42:00.394498      44 communication_backend.cc:310] Done premapping memory of size 17179869184 bytes in 12.916011874s
I0909 06:42:00.394536      44 communication_backend.cc:375] Preallocated 17179869184 bytes with Megascale allocator.
I0909 06:42:00.394560      44 eigen_compute_engine.cc:333] Creating EigenComputeEngine with options: {executor = 0x5d2809a3ac30, force_use_shared_executor = true, num_cores_per_device = 16}
I0909 06:42:00.394775     688 communication_backend.cc:1179] Initializing MegaScale transport.
E0909 06:42:00.394839     688 autosizer.cc:43] mean_latency is deprecated. Please remove this setting.
E0909 06:42:00.394915      44 autosizer.cc:43] mean_latency is deprecated. Please remove this setting.
E0909 06:42:00.398481     688 autosizer.cc:43] mean_latency is deprecated. Please remove this setting.
E0909 06:42:00.399332      44 autosizer.cc:43] mean_latency is deprecated. Please remove this setting.
E0909 06:42:00.400864     688 autosizer.cc:43] mean_latency is deprecated. Please remove this setting.
I0909 06:42:00.424410     688 grpc_transport.cc:2407] Create GrpcTransport with LIBTPU_ON_GCE.
I0909 06:42:00.424463     688 transport.cc:862] Using IP addresses for interface discovery.
I0909 06:42:00.424466     688 transport.cc:757] Could not read interface to NUMA node map from env variables, falling back to reading from file system.
I0909 06:42:00.424600     688 transport.cc:723] Could not read filename /sys/class/net/cilium_host/device/numa_node with status Stat failed for /sys/class/net/cilium_host/device/numa_node: No such file or directory
I0909 06:42:00.424613     688 transport.cc:723] Could not read filename /sys/class/net/cilium_net/device/numa_node with status Stat failed for /sys/class/net/cilium_net/device/numa_node: No such file or directory
I0909 06:42:00.424620     688 transport.cc:723] Could not read filename /sys/class/net/docker0/device/numa_node with status Stat failed for /sys/class/net/docker0/device/numa_node: No such file or directory
E0909 06:42:00.424625      44 autosizer.cc:43] mean_latency is deprecated. Please remove this setting.
I0909 06:42:00.425029     688 transport.cc:723] Could not read filename /sys/class/net/lo/device/numa_node with status Stat failed for /sys/class/net/lo/device/numa_node: No such file or directory
I0909 06:42:00.425041     688 transport.cc:723] Could not read filename /sys/class/net/lxc24139f804dfe/device/numa_node with status Stat failed for /sys/class/net/lxc24139f804dfe/device/numa_node: No such file or directory
I0909 06:42:00.425048     688 transport.cc:723] Could not read filename /sys/class/net/lxc2a01d986850c/device/numa_node with status Stat failed for /sys/class/net/lxc2a01d986850c/device/numa_node: No such file or directory
I0909 06:42:00.425057     688 transport.cc:723] Could not read filename /sys/class/net/lxc4aea7d2c7fcb/device/numa_node with status Stat failed for /sys/class/net/lxc4aea7d2c7fcb/device/numa_node: No such file or directory
I0909 06:42:00.425065     688 transport.cc:723] Could not read filename /sys/class/net/lxcc0a8ef4be915/device/numa_node with status Stat failed for /sys/class/net/lxcc0a8ef4be915/device/numa_node: No such file or directory
I0909 06:42:00.425074     688 transport.cc:723] Could not read filename /sys/class/net/lxcde9de6c6fd2b/device/numa_node with status Stat failed for /sys/class/net/lxcde9de6c6fd2b/device/numa_node: No such file or directory
I0909 06:42:00.425076     688 transport.cc:734] Interfaces on available NUMA nodes: [{"eth2", 1}, {"eth0", 0}, {"eth1", 0}]
I0909 06:42:00.425100     688 transport.cc:761] Interfaces corresponding to process' NUMA nodes: [[{"eth0", 0}, {"eth1", 0}, {"eth2", 1}]]
I0909 06:42:00.425978     688 transport.cc:773] Interface eth0 will not be used as it does not start with one of the prefixes: eth1,eth2,lo
I0909 06:42:00.425989     688 transport.cc:773] Interface docker0 will not be used as it does not start with one of the prefixes: eth1,eth2,lo
I0909 06:42:00.425991     688 transport.cc:773] Interface lxc2a01d986850c will not be used as it does not start with one of the prefixes: eth1,eth2,lo
I0909 06:42:00.425993     688 transport.cc:773] Interface cilium_net will not be used as it does not start with one of the prefixes: eth1,eth2,lo
I0909 06:42:00.425995     688 transport.cc:773] Interface cilium_host will not be used as it does not start with one of the prefixes: eth1,eth2,lo
I0909 06:42:00.425997     688 transport.cc:773] Interface lxc24139f804dfe will not be used as it does not start with one of the prefixes: eth1,eth2,lo
I0909 06:42:00.425998     688 transport.cc:773] Interface lxcde9de6c6fd2b will not be used as it does not start with one of the prefixes: eth1,eth2,lo
I0909 06:42:00.426000     688 transport.cc:773] Interface lxcc0a8ef4be915 will not be used as it does not start with one of the prefixes: eth1,eth2,lo
I0909 06:42:00.426003     688 transport.cc:773] Interface lxc4aea7d2c7fcb will not be used as it does not start with one of the prefixes: eth1,eth2,lo
I0909 06:42:00.426006     688 transport.cc:773] Interface eth0 will not be used as it does not start with one of the prefixes: eth1,eth2,lo
I0909 06:42:00.426065     688 transport.cc:819] Added IP address 10.240.96.5:8081 on network interface eth1
I0909 06:42:00.426071     688 transport.cc:819] Added IP address 10.240.48.5:8081 on network interface eth2
I0909 06:42:00.426073     688 transport.cc:773] Interface docker0 will not be used as it does not start with one of the prefixes: eth1,eth2,lo
I0909 06:42:00.426075     688 transport.cc:773] Interface lxc2a01d986850c will not be used as it does not start with one of the prefixes: eth1,eth2,lo
I0909 06:42:00.426077     688 transport.cc:773] Interface cilium_host will not be used as it does not start with one of the prefixes: eth1,eth2,lo
I0909 06:42:00.426079     688 transport.cc:773] Interface lxc24139f804dfe will not be used as it does not start with one of the prefixes: eth1,eth2,lo
I0909 06:42:00.426080     688 transport.cc:773] Interface lxcde9de6c6fd2b will not be used as it does not start with one of the prefixes: eth1,eth2,lo
I0909 06:42:00.426082     688 transport.cc:773] Interface lxcc0a8ef4be915 will not be used as it does not start with one of the prefixes: eth1,eth2,lo
I0909 06:42:00.426084     688 transport.cc:773] Interface lxc4aea7d2c7fcb will not be used as it does not start with one of the prefixes: eth1,eth2,lo
I0909 06:42:00.426086     688 transport.cc:773] Interface eth0 will not be used as it does not start with one of the prefixes: eth1,eth2,lo
I0909 06:42:00.426089     688 transport.cc:773] Interface lxc2a01d986850c will not be used as it does not start with one of the prefixes: eth1,eth2,lo
I0909 06:42:00.426091     688 transport.cc:773] Interface cilium_net will not be used as it does not start with one of the prefixes: eth1,eth2,lo
I0909 06:42:00.426093     688 transport.cc:773] Interface cilium_host will not be used as it does not start with one of the prefixes: eth1,eth2,lo
I0909 06:42:00.426095     688 transport.cc:773] Interface lxc24139f804dfe will not be used as it does not start with one of the prefixes: eth1,eth2,lo
I0909 06:42:00.426097     688 transport.cc:773] Interface lxcde9de6c6fd2b will not be used as it does not start with one of the prefixes: eth1,eth2,lo
I0909 06:42:00.426099     688 transport.cc:773] Interface lxcc0a8ef4be915 will not be used as it does not start with one of the prefixes: eth1,eth2,lo
I0909 06:42:00.426101     688 transport.cc:773] Interface lxc4aea7d2c7fcb will not be used as it does not start with one of the prefixes: eth1,eth2,lo
I0909 06:42:00.426111     688 grpc_transport.cc:2332] Creating gRPC server on: 10.240.96.5:8081eth1
I0909 06:42:00.426126     688 grpc_transport.cc:2348] Creating gRPC server with event engine allocator (chaotic good).
I0909 06:42:00.426138     688 grpc_transport.cc:2365] Starting gRPC server on: 10.240.96.5:8081
I0909 06:42:00.426966     688 grpc_transport.cc:2332] Creating gRPC server on: 10.240.48.5:8081eth2
I0909 06:42:00.426996     688 grpc_transport.cc:2348] Creating gRPC server with event engine allocator (chaotic good).
I0909 06:42:00.427003     688 grpc_transport.cc:2365] Starting gRPC server on: 10.240.48.5:8081
I0909 06:42:00.427345     688 communication_backend.cc:1290] MegaScale transport initialized.
I0909 06:42:00.427361     688 communication_backend.cc:1489] MegaScale transport init succeeded.
E0909 06:42:00.427671      44 autosizer.cc:43] mean_latency is deprecated. Please remove this setting.
E0909 06:42:00.429922      44 autosizer.cc:43] mean_latency is deprecated. Please remove this setting.
E0909 06:42:00.432676      44 autosizer.cc:43] mean_latency is deprecated. Please remove this setting.
I0909 06:42:00.435027      44 debug_service_impl.cc:185] Starting Megascale Debug Server
I0909 06:42:00.435391      44 topology_coordinator.cc:57] Megascale Topology Coordinator started for 2 slices
I0909 06:42:00.435413      44 transport.cc:862] Using IP addresses for interface discovery.
I0909 06:42:00.435416      44 transport.cc:757] Could not read interface to NUMA node map from env variables, falling back to reading from file system.
I0909 06:42:00.435418      44 transport.cc:761] Interfaces corresponding to process' NUMA nodes: [[{"eth2", 1}, {"eth0", 0}, {"eth1", 0}]]
I0909 06:42:00.435824      44 transport.cc:773] Interface eth0 will not be used as it does not start with one of the prefixes: eth1,eth2,lo
I0909 06:42:00.435832      44 transport.cc:773] Interface docker0 will not be used as it does not start with one of the prefixes: eth1,eth2,lo
I0909 06:42:00.435834      44 transport.cc:773] Interface lxc2a01d986850c will not be used as it does not start with one of the prefixes: eth1,eth2,lo
I0909 06:42:00.435836      44 transport.cc:773] Interface cilium_net will not be used as it does not start with one of the prefixes: eth1,eth2,lo
I0909 06:42:00.435837      44 transport.cc:773] Interface cilium_host will not be used as it does not start with one of the prefixes: eth1,eth2,lo
I0909 06:42:00.435838      44 transport.cc:773] Interface lxc24139f804dfe will not be used as it does not start with one of the prefixes: eth1,eth2,lo
I0909 06:42:00.435840      44 transport.cc:773] Interface lxcde9de6c6fd2b will not be used as it does not start with one of the prefixes: eth1,eth2,lo
I0909 06:42:00.435841      44 transport.cc:773] Interface lxcc0a8ef4be915 will not be used as it does not start with one of the prefixes: eth1,eth2,lo
I0909 06:42:00.435842      44 transport.cc:773] Interface lxc4aea7d2c7fcb will not be used as it does not start with one of the prefixes: eth1,eth2,lo
I0909 06:42:00.435845      44 transport.cc:773] Interface eth0 will not be used as it does not start with one of the prefixes: eth1,eth2,lo
I0909 06:42:00.435850      44 transport.cc:819] Added IP address 10.240.96.5:8081 on network interface eth1
I0909 06:42:00.435855      44 transport.cc:819] Added IP address 10.240.48.5:8081 on network interface eth2
I0909 06:42:00.435856      44 transport.cc:773] Interface docker0 will not be used as it does not start with one of the prefixes: eth1,eth2,lo
I0909 06:42:00.435858      44 transport.cc:773] Interface lxc2a01d986850c will not be used as it does not start with one of the prefixes: eth1,eth2,lo
I0909 06:42:00.435859      44 transport.cc:773] Interface cilium_host will not be used as it does not start with one of the prefixes: eth1,eth2,lo
I0909 06:42:00.435861      44 transport.cc:773] Interface lxc24139f804dfe will not be used as it does not start with one of the prefixes: eth1,eth2,lo
I0909 06:42:00.435862      44 transport.cc:773] Interface lxcde9de6c6fd2b will not be used as it does not start with one of the prefixes: eth1,eth2,lo
I0909 06:42:00.435864      44 transport.cc:773] Interface lxcc0a8ef4be915 will not be used as it does not start with one of the prefixes: eth1,eth2,lo
I0909 06:42:00.435866      44 transport.cc:773] Interface lxc4aea7d2c7fcb will not be used as it does not start with one of the prefixes: eth1,eth2,lo
I0909 06:42:00.435868      44 transport.cc:773] Interface eth0 will not be used as it does not start with one of the prefixes: eth1,eth2,lo
I0909 06:42:00.435870      44 transport.cc:773] Interface lxc2a01d986850c will not be used as it does not start with one of the prefixes: eth1,eth2,lo
I0909 06:42:00.435872      44 transport.cc:773] Interface cilium_net will not be used as it does not start with one of the prefixes: eth1,eth2,lo
I0909 06:42:00.435873      44 transport.cc:773] Interface cilium_host will not be used as it does not start with one of the prefixes: eth1,eth2,lo
I0909 06:42:00.435875      44 transport.cc:773] Interface lxc24139f804dfe will not be used as it does not start with one of the prefixes: eth1,eth2,lo
I0909 06:42:00.435877      44 transport.cc:773] Interface lxcde9de6c6fd2b will not be used as it does not start with one of the prefixes: eth1,eth2,lo
I0909 06:42:00.435879      44 transport.cc:773] Interface lxcc0a8ef4be915 will not be used as it does not start with one of the prefixes: eth1,eth2,lo
I0909 06:42:00.435880      44 transport.cc:773] Interface lxc4aea7d2c7fcb will not be used as it does not start with one of the prefixes: eth1,eth2,lo
I0909 06:42:00.435886      44 communication_backend.cc:984] Sending topology discovery request: go/debugstr   
address_mapping {
  addresses {
    address: "10.240.96.5:8081"
    interface_name: "eth1"
    host_name_for_debugging: "gke-tpu-edbc8be2-nqp0"
  }
  addresses {
    address: "10.240.48.5:8081"
    interface_name: "eth2"
    host_name_for_debugging: "gke-tpu-edbc8be2-nqp0"
    numa_node: 1
  }
  incarnation_id: 1069019722244904915
}
tpu_topology_args {
  version: TPU_VERSION_6acc60406
  platform_type: TPU_PLATFORM_TYPE_HARDWARE
  chip_config_name: "default"
  chips_per_host_bounds {
    x: 2
    y: 2
    z: 1
  }
  host_bounds {
    x: 1
    y: 1
    z: 1
  }
  wrap {
  }
  enhanced_barrier_enabled: true
  use_continuations: true
  routing_strategy: ROUTING_MESH
}
incarnation_id: 1069019722244904915
I0909 06:42:00.436168      44 grpc_transport.cc:2220] Creating client for slice 0 host 0
I0909 06:42:00.436182      44 grpc_transport.cc:2203] Using default interface. Available interfaces: [eth1,eth2]. Server information: go/debugstr   
address: "dcn-p5-verbose-slice-0-0.dcn-p5-verbose:8081"
I0909 06:42:00.436272      44 grpc_transport.cc:2278] Created 1 channels for 1 interfaces on slice 0 host 0.
 Load balancing policy: Dynamic lb: max_outstanding_bytes (8388608).
I0909 06:42:00.437163     866 cachednslookup.cc:391] TTL not found in response, not caching response
I0909 06:42:00.440390     859 tpu_chip_config.cc:367] Resolved chip config alias default->megachip for 6acc60406, 
I0909 06:42:01.187079     859 tpu_chip_config.cc:367] Resolved chip config alias default->megachip for 6acc60406, 
I0909 06:42:01.187234     859 topology_coordinator.cc:325] MegaScale Topology Discovery completed.
I0909 06:42:01.187477      44 communication_backend.cc:1002] Received topology discovery response: go/debugstr   
slice_info {
  tpu_topology_args {
    version: TPU_VERSION_6acc60406
    platform_type: TPU_PLATFORM_TYPE_HARDWARE
    chip_config_name: "default"
    chips_per_host_bounds {
      x: 2
      y: 2
      z: 1
    }
    host_bounds {
      x: 1
      y: 1
      z: 1
    }
    wrap {
    }
    enhanced_barrier_enabled: true
    use_continuations: true
    routing_strategy: ROUTING_MESH
  }
}
slice_info {
  slice_id: 1
  tpu_topology_args {
    version: TPU_VERSION_6acc60406
    platform_type: TPU_PLATFORM_TYPE_HARDWARE
    chip_config_name: "default"
    chips_per_host_bounds {
      x: 2
      y: 2
      z: 1
    }
    host_bounds {
      x: 1
      y: 1
      z: 1
    }
    wrap {
    }
    enhanced_barrier_enabled: true
    use_continuations: true
    routing_strategy: ROUTING_MESH
  }
}
address_mappings {
  addresses {
    address: "10.240.96.5:8081"
    interface_name: "eth1"
    host_name_for_debugging: "gke-tpu-edbc8be2-nqp0"
  }
  addresses {
    address: "10.240.48.5:8081"
    interface_name: "eth2"
    host_name_for_debugging: "gke-tpu-edbc8be2-nqp0"
    numa_node: 1
  }
  incarnation_id: 1069019722244904915
}
address_mappings {
  slice_id: 1
  addresses {
    address: "10.240.96.17:8081"
    interface_name: "eth1"
    host_name_for_debugging: "gke-tpu-edbc8be2-jkvn"
  }
  addresses {
    address: "10.240.48.17:8081"
    interface_name: "eth2"
    host_name_for_debugging: "gke-tpu-edbc8be2-jkvn"
    numa_node: 1
  }
  incarnation_id: 8032082764660267886
}
incarnation_id: 1069019722244904915
I0909 06:42:01.187580      44 debug_manager.cc:266] Registering error handler with name: default_handler
I0909 06:42:01.187587      44 megascale_context.cc:571] Using DCN topology: go/debugstr   
I0909 06:42:01.187616      44 tpu_chip_config.cc:367] Resolved chip config alias default->megachip for 6acc60406, 
DCN_MULTISLICE_PREFLIGHT {"global_device_count": 16, "local_device_count": 8, "process_count": 2, "process_id": 0, "slice_counts": {"0": 8, "1": 8}}
W0909 06:42:01.189716     979 pjrt_client.h:601] UpdateGlobalProcessInfo is not supported.
I0909 06:42:01.234916      44 dump.cc:725] HloModule dump enabled with path prefix: , suffix: before_optimizations
W0909 06:42:01.239916     981 tpu_spmd_partitioner.cc:460] Collective matmul V1 is enabled. Please consider migrating to V2 since V1 will be deprecated soon. You can enable V2 by setting xla_tpu_all_gather_collective_matmul_mode=post_spmd and xla_tpu_reduce_scatter_collective_matmul_mode=post_spmd.
I0909 06:42:01.246785      44 deepsea_compiler_hlo_passes.cc:6406] xla_tpu_impure_hlo_parallel_compile is DISABLED. jit__identity_fn
I0909 06:42:01.249233      44 latency_hiding_scheduler.cc:4420] [latency-hiding-scheduler] LatencyHidingScheduler current memory usage: 73792 bytes. Current limit: 96638113587
I0909 06:42:01.249567      44 tpu_plumb_vmem_info.cc:677] scavenging_mode: 3 for module: jit__identity_fn
I0909 06:42:01.265720      44 deepsea_compiler_hlo_passes.cc:6735] HLO_PASSES stage duration: 27.53544ms
I0909 06:42:01.440777     763 topology_coordinator.cc:173] MegaScale Topology Discovery completed.
I0909 06:42:01.443295     763 tpu_chip_config.cc:367] Resolved chip config alias default->megachip for 6acc60406, 
I0909 06:42:01.443525     763 tpu_chip_config.cc:367] Resolved chip config alias default->megachip for 6acc60406, 
I0909 06:42:01.443732     763 memory_space_assignment_util.cc:577] MSA Vmem breakdown: default scoped vmem (from flag): 33554432; does_msa_directly_allocate_scoped_vmem: T; bytes_for_msa_to_allocate: 67043328
I0909 06:42:01.457198    1230 deepsea_compiler_base.cc:4279] BACKEND_PASSES stage duration: 14.30661475ms
I0909 06:42:01.458937     801 grpc_transport.cc:1414] [MEGASCALE_TRANSPORT_INSTR] Recv: key=all-gather_0_ag_0_sr_1_2|s200002->100002d|$c0$l-1814605684^i0 size=0 is_single_chunk=true is_aligned=true memcpy_needed=false
I0909 06:42:01.466093    1230 deepsea_compiler_backend.cc:1480] CODE_GENERATION stage duration: 8.80446475ms
I0909 06:42:01.466365    1230 isa_program_util_common.cc:373] (HLO module jit__identity_fn): Executable fingerprint:67556b1dd123307c8bb711c0434fbfac86eab215225618a5f838c0c427d4c3c2
I0909 06:42:01.466369    1230 isa_program_util_common.cc:377] (HLO module jit__identity_fn): Executable fingerprint (including data segments):c43bcc07663f8b538de614a22f9271d5656acd0e5f70af981aecc6805c64d3fd
I0909 06:42:01.466371    1230 isa_program_util_common.cc:380] (HLO module jit__identity_fn): Host transfer fingerprint:e6674013302fbdec09a2c7c89a12b340e612c48cc4b68dbb5d7ca9c5a25bab54
I0909 06:42:01.466625      44 deepsea_compiler_base.cc:1055] END_TO_END stage duration: 231.87850575ms
I0909 06:42:01.466638      44 deepsea_compiler_base.cc:1056] Note that END_TO_END duration also includes time outside of HLO_PASSES, BACKEND_PASSES, and CODE_GENERATION
I0909 06:42:01.467347      44 megascale_context.cc:517] MegaScale DCNTopology fingerprint for: jit__identity_fn : 1688352644216761960 DevicesHash: 11843567257950195766 Topology: go/debugstr  
I0909 06:42:01.467386      44 graph_builder.cc:257] Shapes to compress: [""]
I0909 06:42:01.467391      44 graph_builder.cc:259] Prefixes to compress: [""]
I0909 06:42:01.467424      44 graph_builder.cc:2912] Using MXLA graph seed: all-gather_0
I0909 06:42:01.467564      44 host_command_scheduler_factory.cc:1312] Created a HostCommandScheduler with 18 rules for module jit__identity_fn HostTransfers Fingerprint: 3701741969770116811.
I0909 06:42:01.467575      44 megascale_context.cc:686] MegaScale ExecutableContext created for module: jit__identity_fn with DCN topology: go/debugstr   
I0909 06:42:01.468734     780 communication_backend.cc:625] Created communicator. Hostname: gke-tpu-edbc8be2-nqp0 Slice ID: 0 Host ID: 0 NumSlices: 2 Device IDs: 0,1,2,3,4,5,6,7
I0909 06:42:01.469972     962 grpc_transport.cc:2220] Creating client for slice 1 host 0
I0909 06:42:01.470001     962 grpc_transport.cc:2200] Sending to 10.240.96.17:8081 on interface: eth1
I0909 06:42:01.470092     962 grpc_transport.cc:2200] Sending to 10.240.48.17:8081 on interface: eth2
I0909 06:42:01.470130     962 grpc_transport.cc:2278] Created 2 channels for 2 interfaces on slice 1 host 0.
 Load balancing policy: Dynamic lb: max_outstanding_bytes (8388608).
I0909 06:42:01.470174     801 grpc_transport.cc:1743] [MEGASCALE_TRANSPORT_INSTR] SendRpc: key=all-gather_0_ag_0_sr_0_1|s100006->200006d|$c0$l-1814605684^i0 size=32768 queue_latency_us=0 attempt=0
I0909 06:42:01.493713      44 deepsea_compiler_hlo_passes.cc:6623] XLA::TPU running hlo passes for 21 instructions, module: jit__lambda
I0909 06:42:01.493724      44 deepsea_compiler_hlo_passes.cc:6668] Initial HLO module: jit__lambda instructions: 21 fingerprint: 
I0909 06:42:01.493990      44 deepsea_compiler_hlo_passes.cc:6526] HLO optimizing module: jit__lambda instructions: 19
I0909 06:42:01.493995      44 deepsea_compiler_hlo_passes.cc:6539] XLA::TPU HLO optimization
W0909 06:42:01.494595    1266 tpu_spmd_partitioner.cc:460] Collective matmul V1 is enabled. Please consider migrating to V2 since V1 will be deprecated soon. You can enable V2 by setting xla_tpu_all_gather_collective_matmul_mode=post_spmd and xla_tpu_reduce_scatter_collective_matmul_mode=post_spmd.
I0909 06:42:01.502733      44 deepsea_compiler_hlo_passes.cc:6406] xla_tpu_impure_hlo_parallel_compile is DISABLED. jit__lambda
I0909 06:42:01.505206      44 deepsea_compiler_hlo_passes.cc:5472] XLA::TPU HLO PostOptimizationPipeline
I0909 06:42:01.506556      44 latency_hiding_scheduler.cc:4420] [latency-hiding-scheduler] LatencyHidingScheduler current memory usage: 41024 bytes. Current limit: 96637751091
I0909 06:42:01.507149      44 tpu_plumb_vmem_info.cc:677] scavenging_mode: 3 for module: jit__lambda
I0909 06:42:01.507722      44 deepsea_compiler_hlo_passes.cc:6735] HLO_PASSES stage duration: 13.9981605ms
I0909 06:42:01.508787     763 tpu_chip_config.cc:367] Resolved chip config alias default->megachip for 6acc60406, 
I0909 06:42:01.508944     763 tpu_chip_config.cc:367] Resolved chip config alias default->megachip for 6acc60406, 
I0909 06:42:01.509114     763 memory_space_assignment_util.cc:577] MSA Vmem breakdown: default scoped vmem (from flag): 33554432; does_msa_directly_allocate_scoped_vmem: T; bytes_for_msa_to_allocate: 67043328
I0909 06:42:01.527767    1270 deepsea_compiler_base.cc:4279] BACKEND_PASSES stage duration: 19.4899485ms
I0909 06:42:01.530378    1270 deepsea_compiler_backend.cc:1784] final program bundle count: 788 note this count does not reflect cycles spent executing delays.
I0909 06:42:01.535575    1270 deepsea_compiler_backend.cc:1980] Program divided into 2 overlays without HLO functions (90.5K).
I0909 06:42:01.535641    1270 deepsea_compiler_backend.cc:2150] XLA::TPU module name: jit__lambda
I0909 06:42:01.535645    1270 deepsea_compiler_backend.cc:2152] XLA::TPU program HBM usage: 266.5K / 94.74G
I0909 06:42:01.535647    1270 deepsea_compiler_backend.cc:2159] Note that --xla_tpu_max_hbm_size_mib is not specified. This means that the compiler may use up all available HBM, possibly prioritizing other metrics (latency, compile-time, ..) over memory usage. To reduce memory usage, set --xla_tpu_max_hbm_size_mib to a smaller value.
I0909 06:42:01.535649    1270 deepsea_compiler_backend.cc:2193] XLA::TPU program VMEM usage: 32.00M / 64.00M
I0909 06:42:01.535656    1270 deepsea_compiler_backend.cc:2204] Total hbm usage >= 268.28M:
    reserved        268.00M 
    program          266.5K 
    arguments         16.0K 

Output size 512B; shares 0B with arguments.

Total host usage >= 0B:
    reserved             0B 
    program         unknown size 
    arguments            0B 

Output size 0B; shares 0B with arguments.

I0909 06:42:01.535667    1270 deepsea_compiler_backend.cc:2208] Program sflag requirement 228B:
    reserved           204B
    scoped              16B
    HLO temp             8B (100.0% utilization: Unpadded (8B) Padded (8B), 0.0% fragmentation (0B))
Program sparse_core_sequencer_sflag requirement 36B:
    reserved            36B
Program sparse_core_tile_sflag requirement 4B:
    reserved             4B
Program sparse_core_sequencer_smem requirement 64B:
    reserved            64B
Program sparse_core_tile_smem requirement 0B:
Program hbm requirement 266.5K:
    HLO temp         176.0K (100.0% utilization: Unpadded (24.3K) Padded (24.3K), 86.2% fragmentation (151.7K))
    overlays          90.5K
Program vmem requirement 32.00M:
    HLO temp         32.00M (0.0% utilization: Unpadded (0B) Padded (0B), 100.0% fragmentation (32.00M))
Program smem requirement 36B:
    global               4B
    scoped              32B
Program host requirement 0B:
I0909 06:42:01.535669    1270 deepsea_compiler_backend.cc:2216] XLA::TPU program SMEM usage: 1.9K / 1.00M (1 parameters)
I0909 06:42:01.535752    1270 deepsea_compiler_backend.cc:1480] CODE_GENERATION stage duration: 7.9272055ms
I0909 06:42:01.536048    1270 isa_program_util_common.cc:373] (HLO module jit__lambda): Executable fingerprint:6a126cddbd2c7a63446e46d5dcaf750209d6c974ec79e4080fdc4ca9886f81e4
I0909 06:42:01.536050    1270 isa_program_util_common.cc:377] (HLO module jit__lambda): Executable fingerprint (including data segments):12c0715cab49b82f1e3ea1846957d5d3523547d5bf3cc57bcf82f0517b7a92e8
I0909 06:42:01.536051    1270 isa_program_util_common.cc:380] (HLO module jit__lambda): Host transfer fingerprint:2b9801a161c74c27631ae5e0b6d660abd73031d7eba34a0a6e10fff8dfd2f3ae
I0909 06:42:01.536253      44 deepsea_compiler_base.cc:1055] END_TO_END stage duration: 44.9032855ms
I0909 06:42:01.536268      44 deepsea_compiler_base.cc:1056] Note that END_TO_END duration also includes time outside of HLO_PASSES, BACKEND_PASSES, and CODE_GENERATION
I0909 06:42:01.536901      44 megascale_context.cc:517] MegaScale DCNTopology fingerprint for: jit__lambda : 1688352644216761960 DevicesHash: 8081921339993277715 Topology: go/debugstr  
I0909 06:42:01.537209      44 host_command_scheduler_factory.cc:1312] Created a HostCommandScheduler with 54 rules for module jit__lambda HostTransfers Fingerprint: 12151718319723310994.
I0909 06:42:01.537232      44 megascale_context.cc:686] MegaScale ExecutableContext created for module: jit__lambda with DCN topology: go/debugstr   
I0909 06:42:01.569067      44 deepsea_compiler_hlo_passes.cc:6623] XLA::TPU running hlo passes for 19 instructions, module: jit__lambda
I0909 06:42:01.569076      44 deepsea_compiler_hlo_passes.cc:6668] Initial HLO module: jit__lambda instructions: 19 fingerprint: 
I0909 06:42:01.569282      44 deepsea_compiler_hlo_passes.cc:6526] HLO optimizing module: jit__lambda instructions: 17
I0909 06:42:01.569287      44 deepsea_compiler_hlo_passes.cc:6539] XLA::TPU HLO optimization
W0909 06:42:01.569783    1279 tpu_spmd_partitioner.cc:460] Collective matmul V1 is enabled. Please consider migrating to V2 since V1 will be deprecated soon. You can enable V2 by setting xla_tpu_all_gather_collective_matmul_mode=post_spmd and xla_tpu_reduce_scatter_collective_matmul_mode=post_spmd.
I0909 06:42:01.575482      44 deepsea_compiler_hlo_passes.cc:6406] xla_tpu_impure_hlo_parallel_compile is DISABLED. jit__lambda
I0909 06:42:01.577476      44 deepsea_compiler_hlo_passes.cc:5472] XLA::TPU HLO PostOptimizationPipeline
I0909 06:42:01.578444      44 latency_hiding_scheduler.cc:4420] [latency-hiding-scheduler] LatencyHidingScheduler current memory usage: 24640 bytes. Current limit: 96637894451
I0909 06:42:01.578925      44 tpu_plumb_vmem_info.cc:677] scavenging_mode: 3 for module: jit__lambda
I0909 06:42:01.579474      44 deepsea_compiler_hlo_passes.cc:6735] HLO_PASSES stage duration: 10.39800125ms
I0909 06:42:01.580632     763 tpu_chip_config.cc:367] Resolved chip config alias default->megachip for 6acc60406, 
I0909 06:42:01.580795     763 tpu_chip_config.cc:367] Resolved chip config alias default->megachip for 6acc60406, 
I0909 06:42:01.580986     763 memory_space_assignment_util.cc:577] MSA Vmem breakdown: default scoped vmem (from flag): 33554432; does_msa_directly_allocate_scoped_vmem: T; bytes_for_msa_to_allocate: 67043328
I0909 06:42:01.596681    1283 deepsea_compiler_base.cc:4279] BACKEND_PASSES stage duration: 16.57664825ms
I0909 06:42:01.599253    1283 deepsea_compiler_backend.cc:1784] final program bundle count: 626 note this count does not reflect cycles spent executing delays.
I0909 06:42:01.605871    1283 deepsea_compiler_backend.cc:1980] Program divided into 2 overlays without HLO functions (80.5K).
I0909 06:42:01.605939    1283 deepsea_compiler_backend.cc:2150] XLA::TPU module name: jit__lambda
I0909 06:42:01.605943    1283 deepsea_compiler_backend.cc:2152] XLA::TPU program HBM usage: 208.5K / 94.74G
I0909 06:42:01.605946    1283 deepsea_compiler_backend.cc:2159] Note that --xla_tpu_max_hbm_size_mib is not specified. This means that the compiler may use up all available HBM, possibly prioritizing other metrics (latency, compile-time, ..) over memory usage. To reduce memory usage, set --xla_tpu_max_hbm_size_mib to a smaller value.
I0909 06:42:01.605948    1283 deepsea_compiler_backend.cc:2193] XLA::TPU program VMEM usage: 32.00M / 64.00M
I0909 06:42:01.605956    1283 deepsea_compiler_backend.cc:2204] Total hbm usage >= 268.22M:
    reserved        268.00M 
    program          208.5K 
    arguments         16.0K 

Output size 512B; shares 0B with arguments.

Total host usage >= 0B:
    reserved             0B 
    program         unknown size 
    arguments            0B 

Output size 0B; shares 0B with arguments.

I0909 06:42:01.605970    1283 deepsea_compiler_backend.cc:2208] Program sflag requirement 224B:
    reserved           204B
    scoped              12B
    HLO temp             8B (100.0% utilization: Unpadded (8B) Padded (8B), 0.0% fragmentation (0B))
Program sparse_core_sequencer_sflag requirement 36B:
    reserved            36B
Program sparse_core_tile_sflag requirement 4B:
    reserved             4B
Program sparse_core_sequencer_smem requirement 64B:
    reserved            64B
Program sparse_core_tile_smem requirement 0B:
Program hbm requirement 208.5K:
    HLO temp         128.0K (49.1% utilization: Unpadded (8.2K) Padded (16.7K), 87.0% fragmentation (111.3K))
    overlays          80.5K
Program vmem requirement 32.00M:
    HLO temp         32.00M (0.0% utilization: Unpadded (0B) Padded (0B), 100.0% fragmentation (32.00M))
Program smem requirement 36B:
    global               4B
    scoped              32B
Program host requirement 0B:
I0909 06:42:01.605972    1283 deepsea_compiler_backend.cc:2216] XLA::TPU program SMEM usage: 1.9K / 1.00M (1 parameters)
I0909 06:42:01.606057    1283 deepsea_compiler_backend.cc:1480] CODE_GENERATION stage duration: 9.3025435ms
I0909 06:42:01.606288    1283 isa_program_util_common.cc:373] (HLO module jit__lambda): Executable fingerprint:4a4bf7195f2e28a358732e4bad360b9ab79156518433b25ddb27df2e76864c13
I0909 06:42:01.606291    1283 isa_program_util_common.cc:377] (HLO module jit__lambda): Executable fingerprint (including data segments):41df051aa1d5cc95b6bd65dcd0fe59634f8d45c83e436d4b0b21da6da348f7ba
I0909 06:42:01.606292    1283 isa_program_util_common.cc:380] (HLO module jit__lambda): Host transfer fingerprint:5c8f40e7dcd653d84e947d890338940d2b2e1ffba06eadb57827e716f5782f97
I0909 06:42:01.606652      44 deepsea_compiler_base.cc:1055] END_TO_END stage duration: 39.70896775ms
I0909 06:42:01.606667      44 deepsea_compiler_base.cc:1056] Note that END_TO_END duration also includes time outside of HLO_PASSES, BACKEND_PASSES, and CODE_GENERATION
I0909 06:42:01.607298      44 megascale_context.cc:517] MegaScale DCNTopology fingerprint for: jit__lambda : 1688352644216761960 DevicesHash: 8081921339993277715 Topology: go/debugstr  
I0909 06:42:01.607534      44 host_command_scheduler_factory.cc:1312] Created a HostCommandScheduler with 36 rules for module jit__lambda HostTransfers Fingerprint: 8427318606672400244.
I0909 06:42:01.607551      44 megascale_context.cc:686] MegaScale ExecutableContext created for module: jit__lambda with DCN topology: go/debugstr   
MANUAL_AR_VERIFY {"exchange_add": true, "psum_checksum": 3.0}
I0909 06:42:01.613142     688 megascale_context.cc:439] Destroying MegaScale PjrtExecutableContext: jit__lambda
W0909 06:42:01.626695    1286 tpu_spmd_partitioner.cc:460] Collective matmul V1 is enabled. Please consider migrating to V2 since V1 will be deprecated soon. You can enable V2 by setting xla_tpu_all_gather_collective_matmul_mode=post_spmd and xla_tpu_reduce_scatter_collective_matmul_mode=post_spmd.
I0909 06:42:01.631955      44 deepsea_compiler_hlo_passes.cc:6406] xla_tpu_impure_hlo_parallel_compile is DISABLED. jit__lambda
I0909 06:42:01.633406      44 tpu_plumb_vmem_info.cc:677] scavenging_mode: 3 for module: jit__lambda
I0909 06:42:01.642165      44 deepsea_compiler_hlo_passes.cc:6735] HLO_PASSES stage duration: 15.98983125ms
I0909 06:42:01.643221     763 tpu_chip_config.cc:367] Resolved chip config alias default->megachip for 6acc60406, 
I0909 06:42:01.643395     763 tpu_chip_config.cc:367] Resolved chip config alias default->megachip for 6acc60406, 
I0909 06:42:01.643593     763 memory_space_assignment_util.cc:577] MSA Vmem breakdown: default scoped vmem (from flag): 33554432; does_msa_directly_allocate_scoped_vmem: T; bytes_for_msa_to_allocate: 67043328
I0909 06:42:01.676680    1288 deepsea_compiler_base.cc:4279] BACKEND_PASSES stage duration: 33.85808525ms
I0909 06:42:01.684557    1288 deepsea_compiler_backend.cc:1480] CODE_GENERATION stage duration: 7.80489125ms
I0909 06:42:01.684881    1288 isa_program_util_common.cc:373] (HLO module jit__lambda): Executable fingerprint:bc586dffeac4e7ae318e7d154bf8e04f4304c94ca0093b387a7797ec3816d14b
I0909 06:42:01.684885    1288 isa_program_util_common.cc:377] (HLO module jit__lambda): Executable fingerprint (including data segments):a2faf2ce0762128844e7a122c148a8aece70b237d9b143ffa46b761ac2a0d991
I0909 06:42:01.684886    1288 isa_program_util_common.cc:380] (HLO module jit__lambda): Host transfer fingerprint:e3b0c44298fc1c149afbf4c8996fb92427ae41e4649b934ca495991b7852b855
I0909 06:42:01.685053      44 deepsea_compiler_base.cc:1055] END_TO_END stage duration: 62.04171625ms
I0909 06:42:01.685065      44 deepsea_compiler_base.cc:1056] Note that END_TO_END duration also includes time outside of HLO_PASSES, BACKEND_PASSES, and CODE_GENERATION
I0909 06:42:01.685731      44 host_command_scheduler_factory.cc:1312] Created a HostCommandScheduler with 0 rules for module jit__lambda HostTransfers Fingerprint: 0.
I0909 06:42:01.685746      44 megascale_context.cc:686] MegaScale ExecutableContext created for module: jit__lambda with DCN topology: go/debugstr   
I0909 06:42:01.689452     721 megascale_context.cc:439] Destroying MegaScale PjrtExecutableContext: jit__lambda
W0909 06:42:01.704352    1290 tpu_spmd_partitioner.cc:460] Collective matmul V1 is enabled. Please consider migrating to V2 since V1 will be deprecated soon. You can enable V2 by setting xla_tpu_all_gather_collective_matmul_mode=post_spmd and xla_tpu_reduce_scatter_collective_matmul_mode=post_spmd.
I0909 06:42:01.710513      44 deepsea_compiler_hlo_passes.cc:6406] xla_tpu_impure_hlo_parallel_compile is DISABLED. jit__identity_fn
I0909 06:42:01.713657      44 latency_hiding_scheduler.cc:4420] [latency-hiding-scheduler] LatencyHidingScheduler current memory usage: 10816 bytes. Current limit: 96637838643
I0909 06:42:01.714137      44 tpu_plumb_vmem_info.cc:677] scavenging_mode: 3 for module: jit__identity_fn
I0909 06:42:01.714621      44 deepsea_compiler_hlo_passes.cc:6735] HLO_PASSES stage duration: 10.82834575ms
I0909 06:42:01.715697     763 tpu_chip_config.cc:367] Resolved chip config alias default->megachip for 6acc60406, 
I0909 06:42:01.715854     763 tpu_chip_config.cc:367] Resolved chip config alias default->megachip for 6acc60406, 
I0909 06:42:01.716040     763 memory_space_assignment_util.cc:577] MSA Vmem breakdown: default scoped vmem (from flag): 33554432; does_msa_directly_allocate_scoped_vmem: T; bytes_for_msa_to_allocate: 67043328
I0909 06:42:01.741316    1292 deepsea_compiler_base.cc:4279] BACKEND_PASSES stage duration: 26.140888ms
I0909 06:42:01.749739    1292 deepsea_compiler_backend.cc:1480] CODE_GENERATION stage duration: 8.36309225ms
I0909 06:42:01.750071    1292 isa_program_util_common.cc:373] (HLO module jit__identity_fn): Executable fingerprint:fd3b0d6bd150f631ee1516bdd9fe68433befc25b43e5ac8c1bf0647642d4a029
I0909 06:42:01.750074    1292 isa_program_util_common.cc:377] (HLO module jit__identity_fn): Executable fingerprint (including data segments):b4793e425396e7ab5df0b40c15a832140ecb3328718901424ce0f42c7f63731d
I0909 06:42:01.750076    1292 isa_program_util_common.cc:380] (HLO module jit__identity_fn): Host transfer fingerprint:f21887b8cd1a7de9f1745e6458df4dba74bea513f1593c4409ce2cd383777ca8
I0909 06:42:01.750226      44 deepsea_compiler_base.cc:1055] END_TO_END stage duration: 49.1683375ms
I0909 06:42:01.750239      44 deepsea_compiler_base.cc:1056] Note that END_TO_END duration also includes time outside of HLO_PASSES, BACKEND_PASSES, and CODE_GENERATION
I0909 06:42:01.750804      44 megascale_context.cc:517] MegaScale DCNTopology fingerprint for: jit__identity_fn : 1688352644216761960 DevicesHash: 11843567257950195766 Topology: go/debugstr  
I0909 06:42:01.750964      44 host_command_scheduler_factory.cc:1312] Created a HostCommandScheduler with 18 rules for module jit__identity_fn HostTransfers Fingerprint: 14547820116035419324.
I0909 06:42:01.750976      44 megascale_context.cc:686] MegaScale ExecutableContext created for module: jit__identity_fn with DCN topology: go/debugstr   
I0909 06:42:01.753035     688 megascale_context.cc:439] Destroying MegaScale PjrtExecutableContext: jit__lambda
W0909 06:42:01.768741    1296 tpu_spmd_partitioner.cc:460] Collective matmul V1 is enabled. Please consider migrating to V2 since V1 will be deprecated soon. You can enable V2 by setting xla_tpu_all_gather_collective_matmul_mode=post_spmd and xla_tpu_reduce_scatter_collective_matmul_mode=post_spmd.
I0909 06:42:01.773860      44 deepsea_compiler_hlo_passes.cc:6406] xla_tpu_impure_hlo_parallel_compile is DISABLED. jit_op
I0909 06:42:01.775251      44 latency_hiding_scheduler.cc:4420] [latency-hiding-scheduler] LatencyHidingScheduler current memory usage: 1073750080 bytes. Current limit: 95564404531
I0909 06:42:01.775501      44 tpu_plumb_vmem_info.cc:677] scavenging_mode: 3 for module: jit_op
I0909 06:42:01.794515      44 deepsea_compiler_hlo_passes.cc:6735] HLO_PASSES stage duration: 26.23500225ms
I0909 06:42:01.795598     763 tpu_chip_config.cc:367] Resolved chip config alias default->megachip for 6acc60406, 
I0909 06:42:01.795737     763 tpu_chip_config.cc:367] Resolved chip config alias default->megachip for 6acc60406, 
I0909 06:42:01.795885     763 memory_space_assignment_util.cc:577] MSA Vmem breakdown: default scoped vmem (from flag): 33554432; does_msa_directly_allocate_scoped_vmem: T; bytes_for_msa_to_allocate: 67043328
I0909 06:42:01.903555    1300 deepsea_compiler_base.cc:4279] BACKEND_PASSES stage duration: 108.517918ms
I0909 06:42:01.911655    1300 deepsea_compiler_backend.cc:1480] CODE_GENERATION stage duration: 8.01256975ms
I0909 06:42:01.912035    1300 isa_program_util_common.cc:373] (HLO module jit_op): Executable fingerprint:33a5a6d6f7cea468562f68254b4eb2b89053eb34e2e10125a401ef1c264018f8
I0909 06:42:01.912038    1300 isa_program_util_common.cc:377] (HLO module jit_op): Executable fingerprint (including data segments):63de7ca22133830a9ecf7d1576f6e0dc97cbc6a522ec2bae425e60708fe1b2d0
I0909 06:42:01.912040    1300 isa_program_util_common.cc:380] (HLO module jit_op): Host transfer fingerprint:c37db3d47c19d90e6b870bb79741e56a58ee0112318c32550eac3926e65c0ec8
I0909 06:42:01.912213      44 deepsea_compiler_base.cc:1055] END_TO_END stage duration: 145.9668465ms
I0909 06:42:01.912230      44 deepsea_compiler_base.cc:1056] Note that END_TO_END duration also includes time outside of HLO_PASSES, BACKEND_PASSES, and CODE_GENERATION
I0909 06:42:01.912827      44 megascale_context.cc:517] MegaScale DCNTopology fingerprint for: jit_op : 1688352644216761960 DevicesHash: 8081921339993277715 Topology: go/debugstr  
I0909 06:42:01.915251      44 host_command_scheduler_factory.cc:1312] Created a HostCommandScheduler with 18 rules for module jit_op HostTransfers Fingerprint: 158907515329715665.
I0909 06:42:01.915621      44 megascale_context.cc:686] MegaScale ExecutableContext created for module: jit_op with DCN topology: go/debugstr   
I0909 06:42:01.924880     790 grpc_transport.cc:1743] [MEGASCALE_TRANSPORT_INSTR] SendRpc: key=ppermute.3_0|s100007->200007d|$c8$l-1877411380^i0 size=8388608 queue_latency_us=0 attempt=0
I0909 06:42:01.927584    1219 generic-stream-socket.h:1667] Cannot process timestamp for type=1 seq=8413795 time=2026-09-09T06:42:01.926993295+00:00
I0909 06:42:01.928605     809 grpc_transport.cc:1743] [MEGASCALE_TRANSPORT_INSTR] SendRpc: key=ppermute.3_0|s100001->200001d|$c17$l-1877411380^i0 size=8388608 queue_latency_us=0 attempt=0
W0909 06:42:01.928866     803 grpc_transport.cc:1186] Too many pending sends: 128
I0909 06:42:01.931645     788 grpc_transport.cc:1743] [MEGASCALE_TRANSPORT_INSTR] SendRpc: key=ppermute.3_0|s100005->200005d|$c24$l-1877411380^i0 size=8388608 queue_latency_us=0 attempt=0
I0909 06:42:01.934103     796 grpc_transport.cc:1743] [MEGASCALE_TRANSPORT_INSTR] SendRpc: key=ppermute.3_0|s100005->200005d|$c37$l-1877411380^i0 size=8388608 queue_latency_us=0 attempt=0
I0909 06:42:01.936851     784 grpc_transport.cc:1743] [MEGASCALE_TRANSPORT_INSTR] SendRpc: key=ppermute.3_0|s100005->200005d|$c47$l-1877411380^i0 size=8388608 queue_latency_us=0 attempt=0
I0909 06:42:01.940569     811 grpc_transport.cc:1743] [MEGASCALE_TRANSPORT_INSTR] SendRpc: key=ppermute.3_0|s100003->200003d|$c76$l-1877411380^i0 size=8388608 queue_latency_us=0 attempt=0
I0909 06:42:01.944426     788 grpc_transport.cc:1743] [MEGASCALE_TRANSPORT_INSTR] SendRpc: key=ppermute.3_0|s100005->200005d|$c68$l-1877411380^i0 size=8388608 queue_latency_us=0 attempt=0
I0909 06:42:01.948159     808 grpc_transport.cc:1743] [MEGASCALE_TRANSPORT_INSTR] SendRpc: key=ppermute.3_0|s100002->200002d|$c92$l-1877411380^i0 size=8388608 queue_latency_us=0 attempt=0
I0909 06:42:01.951676     784 grpc_transport.cc:1743] [MEGASCALE_TRANSPORT_INSTR] SendRpc: key=ppermute.3_0|s100001->200001d|$c109$l-1877411380^i0 size=8388608 queue_latency_us=0 attempt=0
I0909 06:42:01.955528     801 grpc_transport.cc:1743] [MEGASCALE_TRANSPORT_INSTR] SendRpc: key=ppermute.3_0|s100002->200002d|$c117$l-1877411380^i0 size=8388608 queue_latency_us=0 attempt=0
I0909 06:42:01.962171     784 grpc_transport.cc:1414] [MEGASCALE_TRANSPORT_INSTR] Recv: key=ppermute.3_0|s200004->100004d|$c29$l-1877411380^i0 size=0 is_single_chunk=true is_aligned=true memcpy_needed=false
I0909 06:42:02.001278     784 grpc_transport.cc:1414] [MEGASCALE_TRANSPORT_INSTR] Recv: key=ppermute.3_0|s200004->100004d|$c52$l-1877411380^i0 size=0 is_single_chunk=true is_aligned=true memcpy_needed=false
I0909 06:42:02.040223     801 grpc_transport.cc:1414] [MEGASCALE_TRANSPORT_INSTR] Recv: key=ppermute.3_0|s200001->100001d|$c30$l-1877411380^i0 size=0 is_single_chunk=true is_aligned=true memcpy_needed=false
I0909 06:42:02.073503     784 grpc_transport.cc:1414] [MEGASCALE_TRANSPORT_INSTR] Recv: key=ppermute.3_0|s200000->100000d|$c61$l-1877411380^i0 size=0 is_single_chunk=true is_aligned=true memcpy_needed=false
I0909 06:42:02.104597     784 grpc_transport.cc:1414] [MEGASCALE_TRANSPORT_INSTR] Recv: key=ppermute.3_0|s200000->100000d|$c102$l-1877411380^i0 size=0 is_single_chunk=true is_aligned=true memcpy_needed=false
I0909 06:42:02.174889     801 grpc_transport.cc:1414] [MEGASCALE_TRANSPORT_INSTR] Recv: key=ppermute.3_0|s200005->100005d|$c20$l-1877411380^i0 size=0 is_single_chunk=true is_aligned=true memcpy_needed=false
I0909 06:42:02.211154     784 grpc_transport.cc:1414] [MEGASCALE_TRANSPORT_INSTR] Recv: key=ppermute.3_0|s200004->100004d|$c9$l-1877411379^i0 size=0 is_single_chunk=true is_aligned=true memcpy_needed=false
I0909 06:42:02.236296     801 grpc_transport.cc:1414] [MEGASCALE_TRANSPORT_INSTR] Recv: key=ppermute.3_0|s200007->100007d|$c44$l-1877411380^i0 size=0 is_single_chunk=true is_aligned=true memcpy_needed=false
I0909 06:42:02.256528     801 grpc_transport.cc:1414] [MEGASCALE_TRANSPORT_INSTR] Recv: key=ppermute.3_0|s200006->100006d|$c73$l-1877411380^i0 size=0 is_single_chunk=true is_aligned=true memcpy_needed=false
I0909 06:42:02.275363     784 grpc_transport.cc:1414] [MEGASCALE_TRANSPORT_INSTR] Recv: key=ppermute.3_0|s200001->100001d|$c82$l-1877411379^i0 size=0 is_single_chunk=true is_aligned=true memcpy_needed=false
I0909 06:42:02.293814     784 grpc_transport.cc:1414] [MEGASCALE_TRANSPORT_INSTR] Recv: key=ppermute.3_0|s200001->100001d|$c89$l-1877411379^i0 size=0 is_single_chunk=true is_aligned=true memcpy_needed=false
I0909 06:42:02.310416     801 grpc_transport.cc:1414] [MEGASCALE_TRANSPORT_INSTR] Recv: key=ppermute.3_0|s200002->100002d|$c105$l-1877411380^i0 size=0 is_single_chunk=true is_aligned=true memcpy_needed=false
I0909 06:42:02.333178     801 grpc_transport.cc:1414] [MEGASCALE_TRANSPORT_INSTR] Recv: key=ppermute.3_0|s200006->100006d|$c103$l-1877411380^i0 size=0 is_single_chunk=true is_aligned=true memcpy_needed=false
I0909 06:42:02.370062     801 grpc_transport.cc:1414] [MEGASCALE_TRANSPORT_INSTR] Recv: key=ppermute.3_0|s200000->100000d|$c5$l-1877411379^i0 size=0 is_single_chunk=true is_aligned=true memcpy_needed=false
I0909 06:42:02.404067     788 grpc_transport.cc:1743] [MEGASCALE_TRANSPORT_INSTR] SendRpc: key=ppermute.3_0|s100007->200007d|$c5$l-1877411379^i0 size=8388608 queue_latency_us=0 attempt=0
I0909 06:42:02.409787     803 grpc_transport.cc:1743] [MEGASCALE_TRANSPORT_INSTR] SendRpc: key=ppermute.3_0|s100006->200006d|$c6$l-1877411379^i0 size=8388608 queue_latency_us=0 attempt=0
I0909 06:42:02.415055     786 grpc_transport.cc:1743] [MEGASCALE_TRANSPORT_INSTR] SendRpc: key=ppermute.3_0|s100003->200003d|$c14$l-1877411379^i0 size=8388608 queue_latency_us=0 attempt=0
I0909 06:42:02.416835     804 grpc_transport.cc:1414] [MEGASCALE_TRANSPORT_INSTR] Recv: key=ppermute.3_0|s200005->100005d|$c1$l-1877411379^i0 size=0 is_single_chunk=true is_aligned=true memcpy_needed=false
I0909 06:42:02.418702     809 grpc_transport.cc:1743] [MEGASCALE_TRANSPORT_INSTR] SendRpc: key=ppermute.3_0|s100007->200007d|$c71$l-1877411379^i0 size=8388608 queue_latency_us=0 attempt=0
I0909 06:42:02.422717     790 grpc_transport.cc:1743] [MEGASCALE_TRANSPORT_INSTR] SendRpc: key=ppermute.3_0|s100000->200000d|$c67$l-1877411379^i0 size=8388608 queue_latency_us=0 attempt=0
I0909 06:42:02.426713     791 grpc_transport.cc:1743] [MEGASCALE_TRANSPORT_INSTR] SendRpc: key=ppermute.3_0|s100000->200000d|$c85$l-1877411379^i0 size=8388608 queue_latency_us=0 attempt=0
I0909 06:42:02.429666     790 grpc_transport.cc:1743] [MEGASCALE_TRANSPORT_INSTR] SendRpc: key=ppermute.3_0|s100004->200004d|$c97$l-1877411379^i0 size=8388608 queue_latency_us=0 attempt=0
I0909 06:42:02.433801     786 grpc_transport.cc:1743] [MEGASCALE_TRANSPORT_INSTR] SendRpc: key=ppermute.3_0|s100000->200000d|$c117$l-1877411379^i0 size=8388608 queue_latency_us=0 attempt=0
I0909 06:42:02.438599     816 grpc_transport.cc:1743] [MEGASCALE_TRANSPORT_INSTR] SendRpc: key=ppermute.3_0|s100003->200003d|$c107$l-1877411379^i0 size=8388608 queue_latency_us=0 attempt=0
I0909 06:42:02.442790     816 grpc_transport.cc:1743] [MEGASCALE_TRANSPORT_INSTR] SendRpc: key=ppermute.3_0|s100006->200006d|$c75$l-1877411379^i0 size=8388608 queue_latency_us=14 attempt=0
I0909 06:42:02.469055    1329 grpc_transport.cc:1414] [MEGASCALE_TRANSPORT_INSTR] Recv: key=ppermute.3_0|s200007->100007d|$c32$l-1877411379^i0 size=0 is_single_chunk=true is_aligned=true memcpy_needed=false
I0909 06:42:02.520726    1330 grpc_transport.cc:1414] [MEGASCALE_TRANSPORT_INSTR] Recv: key=ppermute.3_0|s200006->100006d|$c77$l-1877411379^i0 size=0 is_single_chunk=true is_aligned=true memcpy_needed=false
I0909 06:42:02.581112    1330 grpc_transport.cc:1414] [MEGASCALE_TRANSPORT_INSTR] Recv: key=ppermute.3_0|s200006->100006d|$c100$l-1877411379^i0 size=0 is_single_chunk=true is_aligned=true memcpy_needed=false
I0909 06:42:02.620676    1330 grpc_transport.cc:1414] [MEGASCALE_TRANSPORT_INSTR] Recv: key=ppermute.3_0|s200005->100005d|$c95$l-1877411379^i0 size=0 is_single_chunk=true is_aligned=true memcpy_needed=false
I0909 06:42:02.662559    1330 grpc_transport.cc:1414] [MEGASCALE_TRANSPORT_INSTR] Recv: key=ppermute.3_0|s200002->100002d|$c35$l-1877411379^i0 size=0 is_single_chunk=true is_aligned=true memcpy_needed=false
I0909 06:42:02.693490    1330 grpc_transport.cc:1414] [MEGASCALE_TRANSPORT_INSTR] Recv: key=ppermute.3_0|s200002->100002d|$c93$l-1877411379^i0 size=0 is_single_chunk=true is_aligned=true memcpy_needed=false
I0909 06:42:02.719198    1340 grpc_transport.cc:1414] [MEGASCALE_TRANSPORT_INSTR] Recv: key=ppermute.3_0|s200000->100000d|$c47$l-1877411378^i0 size=0 is_single_chunk=true is_aligned=true memcpy_needed=false
I0909 06:42:02.722605    1346 grpc_transport.cc:1743] [MEGASCALE_TRANSPORT_INSTR] SendRpc: key=ppermute.3_0|s100000->200000d|$c3$l-1877411378^i0 size=8388608 queue_latency_us=0 attempt=0
I0909 06:42:02.727738    1329 grpc_transport.cc:1743] [MEGASCALE_TRANSPORT_INSTR] SendRpc: key=ppermute.3_0|s100001->200001d|$c18$l-1877411378^i0 size=8388608 queue_latency_us=0 attempt=0
I0909 06:42:02.734057    1384 grpc_transport.cc:1743] [MEGASCALE_TRANSPORT_INSTR] SendRpc: key=ppermute.3_0|s100005->200005d|$c21$l-1877411378^i0 size=8388608 queue_latency_us=0 attempt=0
I0909 06:42:02.740426    1328 grpc_transport.cc:1743] [MEGASCALE_TRANSPORT_INSTR] SendRpc: key=ppermute.3_0|s100003->200003d|$c43$l-1877411378^i0 size=8388608 queue_latency_us=0 attempt=0
I0909 06:42:02.746612    1332 grpc_transport.cc:1743] [MEGASCALE_TRANSPORT_INSTR] SendRpc: key=ppermute.3_0|s100005->200005d|$c46$l-1877411378^i0 size=8388608 queue_latency_us=0 attempt=0
I0909 06:42:02.750241    1367 grpc_transport.cc:1414] [MEGASCALE_TRANSPORT_INSTR] Recv: key=ppermute.3_0|s200001->100001d|$c36$l-1877411378^i0 size=0 is_single_chunk=true is_aligned=true memcpy_needed=false
I0909 06:42:02.752769    1330 grpc_transport.cc:1743] [MEGASCALE_TRANSPORT_INSTR] SendRpc: key=ppermute.3_0|s100005->200005d|$c59$l-1877411378^i0 size=8388608 queue_latency_us=0 attempt=0
I0909 06:42:02.758868    1361 grpc_transport.cc:1743] [MEGASCALE_TRANSPORT_INSTR] SendRpc: key=ppermute.3_0|s100003->200003d|$c82$l-1877411378^i0 size=8388608 queue_latency_us=0 attempt=0
I0909 06:42:02.763533    1348 grpc_transport.cc:1743] [MEGASCALE_TRANSPORT_INSTR] SendRpc: key=ppermute.3_0|s100000->200000d|$c108$l-1877411378^i0 size=8388608 queue_latency_us=0 attempt=0
I0909 06:42:02.768342    1385 grpc_transport.cc:1743] [MEGASCALE_TRANSPORT_INSTR] SendRpc: key=ppermute.3_0|s100000->200000d|$c118$l-1877411378^i0 size=8388608 queue_latency_us=0 attempt=0
I0909 06:42:02.772612    1329 grpc_transport.cc:1743] [MEGASCALE_TRANSPORT_INSTR] SendRpc: key=ppermute.3_0|s100006->200006d|$c67$l-1877411378^i0 size=8388608 queue_latency_us=0 attempt=0
I0909 06:42:02.773047    1336 grpc_transport.cc:1414] [MEGASCALE_TRANSPORT_INSTR] Recv: key=ppermute.3_0|s200004->100004d|$c87$l-1877411378^i0 size=0 is_single_chunk=true is_aligned=true memcpy_needed=false
I0909 06:42:02.782510    1333 grpc_transport.cc:1743] [MEGASCALE_TRANSPORT_INSTR] SendRpc: key=ppermute.3_0|s100006->200006d|$c105$l-1877411378^i0 size=8388608 queue_latency_us=0 attempt=0
I0909 06:42:02.789337    1334 grpc_transport.cc:1414] [MEGASCALE_TRANSPORT_INSTR] Recv: key=ppermute.3_0|s200000->100000d|$c120$l-1877411378^i0 size=0 is_single_chunk=true is_aligned=true memcpy_needed=false
I0909 06:42:02.821861    1329 grpc_transport.cc:1414] [MEGASCALE_TRANSPORT_INSTR] Recv: key=ppermute.3_0|s200007->100007d|$c38$l-1877411378^i0 size=0 is_single_chunk=true is_aligned=true memcpy_needed=false
I0909 06:42:02.868564     801 grpc_transport.cc:1414] [MEGASCALE_TRANSPORT_INSTR] Recv: key=ppermute.3_0|s200003->100003d|$c42$l-1877411378^i0 size=0 is_single_chunk=true is_aligned=true memcpy_needed=false
I0909 06:42:02.914431    1331 grpc_transport.cc:1414] [MEGASCALE_TRANSPORT_INSTR] Recv: key=ppermute.3_0|s200002->100002d|$c81$l-1877411378^i0 size=0 is_single_chunk=true is_aligned=true memcpy_needed=false
I0909 06:42:02.962184     801 grpc_transport.cc:1414] [MEGASCALE_TRANSPORT_INSTR] Recv: key=ppermute.3_0|s200005->100005d|$c83$l-1877411378^i0 size=0 is_single_chunk=true is_aligned=true memcpy_needed=false
I0909 06:42:03.002012    1331 grpc_transport.cc:1414] [MEGASCALE_TRANSPORT_INSTR] Recv: key=ppermute.3_0|s200003->100003d|$c90$l-1877411378^i0 size=0 is_single_chunk=true is_aligned=true memcpy_needed=false
I0909 06:42:03.039466    1332 grpc_transport.cc:1414] [MEGASCALE_TRANSPORT_INSTR] Recv: key=ppermute.3_0|s200006->100006d|$c122$l-1877411378^i0 size=0 is_single_chunk=true is_aligned=true memcpy_needed=false
I0909 06:42:03.068757    1332 grpc_transport.cc:1414] [MEGASCALE_TRANSPORT_INSTR] Recv: key=ppermute.3_0|s200001->100001d|$c13$l-1877411377^i0 size=0 is_single_chunk=true is_aligned=true memcpy_needed=false
I0909 06:42:03.075428    1346 grpc_transport.cc:1743] [MEGASCALE_TRANSPORT_INSTR] SendRpc: key=ppermute.3_0|s100000->200000d|$c13$l-1877411377^i0 size=8388608 queue_latency_us=0 attempt=0
I0909 06:42:03.080828    1360 grpc_transport.cc:1743] [MEGASCALE_TRANSPORT_INSTR] SendRpc: key=ppermute.3_0|s100004->200004d|$c44$l-1877411377^i0 size=8388608 queue_latency_us=0 attempt=0
I0909 06:42:03.083273     789 grpc_transport.cc:1743] [MEGASCALE_TRANSPORT_INSTR] SendRpc: key=ppermute.3_0|s100007->200007d|$c14$l-1877411377^i0 size=8388608 queue_latency_us=0 attempt=0
I0909 06:42:03.086091    1329 grpc_transport.cc:1743] [MEGASCALE_TRANSPORT_INSTR] SendRpc: key=ppermute.3_0|s100001->200001d|$c56$l-1877411377^i0 size=8388608 queue_latency_us=0 attempt=0
I0909 06:42:03.088397     802 grpc_transport.cc:1743] [MEGASCALE_TRANSPORT_INSTR] SendRpc: key=ppermute.3_0|s100003->200003d|$c64$l-1877411377^i0 size=8388608 queue_latency_us=0 attempt=0
I0909 06:42:03.090859    1334 grpc_transport.cc:1743] [MEGASCALE_TRANSPORT_INSTR] SendRpc: key=ppermute.3_0|s100001->200001d|$c74$l-1877411377^i0 size=8388608 queue_latency_us=0 attempt=0
I0909 06:42:03.093431    1330 grpc_transport.cc:1743] [MEGASCALE_TRANSPORT_INSTR] SendRpc: key=ppermute.3_0|s100006->200006d|$c93$l-1877411377^i0 size=8388608 queue_latency_us=0 attempt=0
I0909 06:42:03.097072    1329 grpc_transport.cc:1743] [MEGASCALE_TRANSPORT_INSTR] SendRpc: key=ppermute.3_0|s100007->200007d|$c100$l-1877411377^i0 size=8388608 queue_latency_us=0 attempt=0
I0909 06:42:03.100822    1337 grpc_transport.cc:1743] [MEGASCALE_TRANSPORT_INSTR] SendRpc: key=ppermute.3_0|s100006->200006d|$c116$l-1877411377^i0 size=8388608 queue_latency_us=0 attempt=0
I0909 06:42:03.104158    1337 grpc_transport.cc:1414] [MEGASCALE_TRANSPORT_INSTR] Recv: key=ppermute.3_0|s200007->100007d|$c2$l-1877411377^i0 size=0 is_single_chunk=true is_aligned=true memcpy_needed=false
I0909 06:42:03.105558    1331 grpc_transport.cc:1743] [MEGASCALE_TRANSPORT_INSTR] SendRpc: key=ppermute.3_0|s100003->200003d|$c126$l-1877411377^i0 size=8388608 queue_latency_us=0 attempt=0
I0909 06:42:03.124342    1331 grpc_transport.cc:1414] [MEGASCALE_TRANSPORT_INSTR] Recv: key=ppermute.3_0|s200003->100003d|$c8$l-1877411377^i0 size=0 is_single_chunk=true is_aligned=true memcpy_needed=false
I0909 06:42:03.144320    1348 grpc_transport.cc:1414] [MEGASCALE_TRANSPORT_INSTR] Recv: key=ppermute.3_0|s200000->100000d|$c120$l-1877411377^i0 size=0 is_single_chunk=true is_aligned=true memcpy_needed=false
I0909 06:42:03.176898    1330 grpc_transport.cc:1414] [MEGASCALE_TRANSPORT_INSTR] Recv: key=ppermute.3_0|s200006->100006d|$c22$l-1877411377^i0 size=0 is_single_chunk=true is_aligned=true memcpy_needed=false
I0909 06:42:03.212217    1329 grpc_transport.cc:1414] [MEGASCALE_TRANSPORT_INSTR] Recv: key=ppermute.3_0|s200001->100001d|$c60$l-1877411377^i0 size=0 is_single_chunk=true is_aligned=true memcpy_needed=false
I0909 06:42:03.248409    1329 grpc_transport.cc:1414] [MEGASCALE_TRANSPORT_INSTR] Recv: key=ppermute.3_0|s200007->100007d|$c66$l-1877411377^i0 size=0 is_single_chunk=true is_aligned=true memcpy_needed=false
I0909 06:42:03.283248    1329 grpc_transport.cc:1414] [MEGASCALE_TRANSPORT_INSTR] Recv: key=ppermute.3_0|s200001->100001d|$c91$l-1877411377^i0 size=0 is_single_chunk=true is_aligned=true memcpy_needed=false
I0909 06:42:03.318516    1329 grpc_transport.cc:1414] [MEGASCALE_TRANSPORT_INSTR] Recv: key=ppermute.3_0|s200005->100005d|$c89$l-1877411377^i0 size=0 is_single_chunk=true is_aligned=true memcpy_needed=false
I0909 06:42:03.352072    1329 grpc_transport.cc:1414] [MEGASCALE_TRANSPORT_INSTR] Recv: key=ppermute.3_0|s200001->100001d|$c117$l-1877411377^i0 size=0 is_single_chunk=true is_aligned=true memcpy_needed=false
I0909 06:42:03.381788    1329 grpc_transport.cc:1414] [MEGASCALE_TRANSPORT_INSTR] Recv: key=ppermute.3_0|s200007->100007d|$c1$l-1877411376^i0 size=0 is_single_chunk=true is_aligned=true memcpy_needed=false
I0909 06:42:03.400435    1331 grpc_transport.cc:1414] [MEGASCALE_TRANSPORT_INSTR] Recv: key=ppermute.3_0|s200002->100002d|$c14$l-1877411376^i0 size=0 is_single_chunk=true is_aligned=true memcpy_needed=false
I0909 06:42:03.419499    1348 grpc_transport.cc:1414] [MEGASCALE_TRANSPORT_INSTR] Recv: key=ppermute.3_0|s200000->100000d|$c49$l-1877411376^i0 size=0 is_single_chunk=true is_aligned=true memcpy_needed=false
I0909 06:42:03.426450     787 grpc_transport.cc:1743] [MEGASCALE_TRANSPORT_INSTR] SendRpc: key=ppermute.3_0|s100004->200004d|$c11$l-1877411376^i0 size=8388608 queue_latency_us=0 attempt=0
I0909 06:42:03.431167    1354 grpc_transport.cc:1743] [MEGASCALE_TRANSPORT_INSTR] SendRpc: key=ppermute.3_0|s100005->200005d|$c20$l-1877411376^i0 size=8388608 queue_latency_us=0 attempt=0
I0909 06:42:03.436629    1354 grpc_transport.cc:1743] [MEGASCALE_TRANSPORT_INSTR] SendRpc: key=ppermute.3_0|s100005->200005d|$c38$l-1877411376^i0 size=8388608 queue_latency_us=0 attempt=0
I0909 06:42:03.442847    1367 grpc_transport.cc:1743] [MEGASCALE_TRANSPORT_INSTR] SendRpc: key=ppermute.3_0|s100005->200005d|$c50$l-1877411376^i0 size=8388608 queue_latency_us=0 attempt=0
I0909 06:42:03.449161    1367 grpc_transport.cc:1743] [MEGASCALE_TRANSPORT_INSTR] SendRpc: key=ppermute.3_0|s100001->200001d|$c44$l-1877411376^i0 size=8388608 queue_latency_us=0 attempt=0
I0909 06:42:03.450501    1337 grpc_transport.cc:1414] [MEGASCALE_TRANSPORT_INSTR] Recv: key=ppermute.3_0|s200003->100003d|$c24$l-1877411376^i0 size=0 is_single_chunk=true is_aligned=true memcpy_needed=false
I0909 06:42:03.456985    1373 grpc_transport.cc:1743] [MEGASCALE_TRANSPORT_INSTR] SendRpc: key=ppermute.3_0|s100001->200001d|$c59$l-1877411376^i0 size=8388608 queue_latency_us=0 attempt=0
I0909 06:42:03.463374    1695 grpc_transport.cc:1743] [MEGASCALE_TRANSPORT_INSTR] SendRpc: key=ppermute.3_0|s100005->200005d|$c91$l-1877411376^i0 size=8388608 queue_latency_us=1 attempt=0
I0909 06:42:03.469106    1703 grpc_transport.cc:1743] [MEGASCALE_TRANSPORT_INSTR] SendRpc: key=ppermute.3_0|s100001->200001d|$c89$l-1877411376^i0 size=8388608 queue_latency_us=0 attempt=0
I0909 06:42:03.474343    1732 grpc_transport.cc:1743] [MEGASCALE_TRANSPORT_INSTR] SendRpc: key=ppermute.3_0|s100006->200006d|$c109$l-1877411376^i0 size=8388608 queue_latency_us=0 attempt=0
I0909 06:42:03.477261    1691 grpc_transport.cc:1414] [MEGASCALE_TRANSPORT_INSTR] Recv: key=ppermute.3_0|s200001->100001d|$c22$l-1877411376^i0 size=0 is_single_chunk=true is_aligned=true memcpy_needed=false
I0909 06:42:03.482645    1329 grpc_transport.cc:1743] [MEGASCALE_TRANSPORT_INSTR] SendRpc: key=ppermute.3_0|s100003->200003d|$c109$l-1877411376^i0 size=8388608 queue_latency_us=0 attempt=0
I0909 06:42:03.516578    1687 grpc_transport.cc:1414] [MEGASCALE_TRANSPORT_INSTR] Recv: key=ppermute.3_0|s200005->100005d|$c31$l-1877411376^i0 size=0 is_single_chunk=true is_aligned=true memcpy_needed=false
I0909 06:42:03.551228     801 grpc_transport.cc:1414] [MEGASCALE_TRANSPORT_INSTR] Recv: key=ppermute.3_0|s200006->100006d|$c48$l-1877411376^i0 size=0 is_single_chunk=true is_aligned=true memcpy_needed=false
I0909 06:42:03.587695     801 grpc_transport.cc:1414] [MEGASCALE_TRANSPORT_INSTR] Recv: key=ppermute.3_0|s200001->100001d|$c56$l-1877411376^i0 size=0 is_single_chunk=true is_aligned=true memcpy_needed=false
I0909 06:42:03.622639     801 grpc_transport.cc:1414] [MEGASCALE_TRANSPORT_INSTR] Recv: key=ppermute.3_0|s200005->100005d|$c97$l-1877411376^i0 size=0 is_single_chunk=true is_aligned=true memcpy_needed=false
I0909 06:42:03.657471     801 grpc_transport.cc:1414] [MEGASCALE_TRANSPORT_INSTR] Recv: key=ppermute.3_0|s200001->100001d|$c102$l-1877411376^i0 size=0 is_single_chunk=true is_aligned=true memcpy_needed=false
I0909 06:42:03.694567    1708 grpc_transport.cc:1743] [MEGASCALE_TRANSPORT_INSTR] SendRpc: key=ppermute.3_0|s100001->200001d|$c0$l-1877411375^i0 size=8388608 queue_latency_us=0 attempt=0
I0909 06:42:03.697851    1697 grpc_transport.cc:1743] [MEGASCALE_TRANSPORT_INSTR] SendRpc: key=ppermute.3_0|s100004->200004d|$c23$l-1877411375^i0 size=8388608 queue_latency_us=0 attempt=0
I0909 06:42:03.701677    1352 grpc_transport.cc:1743] [MEGASCALE_TRANSPORT_INSTR] SendRpc: key=ppermute.3_0|s100004->200004d|$c37$l-1877411375^i0 size=8388608 queue_latency_us=0 attempt=0
I0909 06:42:03.705651    1690 grpc_transport.cc:1743] [MEGASCALE_TRANSPORT_INSTR] SendRpc: key=ppermute.3_0|s100004->200004d|$c50$l-1877411375^i0 size=8388608 queue_latency_us=0 attempt=0
I0909 06:42:03.709969    1716 grpc_transport.cc:1743] [MEGASCALE_TRANSPORT_INSTR] SendRpc: key=ppermute.3_0|s100004->200004d|$c65$l-1877411375^i0 size=8388608 queue_latency_us=0 attempt=0
I0909 06:42:03.714477    1330 grpc_transport.cc:1743] [MEGASCALE_TRANSPORT_INSTR] SendRpc: key=ppermute.3_0|s100002->200002d|$c58$l-1877411375^i0 size=8388608 queue_latency_us=0 attempt=0
I0909 06:42:03.715674    1714 grpc_transport.cc:1414] [MEGASCALE_TRANSPORT_INSTR] Recv: key=ppermute.3_0|s200000->100000d|$c6$l-1877411375^i0 size=0 is_single_chunk=true is_aligned=true memcpy_needed=false
I0909 06:42:03.719456    1688 grpc_transport.cc:1743] [MEGASCALE_TRANSPORT_INSTR] SendRpc: key=ppermute.3_0|s100000->200000d|$c97$l-1877411375^i0 size=8388608 queue_latency_us=0 attempt=0
I0909 06:42:03.723804    1361 grpc_transport.cc:1743] [MEGASCALE_TRANSPORT_INSTR] SendRpc: key=ppermute.3_0|s100002->200002d|$c80$l-1877411375^i0 size=8388608 queue_latency_us=0 attempt=0
I0909 06:42:03.729477     802 grpc_transport.cc:1743] [MEGASCALE_TRANSPORT_INSTR] SendRpc: key=ppermute.3_0|s100005->200005d|$c99$l-1877411375^i0 size=8388608 queue_latency_us=0 attempt=0
I0909 06:42:03.733574     802 grpc_transport.cc:1743] [MEGASCALE_TRANSPORT_INSTR] SendRpc: key=ppermute.3_0|s100003->200003d|$c112$l-1877411375^i0 size=8388608 queue_latency_us=0 attempt=0
I0909 06:42:03.753633    1694 grpc_transport.cc:1414] [MEGASCALE_TRANSPORT_INSTR] Recv: key=ppermute.3_0|s200004->100004d|$c28$l-1877411375^i0 size=0 is_single_chunk=true is_aligned=true memcpy_needed=false
I0909 06:42:03.778200    1694 grpc_transport.cc:1414] [MEGASCALE_TRANSPORT_INSTR] Recv: key=ppermute.3_0|s200004->100004d|$c55$l-1877411375^i0 size=0 is_single_chunk=true is_aligned=true memcpy_needed=false
I0909 06:42:03.800268    1690 grpc_transport.cc:1414] [MEGASCALE_TRANSPORT_INSTR] Recv: key=ppermute.3_0|s200000->100000d|$c99$l-1877411375^i0 size=0 is_single_chunk=true is_aligned=true memcpy_needed=false
I0909 06:42:03.821656    1694 grpc_transport.cc:1414] [MEGASCALE_TRANSPORT_INSTR] Recv: key=ppermute.3_0|s200004->100004d|$c118$l-1877411375^i0 size=0 is_single_chunk=true is_aligned=true memcpy_needed=false
I0909 06:42:03.855174    1693 grpc_transport.cc:1414] [MEGASCALE_TRANSPORT_INSTR] Recv: key=ppermute.3_0|s200003->100003d|$c27$l-1877411375^i0 size=0 is_single_chunk=true is_aligned=true memcpy_needed=false
I0909 06:42:03.889856    1693 grpc_transport.cc:1414] [MEGASCALE_TRANSPORT_INSTR] Recv: key=ppermute.3_0|s200001->100001d|$c58$l-1877411375^i0 size=0 is_single_chunk=true is_aligned=true memcpy_needed=false
I0909 06:42:03.926916    1693 grpc_transport.cc:1414] [MEGASCALE_TRANSPORT_INSTR] Recv: key=ppermute.3_0|s200005->100005d|$c80$l-1877411375^i0 size=0 is_single_chunk=true is_aligned=true memcpy_needed=false
I0909 06:42:03.963649    1691 grpc_transport.cc:1414] [MEGASCALE_TRANSPORT_INSTR] Recv: key=ppermute.3_0|s200005->100005d|$c93$l-1877411375^i0 size=0 is_single_chunk=true is_aligned=true memcpy_needed=false
I0909 06:42:03.989889    1694 grpc_transport.cc:1414] [MEGASCALE_TRANSPORT_INSTR] Recv: key=ppermute.3_0|s200004->100004d|$c11$l-1877411374^i0 size=0 is_single_chunk=true is_aligned=true memcpy_needed=false
I0909 06:42:04.012218    1694 grpc_transport.cc:1414] [MEGASCALE_TRANSPORT_INSTR] Recv: key=ppermute.3_0|s200000->100000d|$c28$l-1877411374^i0 size=0 is_single_chunk=true is_aligned=true memcpy_needed=false
I0909 06:42:04.030117    1694 grpc_transport.cc:1414] [MEGASCALE_TRANSPORT_INSTR] Recv: key=ppermute.3_0|s200006->100006d|$c41$l-1877411374^i0 size=0 is_single_chunk=true is_aligned=true memcpy_needed=false
I0909 06:42:04.047851    1693 grpc_transport.cc:1414] [MEGASCALE_TRANSPORT_INSTR] Recv: key=ppermute.3_0|s200007->100007d|$c5$l-1877411374^i0 size=0 is_single_chunk=true is_aligned=true memcpy_needed=false
I0909 06:42:04.055854    1337 grpc_transport.cc:1743] [MEGASCALE_TRANSPORT_INSTR] SendRpc: key=ppermute.3_0|s100003->200003d|$c10$l-1877411374^i0 size=8388608 queue_latency_us=0 attempt=0
I0909 06:42:04.061941    1706 grpc_transport.cc:1743] [MEGASCALE_TRANSPORT_INSTR] SendRpc: key=ppermute.3_0|s100003->200003d|$c41$l-1877411374^i0 size=8388608 queue_latency_us=0 attempt=0
I0909 06:42:04.067108     802 grpc_transport.cc:1743] [MEGASCALE_TRANSPORT_INSTR] SendRpc: key=ppermute.3_0|s100006->200006d|$c61$l-1877411374^i0 size=8388608 queue_latency_us=0 attempt=0
I0909 06:42:04.069532    1712 grpc_transport.cc:1743] [MEGASCALE_TRANSPORT_INSTR] SendRpc: key=ppermute.3_0|s100002->200002d|$c47$l-1877411374^i0 size=8388608 queue_latency_us=0 attempt=0
I0909 06:42:04.072188     802 grpc_transport.cc:1743] [MEGASCALE_TRANSPORT_INSTR] SendRpc: key=ppermute.3_0|s100003->200003d|$c81$l-1877411374^i0 size=8388608 queue_latency_us=0 attempt=0
I0909 06:42:04.075716    1344 grpc_transport.cc:1743] [MEGASCALE_TRANSPORT_INSTR] SendRpc: key=ppermute.3_0|s100000->200000d|$c66$l-1877411374^i0 size=8388608 queue_latency_us=0 attempt=0
I0909 06:42:04.076573     801 grpc_transport.cc:1414] [MEGASCALE_TRANSPORT_INSTR] Recv: key=ppermute.3_0|s200001->100001d|$c11$l-1877411374^i0 size=0 is_single_chunk=true is_aligned=true memcpy_needed=false
I0909 06:42:04.078998     784 grpc_transport.cc:1743] [MEGASCALE_TRANSPORT_INSTR] SendRpc: key=ppermute.3_0|s100007->200007d|$c72$l-1877411374^i0 size=8388608 queue_latency_us=0 attempt=0
I0909 06:42:04.081091    1332 grpc_transport.cc:1743] [MEGASCALE_TRANSPORT_INSTR] SendRpc: key=ppermute.3_0|s100005->200005d|$c118$l-1877411374^i0 size=8388608 queue_latency_us=0 attempt=0
I0909 06:42:04.084451    1693 grpc_transport.cc:1743] [MEGASCALE_TRANSPORT_INSTR] SendRpc: key=ppermute.3_0|s100002->200002d|$c102$l-1877411374^i0 size=8388608 queue_latency_us=0 attempt=0
I0909 06:42:04.090319    1336 grpc_transport.cc:1743] [MEGASCALE_TRANSPORT_INSTR] SendRpc: key=ppermute.3_0|s100004->200004d|$c17$l-1877411374^i0 size=8388608 queue_latency_us=0 attempt=0
I0909 06:42:04.100907    1693 grpc_transport.cc:1414] [MEGASCALE_TRANSPORT_INSTR] Recv: key=ppermute.3_0|s200007->100007d|$c26$l-1877411374^i0 size=0 is_single_chunk=true is_aligned=true memcpy_needed=false
I0909 06:42:04.102035    1346 grpc_transport.cc:1743] [MEGASCALE_TRANSPORT_INSTR] SendRpc: key=ppermute.3_0|s100004->200004d|$c113$l-1877411374^i0 size=8388608 queue_latency_us=0 attempt=0
I0909 06:42:04.120127    1687 grpc_transport.cc:1414] [MEGASCALE_TRANSPORT_INSTR] Recv: key=ppermute.3_0|s200005->100005d|$c28$l-1877411374^i0 size=0 is_single_chunk=true is_aligned=true memcpy_needed=false
I0909 06:42:04.146292    1699 grpc_transport.cc:1414] [MEGASCALE_TRANSPORT_INSTR] Recv: key=ppermute.3_0|s200005->100005d|$c42$l-1877411374^i0 size=0 is_single_chunk=true is_aligned=true memcpy_needed=false
I0909 06:42:04.180708    1330 grpc_transport.cc:1414] [MEGASCALE_TRANSPORT_INSTR] Recv: key=ppermute.3_0|s200007->100007d|$c65$l-1877411374^i0 size=0 is_single_chunk=true is_aligned=true memcpy_needed=false
I0909 06:42:04.215726    1691 grpc_transport.cc:1414] [MEGASCALE_TRANSPORT_INSTR] Recv: key=ppermute.3_0|s200003->100003d|$c52$l-1877411374^i0 size=0 is_single_chunk=true is_aligned=true memcpy_needed=false
I0909 06:42:04.251708    1691 grpc_transport.cc:1414] [MEGASCALE_TRANSPORT_INSTR] Recv: key=ppermute.3_0|s200005->100005d|$c103$l-1877411374^i0 size=0 is_single_chunk=true is_aligned=true memcpy_needed=false
I0909 06:42:04.287096    1687 grpc_transport.cc:1414] [MEGASCALE_TRANSPORT_INSTR] Recv: key=ppermute.3_0|s200003->100003d|$c113$l-1877411374^i0 size=0 is_single_chunk=true is_aligned=true memcpy_needed=false
I0909 06:42:04.307140    1705 grpc_transport.cc:1743] [MEGASCALE_TRANSPORT_INSTR] SendRpc: key=ppermute.3_0|s100003->200003d|$c2$l-1877411373^i0 size=8388608 queue_latency_us=0 attempt=0
I0909 06:42:04.310655    1704 grpc_transport.cc:1743] [MEGASCALE_TRANSPORT_INSTR] SendRpc: key=ppermute.3_0|s100004->200004d|$c50$l-1877411373^i0 size=8388608 queue_latency_us=0 attempt=0
I0909 06:42:04.315112    1715 grpc_transport.cc:1743] [MEGASCALE_TRANSPORT_INSTR] SendRpc: key=ppermute.3_0|s100001->200001d|$c36$l-1877411373^i0 size=8388608 queue_latency_us=0 attempt=0
I0909 06:42:04.319592    1687 grpc_transport.cc:1743] [MEGASCALE_TRANSPORT_INSTR] SendRpc: key=ppermute.3_0|s100001->200001d|$c47$l-1877411373^i0 size=8388608 queue_latency_us=0 attempt=0
I0909 06:42:04.324363    1692 grpc_transport.cc:1743] [MEGASCALE_TRANSPORT_INSTR] SendRpc: key=ppermute.3_0|s100007->200007d|$c52$l-1877411373^i0 size=8388608 queue_latency_us=0 attempt=0
I0909 06:42:04.329215    1336 grpc_transport.cc:1743] [MEGASCALE_TRANSPORT_INSTR] SendRpc: key=ppermute.3_0|s100000->200000d|$c72$l-1877411373^i0 size=8388608 queue_latency_us=0 attempt=0
I0909 06:42:04.333883    1706 grpc_transport.cc:1743] [MEGASCALE_TRANSPORT_INSTR] SendRpc: key=ppermute.3_0|s100005->200005d|$c74$l-1877411373^i0 size=8388608 queue_latency_us=0 attempt=0
I0909 06:42:04.339575    1694 grpc_transport.cc:1743] [MEGASCALE_TRANSPORT_INSTR] SendRpc: key=ppermute.3_0|s100000->200000d|$c99$l-1877411373^i0 size=8388608 queue_latency_us=0 attempt=0
I0909 06:42:04.342649    1331 grpc_transport.cc:1414] [MEGASCALE_TRANSPORT_INSTR] Recv: key=ppermute.3_0|s200007->100007d|$c3$l-1877411373^i0 size=0 is_single_chunk=true is_aligned=true memcpy_needed=false
I0909 06:42:04.344348    1334 grpc_transport.cc:1743] [MEGASCALE_TRANSPORT_INSTR] SendRpc: key=ppermute.3_0|s100007->200007d|$c107$l-1877411373^i0 size=8388608 queue_latency_us=0 attempt=0
I0909 06:42:04.348338    1334 grpc_transport.cc:1743] [MEGASCALE_TRANSPORT_INSTR] SendRpc: key=ppermute.3_0|s100007->200007d|$c119$l-1877411373^i0 size=8388608 queue_latency_us=0 attempt=0
I0909 06:42:04.369571    1334 grpc_transport.cc:1414] [MEGASCALE_TRANSPORT_INSTR] Recv: key=ppermute.3_0|s200004->100004d|$c22$l-1877411373^i0 size=0 is_single_chunk=true is_aligned=true memcpy_needed=false
I0909 06:42:04.391760    1329 grpc_transport.cc:1414] [MEGASCALE_TRANSPORT_INSTR] Recv: key=ppermute.3_0|s200001->100001d|$c23$l-1877411373^i0 size=0 is_single_chunk=true is_aligned=true memcpy_needed=false
I0909 06:42:04.412727    1691 grpc_transport.cc:1414] [MEGASCALE_TRANSPORT_INSTR] Recv: key=ppermute.3_0|s200003->100003d|$c53$l-1877411373^i0 size=0 is_single_chunk=true is_aligned=true memcpy_needed=false
I0909 06:42:04.433238    1339 grpc_transport.cc:1414] [MEGASCALE_TRANSPORT_INSTR] Recv: key=ppermute.3_0|s200006->100006d|$c48$l-1877411373^i0 size=0 is_single_chunk=true is_aligned=true memcpy_needed=false
I0909 06:42:04.456695    1692 grpc_transport.cc:1414] [MEGASCALE_TRANSPORT_INSTR] Recv: key=ppermute.3_0|s200006->100006d|$c61$l-1877411373^i0 size=0 is_single_chunk=true is_aligned=true memcpy_needed=false
I0909 06:42:04.478860    1891 grpc_transport.cc:1414] [MEGASCALE_TRANSPORT_INSTR] Recv: key=ppermute.3_0|s200003->100003d|$c86$l-1877411373^i0 size=0 is_single_chunk=true is_aligned=true memcpy_needed=false
I0909 06:42:04.497751    1892 grpc_transport.cc:1414] [MEGASCALE_TRANSPORT_INSTR] Recv: key=ppermute.3_0|s200007->100007d|$c86$l-1877411373^i0 size=0 is_single_chunk=true is_aligned=true memcpy_needed=false
I0909 06:42:04.516162    1334 grpc_transport.cc:1414] [MEGASCALE_TRANSPORT_INSTR] Recv: key=ppermute.3_0|s200000->100000d|$c123$l-1877411373^i0 size=0 is_single_chunk=true is_aligned=true memcpy_needed=false
I0909 06:42:04.545009    1898 grpc_transport.cc:1414] [MEGASCALE_TRANSPORT_INSTR] Recv: key=ppermute.3_0|s200007->100007d|$c127$l-1877411373^i0 size=0 is_single_chunk=true is_aligned=true memcpy_needed=false
I0909 06:42:04.570590    1891 grpc_transport.cc:1414] [MEGASCALE_TRANSPORT_INSTR] Recv: key=ppermute.3_0|s200007->100007d|$c6$l-1877411372^i0 size=0 is_single_chunk=true is_aligned=true memcpy_needed=false
I0909 06:42:04.587599    1917 grpc_transport.cc:1743] [MEGASCALE_TRANSPORT_INSTR] SendRpc: key=ppermute.3_0|s100004->200004d|$c4$l-1877411372^i0 size=8388608 queue_latency_us=0 attempt=0
I0909 06:42:04.592702    1896 grpc_transport.cc:1743] [MEGASCALE_TRANSPORT_INSTR] SendRpc: key=ppermute.3_0|s100006->200006d|$c21$l-1877411372^i0 size=8388608 queue_latency_us=0 attempt=0
I0909 06:42:04.597426    1913 grpc_transport.cc:1743] [MEGASCALE_TRANSPORT_INSTR] SendRpc: key=ppermute.3_0|s100007->200007d|$c34$l-1877411372^i0 size=8388608 queue_latency_us=0 attempt=0
I0909 06:42:04.602486    1343 grpc_transport.cc:1743] [MEGASCALE_TRANSPORT_INSTR] SendRpc: key=ppermute.3_0|s100006->200006d|$c43$l-1877411372^i0 size=8388608 queue_latency_us=0 attempt=0
I0909 06:42:04.606887    1922 grpc_transport.cc:1414] [MEGASCALE_TRANSPORT_INSTR] Recv: key=ppermute.3_0|s200006->100006d|$c9$l-1877411372^i0 size=0 is_single_chunk=true is_aligned=true memcpy_needed=false
I0909 06:42:04.608004    1915 grpc_transport.cc:1743] [MEGASCALE_TRANSPORT_INSTR] SendRpc: key=ppermute.3_0|s100007->200007d|$c82$l-1877411372^i0 size=8388608 queue_latency_us=0 attempt=0
I0909 06:42:04.610138    1928 grpc_transport.cc:1743] [MEGASCALE_TRANSPORT_INSTR] SendRpc: key=ppermute.3_0|s100000->200000d|$c72$l-1877411372^i0 size=8388608 queue_latency_us=0 attempt=0
I0909 06:42:04.613045    1899 grpc_transport.cc:1743] [MEGASCALE_TRANSPORT_INSTR] SendRpc: key=ppermute.3_0|s100001->200001d|$c92$l-1877411372^i0 size=8388608 queue_latency_us=0 attempt=0
I0909 06:42:04.615728    1920 grpc_transport.cc:1743] [MEGASCALE_TRANSPORT_INSTR] SendRpc: key=ppermute.3_0|s100004->200004d|$c58$l-1877411372^i0 size=8388608 queue_latency_us=0 attempt=0
I0909 06:42:04.618664    1896 grpc_transport.cc:1743] [MEGASCALE_TRANSPORT_INSTR] SendRpc: key=ppermute.3_0|s100006->200006d|$c108$l-1877411372^i0 size=8388608 queue_latency_us=0 attempt=0
I0909 06:42:04.621838    1337 grpc_transport.cc:1743] [MEGASCALE_TRANSPORT_INSTR] SendRpc: key=ppermute.3_0|s100006->200006d|$c123$l-1877411372^i0 size=8388608 queue_latency_us=0 attempt=0
I0909 06:42:04.631588    1901 grpc_transport.cc:1414] [MEGASCALE_TRANSPORT_INSTR] Recv: key=ppermute.3_0|s200006->100006d|$c27$l-1877411372^i0 size=0 is_single_chunk=true is_aligned=true memcpy_needed=false
I0909 06:42:04.653554    1687 grpc_transport.cc:1414] [MEGASCALE_TRANSPORT_INSTR] Recv: key=ppermute.3_0|s200002->100002d|$c35$l-1877411372^i0 size=0 is_single_chunk=true is_aligned=true memcpy_needed=false
I0909 06:42:04.675453    1892 grpc_transport.cc:1414] [MEGASCALE_TRANSPORT_INSTR] Recv: key=ppermute.3_0|s200001->100001d|$c40$l-1877411372^i0 size=0 is_single_chunk=true is_aligned=true memcpy_needed=false
I0909 06:42:04.694642    1698 grpc_transport.cc:1414] [MEGASCALE_TRANSPORT_INSTR] Recv: key=ppermute.3_0|s200002->100002d|$c54$l-1877411372^i0 size=0 is_single_chunk=true is_aligned=true memcpy_needed=false
I0909 06:42:04.714235    1891 grpc_transport.cc:1414] [MEGASCALE_TRANSPORT_INSTR] Recv: key=ppermute.3_0|s200005->100005d|$c60$l-1877411372^i0 size=0 is_single_chunk=true is_aligned=true memcpy_needed=false
I0909 06:42:04.736020     801 grpc_transport.cc:1414] [MEGASCALE_TRANSPORT_INSTR] Recv: key=ppermute.3_0|s200007->100007d|$c84$l-1877411372^i0 size=0 is_single_chunk=true is_aligned=true memcpy_needed=false
I0909 06:42:04.771392     801 grpc_transport.cc:1414] [MEGASCALE_TRANSPORT_INSTR] Recv: key=ppermute.3_0|s200002->100002d|$c94$l-1877411372^i0 size=0 is_single_chunk=true is_aligned=true memcpy_needed=false
I0909 06:42:04.806265    1891 grpc_transport.cc:1414] [MEGASCALE_TRANSPORT_INSTR] Recv: key=ppermute.3_0|s200007->100007d|$c123$l-1877411372^i0 size=0 is_single_chunk=true is_aligned=true memcpy_needed=false
I0909 06:42:04.841602    1913 grpc_transport.cc:1743] [MEGASCALE_TRANSPORT_INSTR] SendRpc: key=ppermute.3_0|s100004->200004d|$c3$l-1877411371^i0 size=8388608 queue_latency_us=0 attempt=0
I0909 06:42:04.845726    1898 grpc_transport.cc:1743] [MEGASCALE_TRANSPORT_INSTR] SendRpc: key=ppermute.3_0|s100001->200001d|$c1$l-1877411371^i0 size=8388608 queue_latency_us=0 attempt=0
I0909 06:42:04.850024    1349 grpc_transport.cc:1743] [MEGASCALE_TRANSPORT_INSTR] SendRpc: key=ppermute.3_0|s100006->200006d|$c32$l-1877411371^i0 size=8388608 queue_latency_us=0 attempt=0
I0909 06:42:04.854337    1343 grpc_transport.cc:1743] [MEGASCALE_TRANSPORT_INSTR] SendRpc: key=ppermute.3_0|s100007->200007d|$c45$l-1877411371^i0 size=8388608 queue_latency_us=0 attempt=0
I0909 06:42:04.858944    1901 grpc_transport.cc:1743] [MEGASCALE_TRANSPORT_INSTR] SendRpc: key=ppermute.3_0|s100004->200004d|$c59$l-1877411371^i0 size=8388608 queue_latency_us=0 attempt=0
I0909 06:42:04.863049    1689 grpc_transport.cc:1414] [MEGASCALE_TRANSPORT_INSTR] Recv: key=ppermute.3_0|s200003->100003d|$c12$l-1877411371^i0 size=0 is_single_chunk=true is_aligned=true memcpy_needed=false
I0909 06:42:04.863563    1687 grpc_transport.cc:1743] [MEGASCALE_TRANSPORT_INSTR] SendRpc: key=ppermute.3_0|s100003->200003d|$c71$l-1877411371^i0 size=8388608 queue_latency_us=0 attempt=0
I0909 06:42:04.868834    1721 grpc_transport.cc:1743] [MEGASCALE_TRANSPORT_INSTR] SendRpc: key=ppermute.3_0|s100006->200006d|$c79$l-1877411371^i0 size=8388608 queue_latency_us=0 attempt=0
I0909 06:42:04.874335    1350 grpc_transport.cc:1743] [MEGASCALE_TRANSPORT_INSTR] SendRpc: key=ppermute.3_0|s100000->200000d|$c76$l-1877411371^i0 size=8388608 queue_latency_us=0 attempt=0
I0909 06:42:04.878944    1328 grpc_transport.cc:1743] [MEGASCALE_TRANSPORT_INSTR] SendRpc: key=ppermute.3_0|s100003->200003d|$c112$l-1877411371^i0 size=8388608 queue_latency_us=0 attempt=0
I0909 06:42:04.883851    1340 grpc_transport.cc:1743] [MEGASCALE_TRANSPORT_INSTR] SendRpc: key=ppermute.3_0|s100007->200007d|$c116$l-1877411371^i0 size=8388608 queue_latency_us=0 attempt=0
I0909 06:42:04.893320    1895 grpc_transport.cc:1414] [MEGASCALE_TRANSPORT_INSTR] Recv: key=ppermute.3_0|s200006->100006d|$c12$l-1877411371^i0 size=0 is_single_chunk=true is_aligned=true memcpy_needed=false
I0909 06:42:04.916649    1340 grpc_transport.cc:1414] [MEGASCALE_TRANSPORT_INSTR] Recv: key=ppermute.3_0|s200004->100004d|$c29$l-1877411371^i0 size=0 is_single_chunk=true is_aligned=true memcpy_needed=false
I0909 06:42:04.938313    1340 grpc_transport.cc:1414] [MEGASCALE_TRANSPORT_INSTR] Recv: key=ppermute.3_0|s200000->100000d|$c38$l-1877411371^i0 size=0 is_single_chunk=true is_aligned=true memcpy_needed=false
I0909 06:42:04.959247    1693 grpc_transport.cc:1414] [MEGASCALE_TRANSPORT_INSTR] Recv: key=ppermute.3_0|s200002->100002d|$c50$l-1877411371^i0 size=0 is_single_chunk=true is_aligned=true memcpy_needed=false
I0909 06:42:04.980216    1340 grpc_transport.cc:1414] [MEGASCALE_TRANSPORT_INSTR] Recv: key=ppermute.3_0|s200000->100000d|$c65$l-1877411371^i0 size=0 is_single_chunk=true is_aligned=true memcpy_needed=false
I0909 06:42:04.997794    1689 grpc_transport.cc:1414] [MEGASCALE_TRANSPORT_INSTR] Recv: key=ppermute.3_0|s200007->100007d|$c60$l-1877411371^i0 size=0 is_single_chunk=true is_aligned=true memcpy_needed=false
I0909 06:42:05.015167    1336 grpc_transport.cc:1414] [MEGASCALE_TRANSPORT_INSTR] Recv: key=ppermute.3_0|s200006->100006d|$c104$l-1877411371^i0 size=0 is_single_chunk=true is_aligned=true memcpy_needed=false
I0909 06:42:05.032861    1891 grpc_transport.cc:1414] [MEGASCALE_TRANSPORT_INSTR] Recv: key=ppermute.3_0|s200002->100002d|$c92$l-1877411371^i0 size=0 is_single_chunk=true is_aligned=true memcpy_needed=false
I0909 06:42:05.060293    1689 grpc_transport.cc:1414] [MEGASCALE_TRANSPORT_INSTR] Recv: key=ppermute.3_0|s200007->100007d|$c100$l-1877411371^i0 size=0 is_single_chunk=true is_aligned=true memcpy_needed=false
I0909 06:42:05.112900     784 grpc_transport.cc:1743] [MEGASCALE_TRANSPORT_INSTR] SendRpc: key=ppermute.3_0|s100000->200000d|$c0$l-1877411370^i0 size=8388608 queue_latency_us=0 attempt=0
I0909 06:42:05.117265    1912 grpc_transport.cc:1743] [MEGASCALE_TRANSPORT_INSTR] SendRpc: key=ppermute.3_0|s100001->200001d|$c2$l-1877411370^i0 size=8388608 queue_latency_us=0 attempt=0
I0909 06:42:05.119927    1904 grpc_transport.cc:1743] [MEGASCALE_TRANSPORT_INSTR] SendRpc: key=ppermute.3_0|s100001->200001d|$c29$l-1877411370^i0 size=8388608 queue_latency_us=0 attempt=0
I0909 06:42:05.124183    1713 grpc_transport.cc:1743] [MEGASCALE_TRANSPORT_INSTR] SendRpc: key=ppermute.3_0|s100004->200004d|$c36$l-1877411370^i0 size=8388608 queue_latency_us=0 attempt=0
I0909 06:42:05.126124    1899 grpc_transport.cc:1414] [MEGASCALE_TRANSPORT_INSTR] Recv: key=ppermute.3_0|s200002->100002d|$c0$l-1877411370^i0 size=0 is_single_chunk=true is_aligned=true memcpy_needed=false
I0909 06:42:05.129249    1351 grpc_transport.cc:1743] [MEGASCALE_TRANSPORT_INSTR] SendRpc: key=ppermute.3_0|s100006->200006d|$c48$l-1877411370^i0 size=8388608 queue_latency_us=0 attempt=0
I0909 06:42:05.134061    1915 grpc_transport.cc:1743] [MEGASCALE_TRANSPORT_INSTR] SendRpc: key=ppermute.3_0|s100007->200007d|$c68$l-1877411370^i0 size=8388608 queue_latency_us=0 attempt=0
I0909 06:42:05.139297    1343 grpc_transport.cc:1743] [MEGASCALE_TRANSPORT_INSTR] SendRpc: key=ppermute.3_0|s100001->200001d|$c77$l-1877411370^i0 size=8388608 queue_latency_us=0 attempt=0
I0909 06:42:05.144050    1930 grpc_transport.cc:1743] [MEGASCALE_TRANSPORT_INSTR] SendRpc: key=ppermute.3_0|s100000->200000d|$c121$l-1877411370^i0 size=8388608 queue_latency_us=0 attempt=0
I0909 06:42:05.149443    1698 grpc_transport.cc:1743] [MEGASCALE_TRANSPORT_INSTR] SendRpc: key=ppermute.3_0|s100006->200006d|$c92$l-1877411370^i0 size=8388608 queue_latency_us=0 attempt=0
I0909 06:42:05.153200    1337 grpc_transport.cc:1743] [MEGASCALE_TRANSPORT_INSTR] SendRpc: key=ppermute.3_0|s100003->200003d|$c115$l-1877411370^i0 size=8388608 queue_latency_us=0 attempt=0
I0909 06:42:05.156732    1689 grpc_transport.cc:1743] [MEGASCALE_TRANSPORT_INSTR] SendRpc: key=ppermute.3_0|s100005->200005d|$c126$l-1877411370^i0 size=8388608 queue_latency_us=0 attempt=0
I0909 06:42:05.164180    1894 grpc_transport.cc:1414] [MEGASCALE_TRANSPORT_INSTR] Recv: key=ppermute.3_0|s200005->100005d|$c8$l-1877411370^i0 size=0 is_single_chunk=true is_aligned=true memcpy_needed=false
I0909 06:42:05.193828    1689 grpc_transport.cc:1414] [MEGASCALE_TRANSPORT_INSTR] Recv: key=ppermute.3_0|s200002->100002d|$c30$l-1877411370^i0 size=0 is_single_chunk=true is_aligned=true memcpy_needed=false
I0909 06:42:05.214581    1894 grpc_transport.cc:1414] [MEGASCALE_TRANSPORT_INSTR] Recv: key=ppermute.3_0|s200003->100003d|$c34$l-1877411370^i0 size=0 is_single_chunk=true is_aligned=true memcpy_needed=false
I0909 06:42:05.234696    1894 grpc_transport.cc:1414] [MEGASCALE_TRANSPORT_INSTR] Recv: key=ppermute.3_0|s200003->100003d|$c42$l-1877411370^i0 size=0 is_single_chunk=true is_aligned=true memcpy_needed=false
I0909 06:42:05.254719    1894 grpc_transport.cc:1414] [MEGASCALE_TRANSPORT_INSTR] Recv: key=ppermute.3_0|s200002->100002d|$c54$l-1877411370^i0 size=0 is_single_chunk=true is_aligned=true memcpy_needed=false
I0909 06:42:05.274429    1694 grpc_transport.cc:1414] [MEGASCALE_TRANSPORT_INSTR] Recv: key=ppermute.3_0|s200004->100004d|$c108$l-1877411370^i0 size=0 is_single_chunk=true is_aligned=true memcpy_needed=false
I0909 06:42:05.292765    1690 grpc_transport.cc:1414] [MEGASCALE_TRANSPORT_INSTR] Recv: key=ppermute.3_0|s200006->100006d|$c119$l-1877411370^i0 size=0 is_single_chunk=true is_aligned=true memcpy_needed=false
I0909 06:42:05.322668    1894 grpc_transport.cc:1414] [MEGASCALE_TRANSPORT_INSTR] Recv: key=ppermute.3_0|s200002->100002d|$c89$l-1877411370^i0 size=0 is_single_chunk=true is_aligned=true memcpy_needed=false
I0909 06:42:05.358048    1687 grpc_transport.cc:1414] [MEGASCALE_TRANSPORT_INSTR] Recv: key=ppermute.3_0|s200005->100005d|$c103$l-1877411370^i0 size=0 is_single_chunk=true is_aligned=true memcpy_needed=false
I0909 06:42:05.389596    1687 grpc_transport.cc:1414] [MEGASCALE_TRANSPORT_INSTR] Recv: key=ppermute.3_0|s200003->100003d|$c126$l-1877411370^i0 size=0 is_single_chunk=true is_aligned=true memcpy_needed=false
I0909 06:42:05.416733    1687 grpc_transport.cc:1414] [MEGASCALE_TRANSPORT_INSTR] Recv: key=ppermute.3_0|s200003->100003d|$c8$l-1877411369^i0 size=0 is_single_chunk=true is_aligned=true memcpy_needed=false
I0909 06:42:05.422775    1934 grpc_transport.cc:1743] [MEGASCALE_TRANSPORT_INSTR] SendRpc: key=ppermute.3_0|s100000->200000d|$c22$l-1877411369^i0 size=8388608 queue_latency_us=0 attempt=0
I0909 06:42:05.429960    1723 grpc_transport.cc:1743] [MEGASCALE_TRANSPORT_INSTR] SendRpc: key=ppermute.3_0|s100005->200005d|$c23$l-1877411369^i0 size=8388608 queue_latency_us=0 attempt=0
I0909 06:42:05.435786    1332 grpc_transport.cc:1743] [MEGASCALE_TRANSPORT_INSTR] SendRpc: key=ppermute.3_0|s100005->200005d|$c37$l-1877411369^i0 size=8388608 queue_latency_us=0 attempt=0
I0909 06:42:05.443108    1921 grpc_transport.cc:1743] [MEGASCALE_TRANSPORT_INSTR] SendRpc: key=ppermute.3_0|s100003->200003d|$c55$l-1877411369^i0 size=8388608 queue_latency_us=0 attempt=0
I0909 06:42:05.447371    1698 grpc_transport.cc:1414] [MEGASCALE_TRANSPORT_INSTR] Recv: key=ppermute.3_0|s200002->100002d|$c13$l-1877411369^i0 size=0 is_single_chunk=true is_aligned=true memcpy_needed=false
I0909 06:42:05.449834    1690 grpc_transport.cc:1743] [MEGASCALE_TRANSPORT_INSTR] SendRpc: key=ppermute.3_0|s100000->200000d|$c85$l-1877411369^i0 size=8388608 queue_latency_us=0 attempt=0
I0909 06:42:05.456005    1704 grpc_transport.cc:1743] [MEGASCALE_TRANSPORT_INSTR] SendRpc: key=ppermute.3_0|s100007->200007d|$c77$l-1877411369^i0 size=8388608 queue_latency_us=0 attempt=0
I0909 06:42:05.461190    1715 grpc_transport.cc:1743] [MEGASCALE_TRANSPORT_INSTR] SendRpc: key=ppermute.3_0|s100005->200005d|$c96$l-1877411369^i0 size=8388608 queue_latency_us=0 attempt=0
I0909 06:42:05.466186    1943 grpc_transport.cc:1743] [MEGASCALE_TRANSPORT_INSTR] SendRpc: key=ppermute.3_0|s100001->200001d|$c119$l-1877411369^i0 size=8388608 queue_latency_us=0 attempt=0
I0909 06:42:05.468111    1688 grpc_transport.cc:1414] [MEGASCALE_TRANSPORT_INSTR] Recv: key=ppermute.3_0|s200004->100004d|$c51$l-1877411369^i0 size=0 is_single_chunk=true is_aligned=true memcpy_needed=false
I0909 06:42:05.472732    2085 grpc_transport.cc:1743] [MEGASCALE_TRANSPORT_INSTR] SendRpc: key=ppermute.3_0|s100004->200004d|$c11$l-1877411369^i0 size=8388608 queue_latency_us=0 attempt=0
I0909 06:42:05.485777    2068 grpc_transport.cc:1414] [MEGASCALE_TRANSPORT_INSTR] Recv: key=ppermute.3_0|s200006->100006d|$c68$l-1877411369^i0 size=0 is_single_chunk=true is_aligned=true memcpy_needed=false
I0909 06:42:05.497250    1901 grpc_transport.cc:1743] [MEGASCALE_TRANSPORT_INSTR] SendRpc: key=ppermute.3_0|s100004->200004d|$c100$l-1877411369^i0 size=8388608 queue_latency_us=0 attempt=0
I0909 06:42:05.504623    1894 grpc_transport.cc:1414] [MEGASCALE_TRANSPORT_INSTR] Recv: key=ppermute.3_0|s200001->100001d|$c40$l-1877411369^i0 size=0 is_single_chunk=true is_aligned=true memcpy_needed=false
I0909 06:42:05.524728    1893 grpc_transport.cc:1414] [MEGASCALE_TRANSPORT_INSTR] Recv: key=ppermute.3_0|s200007->100007d|$c56$l-1877411369^i0 size=0 is_single_chunk=true is_aligned=true memcpy_needed=false
I0909 06:42:05.545798    1328 grpc_transport.cc:1414] [MEGASCALE_TRANSPORT_INSTR] Recv: key=ppermute.3_0|s200005->100005d|$c46$l-1877411369^i0 size=0 is_single_chunk=true is_aligned=true memcpy_needed=false
I0909 06:42:05.581112    1892 grpc_transport.cc:1414] [MEGASCALE_TRANSPORT_INSTR] Recv: key=ppermute.3_0|s200005->100005d|$c61$l-1877411369^i0 size=0 is_single_chunk=true is_aligned=true memcpy_needed=false
I0909 06:42:05.615888    1892 grpc_transport.cc:1414] [MEGASCALE_TRANSPORT_INSTR] Recv: key=ppermute.3_0|s200001->100001d|$c101$l-1877411369^i0 size=0 is_single_chunk=true is_aligned=true memcpy_needed=false
I0909 06:42:05.651415    1896 grpc_transport.cc:1414] [MEGASCALE_TRANSPORT_INSTR] Recv: key=ppermute.3_0|s200005->100005d|$c102$l-1877411369^i0 size=0 is_single_chunk=true is_aligned=true memcpy_needed=false
I0909 06:42:05.685925    1907 grpc_transport.cc:1743] [MEGASCALE_TRANSPORT_INSTR] SendRpc: key=ppermute.3_0|s100002->200002d|$c4$l-1877411368^i0 size=8388608 queue_latency_us=1 attempt=0
I0909 06:42:05.690693    1704 grpc_transport.cc:1743] [MEGASCALE_TRANSPORT_INSTR] SendRpc: key=ppermute.3_0|s100007->200007d|$c19$l-1877411368^i0 size=8388608 queue_latency_us=0 attempt=0
I0909 06:42:05.695244    1332 grpc_transport.cc:1743] [MEGASCALE_TRANSPORT_INSTR] SendRpc: key=ppermute.3_0|s100003->200003d|$c47$l-1877411368^i0 size=8388608 queue_latency_us=0 attempt=0
I0909 06:42:05.700047    1710 grpc_transport.cc:1743] [MEGASCALE_TRANSPORT_INSTR] SendRpc: key=ppermute.3_0|s100005->200005d|$c37$l-1877411368^i0 size=8388608 queue_latency_us=0 attempt=0
I0909 06:42:05.705580    1335 grpc_transport.cc:1743] [MEGASCALE_TRANSPORT_INSTR] SendRpc: key=ppermute.3_0|s100006->200006d|$c53$l-1877411368^i0 size=8388608 queue_latency_us=0 attempt=0
I0909 06:42:05.710680    2079 grpc_transport.cc:1743] [MEGASCALE_TRANSPORT_INSTR] SendRpc: key=ppermute.3_0|s100007->200007d|$c60$l-1877411368^i0 size=8388608 queue_latency_us=0 attempt=0
I0909 06:42:05.714871    1331 grpc_transport.cc:1414] [MEGASCALE_TRANSPORT_INSTR] Recv: key=ppermute.3_0|s200007->100007d|$c6$l-1877411368^i0 size=0 is_single_chunk=true is_aligned=true memcpy_needed=false
I0909 06:42:05.715901    1695 grpc_transport.cc:1743] [MEGASCALE_TRANSPORT_INSTR] SendRpc: key=ppermute.3_0|s100003->200003d|$c93$l-1877411368^i0 size=8388608 queue_latency_us=0 attempt=0
I0909 06:42:05.720492    1344 grpc_transport.cc:1743] [MEGASCALE_TRANSPORT_INSTR] SendRpc: key=ppermute.3_0|s100004->200004d|$c95$l-1877411368^i0 size=8388608 queue_latency_us=0 attempt=0
I0909 06:42:05.724336    2064 grpc_transport.cc:1743] [MEGASCALE_TRANSPORT_INSTR] SendRpc: key=ppermute.3_0|s100007->200007d|$c102$l-1877411368^i0 size=8388608 queue_latency_us=0 attempt=0
I0909 06:42:05.728909    1341 grpc_transport.cc:1743] [MEGASCALE_TRANSPORT_INSTR] SendRpc: key=ppermute.3_0|s100005->200005d|$c112$l-1877411368^i0 size=8388608 queue_latency_us=0 attempt=0
I0909 06:42:05.747258    1339 grpc_transport.cc:1414] [MEGASCALE_TRANSPORT_INSTR] Recv: key=ppermute.3_0|s200000->100000d|$c35$l-1877411368^i0 size=0 is_single_chunk=true is_aligned=true memcpy_needed=false
I0909 06:42:05.768740    2070 grpc_transport.cc:1414] [MEGASCALE_TRANSPORT_INSTR] Recv: key=ppermute.3_0|s200000->100000d|$c53$l-1877411368^i0 size=0 is_single_chunk=true is_aligned=true memcpy_needed=false
I0909 06:42:05.788181     801 grpc_transport.cc:1414] [MEGASCALE_TRANSPORT_INSTR] Recv: key=ppermute.3_0|s200003->100003d|$c43$l-1877411368^i0 size=0 is_single_chunk=true is_aligned=true memcpy_needed=false
I0909 06:42:05.807532    1344 grpc_transport.cc:1414] [MEGASCALE_TRANSPORT_INSTR] Recv: key=ppermute.3_0|s200006->100006d|$c84$l-1877411368^i0 size=0 is_single_chunk=true is_aligned=true memcpy_needed=false
I0909 06:42:05.826343    1691 grpc_transport.cc:1414] [MEGASCALE_TRANSPORT_INSTR] Recv: key=ppermute.3_0|s200003->100003d|$c74$l-1877411368^i0 size=0 is_single_chunk=true is_aligned=true memcpy_needed=false
I0909 06:42:05.845625    2070 grpc_transport.cc:1414] [MEGASCALE_TRANSPORT_INSTR] Recv: key=ppermute.3_0|s200006->100006d|$c114$l-1877411368^i0 size=0 is_single_chunk=true is_aligned=true memcpy_needed=false
I0909 06:42:05.877422    1328 grpc_transport.cc:1414] [MEGASCALE_TRANSPORT_INSTR] Recv: key=ppermute.3_0|s200001->100001d|$c51$l-1877411368^i0 size=0 is_single_chunk=true is_aligned=true memcpy_needed=false
I0909 06:42:05.912904    1328 grpc_transport.cc:1414] [MEGASCALE_TRANSPORT_INSTR] Recv: key=ppermute.3_0|s200003->100003d|$c110$l-1877411368^i0 size=0 is_single_chunk=true is_aligned=true memcpy_needed=false
I0909 06:42:05.948154    1328 grpc_transport.cc:1414] [MEGASCALE_TRANSPORT_INSTR] Recv: key=ppermute.3_0|s200007->100007d|$c122$l-1877411368^i0 size=0 is_single_chunk=true is_aligned=true memcpy_needed=false
I0909 06:42:05.978574    1893 grpc_transport.cc:1414] [MEGASCALE_TRANSPORT_INSTR] Recv: key=ppermute.3_0|s200005->100005d|$c115$l-1877411368^i0 size=0 is_single_chunk=true is_aligned=true memcpy_needed=false
I0909 06:42:05.997875    1335 grpc_transport.cc:1743] [MEGASCALE_TRANSPORT_INSTR] SendRpc: key=ppermute.3_0|s100005->200005d|$c1$l-1877411367^i0 size=8388608 queue_latency_us=0 attempt=0
I0909 06:42:06.003998    2066 grpc_transport.cc:1743] [MEGASCALE_TRANSPORT_INSTR] SendRpc: key=ppermute.3_0|s100000->200000d|$c39$l-1877411367^i0 size=8388608 queue_latency_us=0 attempt=0
I0909 06:42:06.004113    2075 grpc_transport.cc:1414] [MEGASCALE_TRANSPORT_INSTR] Recv: key=ppermute.3_0|s200004->100004d|$c32$l-1877411367^i0 size=0 is_single_chunk=true is_aligned=true memcpy_needed=false
I0909 06:42:06.010277    1349 grpc_transport.cc:1743] [MEGASCALE_TRANSPORT_INSTR] SendRpc: key=ppermute.3_0|s100002->200002d|$c36$l-1877411367^i0 size=8388608 queue_latency_us=0 attempt=0
I0909 06:42:06.016353    2085 grpc_transport.cc:1743] [MEGASCALE_TRANSPORT_INSTR] SendRpc: key=ppermute.3_0|s100007->200007d|$c6$l-1877411367^i0 size=8388608 queue_latency_us=0 attempt=0
I0909 06:42:06.022136    1344 grpc_transport.cc:1743] [MEGASCALE_TRANSPORT_INSTR] SendRpc: key=ppermute.3_0|s100000->200000d|$c82$l-1877411367^i0 size=8388608 queue_latency_us=0 attempt=0
I0909 06:42:06.029043    2070 grpc_transport.cc:1743] [MEGASCALE_TRANSPORT_INSTR] SendRpc: key=ppermute.3_0|s100004->200004d|$c79$l-1877411367^i0 size=8388608 queue_latency_us=0 attempt=0
I0909 06:42:06.029696    2082 grpc_transport.cc:1414] [MEGASCALE_TRANSPORT_INSTR] Recv: key=ppermute.3_0|s200006->100006d|$c46$l-1877411367^i0 size=0 is_single_chunk=true is_aligned=true memcpy_needed=false
I0909 06:42:06.037034    1719 grpc_transport.cc:1743] [MEGASCALE_TRANSPORT_INSTR] SendRpc: key=ppermute.3_0|s100001->200001d|$c87$l-1877411367^i0 size=8388608 queue_latency_us=0 attempt=0
I0909 06:42:06.040186    2075 grpc_transport.cc:1743] [MEGASCALE_TRANSPORT_INSTR] SendRpc: key=ppermute.3_0|s100000->200000d|$c117$l-1877411367^i0 size=8388608 queue_latency_us=0 attempt=0
I0909 06:42:06.042228    1331 grpc_transport.cc:1743] [MEGASCALE_TRANSPORT_INSTR] SendRpc: key=ppermute.3_0|s100003->200003d|$c98$l-1877411367^i0 size=8388608 queue_latency_us=0 attempt=0
I0909 06:42:06.044565    1925 grpc_transport.cc:1743] [MEGASCALE_TRANSPORT_INSTR] SendRpc: key=ppermute.3_0|s100002->200002d|$c113$l-1877411367^i0 size=8388608 queue_latency_us=0 attempt=0
I0909 06:42:06.052440    1900 grpc_transport.cc:1414] [MEGASCALE_TRANSPORT_INSTR] Recv: key=ppermute.3_0|s200007->100007d|$c26$l-1877411367^i0 size=0 is_single_chunk=true is_aligned=true memcpy_needed=false
I0909 06:42:06.071816    1336 grpc_transport.cc:1414] [MEGASCALE_TRANSPORT_INSTR] Recv: key=ppermute.3_0|s200000->100000d|$c87$l-1877411367^i0 size=0 is_single_chunk=true is_aligned=true memcpy_needed=false
I0909 06:42:06.092628    1894 grpc_transport.cc:1414] [MEGASCALE_TRANSPORT_INSTR] Recv: key=ppermute.3_0|s200007->100007d|$c44$l-1877411367^i0 size=0 is_single_chunk=true is_aligned=true memcpy_needed=false
I0909 06:42:06.113514    1895 grpc_transport.cc:1414] [MEGASCALE_TRANSPORT_INSTR] Recv: key=ppermute.3_0|s200004->100004d|$c126$l-1877411367^i0 size=0 is_single_chunk=true is_aligned=true memcpy_needed=false
I0909 06:42:06.144865    1691 grpc_transport.cc:1414] [MEGASCALE_TRANSPORT_INSTR] Recv: key=ppermute.3_0|s200005->100005d|$c65$l-1877411367^i0 size=0 is_single_chunk=true is_aligned=true memcpy_needed=false
I0909 06:42:06.181045    1689 grpc_transport.cc:1414] [MEGASCALE_TRANSPORT_INSTR] Recv: key=ppermute.3_0|s200001->100001d|$c98$l-1877411367^i0 size=0 is_single_chunk=true is_aligned=true memcpy_needed=false
I0909 06:42:06.216362    1894 grpc_transport.cc:1414] [MEGASCALE_TRANSPORT_INSTR] Recv: key=ppermute.3_0|s200007->100007d|$c101$l-1877411367^i0 size=0 is_single_chunk=true is_aligned=true memcpy_needed=false
I0909 06:42:06.257341    1691 grpc_transport.cc:1743] [MEGASCALE_TRANSPORT_INSTR] SendRpc: key=ppermute.3_0|s100003->200003d|$c21$l-1877411366^i0 size=8388608 queue_latency_us=0 attempt=0
I0909 06:42:06.262257    1705 grpc_transport.cc:1743] [MEGASCALE_TRANSPORT_INSTR] SendRpc: key=ppermute.3_0|s100002->200002d|$c10$l-1877411366^i0 size=8388608 queue_latency_us=0 attempt=0
I0909 06:42:06.264375    1698 grpc_transport.cc:1414] [MEGASCALE_TRANSPORT_INSTR] Recv: key=ppermute.3_0|s200007->100007d|$c15$l-1877411366^i0 size=0 is_single_chunk=true is_aligned=true memcpy_needed=false
I0909 06:42:06.265112    1339 grpc_transport.cc:1743] [MEGASCALE_TRANSPORT_INSTR] SendRpc: key=ppermute.3_0|s100004->200004d|$c33$l-1877411366^i0 size=8388608 queue_latency_us=0 attempt=0
I0909 06:42:06.267829     801 grpc_transport.cc:1743] [MEGASCALE_TRANSPORT_INSTR] SendRpc: key=ppermute.3_0|s100005->200005d|$c24$l-1877411366^i0 size=8388608 queue_latency_us=0 attempt=0
I0909 06:42:06.270645    1893 grpc_transport.cc:1743] [MEGASCALE_TRANSPORT_INSTR] SendRpc: key=ppermute.3_0|s100003->200003d|$c78$l-1877411366^i0 size=8388608 queue_latency_us=0 attempt=0
I0909 06:42:06.273962    1335 grpc_transport.cc:1743] [MEGASCALE_TRANSPORT_INSTR] SendRpc: key=ppermute.3_0|s100006->200006d|$c76$l-1877411366^i0 size=8388608 queue_latency_us=0 attempt=0
I0909 06:42:06.276786    2064 grpc_transport.cc:1743] [MEGASCALE_TRANSPORT_INSTR] SendRpc: key=ppermute.3_0|s100005->200005d|$c75$l-1877411366^i0 size=8388608 queue_latency_us=0 attempt=0
I0909 06:42:06.280717    1339 grpc_transport.cc:1743] [MEGASCALE_TRANSPORT_INSTR] SendRpc: key=ppermute.3_0|s100004->200004d|$c92$l-1877411366^i0 size=8388608 queue_latency_us=0 attempt=0
I0909 06:42:06.284782    1908 grpc_transport.cc:1743] [MEGASCALE_TRANSPORT_INSTR] SendRpc: key=ppermute.3_0|s100000->200000d|$c101$l-1877411366^i0 size=8388608 queue_latency_us=0 attempt=0
I0909 06:42:06.289040    2067 grpc_transport.cc:1743] [MEGASCALE_TRANSPORT_INSTR] SendRpc: key=ppermute.3_0|s100005->200005d|$c109$l-1877411366^i0 size=8388608 queue_latency_us=0 attempt=0
I0909 06:42:06.310865    1330 grpc_transport.cc:1414] [MEGASCALE_TRANSPORT_INSTR] Recv: key=ppermute.3_0|s200003->100003d|$c1$l-1877411366^i0 size=0 is_single_chunk=true is_aligned=true memcpy_needed=false
I0909 06:42:06.335119    1692 grpc_transport.cc:1414] [MEGASCALE_TRANSPORT_INSTR] Recv: key=ppermute.3_0|s200004->100004d|$c36$l-1877411366^i0 size=0 is_single_chunk=true is_aligned=true memcpy_needed=false
I0909 06:42:06.357118    1340 grpc_transport.cc:1414] [MEGASCALE_TRANSPORT_INSTR] Recv: key=ppermute.3_0|s200000->100000d|$c62$l-1877411366^i0 size=0 is_single_chunk=true is_aligned=true memcpy_needed=false
I0909 06:42:06.377346    1330 grpc_transport.cc:1414] [MEGASCALE_TRANSPORT_INSTR] Recv: key=ppermute.3_0|s200001->100001d|$c24$l-1877411366^i0 size=0 is_single_chunk=true is_aligned=true memcpy_needed=false
I0909 06:42:06.397912    2064 grpc_transport.cc:1414] [MEGASCALE_TRANSPORT_INSTR] Recv: key=ppermute.3_0|s200006->100006d|$c96$l-1877411366^i0 size=0 is_single_chunk=true is_aligned=true memcpy_needed=false
I0909 06:42:06.419824    1689 grpc_transport.cc:1414] [MEGASCALE_TRANSPORT_INSTR] Recv: key=ppermute.3_0|s200001->100001d|$c39$l-1877411366^i0 size=0 is_single_chunk=true is_aligned=true memcpy_needed=false
I0909 06:42:06.448977    1689 grpc_transport.cc:1414] [MEGASCALE_TRANSPORT_INSTR] Recv: key=ppermute.3_0|s200001->100001d|$c42$l-1877411366^i0 size=0 is_single_chunk=true is_aligned=true memcpy_needed=false
I0909 06:42:06.483902    1330 grpc_transport.cc:1414] [MEGASCALE_TRANSPORT_INSTR] Recv: key=ppermute.3_0|s200003->100003d|$c73$l-1877411366^i0 size=0 is_single_chunk=true is_aligned=true memcpy_needed=false
I0909 06:42:06.514435    1330 grpc_transport.cc:1414] [MEGASCALE_TRANSPORT_INSTR] Recv: key=ppermute.3_0|s200005->100005d|$c97$l-1877411366^i0 size=0 is_single_chunk=true is_aligned=true memcpy_needed=false
I0909 06:42:06.536218    1694 grpc_transport.cc:1414] [MEGASCALE_TRANSPORT_INSTR] Recv: key=ppermute.3_0|s200000->100000d|$c23$l-1877411365^i0 size=0 is_single_chunk=true is_aligned=true memcpy_needed=false
I0909 06:42:06.554784    1694 grpc_transport.cc:1414] [MEGASCALE_TRANSPORT_INSTR] Recv: key=ppermute.3_0|s200004->100004d|$c40$l-1877411365^i0 size=0 is_single_chunk=true is_aligned=true memcpy_needed=false
I0909 06:42:06.571916    1694 grpc_transport.cc:1414] [MEGASCALE_TRANSPORT_INSTR] Recv: key=ppermute.3_0|s200006->100006d|$c61$l-1877411365^i0 size=0 is_single_chunk=true is_aligned=true memcpy_needed=false
I0909 06:42:06.581735    1692 grpc_transport.cc:1743] [MEGASCALE_TRANSPORT_INSTR] SendRpc: key=ppermute.3_0|s100000->200000d|$c9$l-1877411365^i0 size=8388608 queue_latency_us=0 attempt=0
I0909 06:42:06.586371    2068 grpc_transport.cc:1743] [MEGASCALE_TRANSPORT_INSTR] SendRpc: key=ppermute.3_0|s100007->200007d|$c13$l-1877411365^i0 size=8388608 queue_latency_us=0 attempt=0
I0909 06:42:06.592653    1695 grpc_transport.cc:1743] [MEGASCALE_TRANSPORT_INSTR] SendRpc: key=ppermute.3_0|s100006->200006d|$c20$l-1877411365^i0 size=8388608 queue_latency_us=0 attempt=0
I0909 06:42:06.598836    1907 grpc_transport.cc:1743] [MEGASCALE_TRANSPORT_INSTR] SendRpc: key=ppermute.3_0|s100002->200002d|$c37$l-1877411365^i0 size=8388608 queue_latency_us=0 attempt=0
I0909 06:42:06.602700    1915 grpc_transport.cc:1414] [MEGASCALE_TRANSPORT_INSTR] Recv: key=ppermute.3_0|s200000->100000d|$c77$l-1877411365^i0 size=0 is_single_chunk=true is_aligned=true memcpy_needed=false
I0909 06:42:06.604623    1709 grpc_transport.cc:1743] [MEGASCALE_TRANSPORT_INSTR] SendRpc: key=ppermute.3_0|s100000->200000d|$c74$l-1877411365^i0 size=8388608 queue_latency_us=0 attempt=0
I0909 06:42:06.611051    1693 grpc_transport.cc:1743] [MEGASCALE_TRANSPORT_INSTR] SendRpc: key=ppermute.3_0|s100001->200001d|$c56$l-1877411365^i0 size=8388608 queue_latency_us=0 attempt=0
I0909 06:42:06.620090    1699 grpc_transport.cc:1743] [MEGASCALE_TRANSPORT_INSTR] SendRpc: key=ppermute.3_0|s100002->200002d|$c82$l-1877411365^i0 size=8388608 queue_latency_us=0 attempt=0
I0909 06:42:06.621982     803 grpc_transport.cc:1743] [MEGASCALE_TRANSPORT_INSTR] SendRpc: key=ppermute.3_0|s100001->200001d|$c103$l-1877411365^i0 size=8388608 queue_latency_us=1 attempt=0
I0909 06:42:06.625736    1331 grpc_transport.cc:1743] [MEGASCALE_TRANSPORT_INSTR] SendRpc: key=ppermute.3_0|s100003->200003d|$c86$l-1877411365^i0 size=8388608 queue_latency_us=0 attempt=0
I0909 06:42:06.627699    1900 grpc_transport.cc:1743] [MEGASCALE_TRANSPORT_INSTR] SendRpc: key=ppermute.3_0|s100002->200002d|$c97$l-1877411365^i0 size=8388608 queue_latency_us=0 attempt=0
I0909 06:42:06.628873    2077 grpc_transport.cc:1414] [MEGASCALE_TRANSPORT_INSTR] Recv: key=ppermute.3_0|s200006->100006d|$c92$l-1877411365^i0 size=0 is_single_chunk=true is_aligned=true memcpy_needed=false
I0909 06:42:06.631153    1341 grpc_transport.cc:1743] [MEGASCALE_TRANSPORT_INSTR] SendRpc: key=ppermute.3_0|s100006->200006d|$c123$l-1877411365^i0 size=8388608 queue_latency_us=0 attempt=0
I0909 06:42:06.647172    1330 grpc_transport.cc:1414] [MEGASCALE_TRANSPORT_INSTR] Recv: key=ppermute.3_0|s200001->100001d|$c29$l-1877411365^i0 size=0 is_single_chunk=true is_aligned=true memcpy_needed=false
I0909 06:42:06.670655    1330 grpc_transport.cc:1414] [MEGASCALE_TRANSPORT_INSTR] Recv: key=ppermute.3_0|s200005->100005d|$c33$l-1877411365^i0 size=0 is_single_chunk=true is_aligned=true memcpy_needed=false
I0909 06:42:06.705417     801 grpc_transport.cc:1414] [MEGASCALE_TRANSPORT_INSTR] Recv: key=ppermute.3_0|s200005->100005d|$c52$l-1877411365^i0 size=0 is_single_chunk=true is_aligned=true memcpy_needed=false
I0909 06:42:06.743473    1335 grpc_transport.cc:1414] [MEGASCALE_TRANSPORT_INSTR] Recv: key=ppermute.3_0|s200003->100003d|$c83$l-1877411365^i0 size=0 is_single_chunk=true is_aligned=true memcpy_needed=false
I0909 06:42:06.783253     801 grpc_transport.cc:1414] [MEGASCALE_TRANSPORT_INSTR] Recv: key=ppermute.3_0|s200007->100007d|$c121$l-1877411365^i0 size=0 is_single_chunk=true is_aligned=true memcpy_needed=false
I0909 06:42:06.818592    1330 grpc_transport.cc:1414] [MEGASCALE_TRANSPORT_INSTR] Recv: key=ppermute.3_0|s200005->100005d|$c103$l-1877411365^i0 size=0 is_single_chunk=true is_aligned=true memcpy_needed=false
I0909 06:42:06.840515    1705 grpc_transport.cc:1743] [MEGASCALE_TRANSPORT_INSTR] SendRpc: key=ppermute.3_0|s100005->200005d|$c8$l-1877411364^i0 size=8388608 queue_latency_us=0 attempt=0
I0909 06:42:06.845129    1907 grpc_transport.cc:1743] [MEGASCALE_TRANSPORT_INSTR] SendRpc: key=ppermute.3_0|s100006->200006d|$c29$l-1877411364^i0 size=8388608 queue_latency_us=0 attempt=0
I0909 06:42:06.850078     784 grpc_transport.cc:1743] [MEGASCALE_TRANSPORT_INSTR] SendRpc: key=ppermute.3_0|s100007->200007d|$c43$l-1877411364^i0 size=8388608 queue_latency_us=0 attempt=0
I0909 06:42:06.855624     801 grpc_transport.cc:1743] [MEGASCALE_TRANSPORT_INSTR] SendRpc: key=ppermute.3_0|s100006->200006d|$c57$l-1877411364^i0 size=8388608 queue_latency_us=0 attempt=0
I0909 06:42:06.861200    1331 grpc_transport.cc:1743] [MEGASCALE_TRANSPORT_INSTR] SendRpc: key=ppermute.3_0|s100003->200003d|$c98$l-1877411364^i0 size=8388608 queue_latency_us=0 attempt=0
I0909 06:42:06.866582    1335 grpc_transport.cc:1743] [MEGASCALE_TRANSPORT_INSTR] SendRpc: key=ppermute.3_0|s100002->200002d|$c88$l-1877411364^i0 size=8388608 queue_latency_us=0 attempt=0
I0909 06:42:06.871190    1335 grpc_transport.cc:1743] [MEGASCALE_TRANSPORT_INSTR] SendRpc: key=ppermute.3_0|s100001->200001d|$c2$l-1877411364^i0 size=8388608 queue_latency_us=0 attempt=0
I0909 06:42:06.876761    1329 grpc_transport.cc:1743] [MEGASCALE_TRANSPORT_INSTR] SendRpc: key=ppermute.3_0|s100001->200001d|$c24$l-1877411364^i0 size=8388608 queue_latency_us=0 attempt=0
I0909 06:42:06.877987    1340 grpc_transport.cc:1414] [MEGASCALE_TRANSPORT_INSTR] Recv: key=ppermute.3_0|s200000->100000d|$c0$l-1877411364^i0 size=0 is_single_chunk=true is_aligned=true memcpy_needed=false
I0909 06:42:06.882400    1332 grpc_transport.cc:1743] [MEGASCALE_TRANSPORT_INSTR] SendRpc: key=ppermute.3_0|s100001->200001d|$c68$l-1877411364^i0 size=8388608 queue_latency_us=0 attempt=0
I0909 06:42:06.887923    1901 grpc_transport.cc:1743] [MEGASCALE_TRANSPORT_INSTR] SendRpc: key=ppermute.3_0|s100000->200000d|$c94$l-1877411364^i0 size=8388608 queue_latency_us=0 attempt=0
I0909 06:42:06.912705    1891 grpc_transport.cc:1414] [MEGASCALE_TRANSPORT_INSTR] Recv: key=ppermute.3_0|s200002->100002d|$c25$l-1877411364^i0 size=0 is_single_chunk=true is_aligned=true memcpy_needed=false
I0909 06:42:06.935653    2067 grpc_transport.cc:1414] [MEGASCALE_TRANSPORT_INSTR] Recv: key=ppermute.3_0|s200004->100004d|$c47$l-1877411364^i0 size=0 is_single_chunk=true is_aligned=true memcpy_needed=false
I0909 06:42:06.957233    1331 grpc_transport.cc:1414] [MEGASCALE_TRANSPORT_INSTR] Recv: key=ppermute.3_0|s200001->100001d|$c15$l-1877411364^i0 size=0 is_single_chunk=true is_aligned=true memcpy_needed=false
I0909 06:42:06.976365    1331 grpc_transport.cc:1414] [MEGASCALE_TRANSPORT_INSTR] Recv: key=ppermute.3_0|s200005->100005d|$c18$l-1877411364^i0 size=0 is_single_chunk=true is_aligned=true memcpy_needed=false
I0909 06:42:06.995194    1898 grpc_transport.cc:1414] [MEGASCALE_TRANSPORT_INSTR] Recv: key=ppermute.3_0|s200007->100007d|$c43$l-1877411364^i0 size=0 is_single_chunk=true is_aligned=true memcpy_needed=false
I0909 06:42:07.012339    1340 grpc_transport.cc:1414] [MEGASCALE_TRANSPORT_INSTR] Recv: key=ppermute.3_0|s200004->100004d|$c123$l-1877411364^i0 size=0 is_single_chunk=true is_aligned=true memcpy_needed=false
I0909 06:42:07.043461    1331 grpc_transport.cc:1414] [MEGASCALE_TRANSPORT_INSTR] Recv: key=ppermute.3_0|s200007->100007d|$c70$l-1877411364^i0 size=0 is_single_chunk=true is_aligned=true memcpy_needed=false
I0909 06:42:07.078533    1330 grpc_transport.cc:1414] [MEGASCALE_TRANSPORT_INSTR] Recv: key=ppermute.3_0|s200002->100002d|$c103$l-1877411364^i0 size=0 is_single_chunk=true is_aligned=true memcpy_needed=false
I0909 06:42:07.113807    1330 grpc_transport.cc:1414] [MEGASCALE_TRANSPORT_INSTR] Recv: key=ppermute.3_0|s200001->100001d|$c92$l-1877411364^i0 size=0 is_single_chunk=true is_aligned=true memcpy_needed=false
I0909 06:42:07.145979    1691 grpc_transport.cc:1414] [MEGASCALE_TRANSPORT_INSTR] Recv: key=ppermute.3_0|s200007->100007d|$c0$l-1877411363^i0 size=0 is_single_chunk=true is_aligned=true memcpy_needed=false
I0909 06:42:07.155657    1898 grpc_transport.cc:1743] [MEGASCALE_TRANSPORT_INSTR] SendRpc: key=ppermute.3_0|s100001->200001d|$c4$l-1877411363^i0 size=8388608 queue_latency_us=0 attempt=0
I0909 06:42:07.160944    1701 grpc_transport.cc:1743] [MEGASCALE_TRANSPORT_INSTR] SendRpc: key=ppermute.3_0|s100003->200003d|$c20$l-1877411363^i0 size=8388608 queue_latency_us=0 attempt=0
I0909 06:42:07.166505    2069 grpc_transport.cc:1743] [MEGASCALE_TRANSPORT_INSTR] SendRpc: key=ppermute.3_0|s100004->200004d|$c25$l-1877411363^i0 size=8388608 queue_latency_us=0 attempt=0
I0909 06:42:07.172049     804 grpc_transport.cc:1743] [MEGASCALE_TRANSPORT_INSTR] SendRpc: key=ppermute.3_0|s100005->200005d|$c47$l-1877411363^i0 size=8388608 queue_latency_us=0 attempt=0
I0909 06:42:07.178396    1898 grpc_transport.cc:1743] [MEGASCALE_TRANSPORT_INSTR] SendRpc: key=ppermute.3_0|s100002->200002d|$c72$l-1877411363^i0 size=8388608 queue_latency_us=0 attempt=0
I0909 06:42:07.182985    2083 grpc_transport.cc:1414] [MEGASCALE_TRANSPORT_INSTR] Recv: key=ppermute.3_0|s200004->100004d|$c24$l-1877411363^i0 size=0 is_single_chunk=true is_aligned=true memcpy_needed=false
I0909 06:42:07.184264    2072 grpc_transport.cc:1743] [MEGASCALE_TRANSPORT_INSTR] SendRpc: key=ppermute.3_0|s100000->200000d|$c74$l-1877411363^i0 size=8388608 queue_latency_us=0 attempt=0
I0909 06:42:07.190090    1895 grpc_transport.cc:1743] [MEGASCALE_TRANSPORT_INSTR] SendRpc: key=ppermute.3_0|s100004->200004d|$c74$l-1877411363^i0 size=8388608 queue_latency_us=0 attempt=0
I0909 06:42:07.195773    1903 grpc_transport.cc:1743] [MEGASCALE_TRANSPORT_INSTR] SendRpc: key=ppermute.3_0|s100007->200007d|$c94$l-1877411363^i0 size=8388608 queue_latency_us=0 attempt=0
I0909 06:42:07.200158     801 grpc_transport.cc:1743] [MEGASCALE_TRANSPORT_INSTR] SendRpc: key=ppermute.3_0|s100003->200003d|$c117$l-1877411363^i0 size=8388608 queue_latency_us=0 attempt=0
I0909 06:42:07.204062    1694 grpc_transport.cc:1414] [MEGASCALE_TRANSPORT_INSTR] Recv: key=ppermute.3_0|s200000->100000d|$c56$l-1877411363^i0 size=0 is_single_chunk=true is_aligned=true memcpy_needed=false
I0909 06:42:07.204099    1903 grpc_transport.cc:1743] [MEGASCALE_TRANSPORT_INSTR] SendRpc: key=ppermute.3_0|s100004->200004d|$c110$l-1877411363^i0 size=8388608 queue_latency_us=0 attempt=0
I0909 06:42:07.220285    1700 grpc_transport.cc:1414] [MEGASCALE_TRANSPORT_INSTR] Recv: key=ppermute.3_0|s200006->100006d|$c53$l-1877411363^i0 size=0 is_single_chunk=true is_aligned=true memcpy_needed=false
I0909 06:42:07.239845    1895 grpc_transport.cc:1414] [MEGASCALE_TRANSPORT_INSTR] Recv: key=ppermute.3_0|s200000->100000d|$c97$l-1877411363^i0 size=0 is_single_chunk=true is_aligned=true memcpy_needed=false
I0909 06:42:07.257667    2067 grpc_transport.cc:1414] [MEGASCALE_TRANSPORT_INSTR] Recv: key=ppermute.3_0|s200006->100006d|$c90$l-1877411363^i0 size=0 is_single_chunk=true is_aligned=true memcpy_needed=false
I0909 06:42:07.277730    1330 grpc_transport.cc:1414] [MEGASCALE_TRANSPORT_INSTR] Recv: key=ppermute.3_0|s200005->100005d|$c63$l-1877411363^i0 size=0 is_single_chunk=true is_aligned=true memcpy_needed=false
I0909 06:42:07.308123    1330 grpc_transport.cc:1414] [MEGASCALE_TRANSPORT_INSTR] Recv: key=ppermute.3_0|s200005->100005d|$c78$l-1877411363^i0 size=0 is_single_chunk=true is_aligned=true memcpy_needed=false
I0909 06:42:07.343127    1691 grpc_transport.cc:1414] [MEGASCALE_TRANSPORT_INSTR] Recv: key=ppermute.3_0|s200001->100001d|$c72$l-1877411363^i0 size=0 is_single_chunk=true is_aligned=true memcpy_needed=false
I0909 06:42:07.378802    1330 grpc_transport.cc:1414] [MEGASCALE_TRANSPORT_INSTR] Recv: key=ppermute.3_0|s200003->100003d|$c79$l-1877411363^i0 size=0 is_single_chunk=true is_aligned=true memcpy_needed=false
I0909 06:42:07.420296    1692 grpc_transport.cc:1743] [MEGASCALE_TRANSPORT_INSTR] SendRpc: key=ppermute.3_0|s100004->200004d|$c9$l-1877411362^i0 size=8388608 queue_latency_us=0 attempt=0
I0909 06:42:07.424819    1898 grpc_transport.cc:1743] [MEGASCALE_TRANSPORT_INSTR] SendRpc: key=ppermute.3_0|s100005->200005d|$c9$l-1877411362^i0 size=8388608 queue_latency_us=0 attempt=0
I0909 06:42:07.427711    1712 grpc_transport.cc:1414] [MEGASCALE_TRANSPORT_INSTR] Recv: key=ppermute.3_0|s200001->100001d|$c5$l-1877411362^i0 size=0 is_single_chunk=true is_aligned=true memcpy_needed=false
I0909 06:42:07.429556    1692 grpc_transport.cc:1743] [MEGASCALE_TRANSPORT_INSTR] SendRpc: key=ppermute.3_0|s100004->200004d|$c33$l-1877411362^i0 size=8388608 queue_latency_us=0 attempt=0
I0909 06:42:07.435197    1906 grpc_transport.cc:1743] [MEGASCALE_TRANSPORT_INSTR] SendRpc: key=ppermute.3_0|s100003->200003d|$c47$l-1877411362^i0 size=8388608 queue_latency_us=0 attempt=0
I0909 06:42:07.440420    1344 grpc_transport.cc:1743] [MEGASCALE_TRANSPORT_INSTR] SendRpc: key=ppermute.3_0|s100007->200007d|$c46$l-1877411362^i0 size=8388608 queue_latency_us=0 attempt=0
I0909 06:42:07.445112    1898 grpc_transport.cc:1743] [MEGASCALE_TRANSPORT_INSTR] SendRpc: key=ppermute.3_0|s100001->200001d|$c60$l-1877411362^i0 size=8388608 queue_latency_us=0 attempt=0
I0909 06:42:07.450624    1907 grpc_transport.cc:1743] [MEGASCALE_TRANSPORT_INSTR] SendRpc: key=ppermute.3_0|s100003->200003d|$c91$l-1877411362^i0 size=8388608 queue_latency_us=0 attempt=0
I0909 06:42:07.455677    1699 grpc_transport.cc:1743] [MEGASCALE_TRANSPORT_INSTR] SendRpc: key=ppermute.3_0|s100003->200003d|$c103$l-1877411362^i0 size=8388608 queue_latency_us=0 attempt=0
I0909 06:42:07.459709    1691 grpc_transport.cc:1743] [MEGASCALE_TRANSPORT_INSTR] SendRpc: key=ppermute.3_0|s100003->200003d|$c114$l-1877411362^i0 size=8388608 queue_latency_us=0 attempt=0
I0909 06:42:07.464256    1893 grpc_transport.cc:1743] [MEGASCALE_TRANSPORT_INSTR] SendRpc: key=ppermute.3_0|s100005->200005d|$c105$l-1877411362^i0 size=8388608 queue_latency_us=0 attempt=0
I0909 06:42:07.468497    1336 grpc_transport.cc:1414] [MEGASCALE_TRANSPORT_INSTR] Recv: key=ppermute.3_0|s200000->100000d|$c16$l-1877411362^i0 size=0 is_single_chunk=true is_aligned=true memcpy_needed=false
I0909 06:42:07.489719    1897 grpc_transport.cc:1414] [MEGASCALE_TRANSPORT_INSTR] Recv: key=ppermute.3_0|s200004->100004d|$c66$l-1877411362^i0 size=0 is_single_chunk=true is_aligned=true memcpy_needed=false
I0909 06:42:07.509567    1331 grpc_transport.cc:1414] [MEGASCALE_TRANSPORT_INSTR] Recv: key=ppermute.3_0|s200005->100005d|$c24$l-1877411362^i0 size=0 is_single_chunk=true is_aligned=true memcpy_needed=false
I0909 06:42:07.528815     801 grpc_transport.cc:1414] [MEGASCALE_TRANSPORT_INSTR] Recv: key=ppermute.3_0|s200002->100002d|$c35$l-1877411362^i0 size=0 is_single_chunk=true is_aligned=true memcpy_needed=false
I0909 06:42:07.548483    1700 grpc_transport.cc:1414] [MEGASCALE_TRANSPORT_INSTR] Recv: key=ppermute.3_0|s200006->100006d|$c81$l-1877411362^i0 size=0 is_single_chunk=true is_aligned=true memcpy_needed=false
I0909 06:42:07.570522    1894 grpc_transport.cc:1414] [MEGASCALE_TRANSPORT_INSTR] Recv: key=ppermute.3_0|s200002->100002d|$c53$l-1877411362^i0 size=0 is_single_chunk=true is_aligned=true memcpy_needed=false
I0909 06:42:07.596009    1331 grpc_transport.cc:1414] [MEGASCALE_TRANSPORT_INSTR] Recv: key=ppermute.3_0|s200001->100001d|$c66$l-1877411362^i0 size=0 is_single_chunk=true is_aligned=true memcpy_needed=false
I0909 06:42:07.631418    1328 grpc_transport.cc:1414] [MEGASCALE_TRANSPORT_INSTR] Recv: key=ppermute.3_0|s200002->100002d|$c80$l-1877411362^i0 size=0 is_single_chunk=true is_aligned=true memcpy_needed=false
I0909 06:42:07.667549    1331 grpc_transport.cc:1414] [MEGASCALE_TRANSPORT_INSTR] Recv: key=ppermute.3_0|s200007->100007d|$c101$l-1877411362^i0 size=0 is_single_chunk=true is_aligned=true memcpy_needed=false
I0909 06:42:07.696811    1692 grpc_transport.cc:1414] [MEGASCALE_TRANSPORT_INSTR] Recv: key=ppermute.3_0|s200000->100000d|$c20$l-1877411361^i0 size=0 is_single_chunk=true is_aligned=true memcpy_needed=false
I0909 06:42:07.724448    1331 grpc_transport.cc:1414] [MEGASCALE_TRANSPORT_INSTR] Recv: key=ppermute.3_0|s200007->100007d|$c3$l-1877411361^i0 size=0 is_single_chunk=true is_aligned=true memcpy_needed=false
I0909 06:42:07.725317    1331 grpc_transport.cc:1743] [MEGASCALE_TRANSPORT_INSTR] SendRpc: key=ppermute.3_0|s100003->200003d|$c2$l-1877411361^i0 size=8388608 queue_latency_us=0 attempt=0
I0909 06:42:07.729484    1891 grpc_transport.cc:1743] [MEGASCALE_TRANSPORT_INSTR] SendRpc: key=ppermute.3_0|s100006->200006d|$c6$l-1877411361^i0 size=8388608 queue_latency_us=0 attempt=0
I0909 06:42:07.734835    1340 grpc_transport.cc:1743] [MEGASCALE_TRANSPORT_INSTR] SendRpc: key=ppermute.3_0|s100000->200000d|$c25$l-1877411361^i0 size=8388608 queue_latency_us=0 attempt=0
I0909 06:42:07.740975    1695 grpc_transport.cc:1743] [MEGASCALE_TRANSPORT_INSTR] SendRpc: key=ppermute.3_0|s100002->200002d|$c41$l-1877411361^i0 size=8388608 queue_latency_us=0 attempt=0
I0909 06:42:07.746848    1330 grpc_transport.cc:1743] [MEGASCALE_TRANSPORT_INSTR] SendRpc: key=ppermute.3_0|s100006->200006d|$c38$l-1877411361^i0 size=8388608 queue_latency_us=0 attempt=0
I0909 06:42:07.752782    1339 grpc_transport.cc:1743] [MEGASCALE_TRANSPORT_INSTR] SendRpc: key=ppermute.3_0|s100004->200004d|$c60$l-1877411361^i0 size=8388608 queue_latency_us=0 attempt=0
I0909 06:42:07.755552    1903 grpc_transport.cc:1414] [MEGASCALE_TRANSPORT_INSTR] Recv: key=ppermute.3_0|s200004->100004d|$c35$l-1877411361^i0 size=0 is_single_chunk=true is_aligned=true memcpy_needed=false
I0909 06:42:07.760084    1901 grpc_transport.cc:1743] [MEGASCALE_TRANSPORT_INSTR] SendRpc: key=ppermute.3_0|s100004->200004d|$c71$l-1877411361^i0 size=8388608 queue_latency_us=0 attempt=0
I0909 06:42:07.765435    2072 grpc_transport.cc:1743] [MEGASCALE_TRANSPORT_INSTR] SendRpc: key=ppermute.3_0|s100000->200000d|$c96$l-1877411361^i0 size=8388608 queue_latency_us=0 attempt=0
I0909 06:42:07.771248    1697 grpc_transport.cc:1743] [MEGASCALE_TRANSPORT_INSTR] SendRpc: key=ppermute.3_0|s100004->200004d|$c102$l-1877411361^i0 size=8388608 queue_latency_us=0 attempt=0
I0909 06:42:07.775791    1895 grpc_transport.cc:1743] [MEGASCALE_TRANSPORT_INSTR] SendRpc: key=ppermute.3_0|s100000->200000d|$c124$l-1877411361^i0 size=8388608 queue_latency_us=0 attempt=0
I0909 06:42:07.776940    1691 grpc_transport.cc:1414] [MEGASCALE_TRANSPORT_INSTR] Recv: key=ppermute.3_0|s200002->100002d|$c17$l-1877411361^i0 size=0 is_single_chunk=true is_aligned=true memcpy_needed=false
I0909 06:42:07.784444    1894 grpc_transport.cc:1743] [MEGASCALE_TRANSPORT_INSTR] SendRpc: key=ppermute.3_0|s100006->200006d|$c119$l-1877411361^i0 size=8388608 queue_latency_us=0 attempt=0
I0909 06:42:07.793493    1891 grpc_transport.cc:1414] [MEGASCALE_TRANSPORT_INSTR] Recv: key=ppermute.3_0|s200001->100001d|$c31$l-1877411361^i0 size=0 is_single_chunk=true is_aligned=true memcpy_needed=false
I0909 06:42:07.813733    1697 grpc_transport.cc:1414] [MEGASCALE_TRANSPORT_INSTR] Recv: key=ppermute.3_0|s200004->100004d|$c87$l-1877411361^i0 size=0 is_single_chunk=true is_aligned=true memcpy_needed=false
I0909 06:42:07.834133     801 grpc_transport.cc:1414] [MEGASCALE_TRANSPORT_INSTR] Recv: key=ppermute.3_0|s200001->100001d|$c50$l-1877411361^i0 size=0 is_single_chunk=true is_aligned=true memcpy_needed=false
I0909 06:42:07.856596    1701 grpc_transport.cc:1414] [MEGASCALE_TRANSPORT_INSTR] Recv: key=ppermute.3_0|s200002->100002d|$c50$l-1877411361^i0 size=0 is_single_chunk=true is_aligned=true memcpy_needed=false
I0909 06:42:07.891366     801 grpc_transport.cc:1414] [MEGASCALE_TRANSPORT_INSTR] Recv: key=ppermute.3_0|s200001->100001d|$c82$l-1877411361^i0 size=0 is_single_chunk=true is_aligned=true memcpy_needed=false
I0909 06:42:07.926068    1328 grpc_transport.cc:1414] [MEGASCALE_TRANSPORT_INSTR] Recv: key=ppermute.3_0|s200007->100007d|$c100$l-1877411361^i0 size=0 is_single_chunk=true is_aligned=true memcpy_needed=false
I0909 06:42:07.961819    1328 grpc_transport.cc:1414] [MEGASCALE_TRANSPORT_INSTR] Recv: key=ppermute.3_0|s200007->100007d|$c118$l-1877411361^i0 size=0 is_single_chunk=true is_aligned=true memcpy_needed=false
I0909 06:42:07.990957    2065 grpc_transport.cc:1743] [MEGASCALE_TRANSPORT_INSTR] SendRpc: key=ppermute.3_0|s100004->200004d|$c10$l-1877411360^i0 size=8388608 queue_latency_us=0 attempt=0
I0909 06:42:07.995484     784 grpc_transport.cc:1743] [MEGASCALE_TRANSPORT_INSTR] SendRpc: key=ppermute.3_0|s100000->200000d|$c53$l-1877411360^i0 size=8388608 queue_latency_us=0 attempt=0
I0909 06:42:07.999793    1693 grpc_transport.cc:1743] [MEGASCALE_TRANSPORT_INSTR] SendRpc: key=ppermute.3_0|s100002->200002d|$c41$l-1877411360^i0 size=8388608 queue_latency_us=0 attempt=0
I0909 06:42:08.005207    2067 grpc_transport.cc:1743] [MEGASCALE_TRANSPORT_INSTR] SendRpc: key=ppermute.3_0|s100000->200000d|$c83$l-1877411360^i0 size=8388608 queue_latency_us=0 attempt=0
I0909 06:42:08.010498    2070 grpc_transport.cc:1743] [MEGASCALE_TRANSPORT_INSTR] SendRpc: key=ppermute.3_0|s100000->200000d|$c100$l-1877411360^i0 size=8388608 queue_latency_us=0 attempt=0
I0909 06:42:08.016067    1909 grpc_transport.cc:1743] [MEGASCALE_TRANSPORT_INSTR] SendRpc: key=ppermute.3_0|s100005->200005d|$c49$l-1877411360^i0 size=8388608 queue_latency_us=0 attempt=0
I0909 06:42:08.021454    1716 grpc_transport.cc:1743] [MEGASCALE_TRANSPORT_INSTR] SendRpc: key=ppermute.3_0|s100007->200007d|$c78$l-1877411360^i0 size=8388608 queue_latency_us=0 attempt=0
I0909 06:42:08.024406    1701 grpc_transport.cc:1414] [MEGASCALE_TRANSPORT_INSTR] Recv: key=ppermute.3_0|s200005->100005d|$c9$l-1877411360^i0 size=0 is_single_chunk=true is_aligned=true memcpy_needed=false
I0909 06:42:08.026487    1690 grpc_transport.cc:1743] [MEGASCALE_TRANSPORT_INSTR] SendRpc: key=ppermute.3_0|s100007->200007d|$c98$l-1877411360^i0 size=8388608 queue_latency_us=1 attempt=0
I0909 06:42:08.030653    1705 grpc_transport.cc:1743] [MEGASCALE_TRANSPORT_INSTR] SendRpc: key=ppermute.3_0|s100005->200005d|$c84$l-1877411360^i0 size=8388608 queue_latency_us=0 attempt=0
I0909 06:42:08.035763    1896 grpc_transport.cc:1743] [MEGASCALE_TRANSPORT_INSTR] SendRpc: key=ppermute.3_0|s100005->200005d|$c103$l-1877411360^i0 size=8388608 queue_latency_us=0 attempt=0
I0909 06:42:08.054928    2065 grpc_transport.cc:1414] [MEGASCALE_TRANSPORT_INSTR] Recv: key=ppermute.3_0|s200000->100000d|$c35$l-1877411360^i0 size=0 is_single_chunk=true is_aligned=true memcpy_needed=false
I0909 06:42:08.076491    1328 grpc_transport.cc:1414] [MEGASCALE_TRANSPORT_INSTR] Recv: key=ppermute.3_0|s200005->100005d|$c29$l-1877411360^i0 size=0 is_single_chunk=true is_aligned=true memcpy_needed=false
I0909 06:42:08.095144    1688 grpc_transport.cc:1414] [MEGASCALE_TRANSPORT_INSTR] Recv: key=ppermute.3_0|s200004->100004d|$c55$l-1877411360^i0 size=0 is_single_chunk=true is_aligned=true memcpy_needed=false
I0909 06:42:08.115101    1688 grpc_transport.cc:1414] [MEGASCALE_TRANSPORT_INSTR] Recv: key=ppermute.3_0|s200004->100004d|$c66$l-1877411360^i0 size=0 is_single_chunk=true is_aligned=true memcpy_needed=false
I0909 06:42:08.134154    1693 grpc_transport.cc:1414] [MEGASCALE_TRANSPORT_INSTR] Recv: key=ppermute.3_0|s200001->100001d|$c28$l-1877411360^i0 size=0 is_single_chunk=true is_aligned=true memcpy_needed=false
I0909 06:42:08.156449    1693 grpc_transport.cc:1414] [MEGASCALE_TRANSPORT_INSTR] Recv: key=ppermute.3_0|s200007->100007d|$c49$l-1877411360^i0 size=0 is_single_chunk=true is_aligned=true memcpy_needed=false
I0909 06:42:08.193935    1693 grpc_transport.cc:1414] [MEGASCALE_TRANSPORT_INSTR] Recv: key=ppermute.3_0|s200005->100005d|$c87$l-1877411360^i0 size=0 is_single_chunk=true is_aligned=true memcpy_needed=false
I0909 06:42:08.228869    1693 grpc_transport.cc:1414] [MEGASCALE_TRANSPORT_INSTR] Recv: key=ppermute.3_0|s200003->100003d|$c82$l-1877411360^i0 size=0 is_single_chunk=true is_aligned=true memcpy_needed=false
I0909 06:42:08.256561    1688 grpc_transport.cc:1414] [MEGASCALE_TRANSPORT_INSTR] Recv: key=ppermute.3_0|s200004->100004d|$c14$l-1877411359^i0 size=0 is_single_chunk=true is_aligned=true memcpy_needed=false
I0909 06:42:08.275571    1895 grpc_transport.cc:1414] [MEGASCALE_TRANSPORT_INSTR] Recv: key=ppermute.3_0|s200006->100006d|$c25$l-1877411359^i0 size=0 is_single_chunk=true is_aligned=true memcpy_needed=false
I0909 06:42:08.293142    1348 grpc_transport.cc:1414] [MEGASCALE_TRANSPORT_INSTR] Recv: key=ppermute.3_0|s200006->100006d|$c45$l-1877411359^i0 size=0 is_single_chunk=true is_aligned=true memcpy_needed=false
I0909 06:42:08.306725    1919 grpc_transport.cc:1743] [MEGASCALE_TRANSPORT_INSTR] SendRpc: key=ppermute.3_0|s100003->200003d|$c7$l-1877411359^i0 size=8388608 queue_latency_us=1 attempt=0
I0909 06:42:08.313837    1904 grpc_transport.cc:1743] [MEGASCALE_TRANSPORT_INSTR] SendRpc: key=ppermute.3_0|s100001->200001d|$c22$l-1877411359^i0 size=8388608 queue_latency_us=1 attempt=0
I0909 06:42:08.319969    1361 grpc_transport.cc:1743] [MEGASCALE_TRANSPORT_INSTR] SendRpc: key=ppermute.3_0|s100005->200005d|$c34$l-1877411359^i0 size=8388608 queue_latency_us=0 attempt=0
I0909 06:42:08.322092    1331 grpc_transport.cc:1414] [MEGASCALE_TRANSPORT_INSTR] Recv: key=ppermute.3_0|s200001->100001d|$c12$l-1877411359^i0 size=0 is_single_chunk=true is_aligned=true memcpy_needed=false
I0909 06:42:08.326731    1898 grpc_transport.cc:1743] [MEGASCALE_TRANSPORT_INSTR] SendRpc: key=ppermute.3_0|s100006->200006d|$c53$l-1877411359^i0 size=8388608 queue_latency_us=0 attempt=0
I0909 06:42:08.333108    1905 grpc_transport.cc:1743] [MEGASCALE_TRANSPORT_INSTR] SendRpc: key=ppermute.3_0|s100001->200001d|$c65$l-1877411359^i0 size=8388608 queue_latency_us=0 attempt=0
I0909 06:42:08.339199    1699 grpc_transport.cc:1743] [MEGASCALE_TRANSPORT_INSTR] SendRpc: key=ppermute.3_0|s100005->200005d|$c80$l-1877411359^i0 size=8388608 queue_latency_us=0 attempt=0
I0909 06:42:08.345046    1892 grpc_transport.cc:1743] [MEGASCALE_TRANSPORT_INSTR] SendRpc: key=ppermute.3_0|s100001->200001d|$c93$l-1877411359^i0 size=8388608 queue_latency_us=0 attempt=0
I0909 06:42:08.347621    1348 grpc_transport.cc:1414] [MEGASCALE_TRANSPORT_INSTR] Recv: key=ppermute.3_0|s200004->100004d|$c89$l-1877411359^i0 size=0 is_single_chunk=true is_aligned=true memcpy_needed=false
I0909 06:42:08.351513    1707 grpc_transport.cc:1743] [MEGASCALE_TRANSPORT_INSTR] SendRpc: key=ppermute.3_0|s100007->200007d|$c106$l-1877411359^i0 size=8388608 queue_latency_us=0 attempt=0
I0909 06:42:08.357210    2072 grpc_transport.cc:1743] [MEGASCALE_TRANSPORT_INSTR] SendRpc: key=ppermute.3_0|s100004->200004d|$c124$l-1877411359^i0 size=8388608 queue_latency_us=0 attempt=0
I0909 06:42:08.365571    1898 grpc_transport.cc:1414] [MEGASCALE_TRANSPORT_INSTR] Recv: key=ppermute.3_0|s200007->100007d|$c36$l-1877411359^i0 size=0 is_single_chunk=true is_aligned=true memcpy_needed=false
I0909 06:42:08.371862    1330 grpc_transport.cc:1743] [MEGASCALE_TRANSPORT_INSTR] SendRpc: key=ppermute.3_0|s100002->200002d|$c70$l-1877411359^i0 size=8388608 queue_latency_us=0 attempt=0
I0909 06:42:08.383319    1339 grpc_transport.cc:1414] [MEGASCALE_TRANSPORT_INSTR] Recv: key=ppermute.3_0|s200004->100004d|$c119$l-1877411359^i0 size=0 is_single_chunk=true is_aligned=true memcpy_needed=false
I0909 06:42:08.408833    1893 grpc_transport.cc:1414] [MEGASCALE_TRANSPORT_INSTR] Recv: key=ppermute.3_0|s200005->100005d|$c51$l-1877411359^i0 size=0 is_single_chunk=true is_aligned=true memcpy_needed=false
I0909 06:42:08.443928    1894 grpc_transport.cc:1414] [MEGASCALE_TRANSPORT_INSTR] Recv: key=ppermute.3_0|s200002->100002d|$c85$l-1877411359^i0 size=0 is_single_chunk=true is_aligned=true memcpy_needed=false
I0909 06:42:08.479016    1891 grpc_transport.cc:1414] [MEGASCALE_TRANSPORT_INSTR] Recv: key=ppermute.3_0|s200002->100002d|$c105$l-1877411359^i0 size=0 is_single_chunk=true is_aligned=true memcpy_needed=false
I0909 06:42:08.513692    1891 grpc_transport.cc:1414] [MEGASCALE_TRANSPORT_INSTR] Recv: key=ppermute.3_0|s200007->100007d|$c114$l-1877411359^i0 size=0 is_single_chunk=true is_aligned=true memcpy_needed=false
I0909 06:42:08.559199    2067 grpc_transport.cc:1743] [MEGASCALE_TRANSPORT_INSTR] SendRpc: key=ppermute.3_0|s100000->200000d|$c34$l-1877411358^i0 size=8388608 queue_latency_us=0 attempt=0
I0909 06:42:08.563029    1698 grpc_transport.cc:1743] [MEGASCALE_TRANSPORT_INSTR] SendRpc: key=ppermute.3_0|s100003->200003d|$c14$l-1877411358^i0 size=8388608 queue_latency_us=0 attempt=0
I0909 06:42:08.567745    1688 grpc_transport.cc:1743] [MEGASCALE_TRANSPORT_INSTR] SendRpc: key=ppermute.3_0|s100007->200007d|$c25$l-1877411358^i0 size=8388608 queue_latency_us=0 attempt=0
I0909 06:42:08.572014    1716 grpc_transport.cc:1743] [MEGASCALE_TRANSPORT_INSTR] SendRpc: key=ppermute.3_0|s100007->200007d|$c34$l-1877411358^i0 size=8388608 queue_latency_us=1 attempt=0
I0909 06:42:08.576867    1706 grpc_transport.cc:1743] [MEGASCALE_TRANSPORT_INSTR] SendRpc: key=ppermute.3_0|s100003->200003d|$c55$l-1877411358^i0 size=8388608 queue_latency_us=0 attempt=0
I0909 06:42:08.581909    1691 grpc_transport.cc:1743] [MEGASCALE_TRANSPORT_INSTR] SendRpc: key=ppermute.3_0|s100002->200002d|$c64$l-1877411358^i0 size=8388608 queue_latency_us=0 attempt=0
I0909 06:42:08.586818    1345 grpc_transport.cc:1743] [MEGASCALE_TRANSPORT_INSTR] SendRpc: key=ppermute.3_0|s100003->200003d|$c78$l-1877411358^i0 size=8388608 queue_latency_us=0 attempt=0
I0909 06:42:08.591012    1918 grpc_transport.cc:1414] [MEGASCALE_TRANSPORT_INSTR] Recv: key=ppermute.3_0|s200000->100000d|$c9$l-1877411358^i0 size=0 is_single_chunk=true is_aligned=true memcpy_needed=false
I0909 06:42:08.591455    1334 grpc_transport.cc:1743] [MEGASCALE_TRANSPORT_INSTR] SendRpc: key=ppermute.3_0|s100004->200004d|$c94$l-1877411358^i0 size=8388608 queue_latency_us=0 attempt=0
I0909 06:42:08.595129     804 grpc_transport.cc:1743] [MEGASCALE_TRANSPORT_INSTR] SendRpc: key=ppermute.3_0|s100005->200005d|$c98$l-1877411358^i0 size=8388608 queue_latency_us=0 attempt=0
I0909 06:42:08.598472    1902 grpc_transport.cc:1743] [MEGASCALE_TRANSPORT_INSTR] SendRpc: key=ppermute.3_0|s100001->200001d|$c110$l-1877411358^i0 size=8388608 queue_latency_us=0 attempt=0
I0909 06:42:08.633138    1332 grpc_transport.cc:1414] [MEGASCALE_TRANSPORT_INSTR] Recv: key=ppermute.3_0|s200003->100003d|$c6$l-1877411358^i0 size=0 is_single_chunk=true is_aligned=true memcpy_needed=false
I0909 06:42:08.659763    1339 grpc_transport.cc:1414] [MEGASCALE_TRANSPORT_INSTR] Recv: key=ppermute.3_0|s200004->100004d|$c42$l-1877411358^i0 size=0 is_single_chunk=true is_aligned=true memcpy_needed=false
I0909 06:42:08.683984    1348 grpc_transport.cc:1414] [MEGASCALE_TRANSPORT_INSTR] Recv: key=ppermute.3_0|s200000->100000d|$c68$l-1877411358^i0 size=0 is_single_chunk=true is_aligned=true memcpy_needed=false
I0909 06:42:08.704929    1691 grpc_transport.cc:1414] [MEGASCALE_TRANSPORT_INSTR] Recv: key=ppermute.3_0|s200003->100003d|$c30$l-1877411358^i0 size=0 is_single_chunk=true is_aligned=true memcpy_needed=false
I0909 06:42:08.725081    1330 grpc_transport.cc:1414] [MEGASCALE_TRANSPORT_INSTR] Recv: key=ppermute.3_0|s200002->100002d|$c41$l-1877411358^i0 size=0 is_single_chunk=true is_aligned=true memcpy_needed=false
I0909 06:42:08.742182    1339 grpc_transport.cc:1414] [MEGASCALE_TRANSPORT_INSTR] Recv: key=ppermute.3_0|s200004->100004d|$c117$l-1877411358^i0 size=0 is_single_chunk=true is_aligned=true memcpy_needed=false
I0909 06:42:08.762943    1893 grpc_transport.cc:1414] [MEGASCALE_TRANSPORT_INSTR] Recv: key=ppermute.3_0|s200003->100003d|$c63$l-1877411358^i0 size=0 is_single_chunk=true is_aligned=true memcpy_needed=false
I0909 06:42:08.799172    1330 grpc_transport.cc:1414] [MEGASCALE_TRANSPORT_INSTR] Recv: key=ppermute.3_0|s200007->100007d|$c88$l-1877411358^i0 size=0 is_single_chunk=true is_aligned=true memcpy_needed=false
I0909 06:42:08.831234    1910 grpc_transport.cc:1414] [MEGASCALE_TRANSPORT_INSTR] Recv: key=ppermute.3_0|s200006->100006d|$c1$l-1877411357^i0 size=0 is_single_chunk=true is_aligned=true memcpy_needed=false
I0909 06:42:08.856690    1339 grpc_transport.cc:1414] [MEGASCALE_TRANSPORT_INSTR] Recv: key=ppermute.3_0|s200000->100000d|$c26$l-1877411357^i0 size=0 is_single_chunk=true is_aligned=true memcpy_needed=false
I0909 06:42:08.875319    1692 grpc_transport.cc:1414] [MEGASCALE_TRANSPORT_INSTR] Recv: key=ppermute.3_0|s200006->100006d|$c38$l-1877411357^i0 size=0 is_single_chunk=true is_aligned=true memcpy_needed=false
I0909 06:42:08.893143    1894 grpc_transport.cc:1414] [MEGASCALE_TRANSPORT_INSTR] Recv: key=ppermute.3_0|s200003->100003d|$c11$l-1877411357^i0 size=0 is_single_chunk=true is_aligned=true memcpy_needed=false
I0909 06:42:08.902261    1903 grpc_transport.cc:1743] [MEGASCALE_TRANSPORT_INSTR] SendRpc: key=ppermute.3_0|s100004->200004d|$c18$l-1877411357^i0 size=8388608 queue_latency_us=0 attempt=0
I0909 06:42:08.907959    1708 grpc_transport.cc:1743] [MEGASCALE_TRANSPORT_INSTR] SendRpc: key=ppermute.3_0|s100005->200005d|$c6$l-1877411357^i0 size=8388608 queue_latency_us=0 attempt=0
I0909 06:42:08.913964    1910 grpc_transport.cc:1743] [MEGASCALE_TRANSPORT_INSTR] SendRpc: key=ppermute.3_0|s100007->200007d|$c28$l-1877411357^i0 size=8388608 queue_latency_us=0 attempt=0
I0909 06:42:08.920519    1365 grpc_transport.cc:1743] [MEGASCALE_TRANSPORT_INSTR] SendRpc: key=ppermute.3_0|s100006->200006d|$c40$l-1877411357^i0 size=8388608 queue_latency_us=0 attempt=0
I0909 06:42:08.925042    1891 grpc_transport.cc:1414] [MEGASCALE_TRANSPORT_INSTR] Recv: key=ppermute.3_0|s200003->100003d|$c26$l-1877411357^i0 size=0 is_single_chunk=true is_aligned=true memcpy_needed=false
I0909 06:42:08.926662    1331 grpc_transport.cc:1743] [MEGASCALE_TRANSPORT_INSTR] SendRpc: key=ppermute.3_0|s100001->200001d|$c51$l-1877411357^i0 size=8388608 queue_latency_us=0 attempt=0
I0909 06:42:08.932973    1693 grpc_transport.cc:1743] [MEGASCALE_TRANSPORT_INSTR] SendRpc: key=ppermute.3_0|s100003->200003d|$c59$l-1877411357^i0 size=8388608 queue_latency_us=0 attempt=0
I0909 06:42:08.939480    1905 grpc_transport.cc:1743] [MEGASCALE_TRANSPORT_INSTR] SendRpc: key=ppermute.3_0|s100005->200005d|$c73$l-1877411357^i0 size=8388608 queue_latency_us=0 attempt=0
I0909 06:42:08.945658    2083 grpc_transport.cc:1743] [MEGASCALE_TRANSPORT_INSTR] SendRpc: key=ppermute.3_0|s100000->200000d|$c100$l-1877411357^i0 size=8388608 queue_latency_us=0 attempt=0
I0909 06:42:08.949775    2077 grpc_transport.cc:1414] [MEGASCALE_TRANSPORT_INSTR] Recv: key=ppermute.3_0|s200006->100006d|$c85$l-1877411357^i0 size=0 is_single_chunk=true is_aligned=true memcpy_needed=false
I0909 06:42:08.951278    1697 grpc_transport.cc:1743] [MEGASCALE_TRANSPORT_INSTR] SendRpc: key=ppermute.3_0|s100004->200004d|$c127$l-1877411357^i0 size=8388608 queue_latency_us=0 attempt=0
I0909 06:42:08.956770    1902 grpc_transport.cc:1743] [MEGASCALE_TRANSPORT_INSTR] SendRpc: key=ppermute.3_0|s100002->200002d|$c75$l-1877411357^i0 size=8388608 queue_latency_us=0 attempt=0
I0909 06:42:08.967862    1894 grpc_transport.cc:1414] [MEGASCALE_TRANSPORT_INSTR] Recv: key=ppermute.3_0|s200003->100003d|$c47$l-1877411357^i0 size=0 is_single_chunk=true is_aligned=true memcpy_needed=false
I0909 06:42:08.971827    1695 grpc_transport.cc:1743] [MEGASCALE_TRANSPORT_INSTR] SendRpc: key=ppermute.3_0|s100002->200002d|$c124$l-1877411357^i0 size=8388608 queue_latency_us=0 attempt=0
I0909 06:42:08.987297    1342 grpc_transport.cc:1414] [MEGASCALE_TRANSPORT_INSTR] Recv: key=ppermute.3_0|s200004->100004d|$c116$l-1877411357^i0 size=0 is_single_chunk=true is_aligned=true memcpy_needed=false
I0909 06:42:09.020786    1699 grpc_transport.cc:1414] [MEGASCALE_TRANSPORT_INSTR] Recv: key=ppermute.3_0|s200001->100001d|$c67$l-1877411357^i0 size=0 is_single_chunk=true is_aligned=true memcpy_needed=false
I0909 06:42:09.056019    1891 grpc_transport.cc:1414] [MEGASCALE_TRANSPORT_INSTR] Recv: key=ppermute.3_0|s200001->100001d|$c89$l-1877411357^i0 size=0 is_single_chunk=true is_aligned=true memcpy_needed=false
I0909 06:42:09.090605    1693 grpc_transport.cc:1414] [MEGASCALE_TRANSPORT_INSTR] Recv: key=ppermute.3_0|s200005->100005d|$c108$l-1877411357^i0 size=0 is_single_chunk=true is_aligned=true memcpy_needed=false
I0909 06:42:09.126676    1693 grpc_transport.cc:1414] [MEGASCALE_TRANSPORT_INSTR] Recv: key=ppermute.3_0|s200007->100007d|$c88$l-1877411357^i0 size=0 is_single_chunk=true is_aligned=true memcpy_needed=false
I0909 06:42:09.160595    1692 grpc_transport.cc:1743] [MEGASCALE_TRANSPORT_INSTR] SendRpc: key=ppermute.3_0|s100000->200000d|$c19$l-1877411356^i0 size=8388608 queue_latency_us=0 attempt=0
I0909 06:42:09.165254     803 grpc_transport.cc:1743] [MEGASCALE_TRANSPORT_INSTR] SendRpc: key=ppermute.3_0|s100006->200006d|$c21$l-1877411356^i0 size=8388608 queue_latency_us=0 attempt=0
I0909 06:42:09.170524    1335 grpc_transport.cc:1743] [MEGASCALE_TRANSPORT_INSTR] SendRpc: key=ppermute.3_0|s100002->200002d|$c32$l-1877411356^i0 size=8388608 queue_latency_us=0 attempt=0
I0909 06:42:09.175242    2069 grpc_transport.cc:1743] [MEGASCALE_TRANSPORT_INSTR] SendRpc: key=ppermute.3_0|s100007->200007d|$c52$l-1877411356^i0 size=8388608 queue_latency_us=0 attempt=0
I0909 06:42:09.180082    1926 grpc_transport.cc:1743] [MEGASCALE_TRANSPORT_INSTR] SendRpc: key=ppermute.3_0|s100000->200000d|$c70$l-1877411356^i0 size=8388608 queue_latency_us=0 attempt=0
I0909 06:42:09.184697    1938 grpc_transport.cc:1743] [MEGASCALE_TRANSPORT_INSTR] SendRpc: key=ppermute.3_0|s100007->200007d|$c79$l-1877411356^i0 size=8388608 queue_latency_us=0 attempt=0
I0909 06:42:09.189652    1690 grpc_transport.cc:1743] [MEGASCALE_TRANSPORT_INSTR] SendRpc: key=ppermute.3_0|s100007->200007d|$c90$l-1877411356^i0 size=8388608 queue_latency_us=0 attempt=0
I0909 06:42:09.193119    1892 grpc_transport.cc:1743] [MEGASCALE_TRANSPORT_INSTR] SendRpc: key=ppermute.3_0|s100003->200003d|$c93$l-1877411356^i0 size=8388608 queue_latency_us=0 attempt=0
I0909 06:42:09.196291    2074 grpc_transport.cc:1743] [MEGASCALE_TRANSPORT_INSTR] SendRpc: key=ppermute.3_0|s100000->200000d|$c123$l-1877411356^i0 size=8388608 queue_latency_us=0 attempt=0
I0909 06:42:09.200457    1905 grpc_transport.cc:1743] [MEGASCALE_TRANSPORT_INSTR] SendRpc: key=ppermute.3_0|s100005->200005d|$c111$l-1877411356^i0 size=8388608 queue_latency_us=0 attempt=0
I0909 06:42:09.219719    1893 grpc_transport.cc:1414] [MEGASCALE_TRANSPORT_INSTR] Recv: key=ppermute.3_0|s200002->100002d|$c10$l-1877411356^i0 size=0 is_single_chunk=true is_aligned=true memcpy_needed=false
I0909 06:42:09.251772    1895 grpc_transport.cc:1414] [MEGASCALE_TRANSPORT_INSTR] Recv: key=ppermute.3_0|s200006->100006d|$c54$l-1877411356^i0 size=0 is_single_chunk=true is_aligned=true memcpy_needed=false
I0909 06:42:09.274691    2068 grpc_transport.cc:1414] [MEGASCALE_TRANSPORT_INSTR] Recv: key=ppermute.3_0|s200000->100000d|$c50$l-1877411356^i0 size=0 is_single_chunk=true is_aligned=true memcpy_needed=false
I0909 06:42:09.296813    1336 grpc_transport.cc:1414] [MEGASCALE_TRANSPORT_INSTR] Recv: key=ppermute.3_0|s200006->100006d|$c100$l-1877411356^i0 size=0 is_single_chunk=true is_aligned=true memcpy_needed=false
I0909 06:42:09.315932    1331 grpc_transport.cc:1414] [MEGASCALE_TRANSPORT_INSTR] Recv: key=ppermute.3_0|s200002->100002d|$c37$l-1877411356^i0 size=0 is_single_chunk=true is_aligned=true memcpy_needed=false
I0909 06:42:09.333291    1693 grpc_transport.cc:1414] [MEGASCALE_TRANSPORT_INSTR] Recv: key=ppermute.3_0|s200007->100007d|$c49$l-1877411356^i0 size=0 is_single_chunk=true is_aligned=true memcpy_needed=false
I0909 06:42:09.353528    1693 grpc_transport.cc:1414] [MEGASCALE_TRANSPORT_INSTR] Recv: key=ppermute.3_0|s200005->100005d|$c69$l-1877411356^i0 size=0 is_single_chunk=true is_aligned=true memcpy_needed=false
I0909 06:42:09.389212    1891 grpc_transport.cc:1414] [MEGASCALE_TRANSPORT_INSTR] Recv: key=ppermute.3_0|s200001->100001d|$c71$l-1877411356^i0 size=0 is_single_chunk=true is_aligned=true memcpy_needed=false
I0909 06:42:09.424638    1891 grpc_transport.cc:1414] [MEGASCALE_TRANSPORT_INSTR] Recv: key=ppermute.3_0|s200001->100001d|$c106$l-1877411356^i0 size=0 is_single_chunk=true is_aligned=true memcpy_needed=false
I0909 06:42:09.452676    1331 grpc_transport.cc:1414] [MEGASCALE_TRANSPORT_INSTR] Recv: key=ppermute.3_0|s200001->100001d|$c119$l-1877411356^i0 size=0 is_single_chunk=true is_aligned=true memcpy_needed=false
I0909 06:42:09.473447    1340 grpc_transport.cc:1414] [MEGASCALE_TRANSPORT_INSTR] Recv: key=ppermute.3_0|s200004->100004d|$c33$l-1877411355^i0 size=0 is_single_chunk=true is_aligned=true memcpy_needed=false
I0909 06:42:09.491253    1331 grpc_transport.cc:1414] [MEGASCALE_TRANSPORT_INSTR] Recv: key=ppermute.3_0|s200003->100003d|$c5$l-1877411355^i0 size=0 is_single_chunk=true is_aligned=true memcpy_needed=false
I0909 06:42:09.507220    1365 grpc_transport.cc:1743] [MEGASCALE_TRANSPORT_INSTR] SendRpc: key=ppermute.3_0|s100001->200001d|$c2$l-1877411355^i0 size=8388608 queue_latency_us=0 attempt=0
I0909 06:42:09.513398    1690 grpc_transport.cc:1743] [MEGASCALE_TRANSPORT_INSTR] SendRpc: key=ppermute.3_0|s100007->200007d|$c23$l-1877411355^i0 size=8388608 queue_latency_us=0 attempt=0
I0909 06:42:09.520251    1895 grpc_transport.cc:1743] [MEGASCALE_TRANSPORT_INSTR] SendRpc: key=ppermute.3_0|s100004->200004d|$c55$l-1877411355^i0 size=8388608 queue_latency_us=0 attempt=0
I0909 06:42:09.520761    2073 grpc_transport.cc:1414] [MEGASCALE_TRANSPORT_INSTR] Recv: key=ppermute.3_0|s200006->100006d|$c71$l-1877411355^i0 size=0 is_single_chunk=true is_aligned=true memcpy_needed=false
I0909 06:42:09.526561    1709 grpc_transport.cc:1743] [MEGASCALE_TRANSPORT_INSTR] SendRpc: key=ppermute.3_0|s100000->200000d|$c45$l-1877411355^i0 size=8388608 queue_latency_us=0 attempt=0
I0909 06:42:09.533389    1907 grpc_transport.cc:1743] [MEGASCALE_TRANSPORT_INSTR] SendRpc: key=ppermute.3_0|s100001->200001d|$c57$l-1877411355^i0 size=8388608 queue_latency_us=0 attempt=0
I0909 06:42:09.539455    1905 grpc_transport.cc:1743] [MEGASCALE_TRANSPORT_INSTR] SendRpc: key=ppermute.3_0|s100006->200006d|$c72$l-1877411355^i0 size=8388608 queue_latency_us=0 attempt=0
I0909 06:42:09.545068    1332 grpc_transport.cc:1743] [MEGASCALE_TRANSPORT_INSTR] SendRpc: key=ppermute.3_0|s100001->200001d|$c85$l-1877411355^i0 size=8388608 queue_latency_us=0 attempt=0
I0909 06:42:09.547859    1942 grpc_transport.cc:1414] [MEGASCALE_TRANSPORT_INSTR] Recv: key=ppermute.3_0|s200004->100004d|$c87$l-1877411355^i0 size=0 is_single_chunk=true is_aligned=true memcpy_needed=false
I0909 06:42:09.551112    2080 grpc_transport.cc:1743] [MEGASCALE_TRANSPORT_INSTR] SendRpc: key=ppermute.3_0|s100007->200007d|$c97$l-1877411355^i0 size=8388608 queue_latency_us=0 attempt=0
I0909 06:42:09.555606    2144 grpc_transport.cc:1743] [MEGASCALE_TRANSPORT_INSTR] SendRpc: key=ppermute.3_0|s100002->200002d|$c105$l-1877411355^i0 size=8388608 queue_latency_us=0 attempt=0
I0909 06:42:09.560933    1345 grpc_transport.cc:1743] [MEGASCALE_TRANSPORT_INSTR] SendRpc: key=ppermute.3_0|s100001->200001d|$c122$l-1877411355^i0 size=8388608 queue_latency_us=0 attempt=0
I0909 06:42:09.567077     801 grpc_transport.cc:1414] [MEGASCALE_TRANSPORT_INSTR] Recv: key=ppermute.3_0|s200005->100005d|$c36$l-1877411355^i0 size=0 is_single_chunk=true is_aligned=true memcpy_needed=false
I0909 06:42:09.585068     801 grpc_transport.cc:1414] [MEGASCALE_TRANSPORT_INSTR] Recv: key=ppermute.3_0|s200007->100007d|$c43$l-1877411355^i0 size=0 is_single_chunk=true is_aligned=true memcpy_needed=false
I0909 06:42:09.608795    1693 grpc_transport.cc:1414] [MEGASCALE_TRANSPORT_INSTR] Recv: key=ppermute.3_0|s200002->100002d|$c60$l-1877411355^i0 size=0 is_single_chunk=true is_aligned=true memcpy_needed=false
I0909 06:42:09.644452    1693 grpc_transport.cc:1414] [MEGASCALE_TRANSPORT_INSTR] Recv: key=ppermute.3_0|s200003->100003d|$c92$l-1877411355^i0 size=0 is_single_chunk=true is_aligned=true memcpy_needed=false
I0909 06:42:09.679748    2142 grpc_transport.cc:1414] [MEGASCALE_TRANSPORT_INSTR] Recv: key=ppermute.3_0|s200002->100002d|$c98$l-1877411355^i0 size=0 is_single_chunk=true is_aligned=true memcpy_needed=false
I0909 06:42:09.714801    1693 grpc_transport.cc:1414] [MEGASCALE_TRANSPORT_INSTR] Recv: key=ppermute.3_0|s200005->100005d|$c117$l-1877411355^i0 size=0 is_single_chunk=true is_aligned=true memcpy_needed=false
I0909 06:42:09.767762    1895 grpc_transport.cc:1743] [MEGASCALE_TRANSPORT_INSTR] SendRpc: key=ppermute.3_0|s100007->200007d|$c4$l-1877411354^i0 size=8388608 queue_latency_us=0 attempt=0
I0909 06:42:09.773218     803 grpc_transport.cc:1743] [MEGASCALE_TRANSPORT_INSTR] SendRpc: key=ppermute.3_0|s100005->200005d|$c4$l-1877411354^i0 size=8388608 queue_latency_us=0 attempt=0
I0909 06:42:09.778438    1707 grpc_transport.cc:1743] [MEGASCALE_TRANSPORT_INSTR] SendRpc: key=ppermute.3_0|s100004->200004d|$c41$l-1877411354^i0 size=8388608 queue_latency_us=0 attempt=0
I0909 06:42:09.783689    1701 grpc_transport.cc:1743] [MEGASCALE_TRANSPORT_INSTR] SendRpc: key=ppermute.3_0|s100002->200002d|$c48$l-1877411354^i0 size=8388608 queue_latency_us=0 attempt=0
I0909 06:42:09.788102    2078 grpc_transport.cc:1743] [MEGASCALE_TRANSPORT_INSTR] SendRpc: key=ppermute.3_0|s100007->200007d|$c62$l-1877411354^i0 size=8388608 queue_latency_us=0 attempt=0
I0909 06:42:09.793619    2078 grpc_transport.cc:1743] [MEGASCALE_TRANSPORT_INSTR] SendRpc: key=ppermute.3_0|s100004->200004d|$c82$l-1877411354^i0 size=8388608 queue_latency_us=0 attempt=0
I0909 06:42:09.797973    1336 grpc_transport.cc:1414] [MEGASCALE_TRANSPORT_INSTR] Recv: key=ppermute.3_0|s200006->100006d|$c15$l-1877411354^i0 size=0 is_single_chunk=true is_aligned=true memcpy_needed=false
I0909 06:42:09.798760    1942 grpc_transport.cc:1743] [MEGASCALE_TRANSPORT_INSTR] SendRpc: key=ppermute.3_0|s100004->200004d|$c95$l-1877411354^i0 size=8388608 queue_latency_us=0 attempt=0
I0909 06:42:09.802744    1895 grpc_transport.cc:1743] [MEGASCALE_TRANSPORT_INSTR] SendRpc: key=ppermute.3_0|s100004->200004d|$c106$l-1877411354^i0 size=8388608 queue_latency_us=0 attempt=0
I0909 06:42:09.806258    1900 grpc_transport.cc:1743] [MEGASCALE_TRANSPORT_INSTR] SendRpc: key=ppermute.3_0|s100003->200003d|$c122$l-1877411354^i0 size=8388608 queue_latency_us=0 attempt=0
I0909 06:42:09.809896    1891 grpc_transport.cc:1743] [MEGASCALE_TRANSPORT_INSTR] SendRpc: key=ppermute.3_0|s100005->200005d|$c120$l-1877411354^i0 size=8388608 queue_latency_us=0 attempt=0
I0909 06:42:09.835523    1895 grpc_transport.cc:1414] [MEGASCALE_TRANSPORT_INSTR] Recv: key=ppermute.3_0|s200004->100004d|$c13$l-1877411354^i0 size=0 is_single_chunk=true is_aligned=true memcpy_needed=false
I0909 06:42:09.859510    2066 grpc_transport.cc:1414] [MEGASCALE_TRANSPORT_INSTR] Recv: key=ppermute.3_0|s200000->100000d|$c39$l-1877411354^i0 size=0 is_single_chunk=true is_aligned=true memcpy_needed=false
I0909 06:42:09.881369    1687 grpc_transport.cc:1414] [MEGASCALE_TRANSPORT_INSTR] Recv: key=ppermute.3_0|s200007->100007d|$c34$l-1877411354^i0 size=0 is_single_chunk=true is_aligned=true memcpy_needed=false
I0909 06:42:09.902390    2065 grpc_transport.cc:1414] [MEGASCALE_TRANSPORT_INSTR] Recv: key=ppermute.3_0|s200000->100000d|$c81$l-1877411354^i0 size=0 is_single_chunk=true is_aligned=true memcpy_needed=false
I0909 06:42:09.923713    2065 grpc_transport.cc:1414] [MEGASCALE_TRANSPORT_INSTR] Recv: key=ppermute.3_0|s200006->100006d|$c113$l-1877411354^i0 size=0 is_single_chunk=true is_aligned=true memcpy_needed=false
I0909 06:42:09.941047    2066 grpc_transport.cc:1414] [MEGASCALE_TRANSPORT_INSTR] Recv: key=ppermute.3_0|s200000->100000d|$c109$l-1877411354^i0 size=0 is_single_chunk=true is_aligned=true memcpy_needed=false
I0909 06:42:09.964657    1691 grpc_transport.cc:1414] [MEGASCALE_TRANSPORT_INSTR] Recv: key=ppermute.3_0|s200007->100007d|$c78$l-1877411354^i0 size=0 is_single_chunk=true is_aligned=true memcpy_needed=false
I0909 06:42:09.999127    1331 grpc_transport.cc:1414] [MEGASCALE_TRANSPORT_INSTR] Recv: key=ppermute.3_0|s200003->100003d|$c97$l-1877411354^i0 size=0 is_single_chunk=true is_aligned=true memcpy_needed=false
I0909 06:42:10.034433    1901 grpc_transport.cc:1414] [MEGASCALE_TRANSPORT_INSTR] Recv: key=ppermute.3_0|s200006->100006d|$c4$l-1877411353^i0 size=0 is_single_chunk=true is_aligned=true memcpy_needed=false
I0909 06:42:10.063194    1331 grpc_transport.cc:1414] [MEGASCALE_TRANSPORT_INSTR] Recv: key=ppermute.3_0|s200005->100005d|$c71$l-1877411354^i0 size=0 is_single_chunk=true is_aligned=true memcpy_needed=false
I0909 06:42:10.081476    1691 grpc_transport.cc:1414] [MEGASCALE_TRANSPORT_INSTR] Recv: key=ppermute.3_0|s200007->100007d|$c4$l-1877411353^i0 size=0 is_single_chunk=true is_aligned=true memcpy_needed=false
I0909 06:42:10.103978    1895 grpc_transport.cc:1743] [MEGASCALE_TRANSPORT_INSTR] SendRpc: key=ppermute.3_0|s100000->200000d|$c20$l-1877411353^i0 size=8388608 queue_latency_us=0 attempt=0
I0909 06:42:10.104107    1335 grpc_transport.cc:1414] [MEGASCALE_TRANSPORT_INSTR] Recv: key=ppermute.3_0|s200003->100003d|$c3$l-1877411353^i0 size=0 is_single_chunk=true is_aligned=true memcpy_needed=false
I0909 06:42:10.110304    1346 grpc_transport.cc:1743] [MEGASCALE_TRANSPORT_INSTR] SendRpc: key=ppermute.3_0|s100004->200004d|$c24$l-1877411353^i0 size=8388608 queue_latency_us=0 attempt=0
I0909 06:42:10.116583    1687 grpc_transport.cc:1743] [MEGASCALE_TRANSPORT_INSTR] SendRpc: key=ppermute.3_0|s100005->200005d|$c24$l-1877411353^i0 size=8388608 queue_latency_us=0 attempt=0
I0909 06:42:10.122696    2065 grpc_transport.cc:1743] [MEGASCALE_TRANSPORT_INSTR] SendRpc: key=ppermute.3_0|s100004->200004d|$c47$l-1877411353^i0 size=8388608 queue_latency_us=0 attempt=0
I0909 06:42:10.128852    1716 grpc_transport.cc:1743] [MEGASCALE_TRANSPORT_INSTR] SendRpc: key=ppermute.3_0|s100007->200007d|$c51$l-1877411353^i0 size=8388608 queue_latency_us=0 attempt=0
I0909 06:42:10.134017    1711 grpc_transport.cc:1414] [MEGASCALE_TRANSPORT_INSTR] Recv: key=ppermute.3_0|s200006->100006d|$c18$l-1877411353^i0 size=0 is_single_chunk=true is_aligned=true memcpy_needed=false
I0909 06:42:10.135759    1911 grpc_transport.cc:1743] [MEGASCALE_TRANSPORT_INSTR] SendRpc: key=ppermute.3_0|s100005->200005d|$c57$l-1877411353^i0 size=8388608 queue_latency_us=0 attempt=0
I0909 06:42:10.141705    1706 grpc_transport.cc:1743] [MEGASCALE_TRANSPORT_INSTR] SendRpc: key=ppermute.3_0|s100005->200005d|$c74$l-1877411353^i0 size=8388608 queue_latency_us=0 attempt=0
I0909 06:42:10.148186    2065 grpc_transport.cc:1743] [MEGASCALE_TRANSPORT_INSTR] SendRpc: key=ppermute.3_0|s100007->200007d|$c86$l-1877411353^i0 size=8388608 queue_latency_us=0 attempt=0
I0909 06:42:10.153560    1899 grpc_transport.cc:1743] [MEGASCALE_TRANSPORT_INSTR] SendRpc: key=ppermute.3_0|s100005->200005d|$c97$l-1877411353^i0 size=8388608 queue_latency_us=0 attempt=0
I0909 06:42:10.154532    1359 grpc_transport.cc:1414] [MEGASCALE_TRANSPORT_INSTR] Recv: key=ppermute.3_0|s200001->100001d|$c18$l-1877411353^i0 size=0 is_single_chunk=true is_aligned=true memcpy_needed=false
I0909 06:42:10.158394    1361 grpc_transport.cc:1743] [MEGASCALE_TRANSPORT_INSTR] SendRpc: key=ppermute.3_0|s100003->200003d|$c117$l-1877411353^i0 size=8388608 queue_latency_us=0 attempt=0
I0909 06:42:10.171141    1690 grpc_transport.cc:1414] [MEGASCALE_TRANSPORT_INSTR] Recv: key=ppermute.3_0|s200000->100000d|$c101$l-1877411353^i0 size=0 is_single_chunk=true is_aligned=true memcpy_needed=false
I0909 06:42:10.190767    1693 grpc_transport.cc:1414] [MEGASCALE_TRANSPORT_INSTR] Recv: key=ppermute.3_0|s200002->100002d|$c58$l-1877411353^i0 size=0 is_single_chunk=true is_aligned=true memcpy_needed=false
I0909 06:42:10.220950    1892 grpc_transport.cc:1414] [MEGASCALE_TRANSPORT_INSTR] Recv: key=ppermute.3_0|s200002->100002d|$c72$l-1877411353^i0 size=0 is_single_chunk=true is_aligned=true memcpy_needed=false
I0909 06:42:10.257151     801 grpc_transport.cc:1414] [MEGASCALE_TRANSPORT_INSTR] Recv: key=ppermute.3_0|s200007->100007d|$c94$l-1877411353^i0 size=0 is_single_chunk=true is_aligned=true memcpy_needed=false
I0909 06:42:10.291720     801 grpc_transport.cc:1414] [MEGASCALE_TRANSPORT_INSTR] Recv: key=ppermute.3_0|s200003->100003d|$c88$l-1877411353^i0 size=0 is_single_chunk=true is_aligned=true memcpy_needed=false
I0909 06:42:10.326277     801 grpc_transport.cc:1414] [MEGASCALE_TRANSPORT_INSTR] Recv: key=ppermute.3_0|s200003->100003d|$c117$l-1877411353^i0 size=0 is_single_chunk=true is_aligned=true memcpy_needed=false
I0909 06:42:10.354121    1895 grpc_transport.cc:1743] [MEGASCALE_TRANSPORT_INSTR] SendRpc: key=ppermute.3_0|s100004->200004d|$c29$l-1877411352^i0 size=8388608 queue_latency_us=0 attempt=0
I0909 06:42:10.358149    1724 grpc_transport.cc:1743] [MEGASCALE_TRANSPORT_INSTR] SendRpc: key=ppermute.3_0|s100005->200005d|$c9$l-1877411352^i0 size=8388608 queue_latency_us=0 attempt=0
I0909 06:42:10.362956    2143 grpc_transport.cc:1743] [MEGASCALE_TRANSPORT_INSTR] SendRpc: key=ppermute.3_0|s100001->200001d|$c24$l-1877411352^i0 size=8388608 queue_latency_us=0 attempt=0
I0909 06:42:10.368473    1909 grpc_transport.cc:1743] [MEGASCALE_TRANSPORT_INSTR] SendRpc: key=ppermute.3_0|s100001->200001d|$c37$l-1877411352^i0 size=8388608 queue_latency_us=0 attempt=0
I0909 06:42:10.373285    2067 grpc_transport.cc:1743] [MEGASCALE_TRANSPORT_INSTR] SendRpc: key=ppermute.3_0|s100004->200004d|$c80$l-1877411352^i0 size=8388608 queue_latency_us=0 attempt=0
I0909 06:42:10.378704    1693 grpc_transport.cc:1743] [MEGASCALE_TRANSPORT_INSTR] SendRpc: key=ppermute.3_0|s100003->200003d|$c62$l-1877411352^i0 size=8388608 queue_latency_us=0 attempt=0
I0909 06:42:10.383454    1698 grpc_transport.cc:1743] [MEGASCALE_TRANSPORT_INSTR] SendRpc: key=ppermute.3_0|s100006->200006d|$c68$l-1877411352^i0 size=8388608 queue_latency_us=0 attempt=0
I0909 06:42:10.386542    1901 grpc_transport.cc:1743] [MEGASCALE_TRANSPORT_INSTR] SendRpc: key=ppermute.3_0|s100000->200000d|$c85$l-1877411352^i0 size=8388608 queue_latency_us=0 attempt=0
I0909 06:42:10.389543    1701 grpc_transport.cc:1743] [MEGASCALE_TRANSPORT_INSTR] SendRpc: key=ppermute.3_0|s100001->200001d|$c103$l-1877411352^i0 size=8388608 queue_latency_us=0 attempt=0
I0909 06:42:10.392293    1706 grpc_transport.cc:1743] [MEGASCALE_TRANSPORT_INSTR] SendRpc: key=ppermute.3_0|s100003->200003d|$c115$l-1877411352^i0 size=8388608 queue_latency_us=0 attempt=0
I0909 06:42:10.392294    1893 grpc_transport.cc:1743] [MEGASCALE_TRANSPORT_INSTR] SendRpc: key=ppermute.3_0|s100005->200005d|$c109$l-1877411352^i0 size=8388608 queue_latency_us=0 attempt=0
I0909 06:42:10.430998    2066 grpc_transport.cc:1414] [MEGASCALE_TRANSPORT_INSTR] Recv: key=ppermute.3_0|s200004->100004d|$c15$l-1877411352^i0 size=0 is_single_chunk=true is_aligned=true memcpy_needed=false
I0909 06:42:10.463884    1687 grpc_transport.cc:1414] [MEGASCALE_TRANSPORT_INSTR] Recv: key=ppermute.3_0|s200003->100003d|$c40$l-1877411352^i0 size=0 is_single_chunk=true is_aligned=true memcpy_needed=false
I0909 06:42:10.493866    2163 grpc_transport.cc:1414] [MEGASCALE_TRANSPORT_INSTR] Recv: key=ppermute.3_0|s200000->100000d|$c60$l-1877411352^i0 size=0 is_single_chunk=true is_aligned=true memcpy_needed=false
I0909 06:42:10.515789    2169 grpc_transport.cc:1414] [MEGASCALE_TRANSPORT_INSTR] Recv: key=ppermute.3_0|s200006->100006d|$c79$l-1877411352^i0 size=0 is_single_chunk=true is_aligned=true memcpy_needed=false
I0909 06:42:10.533111    2165 grpc_transport.cc:1414] [MEGASCALE_TRANSPORT_INSTR] Recv: key=ppermute.3_0|s200004->100004d|$c95$l-1877411352^i0 size=0 is_single_chunk=true is_aligned=true memcpy_needed=false
I0909 06:42:10.550924    2165 grpc_transport.cc:1414] [MEGASCALE_TRANSPORT_INSTR] Recv: key=ppermute.3_0|s200004->100004d|$c113$l-1877411352^i0 size=0 is_single_chunk=true is_aligned=true memcpy_needed=false
I0909 06:42:10.570441    1687 grpc_transport.cc:1414] [MEGASCALE_TRANSPORT_INSTR] Recv: key=ppermute.3_0|s200002->100002d|$c52$l-1877411352^i0 size=0 is_single_chunk=true is_aligned=true memcpy_needed=false
I0909 06:42:10.604484    1687 grpc_transport.cc:1414] [MEGASCALE_TRANSPORT_INSTR] Recv: key=ppermute.3_0|s200007->100007d|$c68$l-1877411352^i0 size=0 is_single_chunk=true is_aligned=true memcpy_needed=false
I0909 06:42:10.635991    2165 grpc_transport.cc:1414] [MEGASCALE_TRANSPORT_INSTR] Recv: key=ppermute.3_0|s200000->100000d|$c16$l-1877411351^i0 size=0 is_single_chunk=true is_aligned=true memcpy_needed=false
I0909 06:42:10.661405    1691 grpc_transport.cc:1414] [MEGASCALE_TRANSPORT_INSTR] Recv: key=ppermute.3_0|s200002->100002d|$c96$l-1877411352^i0 size=0 is_single_chunk=true is_aligned=true memcpy_needed=false
I0909 06:42:10.679822    2164 grpc_transport.cc:1414] [MEGASCALE_TRANSPORT_INSTR] Recv: key=ppermute.3_0|s200006->100006d|$c27$l-1877411351^i0 size=0 is_single_chunk=true is_aligned=true memcpy_needed=false
I0909 06:42:10.697717    1687 grpc_transport.cc:1414] [MEGASCALE_TRANSPORT_INSTR] Recv: key=ppermute.3_0|s200007->100007d|$c126$l-1877411352^i0 size=0 is_single_chunk=true is_aligned=true memcpy_needed=false
I0909 06:42:10.717296    2165 grpc_transport.cc:1743] [MEGASCALE_TRANSPORT_INSTR] SendRpc: key=ppermute.3_0|s100004->200004d|$c1$l-1877411351^i0 size=8388608 queue_latency_us=0 attempt=0
I0909 06:42:10.720004    2175 grpc_transport.cc:1414] [MEGASCALE_TRANSPORT_INSTR] Recv: key=ppermute.3_0|s200004->100004d|$c64$l-1877411351^i0 size=0 is_single_chunk=true is_aligned=true memcpy_needed=false
I0909 06:42:10.722897    1365 grpc_transport.cc:1743] [MEGASCALE_TRANSPORT_INSTR] SendRpc: key=ppermute.3_0|s100001->200001d|$c12$l-1877411351^i0 size=8388608 queue_latency_us=0 attempt=0
I0909 06:42:10.729382    1356 grpc_transport.cc:1743] [MEGASCALE_TRANSPORT_INSTR] SendRpc: key=ppermute.3_0|s100001->200001d|$c26$l-1877411351^i0 size=8388608 queue_latency_us=0 attempt=0
I0909 06:42:10.735714    1354 grpc_transport.cc:1743] [MEGASCALE_TRANSPORT_INSTR] SendRpc: key=ppermute.3_0|s100002->200002d|$c37$l-1877411351^i0 size=8388608 queue_latency_us=0 attempt=0
I0909 06:42:10.742316    1332 grpc_transport.cc:1743] [MEGASCALE_TRANSPORT_INSTR] SendRpc: key=ppermute.3_0|s100005->200005d|$c48$l-1877411351^i0 size=8388608 queue_latency_us=0 attempt=0
I0909 06:42:10.748493    1921 grpc_transport.cc:1743] [MEGASCALE_TRANSPORT_INSTR] SendRpc: key=ppermute.3_0|s100002->200002d|$c59$l-1877411351^i0 size=8388608 queue_latency_us=0 attempt=0
I0909 06:42:10.749644    1367 grpc_transport.cc:1414] [MEGASCALE_TRANSPORT_INSTR] Recv: key=ppermute.3_0|s200003->100003d|$c32$l-1877411351^i0 size=0 is_single_chunk=true is_aligned=true memcpy_needed=false
I0909 06:42:10.755025    1333 grpc_transport.cc:1743] [MEGASCALE_TRANSPORT_INSTR] SendRpc: key=ppermute.3_0|s100002->200002d|$c70$l-1877411351^i0 size=8388608 queue_latency_us=0 attempt=0
I0909 06:42:10.761012    1343 grpc_transport.cc:1743] [MEGASCALE_TRANSPORT_INSTR] SendRpc: key=ppermute.3_0|s100001->200001d|$c87$l-1877411351^i0 size=8388608 queue_latency_us=0 attempt=0
I0909 06:42:10.766732    1691 grpc_transport.cc:1743] [MEGASCALE_TRANSPORT_INSTR] SendRpc: key=ppermute.3_0|s100006->200006d|$c101$l-1877411351^i0 size=8388608 queue_latency_us=0 attempt=0
I0909 06:42:10.771573    2067 grpc_transport.cc:1743] [MEGASCALE_TRANSPORT_INSTR] SendRpc: key=ppermute.3_0|s100004->200004d|$c121$l-1877411351^i0 size=8388608 queue_latency_us=0 attempt=0
I0909 06:42:10.772002    1339 grpc_transport.cc:1414] [MEGASCALE_TRANSPORT_INSTR] Recv: key=ppermute.3_0|s200004->100004d|$c111$l-1877411351^i0 size=0 is_single_chunk=true is_aligned=true memcpy_needed=false
I0909 06:42:10.776667     801 grpc_transport.cc:1743] [MEGASCALE_TRANSPORT_INSTR] SendRpc: key=ppermute.3_0|s100005->200005d|$c126$l-1877411351^i0 size=8388608 queue_latency_us=0 attempt=0
I0909 06:42:10.787854    2167 grpc_transport.cc:1414] [MEGASCALE_TRANSPORT_INSTR] Recv: key=ppermute.3_0|s200000->100000d|$c125$l-1877411351^i0 size=0 is_single_chunk=true is_aligned=true memcpy_needed=false
I0909 06:42:10.815730    1691 grpc_transport.cc:1414] [MEGASCALE_TRANSPORT_INSTR] Recv: key=ppermute.3_0|s200002->100002d|$c58$l-1877411351^i0 size=0 is_single_chunk=true is_aligned=true memcpy_needed=false
I0909 06:42:10.850712    1687 grpc_transport.cc:1414] [MEGASCALE_TRANSPORT_INSTR] Recv: key=ppermute.3_0|s200003->100003d|$c92$l-1877411351^i0 size=0 is_single_chunk=true is_aligned=true memcpy_needed=false
I0909 06:42:10.885124    1691 grpc_transport.cc:1414] [MEGASCALE_TRANSPORT_INSTR] Recv: key=ppermute.3_0|s200007->100007d|$c111$l-1877411351^i0 size=0 is_single_chunk=true is_aligned=true memcpy_needed=false
I0909 06:42:10.920799    1892 grpc_transport.cc:1414] [MEGASCALE_TRANSPORT_INSTR] Recv: key=ppermute.3_0|s200002->100002d|$c119$l-1877411351^i0 size=0 is_single_chunk=true is_aligned=true memcpy_needed=false
I0909 06:42:11.002790    1697 grpc_transport.cc:1743] [MEGASCALE_TRANSPORT_INSTR] SendRpc: key=ppermute.3_0|s100000->200000d|$c4$l-1877411350^i0 size=8388608 queue_latency_us=1 attempt=0
I0909 06:42:11.006644    1339 grpc_transport.cc:1743] [MEGASCALE_TRANSPORT_INSTR] SendRpc: key=ppermute.3_0|s100000->200000d|$c15$l-1877411350^i0 size=8388608 queue_latency_us=0 attempt=0
I0909 06:42:11.011665     784 grpc_transport.cc:1414] [MEGASCALE_TRANSPORT_INSTR] Recv: key=ppermute.3_0|s200006->100006d|$c2$l-1877411350^i0 size=0 is_single_chunk=true is_aligned=true memcpy_needed=false
I0909 06:42:11.011684    1330 grpc_transport.cc:1743] [MEGASCALE_TRANSPORT_INSTR] SendRpc: key=ppermute.3_0|s100003->200003d|$c47$l-1877411350^i0 size=8388608 queue_latency_us=0 attempt=0
I0909 06:42:11.016822    2175 grpc_transport.cc:1743] [MEGASCALE_TRANSPORT_INSTR] SendRpc: key=ppermute.3_0|s100007->200007d|$c40$l-1877411350^i0 size=8388608 queue_latency_us=0 attempt=0
I0909 06:42:11.021800    1699 grpc_transport.cc:1743] [MEGASCALE_TRANSPORT_INSTR] SendRpc: key=ppermute.3_0|s100002->200002d|$c56$l-1877411350^i0 size=8388608 queue_latency_us=0 attempt=0
I0909 06:42:11.027351    1693 grpc_transport.cc:1743] [MEGASCALE_TRANSPORT_INSTR] SendRpc: key=ppermute.3_0|s100001->200001d|$c68$l-1877411350^i0 size=8388608 queue_latency_us=0 attempt=0
I0909 06:42:11.033135    2175 grpc_transport.cc:1743] [MEGASCALE_TRANSPORT_INSTR] SendRpc: key=ppermute.3_0|s100004->200004d|$c76$l-1877411350^i0 size=8388608 queue_latency_us=0 attempt=0
I0909 06:42:11.038055    1349 grpc_transport.cc:1743] [MEGASCALE_TRANSPORT_INSTR] SendRpc: key=ppermute.3_0|s100001->200001d|$c92$l-1877411350^i0 size=8388608 queue_latency_us=0 attempt=0
I0909 06:42:11.041718    1900 grpc_transport.cc:1743] [MEGASCALE_TRANSPORT_INSTR] SendRpc: key=ppermute.3_0|s100002->200002d|$c100$l-1877411350^i0 size=8388608 queue_latency_us=0 attempt=0
I0909 06:42:11.045684    1708 grpc_transport.cc:1743] [MEGASCALE_TRANSPORT_INSTR] SendRpc: key=ppermute.3_0|s100006->200006d|$c123$l-1877411350^i0 size=8388608 queue_latency_us=0 attempt=0
I0909 06:42:11.054365     784 grpc_transport.cc:1414] [MEGASCALE_TRANSPORT_INSTR] Recv: key=ppermute.3_0|s200004->100004d|$c19$l-1877411350^i0 size=0 is_single_chunk=true is_aligned=true memcpy_needed=false
I0909 06:42:11.077660    1332 grpc_transport.cc:1414] [MEGASCALE_TRANSPORT_INSTR] Recv: key=ppermute.3_0|s200001->100001d|$c16$l-1877411350^i0 size=0 is_single_chunk=true is_aligned=true memcpy_needed=false
I0909 06:42:11.097735    1901 grpc_transport.cc:1414] [MEGASCALE_TRANSPORT_INSTR] Recv: key=ppermute.3_0|s200000->100000d|$c55$l-1877411350^i0 size=0 is_single_chunk=true is_aligned=true memcpy_needed=false
I0909 06:42:11.117735    1336 grpc_transport.cc:1414] [MEGASCALE_TRANSPORT_INSTR] Recv: key=ppermute.3_0|s200000->100000d|$c72$l-1877411350^i0 size=0 is_single_chunk=true is_aligned=true memcpy_needed=false
I0909 06:42:11.137336    1332 grpc_transport.cc:1414] [MEGASCALE_TRANSPORT_INSTR] Recv: key=ppermute.3_0|s200003->100003d|$c55$l-1877411350^i0 size=0 is_single_chunk=true is_aligned=true memcpy_needed=false
I0909 06:42:11.155786    2142 grpc_transport.cc:1414] [MEGASCALE_TRANSPORT_INSTR] Recv: key=ppermute.3_0|s200002->100002d|$c58$l-1877411350^i0 size=0 is_single_chunk=true is_aligned=true memcpy_needed=false
I0909 06:42:11.173531    1688 grpc_transport.cc:1414] [MEGASCALE_TRANSPORT_INSTR] Recv: key=ppermute.3_0|s200004->100004d|$c118$l-1877411350^i0 size=0 is_single_chunk=true is_aligned=true memcpy_needed=false
I0909 06:42:11.204169    1894 grpc_transport.cc:1414] [MEGASCALE_TRANSPORT_INSTR] Recv: key=ppermute.3_0|s200007->100007d|$c93$l-1877411350^i0 size=0 is_single_chunk=true is_aligned=true memcpy_needed=false
I0909 06:42:11.239792    1693 grpc_transport.cc:1414] [MEGASCALE_TRANSPORT_INSTR] Recv: key=ppermute.3_0|s200002->100002d|$c106$l-1877411350^i0 size=0 is_single_chunk=true is_aligned=true memcpy_needed=false
I0909 06:42:11.271520    1693 grpc_transport.cc:1414] [MEGASCALE_TRANSPORT_INSTR] Recv: key=ppermute.3_0|s200005->100005d|$c112$l-1877411350^i0 size=0 is_single_chunk=true is_aligned=true memcpy_needed=false
I0909 06:42:11.298873    1901 grpc_transport.cc:1743] [MEGASCALE_TRANSPORT_INSTR] SendRpc: key=ppermute.3_0|s100000->200000d|$c8$l-1877411349^i0 size=8388608 queue_latency_us=0 attempt=0
I0909 06:42:11.301590    2182 grpc_transport.cc:1414] [MEGASCALE_TRANSPORT_INSTR] Recv: key=ppermute.3_0|s200006->100006d|$c17$l-1877411349^i0 size=0 is_single_chunk=true is_aligned=true memcpy_needed=false
I0909 06:42:11.304971    1691 grpc_transport.cc:1743] [MEGASCALE_TRANSPORT_INSTR] SendRpc: key=ppermute.3_0|s100003->200003d|$c19$l-1877411349^i0 size=8388608 queue_latency_us=0 attempt=0
I0909 06:42:11.310294    1910 grpc_transport.cc:1743] [MEGASCALE_TRANSPORT_INSTR] SendRpc: key=ppermute.3_0|s100004->200004d|$c50$l-1877411349^i0 size=8388608 queue_latency_us=0 attempt=0
I0909 06:42:11.316496    1332 grpc_transport.cc:1743] [MEGASCALE_TRANSPORT_INSTR] SendRpc: key=ppermute.3_0|s100003->200003d|$c46$l-1877411349^i0 size=8388608 queue_latency_us=0 attempt=0
I0909 06:42:11.322640    1687 grpc_transport.cc:1743] [MEGASCALE_TRANSPORT_INSTR] SendRpc: key=ppermute.3_0|s100001->200001d|$c50$l-1877411349^i0 size=8388608 queue_latency_us=0 attempt=0
I0909 06:42:11.330229    1894 grpc_transport.cc:1743] [MEGASCALE_TRANSPORT_INSTR] SendRpc: key=ppermute.3_0|s100005->200005d|$c63$l-1877411349^i0 size=8388608 queue_latency_us=0 attempt=0
I0909 06:42:11.332371    1343 grpc_transport.cc:1414] [MEGASCALE_TRANSPORT_INSTR] Recv: key=ppermute.3_0|s200002->100002d|$c11$l-1877411349^i0 size=0 is_single_chunk=true is_aligned=true memcpy_needed=false
I0909 06:42:11.336157    1697 grpc_transport.cc:1743] [MEGASCALE_TRANSPORT_INSTR] SendRpc: key=ppermute.3_0|s100007->200007d|$c70$l-1877411349^i0 size=8388608 queue_latency_us=0 attempt=0
I0909 06:42:11.340941    1342 grpc_transport.cc:1743] [MEGASCALE_TRANSPORT_INSTR] SendRpc: key=ppermute.3_0|s100007->200007d|$c84$l-1877411349^i0 size=8388608 queue_latency_us=0 attempt=0
I0909 06:42:11.345786    1700 grpc_transport.cc:1743] [MEGASCALE_TRANSPORT_INSTR] SendRpc: key=ppermute.3_0|s100004->200004d|$c124$l-1877411349^i0 size=8388608 queue_latency_us=0 attempt=0
I0909 06:42:11.350383    1900 grpc_transport.cc:1743] [MEGASCALE_TRANSPORT_INSTR] SendRpc: key=ppermute.3_0|s100005->200005d|$c117$l-1877411349^i0 size=8388608 queue_latency_us=0 attempt=0
I0909 06:42:11.352625    1901 grpc_transport.cc:1414] [MEGASCALE_TRANSPORT_INSTR] Recv: key=ppermute.3_0|s200004->100004d|$c55$l-1877411349^i0 size=0 is_single_chunk=true is_aligned=true memcpy_needed=false
I0909 06:42:11.370450    2065 grpc_transport.cc:1414] [MEGASCALE_TRANSPORT_INSTR] Recv: key=ppermute.3_0|s200000->100000d|$c74$l-1877411349^i0 size=0 is_single_chunk=true is_aligned=true memcpy_needed=false
I0909 06:42:11.389450    1331 grpc_transport.cc:1414] [MEGASCALE_TRANSPORT_INSTR] Recv: key=ppermute.3_0|s200003->100003d|$c51$l-1877411349^i0 size=0 is_single_chunk=true is_aligned=true memcpy_needed=false
I0909 06:42:11.409735    1688 grpc_transport.cc:1414] [MEGASCALE_TRANSPORT_INSTR] Recv: key=ppermute.3_0|s200004->100004d|$c106$l-1877411349^i0 size=0 is_single_chunk=true is_aligned=true memcpy_needed=false
I0909 06:42:11.428552     784 grpc_transport.cc:1414] [MEGASCALE_TRANSPORT_INSTR] Recv: key=ppermute.3_0|s200000->100000d|$c119$l-1877411349^i0 size=0 is_single_chunk=true is_aligned=true memcpy_needed=false
I0909 06:42:11.454288    1331 grpc_transport.cc:1414] [MEGASCALE_TRANSPORT_INSTR] Recv: key=ppermute.3_0|s200005->100005d|$c78$l-1877411349^i0 size=0 is_single_chunk=true is_aligned=true memcpy_needed=false
I0909 06:42:11.490058    1891 grpc_transport.cc:1414] [MEGASCALE_TRANSPORT_INSTR] Recv: key=ppermute.3_0|s200001->100001d|$c84$l-1877411349^i0 size=0 is_single_chunk=true is_aligned=true memcpy_needed=false
I0909 06:42:11.524964    2274 grpc_transport.cc:1414] [MEGASCALE_TRANSPORT_INSTR] Recv: key=ppermute.3_0|s200003->100003d|$c125$l-1877411349^i0 size=0 is_single_chunk=true is_aligned=true memcpy_needed=false
I0909 06:42:11.555049    1917 grpc_transport.cc:1743] [MEGASCALE_TRANSPORT_INSTR] SendRpc: key=ppermute.3_0|s100004->200004d|$c0$l-1877411348^i0 size=8388608 queue_latency_us=0 attempt=0
I0909 06:42:11.559188    1928 grpc_transport.cc:1743] [MEGASCALE_TRANSPORT_INSTR] SendRpc: key=ppermute.3_0|s100000->200000d|$c36$l-1877411348^i0 size=8388608 queue_latency_us=0 attempt=0
I0909 06:42:11.564795    2166 grpc_transport.cc:1743] [MEGASCALE_TRANSPORT_INSTR] SendRpc: key=ppermute.3_0|s100004->200004d|$c25$l-1877411348^i0 size=8388608 queue_latency_us=0 attempt=0
I0909 06:42:11.569933     801 grpc_transport.cc:1743] [MEGASCALE_TRANSPORT_INSTR] SendRpc: key=ppermute.3_0|s100003->200003d|$c0$l-1877411348^i0 size=8388608 queue_latency_us=0 attempt=0
I0909 06:42:11.575105    1899 grpc_transport.cc:1743] [MEGASCALE_TRANSPORT_INSTR] SendRpc: key=ppermute.3_0|s100001->200001d|$c49$l-1877411348^i0 size=8388608 queue_latency_us=0 attempt=0
I0909 06:42:11.580235    1893 grpc_transport.cc:1743] [MEGASCALE_TRANSPORT_INSTR] SendRpc: key=ppermute.3_0|s100001->200001d|$c58$l-1877411348^i0 size=8388608 queue_latency_us=0 attempt=0
I0909 06:42:11.584809    2283 grpc_transport.cc:1743] [MEGASCALE_TRANSPORT_INSTR] SendRpc: key=ppermute.3_0|s100003->200003d|$c34$l-1877411348^i0 size=8388608 queue_latency_us=0 attempt=0
I0909 06:42:11.588459    1894 grpc_transport.cc:1743] [MEGASCALE_TRANSPORT_INSTR] SendRpc: key=ppermute.3_0|s100002->200002d|$c102$l-1877411348^i0 size=8388608 queue_latency_us=0 attempt=0
I0909 06:42:11.592123    1891 grpc_transport.cc:1743] [MEGASCALE_TRANSPORT_INSTR] SendRpc: key=ppermute.3_0|s100002->200002d|$c114$l-1877411348^i0 size=8388608 queue_latency_us=0 attempt=0
I0909 06:42:11.595494    2279 grpc_transport.cc:1743] [MEGASCALE_TRANSPORT_INSTR] SendRpc: key=ppermute.3_0|s100006->200006d|$c115$l-1877411348^i0 size=8388608 queue_latency_us=0 attempt=0
I0909 06:42:11.600990    2142 grpc_transport.cc:1743] [MEGASCALE_TRANSPORT_INSTR] SendRpc: key=ppermute.3_0|s100003->200003d|$c122$l-1877411348^i0 size=8388608 queue_latency_us=0 attempt=0
I0909 06:42:11.611338     801 grpc_transport.cc:1414] [MEGASCALE_TRANSPORT_INSTR] Recv: key=ppermute.3_0|s200001->100001d|$c6$l-1877411348^i0 size=0 is_single_chunk=true is_aligned=true memcpy_needed=false
I0909 06:42:11.641758    1903 grpc_transport.cc:1414] [MEGASCALE_TRANSPORT_INSTR] Recv: key=ppermute.3_0|s200004->100004d|$c25$l-1877411348^i0 size=0 is_single_chunk=true is_aligned=true memcpy_needed=false
I0909 06:42:11.660807    1693 grpc_transport.cc:1414] [MEGASCALE_TRANSPORT_INSTR] Recv: key=ppermute.3_0|s200005->100005d|$c32$l-1877411348^i0 size=0 is_single_chunk=true is_aligned=true memcpy_needed=false
I0909 06:42:11.681999    2273 grpc_transport.cc:1414] [MEGASCALE_TRANSPORT_INSTR] Recv: key=ppermute.3_0|s200005->100005d|$c40$l-1877411348^i0 size=0 is_single_chunk=true is_aligned=true memcpy_needed=false
I0909 06:42:11.700460    2166 grpc_transport.cc:1414] [MEGASCALE_TRANSPORT_INSTR] Recv: key=ppermute.3_0|s200000->100000d|$c84$l-1877411348^i0 size=0 is_single_chunk=true is_aligned=true memcpy_needed=false
I0909 06:42:11.719547    1895 grpc_transport.cc:1414] [MEGASCALE_TRANSPORT_INSTR] Recv: key=ppermute.3_0|s200000->100000d|$c102$l-1877411348^i0 size=0 is_single_chunk=true is_aligned=true memcpy_needed=false
I0909 06:42:11.737138    1693 grpc_transport.cc:1414] [MEGASCALE_TRANSPORT_INSTR] Recv: key=ppermute.3_0|s200002->100002d|$c73$l-1877411348^i0 size=0 is_single_chunk=true is_aligned=true memcpy_needed=false
I0909 06:42:11.757746    2273 grpc_transport.cc:1414] [MEGASCALE_TRANSPORT_INSTR] Recv: key=ppermute.3_0|s200001->100001d|$c72$l-1877411348^i0 size=0 is_single_chunk=true is_aligned=true memcpy_needed=false
I0909 06:42:11.791997    1693 grpc_transport.cc:1414] [MEGASCALE_TRANSPORT_INSTR] Recv: key=ppermute.3_0|s200007->100007d|$c91$l-1877411348^i0 size=0 is_single_chunk=true is_aligned=true memcpy_needed=false
I0909 06:42:11.824581     801 grpc_transport.cc:1414] [MEGASCALE_TRANSPORT_INSTR] Recv: key=ppermute.3_0|s200002->100002d|$c122$l-1877411348^i0 size=0 is_single_chunk=true is_aligned=true memcpy_needed=false
I0909 06:42:11.849336     801 grpc_transport.cc:1414] [MEGASCALE_TRANSPORT_INSTR] Recv: key=ppermute.3_0|s200007->100007d|$c124$l-1877411348^i0 size=0 is_single_chunk=true is_aligned=true memcpy_needed=false
I0909 06:42:11.872320    2280 grpc_transport.cc:1743] [MEGASCALE_TRANSPORT_INSTR] SendRpc: key=ppermute.3_0|s100006->200006d|$c7$l-1877411347^i0 size=8388608 queue_latency_us=0 attempt=0
I0909 06:42:11.878071    2164 grpc_transport.cc:1414] [MEGASCALE_TRANSPORT_INSTR] Recv: key=ppermute.3_0|s200004->100004d|$c21$l-1877411347^i0 size=0 is_single_chunk=true is_aligned=true memcpy_needed=false
I0909 06:42:11.878945    2175 grpc_transport.cc:1743] [MEGASCALE_TRANSPORT_INSTR] SendRpc: key=ppermute.3_0|s100007->200007d|$c19$l-1877411347^i0 size=8388608 queue_latency_us=0 attempt=0
I0909 06:42:11.884658    2141 grpc_transport.cc:1743] [MEGASCALE_TRANSPORT_INSTR] SendRpc: key=ppermute.3_0|s100005->200005d|$c31$l-1877411347^i0 size=8388608 queue_latency_us=0 attempt=0
I0909 06:42:11.890599    2282 grpc_transport.cc:1743] [MEGASCALE_TRANSPORT_INSTR] SendRpc: key=ppermute.3_0|s100001->200001d|$c42$l-1877411347^i0 size=8388608 queue_latency_us=0 attempt=0
I0909 06:42:11.896274    1344 grpc_transport.cc:1743] [MEGASCALE_TRANSPORT_INSTR] SendRpc: key=ppermute.3_0|s100007->200007d|$c60$l-1877411347^i0 size=8388608 queue_latency_us=0 attempt=0
I0909 06:42:11.902622    1693 grpc_transport.cc:1743] [MEGASCALE_TRANSPORT_INSTR] SendRpc: key=ppermute.3_0|s100005->200005d|$c68$l-1877411347^i0 size=8388608 queue_latency_us=0 attempt=0
I0909 06:42:11.905327    1342 grpc_transport.cc:1414] [MEGASCALE_TRANSPORT_INSTR] Recv: key=ppermute.3_0|s200000->100000d|$c69$l-1877411347^i0 size=0 is_single_chunk=true is_aligned=true memcpy_needed=false
I0909 06:42:11.908387    1332 grpc_transport.cc:1743] [MEGASCALE_TRANSPORT_INSTR] SendRpc: key=ppermute.3_0|s100003->200003d|$c85$l-1877411347^i0 size=8388608 queue_latency_us=0 attempt=0
I0909 06:42:11.913509     803 grpc_transport.cc:1743] [MEGASCALE_TRANSPORT_INSTR] SendRpc: key=ppermute.3_0|s100003->200003d|$c95$l-1877411347^i0 size=8388608 queue_latency_us=0 attempt=0
I0909 06:42:11.918061    1701 grpc_transport.cc:1743] [MEGASCALE_TRANSPORT_INSTR] SendRpc: key=ppermute.3_0|s100001->200001d|$c105$l-1877411347^i0 size=8388608 queue_latency_us=0 attempt=0
I0909 06:42:11.922654    1701 grpc_transport.cc:1743] [MEGASCALE_TRANSPORT_INSTR] SendRpc: key=ppermute.3_0|s100005->200005d|$c124$l-1877411347^i0 size=8388608 queue_latency_us=0 attempt=0
I0909 06:42:11.924731    1902 grpc_transport.cc:1414] [MEGASCALE_TRANSPORT_INSTR] Recv: key=ppermute.3_0|s200002->100002d|$c23$l-1877411347^i0 size=0 is_single_chunk=true is_aligned=true memcpy_needed=false
I0909 06:42:11.940925    2274 grpc_transport.cc:1414] [MEGASCALE_TRANSPORT_INSTR] Recv: key=ppermute.3_0|s200003->100003d|$c38$l-1877411347^i0 size=0 is_single_chunk=true is_aligned=true memcpy_needed=false
I0909 06:42:11.960540    1894 grpc_transport.cc:1414] [MEGASCALE_TRANSPORT_INSTR] Recv: key=ppermute.3_0|s200005->100005d|$c56$l-1877411347^i0 size=0 is_single_chunk=true is_aligned=true memcpy_needed=false
I0909 06:42:11.979699    2166 grpc_transport.cc:1414] [MEGASCALE_TRANSPORT_INSTR] Recv: key=ppermute.3_0|s200004->100004d|$c117$l-1877411347^i0 size=0 is_single_chunk=true is_aligned=true memcpy_needed=false
I0909 06:42:12.006281    2273 grpc_transport.cc:1414] [MEGASCALE_TRANSPORT_INSTR] Recv: key=ppermute.3_0|s200001->100001d|$c67$l-1877411347^i0 size=0 is_single_chunk=true is_aligned=true memcpy_needed=false
I0909 06:42:12.041404    2273 grpc_transport.cc:1414] [MEGASCALE_TRANSPORT_INSTR] Recv: key=ppermute.3_0|s200002->100002d|$c83$l-1877411347^i0 size=0 is_single_chunk=true is_aligned=true memcpy_needed=false
I0909 06:42:12.075839    2142 grpc_transport.cc:1414] [MEGASCALE_TRANSPORT_INSTR] Recv: key=ppermute.3_0|s200005->100005d|$c122$l-1877411347^i0 size=0 is_single_chunk=true is_aligned=true memcpy_needed=false
I0909 06:42:12.127819    2288 grpc_transport.cc:1743] [MEGASCALE_TRANSPORT_INSTR] SendRpc: key=ppermute.3_0|s100001->200001d|$c7$l-1877411346^i0 size=8388608 queue_latency_us=0 attempt=0
W0909 06:42:12.131619    1905 grpc_transport.cc:1186] Too many pending sends: 128
I0909 06:42:12.132717    1895 grpc_transport.cc:1743] [MEGASCALE_TRANSPORT_INSTR] SendRpc: key=ppermute.3_0|s100000->200000d|$c22$l-1877411346^i0 size=8388608 queue_latency_us=0 attempt=0
I0909 06:42:12.137061     804 grpc_transport.cc:1743] [MEGASCALE_TRANSPORT_INSTR] SendRpc: key=ppermute.3_0|s100003->200003d|$c36$l-1877411346^i0 size=8388608 queue_latency_us=0 attempt=0
I0909 06:42:12.141280    1333 grpc_transport.cc:1743] [MEGASCALE_TRANSPORT_INSTR] SendRpc: key=ppermute.3_0|s100005->200005d|$c44$l-1877411346^i0 size=8388608 queue_latency_us=0 attempt=0
I0909 06:42:12.146354    1331 grpc_transport.cc:1743] [MEGASCALE_TRANSPORT_INSTR] SendRpc: key=ppermute.3_0|s100003->200003d|$c59$l-1877411346^i0 size=8388608 queue_latency_us=0 attempt=0
I0909 06:42:12.150953    2170 grpc_transport.cc:1743] [MEGASCALE_TRANSPORT_INSTR] SendRpc: key=ppermute.3_0|s100004->200004d|$c116$l-1877411346^i0 size=8388608 queue_latency_us=0 attempt=0
I0909 06:42:12.155303    2163 grpc_transport.cc:1414] [MEGASCALE_TRANSPORT_INSTR] Recv: key=ppermute.3_0|s200000->100000d|$c1$l-1877411346^i0 size=0 is_single_chunk=true is_aligned=true memcpy_needed=false
I0909 06:42:12.156016    1894 grpc_transport.cc:1743] [MEGASCALE_TRANSPORT_INSTR] SendRpc: key=ppermute.3_0|s100001->200001d|$c84$l-1877411346^i0 size=8388608 queue_latency_us=0 attempt=0
I0909 06:42:12.160179    2165 grpc_transport.cc:1743] [MEGASCALE_TRANSPORT_INSTR] SendRpc: key=ppermute.3_0|s100000->200000d|$c97$l-1877411346^i0 size=8388608 queue_latency_us=0 attempt=0
I0909 06:42:12.163487    1339 grpc_transport.cc:1743] [MEGASCALE_TRANSPORT_INSTR] SendRpc: key=ppermute.3_0|s100007->200007d|$c113$l-1877411346^i0 size=8388608 queue_latency_us=0 attempt=0
I0909 06:42:12.166840    1918 grpc_transport.cc:1743] [MEGASCALE_TRANSPORT_INSTR] SendRpc: key=ppermute.3_0|s100007->200007d|$c126$l-1877411346^i0 size=8388608 queue_latency_us=0 attempt=0
I0909 06:42:12.199885    1340 grpc_transport.cc:1414] [MEGASCALE_TRANSPORT_INSTR] Recv: key=ppermute.3_0|s200006->100006d|$c11$l-1877411346^i0 size=0 is_single_chunk=true is_aligned=true memcpy_needed=false
I0909 06:42:12.225653    1331 grpc_transport.cc:1414] [MEGASCALE_TRANSPORT_INSTR] Recv: key=ppermute.3_0|s200001->100001d|$c7$l-1877411346^i0 size=0 is_single_chunk=true is_aligned=true memcpy_needed=false
I0909 06:42:12.248124    1697 grpc_transport.cc:1414] [MEGASCALE_TRANSPORT_INSTR] Recv: key=ppermute.3_0|s200004->100004d|$c50$l-1877411346^i0 size=0 is_single_chunk=true is_aligned=true memcpy_needed=false
I0909 06:42:12.268932    1331 grpc_transport.cc:1414] [MEGASCALE_TRANSPORT_INSTR] Recv: key=ppermute.3_0|s200001->100001d|$c34$l-1877411346^i0 size=0 is_single_chunk=true is_aligned=true memcpy_needed=false
I0909 06:42:12.288479    1331 grpc_transport.cc:1414] [MEGASCALE_TRANSPORT_INSTR] Recv: key=ppermute.3_0|s200002->100002d|$c52$l-1877411346^i0 size=0 is_single_chunk=true is_aligned=true memcpy_needed=false
I0909 06:42:12.306253    2166 grpc_transport.cc:1414] [MEGASCALE_TRANSPORT_INSTR] Recv: key=ppermute.3_0|s200000->100000d|$c105$l-1877411346^i0 size=0 is_single_chunk=true is_aligned=true memcpy_needed=false
I0909 06:42:12.324013    2166 grpc_transport.cc:1414] [MEGASCALE_TRANSPORT_INSTR] Recv: key=ppermute.3_0|s200004->100004d|$c113$l-1877411346^i0 size=0 is_single_chunk=true is_aligned=true memcpy_needed=false
I0909 06:42:12.346525    2274 grpc_transport.cc:1414] [MEGASCALE_TRANSPORT_INSTR] Recv: key=ppermute.3_0|s200007->100007d|$c84$l-1877411346^i0 size=0 is_single_chunk=true is_aligned=true memcpy_needed=false
I0909 06:42:12.381913    1693 grpc_transport.cc:1414] [MEGASCALE_TRANSPORT_INSTR] Recv: key=ppermute.3_0|s200005->100005d|$c120$l-1877411346^i0 size=0 is_single_chunk=true is_aligned=true memcpy_needed=false
I0909 06:42:12.412168    2274 grpc_transport.cc:1414] [MEGASCALE_TRANSPORT_INSTR] Recv: key=ppermute.3_0|s200001->100001d|$c113$l-1877411346^i0 size=0 is_single_chunk=true is_aligned=true memcpy_needed=false
I0909 06:42:12.438348    1693 grpc_transport.cc:1414] [MEGASCALE_TRANSPORT_INSTR] Recv: key=ppermute.3_0|s200003->100003d|$c4$l-1877411345^i0 size=0 is_single_chunk=true is_aligned=true memcpy_needed=false
I0909 06:42:12.446250    1898 grpc_transport.cc:1743] [MEGASCALE_TRANSPORT_INSTR] SendRpc: key=ppermute.3_0|s100006->200006d|$c30$l-1877411345^i0 size=8388608 queue_latency_us=0 attempt=0
I0909 06:42:12.451713    2168 grpc_transport.cc:1743] [MEGASCALE_TRANSPORT_INSTR] SendRpc: key=ppermute.3_0|s100004->200004d|$c15$l-1877411345^i0 size=8388608 queue_latency_us=0 attempt=0
I0909 06:42:12.458019    2178 grpc_transport.cc:1743] [MEGASCALE_TRANSPORT_INSTR] SendRpc: key=ppermute.3_0|s100004->200004d|$c30$l-1877411345^i0 size=8388608 queue_latency_us=0 attempt=0
I0909 06:42:12.464428    1891 grpc_transport.cc:1743] [MEGASCALE_TRANSPORT_INSTR] SendRpc: key=ppermute.3_0|s100002->200002d|$c35$l-1877411345^i0 size=8388608 queue_latency_us=1 attempt=0
I0909 06:42:12.467868    1928 grpc_transport.cc:1414] [MEGASCALE_TRANSPORT_INSTR] Recv: key=ppermute.3_0|s200000->100000d|$c38$l-1877411345^i0 size=0 is_single_chunk=true is_aligned=true memcpy_needed=false
I0909 06:42:12.470403    1911 grpc_transport.cc:1743] [MEGASCALE_TRANSPORT_INSTR] SendRpc: key=ppermute.3_0|s100003->200003d|$c52$l-1877411345^i0 size=8388608 queue_latency_us=0 attempt=0
I0909 06:42:12.477651    2142 grpc_transport.cc:1743] [MEGASCALE_TRANSPORT_INSTR] SendRpc: key=ppermute.3_0|s100005->200005d|$c67$l-1877411345^i0 size=8388608 queue_latency_us=0 attempt=0
I0909 06:42:12.483685    2280 grpc_transport.cc:1743] [MEGASCALE_TRANSPORT_INSTR] SendRpc: key=ppermute.3_0|s100003->200003d|$c76$l-1877411345^i0 size=8388608 queue_latency_us=0 attempt=0
I0909 06:42:12.488784    1895 grpc_transport.cc:1743] [MEGASCALE_TRANSPORT_INSTR] SendRpc: key=ppermute.3_0|s100004->200004d|$c94$l-1877411345^i0 size=8388608 queue_latency_us=0 attempt=0
I0909 06:42:12.491190    2175 grpc_transport.cc:1414] [MEGASCALE_TRANSPORT_INSTR] Recv: key=ppermute.3_0|s200006->100006d|$c50$l-1877411345^i0 size=0 is_single_chunk=true is_aligned=true memcpy_needed=false
I0909 06:42:12.493741    1343 grpc_transport.cc:1743] [MEGASCALE_TRANSPORT_INSTR] SendRpc: key=ppermute.3_0|s100003->200003d|$c102$l-1877411345^i0 size=8388608 queue_latency_us=0 attempt=0
I0909 06:42:12.498878    2285 grpc_transport.cc:1743] [MEGASCALE_TRANSPORT_INSTR] SendRpc: key=ppermute.3_0|s100005->200005d|$c116$l-1877411345^i0 size=8388608 queue_latency_us=0 attempt=0
I0909 06:42:12.508474    2164 grpc_transport.cc:1414] [MEGASCALE_TRANSPORT_INSTR] Recv: key=ppermute.3_0|s200000->100000d|$c76$l-1877411345^i0 size=0 is_single_chunk=true is_aligned=true memcpy_needed=false
I0909 06:42:12.529751    1334 grpc_transport.cc:1414] [MEGASCALE_TRANSPORT_INSTR] Recv: key=ppermute.3_0|s200000->100000d|$c94$l-1877411345^i0 size=0 is_single_chunk=true is_aligned=true memcpy_needed=false
I0909 06:42:12.552871    2141 grpc_transport.cc:1414] [MEGASCALE_TRANSPORT_INSTR] Recv: key=ppermute.3_0|s200003->100003d|$c34$l-1877411345^i0 size=0 is_single_chunk=true is_aligned=true memcpy_needed=false
I0909 06:42:12.586959    2142 grpc_transport.cc:1414] [MEGASCALE_TRANSPORT_INSTR] Recv: key=ppermute.3_0|s200005->100005d|$c59$l-1877411345^i0 size=0 is_single_chunk=true is_aligned=true memcpy_needed=false
I0909 06:42:12.622696    1687 grpc_transport.cc:1414] [MEGASCALE_TRANSPORT_INSTR] Recv: key=ppermute.3_0|s200003->100003d|$c75$l-1877411345^i0 size=0 is_single_chunk=true is_aligned=true memcpy_needed=false
I0909 06:42:12.657173    1894 grpc_transport.cc:1414] [MEGASCALE_TRANSPORT_INSTR] Recv: key=ppermute.3_0|s200003->100003d|$c96$l-1877411345^i0 size=0 is_single_chunk=true is_aligned=true memcpy_needed=false
I0909 06:42:12.692618    1691 grpc_transport.cc:1414] [MEGASCALE_TRANSPORT_INSTR] Recv: key=ppermute.3_0|s200002->100002d|$c122$l-1877411345^i0 size=0 is_single_chunk=true is_aligned=true memcpy_needed=false
I0909 06:42:12.715858    1895 grpc_transport.cc:1743] [MEGASCALE_TRANSPORT_INSTR] SendRpc: key=ppermute.3_0|s100004->200004d|$c7$l-1877411344^i0 size=8388608 queue_latency_us=0 attempt=0
I0909 06:42:12.719615    2286 grpc_transport.cc:1743] [MEGASCALE_TRANSPORT_INSTR] SendRpc: key=ppermute.3_0|s100006->200006d|$c11$l-1877411344^i0 size=8388608 queue_latency_us=1 attempt=0
I0909 06:42:12.724495    2073 grpc_transport.cc:1743] [MEGASCALE_TRANSPORT_INSTR] SendRpc: key=ppermute.3_0|s100004->200004d|$c35$l-1877411344^i0 size=8388608 queue_latency_us=0 attempt=0
I0909 06:42:12.729360    1900 grpc_transport.cc:1743] [MEGASCALE_TRANSPORT_INSTR] SendRpc: key=ppermute.3_0|s100001->200001d|$c33$l-1877411344^i0 size=8388608 queue_latency_us=0 attempt=0
I0909 06:42:12.734139    2277 grpc_transport.cc:1743] [MEGASCALE_TRANSPORT_INSTR] SendRpc: key=ppermute.3_0|s100006->200006d|$c41$l-1877411344^i0 size=8388608 queue_latency_us=0 attempt=0
I0909 06:42:12.739603    1928 grpc_transport.cc:1743] [MEGASCALE_TRANSPORT_INSTR] SendRpc: key=ppermute.3_0|s100000->200000d|$c103$l-1877411344^i0 size=8388608 queue_latency_us=0 attempt=0
I0909 06:42:12.745289    1339 grpc_transport.cc:1743] [MEGASCALE_TRANSPORT_INSTR] SendRpc: key=ppermute.3_0|s100004->200004d|$c84$l-1877411344^i0 size=8388608 queue_latency_us=0 attempt=0
I0909 06:42:12.750492    2141 grpc_transport.cc:1414] [MEGASCALE_TRANSPORT_INSTR] Recv: key=ppermute.3_0|s200002->100002d|$c30$l-1877411344^i0 size=0 is_single_chunk=true is_aligned=true memcpy_needed=false
I0909 06:42:12.751339    1899 grpc_transport.cc:1743] [MEGASCALE_TRANSPORT_INSTR] SendRpc: key=ppermute.3_0|s100002->200002d|$c81$l-1877411344^i0 size=8388608 queue_latency_us=0 attempt=0
I0909 06:42:12.755962    1902 grpc_transport.cc:1743] [MEGASCALE_TRANSPORT_INSTR] SendRpc: key=ppermute.3_0|s100002->200002d|$c95$l-1877411344^i0 size=8388608 queue_latency_us=0 attempt=0
I0909 06:42:12.759882    1341 grpc_transport.cc:1743] [MEGASCALE_TRANSPORT_INSTR] SendRpc: key=ppermute.3_0|s100006->200006d|$c100$l-1877411344^i0 size=8388608 queue_latency_us=0 attempt=0
I0909 06:42:12.777477    1336 grpc_transport.cc:1414] [MEGASCALE_TRANSPORT_INSTR] Recv: key=ppermute.3_0|s200000->100000d|$c30$l-1877411344^i0 size=0 is_single_chunk=true is_aligned=true memcpy_needed=false
I0909 06:42:12.798768    1330 grpc_transport.cc:1414] [MEGASCALE_TRANSPORT_INSTR] Recv: key=ppermute.3_0|s200001->100001d|$c19$l-1877411344^i0 size=0 is_single_chunk=true is_aligned=true memcpy_needed=false
I0909 06:42:12.819933    1910 grpc_transport.cc:1414] [MEGASCALE_TRANSPORT_INSTR] Recv: key=ppermute.3_0|s200004->100004d|$c67$l-1877411344^i0 size=0 is_single_chunk=true is_aligned=true memcpy_needed=false
I0909 06:42:12.841473    1336 grpc_transport.cc:1414] [MEGASCALE_TRANSPORT_INSTR] Recv: key=ppermute.3_0|s200000->100000d|$c91$l-1877411344^i0 size=0 is_single_chunk=true is_aligned=true memcpy_needed=false
I0909 06:42:12.863833     801 grpc_transport.cc:1414] [MEGASCALE_TRANSPORT_INSTR] Recv: key=ppermute.3_0|s200007->100007d|$c43$l-1877411344^i0 size=0 is_single_chunk=true is_aligned=true memcpy_needed=false
I0909 06:42:12.887498    2273 grpc_transport.cc:1414] [MEGASCALE_TRANSPORT_INSTR] Recv: key=ppermute.3_0|s200001->100001d|$c48$l-1877411344^i0 size=0 is_single_chunk=true is_aligned=true memcpy_needed=false
I0909 06:42:12.923796    1330 grpc_transport.cc:1414] [MEGASCALE_TRANSPORT_INSTR] Recv: key=ppermute.3_0|s200003->100003d|$c70$l-1877411344^i0 size=0 is_single_chunk=true is_aligned=true memcpy_needed=false
I0909 06:42:12.959003    2273 grpc_transport.cc:1414] [MEGASCALE_TRANSPORT_INSTR] Recv: key=ppermute.3_0|s200005->100005d|$c86$l-1877411344^i0 size=0 is_single_chunk=true is_aligned=true memcpy_needed=false
I0909 06:42:12.987485    1330 grpc_transport.cc:1414] [MEGASCALE_TRANSPORT_INSTR] Recv: key=ppermute.3_0|s200003->100003d|$c102$l-1877411344^i0 size=0 is_single_chunk=true is_aligned=true memcpy_needed=false
I0909 06:42:13.011757    2273 grpc_transport.cc:1414] [MEGASCALE_TRANSPORT_INSTR] Recv: key=ppermute.3_0|s200003->100003d|$c117$l-1877411344^i0 size=0 is_single_chunk=true is_aligned=true memcpy_needed=false
I0909 06:42:13.030525    1330 grpc_transport.cc:1414] [MEGASCALE_TRANSPORT_INSTR] Recv: key=ppermute.3_0|s200005->100005d|$c0$l-1877411343^i0 size=0 is_single_chunk=true is_aligned=true memcpy_needed=false
I0909 06:42:13.040086     784 grpc_transport.cc:1743] [MEGASCALE_TRANSPORT_INSTR] SendRpc: key=ppermute.3_0|s100000->200000d|$c6$l-1877411343^i0 size=8388608 queue_latency_us=0 attempt=0
I0909 06:42:13.045828    1724 grpc_transport.cc:1743] [MEGASCALE_TRANSPORT_INSTR] SendRpc: key=ppermute.3_0|s100001->200001d|$c7$l-1877411343^i0 size=8388608 queue_latency_us=0 attempt=0
I0909 06:42:13.052067    1910 grpc_transport.cc:1743] [MEGASCALE_TRANSPORT_INSTR] SendRpc: key=ppermute.3_0|s100007->200007d|$c22$l-1877411343^i0 size=8388608 queue_latency_us=0 attempt=0
I0909 06:42:13.058287    1334 grpc_transport.cc:1743] [MEGASCALE_TRANSPORT_INSTR] SendRpc: key=ppermute.3_0|s100000->200000d|$c55$l-1877411343^i0 size=8388608 queue_latency_us=0 attempt=0
I0909 06:42:13.059963    2082 grpc_transport.cc:1414] [MEGASCALE_TRANSPORT_INSTR] Recv: key=ppermute.3_0|s200004->100004d|$c45$l-1877411343^i0 size=0 is_single_chunk=true is_aligned=true memcpy_needed=false
I0909 06:42:13.064280    1717 grpc_transport.cc:1743] [MEGASCALE_TRANSPORT_INSTR] SendRpc: key=ppermute.3_0|s100006->200006d|$c40$l-1877411343^i0 size=8388608 queue_latency_us=0 attempt=0
I0909 06:42:13.070927    1894 grpc_transport.cc:1743] [MEGASCALE_TRANSPORT_INSTR] SendRpc: key=ppermute.3_0|s100006->200006d|$c56$l-1877411343^i0 size=8388608 queue_latency_us=0 attempt=0
I0909 06:42:13.077568    2163 grpc_transport.cc:1743] [MEGASCALE_TRANSPORT_INSTR] SendRpc: key=ppermute.3_0|s100000->200000d|$c95$l-1877411343^i0 size=8388608 queue_latency_us=0 attempt=0
I0909 06:42:13.083965    2288 grpc_transport.cc:1743] [MEGASCALE_TRANSPORT_INSTR] SendRpc: key=ppermute.3_0|s100002->200002d|$c91$l-1877411343^i0 size=8388608 queue_latency_us=0 attempt=0
I0909 06:42:13.085417    1898 grpc_transport.cc:1414] [MEGASCALE_TRANSPORT_INSTR] Recv: key=ppermute.3_0|s200001->100001d|$c17$l-1877411343^i0 size=0 is_single_chunk=true is_aligned=true memcpy_needed=false
I0909 06:42:13.089452    1354 grpc_transport.cc:1743] [MEGASCALE_TRANSPORT_INSTR] SendRpc: key=ppermute.3_0|s100005->200005d|$c93$l-1877411343^i0 size=8388608 queue_latency_us=0 attempt=0
I0909 06:42:13.094197    2182 grpc_transport.cc:1743] [MEGASCALE_TRANSPORT_INSTR] SendRpc: key=ppermute.3_0|s100004->200004d|$c124$l-1877411343^i0 size=8388608 queue_latency_us=0 attempt=0
I0909 06:42:13.101076    2274 grpc_transport.cc:1743] [MEGASCALE_TRANSPORT_INSTR] SendRpc: key=ppermute.3_0|s100001->200001d|$c123$l-1877411343^i0 size=8388608 queue_latency_us=0 attempt=0
I0909 06:42:13.104446    1331 grpc_transport.cc:1414] [MEGASCALE_TRANSPORT_INSTR] Recv: key=ppermute.3_0|s200002->100002d|$c35$l-1877411343^i0 size=0 is_single_chunk=true is_aligned=true memcpy_needed=false
I0909 06:42:13.122708    1696 grpc_transport.cc:1414] [MEGASCALE_TRANSPORT_INSTR] Recv: key=ppermute.3_0|s200000->100000d|$c122$l-1877411343^i0 size=0 is_single_chunk=true is_aligned=true memcpy_needed=false
I0909 06:42:13.144991    1331 grpc_transport.cc:1414] [MEGASCALE_TRANSPORT_INSTR] Recv: key=ppermute.3_0|s200007->100007d|$c52$l-1877411343^i0 size=0 is_single_chunk=true is_aligned=true memcpy_needed=false
I0909 06:42:13.181141    1892 grpc_transport.cc:1414] [MEGASCALE_TRANSPORT_INSTR] Recv: key=ppermute.3_0|s200001->100001d|$c62$l-1877411343^i0 size=0 is_single_chunk=true is_aligned=true memcpy_needed=false
I0909 06:42:13.215876    2274 grpc_transport.cc:1414] [MEGASCALE_TRANSPORT_INSTR] Recv: key=ppermute.3_0|s200005->100005d|$c96$l-1877411343^i0 size=0 is_single_chunk=true is_aligned=true memcpy_needed=false
I0909 06:42:13.252208    1331 grpc_transport.cc:1414] [MEGASCALE_TRANSPORT_INSTR] Recv: key=ppermute.3_0|s200005->100005d|$c120$l-1877411343^i0 size=0 is_single_chunk=true is_aligned=true memcpy_needed=false
I0909 06:42:13.301469    1899 grpc_transport.cc:1743] [MEGASCALE_TRANSPORT_INSTR] SendRpc: key=ppermute.3_0|s100005->200005d|$c4$l-1877411342^i0 size=8388608 queue_latency_us=0 attempt=0
I0909 06:42:13.306673    1894 grpc_transport.cc:1743] [MEGASCALE_TRANSPORT_INSTR] SendRpc: key=ppermute.3_0|s100001->200001d|$c17$l-1877411342^i0 size=8388608 queue_latency_us=0 attempt=0
I0909 06:42:13.311097    2168 grpc_transport.cc:1743] [MEGASCALE_TRANSPORT_INSTR] SendRpc: key=ppermute.3_0|s100000->200000d|$c48$l-1877411342^i0 size=8388608 queue_latency_us=0 attempt=0
I0909 06:42:13.316053    2075 grpc_transport.cc:1743] [MEGASCALE_TRANSPORT_INSTR] SendRpc: key=ppermute.3_0|s100000->200000d|$c61$l-1877411342^i0 size=8388608 queue_latency_us=0 attempt=0
I0909 06:42:13.320752    2142 grpc_transport.cc:1743] [MEGASCALE_TRANSPORT_INSTR] SendRpc: key=ppermute.3_0|s100001->200001d|$c57$l-1877411342^i0 size=8388608 queue_latency_us=0 attempt=0
I0909 06:42:13.325770    1331 grpc_transport.cc:1743] [MEGASCALE_TRANSPORT_INSTR] SendRpc: key=ppermute.3_0|s100001->200001d|$c68$l-1877411342^i0 size=8388608 queue_latency_us=0 attempt=0
I0909 06:42:13.330795    2272 grpc_transport.cc:1743] [MEGASCALE_TRANSPORT_INSTR] SendRpc: key=ppermute.3_0|s100003->200003d|$c77$l-1877411342^i0 size=8388608 queue_latency_us=0 attempt=0
I0909 06:42:13.332961    1339 grpc_transport.cc:1414] [MEGASCALE_TRANSPORT_INSTR] Recv: key=ppermute.3_0|s200000->100000d|$c3$l-1877411342^i0 size=0 is_single_chunk=true is_aligned=true memcpy_needed=false
I0909 06:42:13.334372    1898 grpc_transport.cc:1743] [MEGASCALE_TRANSPORT_INSTR] SendRpc: key=ppermute.3_0|s100002->200002d|$c100$l-1877411342^i0 size=8388608 queue_latency_us=0 attempt=0
I0909 06:42:13.337966    1344 grpc_transport.cc:1743] [MEGASCALE_TRANSPORT_INSTR] SendRpc: key=ppermute.3_0|s100000->200000d|$c125$l-1877411342^i0 size=8388608 queue_latency_us=0 attempt=0
I0909 06:42:13.341608    2141 grpc_transport.cc:1743] [MEGASCALE_TRANSPORT_INSTR] SendRpc: key=ppermute.3_0|s100005->200005d|$c101$l-1877411342^i0 size=8388608 queue_latency_us=0 attempt=0
I0909 06:42:13.375064    1339 grpc_transport.cc:1414] [MEGASCALE_TRANSPORT_INSTR] Recv: key=ppermute.3_0|s200004->100004d|$c9$l-1877411342^i0 size=0 is_single_chunk=true is_aligned=true memcpy_needed=false
I0909 06:42:13.398137    2165 grpc_transport.cc:1414] [MEGASCALE_TRANSPORT_INSTR] Recv: key=ppermute.3_0|s200006->100006d|$c29$l-1877411342^i0 size=0 is_single_chunk=true is_aligned=true memcpy_needed=false
I0909 06:42:13.418785    2165 grpc_transport.cc:1414] [MEGASCALE_TRANSPORT_INSTR] Recv: key=ppermute.3_0|s200000->100000d|$c75$l-1877411342^i0 size=0 is_single_chunk=true is_aligned=true memcpy_needed=false
I0909 06:42:13.436071    1893 grpc_transport.cc:1414] [MEGASCALE_TRANSPORT_INSTR] Recv: key=ppermute.3_0|s200003->100003d|$c35$l-1877411342^i0 size=0 is_single_chunk=true is_aligned=true memcpy_needed=false
I0909 06:42:13.455390    1688 grpc_transport.cc:1414] [MEGASCALE_TRANSPORT_INSTR] Recv: key=ppermute.3_0|s200004->100004d|$c79$l-1877411342^i0 size=0 is_single_chunk=true is_aligned=true memcpy_needed=false
I0909 06:42:13.474974    1688 grpc_transport.cc:1414] [MEGASCALE_TRANSPORT_INSTR] Recv: key=ppermute.3_0|s200000->100000d|$c126$l-1877411342^i0 size=0 is_single_chunk=true is_aligned=true memcpy_needed=false
I0909 06:42:13.492857    2065 grpc_transport.cc:1414] [MEGASCALE_TRANSPORT_INSTR] Recv: key=ppermute.3_0|s200004->100004d|$c126$l-1877411342^i0 size=0 is_single_chunk=true is_aligned=true memcpy_needed=false
I0909 06:42:13.524120    1892 grpc_transport.cc:1414] [MEGASCALE_TRANSPORT_INSTR] Recv: key=ppermute.3_0|s200002->100002d|$c86$l-1877411342^i0 size=0 is_single_chunk=true is_aligned=true memcpy_needed=false
I0909 06:42:13.558625    1892 grpc_transport.cc:1414] [MEGASCALE_TRANSPORT_INSTR] Recv: key=ppermute.3_0|s200005->100005d|$c107$l-1877411342^i0 size=0 is_single_chunk=true is_aligned=true memcpy_needed=false
I0909 06:42:13.587006    1892 grpc_transport.cc:1414] [MEGASCALE_TRANSPORT_INSTR] Recv: key=ppermute.3_0|s200002->100002d|$c119$l-1877411342^i0 size=0 is_single_chunk=true is_aligned=true memcpy_needed=false
I0909 06:42:13.612046    2273 grpc_transport.cc:1414] [MEGASCALE_TRANSPORT_INSTR] Recv: key=ppermute.3_0|s200005->100005d|$c0$l-1877411341^i0 size=0 is_single_chunk=true is_aligned=true memcpy_needed=false
I0909 06:42:13.621845    1898 grpc_transport.cc:1743] [MEGASCALE_TRANSPORT_INSTR] SendRpc: key=ppermute.3_0|s100001->200001d|$c8$l-1877411341^i0 size=8388608 queue_latency_us=0 attempt=0
I0909 06:42:13.627133    1703 grpc_transport.cc:1743] [MEGASCALE_TRANSPORT_INSTR] SendRpc: key=ppermute.3_0|s100001->200001d|$c20$l-1877411341^i0 size=8388608 queue_latency_us=0 attempt=0
I0909 06:42:13.633133    1330 grpc_transport.cc:1743] [MEGASCALE_TRANSPORT_INSTR] SendRpc: key=ppermute.3_0|s100006->200006d|$c20$l-1877411341^i0 size=8388608 queue_latency_us=0 attempt=0
I0909 06:42:13.638614    1358 grpc_transport.cc:1743] [MEGASCALE_TRANSPORT_INSTR] SendRpc: key=ppermute.3_0|s100007->200007d|$c36$l-1877411341^i0 size=8388608 queue_latency_us=1 attempt=0
I0909 06:42:13.641978    2279 grpc_transport.cc:1414] [MEGASCALE_TRANSPORT_INSTR] Recv: key=ppermute.3_0|s200002->100002d|$c20$l-1877411341^i0 size=0 is_single_chunk=true is_aligned=true memcpy_needed=false
I0909 06:42:13.644001    1691 grpc_transport.cc:1743] [MEGASCALE_TRANSPORT_INSTR] SendRpc: key=ppermute.3_0|s100001->200001d|$c59$l-1877411341^i0 size=8388608 queue_latency_us=0 attempt=0
I0909 06:42:13.649753    1699 grpc_transport.cc:1743] [MEGASCALE_TRANSPORT_INSTR] SendRpc: key=ppermute.3_0|s100005->200005d|$c65$l-1877411341^i0 size=8388608 queue_latency_us=0 attempt=0
I0909 06:42:13.655465    2141 grpc_transport.cc:1743] [MEGASCALE_TRANSPORT_INSTR] SendRpc: key=ppermute.3_0|s100005->200005d|$c78$l-1877411341^i0 size=8388608 queue_latency_us=0 attempt=0
I0909 06:42:13.660914    1917 grpc_transport.cc:1743] [MEGASCALE_TRANSPORT_INSTR] SendRpc: key=ppermute.3_0|s100004->200004d|$c96$l-1877411341^i0 size=8388608 queue_latency_us=0 attempt=0
I0909 06:42:13.665206    1895 grpc_transport.cc:1414] [MEGASCALE_TRANSPORT_INSTR] Recv: key=ppermute.3_0|s200000->100000d|$c77$l-1877411341^i0 size=0 is_single_chunk=true is_aligned=true memcpy_needed=false
I0909 06:42:13.665415    1704 grpc_transport.cc:1743] [MEGASCALE_TRANSPORT_INSTR] SendRpc: key=ppermute.3_0|s100007->200007d|$c96$l-1877411341^i0 size=8388608 queue_latency_us=0 attempt=0
I0909 06:42:13.669870    1701 grpc_transport.cc:1743] [MEGASCALE_TRANSPORT_INSTR] SendRpc: key=ppermute.3_0|s100003->200003d|$c121$l-1877411341^i0 size=8388608 queue_latency_us=0 attempt=0
I0909 06:42:13.682480    2272 grpc_transport.cc:1414] [MEGASCALE_TRANSPORT_INSTR] Recv: key=ppermute.3_0|s200002->100002d|$c40$l-1877411341^i0 size=0 is_single_chunk=true is_aligned=true memcpy_needed=false
I0909 06:42:13.701604    1688 grpc_transport.cc:1414] [MEGASCALE_TRANSPORT_INSTR] Recv: key=ppermute.3_0|s200006->100006d|$c79$l-1877411341^i0 size=0 is_single_chunk=true is_aligned=true memcpy_needed=false
I0909 06:42:13.722917    2066 grpc_transport.cc:1414] [MEGASCALE_TRANSPORT_INSTR] Recv: key=ppermute.3_0|s200004->100004d|$c105$l-1877411341^i0 size=0 is_single_chunk=true is_aligned=true memcpy_needed=false
I0909 06:42:13.744078    1698 grpc_transport.cc:1414] [MEGASCALE_TRANSPORT_INSTR] Recv: key=ppermute.3_0|s200001->100001d|$c61$l-1877411341^i0 size=0 is_single_chunk=true is_aligned=true memcpy_needed=false
I0909 06:42:13.780001    1331 grpc_transport.cc:1414] [MEGASCALE_TRANSPORT_INSTR] Recv: key=ppermute.3_0|s200005->100005d|$c78$l-1877411341^i0 size=0 is_single_chunk=true is_aligned=true memcpy_needed=false
I0909 06:42:13.814486    1331 grpc_transport.cc:1414] [MEGASCALE_TRANSPORT_INSTR] Recv: key=ppermute.3_0|s200001->100001d|$c107$l-1877411341^i0 size=0 is_single_chunk=true is_aligned=true memcpy_needed=false
I0909 06:42:13.850143    1892 grpc_transport.cc:1414] [MEGASCALE_TRANSPORT_INSTR] Recv: key=ppermute.3_0|s200007->100007d|$c127$l-1877411341^i0 size=0 is_single_chunk=true is_aligned=true memcpy_needed=false
I0909 06:42:13.899264    1700 grpc_transport.cc:1743] [MEGASCALE_TRANSPORT_INSTR] SendRpc: key=ppermute.3_0|s100007->200007d|$c1$l-1877411340^i0 size=8388608 queue_latency_us=0 attempt=0
I0909 06:42:13.902625    2283 grpc_transport.cc:1743] [MEGASCALE_TRANSPORT_INSTR] SendRpc: key=ppermute.3_0|s100005->200005d|$c6$l-1877411340^i0 size=8388608 queue_latency_us=0 attempt=0
I0909 06:42:13.906287    1702 grpc_transport.cc:1743] [MEGASCALE_TRANSPORT_INSTR] SendRpc: key=ppermute.3_0|s100004->200004d|$c35$l-1877411340^i0 size=8388608 queue_latency_us=0 attempt=0
I0909 06:42:13.910736    1703 grpc_transport.cc:1743] [MEGASCALE_TRANSPORT_INSTR] SendRpc: key=ppermute.3_0|s100005->200005d|$c37$l-1877411340^i0 size=8388608 queue_latency_us=0 attempt=0
I0909 06:42:13.914775    1922 grpc_transport.cc:1743] [MEGASCALE_TRANSPORT_INSTR] SendRpc: key=ppermute.3_0|s100007->200007d|$c51$l-1877411340^i0 size=8388608 queue_latency_us=0 attempt=0
I0909 06:42:13.919380    2276 grpc_transport.cc:1743] [MEGASCALE_TRANSPORT_INSTR] SendRpc: key=ppermute.3_0|s100002->200002d|$c52$l-1877411340^i0 size=8388608 queue_latency_us=0 attempt=0
I0909 06:42:13.924213    1917 grpc_transport.cc:1743] [MEGASCALE_TRANSPORT_INSTR] SendRpc: key=ppermute.3_0|s100004->200004d|$c98$l-1877411340^i0 size=8388608 queue_latency_us=0 attempt=0
I0909 06:42:13.929415    1913 grpc_transport.cc:1743] [MEGASCALE_TRANSPORT_INSTR] SendRpc: key=ppermute.3_0|s100007->200007d|$c89$l-1877411340^i0 size=8388608 queue_latency_us=0 attempt=0
I0909 06:42:13.931520    1700 grpc_transport.cc:1414] [MEGASCALE_TRANSPORT_INSTR] Recv: key=ppermute.3_0|s200000->100000d|$c9$l-1877411340^i0 size=0 is_single_chunk=true is_aligned=true memcpy_needed=false
I0909 06:42:13.934767    1898 grpc_transport.cc:1743] [MEGASCALE_TRANSPORT_INSTR] SendRpc: key=ppermute.3_0|s100005->200005d|$c96$l-1877411340^i0 size=8388608 queue_latency_us=0 attempt=0
I0909 06:42:13.934767    1331 grpc_transport.cc:1743] [MEGASCALE_TRANSPORT_INSTR] SendRpc: key=ppermute.3_0|s100006->200006d|$c96$l-1877411340^i0 size=8388608 queue_latency_us=0 attempt=0
I0909 06:42:13.938424    1899 grpc_transport.cc:1743] [MEGASCALE_TRANSPORT_INSTR] SendRpc: key=ppermute.3_0|s100006->200006d|$c114$l-1877411340^i0 size=8388608 queue_latency_us=0 attempt=0
I0909 06:42:13.943477    2278 grpc_transport.cc:1743] [MEGASCALE_TRANSPORT_INSTR] SendRpc: key=ppermute.3_0|s100002->200002d|$c124$l-1877411340^i0 size=8388608 queue_latency_us=0 attempt=0
I0909 06:42:13.961851    1336 grpc_transport.cc:1414] [MEGASCALE_TRANSPORT_INSTR] Recv: key=ppermute.3_0|s200006->100006d|$c32$l-1877411340^i0 size=0 is_single_chunk=true is_aligned=true memcpy_needed=false
I0909 06:42:13.984185    1903 grpc_transport.cc:1414] [MEGASCALE_TRANSPORT_INSTR] Recv: key=ppermute.3_0|s200006->100006d|$c41$l-1877411340^i0 size=0 is_single_chunk=true is_aligned=true memcpy_needed=false
I0909 06:42:14.004722     801 grpc_transport.cc:1414] [MEGASCALE_TRANSPORT_INSTR] Recv: key=ppermute.3_0|s200002->100002d|$c29$l-1877411340^i0 size=0 is_single_chunk=true is_aligned=true memcpy_needed=false
I0909 06:42:14.026474     801 grpc_transport.cc:1414] [MEGASCALE_TRANSPORT_INSTR] Recv: key=ppermute.3_0|s200005->100005d|$c36$l-1877411340^i0 size=0 is_single_chunk=true is_aligned=true memcpy_needed=false
I0909 06:42:14.046733     784 grpc_transport.cc:1414] [MEGASCALE_TRANSPORT_INSTR] Recv: key=ppermute.3_0|s200004->100004d|$c99$l-1877411340^i0 size=0 is_single_chunk=true is_aligned=true memcpy_needed=false
I0909 06:42:14.065012     801 grpc_transport.cc:1414] [MEGASCALE_TRANSPORT_INSTR] Recv: key=ppermute.3_0|s200007->100007d|$c51$l-1877411340^i0 size=0 is_single_chunk=true is_aligned=true memcpy_needed=false
I0909 06:42:14.094113    1891 grpc_transport.cc:1414] [MEGASCALE_TRANSPORT_INSTR] Recv: key=ppermute.3_0|s200003->100003d|$c92$l-1877411340^i0 size=0 is_single_chunk=true is_aligned=true memcpy_needed=false
I0909 06:42:14.128953    1891 grpc_transport.cc:1414] [MEGASCALE_TRANSPORT_INSTR] Recv: key=ppermute.3_0|s200003->100003d|$c114$l-1877411340^i0 size=0 is_single_chunk=true is_aligned=true memcpy_needed=false
I0909 06:42:14.163790    2141 grpc_transport.cc:1414] [MEGASCALE_TRANSPORT_INSTR] Recv: key=ppermute.3_0|s200007->100007d|$c106$l-1877411340^i0 size=0 is_single_chunk=true is_aligned=true memcpy_needed=false
I0909 06:42:14.190497    2165 grpc_transport.cc:1414] [MEGASCALE_TRANSPORT_INSTR] Recv: key=ppermute.3_0|s200006->100006d|$c11$l-1877411339^i0 size=0 is_single_chunk=true is_aligned=true memcpy_needed=false
I0909 06:42:14.209555    1711 grpc_transport.cc:1743] [MEGASCALE_TRANSPORT_INSTR] SendRpc: key=ppermute.3_0|s100001->200001d|$c11$l-1877411339^i0 size=8388608 queue_latency_us=0 attempt=0
I0909 06:42:14.214772    1930 grpc_transport.cc:1743] [MEGASCALE_TRANSPORT_INSTR] SendRpc: key=ppermute.3_0|s100004->200004d|$c24$l-1877411339^i0 size=8388608 queue_latency_us=0 attempt=0
I0909 06:42:14.219938    1356 grpc_transport.cc:1743] [MEGASCALE_TRANSPORT_INSTR] SendRpc: key=ppermute.3_0|s100001->200001d|$c33$l-1877411339^i0 size=8388608 queue_latency_us=0 attempt=0
I0909 06:42:14.221630    1913 grpc_transport.cc:1414] [MEGASCALE_TRANSPORT_INSTR] Recv: key=ppermute.3_0|s200006->100006d|$c24$l-1877411339^i0 size=0 is_single_chunk=true is_aligned=true memcpy_needed=false
I0909 06:42:14.226355    1342 grpc_transport.cc:1743] [MEGASCALE_TRANSPORT_INSTR] SendRpc: key=ppermute.3_0|s100007->200007d|$c49$l-1877411339^i0 size=8388608 queue_latency_us=0 attempt=0
I0909 06:42:14.231447    1347 grpc_transport.cc:1743] [MEGASCALE_TRANSPORT_INSTR] SendRpc: key=ppermute.3_0|s100001->200001d|$c57$l-1877411339^i0 size=8388608 queue_latency_us=0 attempt=0
I0909 06:42:14.238097    1699 grpc_transport.cc:1743] [MEGASCALE_TRANSPORT_INSTR] SendRpc: key=ppermute.3_0|s100001->200001d|$c67$l-1877411339^i0 size=8388608 queue_latency_us=0 attempt=0
I0909 06:42:14.243582     804 grpc_transport.cc:1743] [MEGASCALE_TRANSPORT_INSTR] SendRpc: key=ppermute.3_0|s100003->200003d|$c85$l-1877411339^i0 size=8388608 queue_latency_us=0 attempt=0
I0909 06:42:14.247131    1340 grpc_transport.cc:1414] [MEGASCALE_TRANSPORT_INSTR] Recv: key=ppermute.3_0|s200000->100000d|$c50$l-1877411339^i0 size=0 is_single_chunk=true is_aligned=true memcpy_needed=false
I0909 06:42:14.249205    1905 grpc_transport.cc:1743] [MEGASCALE_TRANSPORT_INSTR] SendRpc: key=ppermute.3_0|s100002->200002d|$c91$l-1877411339^i0 size=8388608 queue_latency_us=0 attempt=0
I0909 06:42:14.254175    1358 grpc_transport.cc:1743] [MEGASCALE_TRANSPORT_INSTR] SendRpc: key=ppermute.3_0|s100007->200007d|$c115$l-1877411339^i0 size=8388608 queue_latency_us=0 attempt=0
I0909 06:42:14.258901    1347 grpc_transport.cc:1743] [MEGASCALE_TRANSPORT_INSTR] SendRpc: key=ppermute.3_0|s100003->200003d|$c124$l-1877411339^i0 size=8388608 queue_latency_us=0 attempt=0
I0909 06:42:14.263656    1696 grpc_transport.cc:1414] [MEGASCALE_TRANSPORT_INSTR] Recv: key=ppermute.3_0|s200004->100004d|$c63$l-1877411339^i0 size=0 is_single_chunk=true is_aligned=true memcpy_needed=false
I0909 06:42:14.282969    1891 grpc_transport.cc:1414] [MEGASCALE_TRANSPORT_INSTR] Recv: key=ppermute.3_0|s200007->100007d|$c50$l-1877411339^i0 size=0 is_single_chunk=true is_aligned=true memcpy_needed=false
I0909 06:42:14.302472    1691 grpc_transport.cc:1414] [MEGASCALE_TRANSPORT_INSTR] Recv: key=ppermute.3_0|s200001->100001d|$c37$l-1877411339^i0 size=0 is_single_chunk=true is_aligned=true memcpy_needed=false
I0909 06:42:14.321151     785 grpc_transport.cc:1414] [MEGASCALE_TRANSPORT_INSTR] Recv: key=ppermute.3_0|s200006->100006d|$c115$l-1877411339^i0 size=0 is_single_chunk=true is_aligned=true memcpy_needed=false
I0909 06:42:14.347539    2273 grpc_transport.cc:1414] [MEGASCALE_TRANSPORT_INSTR] Recv: key=ppermute.3_0|s200003->100003d|$c69$l-1877411339^i0 size=0 is_single_chunk=true is_aligned=true memcpy_needed=false
I0909 06:42:14.382742    2272 grpc_transport.cc:1414] [MEGASCALE_TRANSPORT_INSTR] Recv: key=ppermute.3_0|s200001->100001d|$c80$l-1877411339^i0 size=0 is_single_chunk=true is_aligned=true memcpy_needed=false
I0909 06:42:14.417816    1894 grpc_transport.cc:1414] [MEGASCALE_TRANSPORT_INSTR] Recv: key=ppermute.3_0|s200002->100002d|$c107$l-1877411339^i0 size=0 is_single_chunk=true is_aligned=true memcpy_needed=false
I0909 06:42:14.468069    1696 grpc_transport.cc:1743] [MEGASCALE_TRANSPORT_INSTR] SendRpc: key=ppermute.3_0|s100000->200000d|$c19$l-1877411338^i0 size=8388608 queue_latency_us=0 attempt=0
I0909 06:42:14.473221    1696 grpc_transport.cc:1743] [MEGASCALE_TRANSPORT_INSTR] SendRpc: key=ppermute.3_0|s100007->200007d|$c15$l-1877411338^i0 size=8388608 queue_latency_us=0 attempt=0
I0909 06:42:14.478194    2065 grpc_transport.cc:1743] [MEGASCALE_TRANSPORT_INSTR] SendRpc: key=ppermute.3_0|s100000->200000d|$c46$l-1877411338^i0 size=8388608 queue_latency_us=0 attempt=0
I0909 06:42:14.483027    2280 grpc_transport.cc:1743] [MEGASCALE_TRANSPORT_INSTR] SendRpc: key=ppermute.3_0|s100006->200006d|$c59$l-1877411338^i0 size=8388608 queue_latency_us=0 attempt=0
I0909 06:42:14.487791    1347 grpc_transport.cc:1743] [MEGASCALE_TRANSPORT_INSTR] SendRpc: key=ppermute.3_0|s100003->200003d|$c56$l-1877411338^i0 size=8388608 queue_latency_us=0 attempt=0
I0909 06:42:14.492563    1915 grpc_transport.cc:1743] [MEGASCALE_TRANSPORT_INSTR] SendRpc: key=ppermute.3_0|s100007->200007d|$c63$l-1877411338^i0 size=8388608 queue_latency_us=0 attempt=0
I0909 06:42:14.493706    1900 grpc_transport.cc:1414] [MEGASCALE_TRANSPORT_INSTR] Recv: key=ppermute.3_0|s200007->100007d|$c4$l-1877411338^i0 size=0 is_single_chunk=true is_aligned=true memcpy_needed=false
I0909 06:42:14.497582    1720 grpc_transport.cc:1743] [MEGASCALE_TRANSPORT_INSTR] SendRpc: key=ppermute.3_0|s100007->200007d|$c73$l-1877411338^i0 size=8388608 queue_latency_us=0 attempt=0
I0909 06:42:14.500561    1894 grpc_transport.cc:1743] [MEGASCALE_TRANSPORT_INSTR] SendRpc: key=ppermute.3_0|s100005->200005d|$c77$l-1877411338^i0 size=8388608 queue_latency_us=0 attempt=0
I0909 06:42:14.503790    2279 grpc_transport.cc:1743] [MEGASCALE_TRANSPORT_INSTR] SendRpc: key=ppermute.3_0|s100003->200003d|$c103$l-1877411338^i0 size=8388608 queue_latency_us=0 attempt=0
I0909 06:42:14.507525    1688 grpc_transport.cc:1743] [MEGASCALE_TRANSPORT_INSTR] SendRpc: key=ppermute.3_0|s100007->200007d|$c115$l-1877411338^i0 size=8388608 queue_latency_us=0 attempt=0
I0909 06:42:14.543658    2276 grpc_transport.cc:1414] [MEGASCALE_TRANSPORT_INSTR] Recv: key=ppermute.3_0|s200007->100007d|$c18$l-1877411338^i0 size=0 is_single_chunk=true is_aligned=true memcpy_needed=false
I0909 06:42:14.566345    1893 grpc_transport.cc:1414] [MEGASCALE_TRANSPORT_INSTR] Recv: key=ppermute.3_0|s200002->100002d|$c33$l-1877411338^i0 size=0 is_single_chunk=true is_aligned=true memcpy_needed=false
I0909 06:42:14.587909    1892 grpc_transport.cc:1414] [MEGASCALE_TRANSPORT_INSTR] Recv: key=ppermute.3_0|s200003->100003d|$c20$l-1877411338^i0 size=0 is_single_chunk=true is_aligned=true memcpy_needed=false
I0909 06:42:14.610068    2274 grpc_transport.cc:1414] [MEGASCALE_TRANSPORT_INSTR] Recv: key=ppermute.3_0|s200002->100002d|$c45$l-1877411338^i0 size=0 is_single_chunk=true is_aligned=true memcpy_needed=false
I0909 06:42:14.630604     801 grpc_transport.cc:1414] [MEGASCALE_TRANSPORT_INSTR] Recv: key=ppermute.3_0|s200002->100002d|$c54$l-1877411338^i0 size=0 is_single_chunk=true is_aligned=true memcpy_needed=false
I0909 06:42:14.648283    1910 grpc_transport.cc:1414] [MEGASCALE_TRANSPORT_INSTR] Recv: key=ppermute.3_0|s200000->100000d|$c121$l-1877411338^i0 size=0 is_single_chunk=true is_aligned=true memcpy_needed=false
I0909 06:42:14.668719    2141 grpc_transport.cc:1414] [MEGASCALE_TRANSPORT_INSTR] Recv: key=ppermute.3_0|s200002->100002d|$c76$l-1877411338^i0 size=0 is_single_chunk=true is_aligned=true memcpy_needed=false
I0909 06:42:14.704637     801 grpc_transport.cc:1414] [MEGASCALE_TRANSPORT_INSTR] Recv: key=ppermute.3_0|s200002->100002d|$c93$l-1877411338^i0 size=0 is_single_chunk=true is_aligned=true memcpy_needed=false
I0909 06:42:14.738112    1688 grpc_transport.cc:1414] [MEGASCALE_TRANSPORT_INSTR] Recv: key=ppermute.3_0|s200000->100000d|$c7$l-1877411337^i0 size=0 is_single_chunk=true is_aligned=true memcpy_needed=false
I0909 06:42:14.763259    2141 grpc_transport.cc:1414] [MEGASCALE_TRANSPORT_INSTR] Recv: key=ppermute.3_0|s200007->100007d|$c123$l-1877411338^i0 size=0 is_single_chunk=true is_aligned=true memcpy_needed=false
I0909 06:42:14.781958    1893 grpc_transport.cc:1414] [MEGASCALE_TRANSPORT_INSTR] Recv: key=ppermute.3_0|s200003->100003d|$c120$l-1877411338^i0 size=0 is_single_chunk=true is_aligned=true memcpy_needed=false
I0909 06:42:14.803894    1706 grpc_transport.cc:1414] [MEGASCALE_TRANSPORT_INSTR] Recv: key=ppermute.3_0|s200003->100003d|$c1$l-1877411337^i0 size=0 is_single_chunk=true is_aligned=true memcpy_needed=false
I0909 06:42:14.804033    2273 grpc_transport.cc:1743] [MEGASCALE_TRANSPORT_INSTR] SendRpc: key=ppermute.3_0|s100003->200003d|$c13$l-1877411337^i0 size=8388608 queue_latency_us=0 attempt=0
I0909 06:42:14.810298    1919 grpc_transport.cc:1743] [MEGASCALE_TRANSPORT_INSTR] SendRpc: key=ppermute.3_0|s100006->200006d|$c12$l-1877411337^i0 size=8388608 queue_latency_us=0 attempt=0
I0909 06:42:14.816707    1349 grpc_transport.cc:1743] [MEGASCALE_TRANSPORT_INSTR] SendRpc: key=ppermute.3_0|s100002->200002d|$c17$l-1877411337^i0 size=8388608 queue_latency_us=0 attempt=0
I0909 06:42:14.823316    1688 grpc_transport.cc:1743] [MEGASCALE_TRANSPORT_INSTR] SendRpc: key=ppermute.3_0|s100007->200007d|$c44$l-1877411337^i0 size=8388608 queue_latency_us=0 attempt=0
I0909 06:42:14.829301    1330 grpc_transport.cc:1743] [MEGASCALE_TRANSPORT_INSTR] SendRpc: key=ppermute.3_0|s100005->200005d|$c48$l-1877411337^i0 size=8388608 queue_latency_us=0 attempt=0
I0909 06:42:14.832693    2278 grpc_transport.cc:1414] [MEGASCALE_TRANSPORT_INSTR] Recv: key=ppermute.3_0|s200001->100001d|$c15$l-1877411337^i0 size=0 is_single_chunk=true is_aligned=true memcpy_needed=false
I0909 06:42:14.836043    1891 grpc_transport.cc:1743] [MEGASCALE_TRANSPORT_INSTR] SendRpc: key=ppermute.3_0|s100006->200006d|$c64$l-1877411337^i0 size=8388608 queue_latency_us=0 attempt=0
I0909 06:42:14.841822    1334 grpc_transport.cc:1743] [MEGASCALE_TRANSPORT_INSTR] SendRpc: key=ppermute.3_0|s100000->200000d|$c101$l-1877411337^i0 size=8388608 queue_latency_us=0 attempt=0
I0909 06:42:14.847234    2167 grpc_transport.cc:1743] [MEGASCALE_TRANSPORT_INSTR] SendRpc: key=ppermute.3_0|s100000->200000d|$c114$l-1877411337^i0 size=8388608 queue_latency_us=0 attempt=0
I0909 06:42:14.851863    2181 grpc_transport.cc:1743] [MEGASCALE_TRANSPORT_INSTR] SendRpc: key=ppermute.3_0|s100007->200007d|$c81$l-1877411337^i0 size=8388608 queue_latency_us=0 attempt=0
I0909 06:42:14.853368    2279 grpc_transport.cc:1414] [MEGASCALE_TRANSPORT_INSTR] Recv: key=ppermute.3_0|s200001->100001d|$c20$l-1877411337^i0 size=0 is_single_chunk=true is_aligned=true memcpy_needed=false
I0909 06:42:14.856915    2278 grpc_transport.cc:1743] [MEGASCALE_TRANSPORT_INSTR] SendRpc: key=ppermute.3_0|s100006->200006d|$c120$l-1877411337^i0 size=8388608 queue_latency_us=0 attempt=0
I0909 06:42:14.869859    2164 grpc_transport.cc:1414] [MEGASCALE_TRANSPORT_INSTR] Recv: key=ppermute.3_0|s200000->100000d|$c103$l-1877411337^i0 size=0 is_single_chunk=true is_aligned=true memcpy_needed=false
I0909 06:42:14.890892    1903 grpc_transport.cc:1414] [MEGASCALE_TRANSPORT_INSTR] Recv: key=ppermute.3_0|s200004->100004d|$c122$l-1877411337^i0 size=0 is_single_chunk=true is_aligned=true memcpy_needed=false
I0909 06:42:14.920107    1330 grpc_transport.cc:1414] [MEGASCALE_TRANSPORT_INSTR] Recv: key=ppermute.3_0|s200001->100001d|$c54$l-1877411337^i0 size=0 is_single_chunk=true is_aligned=true memcpy_needed=false
I0909 06:42:14.955623    1330 grpc_transport.cc:1414] [MEGASCALE_TRANSPORT_INSTR] Recv: key=ppermute.3_0|s200001->100001d|$c77$l-1877411337^i0 size=0 is_single_chunk=true is_aligned=true memcpy_needed=false
I0909 06:42:14.991155    2141 grpc_transport.cc:1414] [MEGASCALE_TRANSPORT_INSTR] Recv: key=ppermute.3_0|s200001->100001d|$c100$l-1877411337^i0 size=0 is_single_chunk=true is_aligned=true memcpy_needed=false
I0909 06:42:15.026941    1330 grpc_transport.cc:1414] [MEGASCALE_TRANSPORT_INSTR] Recv: key=ppermute.3_0|s200002->100002d|$c127$l-1877411337^i0 size=0 is_single_chunk=true is_aligned=true memcpy_needed=false
I0909 06:42:15.052265    1342 grpc_transport.cc:1743] [MEGASCALE_TRANSPORT_INSTR] SendRpc: key=ppermute.3_0|s100007->200007d|$c3$l-1877411336^i0 size=8388608 queue_latency_us=0 attempt=0
I0909 06:42:15.055680    1702 grpc_transport.cc:1743] [MEGASCALE_TRANSPORT_INSTR] SendRpc: key=ppermute.3_0|s100004->200004d|$c9$l-1877411336^i0 size=8388608 queue_latency_us=0 attempt=0
I0909 06:42:15.061058    2274 grpc_transport.cc:1743] [MEGASCALE_TRANSPORT_INSTR] SendRpc: key=ppermute.3_0|s100003->200003d|$c21$l-1877411336^i0 size=8388608 queue_latency_us=0 attempt=0
I0909 06:42:15.065618     801 grpc_transport.cc:1743] [MEGASCALE_TRANSPORT_INSTR] SendRpc: key=ppermute.3_0|s100005->200005d|$c32$l-1877411336^i0 size=8388608 queue_latency_us=0 attempt=0
I0909 06:42:15.070765    1698 grpc_transport.cc:1743] [MEGASCALE_TRANSPORT_INSTR] SendRpc: key=ppermute.3_0|s100003->200003d|$c47$l-1877411336^i0 size=8388608 queue_latency_us=0 attempt=0
I0909 06:42:15.075250    1344 grpc_transport.cc:1743] [MEGASCALE_TRANSPORT_INSTR] SendRpc: key=ppermute.3_0|s100000->200000d|$c98$l-1877411336^i0 size=8388608 queue_latency_us=0 attempt=0
I0909 06:42:15.080194    1699 grpc_transport.cc:1743] [MEGASCALE_TRANSPORT_INSTR] SendRpc: key=ppermute.3_0|s100001->200001d|$c70$l-1877411336^i0 size=8388608 queue_latency_us=0 attempt=0
I0909 06:42:15.083921    1899 grpc_transport.cc:1743] [MEGASCALE_TRANSPORT_INSTR] SendRpc: key=ppermute.3_0|s100006->200006d|$c76$l-1877411336^i0 size=8388608 queue_latency_us=0 attempt=0
I0909 06:42:15.087247    1698 grpc_transport.cc:1743] [MEGASCALE_TRANSPORT_INSTR] SendRpc: key=ppermute.3_0|s100005->200005d|$c103$l-1877411336^i0 size=8388608 queue_latency_us=0 attempt=0
I0909 06:42:15.090749    1895 grpc_transport.cc:1743] [MEGASCALE_TRANSPORT_INSTR] SendRpc: key=ppermute.3_0|s100004->200004d|$c94$l-1877411336^i0 size=8388608 queue_latency_us=0 attempt=0
I0909 06:42:15.111423    1895 grpc_transport.cc:1414] [MEGASCALE_TRANSPORT_INSTR] Recv: key=ppermute.3_0|s200006->100006d|$c10$l-1877411336^i0 size=0 is_single_chunk=true is_aligned=true memcpy_needed=false
I0909 06:42:15.149207    2163 grpc_transport.cc:1414] [MEGASCALE_TRANSPORT_INSTR] Recv: key=ppermute.3_0|s200006->100006d|$c28$l-1877411336^i0 size=0 is_single_chunk=true is_aligned=true memcpy_needed=false
I0909 06:42:15.171598    2163 grpc_transport.cc:1414] [MEGASCALE_TRANSPORT_INSTR] Recv: key=ppermute.3_0|s200000->100000d|$c49$l-1877411336^i0 size=0 is_single_chunk=true is_aligned=true memcpy_needed=false
I0909 06:42:15.195905    1893 grpc_transport.cc:1414] [MEGASCALE_TRANSPORT_INSTR] Recv: key=ppermute.3_0|s200003->100003d|$c38$l-1877411336^i0 size=0 is_single_chunk=true is_aligned=true memcpy_needed=false
I0909 06:42:15.215584    1331 grpc_transport.cc:1414] [MEGASCALE_TRANSPORT_INSTR] Recv: key=ppermute.3_0|s200005->100005d|$c58$l-1877411336^i0 size=0 is_single_chunk=true is_aligned=true memcpy_needed=false
I0909 06:42:15.233075    1331 grpc_transport.cc:1414] [MEGASCALE_TRANSPORT_INSTR] Recv: key=ppermute.3_0|s200005->100005d|$c73$l-1877411336^i0 size=0 is_single_chunk=true is_aligned=true memcpy_needed=false
I0909 06:42:15.250829    1701 grpc_transport.cc:1414] [MEGASCALE_TRANSPORT_INSTR] Recv: key=ppermute.3_0|s200003->100003d|$c82$l-1877411336^i0 size=0 is_single_chunk=true is_aligned=true memcpy_needed=false
I0909 06:42:15.283294    1891 grpc_transport.cc:1414] [MEGASCALE_TRANSPORT_INSTR] Recv: key=ppermute.3_0|s200003->100003d|$c105$l-1877411336^i0 size=0 is_single_chunk=true is_aligned=true memcpy_needed=false
I0909 06:42:15.318155    1891 grpc_transport.cc:1414] [MEGASCALE_TRANSPORT_INSTR] Recv: key=ppermute.3_0|s200002->100002d|$c105$l-1877411336^i0 size=0 is_single_chunk=true is_aligned=true memcpy_needed=false
I0909 06:42:15.347161    1894 grpc_transport.cc:1414] [MEGASCALE_TRANSPORT_INSTR] Recv: key=ppermute.3_0|s200001->100001d|$c123$l-1877411336^i0 size=0 is_single_chunk=true is_aligned=true memcpy_needed=false
I0909 06:42:15.370020    1891 grpc_transport.cc:1414] [MEGASCALE_TRANSPORT_INSTR] Recv: key=ppermute.3_0|s200007->100007d|$c82$l-1877411336^i0 size=0 is_single_chunk=true is_aligned=true memcpy_needed=false
I0909 06:42:15.387743    1334 grpc_transport.cc:1414] [MEGASCALE_TRANSPORT_INSTR] Recv: key=ppermute.3_0|s200006->100006d|$c40$l-1877411335^i0 size=0 is_single_chunk=true is_aligned=true memcpy_needed=false
I0909 06:42:15.396628    1891 grpc_transport.cc:1743] [MEGASCALE_TRANSPORT_INSTR] SendRpc: key=ppermute.3_0|s100003->200003d|$c14$l-1877411335^i0 size=8388608 queue_latency_us=0 attempt=0
I0909 06:42:15.401921    1909 grpc_transport.cc:1743] [MEGASCALE_TRANSPORT_INSTR] SendRpc: key=ppermute.3_0|s100006->200006d|$c13$l-1877411335^i0 size=8388608 queue_latency_us=0 attempt=0
I0909 06:42:15.408404    2080 grpc_transport.cc:1743] [MEGASCALE_TRANSPORT_INSTR] SendRpc: key=ppermute.3_0|s100007->200007d|$c28$l-1877411335^i0 size=8388608 queue_latency_us=0 attempt=0
I0909 06:42:15.414445    1706 grpc_transport.cc:1743] [MEGASCALE_TRANSPORT_INSTR] SendRpc: key=ppermute.3_0|s100005->200005d|$c38$l-1877411335^i0 size=8388608 queue_latency_us=0 attempt=0
I0909 06:42:15.419884    2170 grpc_transport.cc:1414] [MEGASCALE_TRANSPORT_INSTR] Recv: key=ppermute.3_0|s200006->100006d|$c60$l-1877411335^i0 size=0 is_single_chunk=true is_aligned=true memcpy_needed=false
I0909 06:42:15.420395    1915 grpc_transport.cc:1743] [MEGASCALE_TRANSPORT_INSTR] SendRpc: key=ppermute.3_0|s100000->200000d|$c61$l-1877411335^i0 size=8388608 queue_latency_us=0 attempt=0
I0909 06:42:15.426165    2274 grpc_transport.cc:1743] [MEGASCALE_TRANSPORT_INSTR] SendRpc: key=ppermute.3_0|s100002->200002d|$c73$l-1877411335^i0 size=8388608 queue_latency_us=0 attempt=0
I0909 06:42:15.432554    1898 grpc_transport.cc:1743] [MEGASCALE_TRANSPORT_INSTR] SendRpc: key=ppermute.3_0|s100001->200001d|$c78$l-1877411335^i0 size=8388608 queue_latency_us=0 attempt=0
I0909 06:42:15.437420    1892 grpc_transport.cc:1743] [MEGASCALE_TRANSPORT_INSTR] SendRpc: key=ppermute.3_0|s100005->200005d|$c96$l-1877411335^i0 size=8388608 queue_latency_us=0 attempt=0
I0909 06:42:15.442134    1911 grpc_transport.cc:1743] [MEGASCALE_TRANSPORT_INSTR] SendRpc: key=ppermute.3_0|s100006->200006d|$c108$l-1877411335^i0 size=8388608 queue_latency_us=0 attempt=0
I0909 06:42:15.444820    2143 grpc_transport.cc:1414] [MEGASCALE_TRANSPORT_INSTR] Recv: key=ppermute.3_0|s200003->100003d|$c18$l-1877411335^i0 size=0 is_single_chunk=true is_aligned=true memcpy_needed=false
I0909 06:42:15.447508    1345 grpc_transport.cc:1743] [MEGASCALE_TRANSPORT_INSTR] SendRpc: key=ppermute.3_0|s100002->200002d|$c125$l-1877411335^i0 size=8388608 queue_latency_us=0 attempt=0
I0909 06:42:15.461521    1902 grpc_transport.cc:1414] [MEGASCALE_TRANSPORT_INSTR] Recv: key=ppermute.3_0|s200005->100005d|$c20$l-1877411335^i0 size=0 is_single_chunk=true is_aligned=true memcpy_needed=false
I0909 06:42:15.464916    2065 grpc_transport.cc:1743] [MEGASCALE_TRANSPORT_INSTR] SendRpc: key=ppermute.3_0|s100004->200004d|$c117$l-1877411335^i0 size=8388608 queue_latency_us=0 attempt=0
I0909 06:42:15.478676    2065 grpc_transport.cc:1414] [MEGASCALE_TRANSPORT_INSTR] Recv: key=ppermute.3_0|s200006->100006d|$c106$l-1877411335^i0 size=0 is_single_chunk=true is_aligned=true memcpy_needed=false
I0909 06:42:15.500920    2273 grpc_transport.cc:1414] [MEGASCALE_TRANSPORT_INSTR] Recv: key=ppermute.3_0|s200003->100003d|$c42$l-1877411335^i0 size=0 is_single_chunk=true is_aligned=true memcpy_needed=false
I0909 06:42:15.537610    2272 grpc_transport.cc:1414] [MEGASCALE_TRANSPORT_INSTR] Recv: key=ppermute.3_0|s200001->100001d|$c62$l-1877411335^i0 size=0 is_single_chunk=true is_aligned=true memcpy_needed=false
I0909 06:42:15.572528     801 grpc_transport.cc:1414] [MEGASCALE_TRANSPORT_INSTR] Recv: key=ppermute.3_0|s200001->100001d|$c81$l-1877411335^i0 size=0 is_single_chunk=true is_aligned=true memcpy_needed=false
I0909 06:42:15.609040    2273 grpc_transport.cc:1414] [MEGASCALE_TRANSPORT_INSTR] Recv: key=ppermute.3_0|s200003->100003d|$c100$l-1877411335^i0 size=0 is_single_chunk=true is_aligned=true memcpy_needed=false
I0909 06:42:15.656412    2164 grpc_transport.cc:1743] [MEGASCALE_TRANSPORT_INSTR] SendRpc: key=ppermute.3_0|s100004->200004d|$c8$l-1877411334^i0 size=8388608 queue_latency_us=0 attempt=0
I0909 06:42:15.661193    1932 grpc_transport.cc:1743] [MEGASCALE_TRANSPORT_INSTR] SendRpc: key=ppermute.3_0|s100000->200000d|$c50$l-1877411334^i0 size=8388608 queue_latency_us=0 attempt=0
I0909 06:42:15.665622    1898 grpc_transport.cc:1743] [MEGASCALE_TRANSPORT_INSTR] SendRpc: key=ppermute.3_0|s100001->200001d|$c32$l-1877411334^i0 size=8388608 queue_latency_us=0 attempt=0
I0909 06:42:15.669718    2277 grpc_transport.cc:1743] [MEGASCALE_TRANSPORT_INSTR] SendRpc: key=ppermute.3_0|s100002->200002d|$c43$l-1877411334^i0 size=8388608 queue_latency_us=0 attempt=0
I0909 06:42:15.673893    1893 grpc_transport.cc:1743] [MEGASCALE_TRANSPORT_INSTR] SendRpc: key=ppermute.3_0|s100002->200002d|$c55$l-1877411334^i0 size=8388608 queue_latency_us=0 attempt=0
I0909 06:42:15.678635    1901 grpc_transport.cc:1743] [MEGASCALE_TRANSPORT_INSTR] SendRpc: key=ppermute.3_0|s100004->200004d|$c74$l-1877411334^i0 size=8388608 queue_latency_us=0 attempt=0
I0909 06:42:15.682733    2072 grpc_transport.cc:1743] [MEGASCALE_TRANSPORT_INSTR] SendRpc: key=ppermute.3_0|s100000->200000d|$c123$l-1877411334^i0 size=8388608 queue_latency_us=1 attempt=0
I0909 06:42:15.685772    1347 grpc_transport.cc:1414] [MEGASCALE_TRANSPORT_INSTR] Recv: key=ppermute.3_0|s200001->100001d|$c0$l-1877411334^i0 size=0 is_single_chunk=true is_aligned=true memcpy_needed=false
I0909 06:42:15.686586    1909 grpc_transport.cc:1743] [MEGASCALE_TRANSPORT_INSTR] SendRpc: key=ppermute.3_0|s100001->200001d|$c94$l-1877411334^i0 size=8388608 queue_latency_us=0 attempt=0
I0909 06:42:15.690019    1905 grpc_transport.cc:1743] [MEGASCALE_TRANSPORT_INSTR] SendRpc: key=ppermute.3_0|s100001->200001d|$c106$l-1877411334^i0 size=8388608 queue_latency_us=0 attempt=0
I0909 06:42:15.693020    1701 grpc_transport.cc:1743] [MEGASCALE_TRANSPORT_INSTR] SendRpc: key=ppermute.3_0|s100002->200002d|$c127$l-1877411334^i0 size=8388608 queue_latency_us=0 attempt=0
I0909 06:42:15.730125    1908 grpc_transport.cc:1414] [MEGASCALE_TRANSPORT_INSTR] Recv: key=ppermute.3_0|s200006->100006d|$c18$l-1877411334^i0 size=0 is_single_chunk=true is_aligned=true memcpy_needed=false
I0909 06:42:15.754280    1339 grpc_transport.cc:1414] [MEGASCALE_TRANSPORT_INSTR] Recv: key=ppermute.3_0|s200004->100004d|$c46$l-1877411334^i0 size=0 is_single_chunk=true is_aligned=true memcpy_needed=false
I0909 06:42:15.773600    1893 grpc_transport.cc:1414] [MEGASCALE_TRANSPORT_INSTR] Recv: key=ppermute.3_0|s200003->100003d|$c30$l-1877411334^i0 size=0 is_single_chunk=true is_aligned=true memcpy_needed=false
I0909 06:42:15.792685     784 grpc_transport.cc:1414] [MEGASCALE_TRANSPORT_INSTR] Recv: key=ppermute.3_0|s200004->100004d|$c80$l-1877411334^i0 size=0 is_single_chunk=true is_aligned=true memcpy_needed=false
I0909 06:42:15.810898    2064 grpc_transport.cc:1414] [MEGASCALE_TRANSPORT_INSTR] Recv: key=ppermute.3_0|s200006->100006d|$c85$l-1877411334^i0 size=0 is_single_chunk=true is_aligned=true memcpy_needed=false
I0909 06:42:15.828896    2274 grpc_transport.cc:1414] [MEGASCALE_TRANSPORT_INSTR] Recv: key=ppermute.3_0|s200005->100005d|$c48$l-1877411334^i0 size=0 is_single_chunk=true is_aligned=true memcpy_needed=false
I0909 06:42:15.847622    1892 grpc_transport.cc:1414] [MEGASCALE_TRANSPORT_INSTR] Recv: key=ppermute.3_0|s200007->100007d|$c57$l-1877411334^i0 size=0 is_single_chunk=true is_aligned=true memcpy_needed=false
I0909 06:42:15.883084    2273 grpc_transport.cc:1414] [MEGASCALE_TRANSPORT_INSTR] Recv: key=ppermute.3_0|s200001->100001d|$c111$l-1877411334^i0 size=0 is_single_chunk=true is_aligned=true memcpy_needed=false
I0909 06:42:15.918725    1893 grpc_transport.cc:1414] [MEGASCALE_TRANSPORT_INSTR] Recv: key=ppermute.3_0|s200005->100005d|$c96$l-1877411334^i0 size=0 is_single_chunk=true is_aligned=true memcpy_needed=false
I0909 06:42:15.947588    2164 grpc_transport.cc:1414] [MEGASCALE_TRANSPORT_INSTR] Recv: key=ppermute.3_0|s200006->100006d|$c6$l-1877411333^i0 size=0 is_single_chunk=true is_aligned=true memcpy_needed=false
I0909 06:42:15.968324    2064 grpc_transport.cc:1414] [MEGASCALE_TRANSPORT_INSTR] Recv: key=ppermute.3_0|s200006->100006d|$c30$l-1877411333^i0 size=0 is_single_chunk=true is_aligned=true memcpy_needed=false
I0909 06:42:15.983914    2174 grpc_transport.cc:1743] [MEGASCALE_TRANSPORT_INSTR] SendRpc: key=ppermute.3_0|s100004->200004d|$c15$l-1877411333^i0 size=8388608 queue_latency_us=1 attempt=0
I0909 06:42:15.988637    2165 grpc_transport.cc:1743] [MEGASCALE_TRANSPORT_INSTR] SendRpc: key=ppermute.3_0|s100007->200007d|$c12$l-1877411333^i0 size=8388608 queue_latency_us=0 attempt=0
I0909 06:42:15.994673    2069 grpc_transport.cc:1743] [MEGASCALE_TRANSPORT_INSTR] SendRpc: key=ppermute.3_0|s100007->200007d|$c24$l-1877411333^i0 size=8388608 queue_latency_us=0 attempt=0
I0909 06:42:15.997729    1342 grpc_transport.cc:1414] [MEGASCALE_TRANSPORT_INSTR] Recv: key=ppermute.3_0|s200006->100006d|$c48$l-1877411333^i0 size=0 is_single_chunk=true is_aligned=true memcpy_needed=false
I0909 06:42:16.000135    2064 grpc_transport.cc:1743] [MEGASCALE_TRANSPORT_INSTR] SendRpc: key=ppermute.3_0|s100000->200000d|$c83$l-1877411333^i0 size=8388608 queue_latency_us=0 attempt=0
I0909 06:42:16.005673    2278 grpc_transport.cc:1743] [MEGASCALE_TRANSPORT_INSTR] SendRpc: key=ppermute.3_0|s100001->200001d|$c36$l-1877411333^i0 size=8388608 queue_latency_us=0 attempt=0
I0909 06:42:16.010961    1929 grpc_transport.cc:1743] [MEGASCALE_TRANSPORT_INSTR] SendRpc: key=ppermute.3_0|s100002->200002d|$c69$l-1877411333^i0 size=8388608 queue_latency_us=0 attempt=0
I0909 06:42:16.016687    2074 grpc_transport.cc:1743] [MEGASCALE_TRANSPORT_INSTR] SendRpc: key=ppermute.3_0|s100007->200007d|$c75$l-1877411333^i0 size=8388608 queue_latency_us=0 attempt=0
I0909 06:42:16.022071    2178 grpc_transport.cc:1743] [MEGASCALE_TRANSPORT_INSTR] SendRpc: key=ppermute.3_0|s100004->200004d|$c103$l-1877411333^i0 size=8388608 queue_latency_us=0 attempt=0
I0909 06:42:16.023303    1898 grpc_transport.cc:1414] [MEGASCALE_TRANSPORT_INSTR] Recv: key=ppermute.3_0|s200005->100005d|$c2$l-1877411333^i0 size=0 is_single_chunk=true is_aligned=true memcpy_needed=false
I0909 06:42:16.027554    1895 grpc_transport.cc:1743] [MEGASCALE_TRANSPORT_INSTR] SendRpc: key=ppermute.3_0|s100007->200007d|$c106$l-1877411333^i0 size=8388608 queue_latency_us=0 attempt=0
I0909 06:42:16.031665    1705 grpc_transport.cc:1743] [MEGASCALE_TRANSPORT_INSTR] SendRpc: key=ppermute.3_0|s100003->200003d|$c126$l-1877411333^i0 size=8388608 queue_latency_us=0 attempt=0
I0909 06:42:16.039938    2277 grpc_transport.cc:1414] [MEGASCALE_TRANSPORT_INSTR] Recv: key=ppermute.3_0|s200001->100001d|$c16$l-1877411333^i0 size=0 is_single_chunk=true is_aligned=true memcpy_needed=false
I0909 06:42:16.056832    1339 grpc_transport.cc:1414] [MEGASCALE_TRANSPORT_INSTR] Recv: key=ppermute.3_0|s200004->100004d|$c98$l-1877411333^i0 size=0 is_single_chunk=true is_aligned=true memcpy_needed=false
I0909 06:42:16.075710    2165 grpc_transport.cc:1414] [MEGASCALE_TRANSPORT_INSTR] Recv: key=ppermute.3_0|s200004->100004d|$c116$l-1877411333^i0 size=0 is_single_chunk=true is_aligned=true memcpy_needed=false
I0909 06:42:16.096962    2274 grpc_transport.cc:1414] [MEGASCALE_TRANSPORT_INSTR] Recv: key=ppermute.3_0|s200002->100002d|$c55$l-1877411333^i0 size=0 is_single_chunk=true is_aligned=true memcpy_needed=false
I0909 06:42:16.132398    2274 grpc_transport.cc:1414] [MEGASCALE_TRANSPORT_INSTR] Recv: key=ppermute.3_0|s200001->100001d|$c73$l-1877411333^i0 size=0 is_single_chunk=true is_aligned=true memcpy_needed=false
I0909 06:42:16.168350    1891 grpc_transport.cc:1414] [MEGASCALE_TRANSPORT_INSTR] Recv: key=ppermute.3_0|s200002->100002d|$c101$l-1877411333^i0 size=0 is_single_chunk=true is_aligned=true memcpy_needed=false
I0909 06:42:16.203373    2274 grpc_transport.cc:1414] [MEGASCALE_TRANSPORT_INSTR] Recv: key=ppermute.3_0|s200005->100005d|$c109$l-1877411333^i0 size=0 is_single_chunk=true is_aligned=true memcpy_needed=false
I0909 06:42:16.231036    2073 grpc_transport.cc:1743] [MEGASCALE_TRANSPORT_INSTR] SendRpc: key=ppermute.3_0|s100005->200005d|$c5$l-1877411332^i0 size=8388608 queue_latency_us=0 attempt=0
I0909 06:42:16.235952    1345 grpc_transport.cc:1743] [MEGASCALE_TRANSPORT_INSTR] SendRpc: key=ppermute.3_0|s100001->200001d|$c19$l-1877411332^i0 size=8388608 queue_latency_us=0 attempt=0
I0909 06:42:16.240640    2286 grpc_transport.cc:1743] [MEGASCALE_TRANSPORT_INSTR] SendRpc: key=ppermute.3_0|s100006->200006d|$c32$l-1877411332^i0 size=8388608 queue_latency_us=0 attempt=0
I0909 06:42:16.245065    2275 grpc_transport.cc:1743] [MEGASCALE_TRANSPORT_INSTR] SendRpc: key=ppermute.3_0|s100003->200003d|$c34$l-1877411332^i0 size=8388608 queue_latency_us=0 attempt=0
I0909 06:42:16.249850    1696 grpc_transport.cc:1743] [MEGASCALE_TRANSPORT_INSTR] SendRpc: key=ppermute.3_0|s100000->200000d|$c48$l-1877411332^i0 size=8388608 queue_latency_us=0 attempt=0
I0909 06:42:16.254863    1345 grpc_transport.cc:1743] [MEGASCALE_TRANSPORT_INSTR] SendRpc: key=ppermute.3_0|s100002->200002d|$c58$l-1877411332^i0 size=8388608 queue_latency_us=0 attempt=0
I0909 06:42:16.259731    1331 grpc_transport.cc:1743] [MEGASCALE_TRANSPORT_INSTR] SendRpc: key=ppermute.3_0|s100006->200006d|$c79$l-1877411332^i0 size=8388608 queue_latency_us=0 attempt=0
I0909 06:42:16.262995    2072 grpc_transport.cc:1743] [MEGASCALE_TRANSPORT_INSTR] SendRpc: key=ppermute.3_0|s100000->200000d|$c85$l-1877411332^i0 size=8388608 queue_latency_us=0 attempt=0
I0909 06:42:16.266354    1913 grpc_transport.cc:1743] [MEGASCALE_TRANSPORT_INSTR] SendRpc: key=ppermute.3_0|s100000->200000d|$c101$l-1877411332^i0 size=8388608 queue_latency_us=0 attempt=0
I0909 06:42:16.269392    1901 grpc_transport.cc:1743] [MEGASCALE_TRANSPORT_INSTR] SendRpc: key=ppermute.3_0|s100004->200004d|$c126$l-1877411332^i0 size=8388608 queue_latency_us=0 attempt=0
I0909 06:42:16.296778    2064 grpc_transport.cc:1414] [MEGASCALE_TRANSPORT_INSTR] Recv: key=ppermute.3_0|s200004->100004d|$c16$l-1877411332^i0 size=0 is_single_chunk=true is_aligned=true memcpy_needed=false
I0909 06:42:16.328438    1903 grpc_transport.cc:1414] [MEGASCALE_TRANSPORT_INSTR] Recv: key=ppermute.3_0|s200004->100004d|$c49$l-1877411332^i0 size=0 is_single_chunk=true is_aligned=true memcpy_needed=false
I0909 06:42:16.349459    2273 grpc_transport.cc:1414] [MEGASCALE_TRANSPORT_INSTR] Recv: key=ppermute.3_0|s200005->100005d|$c20$l-1877411332^i0 size=0 is_single_chunk=true is_aligned=true memcpy_needed=false
I0909 06:42:16.369954    2272 grpc_transport.cc:1414] [MEGASCALE_TRANSPORT_INSTR] Recv: key=ppermute.3_0|s200002->100002d|$c42$l-1877411332^i0 size=0 is_single_chunk=true is_aligned=true memcpy_needed=false
I0909 06:42:16.389969    2274 grpc_transport.cc:1414] [MEGASCALE_TRANSPORT_INSTR] Recv: key=ppermute.3_0|s200003->100003d|$c41$l-1877411332^i0 size=0 is_single_chunk=true is_aligned=true memcpy_needed=false
I0909 06:42:16.419006    2274 grpc_transport.cc:1414] [MEGASCALE_TRANSPORT_INSTR] Recv: key=ppermute.3_0|s200003->100003d|$c54$l-1877411332^i0 size=0 is_single_chunk=true is_aligned=true memcpy_needed=false
I0909 06:42:16.454568    2273 grpc_transport.cc:1414] [MEGASCALE_TRANSPORT_INSTR] Recv: key=ppermute.3_0|s200003->100003d|$c66$l-1877411332^i0 size=0 is_single_chunk=true is_aligned=true memcpy_needed=false
I0909 06:42:16.481187    1898 grpc_transport.cc:1414] [MEGASCALE_TRANSPORT_INSTR] Recv: key=ppermute.3_0|s200003->100003d|$c76$l-1877411332^i0 size=0 is_single_chunk=true is_aligned=true memcpy_needed=false
I0909 06:42:16.501909    1690 grpc_transport.cc:1414] [MEGASCALE_TRANSPORT_INSTR] Recv: key=ppermute.3_0|s200004->100004d|$c38$l-1877411331^i0 size=0 is_single_chunk=true is_aligned=true memcpy_needed=false
I0909 06:42:16.519328    2273 grpc_transport.cc:1414] [MEGASCALE_TRANSPORT_INSTR] Recv: key=ppermute.3_0|s200007->100007d|$c97$l-1877411332^i0 size=0 is_single_chunk=true is_aligned=true memcpy_needed=false
I0909 06:42:16.536833    1895 grpc_transport.cc:1414] [MEGASCALE_TRANSPORT_INSTR] Recv: key=ppermute.3_0|s200004->100004d|$c99$l-1877411331^i0 size=0 is_single_chunk=true is_aligned=true memcpy_needed=false
I0909 06:42:16.554404    2273 grpc_transport.cc:1414] [MEGASCALE_TRANSPORT_INSTR] Recv: key=ppermute.3_0|s200006->100006d|$c108$l-1877411332^i0 size=0 is_single_chunk=true is_aligned=true memcpy_needed=false
I0909 06:42:16.582834    2274 grpc_transport.cc:1414] [MEGASCALE_TRANSPORT_INSTR] Recv: key=ppermute.3_0|s200005->100005d|$c125$l-1877411332^i0 size=0 is_single_chunk=true is_aligned=true memcpy_needed=false
I0909 06:42:16.602280     801 grpc_transport.cc:1743] [MEGASCALE_TRANSPORT_INSTR] SendRpc: key=ppermute.3_0|s100003->200003d|$c20$l-1877411331^i0 size=8388608 queue_latency_us=0 attempt=0
I0909 06:42:16.606773    2182 grpc_transport.cc:1743] [MEGASCALE_TRANSPORT_INSTR] SendRpc: key=ppermute.3_0|s100005->200005d|$c3$l-1877411331^i0 size=8388608 queue_latency_us=0 attempt=0
I0909 06:42:16.612942    1335 grpc_transport.cc:1743] [MEGASCALE_TRANSPORT_INSTR] SendRpc: key=ppermute.3_0|s100006->200006d|$c26$l-1877411331^i0 size=8388608 queue_latency_us=0 attempt=0
I0909 06:42:16.618229    2167 grpc_transport.cc:1743] [MEGASCALE_TRANSPORT_INSTR] SendRpc: key=ppermute.3_0|s100004->200004d|$c42$l-1877411331^i0 size=8388608 queue_latency_us=0 attempt=0
I0909 06:42:16.624530    1907 grpc_transport.cc:1743] [MEGASCALE_TRANSPORT_INSTR] SendRpc: key=ppermute.3_0|s100003->200003d|$c75$l-1877411331^i0 size=8388608 queue_latency_us=0 attempt=0
I0909 06:42:16.630123    1351 grpc_transport.cc:1743] [MEGASCALE_TRANSPORT_INSTR] SendRpc: key=ppermute.3_0|s100006->200006d|$c66$l-1877411331^i0 size=8388608 queue_latency_us=0 attempt=0
I0909 06:42:16.631760    1345 grpc_transport.cc:1414] [MEGASCALE_TRANSPORT_INSTR] Recv: key=ppermute.3_0|s200007->100007d|$c3$l-1877411331^i0 size=0 is_single_chunk=true is_aligned=true memcpy_needed=false
I0909 06:42:16.636219    1379 grpc_transport.cc:1743] [MEGASCALE_TRANSPORT_INSTR] SendRpc: key=ppermute.3_0|s100002->200002d|$c36$l-1877411331^i0 size=8388608 queue_latency_us=0 attempt=0
I0909 06:42:16.641662    2074 grpc_transport.cc:1743] [MEGASCALE_TRANSPORT_INSTR] SendRpc: key=ppermute.3_0|s100000->200000d|$c94$l-1877411331^i0 size=8388608 queue_latency_us=0 attempt=0
I0909 06:42:16.646891    1362 grpc_transport.cc:1743] [MEGASCALE_TRANSPORT_INSTR] SendRpc: key=ppermute.3_0|s100000->200000d|$c107$l-1877411331^i0 size=8388608 queue_latency_us=0 attempt=0
I0909 06:42:16.651631    2163 grpc_transport.cc:1743] [MEGASCALE_TRANSPORT_INSTR] SendRpc: key=ppermute.3_0|s100000->200000d|$c123$l-1877411331^i0 size=8388608 queue_latency_us=0 attempt=0
I0909 06:42:16.665776    1330 grpc_transport.cc:1743] [MEGASCALE_TRANSPORT_INSTR] SendRpc: key=ppermute.3_0|s100002->200002d|$c124$l-1877411331^i0 size=8388608 queue_latency_us=0 attempt=0
I0909 06:42:16.668666    1331 grpc_transport.cc:1414] [MEGASCALE_TRANSPORT_INSTR] Recv: key=ppermute.3_0|s200003->100003d|$c27$l-1877411331^i0 size=0 is_single_chunk=true is_aligned=true memcpy_needed=false
I0909 06:42:16.703096    2274 grpc_transport.cc:1414] [MEGASCALE_TRANSPORT_INSTR] Recv: key=ppermute.3_0|s200005->100005d|$c36$l-1877411331^i0 size=0 is_single_chunk=true is_aligned=true memcpy_needed=false
I0909 06:42:16.738303    2274 grpc_transport.cc:1414] [MEGASCALE_TRANSPORT_INSTR] Recv: key=ppermute.3_0|s200005->100005d|$c58$l-1877411331^i0 size=0 is_single_chunk=true is_aligned=true memcpy_needed=false
I0909 06:42:16.774128    1331 grpc_transport.cc:1414] [MEGASCALE_TRANSPORT_INSTR] Recv: key=ppermute.3_0|s200007->100007d|$c68$l-1877411331^i0 size=0 is_single_chunk=true is_aligned=true memcpy_needed=false
I0909 06:42:16.810383    1330 grpc_transport.cc:1414] [MEGASCALE_TRANSPORT_INSTR] Recv: key=ppermute.3_0|s200006->100006d|$c88$l-1877411331^i0 size=0 is_single_chunk=true is_aligned=true memcpy_needed=false
I0909 06:42:16.843926    2274 grpc_transport.cc:1414] [MEGASCALE_TRANSPORT_INSTR] Recv: key=ppermute.3_0|s200001->100001d|$c114$l-1877411331^i0 size=0 is_single_chunk=true is_aligned=true memcpy_needed=false
I0909 06:42:16.884481    2277 grpc_transport.cc:1414] [MEGASCALE_TRANSPORT_INSTR] Recv: key=all-reduce_0_ag_0_sr_1_2|s200007->100007d|$c0$l-493875064^i0 size=512 is_single_chunk=true is_aligned=false memcpy_needed=true
I0909 06:42:16.893392    2169 grpc_transport.cc:1743] [MEGASCALE_TRANSPORT_INSTR] SendRpc: key=ppermute.3_0|s100004->200004d|$c2$l-1877411330^i0 size=8388608 queue_latency_us=1 attempt=0
I0909 06:42:16.897646    1345 grpc_transport.cc:1743] [MEGASCALE_TRANSPORT_INSTR] SendRpc: key=ppermute.3_0|s100003->200003d|$c15$l-1877411330^i0 size=8388608 queue_latency_us=0 attempt=0
I0909 06:42:16.902117    1893 grpc_transport.cc:1743] [MEGASCALE_TRANSPORT_INSTR] SendRpc: key=ppermute.3_0|s100003->200003d|$c29$l-1877411330^i0 size=8388608 queue_latency_us=0 attempt=0
I0909 06:42:16.906957    1343 grpc_transport.cc:1743] [MEGASCALE_TRANSPORT_INSTR] SendRpc: key=ppermute.3_0|s100003->200003d|$c41$l-1877411330^i0 size=8388608 queue_latency_us=0 attempt=0
I0909 06:42:16.911877    1930 grpc_transport.cc:1743] [MEGASCALE_TRANSPORT_INSTR] SendRpc: key=ppermute.3_0|s100005->200005d|$c84$l-1877411330^i0 size=8388608 queue_latency_us=0 attempt=0
I0909 06:42:16.917483    1346 grpc_transport.cc:1743] [MEGASCALE_TRANSPORT_INSTR] SendRpc: key=ppermute.3_0|s100005->200005d|$c103$l-1877411330^i0 size=8388608 queue_latency_us=0 attempt=0
I0909 06:42:16.922404    1700 grpc_transport.cc:1743] [MEGASCALE_TRANSPORT_INSTR] SendRpc: key=ppermute.3_0|s100004->200004d|$c92$l-1877411330^i0 size=8388608 queue_latency_us=0 attempt=0
I0909 06:42:16.927159    1919 grpc_transport.cc:1743] [MEGASCALE_TRANSPORT_INSTR] SendRpc: key=ppermute.3_0|s100006->200006d|$c93$l-1877411330^i0 size=8388608 queue_latency_us=0 attempt=0
I0909 06:42:16.931174     801 grpc_transport.cc:1743] [MEGASCALE_TRANSPORT_INSTR] SendRpc: key=ppermute.3_0|s100001->200001d|$c81$l-1877411330^i0 size=8388608 queue_latency_us=0 attempt=0
I0909 06:42:16.931175    1363 grpc_transport.cc:1743] [MEGASCALE_TRANSPORT_INSTR] SendRpc: key=ppermute.3_0|s100001->200001d|$c80$l-1877411330^i0 size=8388608 queue_latency_us=0 attempt=0
I0909 06:42:16.935393    1330 grpc_transport.cc:1743] [MEGASCALE_TRANSPORT_INSTR] SendRpc: key=ppermute.3_0|s100001->200001d|$c101$l-1877411330^i0 size=8388608 queue_latency_us=0 attempt=0
I0909 06:42:16.939836    2273 grpc_transport.cc:1414] [MEGASCALE_TRANSPORT_INSTR] Recv: key=ppermute.3_0|s200003->100003d|$c9$l-1877411330^i0 size=0 is_single_chunk=true is_aligned=true memcpy_needed=false
I0909 06:42:16.963474    1700 grpc_transport.cc:1414] [MEGASCALE_TRANSPORT_INSTR] Recv: key=ppermute.3_0|s200004->100004d|$c59$l-1877411330^i0 size=0 is_single_chunk=true is_aligned=true memcpy_needed=false
I0909 06:42:16.985430    1330 grpc_transport.cc:1414] [MEGASCALE_TRANSPORT_INSTR] Recv: key=ppermute.3_0|s200005->100005d|$c11$l-1877411330^i0 size=0 is_single_chunk=true is_aligned=true memcpy_needed=false
I0909 06:42:17.006132     784 grpc_transport.cc:1414] [MEGASCALE_TRANSPORT_INSTR] Recv: key=ppermute.3_0|s200000->100000d|$c127$l-1877411330^i0 size=0 is_single_chunk=true is_aligned=true memcpy_needed=false
I0909 06:42:17.040043    2273 grpc_transport.cc:1414] [MEGASCALE_TRANSPORT_INSTR] Recv: key=ppermute.3_0|s200005->100005d|$c40$l-1877411330^i0 size=0 is_single_chunk=true is_aligned=true memcpy_needed=false
I0909 06:42:17.075935    1891 grpc_transport.cc:1414] [MEGASCALE_TRANSPORT_INSTR] Recv: key=ppermute.3_0|s200006->100006d|$c49$l-1877411330^i0 size=0 is_single_chunk=true is_aligned=true memcpy_needed=false
I0909 06:42:17.111427    1330 grpc_transport.cc:1414] [MEGASCALE_TRANSPORT_INSTR] Recv: key=ppermute.3_0|s200001->100001d|$c61$l-1877411330^i0 size=0 is_single_chunk=true is_aligned=true memcpy_needed=false
I0909 06:42:17.136658    2066 grpc_transport.cc:1414] [MEGASCALE_TRANSPORT_INSTR] Recv: key=ppermute.3_0|s200000->100000d|$c13$l-1877411329^i0 size=0 is_single_chunk=true is_aligned=true memcpy_needed=false
I0909 06:42:17.158437    1891 grpc_transport.cc:1414] [MEGASCALE_TRANSPORT_INSTR] Recv: key=ppermute.3_0|s200006->100006d|$c95$l-1877411330^i0 size=0 is_single_chunk=true is_aligned=true memcpy_needed=false
I0909 06:42:17.176218    1891 grpc_transport.cc:1414] [MEGASCALE_TRANSPORT_INSTR] Recv: key=ppermute.3_0|s200001->100001d|$c91$l-1877411330^i0 size=0 is_single_chunk=true is_aligned=true memcpy_needed=false
I0909 06:42:17.193908    1330 grpc_transport.cc:1414] [MEGASCALE_TRANSPORT_INSTR] Recv: key=ppermute.3_0|s200006->100006d|$c110$l-1877411330^i0 size=0 is_single_chunk=true is_aligned=true memcpy_needed=false
I0909 06:42:17.211517    1330 grpc_transport.cc:1414] [MEGASCALE_TRANSPORT_INSTR] Recv: key=ppermute.3_0|s200001->100001d|$c107$l-1877411330^i0 size=0 is_single_chunk=true is_aligned=true memcpy_needed=false
I0909 06:42:17.242093    1891 grpc_transport.cc:1414] [MEGASCALE_TRANSPORT_INSTR] Recv: key=ppermute.3_0|s200003->100003d|$c2$l-1877411329^i0 size=0 is_single_chunk=true is_aligned=true memcpy_needed=false
I0909 06:42:17.248049    2065 grpc_transport.cc:1743] [MEGASCALE_TRANSPORT_INSTR] SendRpc: key=ppermute.3_0|s100004->200004d|$c5$l-1877411329^i0 size=8388608 queue_latency_us=0 attempt=0
I0909 06:42:17.253664    2069 grpc_transport.cc:1743] [MEGASCALE_TRANSPORT_INSTR] SendRpc: key=ppermute.3_0|s100004->200004d|$c42$l-1877411329^i0 size=8388608 queue_latency_us=0 attempt=0
I0909 06:42:17.259197    1913 grpc_transport.cc:1743] [MEGASCALE_TRANSPORT_INSTR] SendRpc: key=ppermute.3_0|s100007->200007d|$c30$l-1877411329^i0 size=8388608 queue_latency_us=0 attempt=0
I0909 06:42:17.265317    2170 grpc_transport.cc:1743] [MEGASCALE_TRANSPORT_INSTR] SendRpc: key=ppermute.3_0|s100007->200007d|$c48$l-1877411329^i0 size=8388608 queue_latency_us=0 attempt=0
I0909 06:42:17.271439    1916 grpc_transport.cc:1743] [MEGASCALE_TRANSPORT_INSTR] SendRpc: key=ppermute.3_0|s100006->200006d|$c50$l-1877411329^i0 size=8388608 queue_latency_us=0 attempt=0
I0909 06:42:17.277909    1707 grpc_transport.cc:1743] [MEGASCALE_TRANSPORT_INSTR] SendRpc: key=ppermute.3_0|s100005->200005d|$c70$l-1877411329^i0 size=8388608 queue_latency_us=0 attempt=0
I0909 06:42:17.283223    1895 grpc_transport.cc:1743] [MEGASCALE_TRANSPORT_INSTR] SendRpc: key=ppermute.3_0|s100004->200004d|$c117$l-1877411329^i0 size=8388608 queue_latency_us=0 attempt=0
I0909 06:42:17.288428    1895 grpc_transport.cc:1743] [MEGASCALE_TRANSPORT_INSTR] SendRpc: key=ppermute.3_0|s100007->200007d|$c107$l-1877411329^i0 size=8388608 queue_latency_us=0 attempt=0
I0909 06:42:17.293098    1711 grpc_transport.cc:1414] [MEGASCALE_TRANSPORT_INSTR] Recv: key=ppermute.3_0|s200003->100003d|$c29$l-1877411329^i0 size=0 is_single_chunk=true is_aligned=true memcpy_needed=false
I0909 06:42:17.293536    2142 grpc_transport.cc:1743] [MEGASCALE_TRANSPORT_INSTR] SendRpc: key=ppermute.3_0|s100001->200001d|$c121$l-1877411329^i0 size=8388608 queue_latency_us=0 attempt=0
I0909 06:42:17.304598    1331 grpc_transport.cc:1743] [MEGASCALE_TRANSPORT_INSTR] SendRpc: key=ppermute.3_0|s100003->200003d|$c64$l-1877411329^i0 size=8388608 queue_latency_us=0 attempt=0
I0909 06:42:17.325075    1893 grpc_transport.cc:1414] [MEGASCALE_TRANSPORT_INSTR] Recv: key=ppermute.3_0|s200007->100007d|$c36$l-1877411329^i0 size=0 is_single_chunk=true is_aligned=true memcpy_needed=false
I0909 06:42:17.361730    2273 grpc_transport.cc:1414] [MEGASCALE_TRANSPORT_INSTR] Recv: key=ppermute.3_0|s200006->100006d|$c45$l-1877411329^i0 size=0 is_single_chunk=true is_aligned=true memcpy_needed=false
I0909 06:42:17.397164    2273 grpc_transport.cc:1414] [MEGASCALE_TRANSPORT_INSTR] Recv: key=ppermute.3_0|s200003->100003d|$c73$l-1877411329^i0 size=0 is_single_chunk=true is_aligned=true memcpy_needed=false
I0909 06:42:17.431955    1893 grpc_transport.cc:1414] [MEGASCALE_TRANSPORT_INSTR] Recv: key=ppermute.3_0|s200007->100007d|$c93$l-1877411329^i0 size=0 is_single_chunk=true is_aligned=true memcpy_needed=false
I0909 06:42:17.466986    2273 grpc_transport.cc:1414] [MEGASCALE_TRANSPORT_INSTR] Recv: key=ppermute.3_0|s200002->100002d|$c97$l-1877411329^i0 size=0 is_single_chunk=true is_aligned=true memcpy_needed=false
I0909 06:42:17.497518     784 grpc_transport.cc:1414] [MEGASCALE_TRANSPORT_INSTR] Recv: key=ppermute.3_0|s200004->100004d|$c19$l-1877411328^i0 size=0 is_single_chunk=true is_aligned=true memcpy_needed=false
I0909 06:42:17.519433     784 grpc_transport.cc:1414] [MEGASCALE_TRANSPORT_INSTR] Recv: key=ppermute.3_0|s200004->100004d|$c39$l-1877411328^i0 size=0 is_single_chunk=true is_aligned=true memcpy_needed=false
I0909 06:42:17.538624    2274 grpc_transport.cc:1414] [MEGASCALE_TRANSPORT_INSTR] Recv: key=ppermute.3_0|s200003->100003d|$c121$l-1877411329^i0 size=0 is_single_chunk=true is_aligned=true memcpy_needed=false
I0909 06:42:17.556806    1705 grpc_transport.cc:1743] [MEGASCALE_TRANSPORT_INSTR] SendRpc: key=ppermute.3_0|s100006->200006d|$c4$l-1877411328^i0 size=8388608 queue_latency_us=0 attempt=0
I0909 06:42:17.562214    2082 grpc_transport.cc:1743] [MEGASCALE_TRANSPORT_INSTR] SendRpc: key=ppermute.3_0|s100004->200004d|$c16$l-1877411328^i0 size=8388608 queue_latency_us=0 attempt=0
I0909 06:42:17.563023    2163 grpc_transport.cc:1414] [MEGASCALE_TRANSPORT_INSTR] Recv: key=ppermute.3_0|s200000->100000d|$c86$l-1877411328^i0 size=0 is_single_chunk=true is_aligned=true memcpy_needed=false
I0909 06:42:17.568853    1351 grpc_transport.cc:1743] [MEGASCALE_TRANSPORT_INSTR] SendRpc: key=ppermute.3_0|s100006->200006d|$c30$l-1877411328^i0 size=8388608 queue_latency_us=0 attempt=0
I0909 06:42:17.574857    1349 grpc_transport.cc:1743] [MEGASCALE_TRANSPORT_INSTR] SendRpc: key=ppermute.3_0|s100006->200006d|$c45$l-1877411328^i0 size=8388608 queue_latency_us=0 attempt=0
I0909 06:42:17.580683    1910 grpc_transport.cc:1743] [MEGASCALE_TRANSPORT_INSTR] SendRpc: key=ppermute.3_0|s100007->200007d|$c53$l-1877411328^i0 size=8388608 queue_latency_us=0 attempt=0
I0909 06:42:17.587200    1362 grpc_transport.cc:1743] [MEGASCALE_TRANSPORT_INSTR] SendRpc: key=ppermute.3_0|s100005->200005d|$c82$l-1877411328^i0 size=8388608 queue_latency_us=0 attempt=0
I0909 06:42:17.590318    2082 grpc_transport.cc:1414] [MEGASCALE_TRANSPORT_INSTR] Recv: key=ppermute.3_0|s200000->100000d|$c115$l-1877411328^i0 size=0 is_single_chunk=true is_aligned=true memcpy_needed=false
I0909 06:42:17.592693    1349 grpc_transport.cc:1743] [MEGASCALE_TRANSPORT_INSTR] SendRpc: key=ppermute.3_0|s100006->200006d|$c88$l-1877411328^i0 size=8388608 queue_latency_us=0 attempt=0
I0909 06:42:17.598170    2074 grpc_transport.cc:1743] [MEGASCALE_TRANSPORT_INSTR] SendRpc: key=ppermute.3_0|s100005->200005d|$c108$l-1877411328^i0 size=8388608 queue_latency_us=0 attempt=0
I0909 06:42:17.602778    1346 grpc_transport.cc:1743] [MEGASCALE_TRANSPORT_INSTR] SendRpc: key=ppermute.3_0|s100007->200007d|$c111$l-1877411328^i0 size=8388608 queue_latency_us=0 attempt=0
I0909 06:42:17.608348    1363 grpc_transport.cc:1743] [MEGASCALE_TRANSPORT_INSTR] SendRpc: key=ppermute.3_0|s100001->200001d|$c122$l-1877411328^i0 size=8388608 queue_latency_us=0 attempt=0
I0909 06:42:17.617898    2142 grpc_transport.cc:1414] [MEGASCALE_TRANSPORT_INSTR] Recv: key=ppermute.3_0|s200002->100002d|$c11$l-1877411328^i0 size=0 is_single_chunk=true is_aligned=true memcpy_needed=false
I0909 06:42:17.651892    2272 grpc_transport.cc:1414] [MEGASCALE_TRANSPORT_INSTR] Recv: key=ppermute.3_0|s200003->100003d|$c47$l-1877411328^i0 size=0 is_single_chunk=true is_aligned=true memcpy_needed=false
I0909 06:42:17.688047    2274 grpc_transport.cc:1414] [MEGASCALE_TRANSPORT_INSTR] Recv: key=ppermute.3_0|s200007->100007d|$c77$l-1877411328^i0 size=0 is_single_chunk=true is_aligned=true memcpy_needed=false
I0909 06:42:17.723323    2272 grpc_transport.cc:1414] [MEGASCALE_TRANSPORT_INSTR] Recv: key=ppermute.3_0|s200001->100001d|$c71$l-1877411328^i0 size=0 is_single_chunk=true is_aligned=true memcpy_needed=false
I0909 06:42:17.758965    1891 grpc_transport.cc:1414] [MEGASCALE_TRANSPORT_INSTR] Recv: key=ppermute.3_0|s200005->100005d|$c89$l-1877411328^i0 size=0 is_single_chunk=true is_aligned=true memcpy_needed=false
I0909 06:42:17.791220    2274 grpc_transport.cc:1414] [MEGASCALE_TRANSPORT_INSTR] Recv: key=ppermute.3_0|s200003->100003d|$c112$l-1877411328^i0 size=0 is_single_chunk=true is_aligned=true memcpy_needed=false
I0909 06:42:17.817865    2272 grpc_transport.cc:1414] [MEGASCALE_TRANSPORT_INSTR] Recv: key=ppermute.3_0|s200005->100005d|$c124$l-1877411328^i0 size=0 is_single_chunk=true is_aligned=true memcpy_needed=false
I0909 06:42:17.836151    2274 grpc_transport.cc:1414] [MEGASCALE_TRANSPORT_INSTR] Recv: key=ppermute.3_0|s200002->100002d|$c0$l-1877411327^i0 size=0 is_single_chunk=true is_aligned=true memcpy_needed=false
I0909 06:42:17.848428    2064 grpc_transport.cc:1743] [MEGASCALE_TRANSPORT_INSTR] SendRpc: key=ppermute.3_0|s100005->200005d|$c7$l-1877411327^i0 size=8388608 queue_latency_us=0 attempt=0
I0909 06:42:17.854687    2186 grpc_transport.cc:1743] [MEGASCALE_TRANSPORT_INSTR] SendRpc: key=ppermute.3_0|s100004->200004d|$c18$l-1877411327^i0 size=8388608 queue_latency_us=0 attempt=0
I0909 06:42:17.861303    2277 grpc_transport.cc:1743] [MEGASCALE_TRANSPORT_INSTR] SendRpc: key=ppermute.3_0|s100006->200006d|$c29$l-1877411327^i0 size=8388608 queue_latency_us=0 attempt=0
I0909 06:42:17.865319    1905 grpc_transport.cc:1414] [MEGASCALE_TRANSPORT_INSTR] Recv: key=ppermute.3_0|s200003->100003d|$c10$l-1877411327^i0 size=0 is_single_chunk=true is_aligned=true memcpy_needed=false
I0909 06:42:17.867806     784 grpc_transport.cc:1743] [MEGASCALE_TRANSPORT_INSTR] SendRpc: key=ppermute.3_0|s100005->200005d|$c59$l-1877411327^i0 size=8388608 queue_latency_us=0 attempt=0
I0909 06:42:17.874218    1363 grpc_transport.cc:1743] [MEGASCALE_TRANSPORT_INSTR] SendRpc: key=ppermute.3_0|s100001->200001d|$c52$l-1877411327^i0 size=8388608 queue_latency_us=0 attempt=0
I0909 06:42:17.881010    1894 grpc_transport.cc:1743] [MEGASCALE_TRANSPORT_INSTR] SendRpc: key=ppermute.3_0|s100003->200003d|$c1$l-1877411327^i0 size=8388608 queue_latency_us=0 attempt=0
I0909 06:42:17.886401    1701 grpc_transport.cc:1743] [MEGASCALE_TRANSPORT_INSTR] SendRpc: key=ppermute.3_0|s100006->200006d|$c87$l-1877411327^i0 size=8388608 queue_latency_us=0 attempt=0
I0909 06:42:17.889730    1908 grpc_transport.cc:1414] [MEGASCALE_TRANSPORT_INSTR] Recv: key=ppermute.3_0|s200004->100004d|$c124$l-1877411327^i0 size=0 is_single_chunk=true is_aligned=true memcpy_needed=false
I0909 06:42:17.891425    1358 grpc_transport.cc:1743] [MEGASCALE_TRANSPORT_INSTR] SendRpc: key=ppermute.3_0|s100004->200004d|$c96$l-1877411327^i0 size=8388608 queue_latency_us=0 attempt=0
I0909 06:42:17.896122    1898 grpc_transport.cc:1743] [MEGASCALE_TRANSPORT_INSTR] SendRpc: key=ppermute.3_0|s100002->200002d|$c98$l-1877411327^i0 size=8388608 queue_latency_us=0 attempt=0
I0909 06:42:17.901443    1334 grpc_transport.cc:1743] [MEGASCALE_TRANSPORT_INSTR] SendRpc: key=ppermute.3_0|s100007->200007d|$c125$l-1877411327^i0 size=8388608 queue_latency_us=0 attempt=0
I0909 06:42:17.908850    2274 grpc_transport.cc:1414] [MEGASCALE_TRANSPORT_INSTR] Recv: key=ppermute.3_0|s200001->100001d|$c26$l-1877411327^i0 size=0 is_single_chunk=true is_aligned=true memcpy_needed=false
I0909 06:42:17.914276    2273 grpc_transport.cc:1743] [MEGASCALE_TRANSPORT_INSTR] SendRpc: key=ppermute.3_0|s100003->200003d|$c117$l-1877411327^i0 size=8388608 queue_latency_us=0 attempt=0
I0909 06:42:17.942929    1331 grpc_transport.cc:1414] [MEGASCALE_TRANSPORT_INSTR] Recv: key=ppermute.3_0|s200007->100007d|$c44$l-1877411327^i0 size=0 is_single_chunk=true is_aligned=true memcpy_needed=false
I0909 06:42:17.977259     801 grpc_transport.cc:1414] [MEGASCALE_TRANSPORT_INSTR] Recv: key=ppermute.3_0|s200006->100006d|$c74$l-1877411327^i0 size=0 is_single_chunk=true is_aligned=true memcpy_needed=false
I0909 06:42:18.012955     801 grpc_transport.cc:1414] [MEGASCALE_TRANSPORT_INSTR] Recv: key=ppermute.3_0|s200007->100007d|$c79$l-1877411327^i0 size=0 is_single_chunk=true is_aligned=true memcpy_needed=false
I0909 06:42:18.048008    1331 grpc_transport.cc:1414] [MEGASCALE_TRANSPORT_INSTR] Recv: key=ppermute.3_0|s200005->100005d|$c89$l-1877411327^i0 size=0 is_single_chunk=true is_aligned=true memcpy_needed=false
I0909 06:42:18.082674    1331 grpc_transport.cc:1414] [MEGASCALE_TRANSPORT_INSTR] Recv: key=ppermute.3_0|s200005->100005d|$c108$l-1877411327^i0 size=0 is_single_chunk=true is_aligned=true memcpy_needed=false
I0909 06:42:18.107877     801 grpc_transport.cc:1414] [MEGASCALE_TRANSPORT_INSTR] Recv: key=ppermute.3_0|s200001->100001d|$c115$l-1877411327^i0 size=0 is_single_chunk=true is_aligned=true memcpy_needed=false
I0909 06:42:18.129039    1331 grpc_transport.cc:1414] [MEGASCALE_TRANSPORT_INSTR] Recv: key=ppermute.3_0|s200007->100007d|$c4$l-1877411326^i0 size=0 is_single_chunk=true is_aligned=true memcpy_needed=false
I0909 06:42:18.145779    2278 grpc_transport.cc:1743] [MEGASCALE_TRANSPORT_INSTR] SendRpc: key=ppermute.3_0|s100003->200003d|$c15$l-1877411326^i0 size=8388608 queue_latency_us=0 attempt=0
I0909 06:42:18.151251    1900 grpc_transport.cc:1743] [MEGASCALE_TRANSPORT_INSTR] SendRpc: key=ppermute.3_0|s100006->200006d|$c22$l-1877411326^i0 size=8388608 queue_latency_us=0 attempt=0
I0909 06:42:18.156279    1330 grpc_transport.cc:1414] [MEGASCALE_TRANSPORT_INSTR] Recv: key=ppermute.3_0|s200002->100002d|$c10$l-1877411326^i0 size=0 is_single_chunk=true is_aligned=true memcpy_needed=false
I0909 06:42:18.156936    2164 grpc_transport.cc:1743] [MEGASCALE_TRANSPORT_INSTR] SendRpc: key=ppermute.3_0|s100000->200000d|$c34$l-1877411326^i0 size=8388608 queue_latency_us=0 attempt=0
I0909 06:42:18.163659    2174 grpc_transport.cc:1743] [MEGASCALE_TRANSPORT_INSTR] SendRpc: key=ppermute.3_0|s100007->200007d|$c68$l-1877411326^i0 size=8388608 queue_latency_us=0 attempt=0
I0909 06:42:18.170468    1690 grpc_transport.cc:1743] [MEGASCALE_TRANSPORT_INSTR] SendRpc: key=ppermute.3_0|s100007->200007d|$c83$l-1877411326^i0 size=8388608 queue_latency_us=0 attempt=0
I0909 06:42:18.176495    1916 grpc_transport.cc:1743] [MEGASCALE_TRANSPORT_INSTR] SendRpc: key=ppermute.3_0|s100006->200006d|$c77$l-1877411326^i0 size=8388608 queue_latency_us=0 attempt=0
I0909 06:42:18.180617    2272 grpc_transport.cc:1414] [MEGASCALE_TRANSPORT_INSTR] Recv: key=ppermute.3_0|s200005->100005d|$c19$l-1877411326^i0 size=0 is_single_chunk=true is_aligned=true memcpy_needed=false
I0909 06:42:18.181503    1358 grpc_transport.cc:1743] [MEGASCALE_TRANSPORT_INSTR] SendRpc: key=ppermute.3_0|s100007->200007d|$c110$l-1877411326^i0 size=8388608 queue_latency_us=0 attempt=0
I0909 06:42:18.186803    1335 grpc_transport.cc:1743] [MEGASCALE_TRANSPORT_INSTR] SendRpc: key=ppermute.3_0|s100003->200003d|$c116$l-1877411326^i0 size=8388608 queue_latency_us=0 attempt=0
I0909 06:42:18.191896    1932 grpc_transport.cc:1743] [MEGASCALE_TRANSPORT_INSTR] SendRpc: key=ppermute.3_0|s100005->200005d|$c126$l-1877411326^i0 size=8388608 queue_latency_us=0 attempt=0
I0909 06:42:18.200076    2272 grpc_transport.cc:1414] [MEGASCALE_TRANSPORT_INSTR] Recv: key=ppermute.3_0|s200001->100001d|$c22$l-1877411326^i0 size=0 is_single_chunk=true is_aligned=true memcpy_needed=false
I0909 06:42:18.205557    2274 grpc_transport.cc:1743] [MEGASCALE_TRANSPORT_INSTR] SendRpc: key=ppermute.3_0|s100001->200001d|$c94$l-1877411326^i0 size=8388608 queue_latency_us=0 attempt=0
I0909 06:42:18.232143    2274 grpc_transport.cc:1414] [MEGASCALE_TRANSPORT_INSTR] Recv: key=ppermute.3_0|s200002->100002d|$c41$l-1877411326^i0 size=0 is_single_chunk=true is_aligned=true memcpy_needed=false
I0909 06:42:18.267331    1331 grpc_transport.cc:1414] [MEGASCALE_TRANSPORT_INSTR] Recv: key=ppermute.3_0|s200002->100002d|$c64$l-1877411326^i0 size=0 is_single_chunk=true is_aligned=true memcpy_needed=false
I0909 06:42:18.302554    1891 grpc_transport.cc:1414] [MEGASCALE_TRANSPORT_INSTR] Recv: key=ppermute.3_0|s200002->100002d|$c85$l-1877411326^i0 size=0 is_single_chunk=true is_aligned=true memcpy_needed=false
I0909 06:42:18.337018    1891 grpc_transport.cc:1414] [MEGASCALE_TRANSPORT_INSTR] Recv: key=ppermute.3_0|s200002->100002d|$c98$l-1877411326^i0 size=0 is_single_chunk=true is_aligned=true memcpy_needed=false
I0909 06:42:18.372693    1891 grpc_transport.cc:1414] [MEGASCALE_TRANSPORT_INSTR] Recv: key=ppermute.3_0|s200001->100001d|$c98$l-1877411326^i0 size=0 is_single_chunk=true is_aligned=true memcpy_needed=false
I0909 06:42:18.399101    1895 grpc_transport.cc:1414] [MEGASCALE_TRANSPORT_INSTR] Recv: key=ppermute.3_0|s200000->100000d|$c22$l-1877411325^i0 size=0 is_single_chunk=true is_aligned=true memcpy_needed=false
I0909 06:42:18.421484    1895 grpc_transport.cc:1414] [MEGASCALE_TRANSPORT_INSTR] Recv: key=ppermute.3_0|s200000->100000d|$c48$l-1877411325^i0 size=0 is_single_chunk=true is_aligned=true memcpy_needed=false
I0909 06:42:18.442464    1928 grpc_transport.cc:1743] [MEGASCALE_TRANSPORT_INSTR] SendRpc: key=ppermute.3_0|s100000->200000d|$c4$l-1877411325^i0 size=8388608 queue_latency_us=0 attempt=0
I0909 06:42:18.446562    1362 grpc_transport.cc:1743] [MEGASCALE_TRANSPORT_INSTR] SendRpc: key=ppermute.3_0|s100000->200000d|$c30$l-1877411325^i0 size=8388608 queue_latency_us=0 attempt=0
I0909 06:42:18.446785    2273 grpc_transport.cc:1414] [MEGASCALE_TRANSPORT_INSTR] Recv: key=ppermute.3_0|s200007->100007d|$c7$l-1877411325^i0 size=0 is_single_chunk=true is_aligned=true memcpy_needed=false
I0909 06:42:18.452653    1807 grpc_transport.cc:1743] [MEGASCALE_TRANSPORT_INSTR] SendRpc: key=ppermute.3_0|s100002->200002d|$c31$l-1877411325^i0 size=8388608 queue_latency_us=0 attempt=0
I0909 06:42:18.458039    1351 grpc_transport.cc:1743] [MEGASCALE_TRANSPORT_INSTR] SendRpc: key=ppermute.3_0|s100002->200002d|$c43$l-1877411325^i0 size=8388608 queue_latency_us=0 attempt=0
I0909 06:42:18.463974    1895 grpc_transport.cc:1743] [MEGASCALE_TRANSPORT_INSTR] SendRpc: key=ppermute.3_0|s100005->200005d|$c72$l-1877411325^i0 size=8388608 queue_latency_us=0 attempt=0
I0909 06:42:18.468992    1899 grpc_transport.cc:1743] [MEGASCALE_TRANSPORT_INSTR] SendRpc: key=ppermute.3_0|s100006->200006d|$c72$l-1877411325^i0 size=8388608 queue_latency_us=0 attempt=0
I0909 06:42:18.475576    1333 grpc_transport.cc:1743] [MEGASCALE_TRANSPORT_INSTR] SendRpc: key=ppermute.3_0|s100001->200001d|$c60$l-1877411325^i0 size=8388608 queue_latency_us=0 attempt=0
I0909 06:42:18.475604    1894 grpc_transport.cc:1414] [MEGASCALE_TRANSPORT_INSTR] Recv: key=ppermute.3_0|s200002->100002d|$c13$l-1877411325^i0 size=0 is_single_chunk=true is_aligned=true memcpy_needed=false
I0909 06:42:18.480772    2381 grpc_transport.cc:1743] [MEGASCALE_TRANSPORT_INSTR] SendRpc: key=ppermute.3_0|s100005->200005d|$c110$l-1877411325^i0 size=8388608 queue_latency_us=0 attempt=0
I0909 06:42:18.485655    2375 grpc_transport.cc:1743] [MEGASCALE_TRANSPORT_INSTR] SendRpc: key=ppermute.3_0|s100000->200000d|$c123$l-1877411325^i0 size=8388608 queue_latency_us=0 attempt=0
I0909 06:42:18.491473    2075 grpc_transport.cc:1743] [MEGASCALE_TRANSPORT_INSTR] SendRpc: key=ppermute.3_0|s100004->200004d|$c122$l-1877411325^i0 size=8388608 queue_latency_us=0 attempt=0
I0909 06:42:18.494076    1690 grpc_transport.cc:1414] [MEGASCALE_TRANSPORT_INSTR] Recv: key=ppermute.3_0|s200000->100000d|$c116$l-1877411325^i0 size=0 is_single_chunk=true is_aligned=true memcpy_needed=false
I0909 06:42:18.520028    2272 grpc_transport.cc:1414] [MEGASCALE_TRANSPORT_INSTR] Recv: key=ppermute.3_0|s200001->100001d|$c34$l-1877411325^i0 size=0 is_single_chunk=true is_aligned=true memcpy_needed=false
I0909 06:42:18.554675    2272 grpc_transport.cc:1414] [MEGASCALE_TRANSPORT_INSTR] Recv: key=ppermute.3_0|s200002->100002d|$c54$l-1877411325^i0 size=0 is_single_chunk=true is_aligned=true memcpy_needed=false
I0909 06:42:18.590367    1894 grpc_transport.cc:1414] [MEGASCALE_TRANSPORT_INSTR] Recv: key=ppermute.3_0|s200006->100006d|$c79$l-1877411325^i0 size=0 is_single_chunk=true is_aligned=true memcpy_needed=false
I0909 06:42:18.625712    1335 grpc_transport.cc:1414] [MEGASCALE_TRANSPORT_INSTR] Recv: key=ppermute.3_0|s200007->100007d|$c90$l-1877411325^i0 size=0 is_single_chunk=true is_aligned=true memcpy_needed=false
I0909 06:42:18.660038    1891 grpc_transport.cc:1414] [MEGASCALE_TRANSPORT_INSTR] Recv: key=ppermute.3_0|s200005->100005d|$c79$l-1877411325^i0 size=0 is_single_chunk=true is_aligned=true memcpy_needed=false
I0909 06:42:18.691446    1891 grpc_transport.cc:1414] [MEGASCALE_TRANSPORT_INSTR] Recv: key=ppermute.3_0|s200003->100003d|$c124$l-1877411325^i0 size=0 is_single_chunk=true is_aligned=true memcpy_needed=false
I0909 06:42:18.715968    1334 grpc_transport.cc:1414] [MEGASCALE_TRANSPORT_INSTR] Recv: key=ppermute.3_0|s200004->100004d|$c27$l-1877411324^i0 size=0 is_single_chunk=true is_aligned=true memcpy_needed=false
I0909 06:42:18.736529    2272 grpc_transport.cc:1414] [MEGASCALE_TRANSPORT_INSTR] Recv: key=ppermute.3_0|s200002->100002d|$c28$l-1877411324^i0 size=0 is_single_chunk=true is_aligned=true memcpy_needed=false
I0909 06:42:18.740654    1696 grpc_transport.cc:1743] [MEGASCALE_TRANSPORT_INSTR] SendRpc: key=ppermute.3_0|s100007->200007d|$c4$l-1877411324^i0 size=8388608 queue_latency_us=0 attempt=0
I0909 06:42:18.745571    1340 grpc_transport.cc:1743] [MEGASCALE_TRANSPORT_INSTR] SendRpc: key=ppermute.3_0|s100000->200000d|$c19$l-1877411324^i0 size=8388608 queue_latency_us=0 attempt=0
I0909 06:42:18.751421    1905 grpc_transport.cc:1743] [MEGASCALE_TRANSPORT_INSTR] SendRpc: key=ppermute.3_0|s100002->200002d|$c29$l-1877411324^i0 size=8388608 queue_latency_us=0 attempt=0
I0909 06:42:18.757181    2168 grpc_transport.cc:1743] [MEGASCALE_TRANSPORT_INSTR] SendRpc: key=ppermute.3_0|s100000->200000d|$c47$l-1877411324^i0 size=8388608 queue_latency_us=0 attempt=0
I0909 06:42:18.762685    2076 grpc_transport.cc:1743] [MEGASCALE_TRANSPORT_INSTR] SendRpc: key=ppermute.3_0|s100005->200005d|$c69$l-1877411324^i0 size=8388608 queue_latency_us=0 attempt=0
I0909 06:42:18.766756    2274 grpc_transport.cc:1414] [MEGASCALE_TRANSPORT_INSTR] Recv: key=ppermute.3_0|s200007->100007d|$c7$l-1877411324^i0 size=0 is_single_chunk=true is_aligned=true memcpy_needed=false
I0909 06:42:18.768545    1901 grpc_transport.cc:1743] [MEGASCALE_TRANSPORT_INSTR] SendRpc: key=ppermute.3_0|s100007->200007d|$c66$l-1877411324^i0 size=8388608 queue_latency_us=0 attempt=0
I0909 06:42:18.774475    1701 grpc_transport.cc:1743] [MEGASCALE_TRANSPORT_INSTR] SendRpc: key=ppermute.3_0|s100006->200006d|$c82$l-1877411324^i0 size=8388608 queue_latency_us=0 attempt=0
I0909 06:42:18.779646    1908 grpc_transport.cc:1743] [MEGASCALE_TRANSPORT_INSTR] SendRpc: key=ppermute.3_0|s100007->200007d|$c91$l-1877411324^i0 size=8388608 queue_latency_us=0 attempt=0
I0909 06:42:18.784822    2173 grpc_transport.cc:1743] [MEGASCALE_TRANSPORT_INSTR] SendRpc: key=ppermute.3_0|s100000->200000d|$c118$l-1877411324^i0 size=8388608 queue_latency_us=0 attempt=0
I0909 06:42:18.789705    2165 grpc_transport.cc:1743] [MEGASCALE_TRANSPORT_INSTR] SendRpc: key=ppermute.3_0|s100007->200007d|$c126$l-1877411324^i0 size=8388608 queue_latency_us=0 attempt=0
I0909 06:42:18.790503    1345 grpc_transport.cc:1414] [MEGASCALE_TRANSPORT_INSTR] Recv: key=ppermute.3_0|s200007->100007d|$c16$l-1877411324^i0 size=0 is_single_chunk=true is_aligned=true memcpy_needed=false
I0909 06:42:18.809929    2274 grpc_transport.cc:1414] [MEGASCALE_TRANSPORT_INSTR] Recv: key=ppermute.3_0|s200003->100003d|$c26$l-1877411324^i0 size=0 is_single_chunk=true is_aligned=true memcpy_needed=false
I0909 06:42:18.845938    1331 grpc_transport.cc:1414] [MEGASCALE_TRANSPORT_INSTR] Recv: key=ppermute.3_0|s200006->100006d|$c40$l-1877411324^i0 size=0 is_single_chunk=true is_aligned=true memcpy_needed=false
I0909 06:42:18.882286    2274 grpc_transport.cc:1414] [MEGASCALE_TRANSPORT_INSTR] Recv: key=ppermute.3_0|s200005->100005d|$c67$l-1877411324^i0 size=0 is_single_chunk=true is_aligned=true memcpy_needed=false
I0909 06:42:18.918684    1891 grpc_transport.cc:1414] [MEGASCALE_TRANSPORT_INSTR] Recv: key=ppermute.3_0|s200001->100001d|$c78$l-1877411324^i0 size=0 is_single_chunk=true is_aligned=true memcpy_needed=false
I0909 06:42:18.953954    1331 grpc_transport.cc:1414] [MEGASCALE_TRANSPORT_INSTR] Recv: key=ppermute.3_0|s200001->100001d|$c102$l-1877411324^i0 size=0 is_single_chunk=true is_aligned=true memcpy_needed=false
I0909 06:42:18.983587    1331 grpc_transport.cc:1414] [MEGASCALE_TRANSPORT_INSTR] Recv: key=ppermute.3_0|s200001->100001d|$c115$l-1877411324^i0 size=0 is_single_chunk=true is_aligned=true memcpy_needed=false
I0909 06:42:19.008278    2274 grpc_transport.cc:1414] [MEGASCALE_TRANSPORT_INSTR] Recv: key=ppermute.3_0|s200005->100005d|$c122$l-1877411324^i0 size=0 is_single_chunk=true is_aligned=true memcpy_needed=false
I0909 06:42:19.029034    1345 grpc_transport.cc:1414] [MEGASCALE_TRANSPORT_INSTR] Recv: key=ppermute.3_0|s200006->100006d|$c1$l-1877411323^i0 size=0 is_single_chunk=true is_aligned=true memcpy_needed=false
I0909 06:42:19.034884    2164 grpc_transport.cc:1743] [MEGASCALE_TRANSPORT_INSTR] SendRpc: key=ppermute.3_0|s100004->200004d|$c0$l-1877411323^i0 size=8388608 queue_latency_us=0 attempt=0
I0909 06:42:19.040314    1894 grpc_transport.cc:1743] [MEGASCALE_TRANSPORT_INSTR] SendRpc: key=ppermute.3_0|s100001->200001d|$c13$l-1877411323^i0 size=8388608 queue_latency_us=0 attempt=0
I0909 06:42:19.045475    1895 grpc_transport.cc:1743] [MEGASCALE_TRANSPORT_INSTR] SendRpc: key=ppermute.3_0|s100005->200005d|$c48$l-1877411323^i0 size=8388608 queue_latency_us=0 attempt=0
I0909 06:42:19.051574    1693 grpc_transport.cc:1743] [MEGASCALE_TRANSPORT_INSTR] SendRpc: key=ppermute.3_0|s100002->200002d|$c42$l-1877411323^i0 size=8388608 queue_latency_us=0 attempt=0
I0909 06:42:19.057855    2066 grpc_transport.cc:1743] [MEGASCALE_TRANSPORT_INSTR] SendRpc: key=ppermute.3_0|s100005->200005d|$c79$l-1877411323^i0 size=8388608 queue_latency_us=0 attempt=0
I0909 06:42:19.060285    2277 grpc_transport.cc:1414] [MEGASCALE_TRANSPORT_INSTR] Recv: key=ppermute.3_0|s200003->100003d|$c8$l-1877411323^i0 size=0 is_single_chunk=true is_aligned=true memcpy_needed=false
I0909 06:42:19.063657    2277 grpc_transport.cc:1743] [MEGASCALE_TRANSPORT_INSTR] SendRpc: key=ppermute.3_0|s100003->200003d|$c0$l-1877411323^i0 size=8388608 queue_latency_us=0 attempt=0
I0909 06:42:19.069591    2163 grpc_transport.cc:1743] [MEGASCALE_TRANSPORT_INSTR] SendRpc: key=ppermute.3_0|s100000->200000d|$c94$l-1877411323^i0 size=8388608 queue_latency_us=0 attempt=0
I0909 06:42:19.074278    2376 grpc_transport.cc:1743] [MEGASCALE_TRANSPORT_INSTR] SendRpc: key=ppermute.3_0|s100005->200005d|$c118$l-1877411323^i0 size=8388608 queue_latency_us=0 attempt=0
I0909 06:42:19.079199    2076 grpc_transport.cc:1743] [MEGASCALE_TRANSPORT_INSTR] SendRpc: key=ppermute.3_0|s100000->200000d|$c121$l-1877411323^i0 size=8388608 queue_latency_us=0 attempt=0
I0909 06:42:19.083331    2142 grpc_transport.cc:1414] [MEGASCALE_TRANSPORT_INSTR] Recv: key=ppermute.3_0|s200007->100007d|$c19$l-1877411323^i0 size=0 is_single_chunk=true is_aligned=true memcpy_needed=false
I0909 06:42:19.084487    1349 grpc_transport.cc:1743] [MEGASCALE_TRANSPORT_INSTR] SendRpc: key=ppermute.3_0|s100001->200001d|$c124$l-1877411323^i0 size=8388608 queue_latency_us=0 attempt=0
I0909 06:42:19.103272    1900 grpc_transport.cc:1414] [MEGASCALE_TRANSPORT_INSTR] Recv: key=ppermute.3_0|s200005->100005d|$c42$l-1877411323^i0 size=0 is_single_chunk=true is_aligned=true memcpy_needed=false
I0909 06:42:19.136911    1331 grpc_transport.cc:1414] [MEGASCALE_TRANSPORT_INSTR] Recv: key=ppermute.3_0|s200007->100007d|$c50$l-1877411323^i0 size=0 is_single_chunk=true is_aligned=true memcpy_needed=false
I0909 06:42:19.172292    1330 grpc_transport.cc:1414] [MEGASCALE_TRANSPORT_INSTR] Recv: key=ppermute.3_0|s200001->100001d|$c73$l-1877411323^i0 size=0 is_single_chunk=true is_aligned=true memcpy_needed=false
I0909 06:42:19.208516    1693 grpc_transport.cc:1414] [MEGASCALE_TRANSPORT_INSTR] Recv: key=ppermute.3_0|s200001->100001d|$c88$l-1877411323^i0 size=0 is_single_chunk=true is_aligned=true memcpy_needed=false
I0909 06:42:19.242302    1330 grpc_transport.cc:1414] [MEGASCALE_TRANSPORT_INSTR] Recv: key=ppermute.3_0|s200003->100003d|$c102$l-1877411323^i0 size=0 is_single_chunk=true is_aligned=true memcpy_needed=false
I0909 06:42:19.277100    2375 grpc_transport.cc:1414] [MEGASCALE_TRANSPORT_INSTR] Recv: key=ppermute.3_0|s200000->100000d|$c6$l-1877411322^i0 size=0 is_single_chunk=true is_aligned=true memcpy_needed=false
I0909 06:42:19.300407    2064 grpc_transport.cc:1414] [MEGASCALE_TRANSPORT_INSTR] Recv: key=ppermute.3_0|s200004->100004d|$c14$l-1877411322^i0 size=0 is_single_chunk=true is_aligned=true memcpy_needed=false
I0909 06:42:19.319946    2142 grpc_transport.cc:1414] [MEGASCALE_TRANSPORT_INSTR] Recv: key=ppermute.3_0|s200005->100005d|$c6$l-1877411322^i0 size=0 is_single_chunk=true is_aligned=true memcpy_needed=false
I0909 06:42:19.332453    1701 grpc_transport.cc:1743] [MEGASCALE_TRANSPORT_INSTR] SendRpc: key=ppermute.3_0|s100006->200006d|$c3$l-1877411322^i0 size=8388608 queue_latency_us=0 attempt=0
I0909 06:42:19.338131    1711 grpc_transport.cc:1743] [MEGASCALE_TRANSPORT_INSTR] SendRpc: key=ppermute.3_0|s100003->200003d|$c12$l-1877411322^i0 size=8388608 queue_latency_us=0 attempt=0
I0909 06:42:19.343962    1917 grpc_transport.cc:1743] [MEGASCALE_TRANSPORT_INSTR] SendRpc: key=ppermute.3_0|s100004->200004d|$c35$l-1877411322^i0 size=8388608 queue_latency_us=0 attempt=0
I0909 06:42:19.349550    1891 grpc_transport.cc:1414] [MEGASCALE_TRANSPORT_INSTR] Recv: key=ppermute.3_0|s200002->100002d|$c6$l-1877411322^i0 size=0 is_single_chunk=true is_aligned=true memcpy_needed=false
I0909 06:42:19.350167    1911 grpc_transport.cc:1743] [MEGASCALE_TRANSPORT_INSTR] SendRpc: key=ppermute.3_0|s100003->200003d|$c39$l-1877411322^i0 size=8388608 queue_latency_us=0 attempt=0
I0909 06:42:19.356147    2274 grpc_transport.cc:1743] [MEGASCALE_TRANSPORT_INSTR] SendRpc: key=ppermute.3_0|s100003->200003d|$c54$l-1877411322^i0 size=8388608 queue_latency_us=0 attempt=0
I0909 06:42:19.362630    2375 grpc_transport.cc:1743] [MEGASCALE_TRANSPORT_INSTR] SendRpc: key=ppermute.3_0|s100005->200005d|$c72$l-1877411322^i0 size=8388608 queue_latency_us=0 attempt=0
I0909 06:42:19.367823    1698 grpc_transport.cc:1743] [MEGASCALE_TRANSPORT_INSTR] SendRpc: key=ppermute.3_0|s100003->200003d|$c82$l-1877411322^i0 size=8388608 queue_latency_us=0 attempt=0
I0909 06:42:19.372919    1899 grpc_transport.cc:1743] [MEGASCALE_TRANSPORT_INSTR] SendRpc: key=ppermute.3_0|s100003->200003d|$c92$l-1877411322^i0 size=8388608 queue_latency_us=0 attempt=0
I0909 06:42:19.375265    1362 grpc_transport.cc:1414] [MEGASCALE_TRANSPORT_INSTR] Recv: key=ppermute.3_0|s200000->100000d|$c116$l-1877411322^i0 size=0 is_single_chunk=true is_aligned=true memcpy_needed=false
I0909 06:42:19.377976    1711 grpc_transport.cc:1743] [MEGASCALE_TRANSPORT_INSTR] SendRpc: key=ppermute.3_0|s100003->200003d|$c102$l-1877411322^i0 size=8388608 queue_latency_us=0 attempt=0
I0909 06:42:19.382763    1898 grpc_transport.cc:1743] [MEGASCALE_TRANSPORT_INSTR] SendRpc: key=ppermute.3_0|s100002->200002d|$c22$l-1877411322^i0 size=8388608 queue_latency_us=0 attempt=0
I0909 06:42:19.391414    1900 grpc_transport.cc:1414] [MEGASCALE_TRANSPORT_INSTR] Recv: key=ppermute.3_0|s200003->100003d|$c23$l-1877411322^i0 size=0 is_single_chunk=true is_aligned=true memcpy_needed=false
I0909 06:42:19.396847    2274 grpc_transport.cc:1743] [MEGASCALE_TRANSPORT_INSTR] SendRpc: key=ppermute.3_0|s100002->200002d|$c105$l-1877411322^i0 size=8388608 queue_latency_us=0 attempt=0
I0909 06:42:19.424393    2274 grpc_transport.cc:1414] [MEGASCALE_TRANSPORT_INSTR] Recv: key=ppermute.3_0|s200006->100006d|$c53$l-1877411322^i0 size=0 is_single_chunk=true is_aligned=true memcpy_needed=false
I0909 06:42:19.459830    1330 grpc_transport.cc:1414] [MEGASCALE_TRANSPORT_INSTR] Recv: key=ppermute.3_0|s200001->100001d|$c3$l-1877411322^i0 size=0 is_single_chunk=true is_aligned=true memcpy_needed=false
I0909 06:42:19.495238    1894 grpc_transport.cc:1414] [MEGASCALE_TRANSPORT_INSTR] Recv: key=ppermute.3_0|s200007->100007d|$c81$l-1877411322^i0 size=0 is_single_chunk=true is_aligned=true memcpy_needed=false
I0909 06:42:19.529846    1898 grpc_transport.cc:1414] [MEGASCALE_TRANSPORT_INSTR] Recv: key=ppermute.3_0|s200002->100002d|$c100$l-1877411322^i0 size=0 is_single_chunk=true is_aligned=true memcpy_needed=false
I0909 06:42:19.564909    2274 grpc_transport.cc:1414] [MEGASCALE_TRANSPORT_INSTR] Recv: key=ppermute.3_0|s200005->100005d|$c118$l-1877411322^i0 size=0 is_single_chunk=true is_aligned=true memcpy_needed=false
I0909 06:42:19.593497    1330 grpc_transport.cc:1414] [MEGASCALE_TRANSPORT_INSTR] Recv: key=ppermute.3_0|s200001->100001d|$c66$l-1877411322^i0 size=0 is_single_chunk=true is_aligned=true memcpy_needed=false
I0909 06:42:19.615243    1330 grpc_transport.cc:1414] [MEGASCALE_TRANSPORT_INSTR] Recv: key=ppermute.3_0|s200001->100001d|$c126$l-1877411322^i0 size=0 is_single_chunk=true is_aligned=true memcpy_needed=false
I0909 06:42:19.633153    2163 grpc_transport.cc:1743] [MEGASCALE_TRANSPORT_INSTR] SendRpc: key=ppermute.3_0|s100004->200004d|$c21$l-1877411321^i0 size=8388608 queue_latency_us=0 attempt=0
I0909 06:42:19.639443    1705 grpc_transport.cc:1743] [MEGASCALE_TRANSPORT_INSTR] SendRpc: key=ppermute.3_0|s100006->200006d|$c21$l-1877411321^i0 size=8388608 queue_latency_us=0 attempt=0
I0909 06:42:19.641565    1696 grpc_transport.cc:1414] [MEGASCALE_TRANSPORT_INSTR] Recv: key=ppermute.3_0|s200000->100000d|$c71$l-1877411321^i0 size=0 is_single_chunk=true is_aligned=true memcpy_needed=false
I0909 06:42:19.645881    1693 grpc_transport.cc:1743] [MEGASCALE_TRANSPORT_INSTR] SendRpc: key=ppermute.3_0|s100006->200006d|$c35$l-1877411321^i0 size=8388608 queue_latency_us=0 attempt=0
I0909 06:42:19.652131    2294 grpc_transport.cc:1743] [MEGASCALE_TRANSPORT_INSTR] SendRpc: key=ppermute.3_0|s100006->200006d|$c51$l-1877411321^i0 size=8388608 queue_latency_us=0 attempt=0
I0909 06:42:19.658893    1901 grpc_transport.cc:1743] [MEGASCALE_TRANSPORT_INSTR] SendRpc: key=ppermute.3_0|s100004->200004d|$c80$l-1877411321^i0 size=8388608 queue_latency_us=0 attempt=0
I0909 06:42:19.665082    1331 grpc_transport.cc:1743] [MEGASCALE_TRANSPORT_INSTR] SendRpc: key=ppermute.3_0|s100006->200006d|$c82$l-1877411321^i0 size=8388608 queue_latency_us=0 attempt=0
I0909 06:42:19.667969    2277 grpc_transport.cc:1414] [MEGASCALE_TRANSPORT_INSTR] Recv: key=ppermute.3_0|s200003->100003d|$c1$l-1877411321^i0 size=0 is_single_chunk=true is_aligned=true memcpy_needed=false
I0909 06:42:19.670480    2145 grpc_transport.cc:1743] [MEGASCALE_TRANSPORT_INSTR] SendRpc: key=ppermute.3_0|s100006->200006d|$c94$l-1877411321^i0 size=8388608 queue_latency_us=0 attempt=0
I0909 06:42:19.675581    1900 grpc_transport.cc:1743] [MEGASCALE_TRANSPORT_INSTR] SendRpc: key=ppermute.3_0|s100006->200006d|$c109$l-1877411321^i0 size=8388608 queue_latency_us=0 attempt=0
I0909 06:42:19.680388     804 grpc_transport.cc:1743] [MEGASCALE_TRANSPORT_INSTR] SendRpc: key=ppermute.3_0|s100006->200006d|$c123$l-1877411321^i0 size=8388608 queue_latency_us=0 attempt=0
I0909 06:42:19.686590    1688 grpc_transport.cc:1414] [MEGASCALE_TRANSPORT_INSTR] Recv: key=ppermute.3_0|s200004->100004d|$c103$l-1877411321^i0 size=0 is_single_chunk=true is_aligned=true memcpy_needed=false
I0909 06:42:19.689712     801 grpc_transport.cc:1743] [MEGASCALE_TRANSPORT_INSTR] SendRpc: key=ppermute.3_0|s100003->200003d|$c83$l-1877411321^i0 size=8388608 queue_latency_us=0 attempt=0
I0909 06:42:19.713442    1330 grpc_transport.cc:1414] [MEGASCALE_TRANSPORT_INSTR] Recv: key=ppermute.3_0|s200001->100001d|$c30$l-1877411321^i0 size=0 is_single_chunk=true is_aligned=true memcpy_needed=false
I0909 06:42:19.749658    1330 grpc_transport.cc:1414] [MEGASCALE_TRANSPORT_INSTR] Recv: key=ppermute.3_0|s200001->100001d|$c47$l-1877411321^i0 size=0 is_single_chunk=true is_aligned=true memcpy_needed=false
I0909 06:42:19.784337    1331 grpc_transport.cc:1414] [MEGASCALE_TRANSPORT_INSTR] Recv: key=ppermute.3_0|s200002->100002d|$c70$l-1877411321^i0 size=0 is_single_chunk=true is_aligned=true memcpy_needed=false
I0909 06:42:19.819891    1330 grpc_transport.cc:1414] [MEGASCALE_TRANSPORT_INSTR] Recv: key=ppermute.3_0|s200001->100001d|$c77$l-1877411321^i0 size=0 is_single_chunk=true is_aligned=true memcpy_needed=false
I0909 06:42:19.854416    1330 grpc_transport.cc:1414] [MEGASCALE_TRANSPORT_INSTR] Recv: key=ppermute.3_0|s200007->100007d|$c103$l-1877411321^i0 size=0 is_single_chunk=true is_aligned=true memcpy_needed=false
I0909 06:42:19.888147    1330 grpc_transport.cc:1414] [MEGASCALE_TRANSPORT_INSTR] Recv: key=ppermute.3_0|s200003->100003d|$c112$l-1877411321^i0 size=0 is_single_chunk=true is_aligned=true memcpy_needed=false
I0909 06:42:19.909684      44 megascale_context.cc:439] Destroying MegaScale PjrtExecutableContext: jit_op
MANUAL_AR_RESULT {"batch": 10, "benchmark": "manual_ar", "host_gbps_best": 237.3472273793011, "host_gbps_median": 229.96653531381483, "matrix_dim": 32768, "network_delta": {"cilium_host": {"rx_bytes": 0, "tx_bytes": 0}, "cilium_net": {"rx_bytes": 0, "tx_bytes": 0}, "docker0": {"rx_bytes": 0, "tx_bytes": 0}, "eth0": {"rx_bytes": 693320, "tx_bytes": 6249083}, "eth1": {"rx_bytes": 178460184835, "tx_bytes": 209741307924}, "eth2": {"rx_bytes": 341225653960, "tx_bytes": 307379162505}, "lo": {"rx_bytes": 2475302, "tx_bytes": 2475302}, "lxc24139f804dfe": {"rx_bytes": 15472, "tx_bytes": 106967}, "lxc2a01d986850c": {"rx_bytes": 321, "tx_bytes": 440}, "lxc4aea7d2c7fcb": {"rx_bytes": 9449, "tx_bytes": 1330}, "lxcc0a8ef4be915": {"rx_bytes": 1021517, "tx_bytes": 317608}, "lxcde9de6c6fd2b": {"rx_bytes": 1082, "tx_bytes": 1158}}, "participants_per_slice": 8, "reps": 3, "shard_bytes_per_device": 1073741824.0, "time_ms_all": [289.53140719095245, 298.8238120917231, 302.36998409964144], "time_ms_best": 289.53140719095245, "time_ms_median": 298.8238120917231, "variant": "exchange_add", "warmups": 30}
MANUAL_AR_SUMMARY {"exchange_add@32768": 237.3}
I0909 06:42:19.916423      44 megascale_context.cc:439] Destroying MegaScale PjrtExecutableContext: jit__identity_fn
W0909 06:42:19.920534     979 pjrt_client.h:601] UpdateGlobalProcessInfo is not supported.
W0909 06:42:19.920995     979 pjrt_client.h:601] UpdateGlobalProcessInfo is not supported.
I0909 06:42:19.943323      44 allocator_stats_reporter.cc:147] Stopping AllocatorStatsReporter. Reporting one last time first.
I0909 06:42:19.943488     765 tpu_diagnostic_coordinator.cc:565] TpuStallWorker thread exiting.
I0909 06:42:20.090405      44 tpunetd_client.cc:431] Session master stopping the session...
I0909 06:42:20.090700     982 session_worker_service.cc:115] Session master notifies the worker to disconnect from session ba9c57dc9ddee381
I0909 06:42:20.090765      44 tpunetd_client.cc:433] Session master stopped the session.
I0909 06:42:20.090776      44 tpunetd_client.cc:438] Session manager stopping the session...
I0909 06:42:20.196917      44 tpunetd_client.cc:440] Session manager stopped the session.
I0909 06:42:25.216855     141 async_driver.cc:1178] [/dev/vfio/3 tpu657:pe0:1] vf_id:0 Driver closed.
I0909 06:42:25.235491     426 async_driver.cc:1178] [/dev/vfio/2 tpu657:pe0:2] vf_id:0 Driver closed.
I0909 06:42:25.266201     819 async_driver.cc:1178] [/dev/vfio/4 tpu657:pe0:0] vf_id:0 Driver closed.
I0909 06:42:25.621962     688 async_driver.cc:1178] [/dev/vfio/6 tpu657:pe0:3] vf_id:0 Driver closed.
I0909 06:42:25.624243     688 megascale_context.cc:439] Destroying MegaScale PjrtExecutableContext: jit__identity_fn
I0909 06:42:25.624386     688 megascale_context.cc:1131] Destroying MegaScale PjrtClientContext.
