DCN_HOSTNETWORK_PREFLIGHT_BEGIN
host=gke-tpu-edbc8be2-lf21 pod_ip=10.240.0.40 node_ip=10.240.0.40
tcp_rmem=4096	41943040	314572800
lo               UNKNOWN        127.0.0.1/8 169.254.169.252/32 ::1/128 
eth0             UP             10.240.0.40/32 metric 1024 fe80::4001:aff:fef0:28/64 
eth1             UP             10.240.96.14/32 metric 1024 fe80::4001:aff:fef0:600e/64 
eth2             UP             10.240.48.15/32 metric 1024 fe80::4001:aff:fef0:300f/64 
docker0          DOWN           169.254.123.1/24 
lxc97328b7cf461@if6 UP             169.254.4.6/32 fe80::f834:20ff:fe69:4d80/64 
lxc4fe41b89d307@if8 UP             169.254.4.6/32 fe80::a820:f4ff:fea5:79f8/64 
cilium_net@cilium_host UP             fe80::7054:d2ff:fe10:f7f1/64 
cilium_host@cilium_net UP             169.254.4.6/32 fe80::a8fe:84ff:fe9c:df38/64 
lxca79a06aa4d95@if240 UP             169.254.4.6/32 fe80::a83a:a1ff:fe84:dc1c/64 
lxcd4eaddf52b40@if242 UP             169.254.4.6/32 fe80::5466:58ff:febb:58b/64 
lxcd09ed389fd55@if286 UP             169.254.4.6/32 fe80::40a1:97ff:fe3a:eb68/64 
default via 10.240.0.1 dev eth0 proto dhcp src 10.240.0.40 metric 1024 quickack 1 
default via 10.240.0.1 dev eth0 proto dhcp src 10.240.0.40 metric 1024 
10.228.9.2 dev lxc4fe41b89d307 proto kernel scope link 
10.228.9.3 dev lxc97328b7cf461 proto kernel scope link 
10.228.9.18 dev lxcd09ed389fd55 proto kernel scope link 
10.228.9.118 dev lxca79a06aa4d95 proto kernel scope link 
10.228.9.119 dev lxcd4eaddf52b40 proto kernel scope link 
10.240.0.0/20 via 10.240.0.1 dev eth0 proto dhcp src 10.240.0.40 metric 1024 quickack 1 
10.240.0.0/20 via 10.240.0.1 dev eth0 proto dhcp src 10.240.0.40 metric 1024 
10.240.0.1 dev eth0 proto dhcp scope link src 10.240.0.40 metric 1024 quickack 1 
10.240.0.1 dev eth0 proto dhcp scope link src 10.240.0.40 metric 1024 
10.240.48.0/20 via 10.240.48.1 dev eth2 proto dhcp src 10.240.48.15 metric 1024 quickack 1 
10.240.48.0/20 via 10.240.48.1 dev eth2 proto dhcp src 10.240.48.15 metric 1024 
10.240.48.1 dev eth2 proto dhcp scope link src 10.240.48.15 metric 1024 quickack 1 
10.240.48.1 dev eth2 proto dhcp scope link src 10.240.48.15 metric 1024 
10.240.96.0/20 via 10.240.96.1 dev eth1 proto dhcp src 10.240.96.14 metric 1024 quickack 1 
10.240.96.0/20 via 10.240.96.1 dev eth1 proto dhcp src 10.240.96.14 metric 1024 
10.240.96.1 dev eth1 proto dhcp scope link src 10.240.96.14 metric 1024 quickack 1 
10.240.96.1 dev eth1 proto dhcp scope link src 10.240.96.14 metric 1024 
169.254.123.0/24 dev docker0 proto kernel scope link src 169.254.123.1 linkdown 
169.254.169.254 via 10.240.0.1 dev eth0 proto dhcp src 10.240.0.40 metric 1024 quickack 1 
169.254.169.254 via 10.240.0.1 dev eth0 proto dhcp src 10.240.0.40 metric 1024 
interface=eth0 speed_mbps=200000
interface=eth1 speed_mbps=200000
interface=eth2 speed_mbps=200000
interface=lo speed_mbps=
DCN_HOSTNETWORK_PREFLIGHT_END
Looking in links: https://storage.googleapis.com/jax-releases/libtpu_releases.html
Collecting jax==0.11.0 (from jax[tpu]==0.11.0)
  Downloading jax-0.11.0-py3-none-any.whl.metadata (13 kB)
Collecting libtpu==0.0.44
  Downloading libtpu-0.0.44-cp312-cp312-manylinux_2_31_x86_64.whl.metadata (1.5 kB)
Collecting jaxlib<=0.11.0,>=0.11.0 (from jax==0.11.0->jax[tpu]==0.11.0)
  Downloading jaxlib-0.11.0-cp312-cp312-manylinux_2_27_x86_64.whl.metadata (1.3 kB)
Collecting ml_dtypes>=0.5.0 (from jax==0.11.0->jax[tpu]==0.11.0)
  Downloading ml_dtypes-0.6.0-cp312-cp312-manylinux_2_27_x86_64.manylinux_2_28_x86_64.whl.metadata (8.8 kB)
Collecting numpy>=2.1 (from jax==0.11.0->jax[tpu]==0.11.0)
  Downloading numpy-2.5.3-cp312-cp312-manylinux_2_27_x86_64.manylinux_2_28_x86_64.whl.metadata (6.6 kB)
Collecting opt_einsum (from jax==0.11.0->jax[tpu]==0.11.0)
  Downloading opt_einsum-3.4.0-py3-none-any.whl.metadata (6.3 kB)
Collecting scipy>=1.15 (from jax==0.11.0->jax[tpu]==0.11.0)
  Downloading scipy-1.18.1-cp312-cp312-manylinux_2_27_x86_64.manylinux_2_28_x86_64.whl.metadata (62 kB)
Collecting requests (from jax[tpu]==0.11.0)
  Downloading requests-2.34.2-py3-none-any.whl.metadata (4.8 kB)
Collecting charset_normalizer<4,>=2 (from requests->jax[tpu]==0.11.0)
  Downloading charset_normalizer-3.5.1-cp312-cp312-manylinux2014_x86_64.manylinux_2_17_x86_64.manylinux_2_28_x86_64.whl.metadata (45 kB)
Collecting idna<4,>=2.5 (from requests->jax[tpu]==0.11.0)
  Downloading idna-3.19-py3-none-any.whl.metadata (9.2 kB)
Collecting urllib3<3,>=1.26 (from requests->jax[tpu]==0.11.0)
  Downloading urllib3-2.7.0-py3-none-any.whl.metadata (6.9 kB)
Collecting certifi>=2023.5.7 (from requests->jax[tpu]==0.11.0)
  Downloading certifi-2026.7.22-py3-none-any.whl.metadata (2.5 kB)
Downloading jax-0.11.0-py3-none-any.whl (3.3 MB)
   ━━━━━━━━━━━━━━━━━━━━━━━━━━━━━━━━━━━━━━━━ 3.3/3.3 MB 86.3 MB/s eta 0:00:00
Downloading libtpu-0.0.44-cp312-cp312-manylinux_2_31_x86_64.whl (215.6 MB)
   ━━━━━━━━━━━━━━━━━━━━━━━━━━━━━━━━━━━━━━━ 215.6/215.6 MB 386.2 MB/s eta 0:00:00
Downloading jaxlib-0.11.0-cp312-cp312-manylinux_2_27_x86_64.whl (87.3 MB)
   ━━━━━━━━━━━━━━━━━━━━━━━━━━━━━━━━━━━━━━━━ 87.3/87.3 MB 345.4 MB/s eta 0:00:00
Downloading ml_dtypes-0.6.0-cp312-cp312-manylinux_2_27_x86_64.manylinux_2_28_x86_64.whl (409 kB)
Downloading numpy-2.5.3-cp312-cp312-manylinux_2_27_x86_64.manylinux_2_28_x86_64.whl (16.7 MB)
   ━━━━━━━━━━━━━━━━━━━━━━━━━━━━━━━━━━━━━━━━ 16.7/16.7 MB 368.5 MB/s eta 0:00:00
Downloading scipy-1.18.1-cp312-cp312-manylinux_2_27_x86_64.manylinux_2_28_x86_64.whl (35.3 MB)
   ━━━━━━━━━━━━━━━━━━━━━━━━━━━━━━━━━━━━━━━━ 35.3/35.3 MB 367.6 MB/s eta 0:00:00
Downloading opt_einsum-3.4.0-py3-none-any.whl (71 kB)
Downloading requests-2.34.2-py3-none-any.whl (73 kB)
Downloading certifi-2026.7.22-py3-none-any.whl (136 kB)
Downloading charset_normalizer-3.5.1-cp312-cp312-manylinux2014_x86_64.manylinux_2_17_x86_64.manylinux_2_28_x86_64.whl (248 kB)
Downloading idna-3.19-py3-none-any.whl (68 kB)
Downloading urllib3-2.7.0-py3-none-any.whl (131 kB)
Installing collected packages: urllib3, opt_einsum, numpy, libtpu, idna, charset_normalizer, certifi, scipy, requests, ml_dtypes, jaxlib, jax
Successfully installed certifi-2026.7.22 charset_normalizer-3.5.1 idna-3.19 jax-0.11.0 jaxlib-0.11.0 libtpu-0.0.44 ml_dtypes-0.6.0 numpy-2.5.3 opt_einsum-3.4.0 requests-2.34.2 scipy-1.18.1 urllib3-2.7.0

[notice] A new release of pip is available: 25.0.1 -> 26.2.1
[notice] To update, run: python3.12 -m pip install --upgrade pip
ab32f8deaf1cdd171ebdb13a1922e8665a02cc67
DCN_VERSION_CHECK {'jax': '0.11.0', 'jaxlib': '0.11.0', 'libtpu': '0.0.44'}
MC_CONFIG_BEGIN name=base pass=1 port=1301 flags=--xla_tpu_use_megascale_host_reduction=false
ERROR: Accessing retired flag 'eventmanager2_as_default_eventmanager'
I0909 10:38:09.626253      49 b295d63588a.cc:792] Linux version 6.12.94+ (builder@b181c7a13d4c) (Chromium OS 17.0_pre498229-r33 clang version 17.0.0 (/mnt/host/source/src/third_party/llvm-project 14f0776550b5a49e1c42f49a00213f7f3fa047bf), LLD 17.0.0) #1 SMP Mon Jul 27 22:05:55 UTC 2026
I0909 10:38:09.626511      49 b295d63588a.cc:876] Process id 49
I0909 10:38:09.626524      49 b295d63588a.cc:882] Current working directory /jax-ai-image
I0909 10:38:09.626528      49 b295d63588a.cc:885] Current timezone is UTC (currently UTC +00:00)
I0909 10:38:09.626531      49 b295d63588a.cc:890] Built on Dec 31 1969 16:00:00 (0)
I0909 10:38:09.626532      49 b295d63588a.cc:891]  at redacted@redacted:.
I0909 10:38:09.626533      49 b295d63588a.cc:892]  as //learning/45eac/tfrc/executor:_libtpu.so.native
I0909 10:38:09.626534      49 b295d63588a.cc:893]  for gcc-4.X.Y-crosstool-v18-llvm-grtev4-k8.k8
I0909 10:38:09.626536      49 b295d63588a.cc:902] Build tool: redacted
I0909 10:38:09.626537      49 b295d63588a.cc:903] Build target: 
I0909 10:38:09.626541      49 b295d63588a.cc:911] Command line arguments:
I0909 10:38:09.626543      49 b295d63588a.cc:913] argv[0]: './tpu_driver'
I0909 10:38:09.626546      49 b295d63588a.cc:913] argv[1]: '--minloglevel=0'
I0909 10:38:09.626548      49 b295d63588a.cc:913] argv[2]: '--stderrthreshold=0'
I0909 10:38:09.626549      49 b295d63588a.cc:913] argv[3]: '--v=0'
I0909 10:38:09.626550      49 b295d63588a.cc:913] argv[4]: '--vmodule='
I0909 10:38:09.626551      49 b295d63588a.cc:913] argv[5]: '--log_dir=/tmp/tpu_logs/benchmark'
I0909 10:38:09.626553      49 b295d63588a.cc:913] argv[6]: '--max_log_size=1024'
I0909 10:38:09.626554      49 b295d63588a.cc:913] argv[7]: '--deepsea_hal_included_devs=1,2,3,0'
I0909 10:38:09.626555      49 b295d63588a.cc:913] argv[8]: '--megascale_transport_numa_node=0,1'
I0909 10:38:09.626557      49 b295d63588a.cc:913] argv[9]: '--next_pluggable_device_use_c_api=0'
I0909 10:38:09.626558      49 b295d63588a.cc:913] argv[10]: '--deepsea_wrap=false,false,false'
I0909 10:38:09.626559      49 b295d63588a.cc:913] argv[11]: '--deepsea_twist=false'
I0909 10:38:09.626561      49 b295d63588a.cc:913] argv[12]: '--deepsea_chip_config_name=default'
I0909 10:38:09.626562      49 b295d63588a.cc:913] argv[13]: '--deepsea_chips_per_host_bounds=2,2,1'
I0909 10:38:09.626563      49 b295d63588a.cc:913] argv[14]: '--deepsea_host_bounds=1,1,1'
I0909 10:38:09.626565      49 b295d63588a.cc:913] argv[15]: '--deepsea_slice_builder_worker_port=8471'
I0909 10:38:09.626566      49 b295d63588a.cc:913] argv[16]: '--deepsea_slice_builder_worker_addresses=dcn-mc-slice-0-0.dcn-mc:8471'
I0909 10:38:09.626567      49 b295d63588a.cc:913] argv[17]: '--tpu_slice_builder_dump_chip=false'
I0909 10:38:09.626569      49 b295d63588a.cc:913] argv[18]: '--tpu_slice_builder_dump_chip_force=false'
I0909 10:38:09.626570      49 b295d63588a.cc:913] argv[19]: '--tpu_slice_builder_dump_to_localhost=1'
I0909 10:38:09.626571      49 b295d63588a.cc:913] argv[20]: '--vbar_control_service_url=unix:///var/run/tpu-plugin/vbar.sock'
I0909 10:38:09.626573      49 b295d63588a.cc:913] argv[21]: '--bypass_vbar_control_service=0'
I0909 10:38:09.626574      49 b295d63588a.cc:913] argv[22]: '--deepsea_ici_resilient=false'
I0909 10:38:09.626575      49 b295d63588a.cc:913] argv[23]: '--xla_tpu_use_resilient_collective_emitter=false'
I0909 10:38:09.626576      49 b295d63588a.cc:913] argv[24]: '--tpu_slice_builder_topology_discovery_fault_injection='
I0909 10:38:09.626578      49 b295d63588a.cc:913] argv[25]: '--runtime_metric_service_port=8431'
I0909 10:38:09.626579      49 b295d63588a.cc:913] argv[26]: '--tpu_hbm_report_enable=1'
I0909 10:38:09.626581      49 b295d63588a.cc:913] argv[27]: '--tpu_hbm_report_frequency=5s'
I0909 10:38:09.626582      49 b295d63588a.cc:913] argv[28]: '--megascale_coordinator_address=dcn-mc-slice-0-0.dcn-mc:8081'
I0909 10:38:09.626584      49 b295d63588a.cc:913] argv[29]: '--megascale_slice_id=0'
I0909 10:38:09.626585      49 b295d63588a.cc:913] argv[30]: '--megascale_num_slices=2'
I0909 10:38:09.626586      49 b295d63588a.cc:913] argv[31]: '--megascale_transport_type=grpc'
I0909 10:38:09.626587      49 b295d63588a.cc:913] argv[32]: '--megascale_port=8081'
I0909 10:38:09.626589      49 b295d63588a.cc:913] argv[33]: '--megascale_use_insecure_grpc'
I0909 10:38:09.626590      49 b295d63588a.cc:913] argv[34]: '--megascale_grpc_use_chaotic_good=true'
I0909 10:38:09.626595      49 b295d63588a.cc:913] argv[35]: '--megascale_grpc_use_event_engine_allocator=true'
I0909 10:38:09.626597      49 b295d63588a.cc:913] argv[36]: '--grpc_enable_tcp_recv_zerocopy=false'
I0909 10:38:09.626598      49 b295d63588a.cc:913] argv[37]: '--grpc_enable_rpc_receive_coalescing=true'
I0909 10:38:09.626599      49 b295d63588a.cc:913] argv[38]: '--megascale_grpc_enable_numa_aware_transmit=true'
I0909 10:38:09.626600      49 b295d63588a.cc:913] argv[39]: '--megascale_grpc_use_numa_aware_event_engine=true'
I0909 10:38:09.626602      49 b295d63588a.cc:913] argv[40]: '--megascale_debug_port=8081'
I0909 10:38:09.626603      49 b295d63588a.cc:913] argv[41]: '--eventmanager2_as_default_eventmanager'
I0909 10:38:09.626604      49 b295d63588a.cc:913] argv[42]: '--eventmanager2_default_autosizer=mean_latency'
I0909 10:38:09.626605      49 b295d63588a.cc:913] argv[43]: '--megascale_grpc_enable_xor_tracer=true'
I0909 10:38:09.626607      49 b295d63588a.cc:913] argv[44]: '--xor_trace_sampling_period=100'
I0909 10:38:09.626608      49 b295d63588a.cc:913] argv[45]: '--rpc_transport_metrics_period=20'
I0909 10:38:09.626609      49 b295d63588a.cc:913] argv[46]: '--grpc_experiments=use_call_event_engine_in_completion_queue,instrument_tcp_telemetry,tcp_rcv_lowat,chaotic_good_framing_layer,event_engine_listener,event_engine_client'
I0909 10:38:09.626611      49 b295d63588a.cc:913] argv[47]: '--enable_runtime_uptime_telemetry=true'
I0909 10:38:09.626612      49 b295d63588a.cc:913] argv[48]: '--xla_tpu_use_megascale_host_reduction=false'
I0909 10:38:09.626613      49 b295d63588a.cc:913] argv[49]: '--xla_tpu_use_enhanced_launch_barrier=true'
I0909 10:38:09.626615      49 b295d63588a.cc:913] argv[50]: '--xla_tpu_prefer_async_allgather_to_allreduce=true'
I0909 10:38:09.626616      49 b295d63588a.cc:913] argv[51]: '--xla_tpu_data_parallel_opt_different_sized_ops=true'
I0909 10:38:09.626617      49 b295d63588a.cc:913] argv[52]: '--xla_tpu_enable_data_parallel_all_reduce_opt=true'
I0909 10:38:09.626619      49 b295d63588a.cc:913] argv[53]: '--megascale_coordinator_address=dcn-mc-slice-0-0.dcn-mc:8081'
I0909 10:38:09.626620      49 b295d63588a.cc:913] argv[54]: '--megascale_slice_id=0'
I0909 10:38:09.626621      49 b295d63588a.cc:913] argv[55]: '--megascale_num_slices=2'
I0909 10:38:09.626622      49 b295d63588a.cc:913] argv[56]: '--megascale_transport_type=grpc'
I0909 10:38:09.626623      49 b295d63588a.cc:913] argv[57]: '--megascale_port=8081'
I0909 10:38:09.626625      49 b295d63588a.cc:913] argv[58]: '--megascale_use_insecure_grpc'
I0909 10:38:09.626626      49 b295d63588a.cc:913] argv[59]: '--megascale_grpc_interface_prefixes=eth1,eth2,lo'
I0909 10:38:09.626787      49 init.cc:78] Remote crash gathering hook installed.
I0909 10:38:09.665711      49 tpu_runtime_type_flags.cc:78] --tpu_use_tfrt not specified. Using default value: true
I0909 10:38:09.665793      49 host_command_handler_factory.cc:31] Skipping registration of host command handler for opcode Log because it is not in the allowlist.
I0909 10:38:09.665811      49 tpu_hal.cc:467] Registered plugin from module: megascale_sync_flag_logger
I0909 10:38:09.667775      49 tpu_hal.cc:467] Registered plugin from module: RuntimeMetricHelper
E0909 10:38:09.667795      49 autosizer.cc:43] mean_latency is deprecated. Please remove this setting.
I0909 10:38:09.670257      49 logger.cc:308] Enabling threaded logging for severity WARNING
I0909 10:38:09.670288      49 tpu_hal.cc:467] Registered plugin from module: sdc_checker_callback
I0909 10:38:09.670710      49 mlock.cc:220] mlock()-ed 4096 bytes for BuildID, using 1 syscalls.
I0909 10:38:09.670755      49 debug_manager.cc:266] Registering error handler with name: libtpu_telemetry_handler
I0909 10:38:09.684987      49 singleton_tpu_states_manager.cc:86] TPU premapped buffer enabled. Size: 4294967296 Threshold: 4294967296 Partitions: 1
I0909 10:38:09.685001      49 singleton_tpu_states_manager.cc:110] TpuStatesManager::GetOrCreate(): no tpu system exists. Creating a new tpu system.
I0909 10:38:09.693103      49 device_util.cc:89] Found 4 TPU7x chips.
I0909 10:38:09.693118      49 tpu_version_flag.cc:77] Using auto-detected TPU version TPU7x
I0909 10:38:09.711459      49 tpu_chip_config.cc:367] Resolved chip config alias default->megachip for 6acc60406, 
I0909 10:38:09.711702      49 pending_event_logger.cc:1003] Enabling PjRt/TPU event dependency logging.
I0909 10:38:09.717931     424 flags_util.cc:316] Using 8471 from --deepsea_slice_builder_worker_port as SliceBuilder worker service port.
I0909 10:38:09.722379     424 tpu_network_factory.cc:67] Running in Cloud, using TpunetdClient
I0909 10:38:09.722395     424 tpunetd_client.cc:163] Creating TpunetdClient with topology go/debugproto    
x_dimension: 2
y_dimension: 2
z_dimension: 1
x_wrapping: false
y_wrapping: false
z_wrapping: false
I0909 10:38:09.729080     424 init-domain.cc:132] Fiber init: default domain = futex, concurrency = 246, prefix = futex-default
I0909 10:38:11.622548     430 async_driver.cc:485] [/dev/vfio/7 tpu665:pe0:3] vf_id:0 Driver opened.
I0909 10:38:11.648040     427 async_driver.cc:485] [/dev/vfio/5 tpu665:pe0:0] vf_id:0 Driver opened.
I0909 10:38:11.719152     426 futex.cc:71] RAW: Futex::Swap(): using GFUTEX_SWAP
I0909 10:38:11.719340     428 async_driver.cc:485] [/dev/vfio/6 tpu665:pe0:1] vf_id:0 Driver opened.
I0909 10:38:11.727707     429 async_driver.cc:485] [/dev/vfio/3 tpu665:pe0:2] vf_id:0 Driver opened.
I0909 10:38:11.735302     430 tpu_vxc_driver.cc:967] Throttled firmware queue size configured to 223(Firmware queue size: 256, leaving 32 for misc purposes).
I0909 10:38:11.744864     427 tpu_vxc_driver.cc:967] Throttled firmware queue size configured to 223(Firmware queue size: 256, leaving 32 for misc purposes).
I0909 10:38:11.811495     428 tpu_vxc_driver.cc:967] Throttled firmware queue size configured to 223(Firmware queue size: 256, leaving 32 for misc purposes).
I0909 10:38:11.826058     427 async_driver.cc:1843] All cores supported.
I0909 10:38:11.834732     430 async_driver.cc:1843] All cores supported.
I0909 10:38:11.834794     429 tpu_vxc_driver.cc:967] Throttled firmware queue size configured to 223(Firmware queue size: 256, leaving 32 for misc purposes).
I0909 10:38:11.840002     428 async_driver.cc:1843] All cores supported.
I0909 10:38:11.843864     429 async_driver.cc:1843] All cores supported.
I0909 10:38:11.843920     424 tpunetd_client.cc:338] Connecting to vbar control service at unix:///var/run/tpu-plugin/vbar.sock
I0909 10:38:11.843987     424 config.cc:265] gRPC experiments: instrument_tcp_telemetry:on, tcp_rcv_lowat:on, use_call_event_engine_in_completion_queue:on; default-enabled: buffer_list_deletion_prep, cache_loas_context_in_connection_context, call_tracer_send_initial_metadata_is_an_annotation, callv3_batch_validation, callv3_ef5bb7_client, callv3_ef5bb7_server, chaotic_good_framing_layer, chaotic_good_send_supported_features, custom_frame_check, directpath_rpc_header_sanitization_filter, ef5bb7_global_family_cache, event_engine_callback_cq, event_engine_client, event_engine_listener, header_data_frame, inproc_cancel_stream, message_size_refactoring, monitoring_experiment, optimization_01, optimization_02, optimization_03, optimization_04, ph2_perf_01, promise_batch_cleanup_on_cancel, promise_filter_send_cancel_metadata, psp_tsi_handshaker_shutdown, skip_clear_peer_on_cancellation, tsi_frame_protector_without_locks, v2_non_owning_waker_implementation, verbose_channelz_connection_logging, wildcard_ip_expansion_restriction, xds_server_filter_chain_per_route
I0909 10:38:11.856062     424 tpunetd_client.cc:289] Session manager starting a new session...
I0909 10:38:11.967588     424 vbar_control.cc:201] TPU backend connection test passed! 
I0909 10:38:12.180733     424 tpunetd_client.cc:291] Session manager started the new session.
I0909 10:38:12.180745     424 tpunetd_client.cc:295] Session master starting a new session...
I0909 10:38:12.180747     424 session_master.cc:263] Starting a new ICI network session...
I0909 10:38:12.181082     426 session_worker_service.cc:110] Session master notifies the worker in a new session: e5e44b5559f72f8d
I0909 10:38:12.285473     424 session_master.cc:307] Successfully started ICI network session with session id: e5e44b5559f72f8d
I0909 10:38:12.285517     424 tpunetd_client.cc:297] Session master started the new session.
I0909 10:38:12.289776     424 tpu_hal.cc:209] Starting premapped memory manager initialization...
W0909 10:38:12.292974     430 libtpu_telemetry_utils.cc:44] Metric already exists: hlo.execution.timing.distribution.microseconds
W0909 10:38:12.292990     430 libtpu_telemetry_utils.cc:44] Metric already exists: hlo.queue.size.gauge
W0909 10:38:12.293004     428 libtpu_telemetry_utils.cc:44] Metric already exists: hlo.execution.timing.distribution.microseconds
W0909 10:38:12.293017     428 libtpu_telemetry_utils.cc:44] Metric already exists: hlo.queue.size.gauge
W0909 10:38:12.293342     429 libtpu_telemetry_utils.cc:44] Metric already exists: hlo.execution.timing.distribution.microseconds
W0909 10:38:12.293368     429 libtpu_telemetry_utils.cc:44] Metric already exists: hlo.queue.size.gauge
W0909 10:38:12.294394     427 libtpu_telemetry_utils.cc:44] Metric already exists: hlo.execution.timing.distribution.microseconds
W0909 10:38:12.294399     428 libtpu_telemetry_utils.cc:44] Metric already exists: hlo.execution.timing.distribution.microseconds
W0909 10:38:12.294417     427 libtpu_telemetry_utils.cc:44] Metric already exists: hlo.queue.size.gauge
W0909 10:38:12.294403     430 libtpu_telemetry_utils.cc:44] Metric already exists: hlo.execution.timing.distribution.microseconds
W0909 10:38:12.294418     428 libtpu_telemetry_utils.cc:44] Metric already exists: hlo.queue.size.gauge
W0909 10:38:12.294423     430 libtpu_telemetry_utils.cc:44] Metric already exists: hlo.queue.size.gauge
W0909 10:38:12.294833     429 libtpu_telemetry_utils.cc:44] Metric already exists: hlo.execution.timing.distribution.microseconds
W0909 10:38:12.294846     429 libtpu_telemetry_utils.cc:44] Metric already exists: hlo.queue.size.gauge
I0909 10:38:14.809518     424 runtime_metric_service.cc:197] Successfully started Runtime Metric Service on port: 8431
I0909 10:38:14.809696     424 system.cc:1112] tpu::System initialized, current host id: 0, logical device ids: 0,1,2,3,4,5,6,7
I0909 10:38:14.809743      49 tpu_system_state.cc:224] CreateTpuSystemState: TPU initialization is successful and it took 5.098031224s
I0909 10:38:14.809764      49 tpu_system_state.cc:228] CreateTpuSystemState: using TPU host premapped buffer of size: 4294967296
I0909 10:38:14.809778      49 tpu_host_allocator.cc:68] Premapped buffer is using alignment 64
I0909 10:38:14.810387      49 tpu_linearizer.cc:104] Inflight linearization byte limit configured to : 1099511627776
I0909 10:38:14.810395      49 tpu_linearizer.cc:118] Inflight delinearization byte limit configured to : 1099511627776
I0909 10:38:14.810674     773 tpu_diagnostic_coordinator.cc:610] TpuDiagnosticCoordinator listening on socket /tmp/tpu_diag_trigger_49.socket (symlinked at /tmp/tpu_diag_latest.socket)
I0909 10:38:14.810906      49 allocator_stats_reporter.cc:117] Starting AllocatorStats Reporter with reporting interval: 5s
I0909 10:38:14.810932      49 megascale_context.cc:969] Using shared executor for compute since we are running on 6acc60406.
W0909 10:38:14.810938      49 impairments_service.cc:60] Resetting impairments.
I0909 10:38:14.810955      49 numa_utils.cc:43] Available NUMA node in this process: 1,0
E0909 10:38:14.811022      49 autosizer.cc:43] mean_latency is deprecated. Please remove this setting.
E0909 10:38:14.813680      49 autosizer.cc:43] mean_latency is deprecated. Please remove this setting.
I0909 10:38:14.816123      49 flags.cc:231] The actual send_rpc_timeout is set to: 45s. Adjusted from the original send_rpc_timeout: 45s, graph_hang_threshold: 5m, graph_within_launch_hang_threshold: 1m
I0909 10:38:14.816140      49 numa_aware_allocator.cc:60] Creating numa aware allocators, number of NUMA nodes is 2
I0909 10:38:14.816147      49 numa_aware_allocator.cc:63] Creating numa aware allocator for NUMA nodes 0
I0909 10:38:14.816167      49 communication_backend.cc:300] Done allocating premapped memory of size 17179869184 bytes in 18.49us
I0909 10:38:14.816172      49 numa_aware_allocator.cc:76] Binding memory address 0x7d2e4ffff000 with NUMA node mask 1
I0909 10:38:27.186532      49 communication_backend.cc:310] Done premapping memory of size 17179869184 bytes in 12.369458075s
I0909 10:38:27.186575      49 numa_aware_allocator.cc:63] Creating numa aware allocator for NUMA nodes 1
I0909 10:38:27.186601      49 communication_backend.cc:300] Done allocating premapped memory of size 17179869184 bytes in 20.912us
I0909 10:38:27.186606      49 numa_aware_allocator.cc:76] Binding memory address 0x7d2a4fffd000 with NUMA node mask 2
I0909 10:38:40.371930      49 communication_backend.cc:310] Done premapping memory of size 17179869184 bytes in 13.184310012s
I0909 10:38:40.371979      49 communication_backend.cc:375] Preallocated 17179869184 bytes with Megascale allocator.
I0909 10:38:40.372008      49 eigen_compute_engine.cc:333] Creating EigenComputeEngine with options: { executor = 0x592ed7439f70,  force_use_shared_executor = true,  num_cores_per_device = 16 }
I0909 10:38:40.372063     692 communication_backend.cc:1179] Initializing MegaScale transport.
E0909 10:38:40.372120     692 autosizer.cc:43] mean_latency is deprecated. Please remove this setting.
E0909 10:38:40.372304      49 autosizer.cc:43] mean_latency is deprecated. Please remove this setting.
E0909 10:38:40.375853      49 autosizer.cc:43] mean_latency is deprecated. Please remove this setting.
E0909 10:38:40.376147     692 autosizer.cc:43] mean_latency is deprecated. Please remove this setting.
E0909 10:38:40.378132      49 autosizer.cc:43] mean_latency is deprecated. Please remove this setting.
E0909 10:38:40.397419      49 autosizer.cc:43] mean_latency is deprecated. Please remove this setting.
E0909 10:38:40.397441     692 autosizer.cc:43] mean_latency is deprecated. Please remove this setting.
I0909 10:38:40.400637     692 grpc_transport.cc:2407] Create GrpcTransport with LIBTPU_ON_GCE.
I0909 10:38:40.400675     692 transport.cc:862] Using IP addresses for interface discovery.
I0909 10:38:40.400679     692 transport.cc:757] Could not read interface to NUMA node map from env variables, falling back to reading from file system.
I0909 10:38:40.400818     692 transport.cc:723] Could not read filename /sys/class/net/cilium_host/device/numa_node with status Stat failed for /sys/class/net/cilium_host/device/numa_node: No such file or directory
E0909 10:38:40.400800      49 autosizer.cc:43] mean_latency is deprecated. Please remove this setting.
I0909 10:38:40.400829     692 transport.cc:723] Could not read filename /sys/class/net/cilium_net/device/numa_node with status Stat failed for /sys/class/net/cilium_net/device/numa_node: No such file or directory
I0909 10:38:40.400838     692 transport.cc:723] Could not read filename /sys/class/net/docker0/device/numa_node with status Stat failed for /sys/class/net/docker0/device/numa_node: No such file or directory
I0909 10:38:40.401410     692 transport.cc:723] Could not read filename /sys/class/net/lo/device/numa_node with status Stat failed for /sys/class/net/lo/device/numa_node: No such file or directory
I0909 10:38:40.401419     692 transport.cc:723] Could not read filename /sys/class/net/lxc4fe41b89d307/device/numa_node with status Stat failed for /sys/class/net/lxc4fe41b89d307/device/numa_node: No such file or directory
I0909 10:38:40.401424     692 transport.cc:723] Could not read filename /sys/class/net/lxc97328b7cf461/device/numa_node with status Stat failed for /sys/class/net/lxc97328b7cf461/device/numa_node: No such file or directory
I0909 10:38:40.401431     692 transport.cc:723] Could not read filename /sys/class/net/lxca79a06aa4d95/device/numa_node with status Stat failed for /sys/class/net/lxca79a06aa4d95/device/numa_node: No such file or directory
I0909 10:38:40.401437     692 transport.cc:723] Could not read filename /sys/class/net/lxcd09ed389fd55/device/numa_node with status Stat failed for /sys/class/net/lxcd09ed389fd55/device/numa_node: No such file or directory
I0909 10:38:40.401448     692 transport.cc:723] Could not read filename /sys/class/net/lxcd4eaddf52b40/device/numa_node with status Stat failed for /sys/class/net/lxcd4eaddf52b40/device/numa_node: No such file or directory
I0909 10:38:40.401451     692 transport.cc:734] Interfaces on available NUMA nodes: [{"eth2", 1}, {"eth0", 0}, {"eth1", 0}]
I0909 10:38:40.401472     692 transport.cc:761] Interfaces corresponding to process' NUMA nodes: [[{"eth0", 0}, {"eth1", 0}, {"eth2", 1}]]
I0909 10:38:40.402169     692 transport.cc:773] Interface eth0 will not be used as it does not start with one of the prefixes: eth1,eth2,lo
I0909 10:38:40.402178     692 transport.cc:773] Interface docker0 will not be used as it does not start with one of the prefixes: eth1,eth2,lo
I0909 10:38:40.402180     692 transport.cc:773] Interface lxc97328b7cf461 will not be used as it does not start with one of the prefixes: eth1,eth2,lo
I0909 10:38:40.402181     692 transport.cc:773] Interface lxc4fe41b89d307 will not be used as it does not start with one of the prefixes: eth1,eth2,lo
I0909 10:38:40.402182     692 transport.cc:773] Interface cilium_net will not be used as it does not start with one of the prefixes: eth1,eth2,lo
I0909 10:38:40.402183     692 transport.cc:773] Interface cilium_host will not be used as it does not start with one of the prefixes: eth1,eth2,lo
I0909 10:38:40.402185     692 transport.cc:773] Interface lxca79a06aa4d95 will not be used as it does not start with one of the prefixes: eth1,eth2,lo
I0909 10:38:40.402186     692 transport.cc:773] Interface lxcd4eaddf52b40 will not be used as it does not start with one of the prefixes: eth1,eth2,lo
I0909 10:38:40.402187     692 transport.cc:773] Interface lxcd09ed389fd55 will not be used as it does not start with one of the prefixes: eth1,eth2,lo
I0909 10:38:40.402190     692 transport.cc:773] Interface eth0 will not be used as it does not start with one of the prefixes: eth1,eth2,lo
I0909 10:38:40.402246     692 transport.cc:819] Added IP address 10.240.96.14:8081 on network interface eth1
I0909 10:38:40.402251     692 transport.cc:819] Added IP address 10.240.48.15:8081 on network interface eth2
I0909 10:38:40.402252     692 transport.cc:773] Interface docker0 will not be used as it does not start with one of the prefixes: eth1,eth2,lo
I0909 10:38:40.402254     692 transport.cc:773] Interface lxc97328b7cf461 will not be used as it does not start with one of the prefixes: eth1,eth2,lo
I0909 10:38:40.402255     692 transport.cc:773] Interface lxc4fe41b89d307 will not be used as it does not start with one of the prefixes: eth1,eth2,lo
I0909 10:38:40.402256     692 transport.cc:773] Interface cilium_host will not be used as it does not start with one of the prefixes: eth1,eth2,lo
I0909 10:38:40.402258     692 transport.cc:773] Interface lxca79a06aa4d95 will not be used as it does not start with one of the prefixes: eth1,eth2,lo
I0909 10:38:40.402259     692 transport.cc:773] Interface lxcd4eaddf52b40 will not be used as it does not start with one of the prefixes: eth1,eth2,lo
I0909 10:38:40.402260     692 transport.cc:773] Interface lxcd09ed389fd55 will not be used as it does not start with one of the prefixes: eth1,eth2,lo
I0909 10:38:40.402261     692 transport.cc:773] Interface eth0 will not be used as it does not start with one of the prefixes: eth1,eth2,lo
I0909 10:38:40.402263     692 transport.cc:773] Interface lxc97328b7cf461 will not be used as it does not start with one of the prefixes: eth1,eth2,lo
I0909 10:38:40.402265     692 transport.cc:773] Interface lxc4fe41b89d307 will not be used as it does not start with one of the prefixes: eth1,eth2,lo
I0909 10:38:40.402266     692 transport.cc:773] Interface cilium_net will not be used as it does not start with one of the prefixes: eth1,eth2,lo
I0909 10:38:40.402268     692 transport.cc:773] Interface cilium_host will not be used as it does not start with one of the prefixes: eth1,eth2,lo
I0909 10:38:40.402270     692 transport.cc:773] Interface lxca79a06aa4d95 will not be used as it does not start with one of the prefixes: eth1,eth2,lo
I0909 10:38:40.402271     692 transport.cc:773] Interface lxcd4eaddf52b40 will not be used as it does not start with one of the prefixes: eth1,eth2,lo
I0909 10:38:40.402273     692 transport.cc:773] Interface lxcd09ed389fd55 will not be used as it does not start with one of the prefixes: eth1,eth2,lo
I0909 10:38:40.402280     692 grpc_transport.cc:2332] Creating gRPC server on: 10.240.96.14:8081eth1
I0909 10:38:40.402294     692 grpc_transport.cc:2348] Creating gRPC server with event engine allocator (chaotic good).
I0909 10:38:40.402304     692 grpc_transport.cc:2365] Starting gRPC server on: 10.240.96.14:8081
I0909 10:38:40.402925     692 grpc_transport.cc:2332] Creating gRPC server on: 10.240.48.15:8081eth2
I0909 10:38:40.402946     692 grpc_transport.cc:2348] Creating gRPC server with event engine allocator (chaotic good).
I0909 10:38:40.402950     692 grpc_transport.cc:2365] Starting gRPC server on: 10.240.48.15:8081
I0909 10:38:40.403256     692 communication_backend.cc:1290] MegaScale transport initialized.
I0909 10:38:40.403268     692 communication_backend.cc:1489] MegaScale transport init succeeded.
E0909 10:38:40.403774      49 autosizer.cc:43] mean_latency is deprecated. Please remove this setting.
I0909 10:38:40.405949      49 debug_service_impl.cc:185] Starting Megascale Debug Server
I0909 10:38:40.406367      49 topology_coordinator.cc:57] Megascale Topology Coordinator started for 2 slices
I0909 10:38:40.406388      49 transport.cc:862] Using IP addresses for interface discovery.
I0909 10:38:40.406390      49 transport.cc:757] Could not read interface to NUMA node map from env variables, falling back to reading from file system.
I0909 10:38:40.406393      49 transport.cc:761] Interfaces corresponding to process' NUMA nodes: [[{"eth2", 1}, {"eth0", 0}, {"eth1", 0}]]
I0909 10:38:40.406781      49 transport.cc:773] Interface eth0 will not be used as it does not start with one of the prefixes: eth1,eth2,lo
I0909 10:38:40.406789      49 transport.cc:773] Interface docker0 will not be used as it does not start with one of the prefixes: eth1,eth2,lo
I0909 10:38:40.406791      49 transport.cc:773] Interface lxc97328b7cf461 will not be used as it does not start with one of the prefixes: eth1,eth2,lo
I0909 10:38:40.406793      49 transport.cc:773] Interface lxc4fe41b89d307 will not be used as it does not start with one of the prefixes: eth1,eth2,lo
I0909 10:38:40.406794      49 transport.cc:773] Interface cilium_net will not be used as it does not start with one of the prefixes: eth1,eth2,lo
I0909 10:38:40.406795      49 transport.cc:773] Interface cilium_host will not be used as it does not start with one of the prefixes: eth1,eth2,lo
I0909 10:38:40.406797      49 transport.cc:773] Interface lxca79a06aa4d95 will not be used as it does not start with one of the prefixes: eth1,eth2,lo
I0909 10:38:40.406798      49 transport.cc:773] Interface lxcd4eaddf52b40 will not be used as it does not start with one of the prefixes: eth1,eth2,lo
I0909 10:38:40.406799      49 transport.cc:773] Interface lxcd09ed389fd55 will not be used as it does not start with one of the prefixes: eth1,eth2,lo
I0909 10:38:40.406802      49 transport.cc:773] Interface eth0 will not be used as it does not start with one of the prefixes: eth1,eth2,lo
I0909 10:38:40.406808      49 transport.cc:819] Added IP address 10.240.96.14:8081 on network interface eth1
I0909 10:38:40.406812      49 transport.cc:819] Added IP address 10.240.48.15:8081 on network interface eth2
I0909 10:38:40.406814      49 transport.cc:773] Interface docker0 will not be used as it does not start with one of the prefixes: eth1,eth2,lo
I0909 10:38:40.406815      49 transport.cc:773] Interface lxc97328b7cf461 will not be used as it does not start with one of the prefixes: eth1,eth2,lo
I0909 10:38:40.406817      49 transport.cc:773] Interface lxc4fe41b89d307 will not be used as it does not start with one of the prefixes: eth1,eth2,lo
I0909 10:38:40.406818      49 transport.cc:773] Interface cilium_host will not be used as it does not start with one of the prefixes: eth1,eth2,lo
I0909 10:38:40.406820      49 transport.cc:773] Interface lxca79a06aa4d95 will not be used as it does not start with one of the prefixes: eth1,eth2,lo
I0909 10:38:40.406822      49 transport.cc:773] Interface lxcd4eaddf52b40 will not be used as it does not start with one of the prefixes: eth1,eth2,lo
I0909 10:38:40.406824      49 transport.cc:773] Interface lxcd09ed389fd55 will not be used as it does not start with one of the prefixes: eth1,eth2,lo
I0909 10:38:40.406825      49 transport.cc:773] Interface eth0 will not be used as it does not start with one of the prefixes: eth1,eth2,lo
I0909 10:38:40.406828      49 transport.cc:773] Interface lxc97328b7cf461 will not be used as it does not start with one of the prefixes: eth1,eth2,lo
I0909 10:38:40.406830      49 transport.cc:773] Interface lxc4fe41b89d307 will not be used as it does not start with one of the prefixes: eth1,eth2,lo
I0909 10:38:40.406831      49 transport.cc:773] Interface cilium_net will not be used as it does not start with one of the prefixes: eth1,eth2,lo
I0909 10:38:40.406833      49 transport.cc:773] Interface cilium_host will not be used as it does not start with one of the prefixes: eth1,eth2,lo
I0909 10:38:40.406835      49 transport.cc:773] Interface lxca79a06aa4d95 will not be used as it does not start with one of the prefixes: eth1,eth2,lo
I0909 10:38:40.406836      49 transport.cc:773] Interface lxcd4eaddf52b40 will not be used as it does not start with one of the prefixes: eth1,eth2,lo
I0909 10:38:40.406838      49 transport.cc:773] Interface lxcd09ed389fd55 will not be used as it does not start with one of the prefixes: eth1,eth2,lo
I0909 10:38:40.406843      49 communication_backend.cc:984] Sending topology discovery request: go/debugproto    
address_mapping {
  addresses {
    address: "10.240.96.14:8081"
    interface_name: "eth1"
    host_name_for_debugging: "gke-tpu-edbc8be2-lf21"
  }
  addresses {
    address: "10.240.48.15:8081"
    interface_name: "eth2"
    host_name_for_debugging: "gke-tpu-edbc8be2-lf21"
    numa_node: 1
  }
  incarnation_id: 257031604800501283
}
tpu_topology_args {
  version: TPU_VERSION_6acc60406
  platform_type: TPU_PLATFORM_TYPE_HARDWARE
  chip_config_name: "default"
  chips_per_host_bounds {
    x: 2
    y: 2
    z: 1
  }
  host_bounds {
    x: 1
    y: 1
    z: 1
  }
  wrap {
  }
  enhanced_barrier_enabled: true
  use_continuations: true
  routing_strategy: ROUTING_MESH
}
incarnation_id: 257031604800501283
I0909 10:38:40.407186      49 grpc_transport.cc:2220] Creating client for slice 0 host 0
I0909 10:38:40.407202      49 grpc_transport.cc:2203] Using default interface. Available interfaces: [eth2,eth1]. Server information: go/debugproto    
address: "dcn-mc-slice-0-0.dcn-mc:8081"
I0909 10:38:40.407303      49 grpc_transport.cc:2278] Created 1 channels for 1 interfaces on slice 0 host 0.
 Load balancing policy: Dynamic lb: max_outstanding_bytes (8388608).
I0909 10:38:40.408237     897 cachednslookup.cc:391] TTL not found in response, not caching response
I0909 10:38:40.411192     883 tpu_chip_config.cc:367] Resolved chip config alias default->megachip for 6acc60406, 
I0909 10:38:40.665007     883 tpu_chip_config.cc:367] Resolved chip config alias default->megachip for 6acc60406, 
I0909 10:38:40.665185     883 topology_coordinator.cc:325] MegaScale Topology Discovery completed.
I0909 10:38:40.665511      49 communication_backend.cc:1002] Received topology discovery response: go/debugproto    
slice_info {
  tpu_topology_args {
    version: TPU_VERSION_6acc60406
    platform_type: TPU_PLATFORM_TYPE_HARDWARE
    chip_config_name: "default"
    chips_per_host_bounds {
      x: 2
      y: 2
      z: 1
    }
    host_bounds {
      x: 1
      y: 1
      z: 1
    }
    wrap {
    }
    enhanced_barrier_enabled: true
    use_continuations: true
    routing_strategy: ROUTING_MESH
  }
}
slice_info {
  slice_id: 1
  tpu_topology_args {
    version: TPU_VERSION_6acc60406
    platform_type: TPU_PLATFORM_TYPE_HARDWARE
    chip_config_name: "default"
    chips_per_host_bounds {
      x: 2
      y: 2
      z: 1
    }
    host_bounds {
      x: 1
      y: 1
      z: 1
    }
    wrap {
    }
    enhanced_barrier_enabled: true
    use_continuations: true
    routing_strategy: ROUTING_MESH
  }
}
address_mappings {
  addresses {
    address: "10.240.96.14:8081"
    interface_name: "eth1"
    host_name_for_debugging: "gke-tpu-edbc8be2-lf21"
  }
  addresses {
    address: "10.240.48.15:8081"
    interface_name: "eth2"
    host_name_for_debugging: "gke-tpu-edbc8be2-lf21"
    numa_node: 1
  }
  incarnation_id: 257031604800501283
}
address_mappings {
  slice_id: 1
  addresses {
    address: "10.240.96.4:8081"
    interface_name: "eth1"
    host_name_for_debugging: "gke-tpu-edbc8be2-0ml3"
  }
  addresses {
    address: "10.240.48.4:8081"
    interface_name: "eth2"
    host_name_for_debugging: "gke-tpu-edbc8be2-0ml3"
    numa_node: 1
  }
  incarnation_id: 12814590971335199846
}
incarnation_id: 257031604800501283
I0909 10:38:40.665612      49 debug_manager.cc:266] Registering error handler with name: default_handler
I0909 10:38:40.665620      49 megascale_context.cc:571] Using DCN topology: go/debugproto    
I0909 10:38:40.665650      49 tpu_chip_config.cc:367] Resolved chip config alias default->megachip for 6acc60406, 
DCN_MULTISLICE_PREFLIGHT {"global_device_count": 16, "local_device_count": 8, "process_count": 2, "process_id": 0, "slice_counts": {"0": 8, "1": 8}}
W0909 10:38:40.667707     986 pjrt_client.h:601] UpdateGlobalProcessInfo is not supported.
I0909 10:38:40.714779      49 dump.cc:725] HloModule dump enabled with path prefix: , suffix: before_optimizations
W0909 10:38:40.719879     988 tpu_spmd_partitioner.cc:460] Collective matmul V1 is enabled. Please consider migrating to V2 since V1 will be deprecated soon. You can enable V2 by setting xla_tpu_all_gather_collective_matmul_mode=post_spmd and xla_tpu_reduce_scatter_collective_matmul_mode=post_spmd.
I0909 10:38:40.726756      49 deepsea_compiler_hlo_passes.cc:6406] xla_tpu_impure_hlo_parallel_compile is DISABLED. jit__identity_fn
I0909 10:38:40.729377      49 latency_hiding_scheduler.cc:4420] [latency-hiding-scheduler] LatencyHidingScheduler current memory usage: 73792 bytes. Current limit: 96638113587
I0909 10:38:40.729732      49 tpu_plumb_vmem_info.cc:677] scavenging_mode: 3 for module: jit__identity_fn
I0909 10:38:40.745666      49 deepsea_compiler_hlo_passes.cc:6735] HLO_PASSES stage duration: 27.40651625ms
I0909 10:38:40.908430     989 tpu_chip_config.cc:367] Resolved chip config alias default->megachip for 6acc60406, 
I0909 10:38:40.908621     989 tpu_chip_config.cc:367] Resolved chip config alias default->megachip for 6acc60406, 
I0909 10:38:40.908800     989 memory_space_assignment_util.cc:577] MSA Vmem breakdown: default scoped vmem (from flag): 33554432; does_msa_directly_allocate_scoped_vmem: T; bytes_for_msa_to_allocate: 67043328
I0909 10:38:40.923398    1215 deepsea_compiler_base.cc:4279] BACKEND_PASSES stage duration: 15.5019895ms
I0909 10:38:40.933121    1215 deepsea_compiler_backend.cc:1480] CODE_GENERATION stage duration: 9.61902725ms
I0909 10:38:40.933402    1215 isa_program_util_common.cc:373] (HLO module jit__identity_fn): Executable fingerprint:67556b1dd123307c8bb711c0434fbfac86eab215225618a5f838c0c427d4c3c2
I0909 10:38:40.933405    1215 isa_program_util_common.cc:377] (HLO module jit__identity_fn): Executable fingerprint (including data segments):c43bcc07663f8b538de614a22f9271d5656acd0e5f70af981aecc6805c64d3fd
I0909 10:38:40.933407    1215 isa_program_util_common.cc:380] (HLO module jit__identity_fn): Host transfer fingerprint:e6674013302fbdec09a2c7c89a12b340e612c48cc4b68dbb5d7ca9c5a25bab54
I0909 10:38:40.933614      49 deepsea_compiler_base.cc:1055] END_TO_END stage duration: 219.01277625ms
I0909 10:38:40.933630      49 deepsea_compiler_base.cc:1056] Note that END_TO_END duration also includes time outside of HLO_PASSES, BACKEND_PASSES, and CODE_GENERATION
I0909 10:38:40.934468      49 megascale_context.cc:517] MegaScale DCNTopology fingerprint for: jit__identity_fn : 1688352644216761960 DevicesHash: 11843567257950195766 Topology: go/debugproto   
I0909 10:38:40.934512      49 graph_builder.cc:257] Shapes to compress: [""]
I0909 10:38:40.934516      49 graph_builder.cc:259] Prefixes to compress: [""]
I0909 10:38:40.934549      49 graph_builder.cc:2912] Using MXLA graph seed: all-gather_0
I0909 10:38:40.934703      49 host_command_scheduler_factory.cc:1312] Created a HostCommandScheduler with 18 rules for module jit__identity_fn HostTransfers Fingerprint: 3701741969770116811.
I0909 10:38:40.934715      49 megascale_context.cc:686] MegaScale ExecutableContext created for module: jit__identity_fn with DCN topology: go/debugproto    
I0909 10:38:40.935703     787 communication_backend.cc:625] Created communicator. Hostname: gke-tpu-edbc8be2-lf21 Slice ID: 0 Host ID: 0 NumSlices: 2 Device IDs: 0,1,2,3,4,5,6,7
I0909 10:38:40.937523     950 grpc_transport.cc:2220] Creating client for slice 1 host 0
I0909 10:38:40.937550     950 grpc_transport.cc:2200] Sending to 10.240.96.4:8081 on interface: eth1
I0909 10:38:40.937629     950 grpc_transport.cc:2200] Sending to 10.240.48.4:8081 on interface: eth2
I0909 10:38:40.937664     950 grpc_transport.cc:2278] Created 2 channels for 2 interfaces on slice 1 host 0.
 Load balancing policy: Dynamic lb: max_outstanding_bytes (8388608).
I0909 10:38:40.964250      49 deepsea_compiler_hlo_passes.cc:6623] XLA::TPU running hlo passes for 21 instructions, module: jit__lambda
I0909 10:38:40.964263      49 deepsea_compiler_hlo_passes.cc:6668] Initial HLO module: jit__lambda instructions: 21 fingerprint: 
I0909 10:38:40.964550      49 deepsea_compiler_hlo_passes.cc:6526] HLO optimizing module: jit__lambda instructions: 19
I0909 10:38:40.964560      49 deepsea_compiler_hlo_passes.cc:6539] XLA::TPU HLO optimization
W0909 10:38:40.965195    1252 tpu_spmd_partitioner.cc:460] Collective matmul V1 is enabled. Please consider migrating to V2 since V1 will be deprecated soon. You can enable V2 by setting xla_tpu_all_gather_collective_matmul_mode=post_spmd and xla_tpu_reduce_scatter_collective_matmul_mode=post_spmd.
I0909 10:38:40.974289      49 deepsea_compiler_hlo_passes.cc:6406] xla_tpu_impure_hlo_parallel_compile is DISABLED. jit__lambda
I0909 10:38:40.976765      49 deepsea_compiler_hlo_passes.cc:5472] XLA::TPU HLO PostOptimizationPipeline
I0909 10:38:40.978062      49 latency_hiding_scheduler.cc:4420] [latency-hiding-scheduler] LatencyHidingScheduler current memory usage: 41024 bytes. Current limit: 96637751091
I0909 10:38:40.978689      49 tpu_plumb_vmem_info.cc:677] scavenging_mode: 3 for module: jit__lambda
I0909 10:38:40.979300      49 deepsea_compiler_hlo_passes.cc:6735] HLO_PASSES stage duration: 15.0369805ms
I0909 10:38:40.980507     989 tpu_chip_config.cc:367] Resolved chip config alias default->megachip for 6acc60406, 
I0909 10:38:40.980666     989 tpu_chip_config.cc:367] Resolved chip config alias default->megachip for 6acc60406, 
I0909 10:38:40.980843     989 memory_space_assignment_util.cc:577] MSA Vmem breakdown: default scoped vmem (from flag): 33554432; does_msa_directly_allocate_scoped_vmem: T; bytes_for_msa_to_allocate: 67043328
I0909 10:38:40.998832    1258 deepsea_compiler_base.cc:4279] BACKEND_PASSES stage duration: 18.88629975ms
I0909 10:38:41.001469    1258 deepsea_compiler_backend.cc:1784] final program bundle count: 788 note this count does not reflect cycles spent executing delays.
I0909 10:38:41.006552    1258 deepsea_compiler_backend.cc:1980] Program divided into 2 overlays without HLO functions (90.5K).
I0909 10:38:41.006624    1258 deepsea_compiler_backend.cc:2150] XLA::TPU module name: jit__lambda
I0909 10:38:41.006628    1258 deepsea_compiler_backend.cc:2152] XLA::TPU program HBM usage: 266.5K / 94.74G
I0909 10:38:41.006631    1258 deepsea_compiler_backend.cc:2159] Note that --xla_tpu_max_hbm_size_mib is not specified. This means that the compiler may use up all available HBM, possibly prioritizing other metrics (latency, compile-time, ..) over memory usage. To reduce memory usage, set --xla_tpu_max_hbm_size_mib to a smaller value.
I0909 10:38:41.006633    1258 deepsea_compiler_backend.cc:2193] XLA::TPU program VMEM usage: 32.00M / 64.00M
I0909 10:38:41.006641    1258 deepsea_compiler_backend.cc:2204] Total hbm usage >= 268.28M:
    reserved        268.00M 
    program          266.5K 
    arguments         16.0K 

Output size 512B; shares 0B with arguments.

Total host usage >= 0B:
    reserved             0B 
    program         unknown size 
    arguments            0B 

Output size 0B; shares 0B with arguments.

I0909 10:38:41.006654    1258 deepsea_compiler_backend.cc:2208] Program sflag requirement 228B:
    reserved           204B
    scoped              16B
    HLO temp             8B (100.0% utilization: Unpadded (8B) Padded (8B), 0.0% fragmentation (0B))
Program sparse_core_sequencer_sflag requirement 36B:
    reserved            36B
Program sparse_core_tile_sflag requirement 4B:
    reserved             4B
Program sparse_core_sequencer_smem requirement 64B:
    reserved            64B
Program sparse_core_tile_smem requirement 0B:
Program hbm requirement 266.5K:
    HLO temp         176.0K (100.0% utilization: Unpadded (24.3K) Padded (24.3K), 86.2% fragmentation (151.7K))
    overlays          90.5K
Program vmem requirement 32.00M:
    HLO temp         32.00M (0.0% utilization: Unpadded (0B) Padded (0B), 100.0% fragmentation (32.00M))
Program smem requirement 36B:
    global               4B
    scoped              32B
Program host requirement 0B:
I0909 10:38:41.006656    1258 deepsea_compiler_backend.cc:2216] XLA::TPU program SMEM usage: 1.9K / 1.00M (1 parameters)
I0909 10:38:41.006744    1258 deepsea_compiler_backend.cc:1480] CODE_GENERATION stage duration: 7.852907ms
I0909 10:38:41.007065    1258 isa_program_util_common.cc:373] (HLO module jit__lambda): Executable fingerprint:6a126cddbd2c7a63446e46d5dcaf750209d6c974ec79e4080fdc4ca9886f81e4
I0909 10:38:41.007069    1258 isa_program_util_common.cc:377] (HLO module jit__lambda): Executable fingerprint (including data segments):12c0715cab49b82f1e3ea1846957d5d3523547d5bf3cc57bcf82f0517b7a92e8
I0909 10:38:41.007070    1258 isa_program_util_common.cc:380] (HLO module jit__lambda): Host transfer fingerprint:2b9801a161c74c27631ae5e0b6d660abd73031d7eba34a0a6e10fff8dfd2f3ae
I0909 10:38:41.007435      49 deepsea_compiler_base.cc:1055] END_TO_END stage duration: 45.456498ms
I0909 10:38:41.007462      49 deepsea_compiler_base.cc:1056] Note that END_TO_END duration also includes time outside of HLO_PASSES, BACKEND_PASSES, and CODE_GENERATION
I0909 10:38:41.008210      49 megascale_context.cc:517] MegaScale DCNTopology fingerprint for: jit__lambda : 1688352644216761960 DevicesHash: 8081921339993277715 Topology: go/debugproto   
I0909 10:38:41.008541      49 host_command_scheduler_factory.cc:1312] Created a HostCommandScheduler with 54 rules for module jit__lambda HostTransfers Fingerprint: 12151718319723310994.
I0909 10:38:41.008566      49 megascale_context.cc:686] MegaScale ExecutableContext created for module: jit__lambda with DCN topology: go/debugproto    
I0909 10:38:41.034469      49 deepsea_compiler_hlo_passes.cc:6623] XLA::TPU running hlo passes for 21 instructions, module: jit__lambda
I0909 10:38:41.034481      49 deepsea_compiler_hlo_passes.cc:6668] Initial HLO module: jit__lambda instructions: 21 fingerprint: 
I0909 10:38:41.034771      49 deepsea_compiler_hlo_passes.cc:6526] HLO optimizing module: jit__lambda instructions: 19
I0909 10:38:41.034777      49 deepsea_compiler_hlo_passes.cc:6539] XLA::TPU HLO optimization
W0909 10:38:41.035434    1269 tpu_spmd_partitioner.cc:460] Collective matmul V1 is enabled. Please consider migrating to V2 since V1 will be deprecated soon. You can enable V2 by setting xla_tpu_all_gather_collective_matmul_mode=post_spmd and xla_tpu_reduce_scatter_collective_matmul_mode=post_spmd.
I0909 10:38:41.044139      49 deepsea_compiler_hlo_passes.cc:6406] xla_tpu_impure_hlo_parallel_compile is DISABLED. jit__lambda
I0909 10:38:41.046494      49 deepsea_compiler_hlo_passes.cc:5472] XLA::TPU HLO PostOptimizationPipeline
I0909 10:38:41.047808      49 latency_hiding_scheduler.cc:4420] [latency-hiding-scheduler] LatencyHidingScheduler current memory usage: 41024 bytes. Current limit: 96637751091
I0909 10:38:41.048484      49 tpu_plumb_vmem_info.cc:677] scavenging_mode: 3 for module: jit__lambda
I0909 10:38:41.049091      49 deepsea_compiler_hlo_passes.cc:6735] HLO_PASSES stage duration: 14.6104835ms
I0909 10:38:41.050403     989 tpu_chip_config.cc:367] Resolved chip config alias default->megachip for 6acc60406, 
I0909 10:38:41.050564     989 tpu_chip_config.cc:367] Resolved chip config alias default->megachip for 6acc60406, 
I0909 10:38:41.050757     989 memory_space_assignment_util.cc:577] MSA Vmem breakdown: default scoped vmem (from flag): 33554432; does_msa_directly_allocate_scoped_vmem: T; bytes_for_msa_to_allocate: 67043328
I0909 10:38:41.069181    1273 deepsea_compiler_base.cc:4279] BACKEND_PASSES stage duration: 19.382105ms
I0909 10:38:41.071787    1273 deepsea_compiler_backend.cc:1784] final program bundle count: 788 note this count does not reflect cycles spent executing delays.
I0909 10:38:41.077394    1273 deepsea_compiler_backend.cc:1980] Program divided into 2 overlays without HLO functions (90.5K).
I0909 10:38:41.077456    1273 deepsea_compiler_backend.cc:2150] XLA::TPU module name: jit__lambda
I0909 10:38:41.077459    1273 deepsea_compiler_backend.cc:2152] XLA::TPU program HBM usage: 266.5K / 94.74G
I0909 10:38:41.077461    1273 deepsea_compiler_backend.cc:2159] Note that --xla_tpu_max_hbm_size_mib is not specified. This means that the compiler may use up all available HBM, possibly prioritizing other metrics (latency, compile-time, ..) over memory usage. To reduce memory usage, set --xla_tpu_max_hbm_size_mib to a smaller value.
I0909 10:38:41.077463    1273 deepsea_compiler_backend.cc:2193] XLA::TPU program VMEM usage: 32.00M / 64.00M
I0909 10:38:41.077469    1273 deepsea_compiler_backend.cc:2204] Total hbm usage >= 268.28M:
    reserved        268.00M 
    program          266.5K 
    arguments         16.0K 

Output size 512B; shares 0B with arguments.

Total host usage >= 0B:
    reserved             0B 
    program         unknown size 
    arguments            0B 

Output size 0B; shares 0B with arguments.

I0909 10:38:41.077480    1273 deepsea_compiler_backend.cc:2208] Program sflag requirement 228B:
    reserved           204B
    scoped              16B
    HLO temp             8B (100.0% utilization: Unpadded (8B) Padded (8B), 0.0% fragmentation (0B))
Program sparse_core_sequencer_sflag requirement 36B:
    reserved            36B
Program sparse_core_tile_sflag requirement 4B:
    reserved             4B
Program sparse_core_sequencer_smem requirement 64B:
    reserved            64B
Program sparse_core_tile_smem requirement 0B:
Program hbm requirement 266.5K:
    HLO temp         176.0K (100.0% utilization: Unpadded (24.3K) Padded (24.3K), 86.2% fragmentation (151.7K))
    overlays          90.5K
Program vmem requirement 32.00M:
    HLO temp         32.00M (0.0% utilization: Unpadded (0B) Padded (0B), 100.0% fragmentation (32.00M))
Program smem requirement 36B:
    global               4B
    scoped              32B
Program host requirement 0B:
I0909 10:38:41.077482    1273 deepsea_compiler_backend.cc:2216] XLA::TPU program SMEM usage: 1.9K / 1.00M (1 parameters)
I0909 10:38:41.077569    1273 deepsea_compiler_backend.cc:1480] CODE_GENERATION stage duration: 8.32710025ms
I0909 10:38:41.077826    1273 isa_program_util_common.cc:373] (HLO module jit__lambda): Executable fingerprint:6a126cddbd2c7a63446e46d5dcaf750209d6c974ec79e4080fdc4ca9886f81e4
I0909 10:38:41.077829    1273 isa_program_util_common.cc:377] (HLO module jit__lambda): Executable fingerprint (including data segments):12c0715cab49b82f1e3ea1846957d5d3523547d5bf3cc57bcf82f0517b7a92e8
I0909 10:38:41.077830    1273 isa_program_util_common.cc:380] (HLO module jit__lambda): Host transfer fingerprint:2b9801a161c74c27631ae5e0b6d660abd73031d7eba34a0a6e10fff8dfd2f3ae
I0909 10:38:41.078126      49 deepsea_compiler_base.cc:1055] END_TO_END stage duration: 46.4983385ms
I0909 10:38:41.078141      49 deepsea_compiler_base.cc:1056] Note that END_TO_END duration also includes time outside of HLO_PASSES, BACKEND_PASSES, and CODE_GENERATION
I0909 10:38:41.078692      49 megascale_context.cc:517] MegaScale DCNTopology fingerprint for: jit__lambda : 1688352644216761960 DevicesHash: 8081921339993277715 Topology: go/debugproto   
I0909 10:38:41.079066      49 host_command_scheduler_factory.cc:1312] Created a HostCommandScheduler with 54 rules for module jit__lambda HostTransfers Fingerprint: 12151718319723310994.
I0909 10:38:41.079091      49 megascale_context.cc:686] MegaScale ExecutableContext created for module: jit__lambda with DCN topology: go/debugproto    
I0909 10:38:41.087053     829 megascale_context.cc:439] Destroying MegaScale PjrtExecutableContext: jit__lambda
I0909 10:38:41.103461      49 deepsea_compiler_hlo_passes.cc:6623] XLA::TPU running hlo passes for 19 instructions, module: jit__lambda
I0909 10:38:41.103473      49 deepsea_compiler_hlo_passes.cc:6668] Initial HLO module: jit__lambda instructions: 19 fingerprint: 
I0909 10:38:41.103683      49 deepsea_compiler_hlo_passes.cc:6526] HLO optimizing module: jit__lambda instructions: 17
I0909 10:38:41.103686      49 deepsea_compiler_hlo_passes.cc:6539] XLA::TPU HLO optimization
W0909 10:38:41.104200    1278 tpu_spmd_partitioner.cc:460] Collective matmul V1 is enabled. Please consider migrating to V2 since V1 will be deprecated soon. You can enable V2 by setting xla_tpu_all_gather_collective_matmul_mode=post_spmd and xla_tpu_reduce_scatter_collective_matmul_mode=post_spmd.
I0909 10:38:41.110539      49 deepsea_compiler_hlo_passes.cc:6406] xla_tpu_impure_hlo_parallel_compile is DISABLED. jit__lambda
I0909 10:38:41.112733      49 deepsea_compiler_hlo_passes.cc:5472] XLA::TPU HLO PostOptimizationPipeline
I0909 10:38:41.113849      49 latency_hiding_scheduler.cc:4420] [latency-hiding-scheduler] LatencyHidingScheduler current memory usage: 24640 bytes. Current limit: 96637894451
I0909 10:38:41.114451      49 tpu_plumb_vmem_info.cc:677] scavenging_mode: 3 for module: jit__lambda
I0909 10:38:41.114992      49 deepsea_compiler_hlo_passes.cc:6735] HLO_PASSES stage duration: 11.519224ms
I0909 10:38:41.116353     989 tpu_chip_config.cc:367] Resolved chip config alias default->megachip for 6acc60406, 
I0909 10:38:41.116525     989 tpu_chip_config.cc:367] Resolved chip config alias default->megachip for 6acc60406, 
I0909 10:38:41.116730     989 memory_space_assignment_util.cc:577] MSA Vmem breakdown: default scoped vmem (from flag): 33554432; does_msa_directly_allocate_scoped_vmem: T; bytes_for_msa_to_allocate: 67043328
I0909 10:38:41.132964    1282 deepsea_compiler_base.cc:4279] BACKEND_PASSES stage duration: 17.22830575ms
I0909 10:38:41.135615    1282 deepsea_compiler_backend.cc:1784] final program bundle count: 626 note this count does not reflect cycles spent executing delays.
I0909 10:38:41.141556    1282 deepsea_compiler_backend.cc:1980] Program divided into 2 overlays without HLO functions (80.5K).
I0909 10:38:41.141619    1282 deepsea_compiler_backend.cc:2150] XLA::TPU module name: jit__lambda
I0909 10:38:41.141624    1282 deepsea_compiler_backend.cc:2152] XLA::TPU program HBM usage: 208.5K / 94.74G
I0909 10:38:41.141626    1282 deepsea_compiler_backend.cc:2159] Note that --xla_tpu_max_hbm_size_mib is not specified. This means that the compiler may use up all available HBM, possibly prioritizing other metrics (latency, compile-time, ..) over memory usage. To reduce memory usage, set --xla_tpu_max_hbm_size_mib to a smaller value.
I0909 10:38:41.141628    1282 deepsea_compiler_backend.cc:2193] XLA::TPU program VMEM usage: 32.00M / 64.00M
I0909 10:38:41.141635    1282 deepsea_compiler_backend.cc:2204] Total hbm usage >= 268.22M:
    reserved        268.00M 
    program          208.5K 
    arguments         16.0K 

Output size 512B; shares 0B with arguments.

Total host usage >= 0B:
    reserved             0B 
    program         unknown size 
    arguments            0B 

Output size 0B; shares 0B with arguments.

I0909 10:38:41.141647    1282 deepsea_compiler_backend.cc:2208] Program sflag requirement 224B:
    reserved           204B
    scoped              12B
    HLO temp             8B (100.0% utilization: Unpadded (8B) Padded (8B), 0.0% fragmentation (0B))
Program sparse_core_sequencer_sflag requirement 36B:
    reserved            36B
Program sparse_core_tile_sflag requirement 4B:
    reserved             4B
Program sparse_core_sequencer_smem requirement 64B:
    reserved            64B
Program sparse_core_tile_smem requirement 0B:
Program hbm requirement 208.5K:
    HLO temp         128.0K (49.1% utilization: Unpadded (8.2K) Padded (16.7K), 87.0% fragmentation (111.3K))
    overlays          80.5K
Program vmem requirement 32.00M:
    HLO temp         32.00M (0.0% utilization: Unpadded (0B) Padded (0B), 100.0% fragmentation (32.00M))
Program smem requirement 36B:
    global               4B
    scoped              32B
Program host requirement 0B:
I0909 10:38:41.141650    1282 deepsea_compiler_backend.cc:2216] XLA::TPU program SMEM usage: 1.9K / 1.00M (1 parameters)
I0909 10:38:41.141745    1282 deepsea_compiler_backend.cc:1480] CODE_GENERATION stage duration: 8.703517ms
I0909 10:38:41.142016    1282 isa_program_util_common.cc:373] (HLO module jit__lambda): Executable fingerprint:4a4bf7195f2e28a358732e4bad360b9ab79156518433b25ddb27df2e76864c13
I0909 10:38:41.142019    1282 isa_program_util_common.cc:377] (HLO module jit__lambda): Executable fingerprint (including data segments):41df051aa1d5cc95b6bd65dcd0fe59634f8d45c83e436d4b0b21da6da348f7ba
I0909 10:38:41.142020    1282 isa_program_util_common.cc:380] (HLO module jit__lambda): Host transfer fingerprint:5c8f40e7dcd653d84e947d890338940d2b2e1ffba06eadb57827e716f5782f97
I0909 10:38:41.142172      49 deepsea_compiler_base.cc:1055] END_TO_END stage duration: 40.78328875ms
I0909 10:38:41.142187      49 deepsea_compiler_base.cc:1056] Note that END_TO_END duration also includes time outside of HLO_PASSES, BACKEND_PASSES, and CODE_GENERATION
I0909 10:38:41.142780      49 megascale_context.cc:517] MegaScale DCNTopology fingerprint for: jit__lambda : 1688352644216761960 DevicesHash: 8081921339993277715 Topology: go/debugproto   
I0909 10:38:41.142986      49 host_command_scheduler_factory.cc:1312] Created a HostCommandScheduler with 36 rules for module jit__lambda HostTransfers Fingerprint: 8427318606672400244.
I0909 10:38:41.143002      49 megascale_context.cc:686] MegaScale ExecutableContext created for module: jit__lambda with DCN topology: go/debugproto    
MANUAL_AR_VERIFY {"exchange_add": true, "psum": true, "psum_checksum": 3.0}
I0909 10:38:41.148984    1255 megascale_context.cc:439] Destroying MegaScale PjrtExecutableContext: jit__lambda
W0909 10:38:41.162116    1284 tpu_spmd_partitioner.cc:460] Collective matmul V1 is enabled. Please consider migrating to V2 since V1 will be deprecated soon. You can enable V2 by setting xla_tpu_all_gather_collective_matmul_mode=post_spmd and xla_tpu_reduce_scatter_collective_matmul_mode=post_spmd.
I0909 10:38:41.167098      49 deepsea_compiler_hlo_passes.cc:6406] xla_tpu_impure_hlo_parallel_compile is DISABLED. jit__lambda
I0909 10:38:41.168759      49 tpu_plumb_vmem_info.cc:677] scavenging_mode: 3 for module: jit__lambda
I0909 10:38:41.179392      49 deepsea_compiler_hlo_passes.cc:6735] HLO_PASSES stage duration: 17.85031725ms
I0909 10:38:41.180423     989 tpu_chip_config.cc:367] Resolved chip config alias default->megachip for 6acc60406, 
I0909 10:38:41.180553     989 tpu_chip_config.cc:367] Resolved chip config alias default->megachip for 6acc60406, 
I0909 10:38:41.180704     989 memory_space_assignment_util.cc:577] MSA Vmem breakdown: default scoped vmem (from flag): 33554432; does_msa_directly_allocate_scoped_vmem: T; bytes_for_msa_to_allocate: 67043328
I0909 10:38:41.210507    1286 deepsea_compiler_base.cc:4279] BACKEND_PASSES stage duration: 30.583302ms
I0909 10:38:41.217932    1286 deepsea_compiler_backend.cc:1480] CODE_GENERATION stage duration: 7.34500375ms
I0909 10:38:41.218179    1286 isa_program_util_common.cc:373] (HLO module jit__lambda): Executable fingerprint:bc586dffeac4e7ae318e7d154bf8e04f4304c94ca0093b387a7797ec3816d14b
I0909 10:38:41.218182    1286 isa_program_util_common.cc:377] (HLO module jit__lambda): Executable fingerprint (including data segments):a2faf2ce0762128844e7a122c148a8aece70b237d9b143ffa46b761ac2a0d991
I0909 10:38:41.218183    1286 isa_program_util_common.cc:380] (HLO module jit__lambda): Host transfer fingerprint:e3b0c44298fc1c149afbf4c8996fb92427ae41e4649b934ca495991b7852b855
I0909 10:38:41.218360      49 deepsea_compiler_base.cc:1055] END_TO_END stage duration: 59.14672925ms
I0909 10:38:41.218377      49 deepsea_compiler_base.cc:1056] Note that END_TO_END duration also includes time outside of HLO_PASSES, BACKEND_PASSES, and CODE_GENERATION
I0909 10:38:41.218858      49 host_command_scheduler_factory.cc:1312] Created a HostCommandScheduler with 0 rules for module jit__lambda HostTransfers Fingerprint: 0.
I0909 10:38:41.218870      49 megascale_context.cc:686] MegaScale ExecutableContext created for module: jit__lambda with DCN topology: go/debugproto    
I0909 10:38:41.222496     732 megascale_context.cc:439] Destroying MegaScale PjrtExecutableContext: jit__lambda
W0909 10:38:41.236260    1288 tpu_spmd_partitioner.cc:460] Collective matmul V1 is enabled. Please consider migrating to V2 since V1 will be deprecated soon. You can enable V2 by setting xla_tpu_all_gather_collective_matmul_mode=post_spmd and xla_tpu_reduce_scatter_collective_matmul_mode=post_spmd.
I0909 10:38:41.241080      49 deepsea_compiler_hlo_passes.cc:6406] xla_tpu_impure_hlo_parallel_compile is DISABLED. jit__identity_fn
I0909 10:38:41.244324      49 latency_hiding_scheduler.cc:4420] [latency-hiding-scheduler] LatencyHidingScheduler current memory usage: 10816 bytes. Current limit: 96637838643
I0909 10:38:41.244818      49 tpu_plumb_vmem_info.cc:677] scavenging_mode: 3 for module: jit__identity_fn
I0909 10:38:41.245318      49 deepsea_compiler_hlo_passes.cc:6735] HLO_PASSES stage duration: 9.7544095ms
I0909 10:38:41.246405     989 tpu_chip_config.cc:367] Resolved chip config alias default->megachip for 6acc60406, 
I0909 10:38:41.246549     989 tpu_chip_config.cc:367] Resolved chip config alias default->megachip for 6acc60406, 
I0909 10:38:41.246724     989 memory_space_assignment_util.cc:577] MSA Vmem breakdown: default scoped vmem (from flag): 33554432; does_msa_directly_allocate_scoped_vmem: T; bytes_for_msa_to_allocate: 67043328
I0909 10:38:41.270966    1290 deepsea_compiler_base.cc:4279] BACKEND_PASSES stage duration: 25.06458875ms
I0909 10:38:41.279142    1290 deepsea_compiler_backend.cc:1480] CODE_GENERATION stage duration: 8.0907835ms
I0909 10:38:41.279424    1290 isa_program_util_common.cc:373] (HLO module jit__identity_fn): Executable fingerprint:fd3b0d6bd150f631ee1516bdd9fe68433befc25b43e5ac8c1bf0647642d4a029
I0909 10:38:41.279427    1290 isa_program_util_common.cc:377] (HLO module jit__identity_fn): Executable fingerprint (including data segments):b4793e425396e7ab5df0b40c15a832140ecb3328718901424ce0f42c7f63731d
I0909 10:38:41.279428    1290 isa_program_util_common.cc:380] (HLO module jit__identity_fn): Host transfer fingerprint:f21887b8cd1a7de9f1745e6458df4dba74bea513f1593c4409ce2cd383777ca8
I0909 10:38:41.279756      49 deepsea_compiler_base.cc:1055] END_TO_END stage duration: 46.54751075ms
I0909 10:38:41.279772      49 deepsea_compiler_base.cc:1056] Note that END_TO_END duration also includes time outside of HLO_PASSES, BACKEND_PASSES, and CODE_GENERATION
I0909 10:38:41.280331      49 megascale_context.cc:517] MegaScale DCNTopology fingerprint for: jit__identity_fn : 1688352644216761960 DevicesHash: 11843567257950195766 Topology: go/debugproto   
I0909 10:38:41.280476      49 host_command_scheduler_factory.cc:1312] Created a HostCommandScheduler with 18 rules for module jit__identity_fn HostTransfers Fingerprint: 14547820116035419324.
I0909 10:38:41.280487      49 megascale_context.cc:686] MegaScale ExecutableContext created for module: jit__identity_fn with DCN topology: go/debugproto    
I0909 10:38:41.283899     829 megascale_context.cc:439] Destroying MegaScale PjrtExecutableContext: jit__lambda
W0909 10:38:41.303435    1294 tpu_spmd_partitioner.cc:460] Collective matmul V1 is enabled. Please consider migrating to V2 since V1 will be deprecated soon. You can enable V2 by setting xla_tpu_all_gather_collective_matmul_mode=post_spmd and xla_tpu_reduce_scatter_collective_matmul_mode=post_spmd.
I0909 10:38:41.309272      49 deepsea_compiler_hlo_passes.cc:6406] xla_tpu_impure_hlo_parallel_compile is DISABLED. jit_op
I0909 10:38:41.311616      49 latency_hiding_scheduler.cc:4420] [latency-hiding-scheduler] LatencyHidingScheduler current memory usage: 1610620992 bytes. Current limit: 95564271411
I0909 10:38:41.312010      49 tpu_plumb_vmem_info.cc:677] scavenging_mode: 3 for module: jit_op
I0909 10:38:41.342990      49 deepsea_compiler_hlo_passes.cc:6735] HLO_PASSES stage duration: 40.106093ms
I0909 10:38:41.344215     989 tpu_chip_config.cc:367] Resolved chip config alias default->megachip for 6acc60406, 
I0909 10:38:41.344353     989 tpu_chip_config.cc:367] Resolved chip config alias default->megachip for 6acc60406, 
I0909 10:38:41.344516     989 memory_space_assignment_util.cc:577] MSA Vmem breakdown: default scoped vmem (from flag): 33554432; does_msa_directly_allocate_scoped_vmem: T; bytes_for_msa_to_allocate: 67043328
I0909 10:38:41.411539     766 topology_coordinator.cc:173] MegaScale Topology Discovery completed.
I0909 10:38:41.439724    1298 deepsea_compiler_base.cc:4279] BACKEND_PASSES stage duration: 96.15180075ms
I0909 10:38:41.451856    1298 deepsea_compiler_backend.cc:1480] CODE_GENERATION stage duration: 12.03747325ms
I0909 10:38:41.452374    1298 isa_program_util_common.cc:373] (HLO module jit_op): Executable fingerprint:0f2b665f05c3c4afe211f3c371efcab563df28a2ebf1e3fea485408c5722f8dc
I0909 10:38:41.452379    1298 isa_program_util_common.cc:377] (HLO module jit_op): Executable fingerprint (including data segments):86848f6f1a06a74bef5f269280dc370998aab50634976e92618a9f9f14091724
I0909 10:38:41.452380    1298 isa_program_util_common.cc:380] (HLO module jit_op): Host transfer fingerprint:294ab033fa7a89f4c4b5c51d8744fa6f4206e6d1d2d85c49c24e64e2b1444859
I0909 10:38:41.452651      49 deepsea_compiler_base.cc:1055] END_TO_END stage duration: 152.1377545ms
I0909 10:38:41.452666      49 deepsea_compiler_base.cc:1056] Note that END_TO_END duration also includes time outside of HLO_PASSES, BACKEND_PASSES, and CODE_GENERATION
I0909 10:38:41.453600      49 megascale_context.cc:517] MegaScale DCNTopology fingerprint for: jit_op : 1688352644216761960 DevicesHash: 8081921339993277715 Topology: go/debugproto   
I0909 10:38:41.462075      49 host_command_scheduler_factory.cc:1312] Created a HostCommandScheduler with 36 rules for module jit_op HostTransfers Fingerprint: 12634255100403355191.
I0909 10:38:41.462730      49 megascale_context.cc:686] MegaScale ExecutableContext created for module: jit_op with DCN topology: go/debugproto    
I0909 10:38:41.480216    1444 generic-stream-socket.h:1667] Cannot process timestamp for type=1 seq=8438563 time=2026-09-09T10:38:41.479714562+00:00
W0909 10:38:41.492107     810 grpc_transport.cc:1186] Too many pending sends: 128
W0909 10:38:41.710342     785 tpu_pjrt_client.cc:2333] PjRt execution dispatch was blocked for 232.729656ms because PjRt's max in-flight computation semaphore is full (limit: 32), which may negatively affect the performance
W0909 10:38:51.523473    1625 grpc_transport.cc:1186] Too many pending sends: 128
W0909 10:39:01.543414    1538 grpc_transport.cc:1186] Too many pending sends: 128
W0909 10:39:11.585342     793 grpc_transport.cc:1186] Too many pending sends: 128
W0909 10:39:21.597084    1713 grpc_transport.cc:1186] Too many pending sends: 142
W0909 10:39:31.607384    2172 grpc_transport.cc:1186] Too many pending sends: 128
W0909 10:39:41.674168    1854 grpc_transport.cc:1186] Too many pending sends: 128
I0909 10:39:51.164962      49 megascale_context.cc:439] Destroying MegaScale PjrtExecutableContext: jit_op
MANUAL_AR_RESULT {"batch": 10, "benchmark": "manual_ar", "host_gbps_best": 265.64254271637884, "host_gbps_median": 263.06514778919546, "matrix_dim": 32768, "network_delta": {"cilium_host": {"rx_bytes": 0, "tx_bytes": 0}, "cilium_net": {"rx_bytes": 0, "tx_bytes": 0}, "docker0": {"rx_bytes": 0, "tx_bytes": 0}, "eth0": {"rx_bytes": 949881, "tx_bytes": 6251089}, "eth1": {"rx_bytes": 1119874881080, "tx_bytes": 1119873668558}, "eth2": {"rx_bytes": 1131998781266, "tx_bytes": 1121711131501}, "lo": {"rx_bytes": 9411903, "tx_bytes": 9411903}, "lxc4fe41b89d307": {"rx_bytes": 982, "tx_bytes": 20718}, "lxc97328b7cf461": {"rx_bytes": 24283, "tx_bytes": 163525}, "lxca79a06aa4d95": {"rx_bytes": 28558, "tx_bytes": 4905}, "lxcd09ed389fd55": {"rx_bytes": 42448, "tx_bytes": 6597}, "lxcd4eaddf52b40": {"rx_bytes": 2254126, "tx_bytes": 720122}}, "participants_per_slice": 8, "reps": 6, "shard_bytes_per_device": 1073741824.0, "time_ms_all": [260.3235846036114, 261.06355220545083, 258.69153349194676, 261.63738899631426, 261.3886031904258, 274.46225670864806], "time_ms_best": 258.69153349194676, "time_ms_median": 261.2260776979383, "variant": "psum", "warmups": 200}
W0909 10:39:51.195205    2346 tpu_spmd_partitioner.cc:460] Collective matmul V1 is enabled. Please consider migrating to V2 since V1 will be deprecated soon. You can enable V2 by setting xla_tpu_all_gather_collective_matmul_mode=post_spmd and xla_tpu_reduce_scatter_collective_matmul_mode=post_spmd.
I0909 10:39:51.202224      49 deepsea_compiler_hlo_passes.cc:6406] xla_tpu_impure_hlo_parallel_compile is DISABLED. jit_op
I0909 10:39:51.203867      49 latency_hiding_scheduler.cc:4420] [latency-hiding-scheduler] LatencyHidingScheduler current memory usage: 1073750080 bytes. Current limit: 95564404531
I0909 10:39:51.204170      49 tpu_plumb_vmem_info.cc:677] scavenging_mode: 3 for module: jit_op
I0909 10:39:51.224667      49 deepsea_compiler_hlo_passes.cc:6735] HLO_PASSES stage duration: 30.197785ms
I0909 10:39:51.225877     989 tpu_chip_config.cc:367] Resolved chip config alias default->megachip for 6acc60406, 
I0909 10:39:51.226092     989 tpu_chip_config.cc:367] Resolved chip config alias default->megachip for 6acc60406, 
I0909 10:39:51.226310     989 memory_space_assignment_util.cc:577] MSA Vmem breakdown: default scoped vmem (from flag): 33554432; does_msa_directly_allocate_scoped_vmem: T; bytes_for_msa_to_allocate: 67043328
I0909 10:39:51.335150    2351 deepsea_compiler_base.cc:4279] BACKEND_PASSES stage duration: 109.848216ms
I0909 10:39:51.343225    2351 deepsea_compiler_backend.cc:1480] CODE_GENERATION stage duration: 7.98084925ms
I0909 10:39:51.343657    2351 isa_program_util_common.cc:373] (HLO module jit_op): Executable fingerprint:33a5a6d6f7cea468562f68254b4eb2b89053eb34e2e10125a401ef1c264018f8
I0909 10:39:51.343660    2351 isa_program_util_common.cc:377] (HLO module jit_op): Executable fingerprint (including data segments):63de7ca22133830a9ecf7d1576f6e0dc97cbc6a522ec2bae425e60708fe1b2d0
I0909 10:39:51.343662    2351 isa_program_util_common.cc:380] (HLO module jit_op): Host transfer fingerprint:c37db3d47c19d90e6b870bb79741e56a58ee0112318c32550eac3926e65c0ec8
I0909 10:39:51.343990      49 deepsea_compiler_base.cc:1055] END_TO_END stage duration: 152.65549175ms
I0909 10:39:51.344008      49 deepsea_compiler_base.cc:1056] Note that END_TO_END duration also includes time outside of HLO_PASSES, BACKEND_PASSES, and CODE_GENERATION
I0909 10:39:51.344668      49 megascale_context.cc:517] MegaScale DCNTopology fingerprint for: jit_op : 1688352644216761960 DevicesHash: 8081921339993277715 Topology: go/debugproto   
I0909 10:39:51.347685      49 host_command_scheduler_factory.cc:1312] Created a HostCommandScheduler with 18 rules for module jit_op HostTransfers Fingerprint: 158907515329715665.
I0909 10:39:51.348098      49 megascale_context.cc:686] MegaScale ExecutableContext created for module: jit_op with DCN topology: go/debugproto    
W0909 10:39:51.552740     785 tpu_pjrt_client.cc:2333] PjRt execution dispatch was blocked for 189.146291ms because PjRt's max in-flight computation semaphore is full (limit: 32), which may negatively affect the performance
W0909 10:39:51.859072    1850 grpc_transport.cc:1186] Too many pending sends: 128
W0909 10:40:02.114539    2428 grpc_transport.cc:1186] Too many pending sends: 128
W0909 10:40:12.173911    1533 grpc_transport.cc:1186] Too many pending sends: 128
W0909 10:40:22.173992     809 grpc_transport.cc:1186] Too many pending sends: 132
W0909 10:40:32.445704    2449 grpc_transport.cc:1186] Too many pending sends: 128
W0909 10:40:42.445691    2460 grpc_transport.cc:1186] Too many pending sends: 673
W0909 10:40:52.532000    1726 grpc_transport.cc:1186] Too many pending sends: 128
I0909 10:40:57.684433      49 megascale_context.cc:439] Destroying MegaScale PjrtExecutableContext: jit_op
MANUAL_AR_RESULT {"batch": 10, "benchmark": "manual_ar", "host_gbps_best": 280.77917356582503, "host_gbps_median": 274.5616778455577, "matrix_dim": 32768, "network_delta": {"cilium_host": {"rx_bytes": 0, "tx_bytes": 0}, "cilium_net": {"rx_bytes": 0, "tx_bytes": 0}, "docker0": {"rx_bytes": 0, "tx_bytes": 0}, "eth0": {"rx_bytes": 509996, "tx_bytes": 5025273}, "eth1": {"rx_bytes": 1126010087456, "tx_bytes": 1116311531694}, "eth2": {"rx_bytes": 1125978089996, "tx_bytes": 1125092529814}, "lo": {"rx_bytes": 8983141, "tx_bytes": 8983141}, "lxc4fe41b89d307": {"rx_bytes": 600, "tx_bytes": 838}, "lxc97328b7cf461": {"rx_bytes": 17991, "tx_bytes": 58979}, "lxca79a06aa4d95": {"rx_bytes": 28286, "tx_bytes": 4820}, "lxcd09ed389fd55": {"rx_bytes": 35995, "tx_bytes": 6166}, "lxcd4eaddf52b40": {"rx_bytes": 2253387, "tx_bytes": 676855}}, "participants_per_slice": 8, "reps": 6, "shard_bytes_per_device": 1073741824.0, "time_ms_all": [253.7073765997775, 248.5502866911702, 252.02559320023283, 253.6977684008889, 244.74563359981403, 246.78382209967822], "time_ms_best": 244.74563359981403, "time_ms_median": 250.2879399457015, "variant": "exchange_add", "warmups": 200}
MANUAL_AR_SUMMARY {"exchange_add@32768": 280.8, "psum@32768": 265.6}
I0909 10:40:57.692620      49 megascale_context.cc:439] Destroying MegaScale PjrtExecutableContext: jit__identity_fn
W0909 10:40:57.695334     986 pjrt_client.h:601] UpdateGlobalProcessInfo is not supported.
I0909 10:40:57.723713      49 allocator_stats_reporter.cc:147] Stopping AllocatorStatsReporter. Reporting one last time first.
I0909 10:40:57.724332     772 tpu_diagnostic_coordinator.cc:565] TpuStallWorker thread exiting.
I0909 10:40:57.752572      49 tpunetd_client.cc:431] Session master stopping the session...
I0909 10:40:57.753069    1225 session_worker_service.cc:115] Session master notifies the worker to disconnect from session e5e44b5559f72f8d
I0909 10:40:57.753163      49 tpunetd_client.cc:433] Session master stopped the session.
I0909 10:40:57.753177      49 tpunetd_client.cc:438] Session manager stopping the session...
I0909 10:40:57.857490      49 tpunetd_client.cc:440] Session manager stopped the session.
I0909 10:41:02.869447    1657 async_driver.cc:1178] [/dev/vfio/5 tpu665:pe0:0] vf_id:0 Driver closed.
I0909 10:41:02.986290    1255 async_driver.cc:1178] [/dev/vfio/7 tpu665:pe0:3] vf_id:0 Driver closed.
I0909 10:41:02.998159    2480 async_driver.cc:1178] [/dev/vfio/3 tpu665:pe0:2] vf_id:0 Driver closed.
I0909 10:41:03.159991    2699 async_driver.cc:1178] [/dev/vfio/6 tpu665:pe0:1] vf_id:0 Driver closed.
I0909 10:41:03.161880    2699 megascale_context.cc:439] Destroying MegaScale PjrtExecutableContext: jit__identity_fn
I0909 10:41:03.161965    2699 megascale_context.cc:1131] Destroying MegaScale PjrtClientContext.
MC_CONFIG_END name=base pass=1
MC_CONFIG_BEGIN name=mrss16 pass=1 port=1302 flags=--xla_tpu_use_megascale_host_reduction=false --megascale_max_reduction_shard_size=16777216
ERROR: Accessing retired flag 'eventmanager2_as_default_eventmanager'
I0909 10:41:12.476261    2739 b295d63588a.cc:792] Linux version 6.12.94+ (builder@b181c7a13d4c) (Chromium OS 17.0_pre498229-r33 clang version 17.0.0 (/mnt/host/source/src/third_party/llvm-project 14f0776550b5a49e1c42f49a00213f7f3fa047bf), LLD 17.0.0) #1 SMP Mon Jul 27 22:05:55 UTC 2026
I0909 10:41:12.476568    2739 b295d63588a.cc:876] Process id 2739
I0909 10:41:12.476581    2739 b295d63588a.cc:882] Current working directory /jax-ai-image
I0909 10:41:12.476586    2739 b295d63588a.cc:885] Current timezone is UTC (currently UTC +00:00)
I0909 10:41:12.476589    2739 b295d63588a.cc:890] Built on Dec 31 1969 16:00:00 (0)
I0909 10:41:12.476590    2739 b295d63588a.cc:891]  at redacted@redacted:.
I0909 10:41:12.476591    2739 b295d63588a.cc:892]  as //learning/45eac/tfrc/executor:_libtpu.so.native
I0909 10:41:12.476593    2739 b295d63588a.cc:893]  for gcc-4.X.Y-crosstool-v18-llvm-grtev4-k8.k8
I0909 10:41:12.476595    2739 b295d63588a.cc:902] Build tool: redacted
I0909 10:41:12.476596    2739 b295d63588a.cc:903] Build target: 
I0909 10:41:12.476601    2739 b295d63588a.cc:911] Command line arguments:
I0909 10:41:12.476602    2739 b295d63588a.cc:913] argv[0]: './tpu_driver'
I0909 10:41:12.476606    2739 b295d63588a.cc:913] argv[1]: '--minloglevel=0'
I0909 10:41:12.476607    2739 b295d63588a.cc:913] argv[2]: '--stderrthreshold=0'
I0909 10:41:12.476609    2739 b295d63588a.cc:913] argv[3]: '--v=0'
I0909 10:41:12.476610    2739 b295d63588a.cc:913] argv[4]: '--vmodule='
I0909 10:41:12.476612    2739 b295d63588a.cc:913] argv[5]: '--log_dir=/tmp/tpu_logs/benchmark'
I0909 10:41:12.476614    2739 b295d63588a.cc:913] argv[6]: '--max_log_size=1024'
I0909 10:41:12.476615    2739 b295d63588a.cc:913] argv[7]: '--deepsea_hal_included_devs=1,2,3,0'
I0909 10:41:12.476617    2739 b295d63588a.cc:913] argv[8]: '--megascale_transport_numa_node=0,1'
I0909 10:41:12.476618    2739 b295d63588a.cc:913] argv[9]: '--next_pluggable_device_use_c_api=0'
I0909 10:41:12.476620    2739 b295d63588a.cc:913] argv[10]: '--deepsea_wrap=false,false,false'
I0909 10:41:12.476621    2739 b295d63588a.cc:913] argv[11]: '--deepsea_twist=false'
I0909 10:41:12.476623    2739 b295d63588a.cc:913] argv[12]: '--deepsea_chip_config_name=default'
I0909 10:41:12.476624    2739 b295d63588a.cc:913] argv[13]: '--deepsea_chips_per_host_bounds=2,2,1'
I0909 10:41:12.476626    2739 b295d63588a.cc:913] argv[14]: '--deepsea_host_bounds=1,1,1'
I0909 10:41:12.476627    2739 b295d63588a.cc:913] argv[15]: '--deepsea_slice_builder_worker_port=8471'
I0909 10:41:12.476629    2739 b295d63588a.cc:913] argv[16]: '--deepsea_slice_builder_worker_addresses=dcn-mc-slice-0-0.dcn-mc:8471'
I0909 10:41:12.476630    2739 b295d63588a.cc:913] argv[17]: '--tpu_slice_builder_dump_chip=false'
I0909 10:41:12.476632    2739 b295d63588a.cc:913] argv[18]: '--tpu_slice_builder_dump_chip_force=false'
I0909 10:41:12.476633    2739 b295d63588a.cc:913] argv[19]: '--tpu_slice_builder_dump_to_localhost=1'
I0909 10:41:12.476635    2739 b295d63588a.cc:913] argv[20]: '--vbar_control_service_url=unix:///var/run/tpu-plugin/vbar.sock'
I0909 10:41:12.476637    2739 b295d63588a.cc:913] argv[21]: '--bypass_vbar_control_service=0'
I0909 10:41:12.476638    2739 b295d63588a.cc:913] argv[22]: '--deepsea_ici_resilient=false'
I0909 10:41:12.476639    2739 b295d63588a.cc:913] argv[23]: '--xla_tpu_use_resilient_collective_emitter=false'
I0909 10:41:12.476641    2739 b295d63588a.cc:913] argv[24]: '--tpu_slice_builder_topology_discovery_fault_injection='
I0909 10:41:12.476643    2739 b295d63588a.cc:913] argv[25]: '--runtime_metric_service_port=8431'
I0909 10:41:12.476644    2739 b295d63588a.cc:913] argv[26]: '--tpu_hbm_report_enable=1'
I0909 10:41:12.476646    2739 b295d63588a.cc:913] argv[27]: '--tpu_hbm_report_frequency=5s'
I0909 10:41:12.476647    2739 b295d63588a.cc:913] argv[28]: '--megascale_coordinator_address=dcn-mc-slice-0-0.dcn-mc:8081'
I0909 10:41:12.476649    2739 b295d63588a.cc:913] argv[29]: '--megascale_slice_id=0'
I0909 10:41:12.476650    2739 b295d63588a.cc:913] argv[30]: '--megascale_num_slices=2'
I0909 10:41:12.476652    2739 b295d63588a.cc:913] argv[31]: '--megascale_transport_type=grpc'
I0909 10:41:12.476653    2739 b295d63588a.cc:913] argv[32]: '--megascale_port=8081'
I0909 10:41:12.476655    2739 b295d63588a.cc:913] argv[33]: '--megascale_use_insecure_grpc'
I0909 10:41:12.476656    2739 b295d63588a.cc:913] argv[34]: '--megascale_grpc_use_chaotic_good=true'
I0909 10:41:12.476662    2739 b295d63588a.cc:913] argv[35]: '--megascale_grpc_use_event_engine_allocator=true'
I0909 10:41:12.476664    2739 b295d63588a.cc:913] argv[36]: '--grpc_enable_tcp_recv_zerocopy=false'
I0909 10:41:12.476666    2739 b295d63588a.cc:913] argv[37]: '--grpc_enable_rpc_receive_coalescing=true'
I0909 10:41:12.476667    2739 b295d63588a.cc:913] argv[38]: '--megascale_grpc_enable_numa_aware_transmit=true'
I0909 10:41:12.476668    2739 b295d63588a.cc:913] argv[39]: '--megascale_grpc_use_numa_aware_event_engine=true'
I0909 10:41:12.476670    2739 b295d63588a.cc:913] argv[40]: '--megascale_debug_port=8081'
I0909 10:41:12.476671    2739 b295d63588a.cc:913] argv[41]: '--eventmanager2_as_default_eventmanager'
I0909 10:41:12.476673    2739 b295d63588a.cc:913] argv[42]: '--eventmanager2_default_autosizer=mean_latency'
I0909 10:41:12.476674    2739 b295d63588a.cc:913] argv[43]: '--megascale_grpc_enable_xor_tracer=true'
I0909 10:41:12.476676    2739 b295d63588a.cc:913] argv[44]: '--xor_trace_sampling_period=100'
I0909 10:41:12.476677    2739 b295d63588a.cc:913] argv[45]: '--rpc_transport_metrics_period=20'
I0909 10:41:12.476679    2739 b295d63588a.cc:913] argv[46]: '--grpc_experiments=event_engine_client,chaotic_good_framing_layer,tcp_rcv_lowat,instrument_tcp_telemetry,event_engine_listener,use_call_event_engine_in_completion_queue'
I0909 10:41:12.476681    2739 b295d63588a.cc:913] argv[47]: '--enable_runtime_uptime_telemetry=true'
I0909 10:41:12.476682    2739 b295d63588a.cc:913] argv[48]: '--xla_tpu_use_megascale_host_reduction=false'
I0909 10:41:12.476684    2739 b295d63588a.cc:913] argv[49]: '--megascale_max_reduction_shard_size=16777216'
I0909 10:41:12.476685    2739 b295d63588a.cc:913] argv[50]: '--xla_tpu_use_enhanced_launch_barrier=true'
I0909 10:41:12.476686    2739 b295d63588a.cc:913] argv[51]: '--xla_tpu_prefer_async_allgather_to_allreduce=true'
I0909 10:41:12.476688    2739 b295d63588a.cc:913] argv[52]: '--xla_tpu_data_parallel_opt_different_sized_ops=true'
I0909 10:41:12.476690    2739 b295d63588a.cc:913] argv[53]: '--xla_tpu_enable_data_parallel_all_reduce_opt=true'
I0909 10:41:12.476691    2739 b295d63588a.cc:913] argv[54]: '--megascale_coordinator_address=dcn-mc-slice-0-0.dcn-mc:8081'
I0909 10:41:12.476692    2739 b295d63588a.cc:913] argv[55]: '--megascale_slice_id=0'
I0909 10:41:12.476693    2739 b295d63588a.cc:913] argv[56]: '--megascale_num_slices=2'
I0909 10:41:12.476695    2739 b295d63588a.cc:913] argv[57]: '--megascale_transport_type=grpc'
I0909 10:41:12.476696    2739 b295d63588a.cc:913] argv[58]: '--megascale_port=8081'
I0909 10:41:12.476697    2739 b295d63588a.cc:913] argv[59]: '--megascale_use_insecure_grpc'
I0909 10:41:12.476698    2739 b295d63588a.cc:913] argv[60]: '--megascale_grpc_interface_prefixes=eth1,eth2,lo'
I0909 10:41:12.476864    2739 init.cc:78] Remote crash gathering hook installed.
I0909 10:41:12.514157    2739 tpu_runtime_type_flags.cc:78] --tpu_use_tfrt not specified. Using default value: true
I0909 10:41:12.514248    2739 host_command_handler_factory.cc:31] Skipping registration of host command handler for opcode Log because it is not in the allowlist.
I0909 10:41:12.514267    2739 tpu_hal.cc:467] Registered plugin from module: megascale_sync_flag_logger
I0909 10:41:12.516552    2739 tpu_hal.cc:467] Registered plugin from module: RuntimeMetricHelper
E0909 10:41:12.516574    2739 autosizer.cc:43] mean_latency is deprecated. Please remove this setting.
I0909 10:41:12.519125    2739 logger.cc:308] Enabling threaded logging for severity WARNING
I0909 10:41:12.519152    2739 tpu_hal.cc:467] Registered plugin from module: sdc_checker_callback
I0909 10:41:12.519710    2739 mlock.cc:220] mlock()-ed 4096 bytes for BuildID, using 1 syscalls.
I0909 10:41:12.519755    2739 debug_manager.cc:266] Registering error handler with name: libtpu_telemetry_handler
I0909 10:41:12.533706    2739 singleton_tpu_states_manager.cc:86] TPU premapped buffer enabled. Size: 4294967296 Threshold: 4294967296 Partitions: 1
I0909 10:41:12.533721    2739 singleton_tpu_states_manager.cc:110] TpuStatesManager::GetOrCreate(): no tpu system exists. Creating a new tpu system.
I0909 10:41:12.540548    2739 device_util.cc:89] Found 4 TPU7x chips.
I0909 10:41:12.540563    2739 tpu_version_flag.cc:77] Using auto-detected TPU version TPU7x
I0909 10:41:12.556468    2739 tpu_chip_config.cc:367] Resolved chip config alias default->megachip for 6acc60406, 
I0909 10:41:12.556721    2739 pending_event_logger.cc:1003] Enabling PjRt/TPU event dependency logging.
I0909 10:41:12.562113    3114 flags_util.cc:316] Using 8471 from --deepsea_slice_builder_worker_port as SliceBuilder worker service port.
I0909 10:41:12.566321    3114 tpu_network_factory.cc:67] Running in Cloud, using TpunetdClient
I0909 10:41:12.566340    3114 tpunetd_client.cc:163] Creating TpunetdClient with topology go/debugstr  
x_dimension: 2
y_dimension: 2
z_dimension: 1
x_wrapping: false
y_wrapping: false
z_wrapping: false
I0909 10:41:12.573348    3114 init-domain.cc:132] Fiber init: default domain = futex, concurrency = 246, prefix = futex-default
I0909 10:41:14.354638    3117 async_driver.cc:485] [/dev/vfio/5 tpu665:pe0:0] vf_id:0 Driver opened.
I0909 10:41:14.426045    3120 async_driver.cc:485] [/dev/vfio/7 tpu665:pe0:3] vf_id:0 Driver opened.
I0909 10:41:14.434870    3116 futex.cc:71] RAW: Futex::Swap(): using GFUTEX_SWAP
I0909 10:41:14.435102    3119 async_driver.cc:485] [/dev/vfio/3 tpu665:pe0:2] vf_id:0 Driver opened.
I0909 10:41:14.442963    3117 tpu_vxc_driver.cc:967] Throttled firmware queue size configured to 223(Firmware queue size: 256, leaving 32 for misc purposes).
I0909 10:41:14.509263    3120 tpu_vxc_driver.cc:967] Throttled firmware queue size configured to 223(Firmware queue size: 256, leaving 32 for misc purposes).
I0909 10:41:14.519287    3119 tpu_vxc_driver.cc:967] Throttled firmware queue size configured to 223(Firmware queue size: 256, leaving 32 for misc purposes).
I0909 10:41:14.530613    3118 async_driver.cc:485] [/dev/vfio/6 tpu665:pe0:1] vf_id:0 Driver opened.
I0909 10:41:14.533069    3117 async_driver.cc:1843] All cores supported.
I0909 10:41:14.563139    3119 async_driver.cc:1843] All cores supported.
I0909 10:41:14.563682    3120 async_driver.cc:1843] All cores supported.
I0909 10:41:14.577473    3118 tpu_vxc_driver.cc:967] Throttled firmware queue size configured to 223(Firmware queue size: 256, leaving 32 for misc purposes).
I0909 10:41:14.586904    3118 async_driver.cc:1843] All cores supported.
I0909 10:41:14.586947    3114 tpunetd_client.cc:338] Connecting to vbar control service at unix:///var/run/tpu-plugin/vbar.sock
I0909 10:41:14.587002    3114 config.cc:265] gRPC experiments: instrument_tcp_telemetry:on, tcp_rcv_lowat:on, use_call_event_engine_in_completion_queue:on; default-enabled: buffer_list_deletion_prep, cache_loas_context_in_connection_context, call_tracer_send_initial_metadata_is_an_annotation, callv3_batch_validation, callv3_ef5bb7_client, callv3_ef5bb7_server, chaotic_good_framing_layer, chaotic_good_send_supported_features, custom_frame_check, directpath_rpc_header_sanitization_filter, ef5bb7_global_family_cache, event_engine_callback_cq, event_engine_client, event_engine_listener, header_data_frame, inproc_cancel_stream, message_size_refactoring, monitoring_experiment, optimization_01, optimization_02, optimization_03, optimization_04, ph2_perf_01, promise_batch_cleanup_on_cancel, promise_filter_send_cancel_metadata, psp_tsi_handshaker_shutdown, skip_clear_peer_on_cancellation, tsi_frame_protector_without_locks, v2_non_owning_waker_implementation, verbose_channelz_connection_logging, wildcard_ip_expansion_restriction, xds_server_filter_chain_per_route
I0909 10:41:14.600589    3114 tpunetd_client.cc:289] Session manager starting a new session...
I0909 10:41:14.713159    3114 vbar_control.cc:201] TPU backend connection test passed! 
I0909 10:41:14.919926    3114 tpunetd_client.cc:291] Session manager started the new session.
I0909 10:41:14.919940    3114 tpunetd_client.cc:295] Session master starting a new session...
I0909 10:41:14.919941    3114 session_master.cc:263] Starting a new ICI network session...
I0909 10:41:14.920296    3116 session_worker_service.cc:110] Session master notifies the worker in a new session: e589f2fe840b6aa5
I0909 10:41:15.024647    3114 session_master.cc:307] Successfully started ICI network session with session id: e589f2fe840b6aa5
I0909 10:41:15.024693    3114 tpunetd_client.cc:297] Session master started the new session.
I0909 10:41:15.029788    3114 tpu_hal.cc:209] Starting premapped memory manager initialization...
W0909 10:41:15.032892    3117 libtpu_telemetry_utils.cc:44] Metric already exists: hlo.execution.timing.distribution.microseconds
W0909 10:41:15.032904    3117 libtpu_telemetry_utils.cc:44] Metric already exists: hlo.queue.size.gauge
W0909 10:41:15.032912    3119 libtpu_telemetry_utils.cc:44] Metric already exists: hlo.execution.timing.distribution.microseconds
W0909 10:41:15.032926    3119 libtpu_telemetry_utils.cc:44] Metric already exists: hlo.queue.size.gauge
W0909 10:41:15.032980    3118 libtpu_telemetry_utils.cc:44] Metric already exists: hlo.execution.timing.distribution.microseconds
W0909 10:41:15.032999    3118 libtpu_telemetry_utils.cc:44] Metric already exists: hlo.queue.size.gauge
W0909 10:41:15.034276    3117 libtpu_telemetry_utils.cc:44] Metric already exists: hlo.execution.timing.distribution.microseconds
W0909 10:41:15.034278    3120 libtpu_telemetry_utils.cc:44] Metric already exists: hlo.execution.timing.distribution.microseconds
W0909 10:41:15.034292    3117 libtpu_telemetry_utils.cc:44] Metric already exists: hlo.queue.size.gauge
W0909 10:41:15.034294    3120 libtpu_telemetry_utils.cc:44] Metric already exists: hlo.queue.size.gauge
W0909 10:41:15.034338    3119 libtpu_telemetry_utils.cc:44] Metric already exists: hlo.execution.timing.distribution.microseconds
W0909 10:41:15.034349    3119 libtpu_telemetry_utils.cc:44] Metric already exists: hlo.queue.size.gauge
W0909 10:41:15.034388    3118 libtpu_telemetry_utils.cc:44] Metric already exists: hlo.execution.timing.distribution.microseconds
W0909 10:41:15.034403    3118 libtpu_telemetry_utils.cc:44] Metric already exists: hlo.queue.size.gauge
I0909 10:41:17.280289    3114 runtime_metric_service.cc:197] Successfully started Runtime Metric Service on port: 8431
I0909 10:41:17.280451    3114 system.cc:1112] tpu::System initialized, current host id: 0, logical device ids: 0,1,2,3,4,5,6,7
I0909 10:41:17.280484    2739 tpu_system_state.cc:224] CreateTpuSystemState: TPU initialization is successful and it took 4.723752965s
I0909 10:41:17.280500    2739 tpu_system_state.cc:228] CreateTpuSystemState: using TPU host premapped buffer of size: 4294967296
I0909 10:41:17.280514    2739 tpu_host_allocator.cc:68] Premapped buffer is using alignment 64
I0909 10:41:17.281050    2739 tpu_linearizer.cc:104] Inflight linearization byte limit configured to : 1099511627776
I0909 10:41:17.281056    2739 tpu_linearizer.cc:118] Inflight delinearization byte limit configured to : 1099511627776
I0909 10:41:17.281389    3461 tpu_diagnostic_coordinator.cc:610] TpuDiagnosticCoordinator listening on socket /tmp/tpu_diag_trigger_2739.socket (symlinked at /tmp/tpu_diag_latest.socket)
I0909 10:41:17.281408    2739 allocator_stats_reporter.cc:117] Starting AllocatorStats Reporter with reporting interval: 5s
I0909 10:41:17.281434    2739 megascale_context.cc:969] Using shared executor for compute since we are running on 6acc60406.
W0909 10:41:17.281441    2739 impairments_service.cc:60] Resetting impairments.
I0909 10:41:17.281459    2739 numa_utils.cc:43] Available NUMA node in this process: 1,0
E0909 10:41:17.281515    2739 autosizer.cc:43] mean_latency is deprecated. Please remove this setting.
E0909 10:41:17.284060    2739 autosizer.cc:43] mean_latency is deprecated. Please remove this setting.
I0909 10:41:17.286814    2739 flags.cc:231] The actual send_rpc_timeout is set to: 45s. Adjusted from the original send_rpc_timeout: 45s, graph_hang_threshold: 5m, graph_within_launch_hang_threshold: 1m
I0909 10:41:17.286829    2739 numa_aware_allocator.cc:60] Creating numa aware allocators, number of NUMA nodes is 2
I0909 10:41:17.286835    2739 numa_aware_allocator.cc:63] Creating numa aware allocator for NUMA nodes 0
I0909 10:41:17.286857    2739 communication_backend.cc:300] Done allocating premapped memory of size 17179869184 bytes in 21.948us
I0909 10:41:17.286863    2739 numa_aware_allocator.cc:76] Binding memory address 0x7bd52ffff000 with NUMA node mask 1
I0909 10:41:29.719778    2739 communication_backend.cc:310] Done premapping memory of size 17179869184 bytes in 12.432410533s
I0909 10:41:29.719823    2739 numa_aware_allocator.cc:63] Creating numa aware allocator for NUMA nodes 1
I0909 10:41:29.719856    2739 communication_backend.cc:300] Done allocating premapped memory of size 17179869184 bytes in 27.701us
I0909 10:41:29.719884    2739 numa_aware_allocator.cc:76] Binding memory address 0x7bd12fffd000 with NUMA node mask 2
I0909 10:41:42.639853    2739 communication_backend.cc:310] Done premapping memory of size 17179869184 bytes in 12.91915478s
I0909 10:41:42.639897    2739 communication_backend.cc:375] Preallocated 17179869184 bytes with Megascale allocator.
I0909 10:41:42.639921    2739 eigen_compute_engine.cc:333] Creating EigenComputeEngine with options: {executor = 0x55db610d02d0, force_use_shared_executor = true, num_cores_per_device = 16}
I0909 10:41:42.639945    2837 communication_backend.cc:1179] Initializing MegaScale transport.
E0909 10:41:42.639993    2837 autosizer.cc:43] mean_latency is deprecated. Please remove this setting.
E0909 10:41:42.640071    2739 autosizer.cc:43] mean_latency is deprecated. Please remove this setting.
E0909 10:41:42.643271    2837 autosizer.cc:43] mean_latency is deprecated. Please remove this setting.
E0909 10:41:42.643335    2739 autosizer.cc:43] mean_latency is deprecated. Please remove this setting.
E0909 10:41:42.645669    2837 autosizer.cc:43] mean_latency is deprecated. Please remove this setting.
I0909 10:41:42.661864    2837 grpc_transport.cc:2407] Create GrpcTransport with LIBTPU_ON_GCE.
I0909 10:41:42.661912    2837 transport.cc:862] Using IP addresses for interface discovery.
I0909 10:41:42.661914    2837 transport.cc:757] Could not read interface to NUMA node map from env variables, falling back to reading from file system.
E0909 10:41:42.661987    2739 autosizer.cc:43] mean_latency is deprecated. Please remove this setting.
I0909 10:41:42.662046    2837 transport.cc:723] Could not read filename /sys/class/net/cilium_host/device/numa_node with status Stat failed for /sys/class/net/cilium_host/device/numa_node: No such file or directory
I0909 10:41:42.662057    2837 transport.cc:723] Could not read filename /sys/class/net/cilium_net/device/numa_node with status Stat failed for /sys/class/net/cilium_net/device/numa_node: No such file or directory
I0909 10:41:42.662063    2837 transport.cc:723] Could not read filename /sys/class/net/docker0/device/numa_node with status Stat failed for /sys/class/net/docker0/device/numa_node: No such file or directory
I0909 10:41:42.662467    2837 transport.cc:723] Could not read filename /sys/class/net/lo/device/numa_node with status Stat failed for /sys/class/net/lo/device/numa_node: No such file or directory
I0909 10:41:42.662476    2837 transport.cc:723] Could not read filename /sys/class/net/lxc4fe41b89d307/device/numa_node with status Stat failed for /sys/class/net/lxc4fe41b89d307/device/numa_node: No such file or directory
I0909 10:41:42.662481    2837 transport.cc:723] Could not read filename /sys/class/net/lxc97328b7cf461/device/numa_node with status Stat failed for /sys/class/net/lxc97328b7cf461/device/numa_node: No such file or directory
I0909 10:41:42.662487    2837 transport.cc:723] Could not read filename /sys/class/net/lxca79a06aa4d95/device/numa_node with status Stat failed for /sys/class/net/lxca79a06aa4d95/device/numa_node: No such file or directory
I0909 10:41:42.662492    2837 transport.cc:723] Could not read filename /sys/class/net/lxcd09ed389fd55/device/numa_node with status Stat failed for /sys/class/net/lxcd09ed389fd55/device/numa_node: No such file or directory
I0909 10:41:42.662497    2837 transport.cc:723] Could not read filename /sys/class/net/lxcd4eaddf52b40/device/numa_node with status Stat failed for /sys/class/net/lxcd4eaddf52b40/device/numa_node: No such file or directory
I0909 10:41:42.662498    2837 transport.cc:734] Interfaces on available NUMA nodes: [{"eth2", 1}, {"eth0", 0}, {"eth1", 0}]
I0909 10:41:42.662517    2837 transport.cc:761] Interfaces corresponding to process' NUMA nodes: [[{"eth2", 1}, {"eth0", 0}, {"eth1", 0}]]
I0909 10:41:42.663159    2837 transport.cc:773] Interface eth0 will not be used as it does not start with one of the prefixes: eth1,eth2,lo
I0909 10:41:42.663168    2837 transport.cc:773] Interface docker0 will not be used as it does not start with one of the prefixes: eth1,eth2,lo
I0909 10:41:42.663169    2837 transport.cc:773] Interface lxc97328b7cf461 will not be used as it does not start with one of the prefixes: eth1,eth2,lo
I0909 10:41:42.663171    2837 transport.cc:773] Interface lxc4fe41b89d307 will not be used as it does not start with one of the prefixes: eth1,eth2,lo
I0909 10:41:42.663172    2837 transport.cc:773] Interface cilium_net will not be used as it does not start with one of the prefixes: eth1,eth2,lo
I0909 10:41:42.663173    2837 transport.cc:773] Interface cilium_host will not be used as it does not start with one of the prefixes: eth1,eth2,lo
I0909 10:41:42.663174    2837 transport.cc:773] Interface lxca79a06aa4d95 will not be used as it does not start with one of the prefixes: eth1,eth2,lo
I0909 10:41:42.663176    2837 transport.cc:773] Interface lxcd4eaddf52b40 will not be used as it does not start with one of the prefixes: eth1,eth2,lo
I0909 10:41:42.663177    2837 transport.cc:773] Interface lxcd09ed389fd55 will not be used as it does not start with one of the prefixes: eth1,eth2,lo
I0909 10:41:42.663180    2837 transport.cc:773] Interface eth0 will not be used as it does not start with one of the prefixes: eth1,eth2,lo
I0909 10:41:42.663227    2837 transport.cc:819] Added IP address 10.240.96.14:8081 on network interface eth1
I0909 10:41:42.663233    2837 transport.cc:819] Added IP address 10.240.48.15:8081 on network interface eth2
I0909 10:41:42.663234    2837 transport.cc:773] Interface docker0 will not be used as it does not start with one of the prefixes: eth1,eth2,lo
I0909 10:41:42.663235    2837 transport.cc:773] Interface lxc97328b7cf461 will not be used as it does not start with one of the prefixes: eth1,eth2,lo
I0909 10:41:42.663236    2837 transport.cc:773] Interface lxc4fe41b89d307 will not be used as it does not start with one of the prefixes: eth1,eth2,lo
I0909 10:41:42.663237    2837 transport.cc:773] Interface cilium_host will not be used as it does not start with one of the prefixes: eth1,eth2,lo
I0909 10:41:42.663239    2837 transport.cc:773] Interface lxca79a06aa4d95 will not be used as it does not start with one of the prefixes: eth1,eth2,lo
I0909 10:41:42.663240    2837 transport.cc:773] Interface lxcd4eaddf52b40 will not be used as it does not start with one of the prefixes: eth1,eth2,lo
I0909 10:41:42.663241    2837 transport.cc:773] Interface lxcd09ed389fd55 will not be used as it does not start with one of the prefixes: eth1,eth2,lo
I0909 10:41:42.663242    2837 transport.cc:773] Interface eth0 will not be used as it does not start with one of the prefixes: eth1,eth2,lo
I0909 10:41:42.663244    2837 transport.cc:773] Interface lxc97328b7cf461 will not be used as it does not start with one of the prefixes: eth1,eth2,lo
I0909 10:41:42.663246    2837 transport.cc:773] Interface lxc4fe41b89d307 will not be used as it does not start with one of the prefixes: eth1,eth2,lo
I0909 10:41:42.663247    2837 transport.cc:773] Interface cilium_net will not be used as it does not start with one of the prefixes: eth1,eth2,lo
I0909 10:41:42.663248    2837 transport.cc:773] Interface cilium_host will not be used as it does not start with one of the prefixes: eth1,eth2,lo
I0909 10:41:42.663250    2837 transport.cc:773] Interface lxca79a06aa4d95 will not be used as it does not start with one of the prefixes: eth1,eth2,lo
I0909 10:41:42.663251    2837 transport.cc:773] Interface lxcd4eaddf52b40 will not be used as it does not start with one of the prefixes: eth1,eth2,lo
I0909 10:41:42.663252    2837 transport.cc:773] Interface lxcd09ed389fd55 will not be used as it does not start with one of the prefixes: eth1,eth2,lo
I0909 10:41:42.663261    2837 grpc_transport.cc:2332] Creating gRPC server on: 10.240.96.14:8081eth1
I0909 10:41:42.663275    2837 grpc_transport.cc:2348] Creating gRPC server with event engine allocator (chaotic good).
I0909 10:41:42.663284    2837 grpc_transport.cc:2365] Starting gRPC server on: 10.240.96.14:8081
I0909 10:41:42.663945    2837 grpc_transport.cc:2332] Creating gRPC server on: 10.240.48.15:8081eth2
I0909 10:41:42.663968    2837 grpc_transport.cc:2348] Creating gRPC server with event engine allocator (chaotic good).
I0909 10:41:42.663972    2837 grpc_transport.cc:2365] Starting gRPC server on: 10.240.48.15:8081
I0909 10:41:42.664275    2837 communication_backend.cc:1290] MegaScale transport initialized.
I0909 10:41:42.664286    2837 communication_backend.cc:1489] MegaScale transport init succeeded.
E0909 10:41:42.664427    2739 autosizer.cc:43] mean_latency is deprecated. Please remove this setting.
E0909 10:41:42.666717    2739 autosizer.cc:43] mean_latency is deprecated. Please remove this setting.
E0909 10:41:42.669693    2739 autosizer.cc:43] mean_latency is deprecated. Please remove this setting.
I0909 10:41:42.671999    2739 debug_service_impl.cc:185] Starting Megascale Debug Server
I0909 10:41:42.672420    2739 topology_coordinator.cc:57] Megascale Topology Coordinator started for 2 slices
I0909 10:41:42.672445    2739 transport.cc:862] Using IP addresses for interface discovery.
I0909 10:41:42.672447    2739 transport.cc:757] Could not read interface to NUMA node map from env variables, falling back to reading from file system.
I0909 10:41:42.672450    2739 transport.cc:761] Interfaces corresponding to process' NUMA nodes: [[{"eth2", 1}, {"eth0", 0}, {"eth1", 0}]]
I0909 10:41:42.672851    2739 transport.cc:773] Interface eth0 will not be used as it does not start with one of the prefixes: eth1,eth2,lo
I0909 10:41:42.672858    2739 transport.cc:773] Interface docker0 will not be used as it does not start with one of the prefixes: eth1,eth2,lo
I0909 10:41:42.672860    2739 transport.cc:773] Interface lxc97328b7cf461 will not be used as it does not start with one of the prefixes: eth1,eth2,lo
I0909 10:41:42.672861    2739 transport.cc:773] Interface lxc4fe41b89d307 will not be used as it does not start with one of the prefixes: eth1,eth2,lo
I0909 10:41:42.672862    2739 transport.cc:773] Interface cilium_net will not be used as it does not start with one of the prefixes: eth1,eth2,lo
I0909 10:41:42.672864    2739 transport.cc:773] Interface cilium_host will not be used as it does not start with one of the prefixes: eth1,eth2,lo
I0909 10:41:42.672865    2739 transport.cc:773] Interface lxca79a06aa4d95 will not be used as it does not start with one of the prefixes: eth1,eth2,lo
I0909 10:41:42.672866    2739 transport.cc:773] Interface lxcd4eaddf52b40 will not be used as it does not start with one of the prefixes: eth1,eth2,lo
I0909 10:41:42.672868    2739 transport.cc:773] Interface lxcd09ed389fd55 will not be used as it does not start with one of the prefixes: eth1,eth2,lo
I0909 10:41:42.672870    2739 transport.cc:773] Interface eth0 will not be used as it does not start with one of the prefixes: eth1,eth2,lo
I0909 10:41:42.672875    2739 transport.cc:819] Added IP address 10.240.96.14:8081 on network interface eth1
I0909 10:41:42.672880    2739 transport.cc:819] Added IP address 10.240.48.15:8081 on network interface eth2
I0909 10:41:42.672881    2739 transport.cc:773] Interface docker0 will not be used as it does not start with one of the prefixes: eth1,eth2,lo
I0909 10:41:42.672882    2739 transport.cc:773] Interface lxc97328b7cf461 will not be used as it does not start with one of the prefixes: eth1,eth2,lo
I0909 10:41:42.672884    2739 transport.cc:773] Interface lxc4fe41b89d307 will not be used as it does not start with one of the prefixes: eth1,eth2,lo
I0909 10:41:42.672886    2739 transport.cc:773] Interface cilium_host will not be used as it does not start with one of the prefixes: eth1,eth2,lo
I0909 10:41:42.672887    2739 transport.cc:773] Interface lxca79a06aa4d95 will not be used as it does not start with one of the prefixes: eth1,eth2,lo
I0909 10:41:42.672889    2739 transport.cc:773] Interface lxcd4eaddf52b40 will not be used as it does not start with one of the prefixes: eth1,eth2,lo
I0909 10:41:42.672891    2739 transport.cc:773] Interface lxcd09ed389fd55 will not be used as it does not start with one of the prefixes: eth1,eth2,lo
I0909 10:41:42.672893    2739 transport.cc:773] Interface eth0 will not be used as it does not start with one of the prefixes: eth1,eth2,lo
I0909 10:41:42.672895    2739 transport.cc:773] Interface lxc97328b7cf461 will not be used as it does not start with one of the prefixes: eth1,eth2,lo
I0909 10:41:42.672897    2739 transport.cc:773] Interface lxc4fe41b89d307 will not be used as it does not start with one of the prefixes: eth1,eth2,lo
I0909 10:41:42.672899    2739 transport.cc:773] Interface cilium_net will not be used as it does not start with one of the prefixes: eth1,eth2,lo
I0909 10:41:42.672900    2739 transport.cc:773] Interface cilium_host will not be used as it does not start with one of the prefixes: eth1,eth2,lo
I0909 10:41:42.672902    2739 transport.cc:773] Interface lxca79a06aa4d95 will not be used as it does not start with one of the prefixes: eth1,eth2,lo
I0909 10:41:42.672904    2739 transport.cc:773] Interface lxcd4eaddf52b40 will not be used as it does not start with one of the prefixes: eth1,eth2,lo
I0909 10:41:42.672905    2739 transport.cc:773] Interface lxcd09ed389fd55 will not be used as it does not start with one of the prefixes: eth1,eth2,lo
I0909 10:41:42.672910    2739 communication_backend.cc:984] Sending topology discovery request: go/debugstr  
address_mapping {
  addresses {
    address: "10.240.96.14:8081"
    interface_name: "eth1"
    host_name_for_debugging: "gke-tpu-edbc8be2-lf21"
  }
  addresses {
    address: "10.240.48.15:8081"
    interface_name: "eth2"
    host_name_for_debugging: "gke-tpu-edbc8be2-lf21"
    numa_node: 1
  }
  incarnation_id: 10586407298285560187
}
tpu_topology_args {
  version: TPU_VERSION_6acc60406
  platform_type: TPU_PLATFORM_TYPE_HARDWARE
  chip_config_name: "default"
  chips_per_host_bounds {
    x: 2
    y: 2
    z: 1
  }
  host_bounds {
    x: 1
    y: 1
    z: 1
  }
  wrap {
  }
  enhanced_barrier_enabled: true
  use_continuations: true
  routing_strategy: ROUTING_MESH
}
incarnation_id: 10586407298285560187
I0909 10:41:42.673247    2739 grpc_transport.cc:2220] Creating client for slice 0 host 0
I0909 10:41:42.673261    2739 grpc_transport.cc:2203] Using default interface. Available interfaces: [eth2,eth1]. Server information: go/debugstr  
address: "dcn-mc-slice-0-0.dcn-mc:8081"
I0909 10:41:42.673352    2739 grpc_transport.cc:2278] Created 1 channels for 1 interfaces on slice 0 host 0.
 Load balancing policy: Dynamic lb: max_outstanding_bytes (8388608).
I0909 10:41:42.674089    3559 cachednslookup.cc:391] TTL not found in response, not caching response
I0909 10:41:42.678517    3551 tpu_chip_config.cc:367] Resolved chip config alias default->megachip for 6acc60406, 
I0909 10:41:43.679239    3672 topology_coordinator.cc:178] MegaScale Topology Discovery in progress. Missing hosts (num_slices=1, num_hosts=0): slice1.*
I0909 10:41:44.679381    3672 topology_coordinator.cc:178] MegaScale Topology Discovery in progress. Missing hosts (num_slices=1, num_hosts=0): slice1.*
I0909 10:41:45.679509    3672 topology_coordinator.cc:178] MegaScale Topology Discovery in progress. Missing hosts (num_slices=1, num_hosts=0): slice1.*
I0909 10:41:46.679609    3672 topology_coordinator.cc:178] MegaScale Topology Discovery in progress. Missing hosts (num_slices=1, num_hosts=0): slice1.*
I0909 10:41:47.679751    3672 topology_coordinator.cc:178] MegaScale Topology Discovery in progress. Missing hosts (num_slices=1, num_hosts=0): slice1.*
I0909 10:41:48.679876    3672 topology_coordinator.cc:178] MegaScale Topology Discovery in progress. Missing hosts (num_slices=1, num_hosts=0): slice1.*
I0909 10:41:49.679993    3672 topology_coordinator.cc:178] MegaScale Topology Discovery in progress. Missing hosts (num_slices=1, num_hosts=0): slice1.*
I0909 10:41:50.680167    3672 topology_coordinator.cc:178] MegaScale Topology Discovery in progress. Missing hosts (num_slices=1, num_hosts=0): slice1.*
I0909 10:41:51.680309    3672 topology_coordinator.cc:178] MegaScale Topology Discovery in progress. Missing hosts (num_slices=1, num_hosts=0): slice1.*
I0909 10:41:52.680474    3672 topology_coordinator.cc:178] MegaScale Topology Discovery in progress. Missing hosts (num_slices=1, num_hosts=0): slice1.*
I0909 10:41:53.680605    3672 topology_coordinator.cc:178] MegaScale Topology Discovery in progress. Missing hosts (num_slices=1, num_hosts=0): slice1.*
I0909 10:41:54.680713    3672 topology_coordinator.cc:178] MegaScale Topology Discovery in progress. Missing hosts (num_slices=1, num_hosts=0): slice1.*
I0909 10:41:55.680854    3672 topology_coordinator.cc:178] MegaScale Topology Discovery in progress. Missing hosts (num_slices=1, num_hosts=0): slice1.*
I0909 10:41:56.681118    3672 topology_coordinator.cc:178] MegaScale Topology Discovery in progress. Missing hosts (num_slices=1, num_hosts=0): slice1.*
I0909 10:41:57.528096    3678 tpu_chip_config.cc:367] Resolved chip config alias default->megachip for 6acc60406, 
I0909 10:41:57.528311    3678 topology_coordinator.cc:325] MegaScale Topology Discovery completed.
I0909 10:41:57.528691    2739 communication_backend.cc:1002] Received topology discovery response: go/debugstr  
slice_info {
  tpu_topology_args {
    version: TPU_VERSION_6acc60406
    platform_type: TPU_PLATFORM_TYPE_HARDWARE
    chip_config_name: "default"
    chips_per_host_bounds {
      x: 2
      y: 2
      z: 1
    }
    host_bounds {
      x: 1
      y: 1
      z: 1
    }
    wrap {
    }
    enhanced_barrier_enabled: true
    use_continuations: true
    routing_strategy: ROUTING_MESH
  }
}
slice_info {
  slice_id: 1
  tpu_topology_args {
    version: TPU_VERSION_6acc60406
    platform_type: TPU_PLATFORM_TYPE_HARDWARE
    chip_config_name: "default"
    chips_per_host_bounds {
      x: 2
      y: 2
      z: 1
    }
    host_bounds {
      x: 1
      y: 1
      z: 1
    }
    wrap {
    }
    enhanced_barrier_enabled: true
    use_continuations: true
    routing_strategy: ROUTING_MESH
  }
}
address_mappings {
  addresses {
    address: "10.240.96.14:8081"
    interface_name: "eth1"
    host_name_for_debugging: "gke-tpu-edbc8be2-lf21"
  }
  addresses {
    address: "10.240.48.15:8081"
    interface_name: "eth2"
    host_name_for_debugging: "gke-tpu-edbc8be2-lf21"
    numa_node: 1
  }
  incarnation_id: 10586407298285560187
}
address_mappings {
  slice_id: 1
  addresses {
    address: "10.240.96.4:8081"
    interface_name: "eth1"
    host_name_for_debugging: "gke-tpu-edbc8be2-0ml3"
  }
  addresses {
    address: "10.240.48.4:8081"
    interface_name: "eth2"
    host_name_for_debugging: "gke-tpu-edbc8be2-0ml3"
    numa_node: 1
  }
  incarnation_id: 12263600044585446908
}
incarnation_id: 10586407298285560187
I0909 10:41:57.528892    2739 debug_manager.cc:266] Registering error handler with name: default_handler
I0909 10:41:57.528902    2739 megascale_context.cc:571] Using DCN topology: go/debugstr  
I0909 10:41:57.528940    2739 tpu_chip_config.cc:367] Resolved chip config alias default->megachip for 6acc60406, 
DCN_MULTISLICE_PREFLIGHT {"global_device_count": 16, "local_device_count": 8, "process_count": 2, "process_id": 0, "slice_counts": {"0": 8, "1": 8}}
W0909 10:41:57.531095    3710 pjrt_client.h:601] UpdateGlobalProcessInfo is not supported.
I0909 10:41:57.573989    2739 dump.cc:725] HloModule dump enabled with path prefix: , suffix: before_optimizations
W0909 10:41:57.579294    3712 tpu_spmd_partitioner.cc:460] Collective matmul V1 is enabled. Please consider migrating to V2 since V1 will be deprecated soon. You can enable V2 by setting xla_tpu_all_gather_collective_matmul_mode=post_spmd and xla_tpu_reduce_scatter_collective_matmul_mode=post_spmd.
I0909 10:41:57.586345    2739 deepsea_compiler_hlo_passes.cc:6406] xla_tpu_impure_hlo_parallel_compile is DISABLED. jit__identity_fn
I0909 10:41:57.589294    2739 latency_hiding_scheduler.cc:4420] [latency-hiding-scheduler] LatencyHidingScheduler current memory usage: 73792 bytes. Current limit: 96638113587
I0909 10:41:57.589771    2739 tpu_plumb_vmem_info.cc:677] scavenging_mode: 3 for module: jit__identity_fn
I0909 10:41:57.606889    2739 deepsea_compiler_hlo_passes.cc:6735] HLO_PASSES stage duration: 29.375317ms
I0909 10:41:57.681305    3672 topology_coordinator.cc:173] MegaScale Topology Discovery completed.
I0909 10:41:57.775294    3672 tpu_chip_config.cc:367] Resolved chip config alias default->megachip for 6acc60406, 
I0909 10:41:57.775482    3672 tpu_chip_config.cc:367] Resolved chip config alias default->megachip for 6acc60406, 
I0909 10:41:57.775674    3672 memory_space_assignment_util.cc:577] MSA Vmem breakdown: default scoped vmem (from flag): 33554432; does_msa_directly_allocate_scoped_vmem: T; bytes_for_msa_to_allocate: 67043328
I0909 10:41:57.790809    3938 deepsea_compiler_base.cc:4279] BACKEND_PASSES stage duration: 16.1858635ms
I0909 10:41:57.800714    3938 deepsea_compiler_backend.cc:1480] CODE_GENERATION stage duration: 9.788817ms
I0909 10:41:57.800937    3938 isa_program_util_common.cc:373] (HLO module jit__identity_fn): Executable fingerprint:67556b1dd123307c8bb711c0434fbfac86eab215225618a5f838c0c427d4c3c2
I0909 10:41:57.800940    3938 isa_program_util_common.cc:377] (HLO module jit__identity_fn): Executable fingerprint (including data segments):c43bcc07663f8b538de614a22f9271d5656acd0e5f70af981aecc6805c64d3fd
I0909 10:41:57.800941    3938 isa_program_util_common.cc:380] (HLO module jit__identity_fn): Host transfer fingerprint:e6674013302fbdec09a2c7c89a12b340e612c48cc4b68dbb5d7ca9c5a25bab54
I0909 10:41:57.801169    2739 deepsea_compiler_base.cc:1055] END_TO_END stage duration: 227.354587ms
I0909 10:41:57.801184    2739 deepsea_compiler_base.cc:1056] Note that END_TO_END duration also includes time outside of HLO_PASSES, BACKEND_PASSES, and CODE_GENERATION
I0909 10:41:57.802139    2739 megascale_context.cc:517] MegaScale DCNTopology fingerprint for: jit__identity_fn : 1688352644216761960 DevicesHash: 11843567257950195766 Topology: go/debugstr 
I0909 10:41:57.802178    2739 graph_builder.cc:257] Shapes to compress: [""]
I0909 10:41:57.802184    2739 graph_builder.cc:259] Prefixes to compress: [""]
I0909 10:41:57.802221    2739 graph_builder.cc:2912] Using MXLA graph seed: all-gather_0
I0909 10:41:57.802387    2739 host_command_scheduler_factory.cc:1312] Created a HostCommandScheduler with 18 rules for module jit__identity_fn HostTransfers Fingerprint: 3701741969770116811.
I0909 10:41:57.802397    2739 megascale_context.cc:686] MegaScale ExecutableContext created for module: jit__identity_fn with DCN topology: go/debugstr  
I0909 10:41:57.803270    3470 communication_backend.cc:625] Created communicator. Hostname: gke-tpu-edbc8be2-lf21 Slice ID: 0 Host ID: 0 NumSlices: 2 Device IDs: 0,1,2,3,4,5,6,7
I0909 10:41:57.805390    3638 grpc_transport.cc:2220] Creating client for slice 1 host 0
I0909 10:41:57.805419    3638 grpc_transport.cc:2200] Sending to 10.240.96.4:8081 on interface: eth1
I0909 10:41:57.805514    3638 grpc_transport.cc:2200] Sending to 10.240.48.4:8081 on interface: eth2
I0909 10:41:57.805560    3638 grpc_transport.cc:2278] Created 2 channels for 2 interfaces on slice 1 host 0.
 Load balancing policy: Dynamic lb: max_outstanding_bytes (8388608).
I0909 10:41:57.830757    2739 deepsea_compiler_hlo_passes.cc:6623] XLA::TPU running hlo passes for 21 instructions, module: jit__lambda
I0909 10:41:57.830770    2739 deepsea_compiler_hlo_passes.cc:6668] Initial HLO module: jit__lambda instructions: 21 fingerprint: 
I0909 10:41:57.831087    2739 deepsea_compiler_hlo_passes.cc:6526] HLO optimizing module: jit__lambda instructions: 19
I0909 10:41:57.831097    2739 deepsea_compiler_hlo_passes.cc:6539] XLA::TPU HLO optimization
W0909 10:41:57.831864    3973 tpu_spmd_partitioner.cc:460] Collective matmul V1 is enabled. Please consider migrating to V2 since V1 will be deprecated soon. You can enable V2 by setting xla_tpu_all_gather_collective_matmul_mode=post_spmd and xla_tpu_reduce_scatter_collective_matmul_mode=post_spmd.
I0909 10:41:57.840566    2739 deepsea_compiler_hlo_passes.cc:6406] xla_tpu_impure_hlo_parallel_compile is DISABLED. jit__lambda
I0909 10:41:57.842738    2739 deepsea_compiler_hlo_passes.cc:5472] XLA::TPU HLO PostOptimizationPipeline
I0909 10:41:57.844080    2739 latency_hiding_scheduler.cc:4420] [latency-hiding-scheduler] LatencyHidingScheduler current memory usage: 41024 bytes. Current limit: 96637751091
I0909 10:41:57.844745    2739 tpu_plumb_vmem_info.cc:677] scavenging_mode: 3 for module: jit__lambda
I0909 10:41:57.845373    2739 deepsea_compiler_hlo_passes.cc:6735] HLO_PASSES stage duration: 14.60408225ms
I0909 10:41:57.846591    3672 tpu_chip_config.cc:367] Resolved chip config alias default->megachip for 6acc60406, 
I0909 10:41:57.846739    3672 tpu_chip_config.cc:367] Resolved chip config alias default->megachip for 6acc60406, 
I0909 10:41:57.846896    3672 memory_space_assignment_util.cc:577] MSA Vmem breakdown: default scoped vmem (from flag): 33554432; does_msa_directly_allocate_scoped_vmem: T; bytes_for_msa_to_allocate: 67043328
I0909 10:41:57.863881    3977 deepsea_compiler_base.cc:4279] BACKEND_PASSES stage duration: 17.8319645ms
I0909 10:41:57.866876    3977 deepsea_compiler_backend.cc:1784] final program bundle count: 788 note this count does not reflect cycles spent executing delays.
I0909 10:41:57.872842    3977 deepsea_compiler_backend.cc:1980] Program divided into 2 overlays without HLO functions (90.5K).
I0909 10:41:57.872916    3977 deepsea_compiler_backend.cc:2150] XLA::TPU module name: jit__lambda
I0909 10:41:57.872920    3977 deepsea_compiler_backend.cc:2152] XLA::TPU program HBM usage: 266.5K / 94.74G
I0909 10:41:57.872922    3977 deepsea_compiler_backend.cc:2159] Note that --xla_tpu_max_hbm_size_mib is not specified. This means that the compiler may use up all available HBM, possibly prioritizing other metrics (latency, compile-time, ..) over memory usage. To reduce memory usage, set --xla_tpu_max_hbm_size_mib to a smaller value.
I0909 10:41:57.872924    3977 deepsea_compiler_backend.cc:2193] XLA::TPU program VMEM usage: 32.00M / 64.00M
I0909 10:41:57.872932    3977 deepsea_compiler_backend.cc:2204] Total hbm usage >= 268.28M:
    reserved        268.00M 
    program          266.5K 
    arguments         16.0K 

Output size 512B; shares 0B with arguments.

Total host usage >= 0B:
    reserved             0B 
    program         unknown size 
    arguments            0B 

Output size 0B; shares 0B with arguments.

I0909 10:41:57.872944    3977 deepsea_compiler_backend.cc:2208] Program sflag requirement 228B:
    reserved           204B
    scoped              16B
    HLO temp             8B (100.0% utilization: Unpadded (8B) Padded (8B), 0.0% fragmentation (0B))
Program sparse_core_sequencer_sflag requirement 36B:
    reserved            36B
Program sparse_core_tile_sflag requirement 4B:
    reserved             4B
Program sparse_core_sequencer_smem requirement 64B:
    reserved            64B
Program sparse_core_tile_smem requirement 0B:
Program hbm requirement 266.5K:
    HLO temp         176.0K (100.0% utilization: Unpadded (24.3K) Padded (24.3K), 86.2% fragmentation (151.7K))
    overlays          90.5K
Program vmem requirement 32.00M:
    HLO temp         32.00M (0.0% utilization: Unpadded (0B) Padded (0B), 100.0% fragmentation (32.00M))
Program smem requirement 36B:
    global               4B
    scoped              32B
Program host requirement 0B:
I0909 10:41:57.872946    3977 deepsea_compiler_backend.cc:2216] XLA::TPU program SMEM usage: 1.9K / 1.00M (1 parameters)
I0909 10:41:57.873026    3977 deepsea_compiler_backend.cc:1480] CODE_GENERATION stage duration: 9.0597155ms
I0909 10:41:57.873305    3977 isa_program_util_common.cc:373] (HLO module jit__lambda): Executable fingerprint:6a126cddbd2c7a63446e46d5dcaf750209d6c974ec79e4080fdc4ca9886f81e4
I0909 10:41:57.873308    3977 isa_program_util_common.cc:377] (HLO module jit__lambda): Executable fingerprint (including data segments):12c0715cab49b82f1e3ea1846957d5d3523547d5bf3cc57bcf82f0517b7a92e8
I0909 10:41:57.873309    3977 isa_program_util_common.cc:380] (HLO module jit__lambda): Host transfer fingerprint:2b9801a161c74c27631ae5e0b6d660abd73031d7eba34a0a6e10fff8dfd2f3ae
I0909 10:41:57.873488    2739 deepsea_compiler_base.cc:1055] END_TO_END stage duration: 45.03544925ms
I0909 10:41:57.873503    2739 deepsea_compiler_base.cc:1056] Note that END_TO_END duration also includes time outside of HLO_PASSES, BACKEND_PASSES, and CODE_GENERATION
I0909 10:41:57.874281    2739 megascale_context.cc:517] MegaScale DCNTopology fingerprint for: jit__lambda : 1688352644216761960 DevicesHash: 8081921339993277715 Topology: go/debugstr 
I0909 10:41:57.874620    2739 host_command_scheduler_factory.cc:1312] Created a HostCommandScheduler with 54 rules for module jit__lambda HostTransfers Fingerprint: 12151718319723310994.
I0909 10:41:57.874642    2739 megascale_context.cc:686] MegaScale ExecutableContext created for module: jit__lambda with DCN topology: go/debugstr  
I0909 10:41:57.903356    2739 deepsea_compiler_hlo_passes.cc:6623] XLA::TPU running hlo passes for 21 instructions, module: jit__lambda
I0909 10:41:57.903365    2739 deepsea_compiler_hlo_passes.cc:6668] Initial HLO module: jit__lambda instructions: 21 fingerprint: 
I0909 10:41:57.903600    2739 deepsea_compiler_hlo_passes.cc:6526] HLO optimizing module: jit__lambda instructions: 19
I0909 10:41:57.903605    2739 deepsea_compiler_hlo_passes.cc:6539] XLA::TPU HLO optimization
W0909 10:41:57.904158    3988 tpu_spmd_partitioner.cc:460] Collective matmul V1 is enabled. Please consider migrating to V2 since V1 will be deprecated soon. You can enable V2 by setting xla_tpu_all_gather_collective_matmul_mode=post_spmd and xla_tpu_reduce_scatter_collective_matmul_mode=post_spmd.
I0909 10:41:57.911427    2739 deepsea_compiler_hlo_passes.cc:6406] xla_tpu_impure_hlo_parallel_compile is DISABLED. jit__lambda
I0909 10:41:57.913789    2739 deepsea_compiler_hlo_passes.cc:5472] XLA::TPU HLO PostOptimizationPipeline
I0909 10:41:57.914949    2739 latency_hiding_scheduler.cc:4420] [latency-hiding-scheduler] LatencyHidingScheduler current memory usage: 41024 bytes. Current limit: 96637751091
I0909 10:41:57.915584    2739 tpu_plumb_vmem_info.cc:677] scavenging_mode: 3 for module: jit__lambda
I0909 10:41:57.916203    2739 deepsea_compiler_hlo_passes.cc:6735] HLO_PASSES stage duration: 12.837437ms
I0909 10:41:57.917442    3672 tpu_chip_config.cc:367] Resolved chip config alias default->megachip for 6acc60406, 
I0909 10:41:57.917583    3672 tpu_chip_config.cc:367] Resolved chip config alias default->megachip for 6acc60406, 
I0909 10:41:57.917744    3672 memory_space_assignment_util.cc:577] MSA Vmem breakdown: default scoped vmem (from flag): 33554432; does_msa_directly_allocate_scoped_vmem: T; bytes_for_msa_to_allocate: 67043328
I0909 10:41:57.934142    3992 deepsea_compiler_base.cc:4279] BACKEND_PASSES stage duration: 17.2669815ms
I0909 10:41:57.937287    3992 deepsea_compiler_backend.cc:1784] final program bundle count: 788 note this count does not reflect cycles spent executing delays.
I0909 10:41:57.942936    3992 deepsea_compiler_backend.cc:1980] Program divided into 2 overlays without HLO functions (90.5K).
I0909 10:41:57.943008    3992 deepsea_compiler_backend.cc:2150] XLA::TPU module name: jit__lambda
I0909 10:41:57.943012    3992 deepsea_compiler_backend.cc:2152] XLA::TPU program HBM usage: 266.5K / 94.74G
I0909 10:41:57.943014    3992 deepsea_compiler_backend.cc:2159] Note that --xla_tpu_max_hbm_size_mib is not specified. This means that the compiler may use up all available HBM, possibly prioritizing other metrics (latency, compile-time, ..) over memory usage. To reduce memory usage, set --xla_tpu_max_hbm_size_mib to a smaller value.
I0909 10:41:57.943016    3992 deepsea_compiler_backend.cc:2193] XLA::TPU program VMEM usage: 32.00M / 64.00M
I0909 10:41:57.943023    3992 deepsea_compiler_backend.cc:2204] Total hbm usage >= 268.28M:
    reserved        268.00M 
    program          266.5K 
    arguments         16.0K 

Output size 512B; shares 0B with arguments.

Total host usage >= 0B:
    reserved             0B 
    program         unknown size 
    arguments            0B 

Output size 0B; shares 0B with arguments.

I0909 10:41:57.943042    3992 deepsea_compiler_backend.cc:2208] Program sflag requirement 228B:
    reserved           204B
    scoped              16B
    HLO temp             8B (100.0% utilization: Unpadded (8B) Padded (8B), 0.0% fragmentation (0B))
Program sparse_core_sequencer_sflag requirement 36B:
    reserved            36B
Program sparse_core_tile_sflag requirement 4B:
    reserved             4B
Program sparse_core_sequencer_smem requirement 64B:
    reserved            64B
Program sparse_core_tile_smem requirement 0B:
Program hbm requirement 266.5K:
    HLO temp         176.0K (100.0% utilization: Unpadded (24.3K) Padded (24.3K), 86.2% fragmentation (151.7K))
    overlays          90.5K
Program vmem requirement 32.00M:
    HLO temp         32.00M (0.0% utilization: Unpadded (0B) Padded (0B), 100.0% fragmentation (32.00M))
Program smem requirement 36B:
    global               4B
    scoped              32B
Program host requirement 0B:
I0909 10:41:57.943045    3992 deepsea_compiler_backend.cc:2216] XLA::TPU program SMEM usage: 1.9K / 1.00M (1 parameters)
I0909 10:41:57.943136    3992 deepsea_compiler_backend.cc:1480] CODE_GENERATION stage duration: 8.90545525ms
I0909 10:41:57.943396    3992 isa_program_util_common.cc:373] (HLO module jit__lambda): Executable fingerprint:6a126cddbd2c7a63446e46d5dcaf750209d6c974ec79e4080fdc4ca9886f81e4
I0909 10:41:57.943398    3992 isa_program_util_common.cc:377] (HLO module jit__lambda): Executable fingerprint (including data segments):12c0715cab49b82f1e3ea1846957d5d3523547d5bf3cc57bcf82f0517b7a92e8
I0909 10:41:57.943399    3992 isa_program_util_common.cc:380] (HLO module jit__lambda): Host transfer fingerprint:2b9801a161c74c27631ae5e0b6d660abd73031d7eba34a0a6e10fff8dfd2f3ae
I0909 10:41:57.943556    2739 deepsea_compiler_base.cc:1055] END_TO_END stage duration: 42.33320825ms
I0909 10:41:57.943567    2739 deepsea_compiler_base.cc:1056] Note that END_TO_END duration also includes time outside of HLO_PASSES, BACKEND_PASSES, and CODE_GENERATION
I0909 10:41:57.944206    2739 megascale_context.cc:517] MegaScale DCNTopology fingerprint for: jit__lambda : 1688352644216761960 DevicesHash: 8081921339993277715 Topology: go/debugstr 
I0909 10:41:57.944543    2739 host_command_scheduler_factory.cc:1312] Created a HostCommandScheduler with 54 rules for module jit__lambda HostTransfers Fingerprint: 12151718319723310994.
I0909 10:41:57.944565    2739 megascale_context.cc:686] MegaScale ExecutableContext created for module: jit__lambda with DCN topology: go/debugstr  
I0909 10:41:57.952321    3121 megascale_context.cc:439] Destroying MegaScale PjrtExecutableContext: jit__lambda
I0909 10:41:57.970101    2739 deepsea_compiler_hlo_passes.cc:6623] XLA::TPU running hlo passes for 19 instructions, module: jit__lambda
I0909 10:41:57.970112    2739 deepsea_compiler_hlo_passes.cc:6668] Initial HLO module: jit__lambda instructions: 19 fingerprint: 
I0909 10:41:57.970377    2739 deepsea_compiler_hlo_passes.cc:6526] HLO optimizing module: jit__lambda instructions: 17
I0909 10:41:57.970383    2739 deepsea_compiler_hlo_passes.cc:6539] XLA::TPU HLO optimization
W0909 10:41:57.971047    4001 tpu_spmd_partitioner.cc:460] Collective matmul V1 is enabled. Please consider migrating to V2 since V1 will be deprecated soon. You can enable V2 by setting xla_tpu_all_gather_collective_matmul_mode=post_spmd and xla_tpu_reduce_scatter_collective_matmul_mode=post_spmd.
I0909 10:41:57.979166    2739 deepsea_compiler_hlo_passes.cc:6406] xla_tpu_impure_hlo_parallel_compile is DISABLED. jit__lambda
I0909 10:41:57.980805    2739 deepsea_compiler_hlo_passes.cc:5472] XLA::TPU HLO PostOptimizationPipeline
I0909 10:41:57.981694    2739 latency_hiding_scheduler.cc:4420] [latency-hiding-scheduler] LatencyHidingScheduler current memory usage: 24640 bytes. Current limit: 96637894451
I0909 10:41:57.982185    2739 tpu_plumb_vmem_info.cc:677] scavenging_mode: 3 for module: jit__lambda
I0909 10:41:57.982679    2739 deepsea_compiler_hlo_passes.cc:6735] HLO_PASSES stage duration: 12.5667105ms
I0909 10:41:57.983870    3672 tpu_chip_config.cc:367] Resolved chip config alias default->megachip for 6acc60406, 
I0909 10:41:57.984005    3672 tpu_chip_config.cc:367] Resolved chip config alias default->megachip for 6acc60406, 
I0909 10:41:57.984181    3672 memory_space_assignment_util.cc:577] MSA Vmem breakdown: default scoped vmem (from flag): 33554432; does_msa_directly_allocate_scoped_vmem: T; bytes_for_msa_to_allocate: 67043328
I0909 10:41:57.998460    4005 deepsea_compiler_base.cc:4279] BACKEND_PASSES stage duration: 15.08763725ms
I0909 10:41:58.000919    4005 deepsea_compiler_backend.cc:1784] final program bundle count: 626 note this count does not reflect cycles spent executing delays.
I0909 10:41:58.006624    4005 deepsea_compiler_backend.cc:1980] Program divided into 2 overlays without HLO functions (80.5K).
I0909 10:41:58.006687    4005 deepsea_compiler_backend.cc:2150] XLA::TPU module name: jit__lambda
I0909 10:41:58.006690    4005 deepsea_compiler_backend.cc:2152] XLA::TPU program HBM usage: 208.5K / 94.74G
I0909 10:41:58.006692    4005 deepsea_compiler_backend.cc:2159] Note that --xla_tpu_max_hbm_size_mib is not specified. This means that the compiler may use up all available HBM, possibly prioritizing other metrics (latency, compile-time, ..) over memory usage. To reduce memory usage, set --xla_tpu_max_hbm_size_mib to a smaller value.
I0909 10:41:58.006694    4005 deepsea_compiler_backend.cc:2193] XLA::TPU program VMEM usage: 32.00M / 64.00M
I0909 10:41:58.006700    4005 deepsea_compiler_backend.cc:2204] Total hbm usage >= 268.22M:
    reserved        268.00M 
    program          208.5K 
    arguments         16.0K 

Output size 512B; shares 0B with arguments.

Total host usage >= 0B:
    reserved             0B 
    program         unknown size 
    arguments            0B 

Output size 0B; shares 0B with arguments.

I0909 10:41:58.006711    4005 deepsea_compiler_backend.cc:2208] Program sflag requirement 224B:
    reserved           204B
    scoped              12B
    HLO temp             8B (100.0% utilization: Unpadded (8B) Padded (8B), 0.0% fragmentation (0B))
Program sparse_core_sequencer_sflag requirement 36B:
    reserved            36B
Program sparse_core_tile_sflag requirement 4B:
    reserved             4B
Program sparse_core_sequencer_smem requirement 64B:
    reserved            64B
Program sparse_core_tile_smem requirement 0B:
Program hbm requirement 208.5K:
    HLO temp         128.0K (49.1% utilization: Unpadded (8.2K) Padded (16.7K), 87.0% fragmentation (111.3K))
    overlays          80.5K
Program vmem requirement 32.00M:
    HLO temp         32.00M (0.0% utilization: Unpadded (0B) Padded (0B), 100.0% fragmentation (32.00M))
Program smem requirement 36B:
    global               4B
    scoped              32B
Program host requirement 0B:
I0909 10:41:58.006713    4005 deepsea_compiler_backend.cc:2216] XLA::TPU program SMEM usage: 1.9K / 1.00M (1 parameters)
I0909 10:41:58.006796    4005 deepsea_compiler_backend.cc:1480] CODE_GENERATION stage duration: 8.271214ms
I0909 10:41:58.007027    4005 isa_program_util_common.cc:373] (HLO module jit__lambda): Executable fingerprint:4a4bf7195f2e28a358732e4bad360b9ab79156518433b25ddb27df2e76864c13
I0909 10:41:58.007044    4005 isa_program_util_common.cc:377] (HLO module jit__lambda): Executable fingerprint (including data segments):41df051aa1d5cc95b6bd65dcd0fe59634f8d45c83e436d4b0b21da6da348f7ba
I0909 10:41:58.007045    4005 isa_program_util_common.cc:380] (HLO module jit__lambda): Host transfer fingerprint:5c8f40e7dcd653d84e947d890338940d2b2e1ffba06eadb57827e716f5782f97
I0909 10:41:58.007188    2739 deepsea_compiler_base.cc:1055] END_TO_END stage duration: 39.4090905ms
I0909 10:41:58.007200    2739 deepsea_compiler_base.cc:1056] Note that END_TO_END duration also includes time outside of HLO_PASSES, BACKEND_PASSES, and CODE_GENERATION
I0909 10:41:58.007786    2739 megascale_context.cc:517] MegaScale DCNTopology fingerprint for: jit__lambda : 1688352644216761960 DevicesHash: 8081921339993277715 Topology: go/debugstr 
I0909 10:41:58.008013    2739 host_command_scheduler_factory.cc:1312] Created a HostCommandScheduler with 36 rules for module jit__lambda HostTransfers Fingerprint: 8427318606672400244.
I0909 10:41:58.008040    2739 megascale_context.cc:686] MegaScale ExecutableContext created for module: jit__lambda with DCN topology: go/debugstr  
MANUAL_AR_VERIFY {"exchange_add": true, "psum": true, "psum_checksum": 3.0}
I0909 10:41:58.012868    3121 megascale_context.cc:439] Destroying MegaScale PjrtExecutableContext: jit__lambda
W0909 10:41:58.026082    4007 tpu_spmd_partitioner.cc:460] Collective matmul V1 is enabled. Please consider migrating to V2 since V1 will be deprecated soon. You can enable V2 by setting xla_tpu_all_gather_collective_matmul_mode=post_spmd and xla_tpu_reduce_scatter_collective_matmul_mode=post_spmd.
I0909 10:41:58.030886    2739 deepsea_compiler_hlo_passes.cc:6406] xla_tpu_impure_hlo_parallel_compile is DISABLED. jit__lambda
I0909 10:41:58.032606    2739 tpu_plumb_vmem_info.cc:677] scavenging_mode: 3 for module: jit__lambda
I0909 10:41:58.042383    2739 deepsea_compiler_hlo_passes.cc:6735] HLO_PASSES stage duration: 16.976449ms
I0909 10:41:58.043447    3700 tpu_chip_config.cc:367] Resolved chip config alias default->megachip for 6acc60406, 
I0909 10:41:58.043606    3700 tpu_chip_config.cc:367] Resolved chip config alias default->megachip for 6acc60406, 
I0909 10:41:58.043788    3700 memory_space_assignment_util.cc:577] MSA Vmem breakdown: default scoped vmem (from flag): 33554432; does_msa_directly_allocate_scoped_vmem: T; bytes_for_msa_to_allocate: 67043328
I0909 10:41:58.072897    4009 deepsea_compiler_base.cc:4279] BACKEND_PASSES stage duration: 30.00555825ms
I0909 10:41:58.080103    4009 deepsea_compiler_backend.cc:1480] CODE_GENERATION stage duration: 7.14527375ms
I0909 10:41:58.080336    4009 isa_program_util_common.cc:373] (HLO module jit__lambda): Executable fingerprint:bc586dffeac4e7ae318e7d154bf8e04f4304c94ca0093b387a7797ec3816d14b
I0909 10:41:58.080339    4009 isa_program_util_common.cc:377] (HLO module jit__lambda): Executable fingerprint (including data segments):a2faf2ce0762128844e7a122c148a8aece70b237d9b143ffa46b761ac2a0d991
I0909 10:41:58.080341    4009 isa_program_util_common.cc:380] (HLO module jit__lambda): Host transfer fingerprint:e3b0c44298fc1c149afbf4c8996fb92427ae41e4649b934ca495991b7852b855
I0909 10:41:58.080519    2739 deepsea_compiler_base.cc:1055] END_TO_END stage duration: 57.14345075ms
I0909 10:41:58.080532    2739 deepsea_compiler_base.cc:1056] Note that END_TO_END duration also includes time outside of HLO_PASSES, BACKEND_PASSES, and CODE_GENERATION
I0909 10:41:58.080999    2739 host_command_scheduler_factory.cc:1312] Created a HostCommandScheduler with 0 rules for module jit__lambda HostTransfers Fingerprint: 0.
I0909 10:41:58.081012    2739 megascale_context.cc:686] MegaScale ExecutableContext created for module: jit__lambda with DCN topology: go/debugstr  
I0909 10:41:58.084771    3435 megascale_context.cc:439] Destroying MegaScale PjrtExecutableContext: jit__lambda
W0909 10:41:58.098340    4011 tpu_spmd_partitioner.cc:460] Collective matmul V1 is enabled. Please consider migrating to V2 since V1 will be deprecated soon. You can enable V2 by setting xla_tpu_all_gather_collective_matmul_mode=post_spmd and xla_tpu_reduce_scatter_collective_matmul_mode=post_spmd.
I0909 10:41:58.103534    2739 deepsea_compiler_hlo_passes.cc:6406] xla_tpu_impure_hlo_parallel_compile is DISABLED. jit__identity_fn
I0909 10:41:58.106712    2739 latency_hiding_scheduler.cc:4420] [latency-hiding-scheduler] LatencyHidingScheduler current memory usage: 10816 bytes. Current limit: 96637838643
I0909 10:41:58.107253    2739 tpu_plumb_vmem_info.cc:677] scavenging_mode: 3 for module: jit__identity_fn
I0909 10:41:58.107743    2739 deepsea_compiler_hlo_passes.cc:6735] HLO_PASSES stage duration: 9.852445ms
I0909 10:41:58.108820    3700 tpu_chip_config.cc:367] Resolved chip config alias default->megachip for 6acc60406, 
I0909 10:41:58.108962    3700 tpu_chip_config.cc:367] Resolved chip config alias default->megachip for 6acc60406, 
I0909 10:41:58.109138    3700 memory_space_assignment_util.cc:577] MSA Vmem breakdown: default scoped vmem (from flag): 33554432; does_msa_directly_allocate_scoped_vmem: T; bytes_for_msa_to_allocate: 67043328
I0909 10:41:58.132772    4013 deepsea_compiler_base.cc:4279] BACKEND_PASSES stage duration: 24.4464635ms
I0909 10:41:58.142090    4013 deepsea_compiler_backend.cc:1480] CODE_GENERATION stage duration: 9.23589ms
I0909 10:41:58.142373    4013 isa_program_util_common.cc:373] (HLO module jit__identity_fn): Executable fingerprint:fd3b0d6bd150f631ee1516bdd9fe68433befc25b43e5ac8c1bf0647642d4a029
I0909 10:41:58.142376    4013 isa_program_util_common.cc:377] (HLO module jit__identity_fn): Executable fingerprint (including data segments):b4793e425396e7ab5df0b40c15a832140ecb3328718901424ce0f42c7f63731d
I0909 10:41:58.142377    4013 isa_program_util_common.cc:380] (HLO module jit__identity_fn): Host transfer fingerprint:f21887b8cd1a7de9f1745e6458df4dba74bea513f1593c4409ce2cd383777ca8
I0909 10:41:58.142531    2739 deepsea_compiler_base.cc:1055] END_TO_END stage duration: 46.79715675ms
I0909 10:41:58.142544    2739 deepsea_compiler_base.cc:1056] Note that END_TO_END duration also includes time outside of HLO_PASSES, BACKEND_PASSES, and CODE_GENERATION
I0909 10:41:58.143236    2739 megascale_context.cc:517] MegaScale DCNTopology fingerprint for: jit__identity_fn : 1688352644216761960 DevicesHash: 11843567257950195766 Topology: go/debugstr 
I0909 10:41:58.143401    2739 host_command_scheduler_factory.cc:1312] Created a HostCommandScheduler with 18 rules for module jit__identity_fn HostTransfers Fingerprint: 14547820116035419324.
I0909 10:41:58.143415    2739 megascale_context.cc:686] MegaScale ExecutableContext created for module: jit__identity_fn with DCN topology: go/debugstr  
I0909 10:41:58.146603    2837 megascale_context.cc:439] Destroying MegaScale PjrtExecutableContext: jit__lambda
W0909 10:41:58.165507    4017 tpu_spmd_partitioner.cc:460] Collective matmul V1 is enabled. Please consider migrating to V2 since V1 will be deprecated soon. You can enable V2 by setting xla_tpu_all_gather_collective_matmul_mode=post_spmd and xla_tpu_reduce_scatter_collective_matmul_mode=post_spmd.
I0909 10:41:58.171473    2739 deepsea_compiler_hlo_passes.cc:6406] xla_tpu_impure_hlo_parallel_compile is DISABLED. jit_op
I0909 10:41:58.173955    2739 latency_hiding_scheduler.cc:4420] [latency-hiding-scheduler] LatencyHidingScheduler current memory usage: 1610620992 bytes. Current limit: 95564271411
I0909 10:41:58.174480    2739 tpu_plumb_vmem_info.cc:677] scavenging_mode: 3 for module: jit_op
I0909 10:41:58.206900    2739 deepsea_compiler_hlo_passes.cc:6735] HLO_PASSES stage duration: 41.89280725ms
I0909 10:41:58.208120    3700 tpu_chip_config.cc:367] Resolved chip config alias default->megachip for 6acc60406, 
I0909 10:41:58.208274    3700 tpu_chip_config.cc:367] Resolved chip config alias default->megachip for 6acc60406, 
I0909 10:41:58.208447    3700 memory_space_assignment_util.cc:577] MSA Vmem breakdown: default scoped vmem (from flag): 33554432; does_msa_directly_allocate_scoped_vmem: T; bytes_for_msa_to_allocate: 67043328
I0909 10:41:58.292423    4021 deepsea_compiler_base.cc:4279] BACKEND_PASSES stage duration: 84.94455475ms
I0909 10:41:58.300105    4021 deepsea_compiler_backend.cc:1480] CODE_GENERATION stage duration: 7.60055875ms
I0909 10:41:58.300471    4021 isa_program_util_common.cc:373] (HLO module jit_op): Executable fingerprint:0f2b665f05c3c4afe211f3c371efcab563df28a2ebf1e3fea485408c5722f8dc
I0909 10:41:58.300474    4021 isa_program_util_common.cc:377] (HLO module jit_op): Executable fingerprint (including data segments):86848f6f1a06a74bef5f269280dc370998aab50634976e92618a9f9f14091724
I0909 10:41:58.300475    4021 isa_program_util_common.cc:380] (HLO module jit_op): Host transfer fingerprint:294ab033fa7a89f4c4b5c51d8744fa6f4206e6d1d2d85c49c24e64e2b1444859
I0909 10:41:58.300635    2739 deepsea_compiler_base.cc:1055] END_TO_END stage duration: 137.667291ms
I0909 10:41:58.300656    2739 deepsea_compiler_base.cc:1056] Note that END_TO_END duration also includes time outside of HLO_PASSES, BACKEND_PASSES, and CODE_GENERATION
I0909 10:41:58.301318    2739 megascale_context.cc:517] MegaScale DCNTopology fingerprint for: jit_op : 1688352644216761960 DevicesHash: 8081921339993277715 Topology: go/debugstr 
I0909 10:41:58.304430    2739 host_command_scheduler_factory.cc:1312] Created a HostCommandScheduler with 36 rules for module jit_op HostTransfers Fingerprint: 12634255100403355191.
I0909 10:41:58.304735    2739 megascale_context.cc:686] MegaScale ExecutableContext created for module: jit_op with DCN topology: go/debugstr  
W0909 10:41:58.322831    3496 grpc_transport.cc:1186] Too many pending sends: 128
I0909 10:41:58.323203    3571 generic-stream-socket.h:1667] Cannot process timestamp for type=1 seq=16810787 time=2026-09-09T10:41:58.316946279+00:00
W0909 10:41:58.516364    3470 tpu_pjrt_client.cc:2333] PjRt execution dispatch was blocked for 194.592258ms because PjRt's max in-flight computation semaphore is full (limit: 32), which may negatively affect the performance
W0909 10:42:08.346112    4499 grpc_transport.cc:1186] Too many pending sends: 128
W0909 10:42:18.422882    4079 grpc_transport.cc:1186] Too many pending sends: 128
W0909 10:42:28.624519    3480 grpc_transport.cc:1186] Too many pending sends: 128
W0909 10:42:38.691741    4265 grpc_transport.cc:1186] Too many pending sends: 128
W0909 10:42:48.783062    4539 grpc_transport.cc:1186] Too many pending sends: 128
I0909 10:42:53.823778    2739 megascale_context.cc:439] Destroying MegaScale PjrtExecutableContext: jit_op
MANUAL_AR_RESULT {"batch": 10, "benchmark": "manual_ar", "host_gbps_best": 328.6631347643623, "host_gbps_median": 326.0641583976297, "matrix_dim": 32768, "network_delta": {"cilium_host": {"rx_bytes": 0, "tx_bytes": 0}, "cilium_net": {"rx_bytes": 0, "tx_bytes": 0}, "docker0": {"rx_bytes": 0, "tx_bytes": 0}, "eth0": {"rx_bytes": 763034, "tx_bytes": 6479595}, "eth1": {"rx_bytes": 1114002980431, "tx_bytes": 1118980913567}, "eth2": {"rx_bytes": 1137180517113, "tx_bytes": 1119422424111}, "lo": {"rx_bytes": 7079588, "tx_bytes": 7079588}, "lxc4fe41b89d307": {"rx_bytes": 297, "tx_bytes": 231}, "lxc97328b7cf461": {"rx_bytes": 21427, "tx_bytes": 162673}, "lxca79a06aa4d95": {"rx_bytes": 31421, "tx_bytes": 7320}, "lxcd09ed389fd55": {"rx_bytes": 38759, "tx_bytes": 13387}, "lxcd4eaddf52b40": {"rx_bytes": 2252620, "tx_bytes": 703175}}, "participants_per_slice": 8, "reps": 6, "shard_bytes_per_device": 1073741824.0, "time_ms_all": [216.43408079398796, 210.33980150241405, 209.08787590451539, 210.97176040057093, 210.53716639289632, 212.61969909537584], "time_ms_best": 209.08787590451539, "time_ms_median": 210.75446339673363, "variant": "psum", "warmups": 200}
W0909 10:42:53.854123    4776 tpu_spmd_partitioner.cc:460] Collective matmul V1 is enabled. Please consider migrating to V2 since V1 will be deprecated soon. You can enable V2 by setting xla_tpu_all_gather_collective_matmul_mode=post_spmd and xla_tpu_reduce_scatter_collective_matmul_mode=post_spmd.
I0909 10:42:53.862061    2739 deepsea_compiler_hlo_passes.cc:6406] xla_tpu_impure_hlo_parallel_compile is DISABLED. jit_op
I0909 10:42:53.863829    2739 latency_hiding_scheduler.cc:4420] [latency-hiding-scheduler] LatencyHidingScheduler current memory usage: 1073750080 bytes. Current limit: 95564404531
I0909 10:42:53.864164    2739 tpu_plumb_vmem_info.cc:677] scavenging_mode: 3 for module: jit_op
I0909 10:42:53.883592    2739 deepsea_compiler_hlo_passes.cc:6735] HLO_PASSES stage duration: 30.33458675ms
I0909 10:42:53.884752    3700 tpu_chip_config.cc:367] Resolved chip config alias default->megachip for 6acc60406, 
I0909 10:42:53.884935    3700 tpu_chip_config.cc:367] Resolved chip config alias default->megachip for 6acc60406, 
I0909 10:42:53.885239    3700 memory_space_assignment_util.cc:577] MSA Vmem breakdown: default scoped vmem (from flag): 33554432; does_msa_directly_allocate_scoped_vmem: T; bytes_for_msa_to_allocate: 67043328
I0909 10:42:53.995145    4780 deepsea_compiler_base.cc:4279] BACKEND_PASSES stage duration: 111.0215015ms
I0909 10:42:54.003820    4780 deepsea_compiler_backend.cc:1480] CODE_GENERATION stage duration: 8.59380675ms
I0909 10:42:54.004273    4780 isa_program_util_common.cc:373] (HLO module jit_op): Executable fingerprint:33a5a6d6f7cea468562f68254b4eb2b89053eb34e2e10125a401ef1c264018f8
I0909 10:42:54.004277    4780 isa_program_util_common.cc:377] (HLO module jit_op): Executable fingerprint (including data segments):63de7ca22133830a9ecf7d1576f6e0dc97cbc6a522ec2bae425e60708fe1b2d0
I0909 10:42:54.004279    4780 isa_program_util_common.cc:380] (HLO module jit_op): Host transfer fingerprint:c37db3d47c19d90e6b870bb79741e56a58ee0112318c32550eac3926e65c0ec8
I0909 10:42:54.004659    2739 deepsea_compiler_base.cc:1055] END_TO_END stage duration: 153.96532075ms
I0909 10:42:54.004676    2739 deepsea_compiler_base.cc:1056] Note that END_TO_END duration also includes time outside of HLO_PASSES, BACKEND_PASSES, and CODE_GENERATION
I0909 10:42:54.005421    2739 megascale_context.cc:517] MegaScale DCNTopology fingerprint for: jit_op : 1688352644216761960 DevicesHash: 8081921339993277715 Topology: go/debugstr 
I0909 10:42:54.008522    2739 host_command_scheduler_factory.cc:1312] Created a HostCommandScheduler with 18 rules for module jit_op HostTransfers Fingerprint: 158907515329715665.
I0909 10:42:54.008946    2739 megascale_context.cc:686] MegaScale ExecutableContext created for module: jit_op with DCN topology: go/debugstr  
W0909 10:42:55.506398    4463 block_allocator.cc:240] Allocator almost full. Allocator Stats. Total: 17179869184 Free: 4287053824 Peak: 0
Outstanding :: 17825792: 0 16384: 0 32768: 0 1024: 0 16777216: 0 8192: 0 65536: 0 9437184: 124 8388608: 504 
Free :: 8388608: 44 65536: 4 1024: 16 32768: 4 16384: 6 8192: 8 17825792: 130 16777216: 286 9437184: 0 
W0909 10:42:58.598704    3474 tpu_pjrt_client.cc:2333] PjRt execution dispatch was blocked for 168.893062ms because PjRt's max in-flight computation semaphore is full (limit: 32), which may negatively affect the performance
W0909 10:42:58.963871    4305 grpc_transport.cc:1186] Too many pending sends: 128
W0909 10:43:09.051425    4845 grpc_transport.cc:1186] Too many pending sends: 128
W0909 10:43:19.132046    5021 grpc_transport.cc:1186] Too many pending sends: 128
W0909 10:43:29.135402    4085 grpc_transport.cc:1186] Too many pending sends: 128
W0909 10:43:39.142539    4727 grpc_transport.cc:1186] Too many pending sends: 128
W0909 10:43:49.323786    4237 grpc_transport.cc:1186] Too many pending sends: 128
W0909 10:43:59.323814    4801 grpc_transport.cc:1186] Too many pending sends: 698
I0909 10:43:59.552083    2739 megascale_context.cc:439] Destroying MegaScale PjrtExecutableContext: jit_op
MANUAL_AR_RESULT {"batch": 10, "benchmark": "manual_ar", "host_gbps_best": 264.72661665416274, "host_gbps_median": 263.78140644531675, "matrix_dim": 32768, "network_delta": {"cilium_host": {"rx_bytes": 0, "tx_bytes": 0}, "cilium_net": {"rx_bytes": 0, "tx_bytes": 0}, "docker0": {"rx_bytes": 0, "tx_bytes": 0}, "eth0": {"rx_bytes": 443488, "tx_bytes": 5643283}, "eth1": {"rx_bytes": 1126004093034, "tx_bytes": 1176594931522}, "eth2": {"rx_bytes": 1125798365863, "tx_bytes": 1064249609647}, "lo": {"rx_bytes": 6667396, "tx_bytes": 6667396}, "lxc4fe41b89d307": {"rx_bytes": 600, "tx_bytes": 838}, "lxc97328b7cf461": {"rx_bytes": 18415, "tx_bytes": 59400}, "lxca79a06aa4d95": {"rx_bytes": 28410, "tx_bytes": 5021}, "lxcd09ed389fd55": {"rx_bytes": 37141, "tx_bytes": 7163}, "lxcd4eaddf52b40": {"rx_bytes": 2274169, "tx_bytes": 714861}}, "participants_per_slice": 8, "reps": 6, "shard_bytes_per_device": 1073741824.0, "time_ms_all": [260.8638186007738, 259.58657880546525, 264.2399759031832, 263.3250265964307, 259.9029775010422, 260.16969670308754], "time_ms_best": 259.58657880546525, "time_ms_median": 260.5167576519307, "variant": "exchange_add", "warmups": 200}
MANUAL_AR_SUMMARY {"exchange_add@32768": 264.7, "psum@32768": 328.7}
I0909 10:43:59.559277    2739 megascale_context.cc:439] Destroying MegaScale PjrtExecutableContext: jit__identity_fn
W0909 10:43:59.563232    3710 pjrt_client.h:601] UpdateGlobalProcessInfo is not supported.
W0909 10:43:59.563761    3710 pjrt_client.h:601] UpdateGlobalProcessInfo is not supported.
I0909 10:43:59.591085    2739 allocator_stats_reporter.cc:147] Stopping AllocatorStatsReporter. Reporting one last time first.
I0909 10:43:59.591463    3460 tpu_diagnostic_coordinator.cc:565] TpuStallWorker thread exiting.
I0909 10:43:59.725965    2739 tpunetd_client.cc:431] Session master stopping the session...
I0909 10:43:59.726310    3701 session_worker_service.cc:115] Session master notifies the worker to disconnect from session e589f2fe840b6aa5
I0909 10:43:59.726395    2739 tpunetd_client.cc:433] Session master stopped the session.
I0909 10:43:59.726408    2739 tpunetd_client.cc:438] Session manager stopping the session...
I0909 10:43:59.831936    2739 tpunetd_client.cc:440] Session manager stopped the session.
I0909 10:44:05.432079    4981 async_driver.cc:1178] [/dev/vfio/6 tpu665:pe0:1] vf_id:0 Driver closed.
I0909 10:44:05.465016    5236 async_driver.cc:1178] [/dev/vfio/7 tpu665:pe0:3] vf_id:0 Driver closed.
I0909 10:44:05.502305    4980 async_driver.cc:1178] [/dev/vfio/3 tpu665:pe0:2] vf_id:0 Driver closed.
I0909 10:44:05.730902    5053 async_driver.cc:1178] [/dev/vfio/5 tpu665:pe0:0] vf_id:0 Driver closed.
I0909 10:44:05.733401    4980 megascale_context.cc:439] Destroying MegaScale PjrtExecutableContext: jit__identity_fn
I0909 10:44:05.733522    4980 megascale_context.cc:1131] Destroying MegaScale PjrtClientContext.
MC_CONFIG_END name=mrss16 pass=1
MC_CONFIG_BEGIN name=mrss16_ck16 pass=1 port=1303 flags=--xla_tpu_use_megascale_host_reduction=false --megascale_max_reduction_shard_size=16777216 --megascale_chunk_size=16777216
ERROR: Accessing retired flag 'eventmanager2_as_default_eventmanager'
I0909 10:44:15.437657    5307 b295d63588a.cc:792] Linux version 6.12.94+ (builder@b181c7a13d4c) (Chromium OS 17.0_pre498229-r33 clang version 17.0.0 (/mnt/host/source/src/third_party/llvm-project 14f0776550b5a49e1c42f49a00213f7f3fa047bf), LLD 17.0.0) #1 SMP Mon Jul 27 22:05:55 UTC 2026
I0909 10:44:15.438018    5307 b295d63588a.cc:876] Process id 5307
I0909 10:44:15.438042    5307 b295d63588a.cc:882] Current working directory /jax-ai-image
I0909 10:44:15.438047    5307 b295d63588a.cc:885] Current timezone is UTC (currently UTC +00:00)
I0909 10:44:15.438050    5307 b295d63588a.cc:890] Built on Dec 31 1969 16:00:00 (0)
I0909 10:44:15.438051    5307 b295d63588a.cc:891]  at redacted@redacted:.
I0909 10:44:15.438052    5307 b295d63588a.cc:892]  as //learning/45eac/tfrc/executor:_libtpu.so.native
I0909 10:44:15.438054    5307 b295d63588a.cc:893]  for gcc-4.X.Y-crosstool-v18-llvm-grtev4-k8.k8
I0909 10:44:15.438056    5307 b295d63588a.cc:902] Build tool: redacted
I0909 10:44:15.438057    5307 b295d63588a.cc:903] Build target: 
I0909 10:44:15.438062    5307 b295d63588a.cc:911] Command line arguments:
I0909 10:44:15.438064    5307 b295d63588a.cc:913] argv[0]: './tpu_driver'
I0909 10:44:15.438066    5307 b295d63588a.cc:913] argv[1]: '--minloglevel=0'
I0909 10:44:15.438068    5307 b295d63588a.cc:913] argv[2]: '--stderrthreshold=0'
I0909 10:44:15.438069    5307 b295d63588a.cc:913] argv[3]: '--v=0'
I0909 10:44:15.438070    5307 b295d63588a.cc:913] argv[4]: '--vmodule='
I0909 10:44:15.438072    5307 b295d63588a.cc:913] argv[5]: '--log_dir=/tmp/tpu_logs/benchmark'
I0909 10:44:15.438073    5307 b295d63588a.cc:913] argv[6]: '--max_log_size=1024'
I0909 10:44:15.438075    5307 b295d63588a.cc:913] argv[7]: '--deepsea_hal_included_devs=1,2,3,0'
I0909 10:44:15.438076    5307 b295d63588a.cc:913] argv[8]: '--megascale_transport_numa_node=0,1'
I0909 10:44:15.438078    5307 b295d63588a.cc:913] argv[9]: '--next_pluggable_device_use_c_api=0'
I0909 10:44:15.438079    5307 b295d63588a.cc:913] argv[10]: '--deepsea_wrap=false,false,false'
I0909 10:44:15.438081    5307 b295d63588a.cc:913] argv[11]: '--deepsea_twist=false'
I0909 10:44:15.438087    5307 b295d63588a.cc:913] argv[12]: '--deepsea_chip_config_name=default'
I0909 10:44:15.438088    5307 b295d63588a.cc:913] argv[13]: '--deepsea_chips_per_host_bounds=2,2,1'
I0909 10:44:15.438089    5307 b295d63588a.cc:913] argv[14]: '--deepsea_host_bounds=1,1,1'
I0909 10:44:15.438091    5307 b295d63588a.cc:913] argv[15]: '--deepsea_slice_builder_worker_port=8471'
I0909 10:44:15.438092    5307 b295d63588a.cc:913] argv[16]: '--deepsea_slice_builder_worker_addresses=dcn-mc-slice-0-0.dcn-mc:8471'
I0909 10:44:15.438093    5307 b295d63588a.cc:913] argv[17]: '--tpu_slice_builder_dump_chip=false'
I0909 10:44:15.438095    5307 b295d63588a.cc:913] argv[18]: '--tpu_slice_builder_dump_chip_force=false'
I0909 10:44:15.438096    5307 b295d63588a.cc:913] argv[19]: '--tpu_slice_builder_dump_to_localhost=1'
I0909 10:44:15.438097    5307 b295d63588a.cc:913] argv[20]: '--vbar_control_service_url=unix:///var/run/tpu-plugin/vbar.sock'
I0909 10:44:15.438098    5307 b295d63588a.cc:913] argv[21]: '--bypass_vbar_control_service=0'
I0909 10:44:15.438100    5307 b295d63588a.cc:913] argv[22]: '--deepsea_ici_resilient=false'
I0909 10:44:15.438101    5307 b295d63588a.cc:913] argv[23]: '--xla_tpu_use_resilient_collective_emitter=false'
I0909 10:44:15.438102    5307 b295d63588a.cc:913] argv[24]: '--tpu_slice_builder_topology_discovery_fault_injection='
I0909 10:44:15.438103    5307 b295d63588a.cc:913] argv[25]: '--runtime_metric_service_port=8431'
I0909 10:44:15.438105    5307 b295d63588a.cc:913] argv[26]: '--tpu_hbm_report_enable=1'
I0909 10:44:15.438106    5307 b295d63588a.cc:913] argv[27]: '--tpu_hbm_report_frequency=5s'
I0909 10:44:15.438108    5307 b295d63588a.cc:913] argv[28]: '--megascale_coordinator_address=dcn-mc-slice-0-0.dcn-mc:8081'
I0909 10:44:15.438109    5307 b295d63588a.cc:913] argv[29]: '--megascale_slice_id=0'
I0909 10:44:15.438110    5307 b295d63588a.cc:913] argv[30]: '--megascale_num_slices=2'
I0909 10:44:15.438111    5307 b295d63588a.cc:913] argv[31]: '--megascale_transport_type=grpc'
I0909 10:44:15.438112    5307 b295d63588a.cc:913] argv[32]: '--megascale_port=8081'
I0909 10:44:15.438114    5307 b295d63588a.cc:913] argv[33]: '--megascale_use_insecure_grpc'
I0909 10:44:15.438115    5307 b295d63588a.cc:913] argv[34]: '--megascale_grpc_use_chaotic_good=true'
I0909 10:44:15.438120    5307 b295d63588a.cc:913] argv[35]: '--megascale_grpc_use_event_engine_allocator=true'
I0909 10:44:15.438122    5307 b295d63588a.cc:913] argv[36]: '--grpc_enable_tcp_recv_zerocopy=false'
I0909 10:44:15.438123    5307 b295d63588a.cc:913] argv[37]: '--grpc_enable_rpc_receive_coalescing=true'
I0909 10:44:15.438124    5307 b295d63588a.cc:913] argv[38]: '--megascale_grpc_enable_numa_aware_transmit=true'
I0909 10:44:15.438125    5307 b295d63588a.cc:913] argv[39]: '--megascale_grpc_use_numa_aware_event_engine=true'
I0909 10:44:15.438126    5307 b295d63588a.cc:913] argv[40]: '--megascale_debug_port=8081'
I0909 10:44:15.438127    5307 b295d63588a.cc:913] argv[41]: '--eventmanager2_as_default_eventmanager'
I0909 10:44:15.438129    5307 b295d63588a.cc:913] argv[42]: '--eventmanager2_default_autosizer=mean_latency'
I0909 10:44:15.438130    5307 b295d63588a.cc:913] argv[43]: '--megascale_grpc_enable_xor_tracer=true'
I0909 10:44:15.438131    5307 b295d63588a.cc:913] argv[44]: '--xor_trace_sampling_period=100'
I0909 10:44:15.438133    5307 b295d63588a.cc:913] argv[45]: '--rpc_transport_metrics_period=20'
I0909 10:44:15.438134    5307 b295d63588a.cc:913] argv[46]: '--grpc_experiments=event_engine_client,chaotic_good_framing_layer,tcp_rcv_lowat,instrument_tcp_telemetry,event_engine_listener,use_call_event_engine_in_completion_queue'
I0909 10:44:15.438136    5307 b295d63588a.cc:913] argv[47]: '--enable_runtime_uptime_telemetry=true'
I0909 10:44:15.438137    5307 b295d63588a.cc:913] argv[48]: '--xla_tpu_use_megascale_host_reduction=false'
I0909 10:44:15.438139    5307 b295d63588a.cc:913] argv[49]: '--megascale_max_reduction_shard_size=16777216'
I0909 10:44:15.438140    5307 b295d63588a.cc:913] argv[50]: '--megascale_chunk_size=16777216'
I0909 10:44:15.438141    5307 b295d63588a.cc:913] argv[51]: '--xla_tpu_use_enhanced_launch_barrier=true'
I0909 10:44:15.438142    5307 b295d63588a.cc:913] argv[52]: '--xla_tpu_prefer_async_allgather_to_allreduce=true'
I0909 10:44:15.438144    5307 b295d63588a.cc:913] argv[53]: '--xla_tpu_data_parallel_opt_different_sized_ops=true'
I0909 10:44:15.438145    5307 b295d63588a.cc:913] argv[54]: '--xla_tpu_enable_data_parallel_all_reduce_opt=true'
I0909 10:44:15.438146    5307 b295d63588a.cc:913] argv[55]: '--megascale_coordinator_address=dcn-mc-slice-0-0.dcn-mc:8081'
I0909 10:44:15.438147    5307 b295d63588a.cc:913] argv[56]: '--megascale_slice_id=0'
I0909 10:44:15.438148    5307 b295d63588a.cc:913] argv[57]: '--megascale_num_slices=2'
I0909 10:44:15.438150    5307 b295d63588a.cc:913] argv[58]: '--megascale_transport_type=grpc'
I0909 10:44:15.438151    5307 b295d63588a.cc:913] argv[59]: '--megascale_port=8081'
I0909 10:44:15.438152    5307 b295d63588a.cc:913] argv[60]: '--megascale_use_insecure_grpc'
I0909 10:44:15.438153    5307 b295d63588a.cc:913] argv[61]: '--megascale_grpc_interface_prefixes=eth1,eth2,lo'
I0909 10:44:15.438331    5307 init.cc:78] Remote crash gathering hook installed.
I0909 10:44:15.474442    5307 tpu_runtime_type_flags.cc:78] --tpu_use_tfrt not specified. Using default value: true
I0909 10:44:15.474541    5307 host_command_handler_factory.cc:31] Skipping registration of host command handler for opcode Log because it is not in the allowlist.
I0909 10:44:15.474561    5307 tpu_hal.cc:467] Registered plugin from module: megascale_sync_flag_logger
I0909 10:44:15.476625    5307 tpu_hal.cc:467] Registered plugin from module: RuntimeMetricHelper
E0909 10:44:15.476650    5307 autosizer.cc:43] mean_latency is deprecated. Please remove this setting.
I0909 10:44:15.478946    5307 logger.cc:308] Enabling threaded logging for severity WARNING
I0909 10:44:15.478975    5307 tpu_hal.cc:467] Registered plugin from module: sdc_checker_callback
I0909 10:44:15.479639    5307 mlock.cc:220] mlock()-ed 4096 bytes for BuildID, using 1 syscalls.
I0909 10:44:15.479701    5307 debug_manager.cc:266] Registering error handler with name: libtpu_telemetry_handler
I0909 10:44:15.493218    5307 singleton_tpu_states_manager.cc:86] TPU premapped buffer enabled. Size: 4294967296 Threshold: 4294967296 Partitions: 1
I0909 10:44:15.493233    5307 singleton_tpu_states_manager.cc:110] TpuStatesManager::GetOrCreate(): no tpu system exists. Creating a new tpu system.
I0909 10:44:15.500049    5307 device_util.cc:89] Found 4 TPU7x chips.
I0909 10:44:15.500066    5307 tpu_version_flag.cc:77] Using auto-detected TPU version TPU7x
I0909 10:44:15.516462    5307 tpu_chip_config.cc:367] Resolved chip config alias default->megachip for 6acc60406, 
I0909 10:44:15.516742    5307 pending_event_logger.cc:1003] Enabling PjRt/TPU event dependency logging.
I0909 10:44:15.522701    5682 flags_util.cc:316] Using 8471 from --deepsea_slice_builder_worker_port as SliceBuilder worker service port.
I0909 10:44:15.527958    5682 tpu_network_factory.cc:67] Running in Cloud, using TpunetdClient
I0909 10:44:15.527983    5682 tpunetd_client.cc:163] Creating TpunetdClient with topology go/debugproto  
x_dimension: 2
y_dimension: 2
z_dimension: 1
x_wrapping: false
y_wrapping: false
z_wrapping: false
I0909 10:44:15.537642    5682 init-domain.cc:132] Fiber init: default domain = futex, concurrency = 246, prefix = futex-default
I0909 10:44:17.437895    5686 async_driver.cc:485] [/dev/vfio/6 tpu665:pe0:1] vf_id:0 Driver opened.
I0909 10:44:17.438661    5685 async_driver.cc:485] [/dev/vfio/5 tpu665:pe0:0] vf_id:0 Driver opened.
I0909 10:44:17.446886    5688 async_driver.cc:485] [/dev/vfio/7 tpu665:pe0:3] vf_id:0 Driver opened.
I0909 10:44:17.497502    5684 futex.cc:71] RAW: Futex::Swap(): using GFUTEX_SWAP
I0909 10:44:17.514013    5686 tpu_vxc_driver.cc:967] Throttled firmware queue size configured to 223(Firmware queue size: 256, leaving 32 for misc purposes).
I0909 10:44:17.521577    5685 tpu_vxc_driver.cc:967] Throttled firmware queue size configured to 223(Firmware queue size: 256, leaving 32 for misc purposes).
I0909 10:44:17.538170    5687 async_driver.cc:485] [/dev/vfio/3 tpu665:pe0:2] vf_id:0 Driver opened.
I0909 10:44:17.538303    5688 tpu_vxc_driver.cc:967] Throttled firmware queue size configured to 223(Firmware queue size: 256, leaving 32 for misc purposes).
I0909 10:44:17.559602    5686 async_driver.cc:1843] All cores supported.
I0909 10:44:17.560043    5685 async_driver.cc:1843] All cores supported.
I0909 10:44:17.561578    5688 async_driver.cc:1843] All cores supported.
I0909 10:44:17.570964    5687 tpu_vxc_driver.cc:967] Throttled firmware queue size configured to 223(Firmware queue size: 256, leaving 32 for misc purposes).
I0909 10:44:17.579452    5687 async_driver.cc:1843] All cores supported.
I0909 10:44:17.579505    5682 tpunetd_client.cc:338] Connecting to vbar control service at unix:///var/run/tpu-plugin/vbar.sock
I0909 10:44:17.579576    5682 config.cc:265] gRPC experiments: instrument_tcp_telemetry:on, tcp_rcv_lowat:on, use_call_event_engine_in_completion_queue:on; default-enabled: buffer_list_deletion_prep, cache_loas_context_in_connection_context, call_tracer_send_initial_metadata_is_an_annotation, callv3_batch_validation, callv3_ef5bb7_client, callv3_ef5bb7_server, chaotic_good_framing_layer, chaotic_good_send_supported_features, custom_frame_check, directpath_rpc_header_sanitization_filter, ef5bb7_global_family_cache, event_engine_callback_cq, event_engine_client, event_engine_listener, header_data_frame, inproc_cancel_stream, message_size_refactoring, monitoring_experiment, optimization_01, optimization_02, optimization_03, optimization_04, ph2_perf_01, promise_batch_cleanup_on_cancel, promise_filter_send_cancel_metadata, psp_tsi_handshaker_shutdown, skip_clear_peer_on_cancellation, tsi_frame_protector_without_locks, v2_non_owning_waker_implementation, verbose_channelz_connection_logging, wildcard_ip_expansion_restriction, xds_server_filter_chain_per_route
I0909 10:44:17.590541    5682 tpunetd_client.cc:289] Session manager starting a new session...
I0909 10:44:17.707388    5682 vbar_control.cc:201] TPU backend connection test passed! 
I0909 10:44:17.918080    5682 tpunetd_client.cc:291] Session manager started the new session.
I0909 10:44:17.918094    5682 tpunetd_client.cc:295] Session master starting a new session...
I0909 10:44:17.918096    5682 session_master.cc:263] Starting a new ICI network session...
I0909 10:44:17.918211    5684 session_worker_service.cc:110] Session master notifies the worker in a new session: 27d8f19d40e8a12a
I0909 10:44:18.023178    5682 session_master.cc:307] Successfully started ICI network session with session id: 27d8f19d40e8a12a
I0909 10:44:18.023228    5682 tpunetd_client.cc:297] Session master started the new session.
I0909 10:44:18.027910    5682 tpu_hal.cc:209] Starting premapped memory manager initialization...
W0909 10:44:18.031024    5685 libtpu_telemetry_utils.cc:44] Metric already exists: hlo.execution.timing.distribution.microseconds
W0909 10:44:18.031058    5685 libtpu_telemetry_utils.cc:44] Metric already exists: hlo.queue.size.gauge
W0909 10:44:18.031156    5688 libtpu_telemetry_utils.cc:44] Metric already exists: hlo.execution.timing.distribution.microseconds
W0909 10:44:18.031177    5688 libtpu_telemetry_utils.cc:44] Metric already exists: hlo.queue.size.gauge
W0909 10:44:18.031278    5687 libtpu_telemetry_utils.cc:44] Metric already exists: hlo.execution.timing.distribution.microseconds
W0909 10:44:18.031303    5687 libtpu_telemetry_utils.cc:44] Metric already exists: hlo.queue.size.gauge
W0909 10:44:18.032403    5686 libtpu_telemetry_utils.cc:44] Metric already exists: hlo.execution.timing.distribution.microseconds
W0909 10:44:18.032427    5686 libtpu_telemetry_utils.cc:44] Metric already exists: hlo.queue.size.gauge
W0909 10:44:18.032463    5685 libtpu_telemetry_utils.cc:44] Metric already exists: hlo.execution.timing.distribution.microseconds
W0909 10:44:18.032474    5685 libtpu_telemetry_utils.cc:44] Metric already exists: hlo.queue.size.gauge
W0909 10:44:18.032648    5688 libtpu_telemetry_utils.cc:44] Metric already exists: hlo.execution.timing.distribution.microseconds
W0909 10:44:18.032658    5688 libtpu_telemetry_utils.cc:44] Metric already exists: hlo.queue.size.gauge
W0909 10:44:18.032757    5687 libtpu_telemetry_utils.cc:44] Metric already exists: hlo.execution.timing.distribution.microseconds
W0909 10:44:18.032771    5687 libtpu_telemetry_utils.cc:44] Metric already exists: hlo.queue.size.gauge
I0909 10:44:20.617101    5682 runtime_metric_service.cc:197] Successfully started Runtime Metric Service on port: 8431
I0909 10:44:20.617293    5682 system.cc:1112] tpu::System initialized, current host id: 0, logical device ids: 0,1,2,3,4,5,6,7
I0909 10:44:20.617344    5307 tpu_system_state.cc:224] CreateTpuSystemState: TPU initialization is successful and it took 5.100591716s
I0909 10:44:20.617366    5307 tpu_system_state.cc:228] CreateTpuSystemState: using TPU host premapped buffer of size: 4294967296
I0909 10:44:20.617384    5307 tpu_host_allocator.cc:68] Premapped buffer is using alignment 64
I0909 10:44:20.617873    5307 tpu_linearizer.cc:104] Inflight linearization byte limit configured to : 1099511627776
I0909 10:44:20.617880    5307 tpu_linearizer.cc:118] Inflight delinearization byte limit configured to : 1099511627776
I0909 10:44:20.618123    6030 tpu_diagnostic_coordinator.cc:610] TpuDiagnosticCoordinator listening on socket /tmp/tpu_diag_trigger_5307.socket (symlinked at /tmp/tpu_diag_latest.socket)
I0909 10:44:20.618343    5307 allocator_stats_reporter.cc:117] Starting AllocatorStats Reporter with reporting interval: 5s
I0909 10:44:20.618369    5307 megascale_context.cc:969] Using shared executor for compute since we are running on 6acc60406.
W0909 10:44:20.618377    5307 impairments_service.cc:60] Resetting impairments.
I0909 10:44:20.618399    5307 numa_utils.cc:43] Available NUMA node in this process: 1,0
E0909 10:44:20.618524    5307 autosizer.cc:43] mean_latency is deprecated. Please remove this setting.
E0909 10:44:20.620909    5307 autosizer.cc:43] mean_latency is deprecated. Please remove this setting.
I0909 10:44:20.623453    5307 flags.cc:231] The actual send_rpc_timeout is set to: 45s. Adjusted from the original send_rpc_timeout: 45s, graph_hang_threshold: 5m, graph_within_launch_hang_threshold: 1m
I0909 10:44:20.623472    5307 numa_aware_allocator.cc:60] Creating numa aware allocators, number of NUMA nodes is 2
I0909 10:44:20.623478    5307 numa_aware_allocator.cc:63] Creating numa aware allocator for NUMA nodes 0
I0909 10:44:20.623499    5307 communication_backend.cc:300] Done allocating premapped memory of size 17179869184 bytes in 19.144us
I0909 10:44:20.623504    5307 numa_aware_allocator.cc:76] Binding memory address 0x78f72bfff000 with NUMA node mask 1
I0909 10:44:32.591628    5307 communication_backend.cc:310] Done premapping memory of size 17179869184 bytes in 11.967681201s
I0909 10:44:32.591666    5307 numa_aware_allocator.cc:63] Creating numa aware allocator for NUMA nodes 1
I0909 10:44:32.591698    5307 communication_backend.cc:300] Done allocating premapped memory of size 17179869184 bytes in 27.94us
I0909 10:44:32.591702    5307 numa_aware_allocator.cc:76] Binding memory address 0x78f32bffd000 with NUMA node mask 2
I0909 10:44:45.573612    5307 communication_backend.cc:310] Done premapping memory of size 17179869184 bytes in 12.980747333s
I0909 10:44:45.573649    5307 communication_backend.cc:375] Preallocated 17179869184 bytes with Megascale allocator.
I0909 10:44:45.573677    5307 eigen_compute_engine.cc:333] Creating EigenComputeEngine with options: { executor = 0x59e19eb318d0,  force_use_shared_executor = true,  num_cores_per_device = 16 }
I0909 10:44:45.573706    5951 communication_backend.cc:1179] Initializing MegaScale transport.
E0909 10:44:45.573759    5951 autosizer.cc:43] mean_latency is deprecated. Please remove this setting.
E0909 10:44:45.573838    5307 autosizer.cc:43] mean_latency is deprecated. Please remove this setting.
E0909 10:44:45.577505    5307 autosizer.cc:43] mean_latency is deprecated. Please remove this setting.
E0909 10:44:45.577923    5951 autosizer.cc:43] mean_latency is deprecated. Please remove this setting.
E0909 10:44:45.580183    5307 autosizer.cc:43] mean_latency is deprecated. Please remove this setting.
E0909 10:44:45.594640    5951 autosizer.cc:43] mean_latency is deprecated. Please remove this setting.
E0909 10:44:45.594675    5307 autosizer.cc:43] mean_latency is deprecated. Please remove this setting.
E0909 10:44:45.597777    5307 autosizer.cc:43] mean_latency is deprecated. Please remove this setting.
I0909 10:44:45.597893    5951 grpc_transport.cc:2407] Create GrpcTransport with LIBTPU_ON_GCE.
I0909 10:44:45.597960    5951 transport.cc:862] Using IP addresses for interface discovery.
I0909 10:44:45.597964    5951 transport.cc:757] Could not read interface to NUMA node map from env variables, falling back to reading from file system.
I0909 10:44:45.598130    5951 transport.cc:723] Could not read filename /sys/class/net/cilium_host/device/numa_node with status Stat failed for /sys/class/net/cilium_host/device/numa_node: No such file or directory
I0909 10:44:45.598143    5951 transport.cc:723] Could not read filename /sys/class/net/cilium_net/device/numa_node with status Stat failed for /sys/class/net/cilium_net/device/numa_node: No such file or directory
I0909 10:44:45.598152    5951 transport.cc:723] Could not read filename /sys/class/net/docker0/device/numa_node with status Stat failed for /sys/class/net/docker0/device/numa_node: No such file or directory
I0909 10:44:45.598525    5951 transport.cc:723] Could not read filename /sys/class/net/lo/device/numa_node with status Stat failed for /sys/class/net/lo/device/numa_node: No such file or directory
I0909 10:44:45.598535    5951 transport.cc:723] Could not read filename /sys/class/net/lxc4fe41b89d307/device/numa_node with status Stat failed for /sys/class/net/lxc4fe41b89d307/device/numa_node: No such file or directory
I0909 10:44:45.598543    5951 transport.cc:723] Could not read filename /sys/class/net/lxc97328b7cf461/device/numa_node with status Stat failed for /sys/class/net/lxc97328b7cf461/device/numa_node: No such file or directory
I0909 10:44:45.598553    5951 transport.cc:723] Could not read filename /sys/class/net/lxca79a06aa4d95/device/numa_node with status Stat failed for /sys/class/net/lxca79a06aa4d95/device/numa_node: No such file or directory
I0909 10:44:45.598561    5951 transport.cc:723] Could not read filename /sys/class/net/lxcd09ed389fd55/device/numa_node with status Stat failed for /sys/class/net/lxcd09ed389fd55/device/numa_node: No such file or directory
I0909 10:44:45.598570    5951 transport.cc:723] Could not read filename /sys/class/net/lxcd4eaddf52b40/device/numa_node with status Stat failed for /sys/class/net/lxcd4eaddf52b40/device/numa_node: No such file or directory
I0909 10:44:45.598573    5951 transport.cc:734] Interfaces on available NUMA nodes: [{"eth1", 0}, {"eth0", 0}, {"eth2", 1}]
I0909 10:44:45.598598    5951 transport.cc:761] Interfaces corresponding to process' NUMA nodes: [[{"eth0", 0}, {"eth2", 1}, {"eth1", 0}]]
I0909 10:44:45.599452    5951 transport.cc:773] Interface eth0 will not be used as it does not start with one of the prefixes: eth1,eth2,lo
I0909 10:44:45.599463    5951 transport.cc:773] Interface docker0 will not be used as it does not start with one of the prefixes: eth1,eth2,lo
I0909 10:44:45.599465    5951 transport.cc:773] Interface lxc97328b7cf461 will not be used as it does not start with one of the prefixes: eth1,eth2,lo
I0909 10:44:45.599467    5951 transport.cc:773] Interface lxc4fe41b89d307 will not be used as it does not start with one of the prefixes: eth1,eth2,lo
I0909 10:44:45.599469    5951 transport.cc:773] Interface cilium_net will not be used as it does not start with one of the prefixes: eth1,eth2,lo
I0909 10:44:45.599471    5951 transport.cc:773] Interface cilium_host will not be used as it does not start with one of the prefixes: eth1,eth2,lo
I0909 10:44:45.599473    5951 transport.cc:773] Interface lxca79a06aa4d95 will not be used as it does not start with one of the prefixes: eth1,eth2,lo
I0909 10:44:45.599475    5951 transport.cc:773] Interface lxcd4eaddf52b40 will not be used as it does not start with one of the prefixes: eth1,eth2,lo
I0909 10:44:45.599477    5951 transport.cc:773] Interface lxcd09ed389fd55 will not be used as it does not start with one of the prefixes: eth1,eth2,lo
I0909 10:44:45.599481    5951 transport.cc:773] Interface eth0 will not be used as it does not start with one of the prefixes: eth1,eth2,lo
I0909 10:44:45.599542    5951 transport.cc:819] Added IP address 10.240.96.14:8081 on network interface eth1
I0909 10:44:45.599548    5951 transport.cc:819] Added IP address 10.240.48.15:8081 on network interface eth2
I0909 10:44:45.599550    5951 transport.cc:773] Interface docker0 will not be used as it does not start with one of the prefixes: eth1,eth2,lo
I0909 10:44:45.599552    5951 transport.cc:773] Interface lxc97328b7cf461 will not be used as it does not start with one of the prefixes: eth1,eth2,lo
I0909 10:44:45.599554    5951 transport.cc:773] Interface lxc4fe41b89d307 will not be used as it does not start with one of the prefixes: eth1,eth2,lo
I0909 10:44:45.599556    5951 transport.cc:773] Interface cilium_host will not be used as it does not start with one of the prefixes: eth1,eth2,lo
I0909 10:44:45.599558    5951 transport.cc:773] Interface lxca79a06aa4d95 will not be used as it does not start with one of the prefixes: eth1,eth2,lo
I0909 10:44:45.599560    5951 transport.cc:773] Interface lxcd4eaddf52b40 will not be used as it does not start with one of the prefixes: eth1,eth2,lo
I0909 10:44:45.599562    5951 transport.cc:773] Interface lxcd09ed389fd55 will not be used as it does not start with one of the prefixes: eth1,eth2,lo
I0909 10:44:45.599564    5951 transport.cc:773] Interface eth0 will not be used as it does not start with one of the prefixes: eth1,eth2,lo
I0909 10:44:45.599566    5951 transport.cc:773] Interface lxc97328b7cf461 will not be used as it does not start with one of the prefixes: eth1,eth2,lo
I0909 10:44:45.599569    5951 transport.cc:773] Interface lxc4fe41b89d307 will not be used as it does not start with one of the prefixes: eth1,eth2,lo
I0909 10:44:45.599571    5951 transport.cc:773] Interface cilium_net will not be used as it does not start with one of the prefixes: eth1,eth2,lo
I0909 10:44:45.599573    5951 transport.cc:773] Interface cilium_host will not be used as it does not start with one of the prefixes: eth1,eth2,lo
I0909 10:44:45.599575    5951 transport.cc:773] Interface lxca79a06aa4d95 will not be used as it does not start with one of the prefixes: eth1,eth2,lo
I0909 10:44:45.599577    5951 transport.cc:773] Interface lxcd4eaddf52b40 will not be used as it does not start with one of the prefixes: eth1,eth2,lo
I0909 10:44:45.599579    5951 transport.cc:773] Interface lxcd09ed389fd55 will not be used as it does not start with one of the prefixes: eth1,eth2,lo
I0909 10:44:45.599589    5951 grpc_transport.cc:2332] Creating gRPC server on: 10.240.96.14:8081eth1
I0909 10:44:45.599605    5951 grpc_transport.cc:2348] Creating gRPC server with event engine allocator (chaotic good).
I0909 10:44:45.599617    5951 grpc_transport.cc:2365] Starting gRPC server on: 10.240.96.14:8081
I0909 10:44:45.600331    5951 grpc_transport.cc:2332] Creating gRPC server on: 10.240.48.15:8081eth2
I0909 10:44:45.600360    5951 grpc_transport.cc:2348] Creating gRPC server with event engine allocator (chaotic good).
I0909 10:44:45.600366    5951 grpc_transport.cc:2365] Starting gRPC server on: 10.240.48.15:8081
I0909 10:44:45.600680    5951 communication_backend.cc:1290] MegaScale transport initialized.
I0909 10:44:45.600695    5951 communication_backend.cc:1489] MegaScale transport init succeeded.
E0909 10:44:45.601400    5307 autosizer.cc:43] mean_latency is deprecated. Please remove this setting.
I0909 10:44:45.603897    5307 debug_service_impl.cc:185] Starting Megascale Debug Server
I0909 10:44:45.604291    5307 topology_coordinator.cc:57] Megascale Topology Coordinator started for 2 slices
I0909 10:44:45.604311    5307 transport.cc:862] Using IP addresses for interface discovery.
I0909 10:44:45.604314    5307 transport.cc:757] Could not read interface to NUMA node map from env variables, falling back to reading from file system.
I0909 10:44:45.604316    5307 transport.cc:761] Interfaces corresponding to process' NUMA nodes: [[{"eth1", 0}, {"eth0", 0}, {"eth2", 1}]]
I0909 10:44:45.604708    5307 transport.cc:773] Interface eth0 will not be used as it does not start with one of the prefixes: eth1,eth2,lo
I0909 10:44:45.604716    5307 transport.cc:773] Interface docker0 will not be used as it does not start with one of the prefixes: eth1,eth2,lo
I0909 10:44:45.604718    5307 transport.cc:773] Interface lxc97328b7cf461 will not be used as it does not start with one of the prefixes: eth1,eth2,lo
I0909 10:44:45.604720    5307 transport.cc:773] Interface lxc4fe41b89d307 will not be used as it does not start with one of the prefixes: eth1,eth2,lo
I0909 10:44:45.604721    5307 transport.cc:773] Interface cilium_net will not be used as it does not start with one of the prefixes: eth1,eth2,lo
I0909 10:44:45.604722    5307 transport.cc:773] Interface cilium_host will not be used as it does not start with one of the prefixes: eth1,eth2,lo
I0909 10:44:45.604724    5307 transport.cc:773] Interface lxca79a06aa4d95 will not be used as it does not start with one of the prefixes: eth1,eth2,lo
I0909 10:44:45.604725    5307 transport.cc:773] Interface lxcd4eaddf52b40 will not be used as it does not start with one of the prefixes: eth1,eth2,lo
I0909 10:44:45.604726    5307 transport.cc:773] Interface lxcd09ed389fd55 will not be used as it does not start with one of the prefixes: eth1,eth2,lo
I0909 10:44:45.604728    5307 transport.cc:773] Interface eth0 will not be used as it does not start with one of the prefixes: eth1,eth2,lo
I0909 10:44:45.604733    5307 transport.cc:819] Added IP address 10.240.96.14:8081 on network interface eth1
I0909 10:44:45.604737    5307 transport.cc:819] Added IP address 10.240.48.15:8081 on network interface eth2
I0909 10:44:45.604739    5307 transport.cc:773] Interface docker0 will not be used as it does not start with one of the prefixes: eth1,eth2,lo
I0909 10:44:45.604740    5307 transport.cc:773] Interface lxc97328b7cf461 will not be used as it does not start with one of the prefixes: eth1,eth2,lo
I0909 10:44:45.604742    5307 transport.cc:773] Interface lxc4fe41b89d307 will not be used as it does not start with one of the prefixes: eth1,eth2,lo
I0909 10:44:45.604743    5307 transport.cc:773] Interface cilium_host will not be used as it does not start with one of the prefixes: eth1,eth2,lo
I0909 10:44:45.604745    5307 transport.cc:773] Interface lxca79a06aa4d95 will not be used as it does not start with one of the prefixes: eth1,eth2,lo
I0909 10:44:45.604747    5307 transport.cc:773] Interface lxcd4eaddf52b40 will not be used as it does not start with one of the prefixes: eth1,eth2,lo
I0909 10:44:45.604748    5307 transport.cc:773] Interface lxcd09ed389fd55 will not be used as it does not start with one of the prefixes: eth1,eth2,lo
I0909 10:44:45.604750    5307 transport.cc:773] Interface eth0 will not be used as it does not start with one of the prefixes: eth1,eth2,lo
I0909 10:44:45.604752    5307 transport.cc:773] Interface lxc97328b7cf461 will not be used as it does not start with one of the prefixes: eth1,eth2,lo
I0909 10:44:45.604754    5307 transport.cc:773] Interface lxc4fe41b89d307 will not be used as it does not start with one of the prefixes: eth1,eth2,lo
I0909 10:44:45.604755    5307 transport.cc:773] Interface cilium_net will not be used as it does not start with one of the prefixes: eth1,eth2,lo
I0909 10:44:45.604757    5307 transport.cc:773] Interface cilium_host will not be used as it does not start with one of the prefixes: eth1,eth2,lo
I0909 10:44:45.604759    5307 transport.cc:773] Interface lxca79a06aa4d95 will not be used as it does not start with one of the prefixes: eth1,eth2,lo
I0909 10:44:45.604760    5307 transport.cc:773] Interface lxcd4eaddf52b40 will not be used as it does not start with one of the prefixes: eth1,eth2,lo
I0909 10:44:45.604761    5307 transport.cc:773] Interface lxcd09ed389fd55 will not be used as it does not start with one of the prefixes: eth1,eth2,lo
I0909 10:44:45.604766    5307 communication_backend.cc:984] Sending topology discovery request: go/debugproto  
address_mapping {
  addresses {
    address: "10.240.96.14:8081"
    interface_name: "eth1"
    host_name_for_debugging: "gke-tpu-edbc8be2-lf21"
  }
  addresses {
    address: "10.240.48.15:8081"
    interface_name: "eth2"
    host_name_for_debugging: "gke-tpu-edbc8be2-lf21"
    numa_node: 1
  }
  incarnation_id: 6477372966704596838
}
tpu_topology_args {
  version: TPU_VERSION_6acc60406
  platform_type: TPU_PLATFORM_TYPE_HARDWARE
  chip_config_name: "default"
  chips_per_host_bounds {
    x: 2
    y: 2
    z: 1
  }
  host_bounds {
    x: 1
    y: 1
    z: 1
  }
  wrap {
  }
  enhanced_barrier_enabled: true
  use_continuations: true
  routing_strategy: ROUTING_MESH
}
incarnation_id: 6477372966704596838
I0909 10:44:45.605071    5307 grpc_transport.cc:2220] Creating client for slice 0 host 0
I0909 10:44:45.605089    5307 grpc_transport.cc:2203] Using default interface. Available interfaces: [eth1,eth2]. Server information: go/debugproto  
address: "dcn-mc-slice-0-0.dcn-mc:8081"
I0909 10:44:45.605184    5307 grpc_transport.cc:2278] Created 1 channels for 1 interfaces on slice 0 host 0.
 Load balancing policy: Dynamic lb: max_outstanding_bytes (8388608).
I0909 10:44:45.605761    6155 cachednslookup.cc:391] TTL not found in response, not caching response
I0909 10:44:45.608651    6141 tpu_chip_config.cc:367] Resolved chip config alias default->megachip for 6acc60406, 
I0909 10:44:46.609048    6025 topology_coordinator.cc:178] MegaScale Topology Discovery in progress. Missing hosts (num_slices=1, num_hosts=0): slice1.*
I0909 10:44:47.501147    6247 tpu_chip_config.cc:367] Resolved chip config alias default->megachip for 6acc60406, 
I0909 10:44:47.501399    6247 topology_coordinator.cc:325] MegaScale Topology Discovery completed.
I0909 10:44:47.501654    5307 communication_backend.cc:1002] Received topology discovery response: go/debugproto  
slice_info {
  tpu_topology_args {
    version: TPU_VERSION_6acc60406
    platform_type: TPU_PLATFORM_TYPE_HARDWARE
    chip_config_name: "default"
    chips_per_host_bounds {
      x: 2
      y: 2
      z: 1
    }
    host_bounds {
      x: 1
      y: 1
      z: 1
    }
    wrap {
    }
    enhanced_barrier_enabled: true
    use_continuations: true
    routing_strategy: ROUTING_MESH
  }
}
slice_info {
  slice_id: 1
  tpu_topology_args {
    version: TPU_VERSION_6acc60406
    platform_type: TPU_PLATFORM_TYPE_HARDWARE
    chip_config_name: "default"
    chips_per_host_bounds {
      x: 2
      y: 2
      z: 1
    }
    host_bounds {
      x: 1
      y: 1
      z: 1
    }
    wrap {
    }
    enhanced_barrier_enabled: true
    use_continuations: true
    routing_strategy: ROUTING_MESH
  }
}
address_mappings {
  addresses {
    address: "10.240.96.14:8081"
    interface_name: "eth1"
    host_name_for_debugging: "gke-tpu-edbc8be2-lf21"
  }
  addresses {
    address: "10.240.48.15:8081"
    interface_name: "eth2"
    host_name_for_debugging: "gke-tpu-edbc8be2-lf21"
    numa_node: 1
  }
  incarnation_id: 6477372966704596838
}
address_mappings {
  slice_id: 1
  addresses {
    address: "10.240.96.4:8081"
    interface_name: "eth1"
    host_name_for_debugging: "gke-tpu-edbc8be2-0ml3"
  }
  addresses {
    address: "10.240.48.4:8081"
    interface_name: "eth2"
    host_name_for_debugging: "gke-tpu-edbc8be2-0ml3"
    numa_node: 1
  }
  incarnation_id: 17398067453107651186
}
incarnation_id: 6477372966704596838
I0909 10:44:47.501769    5307 debug_manager.cc:266] Registering error handler with name: default_handler
I0909 10:44:47.501778    5307 megascale_context.cc:571] Using DCN topology: go/debugproto  
I0909 10:44:47.501807    5307 tpu_chip_config.cc:367] Resolved chip config alias default->megachip for 6acc60406, 
DCN_MULTISLICE_PREFLIGHT {"global_device_count": 16, "local_device_count": 8, "process_count": 2, "process_id": 0, "slice_counts": {"0": 8, "1": 8}}
W0909 10:44:47.503541    6266 pjrt_client.h:601] UpdateGlobalProcessInfo is not supported.
I0909 10:44:47.542559    5307 dump.cc:725] HloModule dump enabled with path prefix: , suffix: before_optimizations
W0909 10:44:47.547641    6268 tpu_spmd_partitioner.cc:460] Collective matmul V1 is enabled. Please consider migrating to V2 since V1 will be deprecated soon. You can enable V2 by setting xla_tpu_all_gather_collective_matmul_mode=post_spmd and xla_tpu_reduce_scatter_collective_matmul_mode=post_spmd.
I0909 10:44:47.554670    5307 deepsea_compiler_hlo_passes.cc:6406] xla_tpu_impure_hlo_parallel_compile is DISABLED. jit__identity_fn
I0909 10:44:47.557262    5307 latency_hiding_scheduler.cc:4420] [latency-hiding-scheduler] LatencyHidingScheduler current memory usage: 73792 bytes. Current limit: 96638113587
I0909 10:44:47.557584    5307 tpu_plumb_vmem_info.cc:677] scavenging_mode: 3 for module: jit__identity_fn
I0909 10:44:47.573187    5307 deepsea_compiler_hlo_passes.cc:6735] HLO_PASSES stage duration: 27.1849795ms
I0909 10:44:47.609207    6025 topology_coordinator.cc:173] MegaScale Topology Discovery completed.
I0909 10:44:47.737006    6025 tpu_chip_config.cc:367] Resolved chip config alias default->megachip for 6acc60406, 
I0909 10:44:47.737244    6025 tpu_chip_config.cc:367] Resolved chip config alias default->megachip for 6acc60406, 
I0909 10:44:47.737460    6025 memory_space_assignment_util.cc:577] MSA Vmem breakdown: default scoped vmem (from flag): 33554432; does_msa_directly_allocate_scoped_vmem: T; bytes_for_msa_to_allocate: 67043328
I0909 10:44:47.752931    6495 deepsea_compiler_base.cc:4279] BACKEND_PASSES stage duration: 16.74891625ms
I0909 10:44:47.762278    6495 deepsea_compiler_backend.cc:1480] CODE_GENERATION stage duration: 9.2258215ms
I0909 10:44:47.762536    6495 isa_program_util_common.cc:373] (HLO module jit__identity_fn): Executable fingerprint:67556b1dd123307c8bb711c0434fbfac86eab215225618a5f838c0c427d4c3c2
I0909 10:44:47.762539    6495 isa_program_util_common.cc:377] (HLO module jit__identity_fn): Executable fingerprint (including data segments):c43bcc07663f8b538de614a22f9271d5656acd0e5f70af981aecc6805c64d3fd
I0909 10:44:47.762541    6495 isa_program_util_common.cc:380] (HLO module jit__identity_fn): Host transfer fingerprint:e6674013302fbdec09a2c7c89a12b340e612c48cc4b68dbb5d7ca9c5a25bab54
I0909 10:44:47.762712    5307 deepsea_compiler_base.cc:1055] END_TO_END stage duration: 220.33969225ms
I0909 10:44:47.762728    5307 deepsea_compiler_base.cc:1056] Note that END_TO_END duration also includes time outside of HLO_PASSES, BACKEND_PASSES, and CODE_GENERATION
I0909 10:44:47.763435    5307 megascale_context.cc:517] MegaScale DCNTopology fingerprint for: jit__identity_fn : 1688352644216761960 DevicesHash: 11843567257950195766 Topology: go/debugproto 
I0909 10:44:47.763473    5307 graph_builder.cc:257] Shapes to compress: [""]
I0909 10:44:47.763477    5307 graph_builder.cc:259] Prefixes to compress: [""]
I0909 10:44:47.763508    5307 graph_builder.cc:2912] Using MXLA graph seed: all-gather_0
I0909 10:44:47.763658    5307 host_command_scheduler_factory.cc:1312] Created a HostCommandScheduler with 18 rules for module jit__identity_fn HostTransfers Fingerprint: 3701741969770116811.
I0909 10:44:47.763669    5307 megascale_context.cc:686] MegaScale ExecutableContext created for module: jit__identity_fn with DCN topology: go/debugproto  
I0909 10:44:47.764535    6046 communication_backend.cc:625] Created communicator. Hostname: gke-tpu-edbc8be2-lf21 Slice ID: 0 Host ID: 0 NumSlices: 2 Device IDs: 0,1,2,3,4,5,6,7
I0909 10:44:47.766009    6208 grpc_transport.cc:2220] Creating client for slice 1 host 0
I0909 10:44:47.766055    6208 grpc_transport.cc:2200] Sending to 10.240.96.4:8081 on interface: eth1
I0909 10:44:47.766145    6208 grpc_transport.cc:2200] Sending to 10.240.48.4:8081 on interface: eth2
I0909 10:44:47.766180    6208 grpc_transport.cc:2278] Created 2 channels for 2 interfaces on slice 1 host 0.
 Load balancing policy: Dynamic lb: max_outstanding_bytes (8388608).
I0909 10:44:47.792317    5307 deepsea_compiler_hlo_passes.cc:6623] XLA::TPU running hlo passes for 21 instructions, module: jit__lambda
I0909 10:44:47.792331    5307 deepsea_compiler_hlo_passes.cc:6668] Initial HLO module: jit__lambda instructions: 21 fingerprint: 
I0909 10:44:47.792623    5307 deepsea_compiler_hlo_passes.cc:6526] HLO optimizing module: jit__lambda instructions: 19
I0909 10:44:47.792629    5307 deepsea_compiler_hlo_passes.cc:6539] XLA::TPU HLO optimization
W0909 10:44:47.793466    6531 tpu_spmd_partitioner.cc:460] Collective matmul V1 is enabled. Please consider migrating to V2 since V1 will be deprecated soon. You can enable V2 by setting xla_tpu_all_gather_collective_matmul_mode=post_spmd and xla_tpu_reduce_scatter_collective_matmul_mode=post_spmd.
I0909 10:44:47.802874    5307 deepsea_compiler_hlo_passes.cc:6406] xla_tpu_impure_hlo_parallel_compile is DISABLED. jit__lambda
I0909 10:44:47.805327    5307 deepsea_compiler_hlo_passes.cc:5472] XLA::TPU HLO PostOptimizationPipeline
I0909 10:44:47.806571    5307 latency_hiding_scheduler.cc:4420] [latency-hiding-scheduler] LatencyHidingScheduler current memory usage: 41024 bytes. Current limit: 96637751091
I0909 10:44:47.807225    5307 tpu_plumb_vmem_info.cc:677] scavenging_mode: 3 for module: jit__lambda
I0909 10:44:47.807800    5307 deepsea_compiler_hlo_passes.cc:6735] HLO_PASSES stage duration: 15.4694645ms
I0909 10:44:47.808890    6025 tpu_chip_config.cc:367] Resolved chip config alias default->megachip for 6acc60406, 
I0909 10:44:47.809088    6025 tpu_chip_config.cc:367] Resolved chip config alias default->megachip for 6acc60406, 
I0909 10:44:47.809270    6025 memory_space_assignment_util.cc:577] MSA Vmem breakdown: default scoped vmem (from flag): 33554432; does_msa_directly_allocate_scoped_vmem: T; bytes_for_msa_to_allocate: 67043328
I0909 10:44:47.826300    6535 deepsea_compiler_base.cc:4279] BACKEND_PASSES stage duration: 17.904682ms
I0909 10:44:47.828724    6535 deepsea_compiler_backend.cc:1784] final program bundle count: 788 note this count does not reflect cycles spent executing delays.
I0909 10:44:47.833757    6535 deepsea_compiler_backend.cc:1980] Program divided into 2 overlays without HLO functions (90.5K).
I0909 10:44:47.833821    6535 deepsea_compiler_backend.cc:2150] XLA::TPU module name: jit__lambda
I0909 10:44:47.833825    6535 deepsea_compiler_backend.cc:2152] XLA::TPU program HBM usage: 266.5K / 94.74G
I0909 10:44:47.833827    6535 deepsea_compiler_backend.cc:2159] Note that --xla_tpu_max_hbm_size_mib is not specified. This means that the compiler may use up all available HBM, possibly prioritizing other metrics (latency, compile-time, ..) over memory usage. To reduce memory usage, set --xla_tpu_max_hbm_size_mib to a smaller value.
I0909 10:44:47.833828    6535 deepsea_compiler_backend.cc:2193] XLA::TPU program VMEM usage: 32.00M / 64.00M
I0909 10:44:47.833835    6535 deepsea_compiler_backend.cc:2204] Total hbm usage >= 268.28M:
    reserved        268.00M 
    program          266.5K 
    arguments         16.0K 

Output size 512B; shares 0B with arguments.

Total host usage >= 0B:
    reserved             0B 
    program         unknown size 
    arguments            0B 

Output size 0B; shares 0B with arguments.

I0909 10:44:47.833847    6535 deepsea_compiler_backend.cc:2208] Program sflag requirement 228B:
    reserved           204B
    scoped              16B
    HLO temp             8B (100.0% utilization: Unpadded (8B) Padded (8B), 0.0% fragmentation (0B))
Program sparse_core_sequencer_sflag requirement 36B:
    reserved            36B
Program sparse_core_tile_sflag requirement 4B:
    reserved             4B
Program sparse_core_sequencer_smem requirement 64B:
    reserved            64B
Program sparse_core_tile_smem requirement 0B:
Program hbm requirement 266.5K:
    HLO temp         176.0K (100.0% utilization: Unpadded (24.3K) Padded (24.3K), 86.2% fragmentation (151.7K))
    overlays          90.5K
Program vmem requirement 32.00M:
    HLO temp         32.00M (0.0% utilization: Unpadded (0B) Padded (0B), 100.0% fragmentation (32.00M))
Program smem requirement 36B:
    global               4B
    scoped              32B
Program host requirement 0B:
I0909 10:44:47.833849    6535 deepsea_compiler_backend.cc:2216] XLA::TPU program SMEM usage: 1.9K / 1.00M (1 parameters)
I0909 10:44:47.833927    6535 deepsea_compiler_backend.cc:1480] CODE_GENERATION stage duration: 7.553791ms
I0909 10:44:47.834198    6535 isa_program_util_common.cc:373] (HLO module jit__lambda): Executable fingerprint:6a126cddbd2c7a63446e46d5dcaf750209d6c974ec79e4080fdc4ca9886f81e4
I0909 10:44:47.834201    6535 isa_program_util_common.cc:377] (HLO module jit__lambda): Executable fingerprint (including data segments):12c0715cab49b82f1e3ea1846957d5d3523547d5bf3cc57bcf82f0517b7a92e8
I0909 10:44:47.834202    6535 isa_program_util_common.cc:380] (HLO module jit__lambda): Host transfer fingerprint:2b9801a161c74c27631ae5e0b6d660abd73031d7eba34a0a6e10fff8dfd2f3ae
I0909 10:44:47.834362    5307 deepsea_compiler_base.cc:1055] END_TO_END stage duration: 44.51928075ms
I0909 10:44:47.834371    5307 deepsea_compiler_base.cc:1056] Note that END_TO_END duration also includes time outside of HLO_PASSES, BACKEND_PASSES, and CODE_GENERATION
I0909 10:44:47.834946    5307 megascale_context.cc:517] MegaScale DCNTopology fingerprint for: jit__lambda : 1688352644216761960 DevicesHash: 8081921339993277715 Topology: go/debugproto 
I0909 10:44:47.835234    5307 host_command_scheduler_factory.cc:1312] Created a HostCommandScheduler with 54 rules for module jit__lambda HostTransfers Fingerprint: 12151718319723310994.
I0909 10:44:47.835254    5307 megascale_context.cc:686] MegaScale ExecutableContext created for module: jit__lambda with DCN topology: go/debugproto  
I0909 10:44:47.860162    5307 deepsea_compiler_hlo_passes.cc:6623] XLA::TPU running hlo passes for 21 instructions, module: jit__lambda
I0909 10:44:47.860172    5307 deepsea_compiler_hlo_passes.cc:6668] Initial HLO module: jit__lambda instructions: 21 fingerprint: 
I0909 10:44:47.860394    5307 deepsea_compiler_hlo_passes.cc:6526] HLO optimizing module: jit__lambda instructions: 19
I0909 10:44:47.860399    5307 deepsea_compiler_hlo_passes.cc:6539] XLA::TPU HLO optimization
W0909 10:44:47.860926    6545 tpu_spmd_partitioner.cc:460] Collective matmul V1 is enabled. Please consider migrating to V2 since V1 will be deprecated soon. You can enable V2 by setting xla_tpu_all_gather_collective_matmul_mode=post_spmd and xla_tpu_reduce_scatter_collective_matmul_mode=post_spmd.
I0909 10:44:47.868565    5307 deepsea_compiler_hlo_passes.cc:6406] xla_tpu_impure_hlo_parallel_compile is DISABLED. jit__lambda
I0909 10:44:47.870721    5307 deepsea_compiler_hlo_passes.cc:5472] XLA::TPU HLO PostOptimizationPipeline
I0909 10:44:47.871852    5307 latency_hiding_scheduler.cc:4420] [latency-hiding-scheduler] LatencyHidingScheduler current memory usage: 41024 bytes. Current limit: 96637751091
I0909 10:44:47.872408    5307 tpu_plumb_vmem_info.cc:677] scavenging_mode: 3 for module: jit__lambda
I0909 10:44:47.872947    5307 deepsea_compiler_hlo_passes.cc:6735] HLO_PASSES stage duration: 12.7753425ms
I0909 10:44:47.874155    6025 tpu_chip_config.cc:367] Resolved chip config alias default->megachip for 6acc60406, 
I0909 10:44:47.874309    6025 tpu_chip_config.cc:367] Resolved chip config alias default->megachip for 6acc60406, 
I0909 10:44:47.874487    6025 memory_space_assignment_util.cc:577] MSA Vmem breakdown: default scoped vmem (from flag): 33554432; does_msa_directly_allocate_scoped_vmem: T; bytes_for_msa_to_allocate: 67043328
I0909 10:44:47.892051    6549 deepsea_compiler_base.cc:4279] BACKEND_PASSES stage duration: 18.48297275ms
I0909 10:44:47.894802    6549 deepsea_compiler_backend.cc:1784] final program bundle count: 788 note this count does not reflect cycles spent executing delays.
I0909 10:44:47.901336    6549 deepsea_compiler_backend.cc:1980] Program divided into 2 overlays without HLO functions (90.5K).
I0909 10:44:47.901412    6549 deepsea_compiler_backend.cc:2150] XLA::TPU module name: jit__lambda
I0909 10:44:47.901417    6549 deepsea_compiler_backend.cc:2152] XLA::TPU program HBM usage: 266.5K / 94.74G
I0909 10:44:47.901419    6549 deepsea_compiler_backend.cc:2159] Note that --xla_tpu_max_hbm_size_mib is not specified. This means that the compiler may use up all available HBM, possibly prioritizing other metrics (latency, compile-time, ..) over memory usage. To reduce memory usage, set --xla_tpu_max_hbm_size_mib to a smaller value.
I0909 10:44:47.901421    6549 deepsea_compiler_backend.cc:2193] XLA::TPU program VMEM usage: 32.00M / 64.00M
I0909 10:44:47.901429    6549 deepsea_compiler_backend.cc:2204] Total hbm usage >= 268.28M:
    reserved        268.00M 
    program          266.5K 
    arguments         16.0K 

Output size 512B; shares 0B with arguments.

Total host usage >= 0B:
    reserved             0B 
    program         unknown size 
    arguments            0B 

Output size 0B; shares 0B with arguments.

I0909 10:44:47.901444    6549 deepsea_compiler_backend.cc:2208] Program sflag requirement 228B:
    reserved           204B
    scoped              16B
    HLO temp             8B (100.0% utilization: Unpadded (8B) Padded (8B), 0.0% fragmentation (0B))
Program sparse_core_sequencer_sflag requirement 36B:
    reserved            36B
Program sparse_core_tile_sflag requirement 4B:
    reserved             4B
Program sparse_core_sequencer_smem requirement 64B:
    reserved            64B
Program sparse_core_tile_smem requirement 0B:
Program hbm requirement 266.5K:
    HLO temp         176.0K (100.0% utilization: Unpadded (24.3K) Padded (24.3K), 86.2% fragmentation (151.7K))
    overlays          90.5K
Program vmem requirement 32.00M:
    HLO temp         32.00M (0.0% utilization: Unpadded (0B) Padded (0B), 100.0% fragmentation (32.00M))
Program smem requirement 36B:
    global               4B
    scoped              32B
Program host requirement 0B:
I0909 10:44:47.901447    6549 deepsea_compiler_backend.cc:2216] XLA::TPU program SMEM usage: 1.9K / 1.00M (1 parameters)
I0909 10:44:47.901540    6549 deepsea_compiler_backend.cc:1480] CODE_GENERATION stage duration: 9.41989975ms
I0909 10:44:47.901882    6549 isa_program_util_common.cc:373] (HLO module jit__lambda): Executable fingerprint:6a126cddbd2c7a63446e46d5dcaf750209d6c974ec79e4080fdc4ca9886f81e4
I0909 10:44:47.901885    6549 isa_program_util_common.cc:377] (HLO module jit__lambda): Executable fingerprint (including data segments):12c0715cab49b82f1e3ea1846957d5d3523547d5bf3cc57bcf82f0517b7a92e8
I0909 10:44:47.901886    6549 isa_program_util_common.cc:380] (HLO module jit__lambda): Host transfer fingerprint:2b9801a161c74c27631ae5e0b6d660abd73031d7eba34a0a6e10fff8dfd2f3ae
I0909 10:44:47.902097    5307 deepsea_compiler_base.cc:1055] END_TO_END stage duration: 44.033568ms
I0909 10:44:47.902114    5307 deepsea_compiler_base.cc:1056] Note that END_TO_END duration also includes time outside of HLO_PASSES, BACKEND_PASSES, and CODE_GENERATION
I0909 10:44:47.902727    5307 megascale_context.cc:517] MegaScale DCNTopology fingerprint for: jit__lambda : 1688352644216761960 DevicesHash: 8081921339993277715 Topology: go/debugproto 
I0909 10:44:47.903103    5307 host_command_scheduler_factory.cc:1312] Created a HostCommandScheduler with 54 rules for module jit__lambda HostTransfers Fingerprint: 12151718319723310994.
I0909 10:44:47.903131    5307 megascale_context.cc:686] MegaScale ExecutableContext created for module: jit__lambda with DCN topology: go/debugproto  
I0909 10:44:47.910369    5404 megascale_context.cc:439] Destroying MegaScale PjrtExecutableContext: jit__lambda
I0909 10:44:47.928169    5307 deepsea_compiler_hlo_passes.cc:6623] XLA::TPU running hlo passes for 19 instructions, module: jit__lambda
I0909 10:44:47.928179    5307 deepsea_compiler_hlo_passes.cc:6668] Initial HLO module: jit__lambda instructions: 19 fingerprint: 
I0909 10:44:47.928387    5307 deepsea_compiler_hlo_passes.cc:6526] HLO optimizing module: jit__lambda instructions: 17
I0909 10:44:47.928391    5307 deepsea_compiler_hlo_passes.cc:6539] XLA::TPU HLO optimization
W0909 10:44:47.928994    6556 tpu_spmd_partitioner.cc:460] Collective matmul V1 is enabled. Please consider migrating to V2 since V1 will be deprecated soon. You can enable V2 by setting xla_tpu_all_gather_collective_matmul_mode=post_spmd and xla_tpu_reduce_scatter_collective_matmul_mode=post_spmd.
I0909 10:44:47.934968    5307 deepsea_compiler_hlo_passes.cc:6406] xla_tpu_impure_hlo_parallel_compile is DISABLED. jit__lambda
I0909 10:44:47.937037    5307 deepsea_compiler_hlo_passes.cc:5472] XLA::TPU HLO PostOptimizationPipeline
I0909 10:44:47.937887    5307 latency_hiding_scheduler.cc:4420] [latency-hiding-scheduler] LatencyHidingScheduler current memory usage: 24640 bytes. Current limit: 96637894451
I0909 10:44:47.938327    5307 tpu_plumb_vmem_info.cc:677] scavenging_mode: 3 for module: jit__lambda
I0909 10:44:47.938789    5307 deepsea_compiler_hlo_passes.cc:6735] HLO_PASSES stage duration: 10.6104655ms
I0909 10:44:47.939879    6025 tpu_chip_config.cc:367] Resolved chip config alias default->megachip for 6acc60406, 
I0909 10:44:47.940050    6025 tpu_chip_config.cc:367] Resolved chip config alias default->megachip for 6acc60406, 
I0909 10:44:47.940228    6025 memory_space_assignment_util.cc:577] MSA Vmem breakdown: default scoped vmem (from flag): 33554432; does_msa_directly_allocate_scoped_vmem: T; bytes_for_msa_to_allocate: 67043328
I0909 10:44:47.956645    6560 deepsea_compiler_base.cc:4279] BACKEND_PASSES stage duration: 17.238557ms
I0909 10:44:47.959321    6560 deepsea_compiler_backend.cc:1784] final program bundle count: 626 note this count does not reflect cycles spent executing delays.
I0909 10:44:47.966336    6560 deepsea_compiler_backend.cc:1980] Program divided into 2 overlays without HLO functions (80.5K).
I0909 10:44:47.966391    6560 deepsea_compiler_backend.cc:2150] XLA::TPU module name: jit__lambda
I0909 10:44:47.966394    6560 deepsea_compiler_backend.cc:2152] XLA::TPU program HBM usage: 208.5K / 94.74G
I0909 10:44:47.966396    6560 deepsea_compiler_backend.cc:2159] Note that --xla_tpu_max_hbm_size_mib is not specified. This means that the compiler may use up all available HBM, possibly prioritizing other metrics (latency, compile-time, ..) over memory usage. To reduce memory usage, set --xla_tpu_max_hbm_size_mib to a smaller value.
I0909 10:44:47.966398    6560 deepsea_compiler_backend.cc:2193] XLA::TPU program VMEM usage: 32.00M / 64.00M
I0909 10:44:47.966403    6560 deepsea_compiler_backend.cc:2204] Total hbm usage >= 268.22M:
    reserved        268.00M 
    program          208.5K 
    arguments         16.0K 

Output size 512B; shares 0B with arguments.

Total host usage >= 0B:
    reserved             0B 
    program         unknown size 
    arguments            0B 

Output size 0B; shares 0B with arguments.

I0909 10:44:47.966413    6560 deepsea_compiler_backend.cc:2208] Program sflag requirement 224B:
    reserved           204B
    scoped              12B
    HLO temp             8B (100.0% utilization: Unpadded (8B) Padded (8B), 0.0% fragmentation (0B))
Program sparse_core_sequencer_sflag requirement 36B:
    reserved            36B
Program sparse_core_tile_sflag requirement 4B:
    reserved             4B
Program sparse_core_sequencer_smem requirement 64B:
    reserved            64B
Program sparse_core_tile_smem requirement 0B:
Program hbm requirement 208.5K:
    HLO temp         128.0K (49.1% utilization: Unpadded (8.2K) Padded (16.7K), 87.0% fragmentation (111.3K))
    overlays          80.5K
Program vmem requirement 32.00M:
    HLO temp         32.00M (0.0% utilization: Unpadded (0B) Padded (0B), 100.0% fragmentation (32.00M))
Program smem requirement 36B:
    global               4B
    scoped              32B
Program host requirement 0B:
I0909 10:44:47.966415    6560 deepsea_compiler_backend.cc:2216] XLA::TPU program SMEM usage: 1.9K / 1.00M (1 parameters)
I0909 10:44:47.966490    6560 deepsea_compiler_backend.cc:1480] CODE_GENERATION stage duration: 9.77288025ms
I0909 10:44:47.966721    6560 isa_program_util_common.cc:373] (HLO module jit__lambda): Executable fingerprint:4a4bf7195f2e28a358732e4bad360b9ab79156518433b25ddb27df2e76864c13
I0909 10:44:47.966723    6560 isa_program_util_common.cc:377] (HLO module jit__lambda): Executable fingerprint (including data segments):41df051aa1d5cc95b6bd65dcd0fe59634f8d45c83e436d4b0b21da6da348f7ba
I0909 10:44:47.966724    6560 isa_program_util_common.cc:380] (HLO module jit__lambda): Host transfer fingerprint:5c8f40e7dcd653d84e947d890338940d2b2e1ffba06eadb57827e716f5782f97
I0909 10:44:47.967019    5307 deepsea_compiler_base.cc:1055] END_TO_END stage duration: 41.257384ms
I0909 10:44:47.967045    5307 deepsea_compiler_base.cc:1056] Note that END_TO_END duration also includes time outside of HLO_PASSES, BACKEND_PASSES, and CODE_GENERATION
I0909 10:44:47.967607    5307 megascale_context.cc:517] MegaScale DCNTopology fingerprint for: jit__lambda : 1688352644216761960 DevicesHash: 8081921339993277715 Topology: go/debugproto 
I0909 10:44:47.967783    5307 host_command_scheduler_factory.cc:1312] Created a HostCommandScheduler with 36 rules for module jit__lambda HostTransfers Fingerprint: 8427318606672400244.
I0909 10:44:47.967796    5307 megascale_context.cc:686] MegaScale ExecutableContext created for module: jit__lambda with DCN topology: go/debugproto  
MANUAL_AR_VERIFY {"exchange_add": true, "psum": true, "psum_checksum": 3.0}
I0909 10:44:47.973553    5951 megascale_context.cc:439] Destroying MegaScale PjrtExecutableContext: jit__lambda
W0909 10:44:47.987343    6562 tpu_spmd_partitioner.cc:460] Collective matmul V1 is enabled. Please consider migrating to V2 since V1 will be deprecated soon. You can enable V2 by setting xla_tpu_all_gather_collective_matmul_mode=post_spmd and xla_tpu_reduce_scatter_collective_matmul_mode=post_spmd.
I0909 10:44:47.992862    5307 deepsea_compiler_hlo_passes.cc:6406] xla_tpu_impure_hlo_parallel_compile is DISABLED. jit__lambda
I0909 10:44:47.994520    5307 tpu_plumb_vmem_info.cc:677] scavenging_mode: 3 for module: jit__lambda
I0909 10:44:48.006780    5307 deepsea_compiler_hlo_passes.cc:6735] HLO_PASSES stage duration: 20.10211925ms
I0909 10:44:48.007717    6025 tpu_chip_config.cc:367] Resolved chip config alias default->megachip for 6acc60406, 
I0909 10:44:48.007882    6025 tpu_chip_config.cc:367] Resolved chip config alias default->megachip for 6acc60406, 
I0909 10:44:48.008106    6025 memory_space_assignment_util.cc:577] MSA Vmem breakdown: default scoped vmem (from flag): 33554432; does_msa_directly_allocate_scoped_vmem: T; bytes_for_msa_to_allocate: 67043328
I0909 10:44:48.038809    6564 deepsea_compiler_base.cc:4279] BACKEND_PASSES stage duration: 31.50067175ms
I0909 10:44:48.046213    6564 deepsea_compiler_backend.cc:1480] CODE_GENERATION stage duration: 7.33140675ms
I0909 10:44:48.046486    6564 isa_program_util_common.cc:373] (HLO module jit__lambda): Executable fingerprint:bc586dffeac4e7ae318e7d154bf8e04f4304c94ca0093b387a7797ec3816d14b
I0909 10:44:48.046489    6564 isa_program_util_common.cc:377] (HLO module jit__lambda): Executable fingerprint (including data segments):a2faf2ce0762128844e7a122c148a8aece70b237d9b143ffa46b761ac2a0d991
I0909 10:44:48.046491    6564 isa_program_util_common.cc:380] (HLO module jit__lambda): Host transfer fingerprint:e3b0c44298fc1c149afbf4c8996fb92427ae41e4649b934ca495991b7852b855
I0909 10:44:48.046656    5307 deepsea_compiler_base.cc:1055] END_TO_END stage duration: 62.73191125ms
I0909 10:44:48.046669    5307 deepsea_compiler_base.cc:1056] Note that END_TO_END duration also includes time outside of HLO_PASSES, BACKEND_PASSES, and CODE_GENERATION
I0909 10:44:48.047122    5307 host_command_scheduler_factory.cc:1312] Created a HostCommandScheduler with 0 rules for module jit__lambda HostTransfers Fingerprint: 0.
I0909 10:44:48.047135    5307 megascale_context.cc:686] MegaScale ExecutableContext created for module: jit__lambda with DCN topology: go/debugproto  
I0909 10:44:48.050282    5970 megascale_context.cc:439] Destroying MegaScale PjrtExecutableContext: jit__lambda
W0909 10:44:48.064247    6568 tpu_spmd_partitioner.cc:460] Collective matmul V1 is enabled. Please consider migrating to V2 since V1 will be deprecated soon. You can enable V2 by setting xla_tpu_all_gather_collective_matmul_mode=post_spmd and xla_tpu_reduce_scatter_collective_matmul_mode=post_spmd.
I0909 10:44:48.069244    5307 deepsea_compiler_hlo_passes.cc:6406] xla_tpu_impure_hlo_parallel_compile is DISABLED. jit__identity_fn
I0909 10:44:48.072630    5307 latency_hiding_scheduler.cc:4420] [latency-hiding-scheduler] LatencyHidingScheduler current memory usage: 10816 bytes. Current limit: 96637838643
I0909 10:44:48.073213    5307 tpu_plumb_vmem_info.cc:677] scavenging_mode: 3 for module: jit__identity_fn
I0909 10:44:48.073741    5307 deepsea_compiler_hlo_passes.cc:6735] HLO_PASSES stage duration: 10.23014875ms
I0909 10:44:48.075010    6025 tpu_chip_config.cc:367] Resolved chip config alias default->megachip for 6acc60406, 
I0909 10:44:48.075189    6025 tpu_chip_config.cc:367] Resolved chip config alias default->megachip for 6acc60406, 
I0909 10:44:48.075385    6025 memory_space_assignment_util.cc:577] MSA Vmem breakdown: default scoped vmem (from flag): 33554432; does_msa_directly_allocate_scoped_vmem: T; bytes_for_msa_to_allocate: 67043328
I0909 10:44:48.100014    6570 deepsea_compiler_base.cc:4279] BACKEND_PASSES stage duration: 25.54974925ms
I0909 10:44:48.107508    6570 deepsea_compiler_backend.cc:1480] CODE_GENERATION stage duration: 7.40765275ms
I0909 10:44:48.107798    6570 isa_program_util_common.cc:373] (HLO module jit__identity_fn): Executable fingerprint:fd3b0d6bd150f631ee1516bdd9fe68433befc25b43e5ac8c1bf0647642d4a029
I0909 10:44:48.107801    6570 isa_program_util_common.cc:377] (HLO module jit__identity_fn): Executable fingerprint (including data segments):b4793e425396e7ab5df0b40c15a832140ecb3328718901424ce0f42c7f63731d
I0909 10:44:48.107802    6570 isa_program_util_common.cc:380] (HLO module jit__identity_fn): Host transfer fingerprint:f21887b8cd1a7de9f1745e6458df4dba74bea513f1593c4409ce2cd383777ca8
I0909 10:44:48.108082    5307 deepsea_compiler_base.cc:1055] END_TO_END stage duration: 46.58894575ms
I0909 10:44:48.108097    5307 deepsea_compiler_base.cc:1056] Note that END_TO_END duration also includes time outside of HLO_PASSES, BACKEND_PASSES, and CODE_GENERATION
I0909 10:44:48.108624    5307 megascale_context.cc:517] MegaScale DCNTopology fingerprint for: jit__identity_fn : 1688352644216761960 DevicesHash: 11843567257950195766 Topology: go/debugproto 
I0909 10:44:48.108751    5307 host_command_scheduler_factory.cc:1312] Created a HostCommandScheduler with 18 rules for module jit__identity_fn HostTransfers Fingerprint: 14547820116035419324.
I0909 10:44:48.108761    5307 megascale_context.cc:686] MegaScale ExecutableContext created for module: jit__identity_fn with DCN topology: go/debugproto  
I0909 10:44:48.111716    5406 megascale_context.cc:439] Destroying MegaScale PjrtExecutableContext: jit__lambda
W0909 10:44:48.127365    6575 tpu_spmd_partitioner.cc:460] Collective matmul V1 is enabled. Please consider migrating to V2 since V1 will be deprecated soon. You can enable V2 by setting xla_tpu_all_gather_collective_matmul_mode=post_spmd and xla_tpu_reduce_scatter_collective_matmul_mode=post_spmd.
I0909 10:44:48.132622    5307 deepsea_compiler_hlo_passes.cc:6406] xla_tpu_impure_hlo_parallel_compile is DISABLED. jit_op
I0909 10:44:48.135387    5307 latency_hiding_scheduler.cc:4420] [latency-hiding-scheduler] LatencyHidingScheduler current memory usage: 1610620992 bytes. Current limit: 95564271411
I0909 10:44:48.135800    5307 tpu_plumb_vmem_info.cc:677] scavenging_mode: 3 for module: jit_op
I0909 10:44:48.167153    5307 deepsea_compiler_hlo_passes.cc:6735] HLO_PASSES stage duration: 40.45346275ms
I0909 10:44:48.168435    6507 tpu_chip_config.cc:367] Resolved chip config alias default->megachip for 6acc60406, 
I0909 10:44:48.168615    6507 tpu_chip_config.cc:367] Resolved chip config alias default->megachip for 6acc60406, 
I0909 10:44:48.168787    6507 memory_space_assignment_util.cc:577] MSA Vmem breakdown: default scoped vmem (from flag): 33554432; does_msa_directly_allocate_scoped_vmem: T; bytes_for_msa_to_allocate: 67043328
I0909 10:44:48.250765    6579 deepsea_compiler_base.cc:4279] BACKEND_PASSES stage duration: 83.00584075ms
I0909 10:44:48.259769    6579 deepsea_compiler_backend.cc:1480] CODE_GENERATION stage duration: 8.915765ms
I0909 10:44:48.260149    6579 isa_program_util_common.cc:373] (HLO module jit_op): Executable fingerprint:0f2b665f05c3c4afe211f3c371efcab563df28a2ebf1e3fea485408c5722f8dc
I0909 10:44:48.260153    6579 isa_program_util_common.cc:377] (HLO module jit_op): Executable fingerprint (including data segments):86848f6f1a06a74bef5f269280dc370998aab50634976e92618a9f9f14091724
I0909 10:44:48.260154    6579 isa_program_util_common.cc:380] (HLO module jit_op): Host transfer fingerprint:294ab033fa7a89f4c4b5c51d8744fa6f4206e6d1d2d85c49c24e64e2b1444859
I0909 10:44:48.260439    5307 deepsea_compiler_base.cc:1055] END_TO_END stage duration: 135.8178775ms
I0909 10:44:48.260460    5307 deepsea_compiler_base.cc:1056] Note that END_TO_END duration also includes time outside of HLO_PASSES, BACKEND_PASSES, and CODE_GENERATION
I0909 10:44:48.261118    5307 megascale_context.cc:517] MegaScale DCNTopology fingerprint for: jit_op : 1688352644216761960 DevicesHash: 8081921339993277715 Topology: go/debugproto 
I0909 10:44:48.264102    5307 host_command_scheduler_factory.cc:1312] Created a HostCommandScheduler with 36 rules for module jit_op HostTransfers Fingerprint: 12634255100403355191.
I0909 10:44:48.264349    5307 megascale_context.cc:686] MegaScale ExecutableContext created for module: jit_op with DCN topology: go/debugproto  
I0909 10:44:48.275385    6149 generic-stream-socket.h:1667] Cannot process timestamp for type=1 seq=16810787 time=2026-09-09T10:44:48.27531269+00:00
W0909 10:44:48.288894    6048 grpc_transport.cc:1186] Too many pending sends: 128
W0909 10:44:48.473113    6043 tpu_pjrt_client.cc:2333] PjRt execution dispatch was blocked for 196.009705ms because PjRt's max in-flight computation semaphore is full (limit: 32), which may negatively affect the performance
W0909 10:44:58.372794    6622 grpc_transport.cc:1186] Too many pending sends: 128
W0909 10:45:08.451547    6985 grpc_transport.cc:1186] Too many pending sends: 128
W0909 10:45:18.501019    7351 grpc_transport.cc:1186] Too many pending sends: 128
W0909 10:45:28.537367    7340 grpc_transport.cc:1186] Too many pending sends: 128
W0909 10:45:38.663366    7476 grpc_transport.cc:1186] Too many pending sends: 128
I0909 10:45:44.889999    5307 megascale_context.cc:439] Destroying MegaScale PjrtExecutableContext: jit_op
MANUAL_AR_RESULT {"batch": 10, "benchmark": "manual_ar", "host_gbps_best": 323.6712750036535, "host_gbps_median": 320.2014884182743, "matrix_dim": 32768, "network_delta": {"cilium_host": {"rx_bytes": 0, "tx_bytes": 0}, "cilium_net": {"rx_bytes": 0, "tx_bytes": 0}, "docker0": {"rx_bytes": 0, "tx_bytes": 0}, "eth0": {"rx_bytes": 826575, "tx_bytes": 6530898}, "eth1": {"rx_bytes": 1125867137508, "tx_bytes": 1118809798989}, "eth2": {"rx_bytes": 1125378524422, "tx_bytes": 1119824230384}, "lo": {"rx_bytes": 6152668, "tx_bytes": 6152668}, "lxc4fe41b89d307": {"rx_bytes": 525, "tx_bytes": 20173}, "lxc97328b7cf461": {"rx_bytes": 18185, "tx_bytes": 59225}, "lxca79a06aa4d95": {"rx_bytes": 27658, "tx_bytes": 3932}, "lxcd09ed389fd55": {"rx_bytes": 28279, "tx_bytes": 8321}, "lxcd4eaddf52b40": {"rx_bytes": 2254106, "tx_bytes": 692762}}, "participants_per_slice": 8, "reps": 6, "shard_bytes_per_device": 1073741824.0, "time_ms_all": [212.3125592013821, 213.0528104957193, 225.7035568007268, 213.16382930381224, 216.06263729045168, 216.17332079913467], "time_ms_best": 212.3125592013821, "time_ms_median": 214.61323329713196, "variant": "psum", "warmups": 200}
W0909 10:45:44.921017    7565 tpu_spmd_partitioner.cc:460] Collective matmul V1 is enabled. Please consider migrating to V2 since V1 will be deprecated soon. You can enable V2 by setting xla_tpu_all_gather_collective_matmul_mode=post_spmd and xla_tpu_reduce_scatter_collective_matmul_mode=post_spmd.
I0909 10:45:44.928797    5307 deepsea_compiler_hlo_passes.cc:6406] xla_tpu_impure_hlo_parallel_compile is DISABLED. jit_op
I0909 10:45:44.931214    5307 latency_hiding_scheduler.cc:4420] [latency-hiding-scheduler] LatencyHidingScheduler current memory usage: 1073750080 bytes. Current limit: 95564404531
I0909 10:45:44.931557    5307 tpu_plumb_vmem_info.cc:677] scavenging_mode: 3 for module: jit_op
I0909 10:45:44.951686    5307 deepsea_compiler_hlo_passes.cc:6735] HLO_PASSES stage duration: 31.3480875ms
I0909 10:45:44.952847    6507 tpu_chip_config.cc:367] Resolved chip config alias default->megachip for 6acc60406, 
I0909 10:45:44.953073    6507 tpu_chip_config.cc:367] Resolved chip config alias default->megachip for 6acc60406, 
I0909 10:45:44.953266    6507 memory_space_assignment_util.cc:577] MSA Vmem breakdown: default scoped vmem (from flag): 33554432; does_msa_directly_allocate_scoped_vmem: T; bytes_for_msa_to_allocate: 67043328
I0909 10:45:45.068049    7569 deepsea_compiler_base.cc:4279] BACKEND_PASSES stage duration: 115.8454625ms
I0909 10:45:45.075945    7569 deepsea_compiler_backend.cc:1480] CODE_GENERATION stage duration: 7.81749925ms
I0909 10:45:45.076330    7569 isa_program_util_common.cc:373] (HLO module jit_op): Executable fingerprint:33a5a6d6f7cea468562f68254b4eb2b89053eb34e2e10125a401ef1c264018f8
I0909 10:45:45.076334    7569 isa_program_util_common.cc:377] (HLO module jit_op): Executable fingerprint (including data segments):63de7ca22133830a9ecf7d1576f6e0dc97cbc6a522ec2bae425e60708fe1b2d0
I0909 10:45:45.076335    7569 isa_program_util_common.cc:380] (HLO module jit_op): Host transfer fingerprint:c37db3d47c19d90e6b870bb79741e56a58ee0112318c32550eac3926e65c0ec8
I0909 10:45:45.076668    5307 deepsea_compiler_base.cc:1055] END_TO_END stage duration: 158.84230675ms
I0909 10:45:45.076683    5307 deepsea_compiler_base.cc:1056] Note that END_TO_END duration also includes time outside of HLO_PASSES, BACKEND_PASSES, and CODE_GENERATION
I0909 10:45:45.077331    5307 megascale_context.cc:517] MegaScale DCNTopology fingerprint for: jit_op : 1688352644216761960 DevicesHash: 8081921339993277715 Topology: go/debugproto 
I0909 10:45:45.078616    5307 host_command_scheduler_factory.cc:1312] Created a HostCommandScheduler with 18 rules for module jit_op HostTransfers Fingerprint: 158907515329715665.
I0909 10:45:45.078787    5307 megascale_context.cc:686] MegaScale ExecutableContext created for module: jit_op with DCN topology: go/debugproto  
W0909 10:45:48.517870    6043 tpu_pjrt_client.cc:2333] PjRt execution dispatch was blocked for 159.037541ms because PjRt's max in-flight computation semaphore is full (limit: 32), which may negatively affect the performance
W0909 10:45:48.816936    7355 grpc_transport.cc:1186] Too many pending sends: 128
W0909 10:45:58.995931    7427 grpc_transport.cc:1186] Too many pending sends: 128
W0909 10:46:09.029077    7355 grpc_transport.cc:1186] Too many pending sends: 128
W0909 10:46:19.089737    7033 grpc_transport.cc:1186] Too many pending sends: 128
W0909 10:46:29.139468    7295 grpc_transport.cc:1186] Too many pending sends: 128
W0909 10:46:39.203926    7758 grpc_transport.cc:1186] Too many pending sends: 128
I0909 10:46:39.802060    5307 megascale_context.cc:439] Destroying MegaScale PjrtExecutableContext: jit_op
MANUAL_AR_RESULT {"batch": 10, "benchmark": "manual_ar", "host_gbps_best": 329.5256978802808, "host_gbps_median": 308.1988619820643, "matrix_dim": 32768, "network_delta": {"cilium_host": {"rx_bytes": 0, "tx_bytes": 0}, "cilium_net": {"rx_bytes": 0, "tx_bytes": 0}, "docker0": {"rx_bytes": 0, "tx_bytes": 0}, "eth0": {"rx_bytes": 650036, "tx_bytes": 6095088}, "eth1": {"rx_bytes": 1125822691554, "tx_bytes": 1119786783539}, "eth2": {"rx_bytes": 1125629529484, "tx_bytes": 1118874597760}, "lo": {"rx_bytes": 6077206, "tx_bytes": 6077206}, "lxc4fe41b89d307": {"rx_bytes": 363, "tx_bytes": 482}, "lxc97328b7cf461": {"rx_bytes": 19923, "tx_bytes": 110667}, "lxca79a06aa4d95": {"rx_bytes": 27935, "tx_bytes": 4110}, "lxcd09ed389fd55": {"rx_bytes": 32749, "tx_bytes": 5281}, "lxcd4eaddf52b40": {"rx_bytes": 2250484, "tx_bytes": 674394}}, "participants_per_slice": 8, "reps": 6, "shard_bytes_per_device": 1073741824.0, "time_ms_all": [220.81648799357936, 226.59179610200226, 230.9063863940537, 216.47376510081813, 208.54056960670277, 225.1259551034309], "time_ms_best": 208.54056960670277, "time_ms_median": 222.97122154850513, "variant": "exchange_add", "warmups": 200}
MANUAL_AR_SUMMARY {"exchange_add@32768": 329.5, "psum@32768": 323.7}
I0909 10:46:39.807796    5307 megascale_context.cc:439] Destroying MegaScale PjrtExecutableContext: jit__identity_fn
W0909 10:46:39.813106    6266 pjrt_client.h:601] UpdateGlobalProcessInfo is not supported.
I0909 10:46:39.836014    5307 allocator_stats_reporter.cc:147] Stopping AllocatorStatsReporter. Reporting one last time first.
I0909 10:46:39.836242    6029 tpu_diagnostic_coordinator.cc:565] TpuStallWorker thread exiting.
I0909 10:46:40.032160    5307 tpunetd_client.cc:431] Session master stopping the session...
I0909 10:46:40.032296    6505 session_worker_service.cc:115] Session master notifies the worker to disconnect from session 27d8f19d40e8a12a
I0909 10:46:40.032350    5307 tpunetd_client.cc:433] Session master stopped the session.
I0909 10:46:40.032362    5307 tpunetd_client.cc:438] Session manager stopping the session...
I0909 10:46:40.137707    5307 tpunetd_client.cc:440] Session manager stopped the session.
I0909 10:46:45.219565    7558 async_driver.cc:1178] [/dev/vfio/3 tpu665:pe0:2] vf_id:0 Driver closed.
I0909 10:46:45.235125    5951 async_driver.cc:1178] [/dev/vfio/6 tpu665:pe0:1] vf_id:0 Driver closed.
I0909 10:46:45.273876    7369 async_driver.cc:1178] [/dev/vfio/5 tpu665:pe0:0] vf_id:0 Driver closed.
I0909 10:46:45.514337    5405 async_driver.cc:1178] [/dev/vfio/7 tpu665:pe0:3] vf_id:0 Driver closed.
I0909 10:46:45.516752    6086 megascale_context.cc:439] Destroying MegaScale PjrtExecutableContext: jit__identity_fn
I0909 10:46:45.516858    6086 megascale_context.cc:1131] Destroying MegaScale PjrtClientContext.
MC_CONFIG_END name=mrss16_ck16 pass=1
MC_ALL_DONE
