DCN_HOSTNETWORK_PREFLIGHT_BEGIN
host=gke-tpu-edbc8be2-f4wr pod_ip=10.240.0.35 node_ip=10.240.0.35
tcp_rmem=4096	41943040	314572800
lo               UNKNOWN        127.0.0.1/8 169.254.169.252/32 ::1/128 
eth0             UP             10.240.0.35/32 metric 1024 fe80::4001:aff:fef0:23/64 
eth1             UP             10.240.96.10/32 metric 1024 fe80::4001:aff:fef0:600a/64 
eth2             UP             10.240.48.10/32 metric 1024 fe80::4001:aff:fef0:300a/64 
docker0          DOWN           169.254.123.1/24 
lxceee434c5d682@if6 UP             169.254.4.6/32 fe80::fc87:c5ff:fe09:fcaa/64 
cilium_net@cilium_host UP             fe80::24b9:e3ff:fefa:7678/64 
cilium_host@cilium_net UP             169.254.4.6/32 fe80::8d4:6aff:fec5:43cc/64 
lxc98965bb30804@if14 UP             169.254.4.6/32 fe80::8424:22ff:feba:840a/64 
lxc7a46b7c617f2@if194 UP             169.254.4.6/32 fe80::244f:8cff:fed3:7d24/64 
lxcc0f9da7fa3ad@if196 UP             169.254.4.6/32 fe80::ec42:88ff:fe7e:708d/64 
lxcee5710d8dac0@if242 UP             169.254.4.6/32 fe80::b8eb:bdff:fe31:3fa2/64 
default via 10.240.0.1 dev eth0 proto dhcp src 10.240.0.35 metric 1024 quickack 1 
default via 10.240.0.1 dev eth0 proto dhcp src 10.240.0.35 metric 1024 
10.228.7.2 dev lxceee434c5d682 proto kernel scope link 
10.228.7.5 dev lxc98965bb30804 proto kernel scope link 
10.228.7.95 dev lxc7a46b7c617f2 proto kernel scope link 
10.228.7.96 dev lxcc0f9da7fa3ad proto kernel scope link 
10.228.7.119 dev lxcee5710d8dac0 proto kernel scope link 
10.240.0.0/20 via 10.240.0.1 dev eth0 proto dhcp src 10.240.0.35 metric 1024 quickack 1 
10.240.0.0/20 via 10.240.0.1 dev eth0 proto dhcp src 10.240.0.35 metric 1024 
10.240.0.1 dev eth0 proto dhcp scope link src 10.240.0.35 metric 1024 quickack 1 
10.240.0.1 dev eth0 proto dhcp scope link src 10.240.0.35 metric 1024 
10.240.48.0/20 via 10.240.48.1 dev eth2 proto dhcp src 10.240.48.10 metric 1024 quickack 1 
10.240.48.0/20 via 10.240.48.1 dev eth2 proto dhcp src 10.240.48.10 metric 1024 
10.240.48.1 dev eth2 proto dhcp scope link src 10.240.48.10 metric 1024 quickack 1 
10.240.48.1 dev eth2 proto dhcp scope link src 10.240.48.10 metric 1024 
10.240.96.0/20 via 10.240.96.1 dev eth1 proto dhcp src 10.240.96.10 metric 1024 quickack 1 
10.240.96.0/20 via 10.240.96.1 dev eth1 proto dhcp src 10.240.96.10 metric 1024 
10.240.96.1 dev eth1 proto dhcp scope link src 10.240.96.10 metric 1024 quickack 1 
10.240.96.1 dev eth1 proto dhcp scope link src 10.240.96.10 metric 1024 
169.254.123.0/24 dev docker0 proto kernel scope link src 169.254.123.1 linkdown 
169.254.169.254 via 10.240.0.1 dev eth0 proto dhcp src 10.240.0.35 metric 1024 quickack 1 
169.254.169.254 via 10.240.0.1 dev eth0 proto dhcp src 10.240.0.35 metric 1024 
interface=eth0 speed_mbps=200000
interface=eth1 speed_mbps=200000
interface=eth2 speed_mbps=200000
interface=lo speed_mbps=
DCN_HOSTNETWORK_PREFLIGHT_END
Looking in links: https://storage.googleapis.com/jax-releases/libtpu_releases.html
Collecting jax==0.11.0 (from jax[tpu]==0.11.0)
  Downloading jax-0.11.0-py3-none-any.whl.metadata (13 kB)
Collecting libtpu==0.0.44
  Downloading libtpu-0.0.44-cp312-cp312-manylinux_2_31_x86_64.whl.metadata (1.5 kB)
Collecting jaxlib<=0.11.0,>=0.11.0 (from jax==0.11.0->jax[tpu]==0.11.0)
  Downloading jaxlib-0.11.0-cp312-cp312-manylinux_2_27_x86_64.whl.metadata (1.3 kB)
Collecting ml_dtypes>=0.5.0 (from jax==0.11.0->jax[tpu]==0.11.0)
  Downloading ml_dtypes-0.6.0-cp312-cp312-manylinux_2_27_x86_64.manylinux_2_28_x86_64.whl.metadata (8.8 kB)
Collecting numpy>=2.1 (from jax==0.11.0->jax[tpu]==0.11.0)
  Downloading numpy-2.5.3-cp312-cp312-manylinux_2_27_x86_64.manylinux_2_28_x86_64.whl.metadata (6.6 kB)
Collecting opt_einsum (from jax==0.11.0->jax[tpu]==0.11.0)
  Downloading opt_einsum-3.4.0-py3-none-any.whl.metadata (6.3 kB)
Collecting scipy>=1.15 (from jax==0.11.0->jax[tpu]==0.11.0)
  Downloading scipy-1.18.1-cp312-cp312-manylinux_2_27_x86_64.manylinux_2_28_x86_64.whl.metadata (62 kB)
Collecting requests (from jax[tpu]==0.11.0)
  Downloading requests-2.34.2-py3-none-any.whl.metadata (4.8 kB)
Collecting charset_normalizer<4,>=2 (from requests->jax[tpu]==0.11.0)
  Downloading charset_normalizer-3.5.1-cp312-cp312-manylinux2014_x86_64.manylinux_2_17_x86_64.manylinux_2_28_x86_64.whl.metadata (45 kB)
Collecting idna<4,>=2.5 (from requests->jax[tpu]==0.11.0)
  Downloading idna-3.19-py3-none-any.whl.metadata (9.2 kB)
Collecting urllib3<3,>=1.26 (from requests->jax[tpu]==0.11.0)
  Downloading urllib3-2.7.0-py3-none-any.whl.metadata (6.9 kB)
Collecting certifi>=2023.5.7 (from requests->jax[tpu]==0.11.0)
  Downloading certifi-2026.7.22-py3-none-any.whl.metadata (2.5 kB)
Downloading jax-0.11.0-py3-none-any.whl (3.3 MB)
   ━━━━━━━━━━━━━━━━━━━━━━━━━━━━━━━━━━━━━━━━ 3.3/3.3 MB 42.2 MB/s eta 0:00:00
Downloading libtpu-0.0.44-cp312-cp312-manylinux_2_31_x86_64.whl (215.6 MB)
   ━━━━━━━━━━━━━━━━━━━━━━━━━━━━━━━━━━━━━━━ 215.6/215.6 MB 210.4 MB/s eta 0:00:00
Downloading jaxlib-0.11.0-cp312-cp312-manylinux_2_27_x86_64.whl (87.3 MB)
   ━━━━━━━━━━━━━━━━━━━━━━━━━━━━━━━━━━━━━━━━ 87.3/87.3 MB 130.3 MB/s eta 0:00:00
Downloading ml_dtypes-0.6.0-cp312-cp312-manylinux_2_27_x86_64.manylinux_2_28_x86_64.whl (409 kB)
Downloading numpy-2.5.3-cp312-cp312-manylinux_2_27_x86_64.manylinux_2_28_x86_64.whl (16.7 MB)
   ━━━━━━━━━━━━━━━━━━━━━━━━━━━━━━━━━━━━━━━━ 16.7/16.7 MB 135.2 MB/s eta 0:00:00
Downloading scipy-1.18.1-cp312-cp312-manylinux_2_27_x86_64.manylinux_2_28_x86_64.whl (35.3 MB)
   ━━━━━━━━━━━━━━━━━━━━━━━━━━━━━━━━━━━━━━━━ 35.3/35.3 MB 135.3 MB/s eta 0:00:00
Downloading opt_einsum-3.4.0-py3-none-any.whl (71 kB)
Downloading requests-2.34.2-py3-none-any.whl (73 kB)
Downloading certifi-2026.7.22-py3-none-any.whl (136 kB)
Downloading charset_normalizer-3.5.1-cp312-cp312-manylinux2014_x86_64.manylinux_2_17_x86_64.manylinux_2_28_x86_64.whl (248 kB)
Downloading idna-3.19-py3-none-any.whl (68 kB)
Downloading urllib3-2.7.0-py3-none-any.whl (131 kB)
Installing collected packages: urllib3, opt_einsum, numpy, libtpu, idna, charset_normalizer, certifi, scipy, requests, ml_dtypes, jaxlib, jax
Successfully installed certifi-2026.7.22 charset_normalizer-3.5.1 idna-3.19 jax-0.11.0 jaxlib-0.11.0 libtpu-0.0.44 ml_dtypes-0.6.0 numpy-2.5.3 opt_einsum-3.4.0 requests-2.34.2 scipy-1.18.1 urllib3-2.7.0

[notice] A new release of pip is available: 25.0.1 -> 26.2.1
[notice] To update, run: python3.12 -m pip install --upgrade pip
ab32f8deaf1cdd171ebdb13a1922e8665a02cc67
DCN_VERSION_CHECK {'jax': '0.11.0', 'jaxlib': '0.11.0', 'libtpu': '0.0.44'}
MC_CONFIG_BEGIN name=base pass=1 port=1301 flags=--xla_tpu_use_megascale_host_reduction=false
ERROR: Accessing retired flag 'eventmanager2_as_default_eventmanager'
I0909 12:23:16.427660      50 b295d63588a.cc:792] Linux version 6.12.94+ (builder@b181c7a13d4c) (Chromium OS 17.0_pre498229-r33 clang version 17.0.0 (/mnt/host/source/src/third_party/llvm-project 14f0776550b5a49e1c42f49a00213f7f3fa047bf), LLD 17.0.0) #1 SMP Mon Jul 27 22:05:55 UTC 2026
I0909 12:23:16.427927      50 b295d63588a.cc:876] Process id 50
I0909 12:23:16.427940      50 b295d63588a.cc:882] Current working directory /jax-ai-image
I0909 12:23:16.427944      50 b295d63588a.cc:885] Current timezone is UTC (currently UTC +00:00)
I0909 12:23:16.427947      50 b295d63588a.cc:890] Built on Dec 31 1969 16:00:00 (0)
I0909 12:23:16.427948      50 b295d63588a.cc:891]  at redacted@redacted:.
I0909 12:23:16.427949      50 b295d63588a.cc:892]  as //learning/45eac/tfrc/executor:_libtpu.so.native
I0909 12:23:16.427950      50 b295d63588a.cc:893]  for gcc-4.X.Y-crosstool-v18-llvm-grtev4-k8.k8
I0909 12:23:16.427952      50 b295d63588a.cc:902] Build tool: redacted
I0909 12:23:16.427954      50 b295d63588a.cc:903] Build target: 
I0909 12:23:16.427958      50 b295d63588a.cc:911] Command line arguments:
I0909 12:23:16.427959      50 b295d63588a.cc:913] argv[0]: './tpu_driver'
I0909 12:23:16.427961      50 b295d63588a.cc:913] argv[1]: '--minloglevel=0'
I0909 12:23:16.427963      50 b295d63588a.cc:913] argv[2]: '--stderrthreshold=0'
I0909 12:23:16.427964      50 b295d63588a.cc:913] argv[3]: '--v=0'
I0909 12:23:16.427966      50 b295d63588a.cc:913] argv[4]: '--vmodule='
I0909 12:23:16.427967      50 b295d63588a.cc:913] argv[5]: '--log_dir=/tmp/tpu_logs/benchmark'
I0909 12:23:16.427969      50 b295d63588a.cc:913] argv[6]: '--max_log_size=1024'
I0909 12:23:16.427971      50 b295d63588a.cc:913] argv[7]: '--deepsea_hal_included_devs=3,0,1,2'
I0909 12:23:16.427972      50 b295d63588a.cc:913] argv[8]: '--megascale_transport_numa_node=0,1'
I0909 12:23:16.427973      50 b295d63588a.cc:913] argv[9]: '--next_pluggable_device_use_c_api=0'
I0909 12:23:16.427975      50 b295d63588a.cc:913] argv[10]: '--deepsea_wrap=false,false,false'
I0909 12:23:16.427976      50 b295d63588a.cc:913] argv[11]: '--deepsea_twist=false'
I0909 12:23:16.427978      50 b295d63588a.cc:913] argv[12]: '--deepsea_chip_config_name=default'
I0909 12:23:16.427979      50 b295d63588a.cc:913] argv[13]: '--deepsea_chips_per_host_bounds=2,2,1'
I0909 12:23:16.427980      50 b295d63588a.cc:913] argv[14]: '--deepsea_host_bounds=1,1,1'
I0909 12:23:16.427981      50 b295d63588a.cc:913] argv[15]: '--deepsea_slice_builder_worker_port=8471'
I0909 12:23:16.427983      50 b295d63588a.cc:913] argv[16]: '--deepsea_slice_builder_worker_addresses=dcn-mc3-slice-0-0.dcn-mc3:8471'
I0909 12:23:16.427984      50 b295d63588a.cc:913] argv[17]: '--tpu_slice_builder_dump_chip=false'
I0909 12:23:16.427986      50 b295d63588a.cc:913] argv[18]: '--tpu_slice_builder_dump_chip_force=false'
I0909 12:23:16.427987      50 b295d63588a.cc:913] argv[19]: '--tpu_slice_builder_dump_to_localhost=1'
I0909 12:23:16.427989      50 b295d63588a.cc:913] argv[20]: '--vbar_control_service_url=unix:///var/run/tpu-plugin/vbar.sock'
I0909 12:23:16.427990      50 b295d63588a.cc:913] argv[21]: '--bypass_vbar_control_service=0'
I0909 12:23:16.427992      50 b295d63588a.cc:913] argv[22]: '--deepsea_ici_resilient=false'
I0909 12:23:16.427993      50 b295d63588a.cc:913] argv[23]: '--xla_tpu_use_resilient_collective_emitter=false'
I0909 12:23:16.427995      50 b295d63588a.cc:913] argv[24]: '--tpu_slice_builder_topology_discovery_fault_injection='
I0909 12:23:16.427997      50 b295d63588a.cc:913] argv[25]: '--runtime_metric_service_port=8431'
I0909 12:23:16.427998      50 b295d63588a.cc:913] argv[26]: '--tpu_hbm_report_enable=1'
I0909 12:23:16.427999      50 b295d63588a.cc:913] argv[27]: '--tpu_hbm_report_frequency=5s'
I0909 12:23:16.428000      50 b295d63588a.cc:913] argv[28]: '--megascale_coordinator_address=dcn-mc3-slice-0-0.dcn-mc3:8081'
I0909 12:23:16.428002      50 b295d63588a.cc:913] argv[29]: '--megascale_slice_id=0'
I0909 12:23:16.428003      50 b295d63588a.cc:913] argv[30]: '--megascale_num_slices=2'
I0909 12:23:16.428004      50 b295d63588a.cc:913] argv[31]: '--megascale_transport_type=grpc'
I0909 12:23:16.428006      50 b295d63588a.cc:913] argv[32]: '--megascale_port=8081'
I0909 12:23:16.428007      50 b295d63588a.cc:913] argv[33]: '--megascale_use_insecure_grpc'
I0909 12:23:16.428008      50 b295d63588a.cc:913] argv[34]: '--megascale_grpc_use_chaotic_good=true'
I0909 12:23:16.428013      50 b295d63588a.cc:913] argv[35]: '--megascale_grpc_use_event_engine_allocator=true'
I0909 12:23:16.428015      50 b295d63588a.cc:913] argv[36]: '--grpc_enable_tcp_recv_zerocopy=false'
I0909 12:23:16.428016      50 b295d63588a.cc:913] argv[37]: '--grpc_enable_rpc_receive_coalescing=true'
I0909 12:23:16.428017      50 b295d63588a.cc:913] argv[38]: '--megascale_grpc_enable_numa_aware_transmit=true'
I0909 12:23:16.428018      50 b295d63588a.cc:913] argv[39]: '--megascale_grpc_use_numa_aware_event_engine=true'
I0909 12:23:16.428019      50 b295d63588a.cc:913] argv[40]: '--megascale_debug_port=8081'
I0909 12:23:16.428020      50 b295d63588a.cc:913] argv[41]: '--eventmanager2_as_default_eventmanager'
I0909 12:23:16.428021      50 b295d63588a.cc:913] argv[42]: '--eventmanager2_default_autosizer=mean_latency'
I0909 12:23:16.428022      50 b295d63588a.cc:913] argv[43]: '--megascale_grpc_enable_xor_tracer=true'
I0909 12:23:16.428023      50 b295d63588a.cc:913] argv[44]: '--xor_trace_sampling_period=100'
I0909 12:23:16.428024      50 b295d63588a.cc:913] argv[45]: '--rpc_transport_metrics_period=20'
I0909 12:23:16.428026      50 b295d63588a.cc:913] argv[46]: '--grpc_experiments=event_engine_client,chaotic_good_framing_layer,tcp_rcv_lowat,instrument_tcp_telemetry,event_engine_listener,use_call_event_engine_in_completion_queue'
I0909 12:23:16.428027      50 b295d63588a.cc:913] argv[47]: '--enable_runtime_uptime_telemetry=true'
I0909 12:23:16.428028      50 b295d63588a.cc:913] argv[48]: '--xla_tpu_use_megascale_host_reduction=false'
I0909 12:23:16.428034      50 b295d63588a.cc:913] argv[49]: '--xla_tpu_use_enhanced_launch_barrier=true'
I0909 12:23:16.428036      50 b295d63588a.cc:913] argv[50]: '--xla_tpu_prefer_async_allgather_to_allreduce=true'
I0909 12:23:16.428037      50 b295d63588a.cc:913] argv[51]: '--xla_tpu_data_parallel_opt_different_sized_ops=true'
I0909 12:23:16.428038      50 b295d63588a.cc:913] argv[52]: '--xla_tpu_enable_data_parallel_all_reduce_opt=true'
I0909 12:23:16.428039      50 b295d63588a.cc:913] argv[53]: '--megascale_coordinator_address=dcn-mc3-slice-0-0.dcn-mc3:8081'
I0909 12:23:16.428040      50 b295d63588a.cc:913] argv[54]: '--megascale_slice_id=0'
I0909 12:23:16.428041      50 b295d63588a.cc:913] argv[55]: '--megascale_num_slices=2'
I0909 12:23:16.428042      50 b295d63588a.cc:913] argv[56]: '--megascale_transport_type=grpc'
I0909 12:23:16.428043      50 b295d63588a.cc:913] argv[57]: '--megascale_port=8081'
I0909 12:23:16.428045      50 b295d63588a.cc:913] argv[58]: '--megascale_use_insecure_grpc'
I0909 12:23:16.428046      50 b295d63588a.cc:913] argv[59]: '--megascale_grpc_interface_prefixes=eth1,eth2,lo'
I0909 12:23:16.428216      50 init.cc:78] Remote crash gathering hook installed.
I0909 12:23:16.464941      50 tpu_runtime_type_flags.cc:78] --tpu_use_tfrt not specified. Using default value: true
I0909 12:23:16.465027      50 host_command_handler_factory.cc:31] Skipping registration of host command handler for opcode Log because it is not in the allowlist.
I0909 12:23:16.465049      50 tpu_hal.cc:467] Registered plugin from module: megascale_sync_flag_logger
I0909 12:23:16.467004      50 tpu_hal.cc:467] Registered plugin from module: RuntimeMetricHelper
E0909 12:23:16.467026      50 autosizer.cc:43] mean_latency is deprecated. Please remove this setting.
I0909 12:23:16.469410      50 logger.cc:308] Enabling threaded logging for severity WARNING
I0909 12:23:16.469438      50 tpu_hal.cc:467] Registered plugin from module: sdc_checker_callback
I0909 12:23:16.469882      50 mlock.cc:220] mlock()-ed 4096 bytes for BuildID, using 1 syscalls.
I0909 12:23:16.469931      50 debug_manager.cc:266] Registering error handler with name: libtpu_telemetry_handler
I0909 12:23:16.484208      50 singleton_tpu_states_manager.cc:86] TPU premapped buffer enabled. Size: 4294967296 Threshold: 4294967296 Partitions: 1
I0909 12:23:16.484223      50 singleton_tpu_states_manager.cc:110] TpuStatesManager::GetOrCreate(): no tpu system exists. Creating a new tpu system.
I0909 12:23:16.491568      50 device_util.cc:89] Found 4 TPU7x chips.
I0909 12:23:16.491585      50 tpu_version_flag.cc:77] Using auto-detected TPU version TPU7x
I0909 12:23:16.507672      50 tpu_chip_config.cc:367] Resolved chip config alias default->megachip for 6acc60406, 
I0909 12:23:16.507922      50 pending_event_logger.cc:1003] Enabling PjRt/TPU event dependency logging.
I0909 12:23:16.512993     425 flags_util.cc:316] Using 8471 from --deepsea_slice_builder_worker_port as SliceBuilder worker service port.
I0909 12:23:16.517185     425 tpu_network_factory.cc:67] Running in Cloud, using TpunetdClient
I0909 12:23:16.517208     425 tpunetd_client.cc:163] Creating TpunetdClient with topology go/debugstr    
x_dimension: 2
y_dimension: 2
z_dimension: 1
x_wrapping: false
y_wrapping: false
z_wrapping: false
I0909 12:23:16.524755     425 init-domain.cc:132] Fiber init: default domain = futex, concurrency = 246, prefix = futex-default
I0909 12:23:18.444767     430 async_driver.cc:485] [/dev/vfio/6 tpu662:pe0:2] vf_id:0 Driver opened.
I0909 12:23:18.500529     429 async_driver.cc:485] [/dev/vfio/5 tpu662:pe0:1] vf_id:0 Driver opened.
I0909 12:23:18.500967     428 async_driver.cc:485] [/dev/vfio/4 tpu662:pe0:0] vf_id:0 Driver opened.
I0909 12:23:18.509267     431 async_driver.cc:485] [/dev/vfio/1 tpu662:pe0:3] vf_id:0 Driver opened.
I0909 12:23:18.511466     427 futex.cc:71] RAW: Futex::Swap(): using GFUTEX_SWAP
I0909 12:23:18.540376     430 tpu_vxc_driver.cc:967] Throttled firmware queue size configured to 223(Firmware queue size: 256, leaving 32 for misc purposes).
I0909 12:23:18.554710     429 tpu_vxc_driver.cc:967] Throttled firmware queue size configured to 223(Firmware queue size: 256, leaving 32 for misc purposes).
I0909 12:23:18.565549     431 tpu_vxc_driver.cc:967] Throttled firmware queue size configured to 223(Firmware queue size: 256, leaving 32 for misc purposes).
I0909 12:23:18.576322     428 tpu_vxc_driver.cc:967] Throttled firmware queue size configured to 223(Firmware queue size: 256, leaving 32 for misc purposes).
I0909 12:23:18.592384     430 async_driver.cc:1843] All cores supported.
I0909 12:23:18.595592     431 async_driver.cc:1843] All cores supported.
I0909 12:23:18.595841     429 async_driver.cc:1843] All cores supported.
I0909 12:23:18.597007     428 async_driver.cc:1843] All cores supported.
I0909 12:23:18.597061     425 tpunetd_client.cc:338] Connecting to vbar control service at unix:///var/run/tpu-plugin/vbar.sock
I0909 12:23:18.597138     425 config.cc:265] gRPC experiments: instrument_tcp_telemetry:on, tcp_rcv_lowat:on, use_call_event_engine_in_completion_queue:on; default-enabled: buffer_list_deletion_prep, cache_loas_context_in_connection_context, call_tracer_send_initial_metadata_is_an_annotation, callv3_batch_validation, callv3_ef5bb7_client, callv3_ef5bb7_server, chaotic_good_framing_layer, chaotic_good_send_supported_features, custom_frame_check, directpath_rpc_header_sanitization_filter, ef5bb7_global_family_cache, event_engine_callback_cq, event_engine_client, event_engine_listener, header_data_frame, inproc_cancel_stream, message_size_refactoring, monitoring_experiment, optimization_01, optimization_02, optimization_03, optimization_04, ph2_perf_01, promise_batch_cleanup_on_cancel, promise_filter_send_cancel_metadata, psp_tsi_handshaker_shutdown, skip_clear_peer_on_cancellation, tsi_frame_protector_without_locks, v2_non_owning_waker_implementation, verbose_channelz_connection_logging, wildcard_ip_expansion_restriction, xds_server_filter_chain_per_route
I0909 12:23:18.602477     425 tpunetd_client.cc:289] Session manager starting a new session...
I0909 12:23:18.706906     425 vbar_control.cc:201] TPU backend connection test passed! 
I0909 12:23:18.912829     425 tpunetd_client.cc:291] Session manager started the new session.
I0909 12:23:18.912842     425 tpunetd_client.cc:295] Session master starting a new session...
I0909 12:23:18.912845     425 session_master.cc:263] Starting a new ICI network session...
I0909 12:23:18.913265     427 session_worker_service.cc:110] Session master notifies the worker in a new session: 7d6a24a0026fe785
I0909 12:23:19.017813     425 session_master.cc:307] Successfully started ICI network session with session id: 7d6a24a0026fe785
I0909 12:23:19.017858     425 tpunetd_client.cc:297] Session master started the new session.
I0909 12:23:19.022299     425 tpu_hal.cc:209] Starting premapped memory manager initialization...
W0909 12:23:19.025535     428 libtpu_telemetry_utils.cc:44] Metric already exists: hlo.execution.timing.distribution.microseconds
W0909 12:23:19.025546     430 libtpu_telemetry_utils.cc:44] Metric already exists: hlo.execution.timing.distribution.microseconds
W0909 12:23:19.025553     428 libtpu_telemetry_utils.cc:44] Metric already exists: hlo.queue.size.gauge
W0909 12:23:19.025556     430 libtpu_telemetry_utils.cc:44] Metric already exists: hlo.queue.size.gauge
W0909 12:23:19.025541     429 libtpu_telemetry_utils.cc:44] Metric already exists: hlo.execution.timing.distribution.microseconds
W0909 12:23:19.025567     429 libtpu_telemetry_utils.cc:44] Metric already exists: hlo.queue.size.gauge
W0909 12:23:19.026986     431 libtpu_telemetry_utils.cc:44] Metric already exists: hlo.execution.timing.distribution.microseconds
W0909 12:23:19.026994     429 libtpu_telemetry_utils.cc:44] Metric already exists: hlo.execution.timing.distribution.microseconds
W0909 12:23:19.026995     430 libtpu_telemetry_utils.cc:44] Metric already exists: hlo.execution.timing.distribution.microseconds
W0909 12:23:19.026987     428 libtpu_telemetry_utils.cc:44] Metric already exists: hlo.execution.timing.distribution.microseconds
W0909 12:23:19.027008     428 libtpu_telemetry_utils.cc:44] Metric already exists: hlo.queue.size.gauge
W0909 12:23:19.027005     429 libtpu_telemetry_utils.cc:44] Metric already exists: hlo.queue.size.gauge
W0909 12:23:19.027019     430 libtpu_telemetry_utils.cc:44] Metric already exists: hlo.queue.size.gauge
W0909 12:23:19.027045     431 libtpu_telemetry_utils.cc:44] Metric already exists: hlo.queue.size.gauge
I0909 12:23:21.326930     425 runtime_metric_service.cc:197] Successfully started Runtime Metric Service on port: 8431
I0909 12:23:21.327105     425 system.cc:1112] tpu::System initialized, current host id: 0, logical device ids: 0,1,2,3,4,5,6,7
I0909 12:23:21.327299      50 tpu_system_state.cc:224] CreateTpuSystemState: TPU initialization is successful and it took 4.819368724s
I0909 12:23:21.327322      50 tpu_system_state.cc:228] CreateTpuSystemState: using TPU host premapped buffer of size: 4294967296
I0909 12:23:21.327350      50 tpu_host_allocator.cc:68] Premapped buffer is using alignment 64
I0909 12:23:21.327945     771 tpu_diagnostic_coordinator.cc:610] TpuDiagnosticCoordinator listening on socket /tmp/tpu_diag_trigger_50.socket (symlinked at /tmp/tpu_diag_latest.socket)
I0909 12:23:21.328022      50 tpu_linearizer.cc:104] Inflight linearization byte limit configured to : 1099511627776
I0909 12:23:21.328036      50 tpu_linearizer.cc:118] Inflight delinearization byte limit configured to : 1099511627776
I0909 12:23:21.328404      50 allocator_stats_reporter.cc:117] Starting AllocatorStats Reporter with reporting interval: 5s
I0909 12:23:21.328428      50 megascale_context.cc:969] Using shared executor for compute since we are running on 6acc60406.
W0909 12:23:21.328434      50 impairments_service.cc:60] Resetting impairments.
I0909 12:23:21.328451      50 numa_utils.cc:43] Available NUMA node in this process: 0,1
E0909 12:23:21.328509      50 autosizer.cc:43] mean_latency is deprecated. Please remove this setting.
E0909 12:23:21.330873      50 autosizer.cc:43] mean_latency is deprecated. Please remove this setting.
I0909 12:23:21.333409      50 flags.cc:231] The actual send_rpc_timeout is set to: 45s. Adjusted from the original send_rpc_timeout: 45s, graph_hang_threshold: 5m, graph_within_launch_hang_threshold: 1m
I0909 12:23:21.333427      50 numa_aware_allocator.cc:60] Creating numa aware allocators, number of NUMA nodes is 2
I0909 12:23:21.333433      50 numa_aware_allocator.cc:63] Creating numa aware allocator for NUMA nodes 0
I0909 12:23:21.333454      50 communication_backend.cc:300] Done allocating premapped memory of size 17179869184 bytes in 18.7us
I0909 12:23:21.333460      50 numa_aware_allocator.cc:76] Binding memory address 0x7db15bfff000 with NUMA node mask 1
I0909 12:23:33.643890      50 communication_backend.cc:310] Done premapping memory of size 17179869184 bytes in 12.309512964s
I0909 12:23:33.643929      50 numa_aware_allocator.cc:63] Creating numa aware allocator for NUMA nodes 1
I0909 12:23:33.643959      50 communication_backend.cc:300] Done allocating premapped memory of size 17179869184 bytes in 25.423us
I0909 12:23:33.643966      50 numa_aware_allocator.cc:76] Binding memory address 0x7dad53fff000 with NUMA node mask 2
I0909 12:23:46.327001      50 communication_backend.cc:310] Done premapping memory of size 17179869184 bytes in 12.682330632s
I0909 12:23:46.327045      50 communication_backend.cc:375] Preallocated 17179869184 bytes with Megascale allocator.
I0909 12:23:46.327072      50 eigen_compute_engine.cc:333] Creating EigenComputeEngine with options: { executor = 0x5c9cb16a7a60,  force_use_shared_executor = true,  num_cores_per_device = 16 }
I0909 12:23:46.327103     147 communication_backend.cc:1179] Initializing MegaScale transport.
E0909 12:23:46.327152     147 autosizer.cc:43] mean_latency is deprecated. Please remove this setting.
E0909 12:23:46.327486      50 autosizer.cc:43] mean_latency is deprecated. Please remove this setting.
E0909 12:23:46.330590      50 autosizer.cc:43] mean_latency is deprecated. Please remove this setting.
E0909 12:23:46.330752     147 autosizer.cc:43] mean_latency is deprecated. Please remove this setting.
E0909 12:23:46.333358      50 autosizer.cc:43] mean_latency is deprecated. Please remove this setting.
E0909 12:23:46.358834     147 autosizer.cc:43] mean_latency is deprecated. Please remove this setting.
E0909 12:23:46.358908      50 autosizer.cc:43] mean_latency is deprecated. Please remove this setting.
I0909 12:23:46.362129     147 grpc_transport.cc:2407] Create GrpcTransport with LIBTPU_ON_GCE.
I0909 12:23:46.362170     147 transport.cc:862] Using IP addresses for interface discovery.
I0909 12:23:46.362173     147 transport.cc:757] Could not read interface to NUMA node map from env variables, falling back to reading from file system.
E0909 12:23:46.362186      50 autosizer.cc:43] mean_latency is deprecated. Please remove this setting.
I0909 12:23:46.362298     147 transport.cc:723] Could not read filename /sys/class/net/cilium_host/device/numa_node with status Stat failed for /sys/class/net/cilium_host/device/numa_node: No such file or directory
I0909 12:23:46.362310     147 transport.cc:723] Could not read filename /sys/class/net/cilium_net/device/numa_node with status Stat failed for /sys/class/net/cilium_net/device/numa_node: No such file or directory
I0909 12:23:46.362316     147 transport.cc:723] Could not read filename /sys/class/net/docker0/device/numa_node with status Stat failed for /sys/class/net/docker0/device/numa_node: No such file or directory
I0909 12:23:46.362827     147 transport.cc:723] Could not read filename /sys/class/net/lo/device/numa_node with status Stat failed for /sys/class/net/lo/device/numa_node: No such file or directory
I0909 12:23:46.362835     147 transport.cc:723] Could not read filename /sys/class/net/lxc7a46b7c617f2/device/numa_node with status Stat failed for /sys/class/net/lxc7a46b7c617f2/device/numa_node: No such file or directory
I0909 12:23:46.362841     147 transport.cc:723] Could not read filename /sys/class/net/lxc98965bb30804/device/numa_node with status Stat failed for /sys/class/net/lxc98965bb30804/device/numa_node: No such file or directory
I0909 12:23:46.362846     147 transport.cc:723] Could not read filename /sys/class/net/lxcc0f9da7fa3ad/device/numa_node with status Stat failed for /sys/class/net/lxcc0f9da7fa3ad/device/numa_node: No such file or directory
I0909 12:23:46.362852     147 transport.cc:723] Could not read filename /sys/class/net/lxcee5710d8dac0/device/numa_node with status Stat failed for /sys/class/net/lxcee5710d8dac0/device/numa_node: No such file or directory
I0909 12:23:46.362859     147 transport.cc:723] Could not read filename /sys/class/net/lxceee434c5d682/device/numa_node with status Stat failed for /sys/class/net/lxceee434c5d682/device/numa_node: No such file or directory
I0909 12:23:46.362860     147 transport.cc:734] Interfaces on available NUMA nodes: [{"eth2", 1}, {"eth0", 0}, {"eth1", 0}]
I0909 12:23:46.362882     147 transport.cc:761] Interfaces corresponding to process' NUMA nodes: [[{"eth2", 1}, {"eth0", 0}, {"eth1", 0}]]
I0909 12:23:46.363646     147 transport.cc:773] Interface eth0 will not be used as it does not start with one of the prefixes: eth1,eth2,lo
I0909 12:23:46.363655     147 transport.cc:773] Interface docker0 will not be used as it does not start with one of the prefixes: eth1,eth2,lo
I0909 12:23:46.363657     147 transport.cc:773] Interface lxceee434c5d682 will not be used as it does not start with one of the prefixes: eth1,eth2,lo
I0909 12:23:46.363658     147 transport.cc:773] Interface cilium_net will not be used as it does not start with one of the prefixes: eth1,eth2,lo
I0909 12:23:46.363659     147 transport.cc:773] Interface cilium_host will not be used as it does not start with one of the prefixes: eth1,eth2,lo
I0909 12:23:46.363660     147 transport.cc:773] Interface lxc98965bb30804 will not be used as it does not start with one of the prefixes: eth1,eth2,lo
I0909 12:23:46.363662     147 transport.cc:773] Interface lxc7a46b7c617f2 will not be used as it does not start with one of the prefixes: eth1,eth2,lo
I0909 12:23:46.363663     147 transport.cc:773] Interface lxcc0f9da7fa3ad will not be used as it does not start with one of the prefixes: eth1,eth2,lo
I0909 12:23:46.363664     147 transport.cc:773] Interface lxcee5710d8dac0 will not be used as it does not start with one of the prefixes: eth1,eth2,lo
I0909 12:23:46.363667     147 transport.cc:773] Interface eth0 will not be used as it does not start with one of the prefixes: eth1,eth2,lo
I0909 12:23:46.363719     147 transport.cc:819] Added IP address 10.240.96.10:8081 on network interface eth1
I0909 12:23:46.363724     147 transport.cc:819] Added IP address 10.240.48.10:8081 on network interface eth2
I0909 12:23:46.363726     147 transport.cc:773] Interface docker0 will not be used as it does not start with one of the prefixes: eth1,eth2,lo
I0909 12:23:46.363727     147 transport.cc:773] Interface lxceee434c5d682 will not be used as it does not start with one of the prefixes: eth1,eth2,lo
I0909 12:23:46.363728     147 transport.cc:773] Interface cilium_host will not be used as it does not start with one of the prefixes: eth1,eth2,lo
I0909 12:23:46.363730     147 transport.cc:773] Interface lxc98965bb30804 will not be used as it does not start with one of the prefixes: eth1,eth2,lo
I0909 12:23:46.363731     147 transport.cc:773] Interface lxc7a46b7c617f2 will not be used as it does not start with one of the prefixes: eth1,eth2,lo
I0909 12:23:46.363732     147 transport.cc:773] Interface lxcc0f9da7fa3ad will not be used as it does not start with one of the prefixes: eth1,eth2,lo
I0909 12:23:46.363733     147 transport.cc:773] Interface lxcee5710d8dac0 will not be used as it does not start with one of the prefixes: eth1,eth2,lo
I0909 12:23:46.363735     147 transport.cc:773] Interface eth0 will not be used as it does not start with one of the prefixes: eth1,eth2,lo
I0909 12:23:46.363737     147 transport.cc:773] Interface lxceee434c5d682 will not be used as it does not start with one of the prefixes: eth1,eth2,lo
I0909 12:23:46.363738     147 transport.cc:773] Interface cilium_net will not be used as it does not start with one of the prefixes: eth1,eth2,lo
I0909 12:23:46.363739     147 transport.cc:773] Interface cilium_host will not be used as it does not start with one of the prefixes: eth1,eth2,lo
I0909 12:23:46.363741     147 transport.cc:773] Interface lxc98965bb30804 will not be used as it does not start with one of the prefixes: eth1,eth2,lo
I0909 12:23:46.363742     147 transport.cc:773] Interface lxc7a46b7c617f2 will not be used as it does not start with one of the prefixes: eth1,eth2,lo
I0909 12:23:46.363744     147 transport.cc:773] Interface lxcc0f9da7fa3ad will not be used as it does not start with one of the prefixes: eth1,eth2,lo
I0909 12:23:46.363746     147 transport.cc:773] Interface lxcee5710d8dac0 will not be used as it does not start with one of the prefixes: eth1,eth2,lo
I0909 12:23:46.363755     147 grpc_transport.cc:2332] Creating gRPC server on: 10.240.96.10:8081eth1
I0909 12:23:46.363769     147 grpc_transport.cc:2348] Creating gRPC server with event engine allocator (chaotic good).
I0909 12:23:46.363779     147 grpc_transport.cc:2365] Starting gRPC server on: 10.240.96.10:8081
I0909 12:23:46.364405     147 grpc_transport.cc:2332] Creating gRPC server on: 10.240.48.10:8081eth2
I0909 12:23:46.364427     147 grpc_transport.cc:2348] Creating gRPC server with event engine allocator (chaotic good).
I0909 12:23:46.364432     147 grpc_transport.cc:2365] Starting gRPC server on: 10.240.48.10:8081
I0909 12:23:46.364684     147 communication_backend.cc:1290] MegaScale transport initialized.
I0909 12:23:46.364695     147 communication_backend.cc:1489] MegaScale transport init succeeded.
E0909 12:23:46.365012      50 autosizer.cc:43] mean_latency is deprecated. Please remove this setting.
I0909 12:23:46.367282      50 debug_service_impl.cc:185] Starting Megascale Debug Server
I0909 12:23:46.367690      50 topology_coordinator.cc:57] Megascale Topology Coordinator started for 2 slices
I0909 12:23:46.367714      50 transport.cc:862] Using IP addresses for interface discovery.
I0909 12:23:46.367716      50 transport.cc:757] Could not read interface to NUMA node map from env variables, falling back to reading from file system.
I0909 12:23:46.367719      50 transport.cc:761] Interfaces corresponding to process' NUMA nodes: [[{"eth0", 0}, {"eth1", 0}, {"eth2", 1}]]
I0909 12:23:46.368115      50 transport.cc:773] Interface eth0 will not be used as it does not start with one of the prefixes: eth1,eth2,lo
I0909 12:23:46.368124      50 transport.cc:773] Interface docker0 will not be used as it does not start with one of the prefixes: eth1,eth2,lo
I0909 12:23:46.368126      50 transport.cc:773] Interface lxceee434c5d682 will not be used as it does not start with one of the prefixes: eth1,eth2,lo
I0909 12:23:46.368128      50 transport.cc:773] Interface cilium_net will not be used as it does not start with one of the prefixes: eth1,eth2,lo
I0909 12:23:46.368129      50 transport.cc:773] Interface cilium_host will not be used as it does not start with one of the prefixes: eth1,eth2,lo
I0909 12:23:46.368131      50 transport.cc:773] Interface lxc98965bb30804 will not be used as it does not start with one of the prefixes: eth1,eth2,lo
I0909 12:23:46.368132      50 transport.cc:773] Interface lxc7a46b7c617f2 will not be used as it does not start with one of the prefixes: eth1,eth2,lo
I0909 12:23:46.368134      50 transport.cc:773] Interface lxcc0f9da7fa3ad will not be used as it does not start with one of the prefixes: eth1,eth2,lo
I0909 12:23:46.368135      50 transport.cc:773] Interface lxcee5710d8dac0 will not be used as it does not start with one of the prefixes: eth1,eth2,lo
I0909 12:23:46.368137      50 transport.cc:773] Interface eth0 will not be used as it does not start with one of the prefixes: eth1,eth2,lo
I0909 12:23:46.368142      50 transport.cc:819] Added IP address 10.240.96.10:8081 on network interface eth1
I0909 12:23:46.368145      50 transport.cc:819] Added IP address 10.240.48.10:8081 on network interface eth2
I0909 12:23:46.368147      50 transport.cc:773] Interface docker0 will not be used as it does not start with one of the prefixes: eth1,eth2,lo
I0909 12:23:46.368148      50 transport.cc:773] Interface lxceee434c5d682 will not be used as it does not start with one of the prefixes: eth1,eth2,lo
I0909 12:23:46.368149      50 transport.cc:773] Interface cilium_host will not be used as it does not start with one of the prefixes: eth1,eth2,lo
I0909 12:23:46.368150      50 transport.cc:773] Interface lxc98965bb30804 will not be used as it does not start with one of the prefixes: eth1,eth2,lo
I0909 12:23:46.368151      50 transport.cc:773] Interface lxc7a46b7c617f2 will not be used as it does not start with one of the prefixes: eth1,eth2,lo
I0909 12:23:46.368153      50 transport.cc:773] Interface lxcc0f9da7fa3ad will not be used as it does not start with one of the prefixes: eth1,eth2,lo
I0909 12:23:46.368154      50 transport.cc:773] Interface lxcee5710d8dac0 will not be used as it does not start with one of the prefixes: eth1,eth2,lo
I0909 12:23:46.368155      50 transport.cc:773] Interface eth0 will not be used as it does not start with one of the prefixes: eth1,eth2,lo
I0909 12:23:46.368157      50 transport.cc:773] Interface lxceee434c5d682 will not be used as it does not start with one of the prefixes: eth1,eth2,lo
I0909 12:23:46.368159      50 transport.cc:773] Interface cilium_net will not be used as it does not start with one of the prefixes: eth1,eth2,lo
I0909 12:23:46.368161      50 transport.cc:773] Interface cilium_host will not be used as it does not start with one of the prefixes: eth1,eth2,lo
I0909 12:23:46.368162      50 transport.cc:773] Interface lxc98965bb30804 will not be used as it does not start with one of the prefixes: eth1,eth2,lo
I0909 12:23:46.368163      50 transport.cc:773] Interface lxc7a46b7c617f2 will not be used as it does not start with one of the prefixes: eth1,eth2,lo
I0909 12:23:46.368165      50 transport.cc:773] Interface lxcc0f9da7fa3ad will not be used as it does not start with one of the prefixes: eth1,eth2,lo
I0909 12:23:46.368166      50 transport.cc:773] Interface lxcee5710d8dac0 will not be used as it does not start with one of the prefixes: eth1,eth2,lo
I0909 12:23:46.368172      50 communication_backend.cc:984] Sending topology discovery request: go/debugstr    
address_mapping {
  addresses {
    address: "10.240.96.10:8081"
    interface_name: "eth1"
    host_name_for_debugging: "gke-tpu-edbc8be2-f4wr"
  }
  addresses {
    address: "10.240.48.10:8081"
    interface_name: "eth2"
    host_name_for_debugging: "gke-tpu-edbc8be2-f4wr"
    numa_node: 1
  }
  incarnation_id: 16698456430250533931
}
tpu_topology_args {
  version: TPU_VERSION_6acc60406
  platform_type: TPU_PLATFORM_TYPE_HARDWARE
  chip_config_name: "default"
  chips_per_host_bounds {
    x: 2
    y: 2
    z: 1
  }
  host_bounds {
    x: 1
    y: 1
    z: 1
  }
  wrap {
  }
  enhanced_barrier_enabled: true
  use_continuations: true
  routing_strategy: ROUTING_MESH
}
incarnation_id: 16698456430250533931
I0909 12:23:46.368498      50 grpc_transport.cc:2220] Creating client for slice 0 host 0
I0909 12:23:46.368514      50 grpc_transport.cc:2203] Using default interface. Available interfaces: [eth2,eth1]. Server information: go/debugstr    
address: "dcn-mc3-slice-0-0.dcn-mc3:8081"
I0909 12:23:46.368608      50 grpc_transport.cc:2278] Created 1 channels for 1 interfaces on slice 0 host 0.
 Load balancing policy: Dynamic lb: max_outstanding_bytes (8388608).
I0909 12:23:46.369474     893 cachednslookup.cc:391] TTL not found in response, not caching response
I0909 12:23:47.543175     886 tpu_chip_config.cc:367] Resolved chip config alias default->megachip for 6acc60406, 
I0909 12:23:48.543701    1009 topology_coordinator.cc:178] MegaScale Topology Discovery in progress. Missing hosts (num_slices=1, num_hosts=0): slice1.*
I0909 12:23:49.543811    1009 topology_coordinator.cc:178] MegaScale Topology Discovery in progress. Missing hosts (num_slices=1, num_hosts=0): slice1.*
I0909 12:23:50.543923    1009 topology_coordinator.cc:178] MegaScale Topology Discovery in progress. Missing hosts (num_slices=1, num_hosts=0): slice1.*
I0909 12:23:51.544117    1009 topology_coordinator.cc:178] MegaScale Topology Discovery in progress. Missing hosts (num_slices=1, num_hosts=0): slice1.*
I0909 12:23:52.544230    1009 topology_coordinator.cc:178] MegaScale Topology Discovery in progress. Missing hosts (num_slices=1, num_hosts=0): slice1.*
I0909 12:23:53.544347    1009 topology_coordinator.cc:178] MegaScale Topology Discovery in progress. Missing hosts (num_slices=1, num_hosts=0): slice1.*
I0909 12:23:54.544438    1009 topology_coordinator.cc:178] MegaScale Topology Discovery in progress. Missing hosts (num_slices=1, num_hosts=0): slice1.*
I0909 12:23:55.042853    1019 tpu_chip_config.cc:367] Resolved chip config alias default->megachip for 6acc60406, 
I0909 12:23:55.043086    1019 topology_coordinator.cc:325] MegaScale Topology Discovery completed.
I0909 12:23:55.043364      50 communication_backend.cc:1002] Received topology discovery response: go/debugstr    
slice_info {
  tpu_topology_args {
    version: TPU_VERSION_6acc60406
    platform_type: TPU_PLATFORM_TYPE_HARDWARE
    chip_config_name: "default"
    chips_per_host_bounds {
      x: 2
      y: 2
      z: 1
    }
    host_bounds {
      x: 1
      y: 1
      z: 1
    }
    wrap {
    }
    enhanced_barrier_enabled: true
    use_continuations: true
    routing_strategy: ROUTING_MESH
  }
}
slice_info {
  slice_id: 1
  tpu_topology_args {
    version: TPU_VERSION_6acc60406
    platform_type: TPU_PLATFORM_TYPE_HARDWARE
    chip_config_name: "default"
    chips_per_host_bounds {
      x: 2
      y: 2
      z: 1
    }
    host_bounds {
      x: 1
      y: 1
      z: 1
    }
    wrap {
    }
    enhanced_barrier_enabled: true
    use_continuations: true
    routing_strategy: ROUTING_MESH
  }
}
address_mappings {
  addresses {
    address: "10.240.96.10:8081"
    interface_name: "eth1"
    host_name_for_debugging: "gke-tpu-edbc8be2-f4wr"
  }
  addresses {
    address: "10.240.48.10:8081"
    interface_name: "eth2"
    host_name_for_debugging: "gke-tpu-edbc8be2-f4wr"
    numa_node: 1
  }
  incarnation_id: 16698456430250533931
}
address_mappings {
  slice_id: 1
  addresses {
    address: "10.240.96.6:8081"
    interface_name: "eth1"
    host_name_for_debugging: "gke-tpu-edbc8be2-h1bl"
  }
  addresses {
    address: "10.240.48.8:8081"
    interface_name: "eth2"
    host_name_for_debugging: "gke-tpu-edbc8be2-h1bl"
    numa_node: 1
  }
  incarnation_id: 16004611472932705604
}
incarnation_id: 16698456430250533931
I0909 12:23:55.043544      50 debug_manager.cc:266] Registering error handler with name: default_handler
I0909 12:23:55.043554      50 megascale_context.cc:571] Using DCN topology: go/debugstr    
I0909 12:23:55.043588      50 tpu_chip_config.cc:367] Resolved chip config alias default->megachip for 6acc60406, 
DCN_MULTISLICE_PREFLIGHT {"global_device_count": 16, "local_device_count": 8, "process_count": 2, "process_id": 0, "slice_counts": {"0": 8, "1": 8}}
W0909 12:23:55.045754    1035 pjrt_client.h:601] UpdateGlobalProcessInfo is not supported.
I0909 12:23:55.091012      50 dump.cc:725] HloModule dump enabled with path prefix: , suffix: before_optimizations
W0909 12:23:55.095945    1037 tpu_spmd_partitioner.cc:460] Collective matmul V1 is enabled. Please consider migrating to V2 since V1 will be deprecated soon. You can enable V2 by setting xla_tpu_all_gather_collective_matmul_mode=post_spmd and xla_tpu_reduce_scatter_collective_matmul_mode=post_spmd.
I0909 12:23:55.104622      50 deepsea_compiler_hlo_passes.cc:6406] xla_tpu_impure_hlo_parallel_compile is DISABLED. jit__identity_fn
I0909 12:23:55.107214      50 latency_hiding_scheduler.cc:4420] [latency-hiding-scheduler] LatencyHidingScheduler current memory usage: 73792 bytes. Current limit: 96638113587
I0909 12:23:55.107572      50 tpu_plumb_vmem_info.cc:677] scavenging_mode: 3 for module: jit__identity_fn
I0909 12:23:55.122709      50 deepsea_compiler_hlo_passes.cc:6735] HLO_PASSES stage duration: 28.51076725ms
I0909 12:23:55.294254    1013 tpu_chip_config.cc:367] Resolved chip config alias default->megachip for 6acc60406, 
I0909 12:23:55.294465    1013 tpu_chip_config.cc:367] Resolved chip config alias default->megachip for 6acc60406, 
I0909 12:23:55.294655    1013 memory_space_assignment_util.cc:577] MSA Vmem breakdown: default scoped vmem (from flag): 33554432; does_msa_directly_allocate_scoped_vmem: T; bytes_for_msa_to_allocate: 67043328
I0909 12:23:55.308058    1263 deepsea_compiler_base.cc:4279] BACKEND_PASSES stage duration: 14.1942615ms
I0909 12:23:55.317133    1263 deepsea_compiler_backend.cc:1480] CODE_GENERATION stage duration: 8.9738935ms
I0909 12:23:55.317407    1263 isa_program_util_common.cc:373] (HLO module jit__identity_fn): Executable fingerprint:67556b1dd123307c8bb711c0434fbfac86eab215225618a5f838c0c427d4c3c2
I0909 12:23:55.317411    1263 isa_program_util_common.cc:377] (HLO module jit__identity_fn): Executable fingerprint (including data segments):c43bcc07663f8b538de614a22f9271d5656acd0e5f70af981aecc6805c64d3fd
I0909 12:23:55.317413    1263 isa_program_util_common.cc:380] (HLO module jit__identity_fn): Host transfer fingerprint:e6674013302fbdec09a2c7c89a12b340e612c48cc4b68dbb5d7ca9c5a25bab54
I0909 12:23:55.317669      50 deepsea_compiler_base.cc:1055] END_TO_END stage duration: 226.83970425ms
I0909 12:23:55.317683      50 deepsea_compiler_base.cc:1056] Note that END_TO_END duration also includes time outside of HLO_PASSES, BACKEND_PASSES, and CODE_GENERATION
I0909 12:23:55.318610      50 megascale_context.cc:517] MegaScale DCNTopology fingerprint for: jit__identity_fn : 1688352644216761960 DevicesHash: 11843567257950195766 Topology: go/debugstr   
I0909 12:23:55.318673      50 graph_builder.cc:257] Shapes to compress: [""]
I0909 12:23:55.318680      50 graph_builder.cc:259] Prefixes to compress: [""]
I0909 12:23:55.318723      50 graph_builder.cc:2912] Using MXLA graph seed: all-gather_0
I0909 12:23:55.318913      50 host_command_scheduler_factory.cc:1312] Created a HostCommandScheduler with 18 rules for module jit__identity_fn HostTransfers Fingerprint: 3701741969770116811.
I0909 12:23:55.318927      50 megascale_context.cc:686] MegaScale ExecutableContext created for module: jit__identity_fn with DCN topology: go/debugstr    
I0909 12:23:55.319800     783 communication_backend.cc:625] Created communicator. Hostname: gke-tpu-edbc8be2-f4wr Slice ID: 0 Host ID: 0 NumSlices: 2 Device IDs: 0,1,2,3,4,5,6,7
I0909 12:23:55.321038     968 grpc_transport.cc:2220] Creating client for slice 1 host 0
I0909 12:23:55.321066     968 grpc_transport.cc:2200] Sending to 10.240.96.6:8081 on interface: eth1
I0909 12:23:55.321170     968 grpc_transport.cc:2200] Sending to 10.240.48.8:8081 on interface: eth2
I0909 12:23:55.321223     968 grpc_transport.cc:2278] Created 2 channels for 2 interfaces on slice 1 host 0.
 Load balancing policy: Dynamic lb: max_outstanding_bytes (8388608).
I0909 12:23:55.346010      50 deepsea_compiler_hlo_passes.cc:6623] XLA::TPU running hlo passes for 21 instructions, module: jit__lambda
I0909 12:23:55.346020      50 deepsea_compiler_hlo_passes.cc:6668] Initial HLO module: jit__lambda instructions: 21 fingerprint: 
I0909 12:23:55.346287      50 deepsea_compiler_hlo_passes.cc:6526] HLO optimizing module: jit__lambda instructions: 19
I0909 12:23:55.346293      50 deepsea_compiler_hlo_passes.cc:6539] XLA::TPU HLO optimization
W0909 12:23:55.346938    1299 tpu_spmd_partitioner.cc:460] Collective matmul V1 is enabled. Please consider migrating to V2 since V1 will be deprecated soon. You can enable V2 by setting xla_tpu_all_gather_collective_matmul_mode=post_spmd and xla_tpu_reduce_scatter_collective_matmul_mode=post_spmd.
I0909 12:23:55.356862      50 deepsea_compiler_hlo_passes.cc:6406] xla_tpu_impure_hlo_parallel_compile is DISABLED. jit__lambda
I0909 12:23:55.359424      50 deepsea_compiler_hlo_passes.cc:5472] XLA::TPU HLO PostOptimizationPipeline
I0909 12:23:55.360802      50 latency_hiding_scheduler.cc:4420] [latency-hiding-scheduler] LatencyHidingScheduler current memory usage: 41024 bytes. Current limit: 96637751091
I0909 12:23:55.361485      50 tpu_plumb_vmem_info.cc:677] scavenging_mode: 3 for module: jit__lambda
I0909 12:23:55.362063      50 deepsea_compiler_hlo_passes.cc:6735] HLO_PASSES stage duration: 16.04321525ms
I0909 12:23:55.363044    1013 tpu_chip_config.cc:367] Resolved chip config alias default->megachip for 6acc60406, 
I0909 12:23:55.363204    1013 tpu_chip_config.cc:367] Resolved chip config alias default->megachip for 6acc60406, 
I0909 12:23:55.363373    1013 memory_space_assignment_util.cc:577] MSA Vmem breakdown: default scoped vmem (from flag): 33554432; does_msa_directly_allocate_scoped_vmem: T; bytes_for_msa_to_allocate: 67043328
I0909 12:23:55.382073    1303 deepsea_compiler_base.cc:4279] BACKEND_PASSES stage duration: 19.48502375ms
I0909 12:23:55.384688    1303 deepsea_compiler_backend.cc:1784] final program bundle count: 788 note this count does not reflect cycles spent executing delays.
I0909 12:23:55.390446    1303 deepsea_compiler_backend.cc:1980] Program divided into 2 overlays without HLO functions (90.5K).
I0909 12:23:55.390514    1303 deepsea_compiler_backend.cc:2150] XLA::TPU module name: jit__lambda
I0909 12:23:55.390518    1303 deepsea_compiler_backend.cc:2152] XLA::TPU program HBM usage: 266.5K / 94.74G
I0909 12:23:55.390521    1303 deepsea_compiler_backend.cc:2159] Note that --xla_tpu_max_hbm_size_mib is not specified. This means that the compiler may use up all available HBM, possibly prioritizing other metrics (latency, compile-time, ..) over memory usage. To reduce memory usage, set --xla_tpu_max_hbm_size_mib to a smaller value.
I0909 12:23:55.390522    1303 deepsea_compiler_backend.cc:2193] XLA::TPU program VMEM usage: 32.00M / 64.00M
I0909 12:23:55.390530    1303 deepsea_compiler_backend.cc:2204] Total hbm usage >= 268.28M:
    reserved        268.00M 
    program          266.5K 
    arguments         16.0K 

Output size 512B; shares 0B with arguments.

Total host usage >= 0B:
    reserved             0B 
    program         unknown size 
    arguments            0B 

Output size 0B; shares 0B with arguments.

I0909 12:23:55.390542    1303 deepsea_compiler_backend.cc:2208] Program sflag requirement 228B:
    reserved           204B
    scoped              16B
    HLO temp             8B (100.0% utilization: Unpadded (8B) Padded (8B), 0.0% fragmentation (0B))
Program sparse_core_sequencer_sflag requirement 36B:
    reserved            36B
Program sparse_core_tile_sflag requirement 4B:
    reserved             4B
Program sparse_core_sequencer_smem requirement 64B:
    reserved            64B
Program sparse_core_tile_smem requirement 0B:
Program hbm requirement 266.5K:
    HLO temp         176.0K (100.0% utilization: Unpadded (24.3K) Padded (24.3K), 86.2% fragmentation (151.7K))
    overlays          90.5K
Program vmem requirement 32.00M:
    HLO temp         32.00M (0.0% utilization: Unpadded (0B) Padded (0B), 100.0% fragmentation (32.00M))
Program smem requirement 36B:
    global               4B
    scoped              32B
Program host requirement 0B:
I0909 12:23:55.390545    1303 deepsea_compiler_backend.cc:2216] XLA::TPU program SMEM usage: 1.9K / 1.00M (1 parameters)
I0909 12:23:55.390630    1303 deepsea_compiler_backend.cc:1480] CODE_GENERATION stage duration: 8.4881345ms
I0909 12:23:55.390950    1303 isa_program_util_common.cc:373] (HLO module jit__lambda): Executable fingerprint:6a126cddbd2c7a63446e46d5dcaf750209d6c974ec79e4080fdc4ca9886f81e4
I0909 12:23:55.390953    1303 isa_program_util_common.cc:377] (HLO module jit__lambda): Executable fingerprint (including data segments):12c0715cab49b82f1e3ea1846957d5d3523547d5bf3cc57bcf82f0517b7a92e8
I0909 12:23:55.390954    1303 isa_program_util_common.cc:380] (HLO module jit__lambda): Host transfer fingerprint:2b9801a161c74c27631ae5e0b6d660abd73031d7eba34a0a6e10fff8dfd2f3ae
I0909 12:23:55.391133      50 deepsea_compiler_base.cc:1055] END_TO_END stage duration: 47.383194ms
I0909 12:23:55.391143      50 deepsea_compiler_base.cc:1056] Note that END_TO_END duration also includes time outside of HLO_PASSES, BACKEND_PASSES, and CODE_GENERATION
I0909 12:23:55.391803      50 megascale_context.cc:517] MegaScale DCNTopology fingerprint for: jit__lambda : 1688352644216761960 DevicesHash: 8081921339993277715 Topology: go/debugstr   
I0909 12:23:55.392127      50 host_command_scheduler_factory.cc:1312] Created a HostCommandScheduler with 54 rules for module jit__lambda HostTransfers Fingerprint: 12151718319723310994.
I0909 12:23:55.392151      50 megascale_context.cc:686] MegaScale ExecutableContext created for module: jit__lambda with DCN topology: go/debugstr    
I0909 12:23:55.420230      50 deepsea_compiler_hlo_passes.cc:6623] XLA::TPU running hlo passes for 21 instructions, module: jit__lambda
I0909 12:23:55.420248      50 deepsea_compiler_hlo_passes.cc:6668] Initial HLO module: jit__lambda instructions: 21 fingerprint: 
I0909 12:23:55.420624      50 deepsea_compiler_hlo_passes.cc:6526] HLO optimizing module: jit__lambda instructions: 19
I0909 12:23:55.420632      50 deepsea_compiler_hlo_passes.cc:6539] XLA::TPU HLO optimization
W0909 12:23:55.421263    1322 tpu_spmd_partitioner.cc:460] Collective matmul V1 is enabled. Please consider migrating to V2 since V1 will be deprecated soon. You can enable V2 by setting xla_tpu_all_gather_collective_matmul_mode=post_spmd and xla_tpu_reduce_scatter_collective_matmul_mode=post_spmd.
I0909 12:23:55.427558      50 deepsea_compiler_hlo_passes.cc:6406] xla_tpu_impure_hlo_parallel_compile is DISABLED. jit__lambda
I0909 12:23:55.429715      50 deepsea_compiler_hlo_passes.cc:5472] XLA::TPU HLO PostOptimizationPipeline
I0909 12:23:55.431207      50 latency_hiding_scheduler.cc:4420] [latency-hiding-scheduler] LatencyHidingScheduler current memory usage: 41024 bytes. Current limit: 96637751091
I0909 12:23:55.431942      50 tpu_plumb_vmem_info.cc:677] scavenging_mode: 3 for module: jit__lambda
I0909 12:23:55.432607      50 deepsea_compiler_hlo_passes.cc:6735] HLO_PASSES stage duration: 12.359014ms
I0909 12:23:55.434143    1013 tpu_chip_config.cc:367] Resolved chip config alias default->megachip for 6acc60406, 
I0909 12:23:55.434312    1013 tpu_chip_config.cc:367] Resolved chip config alias default->megachip for 6acc60406, 
I0909 12:23:55.434532    1013 memory_space_assignment_util.cc:577] MSA Vmem breakdown: default scoped vmem (from flag): 33554432; does_msa_directly_allocate_scoped_vmem: T; bytes_for_msa_to_allocate: 67043328
I0909 12:23:55.453728    1326 deepsea_compiler_base.cc:4279] BACKEND_PASSES stage duration: 20.24052925ms
I0909 12:23:55.457037    1326 deepsea_compiler_backend.cc:1784] final program bundle count: 788 note this count does not reflect cycles spent executing delays.
I0909 12:23:55.463280    1326 deepsea_compiler_backend.cc:1980] Program divided into 2 overlays without HLO functions (90.5K).
I0909 12:23:55.463371    1326 deepsea_compiler_backend.cc:2150] XLA::TPU module name: jit__lambda
I0909 12:23:55.463375    1326 deepsea_compiler_backend.cc:2152] XLA::TPU program HBM usage: 266.5K / 94.74G
I0909 12:23:55.463378    1326 deepsea_compiler_backend.cc:2159] Note that --xla_tpu_max_hbm_size_mib is not specified. This means that the compiler may use up all available HBM, possibly prioritizing other metrics (latency, compile-time, ..) over memory usage. To reduce memory usage, set --xla_tpu_max_hbm_size_mib to a smaller value.
I0909 12:23:55.463380    1326 deepsea_compiler_backend.cc:2193] XLA::TPU program VMEM usage: 32.00M / 64.00M
I0909 12:23:55.463388    1326 deepsea_compiler_backend.cc:2204] Total hbm usage >= 268.28M:
    reserved        268.00M 
    program          266.5K 
    arguments         16.0K 

Output size 512B; shares 0B with arguments.

Total host usage >= 0B:
    reserved             0B 
    program         unknown size 
    arguments            0B 

Output size 0B; shares 0B with arguments.

I0909 12:23:55.463401    1326 deepsea_compiler_backend.cc:2208] Program sflag requirement 228B:
    reserved           204B
    scoped              16B
    HLO temp             8B (100.0% utilization: Unpadded (8B) Padded (8B), 0.0% fragmentation (0B))
Program sparse_core_sequencer_sflag requirement 36B:
    reserved            36B
Program sparse_core_tile_sflag requirement 4B:
    reserved             4B
Program sparse_core_sequencer_smem requirement 64B:
    reserved            64B
Program sparse_core_tile_smem requirement 0B:
Program hbm requirement 266.5K:
    HLO temp         176.0K (100.0% utilization: Unpadded (24.3K) Padded (24.3K), 86.2% fragmentation (151.7K))
    overlays          90.5K
Program vmem requirement 32.00M:
    HLO temp         32.00M (0.0% utilization: Unpadded (0B) Padded (0B), 100.0% fragmentation (32.00M))
Program smem requirement 36B:
    global               4B
    scoped              32B
Program host requirement 0B:
I0909 12:23:55.463404    1326 deepsea_compiler_backend.cc:2216] XLA::TPU program SMEM usage: 1.9K / 1.00M (1 parameters)
I0909 12:23:55.463494    1326 deepsea_compiler_backend.cc:1480] CODE_GENERATION stage duration: 9.67690275ms
I0909 12:23:55.463801    1326 isa_program_util_common.cc:373] (HLO module jit__lambda): Executable fingerprint:6a126cddbd2c7a63446e46d5dcaf750209d6c974ec79e4080fdc4ca9886f81e4
I0909 12:23:55.463804    1326 isa_program_util_common.cc:377] (HLO module jit__lambda): Executable fingerprint (including data segments):12c0715cab49b82f1e3ea1846957d5d3523547d5bf3cc57bcf82f0517b7a92e8
I0909 12:23:55.463805    1326 isa_program_util_common.cc:380] (HLO module jit__lambda): Host transfer fingerprint:2b9801a161c74c27631ae5e0b6d660abd73031d7eba34a0a6e10fff8dfd2f3ae
I0909 12:23:55.463961      50 deepsea_compiler_base.cc:1055] END_TO_END stage duration: 46.77240275ms
I0909 12:23:55.463972      50 deepsea_compiler_base.cc:1056] Note that END_TO_END duration also includes time outside of HLO_PASSES, BACKEND_PASSES, and CODE_GENERATION
I0909 12:23:55.464717      50 megascale_context.cc:517] MegaScale DCNTopology fingerprint for: jit__lambda : 1688352644216761960 DevicesHash: 8081921339993277715 Topology: go/debugstr   
I0909 12:23:55.465069      50 host_command_scheduler_factory.cc:1312] Created a HostCommandScheduler with 54 rules for module jit__lambda HostTransfers Fingerprint: 12151718319723310994.
I0909 12:23:55.465092      50 megascale_context.cc:686] MegaScale ExecutableContext created for module: jit__lambda with DCN topology: go/debugstr    
I0909 12:23:55.472089     827 megascale_context.cc:439] Destroying MegaScale PjrtExecutableContext: jit__lambda
I0909 12:23:55.489618      50 deepsea_compiler_hlo_passes.cc:6623] XLA::TPU running hlo passes for 19 instructions, module: jit__lambda
I0909 12:23:55.489627      50 deepsea_compiler_hlo_passes.cc:6668] Initial HLO module: jit__lambda instructions: 19 fingerprint: 
I0909 12:23:55.489844      50 deepsea_compiler_hlo_passes.cc:6526] HLO optimizing module: jit__lambda instructions: 17
I0909 12:23:55.489848      50 deepsea_compiler_hlo_passes.cc:6539] XLA::TPU HLO optimization
W0909 12:23:55.490393    1332 tpu_spmd_partitioner.cc:460] Collective matmul V1 is enabled. Please consider migrating to V2 since V1 will be deprecated soon. You can enable V2 by setting xla_tpu_all_gather_collective_matmul_mode=post_spmd and xla_tpu_reduce_scatter_collective_matmul_mode=post_spmd.
I0909 12:23:55.496618      50 deepsea_compiler_hlo_passes.cc:6406] xla_tpu_impure_hlo_parallel_compile is DISABLED. jit__lambda
I0909 12:23:55.498632      50 deepsea_compiler_hlo_passes.cc:5472] XLA::TPU HLO PostOptimizationPipeline
I0909 12:23:55.499486      50 latency_hiding_scheduler.cc:4420] [latency-hiding-scheduler] LatencyHidingScheduler current memory usage: 24640 bytes. Current limit: 96637894451
I0909 12:23:55.499928      50 tpu_plumb_vmem_info.cc:677] scavenging_mode: 3 for module: jit__lambda
I0909 12:23:55.500464      50 deepsea_compiler_hlo_passes.cc:6735] HLO_PASSES stage duration: 10.837009ms
I0909 12:23:55.501768    1013 tpu_chip_config.cc:367] Resolved chip config alias default->megachip for 6acc60406, 
I0909 12:23:55.501930    1013 tpu_chip_config.cc:367] Resolved chip config alias default->megachip for 6acc60406, 
I0909 12:23:55.502124    1013 memory_space_assignment_util.cc:577] MSA Vmem breakdown: default scoped vmem (from flag): 33554432; does_msa_directly_allocate_scoped_vmem: T; bytes_for_msa_to_allocate: 67043328
I0909 12:23:55.516833    1336 deepsea_compiler_base.cc:4279] BACKEND_PASSES stage duration: 15.6673305ms
I0909 12:23:55.519657    1336 deepsea_compiler_backend.cc:1784] final program bundle count: 626 note this count does not reflect cycles spent executing delays.
I0909 12:23:55.525407    1336 deepsea_compiler_backend.cc:1980] Program divided into 2 overlays without HLO functions (80.5K).
I0909 12:23:55.525471    1336 deepsea_compiler_backend.cc:2150] XLA::TPU module name: jit__lambda
I0909 12:23:55.525474    1336 deepsea_compiler_backend.cc:2152] XLA::TPU program HBM usage: 208.5K / 94.74G
I0909 12:23:55.525476    1336 deepsea_compiler_backend.cc:2159] Note that --xla_tpu_max_hbm_size_mib is not specified. This means that the compiler may use up all available HBM, possibly prioritizing other metrics (latency, compile-time, ..) over memory usage. To reduce memory usage, set --xla_tpu_max_hbm_size_mib to a smaller value.
I0909 12:23:55.525478    1336 deepsea_compiler_backend.cc:2193] XLA::TPU program VMEM usage: 32.00M / 64.00M
I0909 12:23:55.525484    1336 deepsea_compiler_backend.cc:2204] Total hbm usage >= 268.22M:
    reserved        268.00M 
    program          208.5K 
    arguments         16.0K 

Output size 512B; shares 0B with arguments.

Total host usage >= 0B:
    reserved             0B 
    program         unknown size 
    arguments            0B 

Output size 0B; shares 0B with arguments.

I0909 12:23:55.525494    1336 deepsea_compiler_backend.cc:2208] Program sflag requirement 224B:
    reserved           204B
    scoped              12B
    HLO temp             8B (100.0% utilization: Unpadded (8B) Padded (8B), 0.0% fragmentation (0B))
Program sparse_core_sequencer_sflag requirement 36B:
    reserved            36B
Program sparse_core_tile_sflag requirement 4B:
    reserved             4B
Program sparse_core_sequencer_smem requirement 64B:
    reserved            64B
Program sparse_core_tile_smem requirement 0B:
Program hbm requirement 208.5K:
    HLO temp         128.0K (49.1% utilization: Unpadded (8.2K) Padded (16.7K), 87.0% fragmentation (111.3K))
    overlays          80.5K
Program vmem requirement 32.00M:
    HLO temp         32.00M (0.0% utilization: Unpadded (0B) Padded (0B), 100.0% fragmentation (32.00M))
Program smem requirement 36B:
    global               4B
    scoped              32B
Program host requirement 0B:
I0909 12:23:55.525496    1336 deepsea_compiler_backend.cc:2216] XLA::TPU program SMEM usage: 1.9K / 1.00M (1 parameters)
I0909 12:23:55.525576    1336 deepsea_compiler_backend.cc:1480] CODE_GENERATION stage duration: 8.66063275ms
I0909 12:23:55.525808    1336 isa_program_util_common.cc:373] (HLO module jit__lambda): Executable fingerprint:4a4bf7195f2e28a358732e4bad360b9ab79156518433b25ddb27df2e76864c13
I0909 12:23:55.525811    1336 isa_program_util_common.cc:377] (HLO module jit__lambda): Executable fingerprint (including data segments):41df051aa1d5cc95b6bd65dcd0fe59634f8d45c83e436d4b0b21da6da348f7ba
I0909 12:23:55.525812    1336 isa_program_util_common.cc:380] (HLO module jit__lambda): Host transfer fingerprint:5c8f40e7dcd653d84e947d890338940d2b2e1ffba06eadb57827e716f5782f97
I0909 12:23:55.525963      50 deepsea_compiler_base.cc:1055] END_TO_END stage duration: 38.51825275ms
I0909 12:23:55.525974      50 deepsea_compiler_base.cc:1056] Note that END_TO_END duration also includes time outside of HLO_PASSES, BACKEND_PASSES, and CODE_GENERATION
I0909 12:23:55.526575      50 megascale_context.cc:517] MegaScale DCNTopology fingerprint for: jit__lambda : 1688352644216761960 DevicesHash: 8081921339993277715 Topology: go/debugstr   
I0909 12:23:55.526761      50 host_command_scheduler_factory.cc:1312] Created a HostCommandScheduler with 36 rules for module jit__lambda HostTransfers Fingerprint: 8427318606672400244.
I0909 12:23:55.526774      50 megascale_context.cc:686] MegaScale ExecutableContext created for module: jit__lambda with DCN topology: go/debugstr    
I0909 12:23:55.532808     827 megascale_context.cc:439] Destroying MegaScale PjrtExecutableContext: jit__lambda
MANUAL_AR_VERIFY {"exchange_add": true, "psum": true, "psum_checksum": 3.0}
I0909 12:23:55.544525    1009 topology_coordinator.cc:173] MegaScale Topology Discovery completed.
W0909 12:23:55.546532    1339 tpu_spmd_partitioner.cc:460] Collective matmul V1 is enabled. Please consider migrating to V2 since V1 will be deprecated soon. You can enable V2 by setting xla_tpu_all_gather_collective_matmul_mode=post_spmd and xla_tpu_reduce_scatter_collective_matmul_mode=post_spmd.
I0909 12:23:55.551174      50 deepsea_compiler_hlo_passes.cc:6406] xla_tpu_impure_hlo_parallel_compile is DISABLED. jit__lambda
I0909 12:23:55.552743      50 tpu_plumb_vmem_info.cc:677] scavenging_mode: 3 for module: jit__lambda
I0909 12:23:55.563046      50 deepsea_compiler_hlo_passes.cc:6735] HLO_PASSES stage duration: 17.2375435ms
I0909 12:23:55.563815    1009 tpu_chip_config.cc:367] Resolved chip config alias default->megachip for 6acc60406, 
I0909 12:23:55.563994    1009 tpu_chip_config.cc:367] Resolved chip config alias default->megachip for 6acc60406, 
I0909 12:23:55.564170    1009 memory_space_assignment_util.cc:577] MSA Vmem breakdown: default scoped vmem (from flag): 33554432; does_msa_directly_allocate_scoped_vmem: T; bytes_for_msa_to_allocate: 67043328
I0909 12:23:55.594774    1341 deepsea_compiler_base.cc:4279] BACKEND_PASSES stage duration: 31.31225475ms
I0909 12:23:55.602173    1341 deepsea_compiler_backend.cc:1480] CODE_GENERATION stage duration: 7.33709425ms
I0909 12:23:55.602417    1341 isa_program_util_common.cc:373] (HLO module jit__lambda): Executable fingerprint:bc586dffeac4e7ae318e7d154bf8e04f4304c94ca0093b387a7797ec3816d14b
I0909 12:23:55.602421    1341 isa_program_util_common.cc:377] (HLO module jit__lambda): Executable fingerprint (including data segments):a2faf2ce0762128844e7a122c148a8aece70b237d9b143ffa46b761ac2a0d991
I0909 12:23:55.602422    1341 isa_program_util_common.cc:380] (HLO module jit__lambda): Host transfer fingerprint:e3b0c44298fc1c149afbf4c8996fb92427ae41e4649b934ca495991b7852b855
I0909 12:23:55.602717      50 deepsea_compiler_base.cc:1055] END_TO_END stage duration: 59.207989ms
I0909 12:23:55.602734      50 deepsea_compiler_base.cc:1056] Note that END_TO_END duration also includes time outside of HLO_PASSES, BACKEND_PASSES, and CODE_GENERATION
I0909 12:23:55.603182      50 host_command_scheduler_factory.cc:1312] Created a HostCommandScheduler with 0 rules for module jit__lambda HostTransfers Fingerprint: 0.
I0909 12:23:55.603194      50 megascale_context.cc:686] MegaScale ExecutableContext created for module: jit__lambda with DCN topology: go/debugstr    
I0909 12:23:55.607058     743 megascale_context.cc:439] Destroying MegaScale PjrtExecutableContext: jit__lambda
W0909 12:23:55.620294    1344 tpu_spmd_partitioner.cc:460] Collective matmul V1 is enabled. Please consider migrating to V2 since V1 will be deprecated soon. You can enable V2 by setting xla_tpu_all_gather_collective_matmul_mode=post_spmd and xla_tpu_reduce_scatter_collective_matmul_mode=post_spmd.
I0909 12:23:55.626306      50 deepsea_compiler_hlo_passes.cc:6406] xla_tpu_impure_hlo_parallel_compile is DISABLED. jit__identity_fn
I0909 12:23:55.629129      50 latency_hiding_scheduler.cc:4420] [latency-hiding-scheduler] LatencyHidingScheduler current memory usage: 10816 bytes. Current limit: 96637838643
I0909 12:23:55.629634      50 tpu_plumb_vmem_info.cc:677] scavenging_mode: 3 for module: jit__identity_fn
I0909 12:23:55.630146      50 deepsea_compiler_hlo_passes.cc:6735] HLO_PASSES stage duration: 10.46914225ms
I0909 12:23:55.631311    1009 tpu_chip_config.cc:367] Resolved chip config alias default->megachip for 6acc60406, 
I0909 12:23:55.631477    1009 tpu_chip_config.cc:367] Resolved chip config alias default->megachip for 6acc60406, 
I0909 12:23:55.631651    1009 memory_space_assignment_util.cc:577] MSA Vmem breakdown: default scoped vmem (from flag): 33554432; does_msa_directly_allocate_scoped_vmem: T; bytes_for_msa_to_allocate: 67043328
I0909 12:23:55.658308    1346 deepsea_compiler_base.cc:4279] BACKEND_PASSES stage duration: 27.49601325ms
I0909 12:23:55.667028    1346 deepsea_compiler_backend.cc:1480] CODE_GENERATION stage duration: 8.63578675ms
I0909 12:23:55.667310    1346 isa_program_util_common.cc:373] (HLO module jit__identity_fn): Executable fingerprint:fd3b0d6bd150f631ee1516bdd9fe68433befc25b43e5ac8c1bf0647642d4a029
I0909 12:23:55.667313    1346 isa_program_util_common.cc:377] (HLO module jit__identity_fn): Executable fingerprint (including data segments):b4793e425396e7ab5df0b40c15a832140ecb3328718901424ce0f42c7f63731d
I0909 12:23:55.667314    1346 isa_program_util_common.cc:380] (HLO module jit__identity_fn): Host transfer fingerprint:f21887b8cd1a7de9f1745e6458df4dba74bea513f1593c4409ce2cd383777ca8
I0909 12:23:55.667623      50 deepsea_compiler_base.cc:1055] END_TO_END stage duration: 50.3042615ms
I0909 12:23:55.667639      50 deepsea_compiler_base.cc:1056] Note that END_TO_END duration also includes time outside of HLO_PASSES, BACKEND_PASSES, and CODE_GENERATION
I0909 12:23:55.668160      50 megascale_context.cc:517] MegaScale DCNTopology fingerprint for: jit__identity_fn : 1688352644216761960 DevicesHash: 11843567257950195766 Topology: go/debugstr   
I0909 12:23:55.668297      50 host_command_scheduler_factory.cc:1312] Created a HostCommandScheduler with 18 rules for module jit__identity_fn HostTransfers Fingerprint: 14547820116035419324.
I0909 12:23:55.668306      50 megascale_context.cc:686] MegaScale ExecutableContext created for module: jit__identity_fn with DCN topology: go/debugstr    
I0909 12:23:55.671607     827 megascale_context.cc:439] Destroying MegaScale PjrtExecutableContext: jit__lambda
W0909 12:23:55.687198    1350 tpu_spmd_partitioner.cc:460] Collective matmul V1 is enabled. Please consider migrating to V2 since V1 will be deprecated soon. You can enable V2 by setting xla_tpu_all_gather_collective_matmul_mode=post_spmd and xla_tpu_reduce_scatter_collective_matmul_mode=post_spmd.
I0909 12:23:55.692498      50 deepsea_compiler_hlo_passes.cc:6406] xla_tpu_impure_hlo_parallel_compile is DISABLED. jit_op
I0909 12:23:55.695127      50 latency_hiding_scheduler.cc:4420] [latency-hiding-scheduler] LatencyHidingScheduler current memory usage: 1610620992 bytes. Current limit: 95564271411
I0909 12:23:55.695598      50 tpu_plumb_vmem_info.cc:677] scavenging_mode: 3 for module: jit_op
I0909 12:23:55.726539      50 deepsea_compiler_hlo_passes.cc:6735] HLO_PASSES stage duration: 39.81746725ms
I0909 12:23:55.727748    1009 tpu_chip_config.cc:367] Resolved chip config alias default->megachip for 6acc60406, 
I0909 12:23:55.727879    1009 tpu_chip_config.cc:367] Resolved chip config alias default->megachip for 6acc60406, 
I0909 12:23:55.728039    1009 memory_space_assignment_util.cc:577] MSA Vmem breakdown: default scoped vmem (from flag): 33554432; does_msa_directly_allocate_scoped_vmem: T; bytes_for_msa_to_allocate: 67043328
I0909 12:23:55.851555    1354 deepsea_compiler_base.cc:4279] BACKEND_PASSES stage duration: 124.37136125ms
I0909 12:23:55.862142    1354 deepsea_compiler_backend.cc:1480] CODE_GENERATION stage duration: 10.5116765ms
I0909 12:23:55.862578    1354 isa_program_util_common.cc:373] (HLO module jit_op): Executable fingerprint:0f2b665f05c3c4afe211f3c371efcab563df28a2ebf1e3fea485408c5722f8dc
I0909 12:23:55.862582    1354 isa_program_util_common.cc:377] (HLO module jit_op): Executable fingerprint (including data segments):86848f6f1a06a74bef5f269280dc370998aab50634976e92618a9f9f14091724
I0909 12:23:55.862584    1354 isa_program_util_common.cc:380] (HLO module jit_op): Host transfer fingerprint:294ab033fa7a89f4c4b5c51d8744fa6f4206e6d1d2d85c49c24e64e2b1444859
I0909 12:23:55.862901      50 deepsea_compiler_base.cc:1055] END_TO_END stage duration: 178.238532ms
I0909 12:23:55.862918      50 deepsea_compiler_base.cc:1056] Note that END_TO_END duration also includes time outside of HLO_PASSES, BACKEND_PASSES, and CODE_GENERATION
I0909 12:23:55.863683      50 megascale_context.cc:517] MegaScale DCNTopology fingerprint for: jit_op : 1688352644216761960 DevicesHash: 8081921339993277715 Topology: go/debugstr   
I0909 12:23:55.871104      50 host_command_scheduler_factory.cc:1312] Created a HostCommandScheduler with 36 rules for module jit_op HostTransfers Fingerprint: 12634255100403355191.
I0909 12:23:55.871783      50 megascale_context.cc:686] MegaScale ExecutableContext created for module: jit_op with DCN topology: go/debugstr    
I0909 12:23:55.888126     929 generic-stream-socket.h:1667] Cannot process timestamp for type=1 seq=8405603 time=2026-09-09T12:23:55.884828904+00:00
W0909 12:23:55.888852     821 grpc_transport.cc:1186] Too many pending sends: 128
W0909 12:23:56.096075     781 tpu_pjrt_client.cc:2333] PjRt execution dispatch was blocked for 205.885616ms because PjRt's max in-flight computation semaphore is full (limit: 32), which may negatively affect the performance
W0909 12:24:05.958749    1717 grpc_transport.cc:1186] Too many pending sends: 128
W0909 12:24:15.978725    1719 grpc_transport.cc:1186] Too many pending sends: 128
I0909 12:24:16.373299    2425 cachednslookup.cc:391] TTL not found in response, not caching response
W0909 12:24:25.991342    1736 grpc_transport.cc:1186] Too many pending sends: 128
W0909 12:24:35.996307    2272 grpc_transport.cc:1186] Too many pending sends: 128
W0909 12:24:46.027989    1847 grpc_transport.cc:1186] Too many pending sends: 128
W0909 12:24:56.104138    2270 grpc_transport.cc:1186] Too many pending sends: 128
W0909 12:25:06.104250    2262 grpc_transport.cc:1186] Too many pending sends: 150
I0909 12:25:10.972955      50 megascale_context.cc:439] Destroying MegaScale PjrtExecutableContext: jit_op
MANUAL_AR_RESULT {"batch": 10, "benchmark": "manual_ar", "host_gbps_best": 266.0012759365181, "host_gbps_median": 258.0975476185889, "matrix_dim": 32768, "network_delta": {"cilium_host": {"rx_bytes": 0, "tx_bytes": 0}, "cilium_net": {"rx_bytes": 0, "tx_bytes": 0}, "docker0": {"rx_bytes": 0, "tx_bytes": 0}, "eth0": {"rx_bytes": 1226190, "tx_bytes": 7193900}, "eth1": {"rx_bytes": 1216062605599, "tx_bytes": 1211488922815}, "eth2": {"rx_bytes": 1208869245733, "tx_bytes": 1202979692164}, "lo": {"rx_bytes": 7918401, "tx_bytes": 7918401}, "lxc7a46b7c617f2": {"rx_bytes": 2352016, "tx_bytes": 753298}, "lxc98965bb30804": {"rx_bytes": 19682, "tx_bytes": 111614}, "lxcc0f9da7fa3ad": {"rx_bytes": 28812, "tx_bytes": 5047}, "lxcee5710d8dac0": {"rx_bytes": 36052, "tx_bytes": 7400}, "lxceee434c5d682": {"rx_bytes": 861, "tx_bytes": 20819}}, "participants_per_slice": 8, "reps": 8, "shard_bytes_per_device": 1073741824.0, "time_ms_all": [266.4439818938263, 269.9592599994503, 266.06380339944735, 260.28397800400853, 260.7854899019003, 275.78856999753043, 270.04647341091186, 258.34265829762444], "time_ms_best": 258.34265829762444, "time_ms_median": 266.2538926466368, "variant": "psum", "warmups": 200}
W0909 12:25:11.005360    2765 tpu_spmd_partitioner.cc:460] Collective matmul V1 is enabled. Please consider migrating to V2 since V1 will be deprecated soon. You can enable V2 by setting xla_tpu_all_gather_collective_matmul_mode=post_spmd and xla_tpu_reduce_scatter_collective_matmul_mode=post_spmd.
I0909 12:25:11.012072      50 deepsea_compiler_hlo_passes.cc:6406] xla_tpu_impure_hlo_parallel_compile is DISABLED. jit_op
I0909 12:25:11.014071      50 latency_hiding_scheduler.cc:4420] [latency-hiding-scheduler] LatencyHidingScheduler current memory usage: 1073750080 bytes. Current limit: 95564404531
I0909 12:25:11.014404      50 tpu_plumb_vmem_info.cc:677] scavenging_mode: 3 for module: jit_op
I0909 12:25:11.033896      50 deepsea_compiler_hlo_passes.cc:6735] HLO_PASSES stage duration: 29.25882275ms
I0909 12:25:11.035029    1009 tpu_chip_config.cc:367] Resolved chip config alias default->megachip for 6acc60406, 
I0909 12:25:11.035218    1009 tpu_chip_config.cc:367] Resolved chip config alias default->megachip for 6acc60406, 
I0909 12:25:11.035426    1009 memory_space_assignment_util.cc:577] MSA Vmem breakdown: default scoped vmem (from flag): 33554432; does_msa_directly_allocate_scoped_vmem: T; bytes_for_msa_to_allocate: 67043328
I0909 12:25:11.145978    2770 deepsea_compiler_base.cc:4279] BACKEND_PASSES stage duration: 111.5599565ms
I0909 12:25:11.153124    2770 deepsea_compiler_backend.cc:1480] CODE_GENERATION stage duration: 7.06625975ms
I0909 12:25:11.153516    2770 isa_program_util_common.cc:373] (HLO module jit_op): Executable fingerprint:33a5a6d6f7cea468562f68254b4eb2b89053eb34e2e10125a401ef1c264018f8
I0909 12:25:11.153519    2770 isa_program_util_common.cc:377] (HLO module jit_op): Executable fingerprint (including data segments):63de7ca22133830a9ecf7d1576f6e0dc97cbc6a522ec2bae425e60708fe1b2d0
I0909 12:25:11.153521    2770 isa_program_util_common.cc:380] (HLO module jit_op): Host transfer fingerprint:c37db3d47c19d90e6b870bb79741e56a58ee0112318c32550eac3926e65c0ec8
I0909 12:25:11.153844      50 deepsea_compiler_base.cc:1055] END_TO_END stage duration: 151.7339505ms
I0909 12:25:11.153860      50 deepsea_compiler_base.cc:1056] Note that END_TO_END duration also includes time outside of HLO_PASSES, BACKEND_PASSES, and CODE_GENERATION
I0909 12:25:11.154515      50 megascale_context.cc:517] MegaScale DCNTopology fingerprint for: jit_op : 1688352644216761960 DevicesHash: 8081921339993277715 Topology: go/debugstr   
I0909 12:25:11.157258      50 host_command_scheduler_factory.cc:1312] Created a HostCommandScheduler with 18 rules for module jit_op HostTransfers Fingerprint: 158907515329715665.
I0909 12:25:11.157617      50 megascale_context.cc:686] MegaScale ExecutableContext created for module: jit_op with DCN topology: go/debugstr    
W0909 12:25:11.376574     787 tpu_pjrt_client.cc:2333] PjRt execution dispatch was blocked for 203.257429ms because PjRt's max in-flight computation semaphore is full (limit: 32), which may negatively affect the performance
W0909 12:25:16.126386     807 grpc_transport.cc:1186] Too many pending sends: 128
W0909 12:25:26.132239    2375 grpc_transport.cc:1186] Too many pending sends: 128
W0909 12:25:36.181228    1848 grpc_transport.cc:1186] Too many pending sends: 128
W0909 12:25:46.181236    2272 grpc_transport.cc:1186] Too many pending sends: 784
W0909 12:25:56.260072    2272 grpc_transport.cc:1186] Too many pending sends: 128
W0909 12:26:06.366526    1717 grpc_transport.cc:1186] Too many pending sends: 128
W0909 12:26:16.569284    1717 grpc_transport.cc:1186] Too many pending sends: 128
I0909 12:26:25.813017      50 megascale_context.cc:439] Destroying MegaScale PjrtExecutableContext: jit_op
MANUAL_AR_RESULT {"batch": 10, "benchmark": "manual_ar", "host_gbps_best": 271.281102152104, "host_gbps_median": 265.2689250873351, "matrix_dim": 32768, "network_delta": {"cilium_host": {"rx_bytes": 0, "tx_bytes": 0}, "cilium_net": {"rx_bytes": 0, "tx_bytes": 0}, "docker0": {"rx_bytes": 0, "tx_bytes": 0}, "eth0": {"rx_bytes": 784652, "tx_bytes": 6536573}, "eth1": {"rx_bytes": 1212570087930, "tx_bytes": 1208165348800}, "eth2": {"rx_bytes": 1212488692342, "tx_bytes": 1206373319047}, "lo": {"rx_bytes": 7627513, "tx_bytes": 7627513}, "lxc7a46b7c617f2": {"rx_bytes": 3300746, "tx_bytes": 980444}, "lxc98965bb30804": {"rx_bytes": 30935, "tx_bytes": 112709}, "lxcc0f9da7fa3ad": {"rx_bytes": 29159, "tx_bytes": 5136}, "lxcee5710d8dac0": {"rx_bytes": 57185, "tx_bytes": 9626}, "lxceee434c5d682": {"rx_bytes": 789, "tx_bytes": 776}}, "participants_per_slice": 8, "reps": 8, "shard_bytes_per_device": 1073741824.0, "time_ms_all": [260.44018589891493, 260.4881878942251, 259.1861037071794, 258.4459439967759, 261.44749680534005, 253.31464739283547, 258.9256706996821, 253.83831679355353], "time_ms_best": 253.31464739283547, "time_ms_median": 259.05588720343076, "variant": "exchange_add", "warmups": 200}
MANUAL_AR_SUMMARY {"exchange_add@32768": 271.3, "psum@32768": 266.0}
I0909 12:26:25.819358      50 megascale_context.cc:439] Destroying MegaScale PjrtExecutableContext: jit__identity_fn
W0909 12:26:25.824370    1035 pjrt_client.h:601] UpdateGlobalProcessInfo is not supported.
W0909 12:26:25.824732    1035 pjrt_client.h:601] UpdateGlobalProcessInfo is not supported.
I0909 12:26:25.852004      50 allocator_stats_reporter.cc:147] Stopping AllocatorStatsReporter. Reporting one last time first.
I0909 12:26:25.852204     770 tpu_diagnostic_coordinator.cc:565] TpuStallWorker thread exiting.
I0909 12:26:26.052726      50 tpunetd_client.cc:431] Session master stopping the session...
I0909 12:26:26.053160    1013 session_worker_service.cc:115] Session master notifies the worker to disconnect from session 7d6a24a0026fe785
I0909 12:26:26.053235      50 tpunetd_client.cc:433] Session master stopped the session.
I0909 12:26:26.053249      50 tpunetd_client.cc:438] Session manager stopping the session...
I0909 12:26:26.157923      50 tpunetd_client.cc:440] Session manager stopped the session.
I0909 12:26:30.943114     147 async_driver.cc:1178] [/dev/vfio/4 tpu662:pe0:0] vf_id:0 Driver closed.
I0909 12:26:30.980474    2715 async_driver.cc:1178] [/dev/vfio/6 tpu662:pe0:2] vf_id:0 Driver closed.
I0909 12:26:31.263528    2988 async_driver.cc:1178] [/dev/vfio/1 tpu662:pe0:3] vf_id:0 Driver closed.
I0909 12:26:31.373223    2989 async_driver.cc:1178] [/dev/vfio/5 tpu662:pe0:1] vf_id:0 Driver closed.
I0909 12:26:31.375336    3182 megascale_context.cc:439] Destroying MegaScale PjrtExecutableContext: jit__identity_fn
I0909 12:26:31.375448    3182 megascale_context.cc:1131] Destroying MegaScale PjrtClientContext.
MC_CONFIG_END name=base pass=1
MC_CONFIG_BEGIN name=mrss16 pass=1 port=1302 flags=--xla_tpu_use_megascale_host_reduction=false --megascale_max_reduction_shard_size=16777216
ERROR: Accessing retired flag 'eventmanager2_as_default_eventmanager'
I0909 12:26:40.526930    3192 b295d63588a.cc:792] Linux version 6.12.94+ (builder@b181c7a13d4c) (Chromium OS 17.0_pre498229-r33 clang version 17.0.0 (/mnt/host/source/src/third_party/llvm-project 14f0776550b5a49e1c42f49a00213f7f3fa047bf), LLD 17.0.0) #1 SMP Mon Jul 27 22:05:55 UTC 2026
I0909 12:26:40.527229    3192 b295d63588a.cc:876] Process id 3192
I0909 12:26:40.527244    3192 b295d63588a.cc:882] Current working directory /jax-ai-image
I0909 12:26:40.527249    3192 b295d63588a.cc:885] Current timezone is UTC (currently UTC +00:00)
I0909 12:26:40.527252    3192 b295d63588a.cc:890] Built on Dec 31 1969 16:00:00 (0)
I0909 12:26:40.527254    3192 b295d63588a.cc:891]  at redacted@redacted:.
I0909 12:26:40.527255    3192 b295d63588a.cc:892]  as //learning/45eac/tfrc/executor:_libtpu.so.native
I0909 12:26:40.527256    3192 b295d63588a.cc:893]  for gcc-4.X.Y-crosstool-v18-llvm-grtev4-k8.k8
I0909 12:26:40.527258    3192 b295d63588a.cc:902] Build tool: redacted
I0909 12:26:40.527259    3192 b295d63588a.cc:903] Build target: 
I0909 12:26:40.527270    3192 b295d63588a.cc:911] Command line arguments:
I0909 12:26:40.527272    3192 b295d63588a.cc:913] argv[0]: './tpu_driver'
I0909 12:26:40.527274    3192 b295d63588a.cc:913] argv[1]: '--minloglevel=0'
I0909 12:26:40.527276    3192 b295d63588a.cc:913] argv[2]: '--stderrthreshold=0'
I0909 12:26:40.527277    3192 b295d63588a.cc:913] argv[3]: '--v=0'
I0909 12:26:40.527278    3192 b295d63588a.cc:913] argv[4]: '--vmodule='
I0909 12:26:40.527280    3192 b295d63588a.cc:913] argv[5]: '--log_dir=/tmp/tpu_logs/benchmark'
I0909 12:26:40.527281    3192 b295d63588a.cc:913] argv[6]: '--max_log_size=1024'
I0909 12:26:40.527283    3192 b295d63588a.cc:913] argv[7]: '--deepsea_hal_included_devs=3,0,1,2'
I0909 12:26:40.527284    3192 b295d63588a.cc:913] argv[8]: '--megascale_transport_numa_node=0,1'
I0909 12:26:40.527286    3192 b295d63588a.cc:913] argv[9]: '--next_pluggable_device_use_c_api=0'
I0909 12:26:40.527287    3192 b295d63588a.cc:913] argv[10]: '--deepsea_wrap=false,false,false'
I0909 12:26:40.527288    3192 b295d63588a.cc:913] argv[11]: '--deepsea_twist=false'
I0909 12:26:40.527290    3192 b295d63588a.cc:913] argv[12]: '--deepsea_chip_config_name=default'
I0909 12:26:40.527291    3192 b295d63588a.cc:913] argv[13]: '--deepsea_chips_per_host_bounds=2,2,1'
I0909 12:26:40.527292    3192 b295d63588a.cc:913] argv[14]: '--deepsea_host_bounds=1,1,1'
I0909 12:26:40.527294    3192 b295d63588a.cc:913] argv[15]: '--deepsea_slice_builder_worker_port=8471'
I0909 12:26:40.527295    3192 b295d63588a.cc:913] argv[16]: '--deepsea_slice_builder_worker_addresses=dcn-mc3-slice-0-0.dcn-mc3:8471'
I0909 12:26:40.527296    3192 b295d63588a.cc:913] argv[17]: '--tpu_slice_builder_dump_chip=false'
I0909 12:26:40.527298    3192 b295d63588a.cc:913] argv[18]: '--tpu_slice_builder_dump_chip_force=false'
I0909 12:26:40.527299    3192 b295d63588a.cc:913] argv[19]: '--tpu_slice_builder_dump_to_localhost=1'
I0909 12:26:40.527300    3192 b295d63588a.cc:913] argv[20]: '--vbar_control_service_url=unix:///var/run/tpu-plugin/vbar.sock'
I0909 12:26:40.527301    3192 b295d63588a.cc:913] argv[21]: '--bypass_vbar_control_service=0'
I0909 12:26:40.527303    3192 b295d63588a.cc:913] argv[22]: '--deepsea_ici_resilient=false'
I0909 12:26:40.527304    3192 b295d63588a.cc:913] argv[23]: '--xla_tpu_use_resilient_collective_emitter=false'
I0909 12:26:40.527305    3192 b295d63588a.cc:913] argv[24]: '--tpu_slice_builder_topology_discovery_fault_injection='
I0909 12:26:40.527307    3192 b295d63588a.cc:913] argv[25]: '--runtime_metric_service_port=8431'
I0909 12:26:40.527309    3192 b295d63588a.cc:913] argv[26]: '--tpu_hbm_report_enable=1'
I0909 12:26:40.527310    3192 b295d63588a.cc:913] argv[27]: '--tpu_hbm_report_frequency=5s'
I0909 12:26:40.527312    3192 b295d63588a.cc:913] argv[28]: '--megascale_coordinator_address=dcn-mc3-slice-0-0.dcn-mc3:8081'
I0909 12:26:40.527313    3192 b295d63588a.cc:913] argv[29]: '--megascale_slice_id=0'
I0909 12:26:40.527314    3192 b295d63588a.cc:913] argv[30]: '--megascale_num_slices=2'
I0909 12:26:40.527316    3192 b295d63588a.cc:913] argv[31]: '--megascale_transport_type=grpc'
I0909 12:26:40.527317    3192 b295d63588a.cc:913] argv[32]: '--megascale_port=8081'
I0909 12:26:40.527318    3192 b295d63588a.cc:913] argv[33]: '--megascale_use_insecure_grpc'
I0909 12:26:40.527320    3192 b295d63588a.cc:913] argv[34]: '--megascale_grpc_use_chaotic_good=true'
I0909 12:26:40.527336    3192 b295d63588a.cc:913] argv[35]: '--megascale_grpc_use_event_engine_allocator=true'
I0909 12:26:40.527339    3192 b295d63588a.cc:913] argv[36]: '--grpc_enable_tcp_recv_zerocopy=false'
I0909 12:26:40.527340    3192 b295d63588a.cc:913] argv[37]: '--grpc_enable_rpc_receive_coalescing=true'
I0909 12:26:40.527341    3192 b295d63588a.cc:913] argv[38]: '--megascale_grpc_enable_numa_aware_transmit=true'
I0909 12:26:40.527342    3192 b295d63588a.cc:913] argv[39]: '--megascale_grpc_use_numa_aware_event_engine=true'
I0909 12:26:40.527343    3192 b295d63588a.cc:913] argv[40]: '--megascale_debug_port=8081'
I0909 12:26:40.527344    3192 b295d63588a.cc:913] argv[41]: '--eventmanager2_as_default_eventmanager'
I0909 12:26:40.527345    3192 b295d63588a.cc:913] argv[42]: '--eventmanager2_default_autosizer=mean_latency'
I0909 12:26:40.527346    3192 b295d63588a.cc:913] argv[43]: '--megascale_grpc_enable_xor_tracer=true'
I0909 12:26:40.527348    3192 b295d63588a.cc:913] argv[44]: '--xor_trace_sampling_period=100'
I0909 12:26:40.527349    3192 b295d63588a.cc:913] argv[45]: '--rpc_transport_metrics_period=20'
I0909 12:26:40.527350    3192 b295d63588a.cc:913] argv[46]: '--grpc_experiments=event_engine_client,chaotic_good_framing_layer,tcp_rcv_lowat,instrument_tcp_telemetry,event_engine_listener,use_call_event_engine_in_completion_queue'
I0909 12:26:40.527351    3192 b295d63588a.cc:913] argv[47]: '--enable_runtime_uptime_telemetry=true'
I0909 12:26:40.527352    3192 b295d63588a.cc:913] argv[48]: '--xla_tpu_use_megascale_host_reduction=false'
I0909 12:26:40.527353    3192 b295d63588a.cc:913] argv[49]: '--megascale_max_reduction_shard_size=16777216'
I0909 12:26:40.527354    3192 b295d63588a.cc:913] argv[50]: '--xla_tpu_use_enhanced_launch_barrier=true'
I0909 12:26:40.527356    3192 b295d63588a.cc:913] argv[51]: '--xla_tpu_prefer_async_allgather_to_allreduce=true'
I0909 12:26:40.527357    3192 b295d63588a.cc:913] argv[52]: '--xla_tpu_data_parallel_opt_different_sized_ops=true'
I0909 12:26:40.527358    3192 b295d63588a.cc:913] argv[53]: '--xla_tpu_enable_data_parallel_all_reduce_opt=true'
I0909 12:26:40.527359    3192 b295d63588a.cc:913] argv[54]: '--megascale_coordinator_address=dcn-mc3-slice-0-0.dcn-mc3:8081'
I0909 12:26:40.527361    3192 b295d63588a.cc:913] argv[55]: '--megascale_slice_id=0'
I0909 12:26:40.527362    3192 b295d63588a.cc:913] argv[56]: '--megascale_num_slices=2'
I0909 12:26:40.527363    3192 b295d63588a.cc:913] argv[57]: '--megascale_transport_type=grpc'
I0909 12:26:40.527364    3192 b295d63588a.cc:913] argv[58]: '--megascale_port=8081'
I0909 12:26:40.527366    3192 b295d63588a.cc:913] argv[59]: '--megascale_use_insecure_grpc'
I0909 12:26:40.527367    3192 b295d63588a.cc:913] argv[60]: '--megascale_grpc_interface_prefixes=eth1,eth2,lo'
I0909 12:26:40.527543    3192 init.cc:78] Remote crash gathering hook installed.
I0909 12:26:40.564514    3192 tpu_runtime_type_flags.cc:78] --tpu_use_tfrt not specified. Using default value: true
I0909 12:26:40.564616    3192 host_command_handler_factory.cc:31] Skipping registration of host command handler for opcode Log because it is not in the allowlist.
I0909 12:26:40.564636    3192 tpu_hal.cc:467] Registered plugin from module: megascale_sync_flag_logger
I0909 12:26:40.566698    3192 tpu_hal.cc:467] Registered plugin from module: RuntimeMetricHelper
E0909 12:26:40.566722    3192 autosizer.cc:43] mean_latency is deprecated. Please remove this setting.
I0909 12:26:40.569117    3192 logger.cc:308] Enabling threaded logging for severity WARNING
I0909 12:26:40.569150    3192 tpu_hal.cc:467] Registered plugin from module: sdc_checker_callback
I0909 12:26:40.569619    3192 mlock.cc:220] mlock()-ed 4096 bytes for BuildID, using 1 syscalls.
I0909 12:26:40.569672    3192 debug_manager.cc:266] Registering error handler with name: libtpu_telemetry_handler
I0909 12:26:40.584832    3192 singleton_tpu_states_manager.cc:86] TPU premapped buffer enabled. Size: 4294967296 Threshold: 4294967296 Partitions: 1
I0909 12:26:40.584848    3192 singleton_tpu_states_manager.cc:110] TpuStatesManager::GetOrCreate(): no tpu system exists. Creating a new tpu system.
I0909 12:26:40.591862    3192 device_util.cc:89] Found 4 TPU7x chips.
I0909 12:26:40.591879    3192 tpu_version_flag.cc:77] Using auto-detected TPU version TPU7x
I0909 12:26:40.608025    3192 tpu_chip_config.cc:367] Resolved chip config alias default->megachip for 6acc60406, 
I0909 12:26:40.608323    3192 pending_event_logger.cc:1003] Enabling PjRt/TPU event dependency logging.
I0909 12:26:40.613346    3567 flags_util.cc:316] Using 8471 from --deepsea_slice_builder_worker_port as SliceBuilder worker service port.
I0909 12:26:40.617472    3567 tpu_network_factory.cc:67] Running in Cloud, using TpunetdClient
I0909 12:26:40.617490    3567 tpunetd_client.cc:163] Creating TpunetdClient with topology go/debugproto   
x_dimension: 2
y_dimension: 2
z_dimension: 1
x_wrapping: false
y_wrapping: false
z_wrapping: false
I0909 12:26:40.624692    3567 init-domain.cc:132] Fiber init: default domain = futex, concurrency = 246, prefix = futex-default
I0909 12:26:42.550690    3573 async_driver.cc:485] [/dev/vfio/1 tpu662:pe0:3] vf_id:0 Driver opened.
I0909 12:26:42.606339    3571 async_driver.cc:485] [/dev/vfio/5 tpu662:pe0:1] vf_id:0 Driver opened.
I0909 12:26:42.607139    3570 async_driver.cc:485] [/dev/vfio/4 tpu662:pe0:0] vf_id:0 Driver opened.
I0909 12:26:42.610431    3569 futex.cc:71] RAW: Futex::Swap(): using GFUTEX_SWAP
I0909 12:26:42.626708    3573 tpu_vxc_driver.cc:967] Throttled firmware queue size configured to 223(Firmware queue size: 256, leaving 32 for misc purposes).
I0909 12:26:42.709717    3571 tpu_vxc_driver.cc:967] Throttled firmware queue size configured to 223(Firmware queue size: 256, leaving 32 for misc purposes).
I0909 12:26:42.720020    3570 tpu_vxc_driver.cc:967] Throttled firmware queue size configured to 223(Firmware queue size: 256, leaving 32 for misc purposes).
I0909 12:26:42.731827    3572 async_driver.cc:485] [/dev/vfio/6 tpu662:pe0:2] vf_id:0 Driver opened.
I0909 12:26:42.737407    3573 async_driver.cc:1843] All cores supported.
I0909 12:26:42.763964    3572 tpu_vxc_driver.cc:967] Throttled firmware queue size configured to 223(Firmware queue size: 256, leaving 32 for misc purposes).
I0909 12:26:42.764386    3571 async_driver.cc:1843] All cores supported.
I0909 12:26:42.765965    3570 async_driver.cc:1843] All cores supported.
I0909 12:26:42.773275    3572 async_driver.cc:1843] All cores supported.
I0909 12:26:42.773339    3567 tpunetd_client.cc:338] Connecting to vbar control service at unix:///var/run/tpu-plugin/vbar.sock
I0909 12:26:42.773413    3567 config.cc:265] gRPC experiments: instrument_tcp_telemetry:on, tcp_rcv_lowat:on, use_call_event_engine_in_completion_queue:on; default-enabled: buffer_list_deletion_prep, cache_loas_context_in_connection_context, call_tracer_send_initial_metadata_is_an_annotation, callv3_batch_validation, callv3_ef5bb7_client, callv3_ef5bb7_server, chaotic_good_framing_layer, chaotic_good_send_supported_features, custom_frame_check, directpath_rpc_header_sanitization_filter, ef5bb7_global_family_cache, event_engine_callback_cq, event_engine_client, event_engine_listener, header_data_frame, inproc_cancel_stream, message_size_refactoring, monitoring_experiment, optimization_01, optimization_02, optimization_03, optimization_04, ph2_perf_01, promise_batch_cleanup_on_cancel, promise_filter_send_cancel_metadata, psp_tsi_handshaker_shutdown, skip_clear_peer_on_cancellation, tsi_frame_protector_without_locks, v2_non_owning_waker_implementation, verbose_channelz_connection_logging, wildcard_ip_expansion_restriction, xds_server_filter_chain_per_route
I0909 12:26:42.778536    3567 tpunetd_client.cc:289] Session manager starting a new session...
I0909 12:26:42.882773    3567 vbar_control.cc:201] TPU backend connection test passed! 
I0909 12:26:43.088181    3567 tpunetd_client.cc:291] Session manager started the new session.
I0909 12:26:43.088193    3567 tpunetd_client.cc:295] Session master starting a new session...
I0909 12:26:43.088195    3567 session_master.cc:263] Starting a new ICI network session...
I0909 12:26:43.088699    3568 session_worker_service.cc:110] Session master notifies the worker in a new session: 244ac518148b592f
I0909 12:26:43.193524    3567 session_master.cc:307] Successfully started ICI network session with session id: 244ac518148b592f
I0909 12:26:43.193568    3567 tpunetd_client.cc:297] Session master started the new session.
I0909 12:26:43.197871    3567 tpu_hal.cc:209] Starting premapped memory manager initialization...
W0909 12:26:43.201171    3571 libtpu_telemetry_utils.cc:44] Metric already exists: hlo.execution.timing.distribution.microseconds
W0909 12:26:43.201190    3571 libtpu_telemetry_utils.cc:44] Metric already exists: hlo.queue.size.gauge
W0909 12:26:43.201265    3570 libtpu_telemetry_utils.cc:44] Metric already exists: hlo.execution.timing.distribution.microseconds
W0909 12:26:43.201286    3570 libtpu_telemetry_utils.cc:44] Metric already exists: hlo.queue.size.gauge
W0909 12:26:43.201334    3572 libtpu_telemetry_utils.cc:44] Metric already exists: hlo.execution.timing.distribution.microseconds
W0909 12:26:43.201355    3572 libtpu_telemetry_utils.cc:44] Metric already exists: hlo.queue.size.gauge
W0909 12:26:43.202568    3571 libtpu_telemetry_utils.cc:44] Metric already exists: hlo.execution.timing.distribution.microseconds
W0909 12:26:43.202566    3573 libtpu_telemetry_utils.cc:44] Metric already exists: hlo.execution.timing.distribution.microseconds
W0909 12:26:43.202579    3573 libtpu_telemetry_utils.cc:44] Metric already exists: hlo.queue.size.gauge
W0909 12:26:43.202579    3571 libtpu_telemetry_utils.cc:44] Metric already exists: hlo.queue.size.gauge
W0909 12:26:43.202684    3570 libtpu_telemetry_utils.cc:44] Metric already exists: hlo.execution.timing.distribution.microseconds
W0909 12:26:43.202696    3570 libtpu_telemetry_utils.cc:44] Metric already exists: hlo.queue.size.gauge
W0909 12:26:43.202802    3572 libtpu_telemetry_utils.cc:44] Metric already exists: hlo.execution.timing.distribution.microseconds
W0909 12:26:43.202815    3572 libtpu_telemetry_utils.cc:44] Metric already exists: hlo.queue.size.gauge
I0909 12:26:45.527893    3567 runtime_metric_service.cc:197] Successfully started Runtime Metric Service on port: 8431
I0909 12:26:45.528068    3567 system.cc:1112] tpu::System initialized, current host id: 0, logical device ids: 0,1,2,3,4,5,6,7
I0909 12:26:45.528126    3192 tpu_system_state.cc:224] CreateTpuSystemState: TPU initialization is successful and it took 4.919783236s
I0909 12:26:45.528153    3192 tpu_system_state.cc:228] CreateTpuSystemState: using TPU host premapped buffer of size: 4294967296
I0909 12:26:45.528170    3192 tpu_host_allocator.cc:68] Premapped buffer is using alignment 64
I0909 12:26:45.528654    3192 tpu_linearizer.cc:104] Inflight linearization byte limit configured to : 1099511627776
I0909 12:26:45.528661    3192 tpu_linearizer.cc:118] Inflight delinearization byte limit configured to : 1099511627776
I0909 12:26:45.528894    3914 tpu_diagnostic_coordinator.cc:610] TpuDiagnosticCoordinator listening on socket /tmp/tpu_diag_trigger_3192.socket (symlinked at /tmp/tpu_diag_latest.socket)
I0909 12:26:45.529110    3192 allocator_stats_reporter.cc:117] Starting AllocatorStats Reporter with reporting interval: 5s
I0909 12:26:45.529138    3192 megascale_context.cc:969] Using shared executor for compute since we are running on 6acc60406.
W0909 12:26:45.529145    3192 impairments_service.cc:60] Resetting impairments.
I0909 12:26:45.529164    3192 numa_utils.cc:43] Available NUMA node in this process: 0,1
E0909 12:26:45.529277    3192 autosizer.cc:43] mean_latency is deprecated. Please remove this setting.
E0909 12:26:45.531934    3192 autosizer.cc:43] mean_latency is deprecated. Please remove this setting.
I0909 12:26:45.534214    3192 flags.cc:231] The actual send_rpc_timeout is set to: 45s. Adjusted from the original send_rpc_timeout: 45s, graph_hang_threshold: 5m, graph_within_launch_hang_threshold: 1m
I0909 12:26:45.534228    3192 numa_aware_allocator.cc:60] Creating numa aware allocators, number of NUMA nodes is 2
I0909 12:26:45.534234    3192 numa_aware_allocator.cc:63] Creating numa aware allocator for NUMA nodes 0
I0909 12:26:45.534252    3192 communication_backend.cc:300] Done allocating premapped memory of size 17179869184 bytes in 16.762us
I0909 12:26:45.534257    3192 numa_aware_allocator.cc:76] Binding memory address 0x7ad15ffff000 with NUMA node mask 1
I0909 12:26:57.937034    3192 communication_backend.cc:310] Done premapping memory of size 17179869184 bytes in 12.402070972s
I0909 12:26:57.937073    3192 numa_aware_allocator.cc:63] Creating numa aware allocator for NUMA nodes 1
I0909 12:26:57.937099    3192 communication_backend.cc:300] Done allocating premapped memory of size 17179869184 bytes in 21.476us
I0909 12:26:57.937103    3192 numa_aware_allocator.cc:76] Binding memory address 0x7acd5fffd000 with NUMA node mask 2
I0909 12:27:10.639649    3192 communication_backend.cc:310] Done premapping memory of size 17179869184 bytes in 12.702112647s
I0909 12:27:10.639689    3192 communication_backend.cc:375] Preallocated 17179869184 bytes with Megascale allocator.
I0909 12:27:10.639713    3192 eigen_compute_engine.cc:333] Creating EigenComputeEngine with options: {executor = 0x5be195376db0, force_use_shared_executor = true, num_cores_per_device = 16}
E0909 12:27:10.639883    3192 autosizer.cc:43] mean_latency is deprecated. Please remove this setting.
I0909 12:27:10.639878    3574 communication_backend.cc:1179] Initializing MegaScale transport.
E0909 12:27:10.639923    3574 autosizer.cc:43] mean_latency is deprecated. Please remove this setting.
E0909 12:27:10.643496    3192 autosizer.cc:43] mean_latency is deprecated. Please remove this setting.
E0909 12:27:10.643617    3574 autosizer.cc:43] mean_latency is deprecated. Please remove this setting.
E0909 12:27:10.645890    3192 autosizer.cc:43] mean_latency is deprecated. Please remove this setting.
E0909 12:27:10.674807    3574 autosizer.cc:43] mean_latency is deprecated. Please remove this setting.
E0909 12:27:10.674891    3192 autosizer.cc:43] mean_latency is deprecated. Please remove this setting.
I0909 12:27:10.677494    3574 grpc_transport.cc:2407] Create GrpcTransport with LIBTPU_ON_GCE.
I0909 12:27:10.677526    3574 transport.cc:862] Using IP addresses for interface discovery.
I0909 12:27:10.677528    3574 transport.cc:757] Could not read interface to NUMA node map from env variables, falling back to reading from file system.
I0909 12:27:10.677654    3574 transport.cc:723] Could not read filename /sys/class/net/cilium_host/device/numa_node with status Stat failed for /sys/class/net/cilium_host/device/numa_node: No such file or directory
I0909 12:27:10.677664    3574 transport.cc:723] Could not read filename /sys/class/net/cilium_net/device/numa_node with status Stat failed for /sys/class/net/cilium_net/device/numa_node: No such file or directory
I0909 12:27:10.677670    3574 transport.cc:723] Could not read filename /sys/class/net/docker0/device/numa_node with status Stat failed for /sys/class/net/docker0/device/numa_node: No such file or directory
E0909 12:27:10.678163    3192 autosizer.cc:43] mean_latency is deprecated. Please remove this setting.
I0909 12:27:10.678237    3574 transport.cc:723] Could not read filename /sys/class/net/lo/device/numa_node with status Stat failed for /sys/class/net/lo/device/numa_node: No such file or directory
I0909 12:27:10.678244    3574 transport.cc:723] Could not read filename /sys/class/net/lxc7a46b7c617f2/device/numa_node with status Stat failed for /sys/class/net/lxc7a46b7c617f2/device/numa_node: No such file or directory
I0909 12:27:10.678250    3574 transport.cc:723] Could not read filename /sys/class/net/lxc98965bb30804/device/numa_node with status Stat failed for /sys/class/net/lxc98965bb30804/device/numa_node: No such file or directory
I0909 12:27:10.678255    3574 transport.cc:723] Could not read filename /sys/class/net/lxcc0f9da7fa3ad/device/numa_node with status Stat failed for /sys/class/net/lxcc0f9da7fa3ad/device/numa_node: No such file or directory
I0909 12:27:10.678261    3574 transport.cc:723] Could not read filename /sys/class/net/lxcee5710d8dac0/device/numa_node with status Stat failed for /sys/class/net/lxcee5710d8dac0/device/numa_node: No such file or directory
I0909 12:27:10.678266    3574 transport.cc:723] Could not read filename /sys/class/net/lxceee434c5d682/device/numa_node with status Stat failed for /sys/class/net/lxceee434c5d682/device/numa_node: No such file or directory
I0909 12:27:10.678268    3574 transport.cc:734] Interfaces on available NUMA nodes: [{"eth1", 0}, {"eth0", 0}, {"eth2", 1}]
I0909 12:27:10.678289    3574 transport.cc:761] Interfaces corresponding to process' NUMA nodes: [[{"eth1", 0}, {"eth0", 0}, {"eth2", 1}]]
I0909 12:27:10.679084    3574 transport.cc:773] Interface eth0 will not be used as it does not start with one of the prefixes: eth1,eth2,lo
I0909 12:27:10.679093    3574 transport.cc:773] Interface docker0 will not be used as it does not start with one of the prefixes: eth1,eth2,lo
I0909 12:27:10.679095    3574 transport.cc:773] Interface lxceee434c5d682 will not be used as it does not start with one of the prefixes: eth1,eth2,lo
I0909 12:27:10.679096    3574 transport.cc:773] Interface cilium_net will not be used as it does not start with one of the prefixes: eth1,eth2,lo
I0909 12:27:10.679097    3574 transport.cc:773] Interface cilium_host will not be used as it does not start with one of the prefixes: eth1,eth2,lo
I0909 12:27:10.679099    3574 transport.cc:773] Interface lxc98965bb30804 will not be used as it does not start with one of the prefixes: eth1,eth2,lo
I0909 12:27:10.679100    3574 transport.cc:773] Interface lxc7a46b7c617f2 will not be used as it does not start with one of the prefixes: eth1,eth2,lo
I0909 12:27:10.679101    3574 transport.cc:773] Interface lxcc0f9da7fa3ad will not be used as it does not start with one of the prefixes: eth1,eth2,lo
I0909 12:27:10.679102    3574 transport.cc:773] Interface lxcee5710d8dac0 will not be used as it does not start with one of the prefixes: eth1,eth2,lo
I0909 12:27:10.679105    3574 transport.cc:773] Interface eth0 will not be used as it does not start with one of the prefixes: eth1,eth2,lo
I0909 12:27:10.679158    3574 transport.cc:819] Added IP address 10.240.96.10:8081 on network interface eth1
I0909 12:27:10.679162    3574 transport.cc:819] Added IP address 10.240.48.10:8081 on network interface eth2
I0909 12:27:10.679164    3574 transport.cc:773] Interface docker0 will not be used as it does not start with one of the prefixes: eth1,eth2,lo
I0909 12:27:10.679165    3574 transport.cc:773] Interface lxceee434c5d682 will not be used as it does not start with one of the prefixes: eth1,eth2,lo
I0909 12:27:10.679166    3574 transport.cc:773] Interface cilium_host will not be used as it does not start with one of the prefixes: eth1,eth2,lo
I0909 12:27:10.679167    3574 transport.cc:773] Interface lxc98965bb30804 will not be used as it does not start with one of the prefixes: eth1,eth2,lo
I0909 12:27:10.679168    3574 transport.cc:773] Interface lxc7a46b7c617f2 will not be used as it does not start with one of the prefixes: eth1,eth2,lo
I0909 12:27:10.679169    3574 transport.cc:773] Interface lxcc0f9da7fa3ad will not be used as it does not start with one of the prefixes: eth1,eth2,lo
I0909 12:27:10.679170    3574 transport.cc:773] Interface lxcee5710d8dac0 will not be used as it does not start with one of the prefixes: eth1,eth2,lo
I0909 12:27:10.679172    3574 transport.cc:773] Interface eth0 will not be used as it does not start with one of the prefixes: eth1,eth2,lo
I0909 12:27:10.679173    3574 transport.cc:773] Interface lxceee434c5d682 will not be used as it does not start with one of the prefixes: eth1,eth2,lo
I0909 12:27:10.679175    3574 transport.cc:773] Interface cilium_net will not be used as it does not start with one of the prefixes: eth1,eth2,lo
I0909 12:27:10.679176    3574 transport.cc:773] Interface cilium_host will not be used as it does not start with one of the prefixes: eth1,eth2,lo
I0909 12:27:10.679178    3574 transport.cc:773] Interface lxc98965bb30804 will not be used as it does not start with one of the prefixes: eth1,eth2,lo
I0909 12:27:10.679179    3574 transport.cc:773] Interface lxc7a46b7c617f2 will not be used as it does not start with one of the prefixes: eth1,eth2,lo
I0909 12:27:10.679180    3574 transport.cc:773] Interface lxcc0f9da7fa3ad will not be used as it does not start with one of the prefixes: eth1,eth2,lo
I0909 12:27:10.679182    3574 transport.cc:773] Interface lxcee5710d8dac0 will not be used as it does not start with one of the prefixes: eth1,eth2,lo
I0909 12:27:10.679190    3574 grpc_transport.cc:2332] Creating gRPC server on: 10.240.96.10:8081eth1
I0909 12:27:10.679203    3574 grpc_transport.cc:2348] Creating gRPC server with event engine allocator (chaotic good).
I0909 12:27:10.679213    3574 grpc_transport.cc:2365] Starting gRPC server on: 10.240.96.10:8081
I0909 12:27:10.679828    3574 grpc_transport.cc:2332] Creating gRPC server on: 10.240.48.10:8081eth2
I0909 12:27:10.679850    3574 grpc_transport.cc:2348] Creating gRPC server with event engine allocator (chaotic good).
I0909 12:27:10.679854    3574 grpc_transport.cc:2365] Starting gRPC server on: 10.240.48.10:8081
I0909 12:27:10.680103    3574 communication_backend.cc:1290] MegaScale transport initialized.
I0909 12:27:10.680112    3574 communication_backend.cc:1489] MegaScale transport init succeeded.
E0909 12:27:10.681024    3192 autosizer.cc:43] mean_latency is deprecated. Please remove this setting.
I0909 12:27:10.683435    3192 debug_service_impl.cc:185] Starting Megascale Debug Server
I0909 12:27:10.683795    3192 topology_coordinator.cc:57] Megascale Topology Coordinator started for 2 slices
I0909 12:27:10.683818    3192 transport.cc:862] Using IP addresses for interface discovery.
I0909 12:27:10.683821    3192 transport.cc:757] Could not read interface to NUMA node map from env variables, falling back to reading from file system.
I0909 12:27:10.683823    3192 transport.cc:761] Interfaces corresponding to process' NUMA nodes: [[{"eth1", 0}, {"eth0", 0}, {"eth2", 1}]]
I0909 12:27:10.684232    3192 transport.cc:773] Interface eth0 will not be used as it does not start with one of the prefixes: eth1,eth2,lo
I0909 12:27:10.684239    3192 transport.cc:773] Interface docker0 will not be used as it does not start with one of the prefixes: eth1,eth2,lo
I0909 12:27:10.684240    3192 transport.cc:773] Interface lxceee434c5d682 will not be used as it does not start with one of the prefixes: eth1,eth2,lo
I0909 12:27:10.684242    3192 transport.cc:773] Interface cilium_net will not be used as it does not start with one of the prefixes: eth1,eth2,lo
I0909 12:27:10.684243    3192 transport.cc:773] Interface cilium_host will not be used as it does not start with one of the prefixes: eth1,eth2,lo
I0909 12:27:10.684245    3192 transport.cc:773] Interface lxc98965bb30804 will not be used as it does not start with one of the prefixes: eth1,eth2,lo
I0909 12:27:10.684246    3192 transport.cc:773] Interface lxc7a46b7c617f2 will not be used as it does not start with one of the prefixes: eth1,eth2,lo
I0909 12:27:10.684247    3192 transport.cc:773] Interface lxcc0f9da7fa3ad will not be used as it does not start with one of the prefixes: eth1,eth2,lo
I0909 12:27:10.684248    3192 transport.cc:773] Interface lxcee5710d8dac0 will not be used as it does not start with one of the prefixes: eth1,eth2,lo
I0909 12:27:10.684250    3192 transport.cc:773] Interface eth0 will not be used as it does not start with one of the prefixes: eth1,eth2,lo
I0909 12:27:10.684255    3192 transport.cc:819] Added IP address 10.240.96.10:8081 on network interface eth1
I0909 12:27:10.684267    3192 transport.cc:819] Added IP address 10.240.48.10:8081 on network interface eth2
I0909 12:27:10.684269    3192 transport.cc:773] Interface docker0 will not be used as it does not start with one of the prefixes: eth1,eth2,lo
I0909 12:27:10.684271    3192 transport.cc:773] Interface lxceee434c5d682 will not be used as it does not start with one of the prefixes: eth1,eth2,lo
I0909 12:27:10.684272    3192 transport.cc:773] Interface cilium_host will not be used as it does not start with one of the prefixes: eth1,eth2,lo
I0909 12:27:10.684273    3192 transport.cc:773] Interface lxc98965bb30804 will not be used as it does not start with one of the prefixes: eth1,eth2,lo
I0909 12:27:10.684274    3192 transport.cc:773] Interface lxc7a46b7c617f2 will not be used as it does not start with one of the prefixes: eth1,eth2,lo
I0909 12:27:10.684276    3192 transport.cc:773] Interface lxcc0f9da7fa3ad will not be used as it does not start with one of the prefixes: eth1,eth2,lo
I0909 12:27:10.684277    3192 transport.cc:773] Interface lxcee5710d8dac0 will not be used as it does not start with one of the prefixes: eth1,eth2,lo
I0909 12:27:10.684278    3192 transport.cc:773] Interface eth0 will not be used as it does not start with one of the prefixes: eth1,eth2,lo
I0909 12:27:10.684280    3192 transport.cc:773] Interface lxceee434c5d682 will not be used as it does not start with one of the prefixes: eth1,eth2,lo
I0909 12:27:10.684281    3192 transport.cc:773] Interface cilium_net will not be used as it does not start with one of the prefixes: eth1,eth2,lo
I0909 12:27:10.684282    3192 transport.cc:773] Interface cilium_host will not be used as it does not start with one of the prefixes: eth1,eth2,lo
I0909 12:27:10.684284    3192 transport.cc:773] Interface lxc98965bb30804 will not be used as it does not start with one of the prefixes: eth1,eth2,lo
I0909 12:27:10.684285    3192 transport.cc:773] Interface lxc7a46b7c617f2 will not be used as it does not start with one of the prefixes: eth1,eth2,lo
I0909 12:27:10.684287    3192 transport.cc:773] Interface lxcc0f9da7fa3ad will not be used as it does not start with one of the prefixes: eth1,eth2,lo
I0909 12:27:10.684288    3192 transport.cc:773] Interface lxcee5710d8dac0 will not be used as it does not start with one of the prefixes: eth1,eth2,lo
I0909 12:27:10.684294    3192 communication_backend.cc:984] Sending topology discovery request: go/debugproto   
address_mapping {
  addresses {
    address: "10.240.96.10:8081"
    interface_name: "eth1"
    host_name_for_debugging: "gke-tpu-edbc8be2-f4wr"
  }
  addresses {
    address: "10.240.48.10:8081"
    interface_name: "eth2"
    host_name_for_debugging: "gke-tpu-edbc8be2-f4wr"
    numa_node: 1
  }
  incarnation_id: 4854535563437615556
}
tpu_topology_args {
  version: TPU_VERSION_6acc60406
  platform_type: TPU_PLATFORM_TYPE_HARDWARE
  chip_config_name: "default"
  chips_per_host_bounds {
    x: 2
    y: 2
    z: 1
  }
  host_bounds {
    x: 1
    y: 1
    z: 1
  }
  wrap {
  }
  enhanced_barrier_enabled: true
  use_continuations: true
  routing_strategy: ROUTING_MESH
}
incarnation_id: 4854535563437615556
I0909 12:27:10.684605    3192 grpc_transport.cc:2220] Creating client for slice 0 host 0
I0909 12:27:10.684620    3192 grpc_transport.cc:2203] Using default interface. Available interfaces: [eth1,eth2]. Server information: go/debugproto   
address: "dcn-mc3-slice-0-0.dcn-mc3:8081"
I0909 12:27:10.684707    3192 grpc_transport.cc:2278] Created 1 channels for 1 interfaces on slice 0 host 0.
 Load balancing policy: Dynamic lb: max_outstanding_bytes (8388608).
I0909 12:27:10.685540    4037 cachednslookup.cc:391] TTL not found in response, not caching response
I0909 12:27:10.689974    4026 tpu_chip_config.cc:367] Resolved chip config alias default->megachip for 6acc60406, 
I0909 12:27:11.690309    3904 topology_coordinator.cc:178] MegaScale Topology Discovery in progress. Missing hosts (num_slices=1, num_hosts=0): slice1.*
I0909 12:27:11.813716    4134 tpu_chip_config.cc:367] Resolved chip config alias default->megachip for 6acc60406, 
I0909 12:27:11.813918    4134 topology_coordinator.cc:325] MegaScale Topology Discovery completed.
I0909 12:27:11.814277    3192 communication_backend.cc:1002] Received topology discovery response: go/debugproto   
slice_info {
  tpu_topology_args {
    version: TPU_VERSION_6acc60406
    platform_type: TPU_PLATFORM_TYPE_HARDWARE
    chip_config_name: "default"
    chips_per_host_bounds {
      x: 2
      y: 2
      z: 1
    }
    host_bounds {
      x: 1
      y: 1
      z: 1
    }
    wrap {
    }
    enhanced_barrier_enabled: true
    use_continuations: true
    routing_strategy: ROUTING_MESH
  }
}
slice_info {
  slice_id: 1
  tpu_topology_args {
    version: TPU_VERSION_6acc60406
    platform_type: TPU_PLATFORM_TYPE_HARDWARE
    chip_config_name: "default"
    chips_per_host_bounds {
      x: 2
      y: 2
      z: 1
    }
    host_bounds {
      x: 1
      y: 1
      z: 1
    }
    wrap {
    }
    enhanced_barrier_enabled: true
    use_continuations: true
    routing_strategy: ROUTING_MESH
  }
}
address_mappings {
  addresses {
    address: "10.240.96.10:8081"
    interface_name: "eth1"
    host_name_for_debugging: "gke-tpu-edbc8be2-f4wr"
  }
  addresses {
    address: "10.240.48.10:8081"
    interface_name: "eth2"
    host_name_for_debugging: "gke-tpu-edbc8be2-f4wr"
    numa_node: 1
  }
  incarnation_id: 4854535563437615556
}
address_mappings {
  slice_id: 1
  addresses {
    address: "10.240.96.6:8081"
    interface_name: "eth1"
    host_name_for_debugging: "gke-tpu-edbc8be2-h1bl"
  }
  addresses {
    address: "10.240.48.8:8081"
    interface_name: "eth2"
    host_name_for_debugging: "gke-tpu-edbc8be2-h1bl"
    numa_node: 1
  }
  incarnation_id: 15735883294232375438
}
incarnation_id: 4854535563437615556
I0909 12:27:11.814390    3192 debug_manager.cc:266] Registering error handler with name: default_handler
I0909 12:27:11.814398    3192 megascale_context.cc:571] Using DCN topology: go/debugproto   
I0909 12:27:11.814428    3192 tpu_chip_config.cc:367] Resolved chip config alias default->megachip for 6acc60406, 
DCN_MULTISLICE_PREFLIGHT {"global_device_count": 16, "local_device_count": 8, "process_count": 2, "process_id": 0, "slice_counts": {"0": 8, "1": 8}}
W0909 12:27:11.816740    4152 pjrt_client.h:601] UpdateGlobalProcessInfo is not supported.
I0909 12:27:11.858257    3192 dump.cc:725] HloModule dump enabled with path prefix: , suffix: before_optimizations
W0909 12:27:11.863216    4154 tpu_spmd_partitioner.cc:460] Collective matmul V1 is enabled. Please consider migrating to V2 since V1 will be deprecated soon. You can enable V2 by setting xla_tpu_all_gather_collective_matmul_mode=post_spmd and xla_tpu_reduce_scatter_collective_matmul_mode=post_spmd.
I0909 12:27:11.869887    3192 deepsea_compiler_hlo_passes.cc:6406] xla_tpu_impure_hlo_parallel_compile is DISABLED. jit__identity_fn
I0909 12:27:11.872503    3192 latency_hiding_scheduler.cc:4420] [latency-hiding-scheduler] LatencyHidingScheduler current memory usage: 73792 bytes. Current limit: 96638113587
I0909 12:27:11.872877    3192 tpu_plumb_vmem_info.cc:677] scavenging_mode: 3 for module: jit__identity_fn
I0909 12:27:11.889675    3192 deepsea_compiler_hlo_passes.cc:6735] HLO_PASSES stage duration: 28.202742ms
I0909 12:27:12.057725    4155 tpu_chip_config.cc:367] Resolved chip config alias default->megachip for 6acc60406, 
I0909 12:27:12.057907    4155 tpu_chip_config.cc:367] Resolved chip config alias default->megachip for 6acc60406, 
I0909 12:27:12.058095    4155 memory_space_assignment_util.cc:577] MSA Vmem breakdown: default scoped vmem (from flag): 33554432; does_msa_directly_allocate_scoped_vmem: T; bytes_for_msa_to_allocate: 67043328
I0909 12:27:12.071819    4381 deepsea_compiler_base.cc:4279] BACKEND_PASSES stage duration: 14.66078475ms
I0909 12:27:12.081084    4381 deepsea_compiler_backend.cc:1480] CODE_GENERATION stage duration: 9.16670075ms
I0909 12:27:12.081382    4381 isa_program_util_common.cc:373] (HLO module jit__identity_fn): Executable fingerprint:67556b1dd123307c8bb711c0434fbfac86eab215225618a5f838c0c427d4c3c2
I0909 12:27:12.081386    4381 isa_program_util_common.cc:377] (HLO module jit__identity_fn): Executable fingerprint (including data segments):c43bcc07663f8b538de614a22f9271d5656acd0e5f70af981aecc6805c64d3fd
I0909 12:27:12.081389    4381 isa_program_util_common.cc:380] (HLO module jit__identity_fn): Host transfer fingerprint:e6674013302fbdec09a2c7c89a12b340e612c48cc4b68dbb5d7ca9c5a25bab54
I0909 12:27:12.081660    3192 deepsea_compiler_base.cc:1055] END_TO_END stage duration: 223.5693805ms
I0909 12:27:12.081675    3192 deepsea_compiler_base.cc:1056] Note that END_TO_END duration also includes time outside of HLO_PASSES, BACKEND_PASSES, and CODE_GENERATION
I0909 12:27:12.082427    3192 megascale_context.cc:517] MegaScale DCNTopology fingerprint for: jit__identity_fn : 1688352644216761960 DevicesHash: 11843567257950195766 Topology: go/debugproto  
I0909 12:27:12.082469    3192 graph_builder.cc:257] Shapes to compress: [""]
I0909 12:27:12.082474    3192 graph_builder.cc:259] Prefixes to compress: [""]
I0909 12:27:12.082507    3192 graph_builder.cc:2912] Using MXLA graph seed: all-gather_0
I0909 12:27:12.082655    3192 host_command_scheduler_factory.cc:1312] Created a HostCommandScheduler with 18 rules for module jit__identity_fn HostTransfers Fingerprint: 3701741969770116811.
I0909 12:27:12.082667    3192 megascale_context.cc:686] MegaScale ExecutableContext created for module: jit__identity_fn with DCN topology: go/debugproto   
I0909 12:27:12.083484    3924 communication_backend.cc:625] Created communicator. Hostname: gke-tpu-edbc8be2-f4wr Slice ID: 0 Host ID: 0 NumSlices: 2 Device IDs: 0,1,2,3,4,5,6,7
I0909 12:27:12.084966    4095 grpc_transport.cc:2220] Creating client for slice 1 host 0
I0909 12:27:12.084995    4095 grpc_transport.cc:2200] Sending to 10.240.96.6:8081 on interface: eth1
I0909 12:27:12.085092    4095 grpc_transport.cc:2200] Sending to 10.240.48.8:8081 on interface: eth2
I0909 12:27:12.085133    4095 grpc_transport.cc:2278] Created 2 channels for 2 interfaces on slice 1 host 0.
 Load balancing policy: Dynamic lb: max_outstanding_bytes (8388608).
I0909 12:27:12.113919    3192 deepsea_compiler_hlo_passes.cc:6623] XLA::TPU running hlo passes for 21 instructions, module: jit__lambda
I0909 12:27:12.113933    3192 deepsea_compiler_hlo_passes.cc:6668] Initial HLO module: jit__lambda instructions: 21 fingerprint: 
I0909 12:27:12.114241    3192 deepsea_compiler_hlo_passes.cc:6526] HLO optimizing module: jit__lambda instructions: 19
I0909 12:27:12.114247    3192 deepsea_compiler_hlo_passes.cc:6539] XLA::TPU HLO optimization
W0909 12:27:12.115036    4416 tpu_spmd_partitioner.cc:460] Collective matmul V1 is enabled. Please consider migrating to V2 since V1 will be deprecated soon. You can enable V2 by setting xla_tpu_all_gather_collective_matmul_mode=post_spmd and xla_tpu_reduce_scatter_collective_matmul_mode=post_spmd.
I0909 12:27:12.124381    3192 deepsea_compiler_hlo_passes.cc:6406] xla_tpu_impure_hlo_parallel_compile is DISABLED. jit__lambda
I0909 12:27:12.126798    3192 deepsea_compiler_hlo_passes.cc:5472] XLA::TPU HLO PostOptimizationPipeline
I0909 12:27:12.128035    3192 latency_hiding_scheduler.cc:4420] [latency-hiding-scheduler] LatencyHidingScheduler current memory usage: 41024 bytes. Current limit: 96637751091
I0909 12:27:12.128644    3192 tpu_plumb_vmem_info.cc:677] scavenging_mode: 3 for module: jit__lambda
I0909 12:27:12.129262    3192 deepsea_compiler_hlo_passes.cc:6735] HLO_PASSES stage duration: 15.3289005ms
I0909 12:27:12.130455    4155 tpu_chip_config.cc:367] Resolved chip config alias default->megachip for 6acc60406, 
I0909 12:27:12.130615    4155 tpu_chip_config.cc:367] Resolved chip config alias default->megachip for 6acc60406, 
I0909 12:27:12.130791    4155 memory_space_assignment_util.cc:577] MSA Vmem breakdown: default scoped vmem (from flag): 33554432; does_msa_directly_allocate_scoped_vmem: T; bytes_for_msa_to_allocate: 67043328
I0909 12:27:12.147846    4420 deepsea_compiler_base.cc:4279] BACKEND_PASSES stage duration: 17.93252025ms
I0909 12:27:12.150202    4420 deepsea_compiler_backend.cc:1784] final program bundle count: 788 note this count does not reflect cycles spent executing delays.
I0909 12:27:12.155948    4420 deepsea_compiler_backend.cc:1980] Program divided into 2 overlays without HLO functions (90.5K).
I0909 12:27:12.156018    4420 deepsea_compiler_backend.cc:2150] XLA::TPU module name: jit__lambda
I0909 12:27:12.156023    4420 deepsea_compiler_backend.cc:2152] XLA::TPU program HBM usage: 266.5K / 94.74G
I0909 12:27:12.156025    4420 deepsea_compiler_backend.cc:2159] Note that --xla_tpu_max_hbm_size_mib is not specified. This means that the compiler may use up all available HBM, possibly prioritizing other metrics (latency, compile-time, ..) over memory usage. To reduce memory usage, set --xla_tpu_max_hbm_size_mib to a smaller value.
I0909 12:27:12.156027    4420 deepsea_compiler_backend.cc:2193] XLA::TPU program VMEM usage: 32.00M / 64.00M
I0909 12:27:12.156035    4420 deepsea_compiler_backend.cc:2204] Total hbm usage >= 268.28M:
    reserved        268.00M 
    program          266.5K 
    arguments         16.0K 

Output size 512B; shares 0B with arguments.

Total host usage >= 0B:
    reserved             0B 
    program         unknown size 
    arguments            0B 

Output size 0B; shares 0B with arguments.

I0909 12:27:12.156048    4420 deepsea_compiler_backend.cc:2208] Program sflag requirement 228B:
    reserved           204B
    scoped              16B
    HLO temp             8B (100.0% utilization: Unpadded (8B) Padded (8B), 0.0% fragmentation (0B))
Program sparse_core_sequencer_sflag requirement 36B:
    reserved            36B
Program sparse_core_tile_sflag requirement 4B:
    reserved             4B
Program sparse_core_sequencer_smem requirement 64B:
    reserved            64B
Program sparse_core_tile_smem requirement 0B:
Program hbm requirement 266.5K:
    HLO temp         176.0K (100.0% utilization: Unpadded (24.3K) Padded (24.3K), 86.2% fragmentation (151.7K))
    overlays          90.5K
Program vmem requirement 32.00M:
    HLO temp         32.00M (0.0% utilization: Unpadded (0B) Padded (0B), 100.0% fragmentation (32.00M))
Program smem requirement 36B:
    global               4B
    scoped              32B
Program host requirement 0B:
I0909 12:27:12.156050    4420 deepsea_compiler_backend.cc:2216] XLA::TPU program SMEM usage: 1.9K / 1.00M (1 parameters)
I0909 12:27:12.156136    4420 deepsea_compiler_backend.cc:1480] CODE_GENERATION stage duration: 8.227652ms
I0909 12:27:12.156456    4420 isa_program_util_common.cc:373] (HLO module jit__lambda): Executable fingerprint:6a126cddbd2c7a63446e46d5dcaf750209d6c974ec79e4080fdc4ca9886f81e4
I0909 12:27:12.156460    4420 isa_program_util_common.cc:377] (HLO module jit__lambda): Executable fingerprint (including data segments):12c0715cab49b82f1e3ea1846957d5d3523547d5bf3cc57bcf82f0517b7a92e8
I0909 12:27:12.156461    4420 isa_program_util_common.cc:380] (HLO module jit__lambda): Host transfer fingerprint:2b9801a161c74c27631ae5e0b6d660abd73031d7eba34a0a6e10fff8dfd2f3ae
I0909 12:27:12.156620    3192 deepsea_compiler_base.cc:1055] END_TO_END stage duration: 45.44916825ms
I0909 12:27:12.156630    3192 deepsea_compiler_base.cc:1056] Note that END_TO_END duration also includes time outside of HLO_PASSES, BACKEND_PASSES, and CODE_GENERATION
I0909 12:27:12.157273    3192 megascale_context.cc:517] MegaScale DCNTopology fingerprint for: jit__lambda : 1688352644216761960 DevicesHash: 8081921339993277715 Topology: go/debugproto  
I0909 12:27:12.157610    3192 host_command_scheduler_factory.cc:1312] Created a HostCommandScheduler with 54 rules for module jit__lambda HostTransfers Fingerprint: 12151718319723310994.
I0909 12:27:12.157635    3192 megascale_context.cc:686] MegaScale ExecutableContext created for module: jit__lambda with DCN topology: go/debugproto   
I0909 12:27:12.183340    3192 deepsea_compiler_hlo_passes.cc:6623] XLA::TPU running hlo passes for 21 instructions, module: jit__lambda
I0909 12:27:12.183350    3192 deepsea_compiler_hlo_passes.cc:6668] Initial HLO module: jit__lambda instructions: 21 fingerprint: 
I0909 12:27:12.183567    3192 deepsea_compiler_hlo_passes.cc:6526] HLO optimizing module: jit__lambda instructions: 19
I0909 12:27:12.183572    3192 deepsea_compiler_hlo_passes.cc:6539] XLA::TPU HLO optimization
W0909 12:27:12.184139    4433 tpu_spmd_partitioner.cc:460] Collective matmul V1 is enabled. Please consider migrating to V2 since V1 will be deprecated soon. You can enable V2 by setting xla_tpu_all_gather_collective_matmul_mode=post_spmd and xla_tpu_reduce_scatter_collective_matmul_mode=post_spmd.
I0909 12:27:12.191815    3192 deepsea_compiler_hlo_passes.cc:6406] xla_tpu_impure_hlo_parallel_compile is DISABLED. jit__lambda
I0909 12:27:12.194007    3192 deepsea_compiler_hlo_passes.cc:5472] XLA::TPU HLO PostOptimizationPipeline
I0909 12:27:12.195124    3192 latency_hiding_scheduler.cc:4420] [latency-hiding-scheduler] LatencyHidingScheduler current memory usage: 41024 bytes. Current limit: 96637751091
I0909 12:27:12.195713    3192 tpu_plumb_vmem_info.cc:677] scavenging_mode: 3 for module: jit__lambda
I0909 12:27:12.196270    3192 deepsea_compiler_hlo_passes.cc:6735] HLO_PASSES stage duration: 12.9204175ms
I0909 12:27:12.197613    4155 tpu_chip_config.cc:367] Resolved chip config alias default->megachip for 6acc60406, 
I0909 12:27:12.197764    4155 tpu_chip_config.cc:367] Resolved chip config alias default->megachip for 6acc60406, 
I0909 12:27:12.197940    4155 memory_space_assignment_util.cc:577] MSA Vmem breakdown: default scoped vmem (from flag): 33554432; does_msa_directly_allocate_scoped_vmem: T; bytes_for_msa_to_allocate: 67043328
I0909 12:27:12.215480    4437 deepsea_compiler_base.cc:4279] BACKEND_PASSES stage duration: 18.45298775ms
I0909 12:27:12.218153    4437 deepsea_compiler_backend.cc:1784] final program bundle count: 788 note this count does not reflect cycles spent executing delays.
I0909 12:27:12.223922    4437 deepsea_compiler_backend.cc:1980] Program divided into 2 overlays without HLO functions (90.5K).
I0909 12:27:12.223983    4437 deepsea_compiler_backend.cc:2150] XLA::TPU module name: jit__lambda
I0909 12:27:12.223987    4437 deepsea_compiler_backend.cc:2152] XLA::TPU program HBM usage: 266.5K / 94.74G
I0909 12:27:12.223989    4437 deepsea_compiler_backend.cc:2159] Note that --xla_tpu_max_hbm_size_mib is not specified. This means that the compiler may use up all available HBM, possibly prioritizing other metrics (latency, compile-time, ..) over memory usage. To reduce memory usage, set --xla_tpu_max_hbm_size_mib to a smaller value.
I0909 12:27:12.223990    4437 deepsea_compiler_backend.cc:2193] XLA::TPU program VMEM usage: 32.00M / 64.00M
I0909 12:27:12.223997    4437 deepsea_compiler_backend.cc:2204] Total hbm usage >= 268.28M:
    reserved        268.00M 
    program          266.5K 
    arguments         16.0K 

Output size 512B; shares 0B with arguments.

Total host usage >= 0B:
    reserved             0B 
    program         unknown size 
    arguments            0B 

Output size 0B; shares 0B with arguments.

I0909 12:27:12.224007    4437 deepsea_compiler_backend.cc:2208] Program sflag requirement 228B:
    reserved           204B
    scoped              16B
    HLO temp             8B (100.0% utilization: Unpadded (8B) Padded (8B), 0.0% fragmentation (0B))
Program sparse_core_sequencer_sflag requirement 36B:
    reserved            36B
Program sparse_core_tile_sflag requirement 4B:
    reserved             4B
Program sparse_core_sequencer_smem requirement 64B:
    reserved            64B
Program sparse_core_tile_smem requirement 0B:
Program hbm requirement 266.5K:
    HLO temp         176.0K (100.0% utilization: Unpadded (24.3K) Padded (24.3K), 86.2% fragmentation (151.7K))
    overlays          90.5K
Program vmem requirement 32.00M:
    HLO temp         32.00M (0.0% utilization: Unpadded (0B) Padded (0B), 100.0% fragmentation (32.00M))
Program smem requirement 36B:
    global               4B
    scoped              32B
Program host requirement 0B:
I0909 12:27:12.224009    4437 deepsea_compiler_backend.cc:2216] XLA::TPU program SMEM usage: 1.9K / 1.00M (1 parameters)
I0909 12:27:12.224088    4437 deepsea_compiler_backend.cc:1480] CODE_GENERATION stage duration: 8.53782275ms
I0909 12:27:12.224362    4437 isa_program_util_common.cc:373] (HLO module jit__lambda): Executable fingerprint:6a126cddbd2c7a63446e46d5dcaf750209d6c974ec79e4080fdc4ca9886f81e4
I0909 12:27:12.224365    4437 isa_program_util_common.cc:377] (HLO module jit__lambda): Executable fingerprint (including data segments):12c0715cab49b82f1e3ea1846957d5d3523547d5bf3cc57bcf82f0517b7a92e8
I0909 12:27:12.224366    4437 isa_program_util_common.cc:380] (HLO module jit__lambda): Host transfer fingerprint:2b9801a161c74c27631ae5e0b6d660abd73031d7eba34a0a6e10fff8dfd2f3ae
I0909 12:27:12.224507    3192 deepsea_compiler_base.cc:1055] END_TO_END stage duration: 43.35971425ms
I0909 12:27:12.224517    3192 deepsea_compiler_base.cc:1056] Note that END_TO_END duration also includes time outside of HLO_PASSES, BACKEND_PASSES, and CODE_GENERATION
I0909 12:27:12.225085    3192 megascale_context.cc:517] MegaScale DCNTopology fingerprint for: jit__lambda : 1688352644216761960 DevicesHash: 8081921339993277715 Topology: go/debugproto  
I0909 12:27:12.225365    3192 host_command_scheduler_factory.cc:1312] Created a HostCommandScheduler with 54 rules for module jit__lambda HostTransfers Fingerprint: 12151718319723310994.
I0909 12:27:12.225387    3192 megascale_context.cc:686] MegaScale ExecutableContext created for module: jit__lambda with DCN topology: go/debugproto   
I0909 12:27:12.233541    3574 megascale_context.cc:439] Destroying MegaScale PjrtExecutableContext: jit__lambda
I0909 12:27:12.250554    3192 deepsea_compiler_hlo_passes.cc:6623] XLA::TPU running hlo passes for 19 instructions, module: jit__lambda
I0909 12:27:12.250563    3192 deepsea_compiler_hlo_passes.cc:6668] Initial HLO module: jit__lambda instructions: 19 fingerprint: 
I0909 12:27:12.250776    3192 deepsea_compiler_hlo_passes.cc:6526] HLO optimizing module: jit__lambda instructions: 17
I0909 12:27:12.250781    3192 deepsea_compiler_hlo_passes.cc:6539] XLA::TPU HLO optimization
W0909 12:27:12.251429    4446 tpu_spmd_partitioner.cc:460] Collective matmul V1 is enabled. Please consider migrating to V2 since V1 will be deprecated soon. You can enable V2 by setting xla_tpu_all_gather_collective_matmul_mode=post_spmd and xla_tpu_reduce_scatter_collective_matmul_mode=post_spmd.
I0909 12:27:12.259249    3192 deepsea_compiler_hlo_passes.cc:6406] xla_tpu_impure_hlo_parallel_compile is DISABLED. jit__lambda
I0909 12:27:12.261392    3192 deepsea_compiler_hlo_passes.cc:5472] XLA::TPU HLO PostOptimizationPipeline
I0909 12:27:12.262306    3192 latency_hiding_scheduler.cc:4420] [latency-hiding-scheduler] LatencyHidingScheduler current memory usage: 24640 bytes. Current limit: 96637894451
I0909 12:27:12.262824    3192 tpu_plumb_vmem_info.cc:677] scavenging_mode: 3 for module: jit__lambda
I0909 12:27:12.263290    3192 deepsea_compiler_hlo_passes.cc:6735] HLO_PASSES stage duration: 12.726653ms
I0909 12:27:12.264432    4155 tpu_chip_config.cc:367] Resolved chip config alias default->megachip for 6acc60406, 
I0909 12:27:12.264598    4155 tpu_chip_config.cc:367] Resolved chip config alias default->megachip for 6acc60406, 
I0909 12:27:12.264789    4155 memory_space_assignment_util.cc:577] MSA Vmem breakdown: default scoped vmem (from flag): 33554432; does_msa_directly_allocate_scoped_vmem: T; bytes_for_msa_to_allocate: 67043328
I0909 12:27:12.279742    4450 deepsea_compiler_base.cc:4279] BACKEND_PASSES stage duration: 15.88812825ms
I0909 12:27:12.282016    4450 deepsea_compiler_backend.cc:1784] final program bundle count: 626 note this count does not reflect cycles spent executing delays.
I0909 12:27:12.287127    4450 deepsea_compiler_backend.cc:1980] Program divided into 2 overlays without HLO functions (80.5K).
I0909 12:27:12.287182    4450 deepsea_compiler_backend.cc:2150] XLA::TPU module name: jit__lambda
I0909 12:27:12.287186    4450 deepsea_compiler_backend.cc:2152] XLA::TPU program HBM usage: 208.5K / 94.74G
I0909 12:27:12.287188    4450 deepsea_compiler_backend.cc:2159] Note that --xla_tpu_max_hbm_size_mib is not specified. This means that the compiler may use up all available HBM, possibly prioritizing other metrics (latency, compile-time, ..) over memory usage. To reduce memory usage, set --xla_tpu_max_hbm_size_mib to a smaller value.
I0909 12:27:12.287189    4450 deepsea_compiler_backend.cc:2193] XLA::TPU program VMEM usage: 32.00M / 64.00M
I0909 12:27:12.287195    4450 deepsea_compiler_backend.cc:2204] Total hbm usage >= 268.22M:
    reserved        268.00M 
    program          208.5K 
    arguments         16.0K 

Output size 512B; shares 0B with arguments.

Total host usage >= 0B:
    reserved             0B 
    program         unknown size 
    arguments            0B 

Output size 0B; shares 0B with arguments.

I0909 12:27:12.287205    4450 deepsea_compiler_backend.cc:2208] Program sflag requirement 224B:
    reserved           204B
    scoped              12B
    HLO temp             8B (100.0% utilization: Unpadded (8B) Padded (8B), 0.0% fragmentation (0B))
Program sparse_core_sequencer_sflag requirement 36B:
    reserved            36B
Program sparse_core_tile_sflag requirement 4B:
    reserved             4B
Program sparse_core_sequencer_smem requirement 64B:
    reserved            64B
Program sparse_core_tile_smem requirement 0B:
Program hbm requirement 208.5K:
    HLO temp         128.0K (49.1% utilization: Unpadded (8.2K) Padded (16.7K), 87.0% fragmentation (111.3K))
    overlays          80.5K
Program vmem requirement 32.00M:
    HLO temp         32.00M (0.0% utilization: Unpadded (0B) Padded (0B), 100.0% fragmentation (32.00M))
Program smem requirement 36B:
    global               4B
    scoped              32B
Program host requirement 0B:
I0909 12:27:12.287207    4450 deepsea_compiler_backend.cc:2216] XLA::TPU program SMEM usage: 1.9K / 1.00M (1 parameters)
I0909 12:27:12.287286    4450 deepsea_compiler_backend.cc:1480] CODE_GENERATION stage duration: 7.47779375ms
I0909 12:27:12.287527    4450 isa_program_util_common.cc:373] (HLO module jit__lambda): Executable fingerprint:4a4bf7195f2e28a358732e4bad360b9ab79156518433b25ddb27df2e76864c13
I0909 12:27:12.287530    4450 isa_program_util_common.cc:377] (HLO module jit__lambda): Executable fingerprint (including data segments):41df051aa1d5cc95b6bd65dcd0fe59634f8d45c83e436d4b0b21da6da348f7ba
I0909 12:27:12.287531    4450 isa_program_util_common.cc:380] (HLO module jit__lambda): Host transfer fingerprint:5c8f40e7dcd653d84e947d890338940d2b2e1ffba06eadb57827e716f5782f97
I0909 12:27:12.287660    3192 deepsea_compiler_base.cc:1055] END_TO_END stage duration: 39.200384ms
I0909 12:27:12.287669    3192 deepsea_compiler_base.cc:1056] Note that END_TO_END duration also includes time outside of HLO_PASSES, BACKEND_PASSES, and CODE_GENERATION
I0909 12:27:12.288148    3192 megascale_context.cc:517] MegaScale DCNTopology fingerprint for: jit__lambda : 1688352644216761960 DevicesHash: 8081921339993277715 Topology: go/debugproto  
I0909 12:27:12.288339    3192 host_command_scheduler_factory.cc:1312] Created a HostCommandScheduler with 36 rules for module jit__lambda HostTransfers Fingerprint: 8427318606672400244.
I0909 12:27:12.288354    3192 megascale_context.cc:686] MegaScale ExecutableContext created for module: jit__lambda with DCN topology: go/debugproto   
MANUAL_AR_VERIFY {"exchange_add": true, "psum": true, "psum_checksum": 3.0}
I0909 12:27:12.299717    3574 megascale_context.cc:439] Destroying MegaScale PjrtExecutableContext: jit__lambda
W0909 12:27:12.312057    4452 tpu_spmd_partitioner.cc:460] Collective matmul V1 is enabled. Please consider migrating to V2 since V1 will be deprecated soon. You can enable V2 by setting xla_tpu_all_gather_collective_matmul_mode=post_spmd and xla_tpu_reduce_scatter_collective_matmul_mode=post_spmd.
I0909 12:27:12.317661    3192 deepsea_compiler_hlo_passes.cc:6406] xla_tpu_impure_hlo_parallel_compile is DISABLED. jit__lambda
I0909 12:27:12.319202    3192 tpu_plumb_vmem_info.cc:677] scavenging_mode: 3 for module: jit__lambda
I0909 12:27:12.328499    3192 deepsea_compiler_hlo_passes.cc:6735] HLO_PASSES stage duration: 17.0403775ms
I0909 12:27:12.329612    4155 tpu_chip_config.cc:367] Resolved chip config alias default->megachip for 6acc60406, 
I0909 12:27:12.329747    4155 tpu_chip_config.cc:367] Resolved chip config alias default->megachip for 6acc60406, 
I0909 12:27:12.329901    4155 memory_space_assignment_util.cc:577] MSA Vmem breakdown: default scoped vmem (from flag): 33554432; does_msa_directly_allocate_scoped_vmem: T; bytes_for_msa_to_allocate: 67043328
I0909 12:27:12.360730    4454 deepsea_compiler_base.cc:4279] BACKEND_PASSES stage duration: 31.66213425ms
I0909 12:27:12.366923    4454 deepsea_compiler_backend.cc:1480] CODE_GENERATION stage duration: 6.12845975ms
I0909 12:27:12.367155    4454 isa_program_util_common.cc:373] (HLO module jit__lambda): Executable fingerprint:bc586dffeac4e7ae318e7d154bf8e04f4304c94ca0093b387a7797ec3816d14b
I0909 12:27:12.367157    4454 isa_program_util_common.cc:377] (HLO module jit__lambda): Executable fingerprint (including data segments):a2faf2ce0762128844e7a122c148a8aece70b237d9b143ffa46b761ac2a0d991
I0909 12:27:12.367159    4454 isa_program_util_common.cc:380] (HLO module jit__lambda): Host transfer fingerprint:e3b0c44298fc1c149afbf4c8996fb92427ae41e4649b934ca495991b7852b855
I0909 12:27:12.367458    3192 deepsea_compiler_base.cc:1055] END_TO_END stage duration: 58.111763ms
I0909 12:27:12.367476    3192 deepsea_compiler_base.cc:1056] Note that END_TO_END duration also includes time outside of HLO_PASSES, BACKEND_PASSES, and CODE_GENERATION
I0909 12:27:12.367894    3192 host_command_scheduler_factory.cc:1312] Created a HostCommandScheduler with 0 rules for module jit__lambda HostTransfers Fingerprint: 0.
I0909 12:27:12.367906    3192 megascale_context.cc:686] MegaScale ExecutableContext created for module: jit__lambda with DCN topology: go/debugproto   
I0909 12:27:12.372084    3902 megascale_context.cc:439] Destroying MegaScale PjrtExecutableContext: jit__lambda
W0909 12:27:12.384182    4456 tpu_spmd_partitioner.cc:460] Collective matmul V1 is enabled. Please consider migrating to V2 since V1 will be deprecated soon. You can enable V2 by setting xla_tpu_all_gather_collective_matmul_mode=post_spmd and xla_tpu_reduce_scatter_collective_matmul_mode=post_spmd.
I0909 12:27:12.388445    3192 deepsea_compiler_hlo_passes.cc:6406] xla_tpu_impure_hlo_parallel_compile is DISABLED. jit__identity_fn
I0909 12:27:12.391659    3192 latency_hiding_scheduler.cc:4420] [latency-hiding-scheduler] LatencyHidingScheduler current memory usage: 10816 bytes. Current limit: 96637838643
I0909 12:27:12.392214    3192 tpu_plumb_vmem_info.cc:677] scavenging_mode: 3 for module: jit__identity_fn
I0909 12:27:12.392778    3192 deepsea_compiler_hlo_passes.cc:6735] HLO_PASSES stage duration: 9.03629825ms
I0909 12:27:12.393945    4155 tpu_chip_config.cc:367] Resolved chip config alias default->megachip for 6acc60406, 
I0909 12:27:12.394108    4155 tpu_chip_config.cc:367] Resolved chip config alias default->megachip for 6acc60406, 
I0909 12:27:12.394317    4155 memory_space_assignment_util.cc:577] MSA Vmem breakdown: default scoped vmem (from flag): 33554432; does_msa_directly_allocate_scoped_vmem: T; bytes_for_msa_to_allocate: 67043328
I0909 12:27:12.419189    4458 deepsea_compiler_base.cc:4279] BACKEND_PASSES stage duration: 25.793339ms
I0909 12:27:12.427162    4458 deepsea_compiler_backend.cc:1480] CODE_GENERATION stage duration: 7.901891ms
I0909 12:27:12.427453    4458 isa_program_util_common.cc:373] (HLO module jit__identity_fn): Executable fingerprint:fd3b0d6bd150f631ee1516bdd9fe68433befc25b43e5ac8c1bf0647642d4a029
I0909 12:27:12.427457    4458 isa_program_util_common.cc:377] (HLO module jit__identity_fn): Executable fingerprint (including data segments):b4793e425396e7ab5df0b40c15a832140ecb3328718901424ce0f42c7f63731d
I0909 12:27:12.427458    4458 isa_program_util_common.cc:380] (HLO module jit__identity_fn): Host transfer fingerprint:f21887b8cd1a7de9f1745e6458df4dba74bea513f1593c4409ce2cd383777ca8
I0909 12:27:12.427753    3192 deepsea_compiler_base.cc:1055] END_TO_END stage duration: 45.99908375ms
I0909 12:27:12.427775    3192 deepsea_compiler_base.cc:1056] Note that END_TO_END duration also includes time outside of HLO_PASSES, BACKEND_PASSES, and CODE_GENERATION
I0909 12:27:12.428290    3192 megascale_context.cc:517] MegaScale DCNTopology fingerprint for: jit__identity_fn : 1688352644216761960 DevicesHash: 11843567257950195766 Topology: go/debugproto  
I0909 12:27:12.428431    3192 host_command_scheduler_factory.cc:1312] Created a HostCommandScheduler with 18 rules for module jit__identity_fn HostTransfers Fingerprint: 14547820116035419324.
I0909 12:27:12.428442    3192 megascale_context.cc:686] MegaScale ExecutableContext created for module: jit__identity_fn with DCN topology: go/debugproto   
I0909 12:27:12.431657    3574 megascale_context.cc:439] Destroying MegaScale PjrtExecutableContext: jit__lambda
W0909 12:27:12.447586    4462 tpu_spmd_partitioner.cc:460] Collective matmul V1 is enabled. Please consider migrating to V2 since V1 will be deprecated soon. You can enable V2 by setting xla_tpu_all_gather_collective_matmul_mode=post_spmd and xla_tpu_reduce_scatter_collective_matmul_mode=post_spmd.
I0909 12:27:12.453281    3192 deepsea_compiler_hlo_passes.cc:6406] xla_tpu_impure_hlo_parallel_compile is DISABLED. jit_op
I0909 12:27:12.456265    3192 latency_hiding_scheduler.cc:4420] [latency-hiding-scheduler] LatencyHidingScheduler current memory usage: 1610620992 bytes. Current limit: 95564271411
I0909 12:27:12.456717    3192 tpu_plumb_vmem_info.cc:677] scavenging_mode: 3 for module: jit_op
I0909 12:27:12.488280    3192 deepsea_compiler_hlo_passes.cc:6735] HLO_PASSES stage duration: 41.202182ms
I0909 12:27:12.489591    4155 tpu_chip_config.cc:367] Resolved chip config alias default->megachip for 6acc60406, 
I0909 12:27:12.489719    4155 tpu_chip_config.cc:367] Resolved chip config alias default->megachip for 6acc60406, 
I0909 12:27:12.489868    4155 memory_space_assignment_util.cc:577] MSA Vmem breakdown: default scoped vmem (from flag): 33554432; does_msa_directly_allocate_scoped_vmem: T; bytes_for_msa_to_allocate: 67043328
I0909 12:27:12.573106    4466 deepsea_compiler_base.cc:4279] BACKEND_PASSES stage duration: 84.09721675ms
I0909 12:27:12.581570    4466 deepsea_compiler_backend.cc:1480] CODE_GENERATION stage duration: 8.3939725ms
I0909 12:27:12.581928    4466 isa_program_util_common.cc:373] (HLO module jit_op): Executable fingerprint:0f2b665f05c3c4afe211f3c371efcab563df28a2ebf1e3fea485408c5722f8dc
I0909 12:27:12.581931    4466 isa_program_util_common.cc:377] (HLO module jit_op): Executable fingerprint (including data segments):86848f6f1a06a74bef5f269280dc370998aab50634976e92618a9f9f14091724
I0909 12:27:12.581933    4466 isa_program_util_common.cc:380] (HLO module jit_op): Host transfer fingerprint:294ab033fa7a89f4c4b5c51d8744fa6f4206e6d1d2d85c49c24e64e2b1444859
I0909 12:27:12.582091    3192 deepsea_compiler_base.cc:1055] END_TO_END stage duration: 137.02446075ms
I0909 12:27:12.582105    3192 deepsea_compiler_base.cc:1056] Note that END_TO_END duration also includes time outside of HLO_PASSES, BACKEND_PASSES, and CODE_GENERATION
I0909 12:27:12.582627    3192 megascale_context.cc:517] MegaScale DCNTopology fingerprint for: jit_op : 1688352644216761960 DevicesHash: 8081921339993277715 Topology: go/debugproto  
I0909 12:27:12.585605    3192 host_command_scheduler_factory.cc:1312] Created a HostCommandScheduler with 36 rules for module jit_op HostTransfers Fingerprint: 12634255100403355191.
I0909 12:27:12.585876    3192 megascale_context.cc:686] MegaScale ExecutableContext created for module: jit_op with DCN topology: go/debugproto   
I0909 12:27:12.600960    4059 generic-stream-socket.h:1667] Cannot process timestamp for type=1 seq=16827171 time=2026-09-09T12:27:12.597541836+00:00
W0909 12:27:12.607183    3932 grpc_transport.cc:1186] Too many pending sends: 128
I0909 12:27:12.690421    3904 topology_coordinator.cc:173] MegaScale Topology Discovery completed.
W0909 12:27:12.768451    3929 tpu_pjrt_client.cc:2333] PjRt execution dispatch was blocked for 163.005605ms because PjRt's max in-flight computation semaphore is full (limit: 32), which may negatively affect the performance
W0909 12:27:22.657020    4789 grpc_transport.cc:1186] Too many pending sends: 128
W0909 12:27:32.736301    5313 grpc_transport.cc:1186] Too many pending sends: 128
W0909 12:27:42.761992    4779 grpc_transport.cc:1186] Too many pending sends: 128
W0909 12:27:52.769663    5314 grpc_transport.cc:1186] Too many pending sends: 128
W0909 12:28:02.769820    5161 grpc_transport.cc:1186] Too many pending sends: 167
I0909 12:28:11.688184    3192 megascale_context.cc:439] Destroying MegaScale PjrtExecutableContext: jit_op
MANUAL_AR_RESULT {"batch": 10, "benchmark": "manual_ar", "host_gbps_best": 334.66260934353016, "host_gbps_median": 330.74944759891, "matrix_dim": 32768, "network_delta": {"cilium_host": {"rx_bytes": 0, "tx_bytes": 0}, "cilium_net": {"rx_bytes": 0, "tx_bytes": 0}, "docker0": {"rx_bytes": 0, "tx_bytes": 0}, "eth0": {"rx_bytes": 685879, "tx_bytes": 5807188}, "eth1": {"rx_bytes": 1228573629546, "tx_bytes": 1206543574484}, "eth2": {"rx_bytes": 1195827093156, "tx_bytes": 1205492284989}, "lo": {"rx_bytes": 5587331, "tx_bytes": 5587331}, "lxc7a46b7c617f2": {"rx_bytes": 2226732, "tx_bytes": 703171}, "lxc98965bb30804": {"rx_bytes": 22782, "tx_bytes": 111325}, "lxcc0f9da7fa3ad": {"rx_bytes": 31214, "tx_bytes": 7253}, "lxcee5710d8dac0": {"rx_bytes": 31277, "tx_bytes": 4754}, "lxceee434c5d682": {"rx_bytes": 534, "tx_bytes": 587}}, "participants_per_slice": 8, "reps": 8, "shard_bytes_per_device": 1073741824.0, "time_ms_all": [213.89724139589816, 205.3395713097416, 206.3588407007046, 206.60219499841332, 208.9218592038378, 210.75043310411274, 206.61610909737647, 213.2909680949524], "time_ms_best": 205.3395713097416, "time_ms_median": 207.76898415060714, "variant": "psum", "warmups": 200}
W0909 12:28:11.718458    5525 tpu_spmd_partitioner.cc:460] Collective matmul V1 is enabled. Please consider migrating to V2 since V1 will be deprecated soon. You can enable V2 by setting xla_tpu_all_gather_collective_matmul_mode=post_spmd and xla_tpu_reduce_scatter_collective_matmul_mode=post_spmd.
I0909 12:28:11.725646    3192 deepsea_compiler_hlo_passes.cc:6406] xla_tpu_impure_hlo_parallel_compile is DISABLED. jit_op
I0909 12:28:11.727664    3192 latency_hiding_scheduler.cc:4420] [latency-hiding-scheduler] LatencyHidingScheduler current memory usage: 1073750080 bytes. Current limit: 95564404531
I0909 12:28:11.728035    3192 tpu_plumb_vmem_info.cc:677] scavenging_mode: 3 for module: jit_op
I0909 12:28:11.750938    3192 deepsea_compiler_hlo_passes.cc:6735] HLO_PASSES stage duration: 33.350665ms
I0909 12:28:11.752070    3904 tpu_chip_config.cc:367] Resolved chip config alias default->megachip for 6acc60406, 
I0909 12:28:11.752268    3904 tpu_chip_config.cc:367] Resolved chip config alias default->megachip for 6acc60406, 
I0909 12:28:11.752459    3904 memory_space_assignment_util.cc:577] MSA Vmem breakdown: default scoped vmem (from flag): 33554432; does_msa_directly_allocate_scoped_vmem: T; bytes_for_msa_to_allocate: 67043328
I0909 12:28:11.863227    5529 deepsea_compiler_base.cc:4279] BACKEND_PASSES stage duration: 111.76107925ms
I0909 12:28:11.870648    5529 deepsea_compiler_backend.cc:1480] CODE_GENERATION stage duration: 7.34289125ms
I0909 12:28:11.871027    5529 isa_program_util_common.cc:373] (HLO module jit_op): Executable fingerprint:33a5a6d6f7cea468562f68254b4eb2b89053eb34e2e10125a401ef1c264018f8
I0909 12:28:11.871030    5529 isa_program_util_common.cc:377] (HLO module jit_op): Executable fingerprint (including data segments):63de7ca22133830a9ecf7d1576f6e0dc97cbc6a522ec2bae425e60708fe1b2d0
I0909 12:28:11.871032    5529 isa_program_util_common.cc:380] (HLO module jit_op): Host transfer fingerprint:c37db3d47c19d90e6b870bb79741e56a58ee0112318c32550eac3926e65c0ec8
I0909 12:28:11.871340    3192 deepsea_compiler_base.cc:1055] END_TO_END stage duration: 156.28295475ms
I0909 12:28:11.871354    3192 deepsea_compiler_base.cc:1056] Note that END_TO_END duration also includes time outside of HLO_PASSES, BACKEND_PASSES, and CODE_GENERATION
I0909 12:28:11.872003    3192 megascale_context.cc:517] MegaScale DCNTopology fingerprint for: jit_op : 1688352644216761960 DevicesHash: 8081921339993277715 Topology: go/debugproto  
I0909 12:28:11.875014    3192 host_command_scheduler_factory.cc:1312] Created a HostCommandScheduler with 18 rules for module jit_op HostTransfers Fingerprint: 158907515329715665.
I0909 12:28:11.875378    3192 megascale_context.cc:686] MegaScale ExecutableContext created for module: jit_op with DCN topology: go/debugproto   
W0909 12:28:12.644918    5470 block_allocator.cc:240] Allocator almost full. Allocator Stats. Total: 17179869184 Free: 4289167360 Peak: 0
Outstanding :: 17825792: 0 16384: 0 32768: 0 1024: 0 16777216: 0 8192: 0 65536: 0 9437184: 116 8388608: 498 
Free :: 8388608: 55 65536: 4 1024: 16 32768: 4 16384: 5 8192: 8 17825792: 128 16777216: 290 9437184: 0 
W0909 12:28:12.768364    3927 tpu_pjrt_client.cc:2333] PjRt execution dispatch was blocked for 157.952863ms because PjRt's max in-flight computation semaphore is full (limit: 32), which may negatively affect the performance
W0909 12:28:12.826942    5085 grpc_transport.cc:1186] Too many pending sends: 128
W0909 12:28:22.915421    5587 grpc_transport.cc:1186] Too many pending sends: 128
W0909 12:28:32.989241    5044 grpc_transport.cc:1186] Too many pending sends: 128
W0909 12:28:43.209314    5587 grpc_transport.cc:1186] Too many pending sends: 128
W0909 12:28:53.343387    5609 grpc_transport.cc:1186] Too many pending sends: 128
W0909 12:29:03.343437    5575 grpc_transport.cc:1186] Too many pending sends: 516
W0909 12:29:13.470172    5179 grpc_transport.cc:1186] Too many pending sends: 128
I0909 12:29:20.368456    3192 megascale_context.cc:439] Destroying MegaScale PjrtExecutableContext: jit_op
MANUAL_AR_RESULT {"batch": 10, "benchmark": "manual_ar", "host_gbps_best": 293.5959128364368, "host_gbps_median": 284.0832604073008, "matrix_dim": 32768, "network_delta": {"cilium_host": {"rx_bytes": 0, "tx_bytes": 0}, "cilium_net": {"rx_bytes": 0, "tx_bytes": 0}, "docker0": {"rx_bytes": 0, "tx_bytes": 0}, "eth0": {"rx_bytes": 980627, "tx_bytes": 7430993}, "eth1": {"rx_bytes": 1212574018591, "tx_bytes": 1203534504056}, "eth2": {"rx_bytes": 1212477642828, "tx_bytes": 1211023688264}, "lo": {"rx_bytes": 7595083, "tx_bytes": 7595083}, "lxc7a46b7c617f2": {"rx_bytes": 3281839, "tx_bytes": 944061}, "lxc98965bb30804": {"rx_bytes": 38504, "tx_bytes": 121362}, "lxcc0f9da7fa3ad": {"rx_bytes": 31986, "tx_bytes": 8234}, "lxcee5710d8dac0": {"rx_bytes": 58971, "tx_bytes": 9176}, "lxceee434c5d682": {"rx_bytes": 534, "tx_bytes": 587}}, "participants_per_slice": 8, "reps": 8, "shard_bytes_per_device": 1073741824.0, "time_ms_all": [235.35166290821508, 234.0614216052927, 242.53344089956954, 248.0831630062312, 243.47639330662787, 241.09381780726835, 241.26470079645514, 253.4253788064234], "time_ms_best": 234.0614216052927, "time_ms_median": 241.89907084801234, "variant": "exchange_add", "warmups": 200}
MANUAL_AR_SUMMARY {"exchange_add@32768": 293.6, "psum@32768": 334.7}
I0909 12:29:20.374907    3192 megascale_context.cc:439] Destroying MegaScale PjrtExecutableContext: jit__identity_fn
W0909 12:29:20.377788    4152 pjrt_client.h:601] UpdateGlobalProcessInfo is not supported.
W0909 12:29:20.378228    4152 pjrt_client.h:601] UpdateGlobalProcessInfo is not supported.
I0909 12:29:20.400936    3192 allocator_stats_reporter.cc:147] Stopping AllocatorStatsReporter. Reporting one last time first.
I0909 12:29:20.401155    3913 tpu_diagnostic_coordinator.cc:565] TpuStallWorker thread exiting.
I0909 12:29:20.466148    3192 tpunetd_client.cc:431] Session master stopping the session...
I0909 12:29:20.466583    4155 session_worker_service.cc:115] Session master notifies the worker to disconnect from session 244ac518148b592f
I0909 12:29:20.466660    3192 tpunetd_client.cc:433] Session master stopped the session.
I0909 12:29:20.466672    3192 tpunetd_client.cc:438] Session manager stopping the session...
I0909 12:29:20.571433    3192 tpunetd_client.cc:440] Session manager stopped the session.
I0909 12:29:26.060613    3574 async_driver.cc:1178] [/dev/vfio/6 tpu662:pe0:2] vf_id:0 Driver closed.
I0909 12:29:26.085028    5763 async_driver.cc:1178] [/dev/vfio/4 tpu662:pe0:0] vf_id:0 Driver closed.
I0909 12:29:26.118286    4467 async_driver.cc:1178] [/dev/vfio/5 tpu662:pe0:1] vf_id:0 Driver closed.
I0909 12:29:26.201720    5838 async_driver.cc:1178] [/dev/vfio/1 tpu662:pe0:3] vf_id:0 Driver closed.
I0909 12:29:26.203681    3574 megascale_context.cc:439] Destroying MegaScale PjrtExecutableContext: jit__identity_fn
I0909 12:29:26.203758    3574 megascale_context.cc:1131] Destroying MegaScale PjrtClientContext.
MC_CONFIG_END name=mrss16 pass=1
MC_CONFIG_BEGIN name=mrss32 pass=1 port=1303 flags=--xla_tpu_use_megascale_host_reduction=false --megascale_max_reduction_shard_size=33554432
ERROR: Accessing retired flag 'eventmanager2_as_default_eventmanager'
I0909 12:29:36.174838    5880 b295d63588a.cc:792] Linux version 6.12.94+ (builder@b181c7a13d4c) (Chromium OS 17.0_pre498229-r33 clang version 17.0.0 (/mnt/host/source/src/third_party/llvm-project 14f0776550b5a49e1c42f49a00213f7f3fa047bf), LLD 17.0.0) #1 SMP Mon Jul 27 22:05:55 UTC 2026
I0909 12:29:36.175284    5880 b295d63588a.cc:876] Process id 5880
I0909 12:29:36.175300    5880 b295d63588a.cc:882] Current working directory /jax-ai-image
I0909 12:29:36.175306    5880 b295d63588a.cc:885] Current timezone is UTC (currently UTC +00:00)
I0909 12:29:36.175309    5880 b295d63588a.cc:890] Built on Dec 31 1969 16:00:00 (0)
I0909 12:29:36.175310    5880 b295d63588a.cc:891]  at redacted@redacted:.
I0909 12:29:36.175312    5880 b295d63588a.cc:892]  as //learning/45eac/tfrc/executor:_libtpu.so.native
I0909 12:29:36.175313    5880 b295d63588a.cc:893]  for gcc-4.X.Y-crosstool-v18-llvm-grtev4-k8.k8
I0909 12:29:36.175315    5880 b295d63588a.cc:902] Build tool: redacted
I0909 12:29:36.175317    5880 b295d63588a.cc:903] Build target: 
I0909 12:29:36.175323    5880 b295d63588a.cc:911] Command line arguments:
I0909 12:29:36.175324    5880 b295d63588a.cc:913] argv[0]: './tpu_driver'
I0909 12:29:36.175337    5880 b295d63588a.cc:913] argv[1]: '--minloglevel=0'
I0909 12:29:36.175338    5880 b295d63588a.cc:913] argv[2]: '--stderrthreshold=0'
I0909 12:29:36.175339    5880 b295d63588a.cc:913] argv[3]: '--v=0'
I0909 12:29:36.175341    5880 b295d63588a.cc:913] argv[4]: '--vmodule='
I0909 12:29:36.175342    5880 b295d63588a.cc:913] argv[5]: '--log_dir=/tmp/tpu_logs/benchmark'
I0909 12:29:36.175344    5880 b295d63588a.cc:913] argv[6]: '--max_log_size=1024'
I0909 12:29:36.175345    5880 b295d63588a.cc:913] argv[7]: '--deepsea_hal_included_devs=3,0,1,2'
I0909 12:29:36.175347    5880 b295d63588a.cc:913] argv[8]: '--megascale_transport_numa_node=0,1'
I0909 12:29:36.175349    5880 b295d63588a.cc:913] argv[9]: '--next_pluggable_device_use_c_api=0'
I0909 12:29:36.175351    5880 b295d63588a.cc:913] argv[10]: '--deepsea_wrap=false,false,false'
I0909 12:29:36.175352    5880 b295d63588a.cc:913] argv[11]: '--deepsea_twist=false'
I0909 12:29:36.175354    5880 b295d63588a.cc:913] argv[12]: '--deepsea_chip_config_name=default'
I0909 12:29:36.175356    5880 b295d63588a.cc:913] argv[13]: '--deepsea_chips_per_host_bounds=2,2,1'
I0909 12:29:36.175357    5880 b295d63588a.cc:913] argv[14]: '--deepsea_host_bounds=1,1,1'
I0909 12:29:36.175359    5880 b295d63588a.cc:913] argv[15]: '--deepsea_slice_builder_worker_port=8471'
I0909 12:29:36.175360    5880 b295d63588a.cc:913] argv[16]: '--deepsea_slice_builder_worker_addresses=dcn-mc3-slice-0-0.dcn-mc3:8471'
I0909 12:29:36.175362    5880 b295d63588a.cc:913] argv[17]: '--tpu_slice_builder_dump_chip=false'
I0909 12:29:36.175363    5880 b295d63588a.cc:913] argv[18]: '--tpu_slice_builder_dump_chip_force=false'
I0909 12:29:36.175365    5880 b295d63588a.cc:913] argv[19]: '--tpu_slice_builder_dump_to_localhost=1'
I0909 12:29:36.175366    5880 b295d63588a.cc:913] argv[20]: '--vbar_control_service_url=unix:///var/run/tpu-plugin/vbar.sock'
I0909 12:29:36.175368    5880 b295d63588a.cc:913] argv[21]: '--bypass_vbar_control_service=0'
I0909 12:29:36.175369    5880 b295d63588a.cc:913] argv[22]: '--deepsea_ici_resilient=false'
I0909 12:29:36.175371    5880 b295d63588a.cc:913] argv[23]: '--xla_tpu_use_resilient_collective_emitter=false'
I0909 12:29:36.175372    5880 b295d63588a.cc:913] argv[24]: '--tpu_slice_builder_topology_discovery_fault_injection='
I0909 12:29:36.175374    5880 b295d63588a.cc:913] argv[25]: '--runtime_metric_service_port=8431'
I0909 12:29:36.175375    5880 b295d63588a.cc:913] argv[26]: '--tpu_hbm_report_enable=1'
I0909 12:29:36.175377    5880 b295d63588a.cc:913] argv[27]: '--tpu_hbm_report_frequency=5s'
I0909 12:29:36.175379    5880 b295d63588a.cc:913] argv[28]: '--megascale_coordinator_address=dcn-mc3-slice-0-0.dcn-mc3:8081'
I0909 12:29:36.175380    5880 b295d63588a.cc:913] argv[29]: '--megascale_slice_id=0'
I0909 12:29:36.175381    5880 b295d63588a.cc:913] argv[30]: '--megascale_num_slices=2'
I0909 12:29:36.175383    5880 b295d63588a.cc:913] argv[31]: '--megascale_transport_type=grpc'
I0909 12:29:36.175384    5880 b295d63588a.cc:913] argv[32]: '--megascale_port=8081'
I0909 12:29:36.175386    5880 b295d63588a.cc:913] argv[33]: '--megascale_use_insecure_grpc'
I0909 12:29:36.175387    5880 b295d63588a.cc:913] argv[34]: '--megascale_grpc_use_chaotic_good=true'
I0909 12:29:36.175394    5880 b295d63588a.cc:913] argv[35]: '--megascale_grpc_use_event_engine_allocator=true'
I0909 12:29:36.175396    5880 b295d63588a.cc:913] argv[36]: '--grpc_enable_tcp_recv_zerocopy=false'
I0909 12:29:36.175397    5880 b295d63588a.cc:913] argv[37]: '--grpc_enable_rpc_receive_coalescing=true'
I0909 12:29:36.175399    5880 b295d63588a.cc:913] argv[38]: '--megascale_grpc_enable_numa_aware_transmit=true'
I0909 12:29:36.175400    5880 b295d63588a.cc:913] argv[39]: '--megascale_grpc_use_numa_aware_event_engine=true'
I0909 12:29:36.175401    5880 b295d63588a.cc:913] argv[40]: '--megascale_debug_port=8081'
I0909 12:29:36.175403    5880 b295d63588a.cc:913] argv[41]: '--eventmanager2_as_default_eventmanager'
I0909 12:29:36.175405    5880 b295d63588a.cc:913] argv[42]: '--eventmanager2_default_autosizer=mean_latency'
I0909 12:29:36.175406    5880 b295d63588a.cc:913] argv[43]: '--megascale_grpc_enable_xor_tracer=true'
I0909 12:29:36.175408    5880 b295d63588a.cc:913] argv[44]: '--xor_trace_sampling_period=100'
I0909 12:29:36.175409    5880 b295d63588a.cc:913] argv[45]: '--rpc_transport_metrics_period=20'
I0909 12:29:36.175411    5880 b295d63588a.cc:913] argv[46]: '--grpc_experiments=use_call_event_engine_in_completion_queue,instrument_tcp_telemetry,tcp_rcv_lowat,chaotic_good_framing_layer,event_engine_listener,event_engine_client'
I0909 12:29:36.175413    5880 b295d63588a.cc:913] argv[47]: '--enable_runtime_uptime_telemetry=true'
I0909 12:29:36.175415    5880 b295d63588a.cc:913] argv[48]: '--xla_tpu_use_megascale_host_reduction=false'
I0909 12:29:36.175416    5880 b295d63588a.cc:913] argv[49]: '--megascale_max_reduction_shard_size=33554432'
I0909 12:29:36.175418    5880 b295d63588a.cc:913] argv[50]: '--xla_tpu_use_enhanced_launch_barrier=true'
I0909 12:29:36.175419    5880 b295d63588a.cc:913] argv[51]: '--xla_tpu_prefer_async_allgather_to_allreduce=true'
I0909 12:29:36.175421    5880 b295d63588a.cc:913] argv[52]: '--xla_tpu_data_parallel_opt_different_sized_ops=true'
I0909 12:29:36.175422    5880 b295d63588a.cc:913] argv[53]: '--xla_tpu_enable_data_parallel_all_reduce_opt=true'
I0909 12:29:36.175424    5880 b295d63588a.cc:913] argv[54]: '--megascale_coordinator_address=dcn-mc3-slice-0-0.dcn-mc3:8081'
I0909 12:29:36.175425    5880 b295d63588a.cc:913] argv[55]: '--megascale_slice_id=0'
I0909 12:29:36.175427    5880 b295d63588a.cc:913] argv[56]: '--megascale_num_slices=2'
I0909 12:29:36.175428    5880 b295d63588a.cc:913] argv[57]: '--megascale_transport_type=grpc'
I0909 12:29:36.175430    5880 b295d63588a.cc:913] argv[58]: '--megascale_port=8081'
I0909 12:29:36.175431    5880 b295d63588a.cc:913] argv[59]: '--megascale_use_insecure_grpc'
I0909 12:29:36.175433    5880 b295d63588a.cc:913] argv[60]: '--megascale_grpc_interface_prefixes=eth1,eth2,lo'
I0909 12:29:36.175631    5880 init.cc:78] Remote crash gathering hook installed.
I0909 12:29:36.204721    5880 tpu_runtime_type_flags.cc:78] --tpu_use_tfrt not specified. Using default value: true
I0909 12:29:36.204821    5880 host_command_handler_factory.cc:31] Skipping registration of host command handler for opcode Log because it is not in the allowlist.
I0909 12:29:36.204841    5880 tpu_hal.cc:467] Registered plugin from module: megascale_sync_flag_logger
I0909 12:29:36.206922    5880 tpu_hal.cc:467] Registered plugin from module: RuntimeMetricHelper
E0909 12:29:36.206946    5880 autosizer.cc:43] mean_latency is deprecated. Please remove this setting.
I0909 12:29:36.209213    5880 logger.cc:308] Enabling threaded logging for severity WARNING
I0909 12:29:36.209245    5880 tpu_hal.cc:467] Registered plugin from module: sdc_checker_callback
I0909 12:29:36.209657    5880 mlock.cc:220] mlock()-ed 4096 bytes for BuildID, using 1 syscalls.
I0909 12:29:36.209708    5880 debug_manager.cc:266] Registering error handler with name: libtpu_telemetry_handler
I0909 12:29:36.223905    5880 singleton_tpu_states_manager.cc:86] TPU premapped buffer enabled. Size: 4294967296 Threshold: 4294967296 Partitions: 1
I0909 12:29:36.223921    5880 singleton_tpu_states_manager.cc:110] TpuStatesManager::GetOrCreate(): no tpu system exists. Creating a new tpu system.
I0909 12:29:36.231920    5880 device_util.cc:89] Found 4 TPU7x chips.
I0909 12:29:36.231938    5880 tpu_version_flag.cc:77] Using auto-detected TPU version TPU7x
I0909 12:29:36.250199    5880 tpu_chip_config.cc:367] Resolved chip config alias default->megachip for 6acc60406, 
I0909 12:29:36.250509    5880 pending_event_logger.cc:1003] Enabling PjRt/TPU event dependency logging.
I0909 12:29:36.256982    6255 flags_util.cc:316] Using 8471 from --deepsea_slice_builder_worker_port as SliceBuilder worker service port.
I0909 12:29:36.262551    6255 tpu_network_factory.cc:67] Running in Cloud, using TpunetdClient
I0909 12:29:36.262568    6255 tpunetd_client.cc:163] Creating TpunetdClient with topology go/debugstr    
x_dimension: 2
y_dimension: 2
z_dimension: 1
x_wrapping: false
y_wrapping: false
z_wrapping: false
I0909 12:29:36.270338    6255 init-domain.cc:132] Fiber init: default domain = futex, concurrency = 246, prefix = futex-default
I0909 12:29:38.232552    6260 async_driver.cc:485] [/dev/vfio/6 tpu662:pe0:2] vf_id:0 Driver opened.
I0909 12:29:38.233275    6258 async_driver.cc:485] [/dev/vfio/4 tpu662:pe0:0] vf_id:0 Driver opened.
I0909 12:29:38.243199    6259 async_driver.cc:485] [/dev/vfio/5 tpu662:pe0:1] vf_id:0 Driver opened.
I0909 12:29:38.309480    6257 futex.cc:71] RAW: Futex::Swap(): using GFUTEX_SWAP
I0909 12:29:38.321000    6258 tpu_vxc_driver.cc:967] Throttled firmware queue size configured to 223(Firmware queue size: 256, leaving 32 for misc purposes).
I0909 12:29:38.340400    6260 tpu_vxc_driver.cc:967] Throttled firmware queue size configured to 223(Firmware queue size: 256, leaving 32 for misc purposes).
I0909 12:29:38.365337    6261 async_driver.cc:485] [/dev/vfio/1 tpu662:pe0:3] vf_id:0 Driver opened.
I0909 12:29:38.365392    6259 tpu_vxc_driver.cc:967] Throttled firmware queue size configured to 223(Firmware queue size: 256, leaving 32 for misc purposes).
I0909 12:29:38.383270    6261 tpu_vxc_driver.cc:967] Throttled firmware queue size configured to 223(Firmware queue size: 256, leaving 32 for misc purposes).
I0909 12:29:38.402615    6258 async_driver.cc:1843] All cores supported.
I0909 12:29:38.403820    6259 async_driver.cc:1843] All cores supported.
I0909 12:29:38.404566    6260 async_driver.cc:1843] All cores supported.
I0909 12:29:38.410362    6261 async_driver.cc:1843] All cores supported.
I0909 12:29:38.410403    6255 tpunetd_client.cc:338] Connecting to vbar control service at unix:///var/run/tpu-plugin/vbar.sock
I0909 12:29:38.410466    6255 config.cc:265] gRPC experiments: instrument_tcp_telemetry:on, tcp_rcv_lowat:on, use_call_event_engine_in_completion_queue:on; default-enabled: buffer_list_deletion_prep, cache_loas_context_in_connection_context, call_tracer_send_initial_metadata_is_an_annotation, callv3_batch_validation, callv3_ef5bb7_client, callv3_ef5bb7_server, chaotic_good_framing_layer, chaotic_good_send_supported_features, custom_frame_check, directpath_rpc_header_sanitization_filter, ef5bb7_global_family_cache, event_engine_callback_cq, event_engine_client, event_engine_listener, header_data_frame, inproc_cancel_stream, message_size_refactoring, monitoring_experiment, optimization_01, optimization_02, optimization_03, optimization_04, ph2_perf_01, promise_batch_cleanup_on_cancel, promise_filter_send_cancel_metadata, psp_tsi_handshaker_shutdown, skip_clear_peer_on_cancellation, tsi_frame_protector_without_locks, v2_non_owning_waker_implementation, verbose_channelz_connection_logging, wildcard_ip_expansion_restriction, xds_server_filter_chain_per_route
I0909 12:29:38.415596    6255 tpunetd_client.cc:289] Session manager starting a new session...
I0909 12:29:38.519903    6255 vbar_control.cc:201] TPU backend connection test passed! 
I0909 12:29:38.725375    6255 tpunetd_client.cc:291] Session manager started the new session.
I0909 12:29:38.725386    6255 tpunetd_client.cc:295] Session master starting a new session...
I0909 12:29:38.725388    6255 session_master.cc:263] Starting a new ICI network session...
I0909 12:29:38.725648    6257 session_worker_service.cc:110] Session master notifies the worker in a new session: 6efd19cbd9feca88
I0909 12:29:38.830120    6255 session_master.cc:307] Successfully started ICI network session with session id: 6efd19cbd9feca88
I0909 12:29:38.830171    6255 tpunetd_client.cc:297] Session master started the new session.
I0909 12:29:38.834747    6255 tpu_hal.cc:209] Starting premapped memory manager initialization...
W0909 12:29:38.838019    6260 libtpu_telemetry_utils.cc:44] Metric already exists: hlo.execution.timing.distribution.microseconds
W0909 12:29:38.838024    6258 libtpu_telemetry_utils.cc:44] Metric already exists: hlo.execution.timing.distribution.microseconds
W0909 12:29:38.838041    6260 libtpu_telemetry_utils.cc:44] Metric already exists: hlo.queue.size.gauge
W0909 12:29:38.838046    6258 libtpu_telemetry_utils.cc:44] Metric already exists: hlo.queue.size.gauge
W0909 12:29:38.838062    6261 libtpu_telemetry_utils.cc:44] Metric already exists: hlo.execution.timing.distribution.microseconds
W0909 12:29:38.838081    6261 libtpu_telemetry_utils.cc:44] Metric already exists: hlo.queue.size.gauge
W0909 12:29:38.839394    6259 libtpu_telemetry_utils.cc:44] Metric already exists: hlo.execution.timing.distribution.microseconds
W0909 12:29:38.839415    6259 libtpu_telemetry_utils.cc:44] Metric already exists: hlo.queue.size.gauge
W0909 12:29:38.839454    6260 libtpu_telemetry_utils.cc:44] Metric already exists: hlo.execution.timing.distribution.microseconds
W0909 12:29:38.839455    6258 libtpu_telemetry_utils.cc:44] Metric already exists: hlo.execution.timing.distribution.microseconds
W0909 12:29:38.839469    6258 libtpu_telemetry_utils.cc:44] Metric already exists: hlo.queue.size.gauge
W0909 12:29:38.839470    6260 libtpu_telemetry_utils.cc:44] Metric already exists: hlo.queue.size.gauge
W0909 12:29:38.839512    6261 libtpu_telemetry_utils.cc:44] Metric already exists: hlo.execution.timing.distribution.microseconds
W0909 12:29:38.839524    6261 libtpu_telemetry_utils.cc:44] Metric already exists: hlo.queue.size.gauge
I0909 12:29:41.122943    6255 runtime_metric_service.cc:197] Successfully started Runtime Metric Service on port: 8431
I0909 12:29:41.123105    6255 system.cc:1112] tpu::System initialized, current host id: 0, logical device ids: 0,1,2,3,4,5,6,7
I0909 12:29:41.123136    5880 tpu_system_state.cc:224] CreateTpuSystemState: TPU initialization is successful and it took 4.872615894s
I0909 12:29:41.123153    5880 tpu_system_state.cc:228] CreateTpuSystemState: using TPU host premapped buffer of size: 4294967296
I0909 12:29:41.123168    5880 tpu_host_allocator.cc:68] Premapped buffer is using alignment 64
I0909 12:29:41.123686    5880 tpu_linearizer.cc:104] Inflight linearization byte limit configured to : 1099511627776
I0909 12:29:41.123693    5880 tpu_linearizer.cc:118] Inflight delinearization byte limit configured to : 1099511627776
I0909 12:29:41.123990    6604 tpu_diagnostic_coordinator.cc:610] TpuDiagnosticCoordinator listening on socket /tmp/tpu_diag_trigger_5880.socket (symlinked at /tmp/tpu_diag_latest.socket)
I0909 12:29:41.124180    5880 allocator_stats_reporter.cc:117] Starting AllocatorStats Reporter with reporting interval: 5s
I0909 12:29:41.124205    5880 megascale_context.cc:969] Using shared executor for compute since we are running on 6acc60406.
W0909 12:29:41.124212    5880 impairments_service.cc:60] Resetting impairments.
I0909 12:29:41.124231    5880 numa_utils.cc:43] Available NUMA node in this process: 0,1
E0909 12:29:41.124364    5880 autosizer.cc:43] mean_latency is deprecated. Please remove this setting.
E0909 12:29:41.126798    5880 autosizer.cc:43] mean_latency is deprecated. Please remove this setting.
I0909 12:29:41.129179    5880 flags.cc:231] The actual send_rpc_timeout is set to: 45s. Adjusted from the original send_rpc_timeout: 45s, graph_hang_threshold: 5m, graph_within_launch_hang_threshold: 1m
I0909 12:29:41.129192    5880 numa_aware_allocator.cc:60] Creating numa aware allocators, number of NUMA nodes is 2
I0909 12:29:41.129197    5880 numa_aware_allocator.cc:63] Creating numa aware allocator for NUMA nodes 0
I0909 12:29:41.129216    5880 communication_backend.cc:300] Done allocating premapped memory of size 17179869184 bytes in 17.794us
I0909 12:29:41.129221    5880 numa_aware_allocator.cc:76] Binding memory address 0x798d0bfff000 with NUMA node mask 1
I0909 12:29:53.531976    5880 communication_backend.cc:310] Done premapping memory of size 17179869184 bytes in 12.401599334s
I0909 12:29:53.532014    5880 numa_aware_allocator.cc:63] Creating numa aware allocator for NUMA nodes 1
I0909 12:29:53.532047    5880 communication_backend.cc:300] Done allocating premapped memory of size 17179869184 bytes in 28.816us
I0909 12:29:53.532052    5880 numa_aware_allocator.cc:76] Binding memory address 0x79890bffd000 with NUMA node mask 2
I0909 12:30:06.244897    5880 communication_backend.cc:310] Done premapping memory of size 17179869184 bytes in 12.71192439s
I0909 12:30:06.244935    5880 communication_backend.cc:375] Preallocated 17179869184 bytes with Megascale allocator.
I0909 12:30:06.244956    5880 eigen_compute_engine.cc:333] Creating EigenComputeEngine with options: {executor = 0x59678737ce80, force_use_shared_executor = true, num_cores_per_device = 16}
I0909 12:30:06.245164    6657 communication_backend.cc:1179] Initializing MegaScale transport.
E0909 12:30:06.245214    6657 autosizer.cc:43] mean_latency is deprecated. Please remove this setting.
E0909 12:30:06.245404    5880 autosizer.cc:43] mean_latency is deprecated. Please remove this setting.
E0909 12:30:06.248575    5880 autosizer.cc:43] mean_latency is deprecated. Please remove this setting.
E0909 12:30:06.248785    6657 autosizer.cc:43] mean_latency is deprecated. Please remove this setting.
E0909 12:30:06.251705    5880 autosizer.cc:43] mean_latency is deprecated. Please remove this setting.
E0909 12:30:06.266027    5880 autosizer.cc:43] mean_latency is deprecated. Please remove this setting.
E0909 12:30:06.266117    6657 autosizer.cc:43] mean_latency is deprecated. Please remove this setting.
E0909 12:30:06.269460    5880 autosizer.cc:43] mean_latency is deprecated. Please remove this setting.
I0909 12:30:06.269639    6657 grpc_transport.cc:2407] Create GrpcTransport with LIBTPU_ON_GCE.
I0909 12:30:06.269697    6657 transport.cc:862] Using IP addresses for interface discovery.
I0909 12:30:06.269701    6657 transport.cc:757] Could not read interface to NUMA node map from env variables, falling back to reading from file system.
I0909 12:30:06.269823    6657 transport.cc:723] Could not read filename /sys/class/net/cilium_host/device/numa_node with status Stat failed for /sys/class/net/cilium_host/device/numa_node: No such file or directory
I0909 12:30:06.269832    6657 transport.cc:723] Could not read filename /sys/class/net/cilium_net/device/numa_node with status Stat failed for /sys/class/net/cilium_net/device/numa_node: No such file or directory
I0909 12:30:06.269838    6657 transport.cc:723] Could not read filename /sys/class/net/docker0/device/numa_node with status Stat failed for /sys/class/net/docker0/device/numa_node: No such file or directory
I0909 12:30:06.270162    6657 transport.cc:723] Could not read filename /sys/class/net/lo/device/numa_node with status Stat failed for /sys/class/net/lo/device/numa_node: No such file or directory
I0909 12:30:06.270170    6657 transport.cc:723] Could not read filename /sys/class/net/lxc7a46b7c617f2/device/numa_node with status Stat failed for /sys/class/net/lxc7a46b7c617f2/device/numa_node: No such file or directory
I0909 12:30:06.270176    6657 transport.cc:723] Could not read filename /sys/class/net/lxc98965bb30804/device/numa_node with status Stat failed for /sys/class/net/lxc98965bb30804/device/numa_node: No such file or directory
I0909 12:30:06.270181    6657 transport.cc:723] Could not read filename /sys/class/net/lxcc0f9da7fa3ad/device/numa_node with status Stat failed for /sys/class/net/lxcc0f9da7fa3ad/device/numa_node: No such file or directory
I0909 12:30:06.270186    6657 transport.cc:723] Could not read filename /sys/class/net/lxcee5710d8dac0/device/numa_node with status Stat failed for /sys/class/net/lxcee5710d8dac0/device/numa_node: No such file or directory
I0909 12:30:06.270193    6657 transport.cc:723] Could not read filename /sys/class/net/lxceee434c5d682/device/numa_node with status Stat failed for /sys/class/net/lxceee434c5d682/device/numa_node: No such file or directory
I0909 12:30:06.270195    6657 transport.cc:734] Interfaces on available NUMA nodes: [{"eth1", 0}, {"eth0", 0}, {"eth2", 1}]
I0909 12:30:06.270215    6657 transport.cc:761] Interfaces corresponding to process' NUMA nodes: [[{"eth0", 0}, {"eth2", 1}, {"eth1", 0}]]
I0909 12:30:06.271069    6657 transport.cc:773] Interface eth0 will not be used as it does not start with one of the prefixes: eth1,eth2,lo
I0909 12:30:06.271078    6657 transport.cc:773] Interface docker0 will not be used as it does not start with one of the prefixes: eth1,eth2,lo
I0909 12:30:06.271080    6657 transport.cc:773] Interface lxceee434c5d682 will not be used as it does not start with one of the prefixes: eth1,eth2,lo
I0909 12:30:06.271081    6657 transport.cc:773] Interface cilium_net will not be used as it does not start with one of the prefixes: eth1,eth2,lo
I0909 12:30:06.271083    6657 transport.cc:773] Interface cilium_host will not be used as it does not start with one of the prefixes: eth1,eth2,lo
I0909 12:30:06.271084    6657 transport.cc:773] Interface lxc98965bb30804 will not be used as it does not start with one of the prefixes: eth1,eth2,lo
I0909 12:30:06.271085    6657 transport.cc:773] Interface lxc7a46b7c617f2 will not be used as it does not start with one of the prefixes: eth1,eth2,lo
I0909 12:30:06.271087    6657 transport.cc:773] Interface lxcc0f9da7fa3ad will not be used as it does not start with one of the prefixes: eth1,eth2,lo
I0909 12:30:06.271088    6657 transport.cc:773] Interface lxcee5710d8dac0 will not be used as it does not start with one of the prefixes: eth1,eth2,lo
I0909 12:30:06.271090    6657 transport.cc:773] Interface eth0 will not be used as it does not start with one of the prefixes: eth1,eth2,lo
I0909 12:30:06.271140    6657 transport.cc:819] Added IP address 10.240.96.10:8081 on network interface eth1
I0909 12:30:06.271145    6657 transport.cc:819] Added IP address 10.240.48.10:8081 on network interface eth2
I0909 12:30:06.271147    6657 transport.cc:773] Interface docker0 will not be used as it does not start with one of the prefixes: eth1,eth2,lo
I0909 12:30:06.271148    6657 transport.cc:773] Interface lxceee434c5d682 will not be used as it does not start with one of the prefixes: eth1,eth2,lo
I0909 12:30:06.271149    6657 transport.cc:773] Interface cilium_host will not be used as it does not start with one of the prefixes: eth1,eth2,lo
I0909 12:30:06.271150    6657 transport.cc:773] Interface lxc98965bb30804 will not be used as it does not start with one of the prefixes: eth1,eth2,lo
I0909 12:30:06.271152    6657 transport.cc:773] Interface lxc7a46b7c617f2 will not be used as it does not start with one of the prefixes: eth1,eth2,lo
I0909 12:30:06.271153    6657 transport.cc:773] Interface lxcc0f9da7fa3ad will not be used as it does not start with one of the prefixes: eth1,eth2,lo
I0909 12:30:06.271154    6657 transport.cc:773] Interface lxcee5710d8dac0 will not be used as it does not start with one of the prefixes: eth1,eth2,lo
I0909 12:30:06.271155    6657 transport.cc:773] Interface eth0 will not be used as it does not start with one of the prefixes: eth1,eth2,lo
I0909 12:30:06.271158    6657 transport.cc:773] Interface lxceee434c5d682 will not be used as it does not start with one of the prefixes: eth1,eth2,lo
I0909 12:30:06.271159    6657 transport.cc:773] Interface cilium_net will not be used as it does not start with one of the prefixes: eth1,eth2,lo
I0909 12:30:06.271160    6657 transport.cc:773] Interface cilium_host will not be used as it does not start with one of the prefixes: eth1,eth2,lo
I0909 12:30:06.271162    6657 transport.cc:773] Interface lxc98965bb30804 will not be used as it does not start with one of the prefixes: eth1,eth2,lo
I0909 12:30:06.271164    6657 transport.cc:773] Interface lxc7a46b7c617f2 will not be used as it does not start with one of the prefixes: eth1,eth2,lo
I0909 12:30:06.271166    6657 transport.cc:773] Interface lxcc0f9da7fa3ad will not be used as it does not start with one of the prefixes: eth1,eth2,lo
I0909 12:30:06.271167    6657 transport.cc:773] Interface lxcee5710d8dac0 will not be used as it does not start with one of the prefixes: eth1,eth2,lo
I0909 12:30:06.271176    6657 grpc_transport.cc:2332] Creating gRPC server on: 10.240.96.10:8081eth1
I0909 12:30:06.271188    6657 grpc_transport.cc:2348] Creating gRPC server with event engine allocator (chaotic good).
I0909 12:30:06.271198    6657 grpc_transport.cc:2365] Starting gRPC server on: 10.240.96.10:8081
I0909 12:30:06.271795    6657 grpc_transport.cc:2332] Creating gRPC server on: 10.240.48.10:8081eth2
I0909 12:30:06.271819    6657 grpc_transport.cc:2348] Creating gRPC server with event engine allocator (chaotic good).
I0909 12:30:06.271823    6657 grpc_transport.cc:2365] Starting gRPC server on: 10.240.48.10:8081
I0909 12:30:06.272115    6657 communication_backend.cc:1290] MegaScale transport initialized.
I0909 12:30:06.272125    6657 communication_backend.cc:1489] MegaScale transport init succeeded.
E0909 12:30:06.272343    5880 autosizer.cc:43] mean_latency is deprecated. Please remove this setting.
I0909 12:30:06.274758    5880 debug_service_impl.cc:185] Starting Megascale Debug Server
I0909 12:30:06.275158    5880 topology_coordinator.cc:57] Megascale Topology Coordinator started for 2 slices
I0909 12:30:06.275182    5880 transport.cc:862] Using IP addresses for interface discovery.
I0909 12:30:06.275185    5880 transport.cc:757] Could not read interface to NUMA node map from env variables, falling back to reading from file system.
I0909 12:30:06.275188    5880 transport.cc:761] Interfaces corresponding to process' NUMA nodes: [[{"eth1", 0}, {"eth2", 1}, {"eth0", 0}]]
I0909 12:30:06.275630    5880 transport.cc:773] Interface eth0 will not be used as it does not start with one of the prefixes: eth1,eth2,lo
I0909 12:30:06.275639    5880 transport.cc:773] Interface docker0 will not be used as it does not start with one of the prefixes: eth1,eth2,lo
I0909 12:30:06.275641    5880 transport.cc:773] Interface lxceee434c5d682 will not be used as it does not start with one of the prefixes: eth1,eth2,lo
I0909 12:30:06.275642    5880 transport.cc:773] Interface cilium_net will not be used as it does not start with one of the prefixes: eth1,eth2,lo
I0909 12:30:06.275643    5880 transport.cc:773] Interface cilium_host will not be used as it does not start with one of the prefixes: eth1,eth2,lo
I0909 12:30:06.275645    5880 transport.cc:773] Interface lxc98965bb30804 will not be used as it does not start with one of the prefixes: eth1,eth2,lo
I0909 12:30:06.275646    5880 transport.cc:773] Interface lxc7a46b7c617f2 will not be used as it does not start with one of the prefixes: eth1,eth2,lo
I0909 12:30:06.275647    5880 transport.cc:773] Interface lxcc0f9da7fa3ad will not be used as it does not start with one of the prefixes: eth1,eth2,lo
I0909 12:30:06.275648    5880 transport.cc:773] Interface lxcee5710d8dac0 will not be used as it does not start with one of the prefixes: eth1,eth2,lo
I0909 12:30:06.275651    5880 transport.cc:773] Interface eth0 will not be used as it does not start with one of the prefixes: eth1,eth2,lo
I0909 12:30:06.275655    5880 transport.cc:819] Added IP address 10.240.96.10:8081 on network interface eth1
I0909 12:30:06.275659    5880 transport.cc:819] Added IP address 10.240.48.10:8081 on network interface eth2
I0909 12:30:06.275660    5880 transport.cc:773] Interface docker0 will not be used as it does not start with one of the prefixes: eth1,eth2,lo
I0909 12:30:06.275662    5880 transport.cc:773] Interface lxceee434c5d682 will not be used as it does not start with one of the prefixes: eth1,eth2,lo
I0909 12:30:06.275664    5880 transport.cc:773] Interface cilium_host will not be used as it does not start with one of the prefixes: eth1,eth2,lo
I0909 12:30:06.275665    5880 transport.cc:773] Interface lxc98965bb30804 will not be used as it does not start with one of the prefixes: eth1,eth2,lo
I0909 12:30:06.275667    5880 transport.cc:773] Interface lxc7a46b7c617f2 will not be used as it does not start with one of the prefixes: eth1,eth2,lo
I0909 12:30:06.275668    5880 transport.cc:773] Interface lxcc0f9da7fa3ad will not be used as it does not start with one of the prefixes: eth1,eth2,lo
I0909 12:30:06.275669    5880 transport.cc:773] Interface lxcee5710d8dac0 will not be used as it does not start with one of the prefixes: eth1,eth2,lo
I0909 12:30:06.275671    5880 transport.cc:773] Interface eth0 will not be used as it does not start with one of the prefixes: eth1,eth2,lo
I0909 12:30:06.275673    5880 transport.cc:773] Interface lxceee434c5d682 will not be used as it does not start with one of the prefixes: eth1,eth2,lo
I0909 12:30:06.275675    5880 transport.cc:773] Interface cilium_net will not be used as it does not start with one of the prefixes: eth1,eth2,lo
I0909 12:30:06.275677    5880 transport.cc:773] Interface cilium_host will not be used as it does not start with one of the prefixes: eth1,eth2,lo
I0909 12:30:06.275678    5880 transport.cc:773] Interface lxc98965bb30804 will not be used as it does not start with one of the prefixes: eth1,eth2,lo
I0909 12:30:06.275680    5880 transport.cc:773] Interface lxc7a46b7c617f2 will not be used as it does not start with one of the prefixes: eth1,eth2,lo
I0909 12:30:06.275681    5880 transport.cc:773] Interface lxcc0f9da7fa3ad will not be used as it does not start with one of the prefixes: eth1,eth2,lo
I0909 12:30:06.275683    5880 transport.cc:773] Interface lxcee5710d8dac0 will not be used as it does not start with one of the prefixes: eth1,eth2,lo
I0909 12:30:06.275688    5880 communication_backend.cc:984] Sending topology discovery request: go/debugstr    
address_mapping {
  addresses {
    address: "10.240.96.10:8081"
    interface_name: "eth1"
    host_name_for_debugging: "gke-tpu-edbc8be2-f4wr"
  }
  addresses {
    address: "10.240.48.10:8081"
    interface_name: "eth2"
    host_name_for_debugging: "gke-tpu-edbc8be2-f4wr"
    numa_node: 1
  }
  incarnation_id: 2768300360490694292
}
tpu_topology_args {
  version: TPU_VERSION_6acc60406
  platform_type: TPU_PLATFORM_TYPE_HARDWARE
  chip_config_name: "default"
  chips_per_host_bounds {
    x: 2
    y: 2
    z: 1
  }
  host_bounds {
    x: 1
    y: 1
    z: 1
  }
  wrap {
  }
  enhanced_barrier_enabled: true
  use_continuations: true
  routing_strategy: ROUTING_MESH
}
incarnation_id: 2768300360490694292
I0909 12:30:06.275969    5880 grpc_transport.cc:2220] Creating client for slice 0 host 0
I0909 12:30:06.275983    5880 grpc_transport.cc:2203] Using default interface. Available interfaces: [eth1,eth2]. Server information: go/debugstr    
address: "dcn-mc3-slice-0-0.dcn-mc3:8081"
I0909 12:30:06.276074    5880 grpc_transport.cc:2278] Created 1 channels for 1 interfaces on slice 0 host 0.
 Load balancing policy: Dynamic lb: max_outstanding_bytes (8388608).
I0909 12:30:06.276764    6715 cachednslookup.cc:391] TTL not found in response, not caching response
I0909 12:30:11.308433    6714 tpu_chip_config.cc:367] Resolved chip config alias default->megachip for 6acc60406, 
I0909 12:30:12.308986    6597 topology_coordinator.cc:178] MegaScale Topology Discovery in progress. Missing hosts (num_slices=1, num_hosts=0): slice0.*
I0909 12:30:13.309265    6597 topology_coordinator.cc:178] MegaScale Topology Discovery in progress. Missing hosts (num_slices=1, num_hosts=0): slice0.*
I0909 12:30:14.309391    6597 topology_coordinator.cc:178] MegaScale Topology Discovery in progress. Missing hosts (num_slices=1, num_hosts=0): slice0.*
I0909 12:30:15.309522    6597 topology_coordinator.cc:178] MegaScale Topology Discovery in progress. Missing hosts (num_slices=1, num_hosts=0): slice0.*
I0909 12:30:15.781354    6840 tpu_chip_config.cc:367] Resolved chip config alias default->megachip for 6acc60406, 
I0909 12:30:15.781587    6840 topology_coordinator.cc:325] MegaScale Topology Discovery completed.
I0909 12:30:15.781814    5880 communication_backend.cc:1002] Received topology discovery response: go/debugstr    
slice_info {
  tpu_topology_args {
    version: TPU_VERSION_6acc60406
    platform_type: TPU_PLATFORM_TYPE_HARDWARE
    chip_config_name: "default"
    chips_per_host_bounds {
      x: 2
      y: 2
      z: 1
    }
    host_bounds {
      x: 1
      y: 1
      z: 1
    }
    wrap {
    }
    enhanced_barrier_enabled: true
    use_continuations: true
    routing_strategy: ROUTING_MESH
  }
}
slice_info {
  slice_id: 1
  tpu_topology_args {
    version: TPU_VERSION_6acc60406
    platform_type: TPU_PLATFORM_TYPE_HARDWARE
    chip_config_name: "default"
    chips_per_host_bounds {
      x: 2
      y: 2
      z: 1
    }
    host_bounds {
      x: 1
      y: 1
      z: 1
    }
    wrap {
    }
    enhanced_barrier_enabled: true
    use_continuations: true
    routing_strategy: ROUTING_MESH
  }
}
address_mappings {
  addresses {
    address: "10.240.96.10:8081"
    interface_name: "eth1"
    host_name_for_debugging: "gke-tpu-edbc8be2-f4wr"
  }
  addresses {
    address: "10.240.48.10:8081"
    interface_name: "eth2"
    host_name_for_debugging: "gke-tpu-edbc8be2-f4wr"
    numa_node: 1
  }
  incarnation_id: 2768300360490694292
}
address_mappings {
  slice_id: 1
  addresses {
    address: "10.240.96.6:8081"
    interface_name: "eth1"
    host_name_for_debugging: "gke-tpu-edbc8be2-h1bl"
  }
  addresses {
    address: "10.240.48.8:8081"
    interface_name: "eth2"
    host_name_for_debugging: "gke-tpu-edbc8be2-h1bl"
    numa_node: 1
  }
  incarnation_id: 17137517258489660263
}
incarnation_id: 2768300360490694292
I0909 12:30:15.781984    5880 debug_manager.cc:266] Registering error handler with name: default_handler
I0909 12:30:15.781994    5880 megascale_context.cc:571] Using DCN topology: go/debugstr    
I0909 12:30:15.782028    5880 tpu_chip_config.cc:367] Resolved chip config alias default->megachip for 6acc60406, 
DCN_MULTISLICE_PREFLIGHT {"global_device_count": 16, "local_device_count": 8, "process_count": 2, "process_id": 0, "slice_counts": {"0": 8, "1": 8}}
W0909 12:30:15.783874    6849 pjrt_client.h:601] UpdateGlobalProcessInfo is not supported.
I0909 12:30:15.824764    5880 dump.cc:725] HloModule dump enabled with path prefix: , suffix: before_optimizations
W0909 12:30:15.829716    6851 tpu_spmd_partitioner.cc:460] Collective matmul V1 is enabled. Please consider migrating to V2 since V1 will be deprecated soon. You can enable V2 by setting xla_tpu_all_gather_collective_matmul_mode=post_spmd and xla_tpu_reduce_scatter_collective_matmul_mode=post_spmd.
I0909 12:30:15.836573    5880 deepsea_compiler_hlo_passes.cc:6406] xla_tpu_impure_hlo_parallel_compile is DISABLED. jit__identity_fn
I0909 12:30:15.839524    5880 latency_hiding_scheduler.cc:4420] [latency-hiding-scheduler] LatencyHidingScheduler current memory usage: 73792 bytes. Current limit: 96638113587
I0909 12:30:15.839904    5880 tpu_plumb_vmem_info.cc:677] scavenging_mode: 3 for module: jit__identity_fn
I0909 12:30:15.858562    5880 deepsea_compiler_hlo_passes.cc:6735] HLO_PASSES stage duration: 30.6230115ms
I0909 12:30:16.028112    6835 tpu_chip_config.cc:367] Resolved chip config alias default->megachip for 6acc60406, 
I0909 12:30:16.028302    6835 tpu_chip_config.cc:367] Resolved chip config alias default->megachip for 6acc60406, 
I0909 12:30:16.028532    6835 memory_space_assignment_util.cc:577] MSA Vmem breakdown: default scoped vmem (from flag): 33554432; does_msa_directly_allocate_scoped_vmem: T; bytes_for_msa_to_allocate: 67043328
I0909 12:30:16.042291    7077 deepsea_compiler_base.cc:4279] BACKEND_PASSES stage duration: 14.60007425ms
I0909 12:30:16.051252    7077 deepsea_compiler_backend.cc:1480] CODE_GENERATION stage duration: 8.86675325ms
I0909 12:30:16.051520    7077 isa_program_util_common.cc:373] (HLO module jit__identity_fn): Executable fingerprint:67556b1dd123307c8bb711c0434fbfac86eab215225618a5f838c0c427d4c3c2
I0909 12:30:16.051524    7077 isa_program_util_common.cc:377] (HLO module jit__identity_fn): Executable fingerprint (including data segments):c43bcc07663f8b538de614a22f9271d5656acd0e5f70af981aecc6805c64d3fd
I0909 12:30:16.051526    7077 isa_program_util_common.cc:380] (HLO module jit__identity_fn): Host transfer fingerprint:e6674013302fbdec09a2c7c89a12b340e612c48cc4b68dbb5d7ca9c5a25bab54
I0909 12:30:16.052610    5880 deepsea_compiler_base.cc:1055] END_TO_END stage duration: 228.0207865ms
I0909 12:30:16.052627    5880 deepsea_compiler_base.cc:1056] Note that END_TO_END duration also includes time outside of HLO_PASSES, BACKEND_PASSES, and CODE_GENERATION
I0909 12:30:16.053378    5880 megascale_context.cc:517] MegaScale DCNTopology fingerprint for: jit__identity_fn : 1688352644216761960 DevicesHash: 11843567257950195766 Topology: go/debugstr   
I0909 12:30:16.053416    5880 graph_builder.cc:257] Shapes to compress: [""]
I0909 12:30:16.053421    5880 graph_builder.cc:259] Prefixes to compress: [""]
I0909 12:30:16.053454    5880 graph_builder.cc:2912] Using MXLA graph seed: all-gather_0
I0909 12:30:16.053597    5880 host_command_scheduler_factory.cc:1312] Created a HostCommandScheduler with 18 rules for module jit__identity_fn HostTransfers Fingerprint: 3701741969770116811.
I0909 12:30:16.053609    5880 megascale_context.cc:686] MegaScale ExecutableContext created for module: jit__identity_fn with DCN topology: go/debugstr    
I0909 12:30:16.054803    6616 communication_backend.cc:625] Created communicator. Hostname: gke-tpu-edbc8be2-f4wr Slice ID: 0 Host ID: 0 NumSlices: 2 Device IDs: 0,1,2,3,4,5,6,7
I0909 12:30:16.056082    6800 grpc_transport.cc:2220] Creating client for slice 1 host 0
I0909 12:30:16.056110    6800 grpc_transport.cc:2200] Sending to 10.240.96.6:8081 on interface: eth1
I0909 12:30:16.056205    6800 grpc_transport.cc:2200] Sending to 10.240.48.8:8081 on interface: eth2
I0909 12:30:16.056243    6800 grpc_transport.cc:2278] Created 2 channels for 2 interfaces on slice 1 host 0.
 Load balancing policy: Dynamic lb: max_outstanding_bytes (8388608).
I0909 12:30:16.082723    5880 deepsea_compiler_hlo_passes.cc:6623] XLA::TPU running hlo passes for 21 instructions, module: jit__lambda
I0909 12:30:16.082733    5880 deepsea_compiler_hlo_passes.cc:6668] Initial HLO module: jit__lambda instructions: 21 fingerprint: 
I0909 12:30:16.083015    5880 deepsea_compiler_hlo_passes.cc:6526] HLO optimizing module: jit__lambda instructions: 19
I0909 12:30:16.083020    5880 deepsea_compiler_hlo_passes.cc:6539] XLA::TPU HLO optimization
W0909 12:30:16.083669    7116 tpu_spmd_partitioner.cc:460] Collective matmul V1 is enabled. Please consider migrating to V2 since V1 will be deprecated soon. You can enable V2 by setting xla_tpu_all_gather_collective_matmul_mode=post_spmd and xla_tpu_reduce_scatter_collective_matmul_mode=post_spmd.
I0909 12:30:16.091818    5880 deepsea_compiler_hlo_passes.cc:6406] xla_tpu_impure_hlo_parallel_compile is DISABLED. jit__lambda
I0909 12:30:16.094547    5880 deepsea_compiler_hlo_passes.cc:5472] XLA::TPU HLO PostOptimizationPipeline
I0909 12:30:16.095952    5880 latency_hiding_scheduler.cc:4420] [latency-hiding-scheduler] LatencyHidingScheduler current memory usage: 41024 bytes. Current limit: 96637751091
I0909 12:30:16.096656    5880 tpu_plumb_vmem_info.cc:677] scavenging_mode: 3 for module: jit__lambda
I0909 12:30:16.097265    5880 deepsea_compiler_hlo_passes.cc:6735] HLO_PASSES stage duration: 14.53219425ms
I0909 12:30:16.098411    6835 tpu_chip_config.cc:367] Resolved chip config alias default->megachip for 6acc60406, 
I0909 12:30:16.098570    6835 tpu_chip_config.cc:367] Resolved chip config alias default->megachip for 6acc60406, 
I0909 12:30:16.098753    6835 memory_space_assignment_util.cc:577] MSA Vmem breakdown: default scoped vmem (from flag): 33554432; does_msa_directly_allocate_scoped_vmem: T; bytes_for_msa_to_allocate: 67043328
I0909 12:30:16.116901    7120 deepsea_compiler_base.cc:4279] BACKEND_PASSES stage duration: 19.014079ms
I0909 12:30:16.119791    7120 deepsea_compiler_backend.cc:1784] final program bundle count: 788 note this count does not reflect cycles spent executing delays.
I0909 12:30:16.125304    7120 deepsea_compiler_backend.cc:1980] Program divided into 2 overlays without HLO functions (90.5K).
I0909 12:30:16.125380    7120 deepsea_compiler_backend.cc:2150] XLA::TPU module name: jit__lambda
I0909 12:30:16.125384    7120 deepsea_compiler_backend.cc:2152] XLA::TPU program HBM usage: 266.5K / 94.74G
I0909 12:30:16.125387    7120 deepsea_compiler_backend.cc:2159] Note that --xla_tpu_max_hbm_size_mib is not specified. This means that the compiler may use up all available HBM, possibly prioritizing other metrics (latency, compile-time, ..) over memory usage. To reduce memory usage, set --xla_tpu_max_hbm_size_mib to a smaller value.
I0909 12:30:16.125388    7120 deepsea_compiler_backend.cc:2193] XLA::TPU program VMEM usage: 32.00M / 64.00M
I0909 12:30:16.125395    7120 deepsea_compiler_backend.cc:2204] Total hbm usage >= 268.28M:
    reserved        268.00M 
    program          266.5K 
    arguments         16.0K 

Output size 512B; shares 0B with arguments.

Total host usage >= 0B:
    reserved             0B 
    program         unknown size 
    arguments            0B 

Output size 0B; shares 0B with arguments.

I0909 12:30:16.125406    7120 deepsea_compiler_backend.cc:2208] Program sflag requirement 228B:
    reserved           204B
    scoped              16B
    HLO temp             8B (100.0% utilization: Unpadded (8B) Padded (8B), 0.0% fragmentation (0B))
Program sparse_core_sequencer_sflag requirement 36B:
    reserved            36B
Program sparse_core_tile_sflag requirement 4B:
    reserved             4B
Program sparse_core_sequencer_smem requirement 64B:
    reserved            64B
Program sparse_core_tile_smem requirement 0B:
Program hbm requirement 266.5K:
    HLO temp         176.0K (100.0% utilization: Unpadded (24.3K) Padded (24.3K), 86.2% fragmentation (151.7K))
    overlays          90.5K
Program vmem requirement 32.00M:
    HLO temp         32.00M (0.0% utilization: Unpadded (0B) Padded (0B), 100.0% fragmentation (32.00M))
Program smem requirement 36B:
    global               4B
    scoped              32B
Program host requirement 0B:
I0909 12:30:16.125409    7120 deepsea_compiler_backend.cc:2216] XLA::TPU program SMEM usage: 1.9K / 1.00M (1 parameters)
I0909 12:30:16.125491    7120 deepsea_compiler_backend.cc:1480] CODE_GENERATION stage duration: 8.5221625ms
I0909 12:30:16.125752    7120 isa_program_util_common.cc:373] (HLO module jit__lambda): Executable fingerprint:6a126cddbd2c7a63446e46d5dcaf750209d6c974ec79e4080fdc4ca9886f81e4
I0909 12:30:16.125755    7120 isa_program_util_common.cc:377] (HLO module jit__lambda): Executable fingerprint (including data segments):12c0715cab49b82f1e3ea1846957d5d3523547d5bf3cc57bcf82f0517b7a92e8
I0909 12:30:16.125755    7120 isa_program_util_common.cc:380] (HLO module jit__lambda): Host transfer fingerprint:2b9801a161c74c27631ae5e0b6d660abd73031d7eba34a0a6e10fff8dfd2f3ae
I0909 12:30:16.125938    5880 deepsea_compiler_base.cc:1055] END_TO_END stage duration: 45.6515065ms
I0909 12:30:16.125954    5880 deepsea_compiler_base.cc:1056] Note that END_TO_END duration also includes time outside of HLO_PASSES, BACKEND_PASSES, and CODE_GENERATION
I0909 12:30:16.126662    5880 megascale_context.cc:517] MegaScale DCNTopology fingerprint for: jit__lambda : 1688352644216761960 DevicesHash: 8081921339993277715 Topology: go/debugstr   
I0909 12:30:16.126978    5880 host_command_scheduler_factory.cc:1312] Created a HostCommandScheduler with 54 rules for module jit__lambda HostTransfers Fingerprint: 12151718319723310994.
I0909 12:30:16.127001    5880 megascale_context.cc:686] MegaScale ExecutableContext created for module: jit__lambda with DCN topology: go/debugstr    
I0909 12:30:16.150721    5880 deepsea_compiler_hlo_passes.cc:6623] XLA::TPU running hlo passes for 21 instructions, module: jit__lambda
I0909 12:30:16.150731    5880 deepsea_compiler_hlo_passes.cc:6668] Initial HLO module: jit__lambda instructions: 21 fingerprint: 
I0909 12:30:16.150965    5880 deepsea_compiler_hlo_passes.cc:6526] HLO optimizing module: jit__lambda instructions: 19
I0909 12:30:16.150971    5880 deepsea_compiler_hlo_passes.cc:6539] XLA::TPU HLO optimization
W0909 12:30:16.151578    7130 tpu_spmd_partitioner.cc:460] Collective matmul V1 is enabled. Please consider migrating to V2 since V1 will be deprecated soon. You can enable V2 by setting xla_tpu_all_gather_collective_matmul_mode=post_spmd and xla_tpu_reduce_scatter_collective_matmul_mode=post_spmd.
I0909 12:30:16.160247    5880 deepsea_compiler_hlo_passes.cc:6406] xla_tpu_impure_hlo_parallel_compile is DISABLED. jit__lambda
I0909 12:30:16.162613    5880 deepsea_compiler_hlo_passes.cc:5472] XLA::TPU HLO PostOptimizationPipeline
I0909 12:30:16.163756    5880 latency_hiding_scheduler.cc:4420] [latency-hiding-scheduler] LatencyHidingScheduler current memory usage: 41024 bytes. Current limit: 96637751091
I0909 12:30:16.164320    5880 tpu_plumb_vmem_info.cc:677] scavenging_mode: 3 for module: jit__lambda
I0909 12:30:16.165133    5880 deepsea_compiler_hlo_passes.cc:6735] HLO_PASSES stage duration: 14.401886ms
I0909 12:30:16.166481    6835 tpu_chip_config.cc:367] Resolved chip config alias default->megachip for 6acc60406, 
I0909 12:30:16.166626    6835 tpu_chip_config.cc:367] Resolved chip config alias default->megachip for 6acc60406, 
I0909 12:30:16.166812    6835 memory_space_assignment_util.cc:577] MSA Vmem breakdown: default scoped vmem (from flag): 33554432; does_msa_directly_allocate_scoped_vmem: T; bytes_for_msa_to_allocate: 67043328
I0909 12:30:16.185089    7134 deepsea_compiler_base.cc:4279] BACKEND_PASSES stage duration: 19.16033725ms
I0909 12:30:16.187718    7134 deepsea_compiler_backend.cc:1784] final program bundle count: 788 note this count does not reflect cycles spent executing delays.
I0909 12:30:16.193661    7134 deepsea_compiler_backend.cc:1980] Program divided into 2 overlays without HLO functions (90.5K).
I0909 12:30:16.193732    7134 deepsea_compiler_backend.cc:2150] XLA::TPU module name: jit__lambda
I0909 12:30:16.193736    7134 deepsea_compiler_backend.cc:2152] XLA::TPU program HBM usage: 266.5K / 94.74G
I0909 12:30:16.193738    7134 deepsea_compiler_backend.cc:2159] Note that --xla_tpu_max_hbm_size_mib is not specified. This means that the compiler may use up all available HBM, possibly prioritizing other metrics (latency, compile-time, ..) over memory usage. To reduce memory usage, set --xla_tpu_max_hbm_size_mib to a smaller value.
I0909 12:30:16.193740    7134 deepsea_compiler_backend.cc:2193] XLA::TPU program VMEM usage: 32.00M / 64.00M
I0909 12:30:16.193747    7134 deepsea_compiler_backend.cc:2204] Total hbm usage >= 268.28M:
    reserved        268.00M 
    program          266.5K 
    arguments         16.0K 

Output size 512B; shares 0B with arguments.

Total host usage >= 0B:
    reserved             0B 
    program         unknown size 
    arguments            0B 

Output size 0B; shares 0B with arguments.

I0909 12:30:16.193759    7134 deepsea_compiler_backend.cc:2208] Program sflag requirement 228B:
    reserved           204B
    scoped              16B
    HLO temp             8B (100.0% utilization: Unpadded (8B) Padded (8B), 0.0% fragmentation (0B))
Program sparse_core_sequencer_sflag requirement 36B:
    reserved            36B
Program sparse_core_tile_sflag requirement 4B:
    reserved             4B
Program sparse_core_sequencer_smem requirement 64B:
    reserved            64B
Program sparse_core_tile_smem requirement 0B:
Program hbm requirement 266.5K:
    HLO temp         176.0K (100.0% utilization: Unpadded (24.3K) Padded (24.3K), 86.2% fragmentation (151.7K))
    overlays          90.5K
Program vmem requirement 32.00M:
    HLO temp         32.00M (0.0% utilization: Unpadded (0B) Padded (0B), 100.0% fragmentation (32.00M))
Program smem requirement 36B:
    global               4B
    scoped              32B
Program host requirement 0B:
I0909 12:30:16.193761    7134 deepsea_compiler_backend.cc:2216] XLA::TPU program SMEM usage: 1.9K / 1.00M (1 parameters)
I0909 12:30:16.193850    7134 deepsea_compiler_backend.cc:1480] CODE_GENERATION stage duration: 8.696911ms
I0909 12:30:16.194152    7134 isa_program_util_common.cc:373] (HLO module jit__lambda): Executable fingerprint:6a126cddbd2c7a63446e46d5dcaf750209d6c974ec79e4080fdc4ca9886f81e4
I0909 12:30:16.194155    7134 isa_program_util_common.cc:377] (HLO module jit__lambda): Executable fingerprint (including data segments):12c0715cab49b82f1e3ea1846957d5d3523547d5bf3cc57bcf82f0517b7a92e8
I0909 12:30:16.194156    7134 isa_program_util_common.cc:380] (HLO module jit__lambda): Host transfer fingerprint:2b9801a161c74c27631ae5e0b6d660abd73031d7eba34a0a6e10fff8dfd2f3ae
I0909 12:30:16.194347    5880 deepsea_compiler_base.cc:1055] END_TO_END stage duration: 45.73080675ms
I0909 12:30:16.194363    5880 deepsea_compiler_base.cc:1056] Note that END_TO_END duration also includes time outside of HLO_PASSES, BACKEND_PASSES, and CODE_GENERATION
I0909 12:30:16.194941    5880 megascale_context.cc:517] MegaScale DCNTopology fingerprint for: jit__lambda : 1688352644216761960 DevicesHash: 8081921339993277715 Topology: go/debugstr   
I0909 12:30:16.195267    5880 host_command_scheduler_factory.cc:1312] Created a HostCommandScheduler with 54 rules for module jit__lambda HostTransfers Fingerprint: 12151718319723310994.
I0909 12:30:16.195290    5880 megascale_context.cc:686] MegaScale ExecutableContext created for module: jit__lambda with DCN topology: go/debugstr    
I0909 12:30:16.202533    6657 megascale_context.cc:439] Destroying MegaScale PjrtExecutableContext: jit__lambda
I0909 12:30:16.219652    5880 deepsea_compiler_hlo_passes.cc:6623] XLA::TPU running hlo passes for 19 instructions, module: jit__lambda
I0909 12:30:16.219664    5880 deepsea_compiler_hlo_passes.cc:6668] Initial HLO module: jit__lambda instructions: 19 fingerprint: 
I0909 12:30:16.219942    5880 deepsea_compiler_hlo_passes.cc:6526] HLO optimizing module: jit__lambda instructions: 17
I0909 12:30:16.219949    5880 deepsea_compiler_hlo_passes.cc:6539] XLA::TPU HLO optimization
W0909 12:30:16.220535    7140 tpu_spmd_partitioner.cc:460] Collective matmul V1 is enabled. Please consider migrating to V2 since V1 will be deprecated soon. You can enable V2 by setting xla_tpu_all_gather_collective_matmul_mode=post_spmd and xla_tpu_reduce_scatter_collective_matmul_mode=post_spmd.
I0909 12:30:16.229581    5880 deepsea_compiler_hlo_passes.cc:6406] xla_tpu_impure_hlo_parallel_compile is DISABLED. jit__lambda
I0909 12:30:16.231443    5880 deepsea_compiler_hlo_passes.cc:5472] XLA::TPU HLO PostOptimizationPipeline
I0909 12:30:16.232283    5880 latency_hiding_scheduler.cc:4420] [latency-hiding-scheduler] LatencyHidingScheduler current memory usage: 24640 bytes. Current limit: 96637894451
I0909 12:30:16.232734    5880 tpu_plumb_vmem_info.cc:677] scavenging_mode: 3 for module: jit__lambda
I0909 12:30:16.233202    5880 deepsea_compiler_hlo_passes.cc:6735] HLO_PASSES stage duration: 13.53754225ms
I0909 12:30:16.234296    6835 tpu_chip_config.cc:367] Resolved chip config alias default->megachip for 6acc60406, 
I0909 12:30:16.234461    6835 tpu_chip_config.cc:367] Resolved chip config alias default->megachip for 6acc60406, 
I0909 12:30:16.234638    6835 memory_space_assignment_util.cc:577] MSA Vmem breakdown: default scoped vmem (from flag): 33554432; does_msa_directly_allocate_scoped_vmem: T; bytes_for_msa_to_allocate: 67043328
I0909 12:30:16.248780    7144 deepsea_compiler_base.cc:4279] BACKEND_PASSES stage duration: 14.992111ms
I0909 12:30:16.250918    7144 deepsea_compiler_backend.cc:1784] final program bundle count: 626 note this count does not reflect cycles spent executing delays.
I0909 12:30:16.256870    7144 deepsea_compiler_backend.cc:1980] Program divided into 2 overlays without HLO functions (80.5K).
I0909 12:30:16.256933    7144 deepsea_compiler_backend.cc:2150] XLA::TPU module name: jit__lambda
I0909 12:30:16.256936    7144 deepsea_compiler_backend.cc:2152] XLA::TPU program HBM usage: 208.5K / 94.74G
I0909 12:30:16.256939    7144 deepsea_compiler_backend.cc:2159] Note that --xla_tpu_max_hbm_size_mib is not specified. This means that the compiler may use up all available HBM, possibly prioritizing other metrics (latency, compile-time, ..) over memory usage. To reduce memory usage, set --xla_tpu_max_hbm_size_mib to a smaller value.
I0909 12:30:16.256940    7144 deepsea_compiler_backend.cc:2193] XLA::TPU program VMEM usage: 32.00M / 64.00M
I0909 12:30:16.256947    7144 deepsea_compiler_backend.cc:2204] Total hbm usage >= 268.22M:
    reserved        268.00M 
    program          208.5K 
    arguments         16.0K 

Output size 512B; shares 0B with arguments.

Total host usage >= 0B:
    reserved             0B 
    program         unknown size 
    arguments            0B 

Output size 0B; shares 0B with arguments.

I0909 12:30:16.256960    7144 deepsea_compiler_backend.cc:2208] Program sflag requirement 224B:
    reserved           204B
    scoped              12B
    HLO temp             8B (100.0% utilization: Unpadded (8B) Padded (8B), 0.0% fragmentation (0B))
Program sparse_core_sequencer_sflag requirement 36B:
    reserved            36B
Program sparse_core_tile_sflag requirement 4B:
    reserved             4B
Program sparse_core_sequencer_smem requirement 64B:
    reserved            64B
Program sparse_core_tile_smem requirement 0B:
Program hbm requirement 208.5K:
    HLO temp         128.0K (49.1% utilization: Unpadded (8.2K) Padded (16.7K), 87.0% fragmentation (111.3K))
    overlays          80.5K
Program vmem requirement 32.00M:
    HLO temp         32.00M (0.0% utilization: Unpadded (0B) Padded (0B), 100.0% fragmentation (32.00M))
Program smem requirement 36B:
    global               4B
    scoped              32B
Program host requirement 0B:
I0909 12:30:16.256962    7144 deepsea_compiler_backend.cc:2216] XLA::TPU program SMEM usage: 1.9K / 1.00M (1 parameters)
I0909 12:30:16.257050    7144 deepsea_compiler_backend.cc:1480] CODE_GENERATION stage duration: 8.209916ms
I0909 12:30:16.257342    7144 isa_program_util_common.cc:373] (HLO module jit__lambda): Executable fingerprint:4a4bf7195f2e28a358732e4bad360b9ab79156518433b25ddb27df2e76864c13
I0909 12:30:16.257345    7144 isa_program_util_common.cc:377] (HLO module jit__lambda): Executable fingerprint (including data segments):41df051aa1d5cc95b6bd65dcd0fe59634f8d45c83e436d4b0b21da6da348f7ba
I0909 12:30:16.257346    7144 isa_program_util_common.cc:380] (HLO module jit__lambda): Host transfer fingerprint:5c8f40e7dcd653d84e947d890338940d2b2e1ffba06eadb57827e716f5782f97
I0909 12:30:16.257501    5880 deepsea_compiler_base.cc:1055] END_TO_END stage duration: 40.63650475ms
I0909 12:30:16.257511    5880 deepsea_compiler_base.cc:1056] Note that END_TO_END duration also includes time outside of HLO_PASSES, BACKEND_PASSES, and CODE_GENERATION
I0909 12:30:16.258058    5880 megascale_context.cc:517] MegaScale DCNTopology fingerprint for: jit__lambda : 1688352644216761960 DevicesHash: 8081921339993277715 Topology: go/debugstr   
I0909 12:30:16.258274    5880 host_command_scheduler_factory.cc:1312] Created a HostCommandScheduler with 36 rules for module jit__lambda HostTransfers Fingerprint: 8427318606672400244.
I0909 12:30:16.258293    5880 megascale_context.cc:686] MegaScale ExecutableContext created for module: jit__lambda with DCN topology: go/debugstr    
MANUAL_AR_VERIFY {"exchange_add": true, "psum": true, "psum_checksum": 3.0}
I0909 12:30:16.266181    6657 megascale_context.cc:439] Destroying MegaScale PjrtExecutableContext: jit__lambda
W0909 12:30:16.279014    7146 tpu_spmd_partitioner.cc:460] Collective matmul V1 is enabled. Please consider migrating to V2 since V1 will be deprecated soon. You can enable V2 by setting xla_tpu_all_gather_collective_matmul_mode=post_spmd and xla_tpu_reduce_scatter_collective_matmul_mode=post_spmd.
I0909 12:30:16.283934    5880 deepsea_compiler_hlo_passes.cc:6406] xla_tpu_impure_hlo_parallel_compile is DISABLED. jit__lambda
I0909 12:30:16.285451    5880 tpu_plumb_vmem_info.cc:677] scavenging_mode: 3 for module: jit__lambda
I0909 12:30:16.295306    5880 deepsea_compiler_hlo_passes.cc:6735] HLO_PASSES stage duration: 16.85037675ms
I0909 12:30:16.296388    6835 tpu_chip_config.cc:367] Resolved chip config alias default->megachip for 6acc60406, 
I0909 12:30:16.296534    6835 tpu_chip_config.cc:367] Resolved chip config alias default->megachip for 6acc60406, 
I0909 12:30:16.296731    6835 memory_space_assignment_util.cc:577] MSA Vmem breakdown: default scoped vmem (from flag): 33554432; does_msa_directly_allocate_scoped_vmem: T; bytes_for_msa_to_allocate: 67043328
I0909 12:30:16.309684    6597 topology_coordinator.cc:173] MegaScale Topology Discovery completed.
I0909 12:30:16.327537    7159 deepsea_compiler_base.cc:4279] BACKEND_PASSES stage duration: 31.55778925ms
I0909 12:30:16.334236    7159 deepsea_compiler_backend.cc:1480] CODE_GENERATION stage duration: 6.645709ms
I0909 12:30:16.334519    7159 isa_program_util_common.cc:373] (HLO module jit__lambda): Executable fingerprint:bc586dffeac4e7ae318e7d154bf8e04f4304c94ca0093b387a7797ec3816d14b
I0909 12:30:16.334523    7159 isa_program_util_common.cc:377] (HLO module jit__lambda): Executable fingerprint (including data segments):a2faf2ce0762128844e7a122c148a8aece70b237d9b143ffa46b761ac2a0d991
I0909 12:30:16.334524    7159 isa_program_util_common.cc:380] (HLO module jit__lambda): Host transfer fingerprint:e3b0c44298fc1c149afbf4c8996fb92427ae41e4649b934ca495991b7852b855
I0909 12:30:16.334717    5880 deepsea_compiler_base.cc:1055] END_TO_END stage duration: 58.9641405ms
I0909 12:30:16.334738    5880 deepsea_compiler_base.cc:1056] Note that END_TO_END duration also includes time outside of HLO_PASSES, BACKEND_PASSES, and CODE_GENERATION
I0909 12:30:16.335217    5880 host_command_scheduler_factory.cc:1312] Created a HostCommandScheduler with 0 rules for module jit__lambda HostTransfers Fingerprint: 0.
I0909 12:30:16.335231    5880 megascale_context.cc:686] MegaScale ExecutableContext created for module: jit__lambda with DCN topology: go/debugstr    
I0909 12:30:16.339428    6560 megascale_context.cc:439] Destroying MegaScale PjrtExecutableContext: jit__lambda
W0909 12:30:16.352438    7161 tpu_spmd_partitioner.cc:460] Collective matmul V1 is enabled. Please consider migrating to V2 since V1 will be deprecated soon. You can enable V2 by setting xla_tpu_all_gather_collective_matmul_mode=post_spmd and xla_tpu_reduce_scatter_collective_matmul_mode=post_spmd.
I0909 12:30:16.359113    5880 deepsea_compiler_hlo_passes.cc:6406] xla_tpu_impure_hlo_parallel_compile is DISABLED. jit__identity_fn
I0909 12:30:16.362541    5880 latency_hiding_scheduler.cc:4420] [latency-hiding-scheduler] LatencyHidingScheduler current memory usage: 10816 bytes. Current limit: 96637838643
I0909 12:30:16.363030    5880 tpu_plumb_vmem_info.cc:677] scavenging_mode: 3 for module: jit__identity_fn
I0909 12:30:16.363528    5880 deepsea_compiler_hlo_passes.cc:6735] HLO_PASSES stage duration: 11.6594925ms
I0909 12:30:16.364818    6835 tpu_chip_config.cc:367] Resolved chip config alias default->megachip for 6acc60406, 
I0909 12:30:16.364962    6835 tpu_chip_config.cc:367] Resolved chip config alias default->megachip for 6acc60406, 
I0909 12:30:16.365138    6835 memory_space_assignment_util.cc:577] MSA Vmem breakdown: default scoped vmem (from flag): 33554432; does_msa_directly_allocate_scoped_vmem: T; bytes_for_msa_to_allocate: 67043328
I0909 12:30:16.390846    7163 deepsea_compiler_base.cc:4279] BACKEND_PASSES stage duration: 26.5702415ms
I0909 12:30:16.399262    7163 deepsea_compiler_backend.cc:1480] CODE_GENERATION stage duration: 8.35131425ms
I0909 12:30:16.399605    7163 isa_program_util_common.cc:373] (HLO module jit__identity_fn): Executable fingerprint:fd3b0d6bd150f631ee1516bdd9fe68433befc25b43e5ac8c1bf0647642d4a029
I0909 12:30:16.399608    7163 isa_program_util_common.cc:377] (HLO module jit__identity_fn): Executable fingerprint (including data segments):b4793e425396e7ab5df0b40c15a832140ecb3328718901424ce0f42c7f63731d
I0909 12:30:16.399610    7163 isa_program_util_common.cc:380] (HLO module jit__identity_fn): Host transfer fingerprint:f21887b8cd1a7de9f1745e6458df4dba74bea513f1593c4409ce2cd383777ca8
I0909 12:30:16.399769    5880 deepsea_compiler_base.cc:1055] END_TO_END stage duration: 50.2079175ms
I0909 12:30:16.399781    5880 deepsea_compiler_base.cc:1056] Note that END_TO_END duration also includes time outside of HLO_PASSES, BACKEND_PASSES, and CODE_GENERATION
I0909 12:30:16.400413    5880 megascale_context.cc:517] MegaScale DCNTopology fingerprint for: jit__identity_fn : 1688352644216761960 DevicesHash: 11843567257950195766 Topology: go/debugstr   
I0909 12:30:16.400578    5880 host_command_scheduler_factory.cc:1312] Created a HostCommandScheduler with 18 rules for module jit__identity_fn HostTransfers Fingerprint: 14547820116035419324.
I0909 12:30:16.400589    5880 megascale_context.cc:686] MegaScale ExecutableContext created for module: jit__identity_fn with DCN topology: go/debugstr    
I0909 12:30:16.403460    6657 megascale_context.cc:439] Destroying MegaScale PjrtExecutableContext: jit__lambda
W0909 12:30:16.420321    7167 tpu_spmd_partitioner.cc:460] Collective matmul V1 is enabled. Please consider migrating to V2 since V1 will be deprecated soon. You can enable V2 by setting xla_tpu_all_gather_collective_matmul_mode=post_spmd and xla_tpu_reduce_scatter_collective_matmul_mode=post_spmd.
I0909 12:30:16.426423    5880 deepsea_compiler_hlo_passes.cc:6406] xla_tpu_impure_hlo_parallel_compile is DISABLED. jit_op
I0909 12:30:16.428861    5880 latency_hiding_scheduler.cc:4420] [latency-hiding-scheduler] LatencyHidingScheduler current memory usage: 1610620992 bytes. Current limit: 95564271411
I0909 12:30:16.429305    5880 tpu_plumb_vmem_info.cc:677] scavenging_mode: 3 for module: jit_op
I0909 12:30:16.465628    5880 deepsea_compiler_hlo_passes.cc:6735] HLO_PASSES stage duration: 45.99345125ms
I0909 12:30:16.466841    6835 tpu_chip_config.cc:367] Resolved chip config alias default->megachip for 6acc60406, 
I0909 12:30:16.467013    6835 tpu_chip_config.cc:367] Resolved chip config alias default->megachip for 6acc60406, 
I0909 12:30:16.467216    6835 memory_space_assignment_util.cc:577] MSA Vmem breakdown: default scoped vmem (from flag): 33554432; does_msa_directly_allocate_scoped_vmem: T; bytes_for_msa_to_allocate: 67043328
I0909 12:30:16.556795    7171 deepsea_compiler_base.cc:4279] BACKEND_PASSES stage duration: 90.5060195ms
I0909 12:30:16.565659    7171 deepsea_compiler_backend.cc:1480] CODE_GENERATION stage duration: 8.772951ms
I0909 12:30:16.566096    7171 isa_program_util_common.cc:373] (HLO module jit_op): Executable fingerprint:0f2b665f05c3c4afe211f3c371efcab563df28a2ebf1e3fea485408c5722f8dc
I0909 12:30:16.566100    7171 isa_program_util_common.cc:377] (HLO module jit_op): Executable fingerprint (including data segments):86848f6f1a06a74bef5f269280dc370998aab50634976e92618a9f9f14091724
I0909 12:30:16.566102    7171 isa_program_util_common.cc:380] (HLO module jit_op): Host transfer fingerprint:294ab033fa7a89f4c4b5c51d8744fa6f4206e6d1d2d85c49c24e64e2b1444859
I0909 12:30:16.566343    5880 deepsea_compiler_base.cc:1055] END_TO_END stage duration: 149.461414ms
I0909 12:30:16.566366    5880 deepsea_compiler_base.cc:1056] Note that END_TO_END duration also includes time outside of HLO_PASSES, BACKEND_PASSES, and CODE_GENERATION
I0909 12:30:16.567360    5880 megascale_context.cc:517] MegaScale DCNTopology fingerprint for: jit_op : 1688352644216761960 DevicesHash: 8081921339993277715 Topology: go/debugstr   
I0909 12:30:16.570489    5880 host_command_scheduler_factory.cc:1312] Created a HostCommandScheduler with 36 rules for module jit_op HostTransfers Fingerprint: 12634255100403355191.
I0909 12:30:16.570787    5880 megascale_context.cc:686] MegaScale ExecutableContext created for module: jit_op with DCN topology: go/debugstr    
I0909 12:30:16.591529    6719 generic-stream-socket.h:1667] Cannot process timestamp for type=1 seq=33604387 time=2026-09-09T12:30:16.591308747+00:00
W0909 12:30:16.827579    6613 tpu_pjrt_client.cc:2333] PjRt execution dispatch was blocked for 241.210851ms because PjRt's max in-flight computation semaphore is full (limit: 32), which may negatively affect the performance
I0909 12:30:36.279599    6723 cachednslookup.cc:391] TTL not found in response, not caching response
I0909 12:31:18.146806    5880 megascale_context.cc:439] Destroying MegaScale PjrtExecutableContext: jit_op
MANUAL_AR_RESULT {"batch": 10, "benchmark": "manual_ar", "host_gbps_best": 330.5857505423792, "host_gbps_median": 312.7050930609688, "matrix_dim": 32768, "network_delta": {"cilium_host": {"rx_bytes": 0, "tx_bytes": 0}, "cilium_net": {"rx_bytes": 0, "tx_bytes": 0}, "docker0": {"rx_bytes": 0, "tx_bytes": 0}, "eth0": {"rx_bytes": 945365, "tx_bytes": 7845822}, "eth1": {"rx_bytes": 1209084008171, "tx_bytes": 1202889788968}, "eth2": {"rx_bytes": 1215144486814, "tx_bytes": 1208179633556}, "lo": {"rx_bytes": 4442297, "tx_bytes": 4442297}, "lxc7a46b7c617f2": {"rx_bytes": 3264318, "tx_bytes": 958421}, "lxc98965bb30804": {"rx_bytes": 20283, "tx_bytes": 111426}, "lxcc0f9da7fa3ad": {"rx_bytes": 28205, "tx_bytes": 4540}, "lxcee5710d8dac0": {"rx_bytes": 52081, "tx_bytes": 6756}, "lxceee434c5d682": {"rx_bytes": 1023, "tx_bytes": 21053}}, "participants_per_slice": 8, "reps": 8, "shard_bytes_per_device": 1073741824.0, "time_ms_all": [226.89122679876164, 215.3259647078812, 207.8718656906858, 210.9654861036688, 221.04130130028352, 218.47489629872143, 224.85945349326357, 234.32834000559524], "time_ms_best": 207.8718656906858, "time_ms_median": 219.75809879950248, "variant": "psum", "warmups": 200}
W0909 12:31:18.175260    7861 tpu_spmd_partitioner.cc:460] Collective matmul V1 is enabled. Please consider migrating to V2 since V1 will be deprecated soon. You can enable V2 by setting xla_tpu_all_gather_collective_matmul_mode=post_spmd and xla_tpu_reduce_scatter_collective_matmul_mode=post_spmd.
I0909 12:31:18.183764    5880 deepsea_compiler_hlo_passes.cc:6406] xla_tpu_impure_hlo_parallel_compile is DISABLED. jit_op
I0909 12:31:18.186146    5880 latency_hiding_scheduler.cc:4420] [latency-hiding-scheduler] LatencyHidingScheduler current memory usage: 1073750080 bytes. Current limit: 95564404531
I0909 12:31:18.186550    5880 tpu_plumb_vmem_info.cc:677] scavenging_mode: 3 for module: jit_op
I0909 12:31:18.208371    5880 deepsea_compiler_hlo_passes.cc:6735] HLO_PASSES stage duration: 33.91463375ms
I0909 12:31:18.209303    7087 tpu_chip_config.cc:367] Resolved chip config alias default->megachip for 6acc60406, 
I0909 12:31:18.209532    7087 tpu_chip_config.cc:367] Resolved chip config alias default->megachip for 6acc60406, 
I0909 12:31:18.209724    7087 memory_space_assignment_util.cc:577] MSA Vmem breakdown: default scoped vmem (from flag): 33554432; does_msa_directly_allocate_scoped_vmem: T; bytes_for_msa_to_allocate: 67043328
I0909 12:31:18.318821    7865 deepsea_compiler_base.cc:4279] BACKEND_PASSES stage duration: 109.9760115ms
I0909 12:31:18.326626    7865 deepsea_compiler_backend.cc:1480] CODE_GENERATION stage duration: 7.732555ms
I0909 12:31:18.327003    7865 isa_program_util_common.cc:373] (HLO module jit_op): Executable fingerprint:33a5a6d6f7cea468562f68254b4eb2b89053eb34e2e10125a401ef1c264018f8
I0909 12:31:18.327006    7865 isa_program_util_common.cc:377] (HLO module jit_op): Executable fingerprint (including data segments):63de7ca22133830a9ecf7d1576f6e0dc97cbc6a522ec2bae425e60708fe1b2d0
I0909 12:31:18.327008    7865 isa_program_util_common.cc:380] (HLO module jit_op): Host transfer fingerprint:c37db3d47c19d90e6b870bb79741e56a58ee0112318c32550eac3926e65c0ec8
I0909 12:31:18.327345    5880 deepsea_compiler_base.cc:1055] END_TO_END stage duration: 156.00373075ms
I0909 12:31:18.327366    5880 deepsea_compiler_base.cc:1056] Note that END_TO_END duration also includes time outside of HLO_PASSES, BACKEND_PASSES, and CODE_GENERATION
I0909 12:31:18.328027    5880 megascale_context.cc:517] MegaScale DCNTopology fingerprint for: jit_op : 1688352644216761960 DevicesHash: 8081921339993277715 Topology: go/debugstr   
I0909 12:31:18.330942    5880 host_command_scheduler_factory.cc:1312] Created a HostCommandScheduler with 18 rules for module jit_op HostTransfers Fingerprint: 158907515329715665.
I0909 12:31:18.331363    5880 megascale_context.cc:686] MegaScale ExecutableContext created for module: jit_op with DCN topology: go/debugstr    
W0909 12:31:18.346114    6626 grpc_transport.cc:1186] Too many pending sends: 128
W0909 12:31:18.554921    6619 tpu_pjrt_client.cc:2333] PjRt execution dispatch was blocked for 209.87669ms because PjRt's max in-flight computation semaphore is full (limit: 32), which may negatively affect the performance
W0909 12:31:19.507809    7200 block_allocator.cc:240] Allocator almost full. Allocator Stats. Total: 17179869184 Free: 4288135168 Peak: 0
Outstanding :: 8192: 0 32768: 0 16384: 2 1024: 8 34603008: 0 33554432: 0 65536: 0 9437184: 0 8388608: 556 
Free :: 8388608: 0 65536: 3 1024: 8 16384: 6 32768: 4 8192: 8 34603008: 64 33554432: 148 9437184: 110 
W0909 12:31:28.346139    7198 grpc_transport.cc:1186] Too many pending sends: 399
W0909 12:31:38.438667    7938 grpc_transport.cc:1186] Too many pending sends: 128
W0909 12:31:48.512224    8110 grpc_transport.cc:1186] Too many pending sends: 128
W0909 12:31:58.512274    7947 grpc_transport.cc:1186] Too many pending sends: 806
W0909 12:32:08.560275    7285 grpc_transport.cc:1186] Too many pending sends: 128
W0909 12:32:18.594853    7906 grpc_transport.cc:1186] Too many pending sends: 128
I0909 12:32:28.395957    5880 megascale_context.cc:439] Destroying MegaScale PjrtExecutableContext: jit_op
MANUAL_AR_RESULT {"batch": 10, "benchmark": "manual_ar", "host_gbps_best": 267.9550924965307, "host_gbps_median": 260.36925522143514, "matrix_dim": 32768, "network_delta": {"cilium_host": {"rx_bytes": 0, "tx_bytes": 0}, "cilium_net": {"rx_bytes": 0, "tx_bytes": 0}, "docker0": {"rx_bytes": 0, "tx_bytes": 0}, "eth0": {"rx_bytes": 1050280, "tx_bytes": 6413075}, "eth1": {"rx_bytes": 1212438477165, "tx_bytes": 1215029885603}, "eth2": {"rx_bytes": 1212461500632, "tx_bytes": 1199033874854}, "lo": {"rx_bytes": 7230051, "tx_bytes": 7230051}, "lxc7a46b7c617f2": {"rx_bytes": 2255453, "tx_bytes": 764515}, "lxc98965bb30804": {"rx_bytes": 19473, "tx_bytes": 111473}, "lxcc0f9da7fa3ad": {"rx_bytes": 28492, "tx_bytes": 4718}, "lxcee5710d8dac0": {"rx_bytes": 35797, "tx_bytes": 7233}, "lxceee434c5d682": {"rx_bytes": 804, "tx_bytes": 20990}}, "participants_per_slice": 8, "reps": 8, "shard_bytes_per_device": 1073741824.0, "time_ms_all": [256.4589315908961, 257.1893014013767, 269.8427630937658, 266.1273431032896, 268.0225398042239, 266.4318697992712, 261.73434070078656, 261.04867149842903], "time_ms_best": 256.4589315908961, "time_ms_median": 263.9308419020381, "variant": "exchange_add", "warmups": 200}
MANUAL_AR_SUMMARY {"exchange_add@32768": 268.0, "psum@32768": 330.6}
I0909 12:32:28.404906    5880 megascale_context.cc:439] Destroying MegaScale PjrtExecutableContext: jit__identity_fn
W0909 12:32:28.408299    6849 pjrt_client.h:601] UpdateGlobalProcessInfo is not supported.
I0909 12:32:28.437248    5880 allocator_stats_reporter.cc:147] Stopping AllocatorStatsReporter. Reporting one last time first.
I0909 12:32:28.437736    6603 tpu_diagnostic_coordinator.cc:565] TpuStallWorker thread exiting.
I0909 12:32:28.567536    5880 tpunetd_client.cc:431] Session master stopping the session...
I0909 12:32:28.567857    6835 session_worker_service.cc:115] Session master notifies the worker to disconnect from session 6efd19cbd9feca88
I0909 12:32:28.567946    5880 tpunetd_client.cc:433] Session master stopped the session.
I0909 12:32:28.567963    5880 tpunetd_client.cc:438] Session manager stopping the session...
I0909 12:32:28.672312    5880 tpunetd_client.cc:440] Session manager stopped the session.
I0909 12:32:33.310945    8238 async_driver.cc:1178] [/dev/vfio/1 tpu662:pe0:3] vf_id:0 Driver closed.
I0909 12:32:33.410137    8256 async_driver.cc:1178] [/dev/vfio/5 tpu662:pe0:1] vf_id:0 Driver closed.
I0909 12:32:33.696320    5979 async_driver.cc:1178] [/dev/vfio/4 tpu662:pe0:0] vf_id:0 Driver closed.
I0909 12:32:33.795487    7797 async_driver.cc:1178] [/dev/vfio/6 tpu662:pe0:2] vf_id:0 Driver closed.
I0909 12:32:33.797850    8238 megascale_context.cc:439] Destroying MegaScale PjrtExecutableContext: jit__identity_fn
I0909 12:32:33.797933    8238 megascale_context.cc:1131] Destroying MegaScale PjrtClientContext.
MC_CONFIG_END name=mrss32 pass=1
MC_CONFIG_BEGIN name=both16 pass=1 port=1304 flags=--xla_tpu_use_megascale_host_reduction=false --megascale_max_reduction_shard_size=16777216 --megascale_chunk_size=16777216
ERROR: Accessing retired flag 'eventmanager2_as_default_eventmanager'
I0909 12:32:43.005505    8499 b295d63588a.cc:792] Linux version 6.12.94+ (builder@b181c7a13d4c) (Chromium OS 17.0_pre498229-r33 clang version 17.0.0 (/mnt/host/source/src/third_party/llvm-project 14f0776550b5a49e1c42f49a00213f7f3fa047bf), LLD 17.0.0) #1 SMP Mon Jul 27 22:05:55 UTC 2026
I0909 12:32:43.005738    8499 b295d63588a.cc:876] Process id 8499
I0909 12:32:43.005751    8499 b295d63588a.cc:882] Current working directory /jax-ai-image
I0909 12:32:43.005755    8499 b295d63588a.cc:885] Current timezone is UTC (currently UTC +00:00)
I0909 12:32:43.005758    8499 b295d63588a.cc:890] Built on Dec 31 1969 16:00:00 (0)
I0909 12:32:43.005759    8499 b295d63588a.cc:891]  at redacted@redacted:.
I0909 12:32:43.005760    8499 b295d63588a.cc:892]  as //learning/45eac/tfrc/executor:_libtpu.so.native
I0909 12:32:43.005761    8499 b295d63588a.cc:893]  for gcc-4.X.Y-crosstool-v18-llvm-grtev4-k8.k8
I0909 12:32:43.005763    8499 b295d63588a.cc:902] Build tool: redacted
I0909 12:32:43.005764    8499 b295d63588a.cc:903] Build target: 
I0909 12:32:43.005769    8499 b295d63588a.cc:911] Command line arguments:
I0909 12:32:43.005771    8499 b295d63588a.cc:913] argv[0]: './tpu_driver'
I0909 12:32:43.005773    8499 b295d63588a.cc:913] argv[1]: '--minloglevel=0'
I0909 12:32:43.005775    8499 b295d63588a.cc:913] argv[2]: '--stderrthreshold=0'
I0909 12:32:43.005776    8499 b295d63588a.cc:913] argv[3]: '--v=0'
I0909 12:32:43.005778    8499 b295d63588a.cc:913] argv[4]: '--vmodule='
I0909 12:32:43.005779    8499 b295d63588a.cc:913] argv[5]: '--log_dir=/tmp/tpu_logs/benchmark'
I0909 12:32:43.005780    8499 b295d63588a.cc:913] argv[6]: '--max_log_size=1024'
I0909 12:32:43.005782    8499 b295d63588a.cc:913] argv[7]: '--deepsea_hal_included_devs=3,0,1,2'
I0909 12:32:43.005783    8499 b295d63588a.cc:913] argv[8]: '--megascale_transport_numa_node=0,1'
I0909 12:32:43.005785    8499 b295d63588a.cc:913] argv[9]: '--next_pluggable_device_use_c_api=0'
I0909 12:32:43.005787    8499 b295d63588a.cc:913] argv[10]: '--deepsea_wrap=false,false,false'
I0909 12:32:43.005788    8499 b295d63588a.cc:913] argv[11]: '--deepsea_twist=false'
I0909 12:32:43.005790    8499 b295d63588a.cc:913] argv[12]: '--deepsea_chip_config_name=default'
I0909 12:32:43.005791    8499 b295d63588a.cc:913] argv[13]: '--deepsea_chips_per_host_bounds=2,2,1'
I0909 12:32:43.005792    8499 b295d63588a.cc:913] argv[14]: '--deepsea_host_bounds=1,1,1'
I0909 12:32:43.005794    8499 b295d63588a.cc:913] argv[15]: '--deepsea_slice_builder_worker_port=8471'
I0909 12:32:43.005795    8499 b295d63588a.cc:913] argv[16]: '--deepsea_slice_builder_worker_addresses=dcn-mc3-slice-0-0.dcn-mc3:8471'
I0909 12:32:43.005796    8499 b295d63588a.cc:913] argv[17]: '--tpu_slice_builder_dump_chip=false'
I0909 12:32:43.005798    8499 b295d63588a.cc:913] argv[18]: '--tpu_slice_builder_dump_chip_force=false'
I0909 12:32:43.005799    8499 b295d63588a.cc:913] argv[19]: '--tpu_slice_builder_dump_to_localhost=1'
I0909 12:32:43.005800    8499 b295d63588a.cc:913] argv[20]: '--vbar_control_service_url=unix:///var/run/tpu-plugin/vbar.sock'
I0909 12:32:43.005802    8499 b295d63588a.cc:913] argv[21]: '--bypass_vbar_control_service=0'
I0909 12:32:43.005803    8499 b295d63588a.cc:913] argv[22]: '--deepsea_ici_resilient=false'
I0909 12:32:43.005804    8499 b295d63588a.cc:913] argv[23]: '--xla_tpu_use_resilient_collective_emitter=false'
I0909 12:32:43.005806    8499 b295d63588a.cc:913] argv[24]: '--tpu_slice_builder_topology_discovery_fault_injection='
I0909 12:32:43.005807    8499 b295d63588a.cc:913] argv[25]: '--runtime_metric_service_port=8431'
I0909 12:32:43.005808    8499 b295d63588a.cc:913] argv[26]: '--tpu_hbm_report_enable=1'
I0909 12:32:43.005810    8499 b295d63588a.cc:913] argv[27]: '--tpu_hbm_report_frequency=5s'
I0909 12:32:43.005811    8499 b295d63588a.cc:913] argv[28]: '--megascale_coordinator_address=dcn-mc3-slice-0-0.dcn-mc3:8081'
I0909 12:32:43.005812    8499 b295d63588a.cc:913] argv[29]: '--megascale_slice_id=0'
I0909 12:32:43.005814    8499 b295d63588a.cc:913] argv[30]: '--megascale_num_slices=2'
I0909 12:32:43.005815    8499 b295d63588a.cc:913] argv[31]: '--megascale_transport_type=grpc'
I0909 12:32:43.005816    8499 b295d63588a.cc:913] argv[32]: '--megascale_port=8081'
I0909 12:32:43.005817    8499 b295d63588a.cc:913] argv[33]: '--megascale_use_insecure_grpc'
I0909 12:32:43.005819    8499 b295d63588a.cc:913] argv[34]: '--megascale_grpc_use_chaotic_good=true'
I0909 12:32:43.005824    8499 b295d63588a.cc:913] argv[35]: '--megascale_grpc_use_event_engine_allocator=true'
I0909 12:32:43.005825    8499 b295d63588a.cc:913] argv[36]: '--grpc_enable_tcp_recv_zerocopy=false'
I0909 12:32:43.005826    8499 b295d63588a.cc:913] argv[37]: '--grpc_enable_rpc_receive_coalescing=true'
I0909 12:32:43.005827    8499 b295d63588a.cc:913] argv[38]: '--megascale_grpc_enable_numa_aware_transmit=true'
I0909 12:32:43.005829    8499 b295d63588a.cc:913] argv[39]: '--megascale_grpc_use_numa_aware_event_engine=true'
I0909 12:32:43.005830    8499 b295d63588a.cc:913] argv[40]: '--megascale_debug_port=8081'
I0909 12:32:43.005831    8499 b295d63588a.cc:913] argv[41]: '--eventmanager2_as_default_eventmanager'
I0909 12:32:43.005832    8499 b295d63588a.cc:913] argv[42]: '--eventmanager2_default_autosizer=mean_latency'
I0909 12:32:43.005833    8499 b295d63588a.cc:913] argv[43]: '--megascale_grpc_enable_xor_tracer=true'
I0909 12:32:43.005835    8499 b295d63588a.cc:913] argv[44]: '--xor_trace_sampling_period=100'
I0909 12:32:43.005836    8499 b295d63588a.cc:913] argv[45]: '--rpc_transport_metrics_period=20'
I0909 12:32:43.005837    8499 b295d63588a.cc:913] argv[46]: '--grpc_experiments=event_engine_client,chaotic_good_framing_layer,tcp_rcv_lowat,instrument_tcp_telemetry,event_engine_listener,use_call_event_engine_in_completion_queue'
I0909 12:32:43.005839    8499 b295d63588a.cc:913] argv[47]: '--enable_runtime_uptime_telemetry=true'
I0909 12:32:43.005840    8499 b295d63588a.cc:913] argv[48]: '--xla_tpu_use_megascale_host_reduction=false'
I0909 12:32:43.005841    8499 b295d63588a.cc:913] argv[49]: '--megascale_max_reduction_shard_size=16777216'
I0909 12:32:43.005842    8499 b295d63588a.cc:913] argv[50]: '--megascale_chunk_size=16777216'
I0909 12:32:43.005843    8499 b295d63588a.cc:913] argv[51]: '--xla_tpu_use_enhanced_launch_barrier=true'
I0909 12:32:43.005845    8499 b295d63588a.cc:913] argv[52]: '--xla_tpu_prefer_async_allgather_to_allreduce=true'
I0909 12:32:43.005846    8499 b295d63588a.cc:913] argv[53]: '--xla_tpu_data_parallel_opt_different_sized_ops=true'
I0909 12:32:43.005847    8499 b295d63588a.cc:913] argv[54]: '--xla_tpu_enable_data_parallel_all_reduce_opt=true'
I0909 12:32:43.005848    8499 b295d63588a.cc:913] argv[55]: '--megascale_coordinator_address=dcn-mc3-slice-0-0.dcn-mc3:8081'
I0909 12:32:43.005850    8499 b295d63588a.cc:913] argv[56]: '--megascale_slice_id=0'
I0909 12:32:43.005851    8499 b295d63588a.cc:913] argv[57]: '--megascale_num_slices=2'
I0909 12:32:43.005852    8499 b295d63588a.cc:913] argv[58]: '--megascale_transport_type=grpc'
I0909 12:32:43.005854    8499 b295d63588a.cc:913] argv[59]: '--megascale_port=8081'
I0909 12:32:43.005855    8499 b295d63588a.cc:913] argv[60]: '--megascale_use_insecure_grpc'
I0909 12:32:43.005856    8499 b295d63588a.cc:913] argv[61]: '--megascale_grpc_interface_prefixes=eth1,eth2,lo'
I0909 12:32:43.006028    8499 init.cc:78] Remote crash gathering hook installed.
I0909 12:32:43.036386    8499 tpu_runtime_type_flags.cc:78] --tpu_use_tfrt not specified. Using default value: true
I0909 12:32:43.036474    8499 host_command_handler_factory.cc:31] Skipping registration of host command handler for opcode Log because it is not in the allowlist.
I0909 12:32:43.036493    8499 tpu_hal.cc:467] Registered plugin from module: megascale_sync_flag_logger
I0909 12:32:43.038467    8499 tpu_hal.cc:467] Registered plugin from module: RuntimeMetricHelper
E0909 12:32:43.038488    8499 autosizer.cc:43] mean_latency is deprecated. Please remove this setting.
I0909 12:32:43.040873    8499 logger.cc:308] Enabling threaded logging for severity WARNING
I0909 12:32:43.040905    8499 tpu_hal.cc:467] Registered plugin from module: sdc_checker_callback
I0909 12:32:43.041546    8499 mlock.cc:220] mlock()-ed 4096 bytes for BuildID, using 1 syscalls.
I0909 12:32:43.041595    8499 debug_manager.cc:266] Registering error handler with name: libtpu_telemetry_handler
I0909 12:32:43.055603    8499 singleton_tpu_states_manager.cc:86] TPU premapped buffer enabled. Size: 4294967296 Threshold: 4294967296 Partitions: 1
I0909 12:32:43.055617    8499 singleton_tpu_states_manager.cc:110] TpuStatesManager::GetOrCreate(): no tpu system exists. Creating a new tpu system.
I0909 12:32:43.062089    8499 device_util.cc:89] Found 4 TPU7x chips.
I0909 12:32:43.062105    8499 tpu_version_flag.cc:77] Using auto-detected TPU version TPU7x
I0909 12:32:43.077816    8499 tpu_chip_config.cc:367] Resolved chip config alias default->megachip for 6acc60406, 
I0909 12:32:43.078064    8499 pending_event_logger.cc:1003] Enabling PjRt/TPU event dependency logging.
I0909 12:32:43.083450    8874 flags_util.cc:316] Using 8471 from --deepsea_slice_builder_worker_port as SliceBuilder worker service port.
I0909 12:32:43.087399    8874 tpu_network_factory.cc:67] Running in Cloud, using TpunetdClient
I0909 12:32:43.087419    8874 tpunetd_client.cc:163] Creating TpunetdClient with topology go/debugonly    
x_dimension: 2
y_dimension: 2
z_dimension: 1
x_wrapping: false
y_wrapping: false
z_wrapping: false
I0909 12:32:43.094929    8874 init-domain.cc:132] Fiber init: default domain = futex, concurrency = 246, prefix = futex-default
I0909 12:32:44.934912    8879 async_driver.cc:485] [/dev/vfio/6 tpu662:pe0:2] vf_id:0 Driver opened.
I0909 12:32:44.979408    8878 async_driver.cc:485] [/dev/vfio/5 tpu662:pe0:1] vf_id:0 Driver opened.
I0909 12:32:44.980730    8877 async_driver.cc:485] [/dev/vfio/4 tpu662:pe0:0] vf_id:0 Driver opened.
I0909 12:32:44.983291    8876 futex.cc:71] RAW: Futex::Swap(): using GFUTEX_SWAP
I0909 12:32:45.000115    8879 tpu_vxc_driver.cc:967] Throttled firmware queue size configured to 223(Firmware queue size: 256, leaving 32 for misc purposes).
I0909 12:32:45.075686    8878 tpu_vxc_driver.cc:967] Throttled firmware queue size configured to 223(Firmware queue size: 256, leaving 32 for misc purposes).
I0909 12:32:45.093523    8880 async_driver.cc:485] [/dev/vfio/1 tpu662:pe0:3] vf_id:0 Driver opened.
I0909 12:32:45.093664    8877 tpu_vxc_driver.cc:967] Throttled firmware queue size configured to 223(Firmware queue size: 256, leaving 32 for misc purposes).
I0909 12:32:45.122058    8880 tpu_vxc_driver.cc:967] Throttled firmware queue size configured to 223(Firmware queue size: 256, leaving 32 for misc purposes).
I0909 12:32:45.122463    8879 async_driver.cc:1843] All cores supported.
I0909 12:32:45.125127    8878 async_driver.cc:1843] All cores supported.
I0909 12:32:45.128006    8877 async_driver.cc:1843] All cores supported.
I0909 12:32:45.130938    8880 async_driver.cc:1843] All cores supported.
I0909 12:32:45.130992    8874 tpunetd_client.cc:338] Connecting to vbar control service at unix:///var/run/tpu-plugin/vbar.sock
I0909 12:32:45.131072    8874 config.cc:265] gRPC experiments: instrument_tcp_telemetry:on, tcp_rcv_lowat:on, use_call_event_engine_in_completion_queue:on; default-enabled: buffer_list_deletion_prep, cache_loas_context_in_connection_context, call_tracer_send_initial_metadata_is_an_annotation, callv3_batch_validation, callv3_ef5bb7_client, callv3_ef5bb7_server, chaotic_good_framing_layer, chaotic_good_send_supported_features, custom_frame_check, directpath_rpc_header_sanitization_filter, ef5bb7_global_family_cache, event_engine_callback_cq, event_engine_client, event_engine_listener, header_data_frame, inproc_cancel_stream, message_size_refactoring, monitoring_experiment, optimization_01, optimization_02, optimization_03, optimization_04, ph2_perf_01, promise_batch_cleanup_on_cancel, promise_filter_send_cancel_metadata, psp_tsi_handshaker_shutdown, skip_clear_peer_on_cancellation, tsi_frame_protector_without_locks, v2_non_owning_waker_implementation, verbose_channelz_connection_logging, wildcard_ip_expansion_restriction, xds_server_filter_chain_per_route
I0909 12:32:45.136152    8874 tpunetd_client.cc:289] Session manager starting a new session...
I0909 12:32:45.240619    8874 vbar_control.cc:201] TPU backend connection test passed! 
I0909 12:32:45.446132    8874 tpunetd_client.cc:291] Session manager started the new session.
I0909 12:32:45.446147    8874 tpunetd_client.cc:295] Session master starting a new session...
I0909 12:32:45.446150    8874 session_master.cc:263] Starting a new ICI network session...
I0909 12:32:45.446250    8876 session_worker_service.cc:110] Session master notifies the worker in a new session: 94cf898ec7d83642
I0909 12:32:45.550828    8874 session_master.cc:307] Successfully started ICI network session with session id: 94cf898ec7d83642
I0909 12:32:45.550890    8874 tpunetd_client.cc:297] Session master started the new session.
I0909 12:32:45.555918    8874 tpu_hal.cc:209] Starting premapped memory manager initialization...
W0909 12:32:45.559077    8879 libtpu_telemetry_utils.cc:44] Metric already exists: hlo.execution.timing.distribution.microseconds
W0909 12:32:45.559092    8879 libtpu_telemetry_utils.cc:44] Metric already exists: hlo.queue.size.gauge
W0909 12:32:45.559084    8880 libtpu_telemetry_utils.cc:44] Metric already exists: hlo.execution.timing.distribution.microseconds
W0909 12:32:45.559089    8878 libtpu_telemetry_utils.cc:44] Metric already exists: hlo.execution.timing.distribution.microseconds
W0909 12:32:45.559099    8880 libtpu_telemetry_utils.cc:44] Metric already exists: hlo.queue.size.gauge
W0909 12:32:45.559103    8878 libtpu_telemetry_utils.cc:44] Metric already exists: hlo.queue.size.gauge
W0909 12:32:45.560453    8877 libtpu_telemetry_utils.cc:44] Metric already exists: hlo.execution.timing.distribution.microseconds
W0909 12:32:45.560474    8877 libtpu_telemetry_utils.cc:44] Metric already exists: hlo.queue.size.gauge
W0909 12:32:45.560514    8879 libtpu_telemetry_utils.cc:44] Metric already exists: hlo.execution.timing.distribution.microseconds
W0909 12:32:45.560515    8878 libtpu_telemetry_utils.cc:44] Metric already exists: hlo.execution.timing.distribution.microseconds
W0909 12:32:45.560529    8879 libtpu_telemetry_utils.cc:44] Metric already exists: hlo.queue.size.gauge
W0909 12:32:45.560531    8878 libtpu_telemetry_utils.cc:44] Metric already exists: hlo.queue.size.gauge
W0909 12:32:45.560574    8880 libtpu_telemetry_utils.cc:44] Metric already exists: hlo.execution.timing.distribution.microseconds
W0909 12:32:45.560590    8880 libtpu_telemetry_utils.cc:44] Metric already exists: hlo.queue.size.gauge
I0909 12:32:47.909475    8874 runtime_metric_service.cc:197] Successfully started Runtime Metric Service on port: 8431
I0909 12:32:47.909641    8874 system.cc:1112] tpu::System initialized, current host id: 0, logical device ids: 0,1,2,3,4,5,6,7
I0909 12:32:47.909696    8499 tpu_system_state.cc:224] CreateTpuSystemState: TPU initialization is successful and it took 4.831622173s
I0909 12:32:47.909721    8499 tpu_system_state.cc:228] CreateTpuSystemState: using TPU host premapped buffer of size: 4294967296
I0909 12:32:47.909736    8499 tpu_host_allocator.cc:68] Premapped buffer is using alignment 64
I0909 12:32:47.910296    8499 tpu_linearizer.cc:104] Inflight linearization byte limit configured to : 1099511627776
I0909 12:32:47.910304    8499 tpu_linearizer.cc:118] Inflight delinearization byte limit configured to : 1099511627776
I0909 12:32:47.910498    9223 tpu_diagnostic_coordinator.cc:610] TpuDiagnosticCoordinator listening on socket /tmp/tpu_diag_trigger_8499.socket (symlinked at /tmp/tpu_diag_latest.socket)
I0909 12:32:47.910776    8499 allocator_stats_reporter.cc:117] Starting AllocatorStats Reporter with reporting interval: 5s
I0909 12:32:47.910803    8499 megascale_context.cc:969] Using shared executor for compute since we are running on 6acc60406.
W0909 12:32:47.910809    8499 impairments_service.cc:60] Resetting impairments.
I0909 12:32:47.910826    8499 numa_utils.cc:43] Available NUMA node in this process: 0,1
E0909 12:32:47.910910    8499 autosizer.cc:43] mean_latency is deprecated. Please remove this setting.
E0909 12:32:47.913601    8499 autosizer.cc:43] mean_latency is deprecated. Please remove this setting.
I0909 12:32:47.916059    8499 flags.cc:231] The actual send_rpc_timeout is set to: 45s. Adjusted from the original send_rpc_timeout: 45s, graph_hang_threshold: 5m, graph_within_launch_hang_threshold: 1m
I0909 12:32:47.916077    8499 numa_aware_allocator.cc:60] Creating numa aware allocators, number of NUMA nodes is 2
I0909 12:32:47.916081    8499 numa_aware_allocator.cc:63] Creating numa aware allocator for NUMA nodes 0
I0909 12:32:47.916101    8499 communication_backend.cc:300] Done allocating premapped memory of size 17179869184 bytes in 18.334us
I0909 12:32:47.916106    8499 numa_aware_allocator.cc:76] Binding memory address 0x7d298bfff000 with NUMA node mask 1
I0909 12:33:00.227583    8499 communication_backend.cc:310] Done premapping memory of size 17179869184 bytes in 12.310238335s
I0909 12:33:00.227628    8499 numa_aware_allocator.cc:63] Creating numa aware allocator for NUMA nodes 1
I0909 12:33:00.227658    8499 communication_backend.cc:300] Done allocating premapped memory of size 17179869184 bytes in 26.712us
I0909 12:33:00.227663    8499 numa_aware_allocator.cc:76] Binding memory address 0x7d258bffd000 with NUMA node mask 2
I0909 12:33:13.133999    8499 communication_backend.cc:310] Done premapping memory of size 17179869184 bytes in 12.905487321s
I0909 12:33:13.134042    8499 communication_backend.cc:375] Preallocated 17179869184 bytes with Megascale allocator.
I0909 12:33:13.134066    8499 eigen_compute_engine.cc:333] Creating EigenComputeEngine with options: {executor = 0x560ddad0a750, force_use_shared_executor = true, num_cores_per_device = 16}
I0909 12:33:13.134278    8596 communication_backend.cc:1179] Initializing MegaScale transport.
E0909 12:33:13.134339    8596 autosizer.cc:43] mean_latency is deprecated. Please remove this setting.
E0909 12:33:13.134544    8499 autosizer.cc:43] mean_latency is deprecated. Please remove this setting.
E0909 12:33:13.137810    8596 autosizer.cc:43] mean_latency is deprecated. Please remove this setting.
E0909 12:33:13.138226    8499 autosizer.cc:43] mean_latency is deprecated. Please remove this setting.
E0909 12:33:13.140272    8596 autosizer.cc:43] mean_latency is deprecated. Please remove this setting.
I0909 12:33:13.167210    8596 grpc_transport.cc:2407] Create GrpcTransport with LIBTPU_ON_GCE.
I0909 12:33:13.167265    8596 transport.cc:862] Using IP addresses for interface discovery.
I0909 12:33:13.167269    8596 transport.cc:757] Could not read interface to NUMA node map from env variables, falling back to reading from file system.
E0909 12:33:13.167307    8499 autosizer.cc:43] mean_latency is deprecated. Please remove this setting.
I0909 12:33:13.167408    8596 transport.cc:723] Could not read filename /sys/class/net/cilium_host/device/numa_node with status Stat failed for /sys/class/net/cilium_host/device/numa_node: No such file or directory
I0909 12:33:13.167419    8596 transport.cc:723] Could not read filename /sys/class/net/cilium_net/device/numa_node with status Stat failed for /sys/class/net/cilium_net/device/numa_node: No such file or directory
I0909 12:33:13.167425    8596 transport.cc:723] Could not read filename /sys/class/net/docker0/device/numa_node with status Stat failed for /sys/class/net/docker0/device/numa_node: No such file or directory
I0909 12:33:13.168062    8596 transport.cc:723] Could not read filename /sys/class/net/lo/device/numa_node with status Stat failed for /sys/class/net/lo/device/numa_node: No such file or directory
I0909 12:33:13.168069    8596 transport.cc:723] Could not read filename /sys/class/net/lxc7a46b7c617f2/device/numa_node with status Stat failed for /sys/class/net/lxc7a46b7c617f2/device/numa_node: No such file or directory
I0909 12:33:13.168074    8596 transport.cc:723] Could not read filename /sys/class/net/lxc98965bb30804/device/numa_node with status Stat failed for /sys/class/net/lxc98965bb30804/device/numa_node: No such file or directory
I0909 12:33:13.168080    8596 transport.cc:723] Could not read filename /sys/class/net/lxcc0f9da7fa3ad/device/numa_node with status Stat failed for /sys/class/net/lxcc0f9da7fa3ad/device/numa_node: No such file or directory
I0909 12:33:13.168085    8596 transport.cc:723] Could not read filename /sys/class/net/lxcee5710d8dac0/device/numa_node with status Stat failed for /sys/class/net/lxcee5710d8dac0/device/numa_node: No such file or directory
I0909 12:33:13.168091    8596 transport.cc:723] Could not read filename /sys/class/net/lxceee434c5d682/device/numa_node with status Stat failed for /sys/class/net/lxceee434c5d682/device/numa_node: No such file or directory
I0909 12:33:13.168092    8596 transport.cc:734] Interfaces on available NUMA nodes: [{"eth1", 0}, {"eth0", 0}, {"eth2", 1}]
I0909 12:33:13.168114    8596 transport.cc:761] Interfaces corresponding to process' NUMA nodes: [[{"eth1", 0}, {"eth2", 1}, {"eth0", 0}]]
I0909 12:33:13.168838    8596 transport.cc:773] Interface eth0 will not be used as it does not start with one of the prefixes: eth1,eth2,lo
I0909 12:33:13.168847    8596 transport.cc:773] Interface docker0 will not be used as it does not start with one of the prefixes: eth1,eth2,lo
I0909 12:33:13.168848    8596 transport.cc:773] Interface lxceee434c5d682 will not be used as it does not start with one of the prefixes: eth1,eth2,lo
I0909 12:33:13.168850    8596 transport.cc:773] Interface cilium_net will not be used as it does not start with one of the prefixes: eth1,eth2,lo
I0909 12:33:13.168851    8596 transport.cc:773] Interface cilium_host will not be used as it does not start with one of the prefixes: eth1,eth2,lo
I0909 12:33:13.168852    8596 transport.cc:773] Interface lxc98965bb30804 will not be used as it does not start with one of the prefixes: eth1,eth2,lo
I0909 12:33:13.168853    8596 transport.cc:773] Interface lxc7a46b7c617f2 will not be used as it does not start with one of the prefixes: eth1,eth2,lo
I0909 12:33:13.168854    8596 transport.cc:773] Interface lxcc0f9da7fa3ad will not be used as it does not start with one of the prefixes: eth1,eth2,lo
I0909 12:33:13.168855    8596 transport.cc:773] Interface lxcee5710d8dac0 will not be used as it does not start with one of the prefixes: eth1,eth2,lo
I0909 12:33:13.168858    8596 transport.cc:773] Interface eth0 will not be used as it does not start with one of the prefixes: eth1,eth2,lo
I0909 12:33:13.168905    8596 transport.cc:819] Added IP address 10.240.96.10:8081 on network interface eth1
I0909 12:33:13.168910    8596 transport.cc:819] Added IP address 10.240.48.10:8081 on network interface eth2
I0909 12:33:13.168911    8596 transport.cc:773] Interface docker0 will not be used as it does not start with one of the prefixes: eth1,eth2,lo
I0909 12:33:13.168913    8596 transport.cc:773] Interface lxceee434c5d682 will not be used as it does not start with one of the prefixes: eth1,eth2,lo
I0909 12:33:13.168914    8596 transport.cc:773] Interface cilium_host will not be used as it does not start with one of the prefixes: eth1,eth2,lo
I0909 12:33:13.168915    8596 transport.cc:773] Interface lxc98965bb30804 will not be used as it does not start with one of the prefixes: eth1,eth2,lo
I0909 12:33:13.168916    8596 transport.cc:773] Interface lxc7a46b7c617f2 will not be used as it does not start with one of the prefixes: eth1,eth2,lo
I0909 12:33:13.168917    8596 transport.cc:773] Interface lxcc0f9da7fa3ad will not be used as it does not start with one of the prefixes: eth1,eth2,lo
I0909 12:33:13.168918    8596 transport.cc:773] Interface lxcee5710d8dac0 will not be used as it does not start with one of the prefixes: eth1,eth2,lo
I0909 12:33:13.168919    8596 transport.cc:773] Interface eth0 will not be used as it does not start with one of the prefixes: eth1,eth2,lo
I0909 12:33:13.168921    8596 transport.cc:773] Interface lxceee434c5d682 will not be used as it does not start with one of the prefixes: eth1,eth2,lo
I0909 12:33:13.168922    8596 transport.cc:773] Interface cilium_net will not be used as it does not start with one of the prefixes: eth1,eth2,lo
I0909 12:33:13.168923    8596 transport.cc:773] Interface cilium_host will not be used as it does not start with one of the prefixes: eth1,eth2,lo
I0909 12:33:13.168925    8596 transport.cc:773] Interface lxc98965bb30804 will not be used as it does not start with one of the prefixes: eth1,eth2,lo
I0909 12:33:13.168926    8596 transport.cc:773] Interface lxc7a46b7c617f2 will not be used as it does not start with one of the prefixes: eth1,eth2,lo
I0909 12:33:13.168927    8596 transport.cc:773] Interface lxcc0f9da7fa3ad will not be used as it does not start with one of the prefixes: eth1,eth2,lo
I0909 12:33:13.168929    8596 transport.cc:773] Interface lxcee5710d8dac0 will not be used as it does not start with one of the prefixes: eth1,eth2,lo
I0909 12:33:13.168937    8596 grpc_transport.cc:2332] Creating gRPC server on: 10.240.96.10:8081eth1
I0909 12:33:13.168952    8596 grpc_transport.cc:2348] Creating gRPC server with event engine allocator (chaotic good).
I0909 12:33:13.168962    8596 grpc_transport.cc:2365] Starting gRPC server on: 10.240.96.10:8081
I0909 12:33:13.169611    8596 grpc_transport.cc:2332] Creating gRPC server on: 10.240.48.10:8081eth2
I0909 12:33:13.169637    8596 grpc_transport.cc:2348] Creating gRPC server with event engine allocator (chaotic good).
I0909 12:33:13.169641    8596 grpc_transport.cc:2365] Starting gRPC server on: 10.240.48.10:8081
E0909 12:33:13.169691    8499 autosizer.cc:43] mean_latency is deprecated. Please remove this setting.
I0909 12:33:13.169880    8596 communication_backend.cc:1290] MegaScale transport initialized.
I0909 12:33:13.169892    8596 communication_backend.cc:1489] MegaScale transport init succeeded.
E0909 12:33:13.172409    8499 autosizer.cc:43] mean_latency is deprecated. Please remove this setting.
E0909 12:33:13.175503    8499 autosizer.cc:43] mean_latency is deprecated. Please remove this setting.
I0909 12:33:13.177737    8499 debug_service_impl.cc:185] Starting Megascale Debug Server
I0909 12:33:13.178073    8499 topology_coordinator.cc:57] Megascale Topology Coordinator started for 2 slices
I0909 12:33:13.178096    8499 transport.cc:862] Using IP addresses for interface discovery.
I0909 12:33:13.178098    8499 transport.cc:757] Could not read interface to NUMA node map from env variables, falling back to reading from file system.
I0909 12:33:13.178101    8499 transport.cc:761] Interfaces corresponding to process' NUMA nodes: [[{"eth2", 1}, {"eth1", 0}, {"eth0", 0}]]
I0909 12:33:13.178513    8499 transport.cc:773] Interface eth0 will not be used as it does not start with one of the prefixes: eth1,eth2,lo
I0909 12:33:13.178522    8499 transport.cc:773] Interface docker0 will not be used as it does not start with one of the prefixes: eth1,eth2,lo
I0909 12:33:13.178523    8499 transport.cc:773] Interface lxceee434c5d682 will not be used as it does not start with one of the prefixes: eth1,eth2,lo
I0909 12:33:13.178525    8499 transport.cc:773] Interface cilium_net will not be used as it does not start with one of the prefixes: eth1,eth2,lo
I0909 12:33:13.178526    8499 transport.cc:773] Interface cilium_host will not be used as it does not start with one of the prefixes: eth1,eth2,lo
I0909 12:33:13.178527    8499 transport.cc:773] Interface lxc98965bb30804 will not be used as it does not start with one of the prefixes: eth1,eth2,lo
I0909 12:33:13.178528    8499 transport.cc:773] Interface lxc7a46b7c617f2 will not be used as it does not start with one of the prefixes: eth1,eth2,lo
I0909 12:33:13.178530    8499 transport.cc:773] Interface lxcc0f9da7fa3ad will not be used as it does not start with one of the prefixes: eth1,eth2,lo
I0909 12:33:13.178531    8499 transport.cc:773] Interface lxcee5710d8dac0 will not be used as it does not start with one of the prefixes: eth1,eth2,lo
I0909 12:33:13.178533    8499 transport.cc:773] Interface eth0 will not be used as it does not start with one of the prefixes: eth1,eth2,lo
I0909 12:33:13.178538    8499 transport.cc:819] Added IP address 10.240.96.10:8081 on network interface eth1
I0909 12:33:13.178542    8499 transport.cc:819] Added IP address 10.240.48.10:8081 on network interface eth2
I0909 12:33:13.178545    8499 transport.cc:773] Interface docker0 will not be used as it does not start with one of the prefixes: eth1,eth2,lo
I0909 12:33:13.178547    8499 transport.cc:773] Interface lxceee434c5d682 will not be used as it does not start with one of the prefixes: eth1,eth2,lo
I0909 12:33:13.178548    8499 transport.cc:773] Interface cilium_host will not be used as it does not start with one of the prefixes: eth1,eth2,lo
I0909 12:33:13.178550    8499 transport.cc:773] Interface lxc98965bb30804 will not be used as it does not start with one of the prefixes: eth1,eth2,lo
I0909 12:33:13.178551    8499 transport.cc:773] Interface lxc7a46b7c617f2 will not be used as it does not start with one of the prefixes: eth1,eth2,lo
I0909 12:33:13.178553    8499 transport.cc:773] Interface lxcc0f9da7fa3ad will not be used as it does not start with one of the prefixes: eth1,eth2,lo
I0909 12:33:13.178554    8499 transport.cc:773] Interface lxcee5710d8dac0 will not be used as it does not start with one of the prefixes: eth1,eth2,lo
I0909 12:33:13.178557    8499 transport.cc:773] Interface eth0 will not be used as it does not start with one of the prefixes: eth1,eth2,lo
I0909 12:33:13.178559    8499 transport.cc:773] Interface lxceee434c5d682 will not be used as it does not start with one of the prefixes: eth1,eth2,lo
I0909 12:33:13.178560    8499 transport.cc:773] Interface cilium_net will not be used as it does not start with one of the prefixes: eth1,eth2,lo
I0909 12:33:13.178563    8499 transport.cc:773] Interface cilium_host will not be used as it does not start with one of the prefixes: eth1,eth2,lo
I0909 12:33:13.178564    8499 transport.cc:773] Interface lxc98965bb30804 will not be used as it does not start with one of the prefixes: eth1,eth2,lo
I0909 12:33:13.178566    8499 transport.cc:773] Interface lxc7a46b7c617f2 will not be used as it does not start with one of the prefixes: eth1,eth2,lo
I0909 12:33:13.178567    8499 transport.cc:773] Interface lxcc0f9da7fa3ad will not be used as it does not start with one of the prefixes: eth1,eth2,lo
I0909 12:33:13.178569    8499 transport.cc:773] Interface lxcee5710d8dac0 will not be used as it does not start with one of the prefixes: eth1,eth2,lo
I0909 12:33:13.178574    8499 communication_backend.cc:984] Sending topology discovery request: go/debugonly    
address_mapping {
  addresses {
    address: "10.240.96.10:8081"
    interface_name: "eth1"
    host_name_for_debugging: "gke-tpu-edbc8be2-f4wr"
  }
  addresses {
    address: "10.240.48.10:8081"
    interface_name: "eth2"
    host_name_for_debugging: "gke-tpu-edbc8be2-f4wr"
    numa_node: 1
  }
  incarnation_id: 9992742461285279312
}
tpu_topology_args {
  version: TPU_VERSION_6acc60406
  platform_type: TPU_PLATFORM_TYPE_HARDWARE
  chip_config_name: "default"
  chips_per_host_bounds {
    x: 2
    y: 2
    z: 1
  }
  host_bounds {
    x: 1
    y: 1
    z: 1
  }
  wrap {
  }
  enhanced_barrier_enabled: true
  use_continuations: true
  routing_strategy: ROUTING_MESH
}
incarnation_id: 9992742461285279312
I0909 12:33:13.178877    8499 grpc_transport.cc:2220] Creating client for slice 0 host 0
I0909 12:33:13.178891    8499 grpc_transport.cc:2203] Using default interface. Available interfaces: [eth1,eth2]. Server information: go/debugonly    
address: "dcn-mc3-slice-0-0.dcn-mc3:8081"
I0909 12:33:13.178985    8499 grpc_transport.cc:2278] Created 1 channels for 1 interfaces on slice 0 host 0.
 Load balancing policy: Dynamic lb: max_outstanding_bytes (8388608).
I0909 12:33:13.179686    9327 cachednslookup.cc:391] TTL not found in response, not caching response
I0909 12:33:14.291173    9316 tpu_chip_config.cc:367] Resolved chip config alias default->megachip for 6acc60406, 
I0909 12:33:15.291554    9218 topology_coordinator.cc:178] MegaScale Topology Discovery in progress. Missing hosts (num_slices=1, num_hosts=0): slice1.*
I0909 12:33:15.934234    9465 tpu_chip_config.cc:367] Resolved chip config alias default->megachip for 6acc60406, 
I0909 12:33:15.934431    9465 topology_coordinator.cc:325] MegaScale Topology Discovery completed.
I0909 12:33:15.934994    8499 communication_backend.cc:1002] Received topology discovery response: go/debugonly    
slice_info {
  tpu_topology_args {
    version: TPU_VERSION_6acc60406
    platform_type: TPU_PLATFORM_TYPE_HARDWARE
    chip_config_name: "default"
    chips_per_host_bounds {
      x: 2
      y: 2
      z: 1
    }
    host_bounds {
      x: 1
      y: 1
      z: 1
    }
    wrap {
    }
    enhanced_barrier_enabled: true
    use_continuations: true
    routing_strategy: ROUTING_MESH
  }
}
slice_info {
  slice_id: 1
  tpu_topology_args {
    version: TPU_VERSION_6acc60406
    platform_type: TPU_PLATFORM_TYPE_HARDWARE
    chip_config_name: "default"
    chips_per_host_bounds {
      x: 2
      y: 2
      z: 1
    }
    host_bounds {
      x: 1
      y: 1
      z: 1
    }
    wrap {
    }
    enhanced_barrier_enabled: true
    use_continuations: true
    routing_strategy: ROUTING_MESH
  }
}
address_mappings {
  addresses {
    address: "10.240.96.10:8081"
    interface_name: "eth1"
    host_name_for_debugging: "gke-tpu-edbc8be2-f4wr"
  }
  addresses {
    address: "10.240.48.10:8081"
    interface_name: "eth2"
    host_name_for_debugging: "gke-tpu-edbc8be2-f4wr"
    numa_node: 1
  }
  incarnation_id: 9992742461285279312
}
address_mappings {
  slice_id: 1
  addresses {
    address: "10.240.96.6:8081"
    interface_name: "eth1"
    host_name_for_debugging: "gke-tpu-edbc8be2-h1bl"
  }
  addresses {
    address: "10.240.48.8:8081"
    interface_name: "eth2"
    host_name_for_debugging: "gke-tpu-edbc8be2-h1bl"
    numa_node: 1
  }
  incarnation_id: 5569178539771945059
}
incarnation_id: 9992742461285279312
I0909 12:33:15.935140    8499 debug_manager.cc:266] Registering error handler with name: default_handler
I0909 12:33:15.935149    8499 megascale_context.cc:571] Using DCN topology: go/debugonly    
I0909 12:33:15.935181    8499 tpu_chip_config.cc:367] Resolved chip config alias default->megachip for 6acc60406, 
DCN_MULTISLICE_PREFLIGHT {"global_device_count": 16, "local_device_count": 8, "process_count": 2, "process_id": 0, "slice_counts": {"0": 8, "1": 8}}
W0909 12:33:15.937070    9476 pjrt_client.h:601] UpdateGlobalProcessInfo is not supported.
I0909 12:33:15.980132    8499 dump.cc:725] HloModule dump enabled with path prefix: , suffix: before_optimizations
W0909 12:33:15.985117    9481 tpu_spmd_partitioner.cc:460] Collective matmul V1 is enabled. Please consider migrating to V2 since V1 will be deprecated soon. You can enable V2 by setting xla_tpu_all_gather_collective_matmul_mode=post_spmd and xla_tpu_reduce_scatter_collective_matmul_mode=post_spmd.
I0909 12:33:15.991518    8499 deepsea_compiler_hlo_passes.cc:6406] xla_tpu_impure_hlo_parallel_compile is DISABLED. jit__identity_fn
I0909 12:33:15.994061    8499 latency_hiding_scheduler.cc:4420] [latency-hiding-scheduler] LatencyHidingScheduler current memory usage: 73792 bytes. Current limit: 96638113587
I0909 12:33:15.994417    8499 tpu_plumb_vmem_info.cc:677] scavenging_mode: 3 for module: jit__identity_fn
I0909 12:33:16.009945    8499 deepsea_compiler_hlo_passes.cc:6735] HLO_PASSES stage duration: 26.45036525ms
I0909 12:33:16.174273    9473 tpu_chip_config.cc:367] Resolved chip config alias default->megachip for 6acc60406, 
I0909 12:33:16.174463    9473 tpu_chip_config.cc:367] Resolved chip config alias default->megachip for 6acc60406, 
I0909 12:33:16.174657    9473 memory_space_assignment_util.cc:577] MSA Vmem breakdown: default scoped vmem (from flag): 33554432; does_msa_directly_allocate_scoped_vmem: T; bytes_for_msa_to_allocate: 67043328
I0909 12:33:16.188258    9707 deepsea_compiler_base.cc:4279] BACKEND_PASSES stage duration: 14.37882975ms
I0909 12:33:16.197446    9707 deepsea_compiler_backend.cc:1480] CODE_GENERATION stage duration: 9.0746475ms
I0909 12:33:16.197711    9707 isa_program_util_common.cc:373] (HLO module jit__identity_fn): Executable fingerprint:67556b1dd123307c8bb711c0434fbfac86eab215225618a5f838c0c427d4c3c2
I0909 12:33:16.197715    9707 isa_program_util_common.cc:377] (HLO module jit__identity_fn): Executable fingerprint (including data segments):c43bcc07663f8b538de614a22f9271d5656acd0e5f70af981aecc6805c64d3fd
I0909 12:33:16.197716    9707 isa_program_util_common.cc:380] (HLO module jit__identity_fn): Host transfer fingerprint:e6674013302fbdec09a2c7c89a12b340e612c48cc4b68dbb5d7ca9c5a25bab54
I0909 12:33:16.197951    8499 deepsea_compiler_base.cc:1055] END_TO_END stage duration: 218.0103385ms
I0909 12:33:16.197965    8499 deepsea_compiler_base.cc:1056] Note that END_TO_END duration also includes time outside of HLO_PASSES, BACKEND_PASSES, and CODE_GENERATION
I0909 12:33:16.198714    8499 megascale_context.cc:517] MegaScale DCNTopology fingerprint for: jit__identity_fn : 1688352644216761960 DevicesHash: 11843567257950195766 Topology: go/debugonly   
I0909 12:33:16.198753    8499 graph_builder.cc:257] Shapes to compress: [""]
I0909 12:33:16.198758    8499 graph_builder.cc:259] Prefixes to compress: [""]
I0909 12:33:16.198791    8499 graph_builder.cc:2912] Using MXLA graph seed: all-gather_0
I0909 12:33:16.198933    8499 host_command_scheduler_factory.cc:1312] Created a HostCommandScheduler with 18 rules for module jit__identity_fn HostTransfers Fingerprint: 3701741969770116811.
I0909 12:33:16.198944    8499 megascale_context.cc:686] MegaScale ExecutableContext created for module: jit__identity_fn with DCN topology: go/debugonly    
I0909 12:33:16.199668    9232 communication_backend.cc:625] Created communicator. Hostname: gke-tpu-edbc8be2-f4wr Slice ID: 0 Host ID: 0 NumSlices: 2 Device IDs: 0,1,2,3,4,5,6,7
I0909 12:33:16.201016    9418 grpc_transport.cc:2220] Creating client for slice 1 host 0
I0909 12:33:16.201057    9418 grpc_transport.cc:2200] Sending to 10.240.96.6:8081 on interface: eth1
I0909 12:33:16.201158    9418 grpc_transport.cc:2200] Sending to 10.240.48.8:8081 on interface: eth2
I0909 12:33:16.201199    9418 grpc_transport.cc:2278] Created 2 channels for 2 interfaces on slice 1 host 0.
 Load balancing policy: Dynamic lb: max_outstanding_bytes (8388608).
I0909 12:33:16.226815    8499 deepsea_compiler_hlo_passes.cc:6623] XLA::TPU running hlo passes for 21 instructions, module: jit__lambda
I0909 12:33:16.226827    8499 deepsea_compiler_hlo_passes.cc:6668] Initial HLO module: jit__lambda instructions: 21 fingerprint: 
I0909 12:33:16.227118    8499 deepsea_compiler_hlo_passes.cc:6526] HLO optimizing module: jit__lambda instructions: 19
I0909 12:33:16.227123    8499 deepsea_compiler_hlo_passes.cc:6539] XLA::TPU HLO optimization
W0909 12:33:16.227955    9741 tpu_spmd_partitioner.cc:460] Collective matmul V1 is enabled. Please consider migrating to V2 since V1 will be deprecated soon. You can enable V2 by setting xla_tpu_all_gather_collective_matmul_mode=post_spmd and xla_tpu_reduce_scatter_collective_matmul_mode=post_spmd.
I0909 12:33:16.236267    8499 deepsea_compiler_hlo_passes.cc:6406] xla_tpu_impure_hlo_parallel_compile is DISABLED. jit__lambda
I0909 12:33:16.239192    8499 deepsea_compiler_hlo_passes.cc:5472] XLA::TPU HLO PostOptimizationPipeline
I0909 12:33:16.240726    8499 latency_hiding_scheduler.cc:4420] [latency-hiding-scheduler] LatencyHidingScheduler current memory usage: 41024 bytes. Current limit: 96637751091
I0909 12:33:16.241422    8499 tpu_plumb_vmem_info.cc:677] scavenging_mode: 3 for module: jit__lambda
I0909 12:33:16.242013    8499 deepsea_compiler_hlo_passes.cc:6735] HLO_PASSES stage duration: 15.1863835ms
I0909 12:33:16.243189    9473 tpu_chip_config.cc:367] Resolved chip config alias default->megachip for 6acc60406, 
I0909 12:33:16.243370    9473 tpu_chip_config.cc:367] Resolved chip config alias default->megachip for 6acc60406, 
I0909 12:33:16.243550    9473 memory_space_assignment_util.cc:577] MSA Vmem breakdown: default scoped vmem (from flag): 33554432; does_msa_directly_allocate_scoped_vmem: T; bytes_for_msa_to_allocate: 67043328
I0909 12:33:16.262339    9745 deepsea_compiler_base.cc:4279] BACKEND_PASSES stage duration: 19.67422025ms
I0909 12:33:16.264726    9745 deepsea_compiler_backend.cc:1784] final program bundle count: 788 note this count does not reflect cycles spent executing delays.
I0909 12:33:16.269703    9745 deepsea_compiler_backend.cc:1980] Program divided into 2 overlays without HLO functions (90.5K).
I0909 12:33:16.269765    9745 deepsea_compiler_backend.cc:2150] XLA::TPU module name: jit__lambda
I0909 12:33:16.269769    9745 deepsea_compiler_backend.cc:2152] XLA::TPU program HBM usage: 266.5K / 94.74G
I0909 12:33:16.269771    9745 deepsea_compiler_backend.cc:2159] Note that --xla_tpu_max_hbm_size_mib is not specified. This means that the compiler may use up all available HBM, possibly prioritizing other metrics (latency, compile-time, ..) over memory usage. To reduce memory usage, set --xla_tpu_max_hbm_size_mib to a smaller value.
I0909 12:33:16.269772    9745 deepsea_compiler_backend.cc:2193] XLA::TPU program VMEM usage: 32.00M / 64.00M
I0909 12:33:16.269779    9745 deepsea_compiler_backend.cc:2204] Total hbm usage >= 268.28M:
    reserved        268.00M 
    program          266.5K 
    arguments         16.0K 

Output size 512B; shares 0B with arguments.

Total host usage >= 0B:
    reserved             0B 
    program         unknown size 
    arguments            0B 

Output size 0B; shares 0B with arguments.

I0909 12:33:16.269791    9745 deepsea_compiler_backend.cc:2208] Program sflag requirement 228B:
    reserved           204B
    scoped              16B
    HLO temp             8B (100.0% utilization: Unpadded (8B) Padded (8B), 0.0% fragmentation (0B))
Program sparse_core_sequencer_sflag requirement 36B:
    reserved            36B
Program sparse_core_tile_sflag requirement 4B:
    reserved             4B
Program sparse_core_sequencer_smem requirement 64B:
    reserved            64B
Program sparse_core_tile_smem requirement 0B:
Program hbm requirement 266.5K:
    HLO temp         176.0K (100.0% utilization: Unpadded (24.3K) Padded (24.3K), 86.2% fragmentation (151.7K))
    overlays          90.5K
Program vmem requirement 32.00M:
    HLO temp         32.00M (0.0% utilization: Unpadded (0B) Padded (0B), 100.0% fragmentation (32.00M))
Program smem requirement 36B:
    global               4B
    scoped              32B
Program host requirement 0B:
I0909 12:33:16.269793    9745 deepsea_compiler_backend.cc:2216] XLA::TPU program SMEM usage: 1.9K / 1.00M (1 parameters)
I0909 12:33:16.269872    9745 deepsea_compiler_backend.cc:1480] CODE_GENERATION stage duration: 7.4772685ms
I0909 12:33:16.270131    9745 isa_program_util_common.cc:373] (HLO module jit__lambda): Executable fingerprint:6a126cddbd2c7a63446e46d5dcaf750209d6c974ec79e4080fdc4ca9886f81e4
I0909 12:33:16.270133    9745 isa_program_util_common.cc:377] (HLO module jit__lambda): Executable fingerprint (including data segments):12c0715cab49b82f1e3ea1846957d5d3523547d5bf3cc57bcf82f0517b7a92e8
I0909 12:33:16.270135    9745 isa_program_util_common.cc:380] (HLO module jit__lambda): Host transfer fingerprint:2b9801a161c74c27631ae5e0b6d660abd73031d7eba34a0a6e10fff8dfd2f3ae
I0909 12:33:16.270450    8499 deepsea_compiler_base.cc:1055] END_TO_END stage duration: 46.1910195ms
I0909 12:33:16.270467    8499 deepsea_compiler_base.cc:1056] Note that END_TO_END duration also includes time outside of HLO_PASSES, BACKEND_PASSES, and CODE_GENERATION
I0909 12:33:16.271206    8499 megascale_context.cc:517] MegaScale DCNTopology fingerprint for: jit__lambda : 1688352644216761960 DevicesHash: 8081921339993277715 Topology: go/debugonly   
I0909 12:33:16.271547    8499 host_command_scheduler_factory.cc:1312] Created a HostCommandScheduler with 54 rules for module jit__lambda HostTransfers Fingerprint: 12151718319723310994.
I0909 12:33:16.271572    8499 megascale_context.cc:686] MegaScale ExecutableContext created for module: jit__lambda with DCN topology: go/debugonly    
I0909 12:33:16.291711    9218 topology_coordinator.cc:173] MegaScale Topology Discovery completed.
I0909 12:33:16.301072    8499 deepsea_compiler_hlo_passes.cc:6623] XLA::TPU running hlo passes for 21 instructions, module: jit__lambda
I0909 12:33:16.301084    8499 deepsea_compiler_hlo_passes.cc:6668] Initial HLO module: jit__lambda instructions: 21 fingerprint: 
I0909 12:33:16.301365    8499 deepsea_compiler_hlo_passes.cc:6526] HLO optimizing module: jit__lambda instructions: 19
I0909 12:33:16.301370    8499 deepsea_compiler_hlo_passes.cc:6539] XLA::TPU HLO optimization
W0909 12:33:16.301877    9757 tpu_spmd_partitioner.cc:460] Collective matmul V1 is enabled. Please consider migrating to V2 since V1 will be deprecated soon. You can enable V2 by setting xla_tpu_all_gather_collective_matmul_mode=post_spmd and xla_tpu_reduce_scatter_collective_matmul_mode=post_spmd.
I0909 12:33:16.309044    8499 deepsea_compiler_hlo_passes.cc:6406] xla_tpu_impure_hlo_parallel_compile is DISABLED. jit__lambda
I0909 12:33:16.311323    8499 deepsea_compiler_hlo_passes.cc:5472] XLA::TPU HLO PostOptimizationPipeline
I0909 12:33:16.312417    8499 latency_hiding_scheduler.cc:4420] [latency-hiding-scheduler] LatencyHidingScheduler current memory usage: 41024 bytes. Current limit: 96637751091
I0909 12:33:16.312977    8499 tpu_plumb_vmem_info.cc:677] scavenging_mode: 3 for module: jit__lambda
I0909 12:33:16.313535    8499 deepsea_compiler_hlo_passes.cc:6735] HLO_PASSES stage duration: 12.45097025ms
I0909 12:33:16.314654    9218 tpu_chip_config.cc:367] Resolved chip config alias default->megachip for 6acc60406, 
I0909 12:33:16.314815    9218 tpu_chip_config.cc:367] Resolved chip config alias default->megachip for 6acc60406, 
I0909 12:33:16.315005    9218 memory_space_assignment_util.cc:577] MSA Vmem breakdown: default scoped vmem (from flag): 33554432; does_msa_directly_allocate_scoped_vmem: T; bytes_for_msa_to_allocate: 67043328
I0909 12:33:16.332629    9761 deepsea_compiler_base.cc:4279] BACKEND_PASSES stage duration: 18.515234ms
I0909 12:33:16.334928    9761 deepsea_compiler_backend.cc:1784] final program bundle count: 788 note this count does not reflect cycles spent executing delays.
I0909 12:33:16.340148    9761 deepsea_compiler_backend.cc:1980] Program divided into 2 overlays without HLO functions (90.5K).
I0909 12:33:16.340218    9761 deepsea_compiler_backend.cc:2150] XLA::TPU module name: jit__lambda
I0909 12:33:16.340222    9761 deepsea_compiler_backend.cc:2152] XLA::TPU program HBM usage: 266.5K / 94.74G
I0909 12:33:16.340224    9761 deepsea_compiler_backend.cc:2159] Note that --xla_tpu_max_hbm_size_mib is not specified. This means that the compiler may use up all available HBM, possibly prioritizing other metrics (latency, compile-time, ..) over memory usage. To reduce memory usage, set --xla_tpu_max_hbm_size_mib to a smaller value.
I0909 12:33:16.340226    9761 deepsea_compiler_backend.cc:2193] XLA::TPU program VMEM usage: 32.00M / 64.00M
I0909 12:33:16.340233    9761 deepsea_compiler_backend.cc:2204] Total hbm usage >= 268.28M:
    reserved        268.00M 
    program          266.5K 
    arguments         16.0K 

Output size 512B; shares 0B with arguments.

Total host usage >= 0B:
    reserved             0B 
    program         unknown size 
    arguments            0B 

Output size 0B; shares 0B with arguments.

I0909 12:33:16.340246    9761 deepsea_compiler_backend.cc:2208] Program sflag requirement 228B:
    reserved           204B
    scoped              16B
    HLO temp             8B (100.0% utilization: Unpadded (8B) Padded (8B), 0.0% fragmentation (0B))
Program sparse_core_sequencer_sflag requirement 36B:
    reserved            36B
Program sparse_core_tile_sflag requirement 4B:
    reserved             4B
Program sparse_core_sequencer_smem requirement 64B:
    reserved            64B
Program sparse_core_tile_smem requirement 0B:
Program hbm requirement 266.5K:
    HLO temp         176.0K (100.0% utilization: Unpadded (24.3K) Padded (24.3K), 86.2% fragmentation (151.7K))
    overlays          90.5K
Program vmem requirement 32.00M:
    HLO temp         32.00M (0.0% utilization: Unpadded (0B) Padded (0B), 100.0% fragmentation (32.00M))
Program smem requirement 36B:
    global               4B
    scoped              32B
Program host requirement 0B:
I0909 12:33:16.340248    9761 deepsea_compiler_backend.cc:2216] XLA::TPU program SMEM usage: 1.9K / 1.00M (1 parameters)
I0909 12:33:16.340345    9761 deepsea_compiler_backend.cc:1480] CODE_GENERATION stage duration: 7.66018075ms
I0909 12:33:16.340613    9761 isa_program_util_common.cc:373] (HLO module jit__lambda): Executable fingerprint:6a126cddbd2c7a63446e46d5dcaf750209d6c974ec79e4080fdc4ca9886f81e4
I0909 12:33:16.340616    9761 isa_program_util_common.cc:377] (HLO module jit__lambda): Executable fingerprint (including data segments):12c0715cab49b82f1e3ea1846957d5d3523547d5bf3cc57bcf82f0517b7a92e8
I0909 12:33:16.340617    9761 isa_program_util_common.cc:380] (HLO module jit__lambda): Host transfer fingerprint:2b9801a161c74c27631ae5e0b6d660abd73031d7eba34a0a6e10fff8dfd2f3ae
I0909 12:33:16.340760    8499 deepsea_compiler_base.cc:1055] END_TO_END stage duration: 42.38004025ms
I0909 12:33:16.340769    8499 deepsea_compiler_base.cc:1056] Note that END_TO_END duration also includes time outside of HLO_PASSES, BACKEND_PASSES, and CODE_GENERATION
I0909 12:33:16.341257    8499 megascale_context.cc:517] MegaScale DCNTopology fingerprint for: jit__lambda : 1688352644216761960 DevicesHash: 8081921339993277715 Topology: go/debugonly   
I0909 12:33:16.341537    8499 host_command_scheduler_factory.cc:1312] Created a HostCommandScheduler with 54 rules for module jit__lambda HostTransfers Fingerprint: 12151718319723310994.
I0909 12:33:16.341558    8499 megascale_context.cc:686] MegaScale ExecutableContext created for module: jit__lambda with DCN topology: go/debugonly    
I0909 12:33:16.349586    9477 megascale_context.cc:439] Destroying MegaScale PjrtExecutableContext: jit__lambda
I0909 12:33:16.367237    8499 deepsea_compiler_hlo_passes.cc:6623] XLA::TPU running hlo passes for 19 instructions, module: jit__lambda
I0909 12:33:16.367249    8499 deepsea_compiler_hlo_passes.cc:6668] Initial HLO module: jit__lambda instructions: 19 fingerprint: 
I0909 12:33:16.367471    8499 deepsea_compiler_hlo_passes.cc:6526] HLO optimizing module: jit__lambda instructions: 17
I0909 12:33:16.367476    8499 deepsea_compiler_hlo_passes.cc:6539] XLA::TPU HLO optimization
W0909 12:33:16.368023    9768 tpu_spmd_partitioner.cc:460] Collective matmul V1 is enabled. Please consider migrating to V2 since V1 will be deprecated soon. You can enable V2 by setting xla_tpu_all_gather_collective_matmul_mode=post_spmd and xla_tpu_reduce_scatter_collective_matmul_mode=post_spmd.
I0909 12:33:16.374856    8499 deepsea_compiler_hlo_passes.cc:6406] xla_tpu_impure_hlo_parallel_compile is DISABLED. jit__lambda
I0909 12:33:16.376542    8499 deepsea_compiler_hlo_passes.cc:5472] XLA::TPU HLO PostOptimizationPipeline
I0909 12:33:16.377356    8499 latency_hiding_scheduler.cc:4420] [latency-hiding-scheduler] LatencyHidingScheduler current memory usage: 24640 bytes. Current limit: 96637894451
I0909 12:33:16.377777    8499 tpu_plumb_vmem_info.cc:677] scavenging_mode: 3 for module: jit__lambda
I0909 12:33:16.378218    8499 deepsea_compiler_hlo_passes.cc:6735] HLO_PASSES stage duration: 10.96951525ms
I0909 12:33:16.379251    9218 tpu_chip_config.cc:367] Resolved chip config alias default->megachip for 6acc60406, 
I0909 12:33:16.379445    9218 tpu_chip_config.cc:367] Resolved chip config alias default->megachip for 6acc60406, 
I0909 12:33:16.379636    9218 memory_space_assignment_util.cc:577] MSA Vmem breakdown: default scoped vmem (from flag): 33554432; does_msa_directly_allocate_scoped_vmem: T; bytes_for_msa_to_allocate: 67043328
I0909 12:33:16.394449    9772 deepsea_compiler_base.cc:4279] BACKEND_PASSES stage duration: 15.65766425ms
I0909 12:33:16.396783    9772 deepsea_compiler_backend.cc:1784] final program bundle count: 626 note this count does not reflect cycles spent executing delays.
I0909 12:33:16.402579    9772 deepsea_compiler_backend.cc:1980] Program divided into 2 overlays without HLO functions (80.5K).
I0909 12:33:16.402639    9772 deepsea_compiler_backend.cc:2150] XLA::TPU module name: jit__lambda
I0909 12:33:16.402643    9772 deepsea_compiler_backend.cc:2152] XLA::TPU program HBM usage: 208.5K / 94.74G
I0909 12:33:16.402646    9772 deepsea_compiler_backend.cc:2159] Note that --xla_tpu_max_hbm_size_mib is not specified. This means that the compiler may use up all available HBM, possibly prioritizing other metrics (latency, compile-time, ..) over memory usage. To reduce memory usage, set --xla_tpu_max_hbm_size_mib to a smaller value.
I0909 12:33:16.402647    9772 deepsea_compiler_backend.cc:2193] XLA::TPU program VMEM usage: 32.00M / 64.00M
I0909 12:33:16.402654    9772 deepsea_compiler_backend.cc:2204] Total hbm usage >= 268.22M:
    reserved        268.00M 
    program          208.5K 
    arguments         16.0K 

Output size 512B; shares 0B with arguments.

Total host usage >= 0B:
    reserved             0B 
    program         unknown size 
    arguments            0B 

Output size 0B; shares 0B with arguments.

I0909 12:33:16.402666    9772 deepsea_compiler_backend.cc:2208] Program sflag requirement 224B:
    reserved           204B
    scoped              12B
    HLO temp             8B (100.0% utilization: Unpadded (8B) Padded (8B), 0.0% fragmentation (0B))
Program sparse_core_sequencer_sflag requirement 36B:
    reserved            36B
Program sparse_core_tile_sflag requirement 4B:
    reserved             4B
Program sparse_core_sequencer_smem requirement 64B:
    reserved            64B
Program sparse_core_tile_smem requirement 0B:
Program hbm requirement 208.5K:
    HLO temp         128.0K (49.1% utilization: Unpadded (8.2K) Padded (16.7K), 87.0% fragmentation (111.3K))
    overlays          80.5K
Program vmem requirement 32.00M:
    HLO temp         32.00M (0.0% utilization: Unpadded (0B) Padded (0B), 100.0% fragmentation (32.00M))
Program smem requirement 36B:
    global               4B
    scoped              32B
Program host requirement 0B:
I0909 12:33:16.402668    9772 deepsea_compiler_backend.cc:2216] XLA::TPU program SMEM usage: 1.9K / 1.00M (1 parameters)
I0909 12:33:16.402764    9772 deepsea_compiler_backend.cc:1480] CODE_GENERATION stage duration: 8.255438ms
I0909 12:33:16.403036    9772 isa_program_util_common.cc:373] (HLO module jit__lambda): Executable fingerprint:4a4bf7195f2e28a358732e4bad360b9ab79156518433b25ddb27df2e76864c13
I0909 12:33:16.403039    9772 isa_program_util_common.cc:377] (HLO module jit__lambda): Executable fingerprint (including data segments):41df051aa1d5cc95b6bd65dcd0fe59634f8d45c83e436d4b0b21da6da348f7ba
I0909 12:33:16.403040    9772 isa_program_util_common.cc:380] (HLO module jit__lambda): Host transfer fingerprint:5c8f40e7dcd653d84e947d890338940d2b2e1ffba06eadb57827e716f5782f97
I0909 12:33:16.403193    8499 deepsea_compiler_base.cc:1055] END_TO_END stage duration: 38.05614175ms
I0909 12:33:16.403211    8499 deepsea_compiler_base.cc:1056] Note that END_TO_END duration also includes time outside of HLO_PASSES, BACKEND_PASSES, and CODE_GENERATION
I0909 12:33:16.403746    8499 megascale_context.cc:517] MegaScale DCNTopology fingerprint for: jit__lambda : 1688352644216761960 DevicesHash: 8081921339993277715 Topology: go/debugonly   
I0909 12:33:16.403947    8499 host_command_scheduler_factory.cc:1312] Created a HostCommandScheduler with 36 rules for module jit__lambda HostTransfers Fingerprint: 8427318606672400244.
I0909 12:33:16.403962    8499 megascale_context.cc:686] MegaScale ExecutableContext created for module: jit__lambda with DCN topology: go/debugonly    
MANUAL_AR_VERIFY {"exchange_add": true, "psum": true, "psum_checksum": 3.0}
I0909 12:33:16.409594    9477 megascale_context.cc:439] Destroying MegaScale PjrtExecutableContext: jit__lambda
W0909 12:33:16.423131    9775 tpu_spmd_partitioner.cc:460] Collective matmul V1 is enabled. Please consider migrating to V2 since V1 will be deprecated soon. You can enable V2 by setting xla_tpu_all_gather_collective_matmul_mode=post_spmd and xla_tpu_reduce_scatter_collective_matmul_mode=post_spmd.
I0909 12:33:16.426908    8499 deepsea_compiler_hlo_passes.cc:6406] xla_tpu_impure_hlo_parallel_compile is DISABLED. jit__lambda
I0909 12:33:16.428305    8499 tpu_plumb_vmem_info.cc:677] scavenging_mode: 3 for module: jit__lambda
I0909 12:33:16.437077    8499 deepsea_compiler_hlo_passes.cc:6735] HLO_PASSES stage duration: 14.37300175ms
I0909 12:33:16.437988    9473 tpu_chip_config.cc:367] Resolved chip config alias default->megachip for 6acc60406, 
I0909 12:33:16.438115    9473 tpu_chip_config.cc:367] Resolved chip config alias default->megachip for 6acc60406, 
I0909 12:33:16.438281    9473 memory_space_assignment_util.cc:577] MSA Vmem breakdown: default scoped vmem (from flag): 33554432; does_msa_directly_allocate_scoped_vmem: T; bytes_for_msa_to_allocate: 67043328
I0909 12:33:16.469090    9777 deepsea_compiler_base.cc:4279] BACKEND_PASSES stage duration: 31.440377ms
I0909 12:33:16.476209    9777 deepsea_compiler_backend.cc:1480] CODE_GENERATION stage duration: 7.06526775ms
I0909 12:33:16.476497    9777 isa_program_util_common.cc:373] (HLO module jit__lambda): Executable fingerprint:bc586dffeac4e7ae318e7d154bf8e04f4304c94ca0093b387a7797ec3816d14b
I0909 12:33:16.476500    9777 isa_program_util_common.cc:377] (HLO module jit__lambda): Executable fingerprint (including data segments):a2faf2ce0762128844e7a122c148a8aece70b237d9b143ffa46b761ac2a0d991
I0909 12:33:16.476502    9777 isa_program_util_common.cc:380] (HLO module jit__lambda): Host transfer fingerprint:e3b0c44298fc1c149afbf4c8996fb92427ae41e4649b934ca495991b7852b855
I0909 12:33:16.476647    8499 deepsea_compiler_base.cc:1055] END_TO_END stage duration: 56.224717ms
I0909 12:33:16.476660    8499 deepsea_compiler_base.cc:1056] Note that END_TO_END duration also includes time outside of HLO_PASSES, BACKEND_PASSES, and CODE_GENERATION
I0909 12:33:16.477093    8499 host_command_scheduler_factory.cc:1312] Created a HostCommandScheduler with 0 rules for module jit__lambda HostTransfers Fingerprint: 0.
I0909 12:33:16.477105    8499 megascale_context.cc:686] MegaScale ExecutableContext created for module: jit__lambda with DCN topology: go/debugonly    
I0909 12:33:16.480934    9206 megascale_context.cc:439] Destroying MegaScale PjrtExecutableContext: jit__lambda
W0909 12:33:16.493430    9779 tpu_spmd_partitioner.cc:460] Collective matmul V1 is enabled. Please consider migrating to V2 since V1 will be deprecated soon. You can enable V2 by setting xla_tpu_all_gather_collective_matmul_mode=post_spmd and xla_tpu_reduce_scatter_collective_matmul_mode=post_spmd.
I0909 12:33:16.497985    8499 deepsea_compiler_hlo_passes.cc:6406] xla_tpu_impure_hlo_parallel_compile is DISABLED. jit__identity_fn
I0909 12:33:16.501823    8499 latency_hiding_scheduler.cc:4420] [latency-hiding-scheduler] LatencyHidingScheduler current memory usage: 10816 bytes. Current limit: 96637838643
I0909 12:33:16.502305    8499 tpu_plumb_vmem_info.cc:677] scavenging_mode: 3 for module: jit__identity_fn
I0909 12:33:16.502786    8499 deepsea_compiler_hlo_passes.cc:6735] HLO_PASSES stage duration: 10.0113295ms
I0909 12:33:16.504091    9473 tpu_chip_config.cc:367] Resolved chip config alias default->megachip for 6acc60406, 
I0909 12:33:16.504246    9473 tpu_chip_config.cc:367] Resolved chip config alias default->megachip for 6acc60406, 
I0909 12:33:16.504450    9473 memory_space_assignment_util.cc:577] MSA Vmem breakdown: default scoped vmem (from flag): 33554432; does_msa_directly_allocate_scoped_vmem: T; bytes_for_msa_to_allocate: 67043328
I0909 12:33:16.528904    9781 deepsea_compiler_base.cc:4279] BACKEND_PASSES stage duration: 25.34644525ms
I0909 12:33:16.537867    9781 deepsea_compiler_backend.cc:1480] CODE_GENERATION stage duration: 8.89948125ms
I0909 12:33:16.538237    9781 isa_program_util_common.cc:373] (HLO module jit__identity_fn): Executable fingerprint:fd3b0d6bd150f631ee1516bdd9fe68433befc25b43e5ac8c1bf0647642d4a029
I0909 12:33:16.538241    9781 isa_program_util_common.cc:377] (HLO module jit__identity_fn): Executable fingerprint (including data segments):b4793e425396e7ab5df0b40c15a832140ecb3328718901424ce0f42c7f63731d
I0909 12:33:16.538243    9781 isa_program_util_common.cc:380] (HLO module jit__identity_fn): Host transfer fingerprint:f21887b8cd1a7de9f1745e6458df4dba74bea513f1593c4409ce2cd383777ca8
I0909 12:33:16.538407    8499 deepsea_compiler_base.cc:1055] END_TO_END stage duration: 47.6825445ms
I0909 12:33:16.538428    8499 deepsea_compiler_base.cc:1056] Note that END_TO_END duration also includes time outside of HLO_PASSES, BACKEND_PASSES, and CODE_GENERATION
I0909 12:33:16.538983    8499 megascale_context.cc:517] MegaScale DCNTopology fingerprint for: jit__identity_fn : 1688352644216761960 DevicesHash: 11843567257950195766 Topology: go/debugonly   
I0909 12:33:16.539167    8499 host_command_scheduler_factory.cc:1312] Created a HostCommandScheduler with 18 rules for module jit__identity_fn HostTransfers Fingerprint: 14547820116035419324.
I0909 12:33:16.539184    8499 megascale_context.cc:686] MegaScale ExecutableContext created for module: jit__identity_fn with DCN topology: go/debugonly    
I0909 12:33:16.541113    9143 megascale_context.cc:439] Destroying MegaScale PjrtExecutableContext: jit__lambda
W0909 12:33:16.557490    9785 tpu_spmd_partitioner.cc:460] Collective matmul V1 is enabled. Please consider migrating to V2 since V1 will be deprecated soon. You can enable V2 by setting xla_tpu_all_gather_collective_matmul_mode=post_spmd and xla_tpu_reduce_scatter_collective_matmul_mode=post_spmd.
I0909 12:33:16.562891    8499 deepsea_compiler_hlo_passes.cc:6406] xla_tpu_impure_hlo_parallel_compile is DISABLED. jit_op
I0909 12:33:16.565219    8499 latency_hiding_scheduler.cc:4420] [latency-hiding-scheduler] LatencyHidingScheduler current memory usage: 1610620992 bytes. Current limit: 95564271411
I0909 12:33:16.565584    8499 tpu_plumb_vmem_info.cc:677] scavenging_mode: 3 for module: jit_op
I0909 12:33:16.598576    8499 deepsea_compiler_hlo_passes.cc:6735] HLO_PASSES stage duration: 41.63669275ms
I0909 12:33:16.599880    9473 tpu_chip_config.cc:367] Resolved chip config alias default->megachip for 6acc60406, 
I0909 12:33:16.600051    9473 tpu_chip_config.cc:367] Resolved chip config alias default->megachip for 6acc60406, 
I0909 12:33:16.600278    9473 memory_space_assignment_util.cc:577] MSA Vmem breakdown: default scoped vmem (from flag): 33554432; does_msa_directly_allocate_scoped_vmem: T; bytes_for_msa_to_allocate: 67043328
I0909 12:33:16.682411    9789 deepsea_compiler_base.cc:4279] BACKEND_PASSES stage duration: 83.117759ms
I0909 12:33:16.690351    9789 deepsea_compiler_backend.cc:1480] CODE_GENERATION stage duration: 7.87893125ms
I0909 12:33:16.690712    9789 isa_program_util_common.cc:373] (HLO module jit_op): Executable fingerprint:0f2b665f05c3c4afe211f3c371efcab563df28a2ebf1e3fea485408c5722f8dc
I0909 12:33:16.690715    9789 isa_program_util_common.cc:377] (HLO module jit_op): Executable fingerprint (including data segments):86848f6f1a06a74bef5f269280dc370998aab50634976e92618a9f9f14091724
I0909 12:33:16.690717    9789 isa_program_util_common.cc:380] (HLO module jit_op): Host transfer fingerprint:294ab033fa7a89f4c4b5c51d8744fa6f4206e6d1d2d85c49c24e64e2b1444859
I0909 12:33:16.690884    8499 deepsea_compiler_base.cc:1055] END_TO_END stage duration: 136.31787225ms
I0909 12:33:16.690900    8499 deepsea_compiler_base.cc:1056] Note that END_TO_END duration also includes time outside of HLO_PASSES, BACKEND_PASSES, and CODE_GENERATION
I0909 12:33:16.691434    8499 megascale_context.cc:517] MegaScale DCNTopology fingerprint for: jit_op : 1688352644216761960 DevicesHash: 8081921339993277715 Topology: go/debugonly   
I0909 12:33:16.694446    8499 host_command_scheduler_factory.cc:1312] Created a HostCommandScheduler with 36 rules for module jit_op HostTransfers Fingerprint: 12634255100403355191.
I0909 12:33:16.694705    8499 megascale_context.cc:686] MegaScale ExecutableContext created for module: jit_op with DCN topology: go/debugonly    
I0909 12:33:16.708145    9459 generic-stream-socket.h:1667] Cannot process timestamp for type=1 seq=16810787 time=2026-09-09T12:33:16.707305261+00:00
W0909 12:33:16.712237    9259 grpc_transport.cc:1186] Too many pending sends: 128
W0909 12:33:16.873339    9237 tpu_pjrt_client.cc:2333] PjRt execution dispatch was blocked for 164.466371ms because PjRt's max in-flight computation semaphore is full (limit: 32), which may negatively affect the performance
W0909 12:33:26.718591   10059 grpc_transport.cc:1186] Too many pending sends: 143
W0909 12:33:36.766936   10046 grpc_transport.cc:1186] Too many pending sends: 128
I0909 12:33:43.182734   10117 cachednslookup.cc:391] TTL not found in response, not caching response
W0909 12:33:46.823299   10194 grpc_transport.cc:1186] Too many pending sends: 128
W0909 12:33:56.872604   10323 grpc_transport.cc:1186] Too many pending sends: 128
W0909 12:34:06.893484    9829 grpc_transport.cc:1186] Too many pending sends: 128
I0909 12:34:16.855615    8499 megascale_context.cc:439] Destroying MegaScale PjrtExecutableContext: jit_op
MANUAL_AR_RESULT {"batch": 10, "benchmark": "manual_ar", "host_gbps_best": 331.46624290519696, "host_gbps_median": 326.3584443203996, "matrix_dim": 32768, "network_delta": {"cilium_host": {"rx_bytes": 0, "tx_bytes": 0}, "cilium_net": {"rx_bytes": 0, "tx_bytes": 0}, "docker0": {"rx_bytes": 0, "tx_bytes": 0}, "eth0": {"rx_bytes": 852940, "tx_bytes": 7719966}, "eth1": {"rx_bytes": 1187162545253, "tx_bytes": 1211487420261}, "eth2": {"rx_bytes": 1237386090226, "tx_bytes": 1201531371972}, "lo": {"rx_bytes": 6345332, "tx_bytes": 6345332}, "lxc7a46b7c617f2": {"rx_bytes": 2235302, "tx_bytes": 685629}, "lxc98965bb30804": {"rx_bytes": 18390, "tx_bytes": 59256}, "lxcc0f9da7fa3ad": {"rx_bytes": 28205, "tx_bytes": 4616}, "lxcee5710d8dac0": {"rx_bytes": 31432, "tx_bytes": 4634}, "lxceee434c5d682": {"rx_bytes": 567, "tx_bytes": 20819}}, "participants_per_slice": 8, "reps": 8, "shard_bytes_per_device": 1073741824.0, "time_ms_all": [209.26420430187136, 210.36888159578666, 209.88221359439194, 210.7599596027285, 207.3196840006858, 221.04230360127985, 219.2813434987329, 211.06640209909528], "time_ms_best": 207.3196840006858, "time_ms_median": 210.56442059925757, "variant": "psum", "warmups": 200}
W0909 12:34:16.886853   10532 tpu_spmd_partitioner.cc:460] Collective matmul V1 is enabled. Please consider migrating to V2 since V1 will be deprecated soon. You can enable V2 by setting xla_tpu_all_gather_collective_matmul_mode=post_spmd and xla_tpu_reduce_scatter_collective_matmul_mode=post_spmd.
I0909 12:34:16.893857    8499 deepsea_compiler_hlo_passes.cc:6406] xla_tpu_impure_hlo_parallel_compile is DISABLED. jit_op
I0909 12:34:16.895644    8499 latency_hiding_scheduler.cc:4420] [latency-hiding-scheduler] LatencyHidingScheduler current memory usage: 1073750080 bytes. Current limit: 95564404531
I0909 12:34:16.895954    8499 tpu_plumb_vmem_info.cc:677] scavenging_mode: 3 for module: jit_op
I0909 12:34:16.915916    8499 deepsea_compiler_hlo_passes.cc:6735] HLO_PASSES stage duration: 29.79540575ms
I0909 12:34:16.917041    9473 tpu_chip_config.cc:367] Resolved chip config alias default->megachip for 6acc60406, 
I0909 12:34:16.917253    9473 tpu_chip_config.cc:367] Resolved chip config alias default->megachip for 6acc60406, 
I0909 12:34:16.917440    9473 memory_space_assignment_util.cc:577] MSA Vmem breakdown: default scoped vmem (from flag): 33554432; does_msa_directly_allocate_scoped_vmem: T; bytes_for_msa_to_allocate: 67043328
I0909 12:34:17.026192   10536 deepsea_compiler_base.cc:4279] BACKEND_PASSES stage duration: 109.79519875ms
I0909 12:34:17.033272   10536 deepsea_compiler_backend.cc:1480] CODE_GENERATION stage duration: 7.0069875ms
I0909 12:34:17.033666   10536 isa_program_util_common.cc:373] (HLO module jit_op): Executable fingerprint:33a5a6d6f7cea468562f68254b4eb2b89053eb34e2e10125a401ef1c264018f8
I0909 12:34:17.033669   10536 isa_program_util_common.cc:377] (HLO module jit_op): Executable fingerprint (including data segments):63de7ca22133830a9ecf7d1576f6e0dc97cbc6a522ec2bae425e60708fe1b2d0
I0909 12:34:17.033671   10536 isa_program_util_common.cc:380] (HLO module jit_op): Host transfer fingerprint:c37db3d47c19d90e6b870bb79741e56a58ee0112318c32550eac3926e65c0ec8
I0909 12:34:17.033991    8499 deepsea_compiler_base.cc:1055] END_TO_END stage duration: 150.77014825ms
I0909 12:34:17.034005    8499 deepsea_compiler_base.cc:1056] Note that END_TO_END duration also includes time outside of HLO_PASSES, BACKEND_PASSES, and CODE_GENERATION
I0909 12:34:17.034649    8499 megascale_context.cc:517] MegaScale DCNTopology fingerprint for: jit_op : 1688352644216761960 DevicesHash: 8081921339993277715 Topology: go/debugonly   
I0909 12:34:17.035953    8499 host_command_scheduler_factory.cc:1312] Created a HostCommandScheduler with 18 rules for module jit_op HostTransfers Fingerprint: 158907515329715665.
I0909 12:34:17.036125    8499 megascale_context.cc:686] MegaScale ExecutableContext created for module: jit_op with DCN topology: go/debugonly    
W0909 12:34:17.054340   10440 grpc_transport.cc:1186] Too many pending sends: 128
W0909 12:34:17.214895    9237 tpu_pjrt_client.cc:2333] PjRt execution dispatch was blocked for 165.50752ms because PjRt's max in-flight computation semaphore is full (limit: 32), which may negatively affect the performance
W0909 12:34:27.264209   10390 grpc_transport.cc:1186] Too many pending sends: 128
W0909 12:34:37.411285   10061 grpc_transport.cc:1186] Too many pending sends: 128
W0909 12:34:47.476466   10061 grpc_transport.cc:1186] Too many pending sends: 128
W0909 12:34:57.643550   10191 grpc_transport.cc:1186] Too many pending sends: 128
W0909 12:35:07.740119   10757 grpc_transport.cc:1186] Too many pending sends: 128
I0909 12:35:16.257577    8499 megascale_context.cc:439] Destroying MegaScale PjrtExecutableContext: jit_op
MANUAL_AR_RESULT {"batch": 10, "benchmark": "manual_ar", "host_gbps_best": 343.779210929715, "host_gbps_median": 331.99909618749393, "matrix_dim": 32768, "network_delta": {"cilium_host": {"rx_bytes": 0, "tx_bytes": 0}, "cilium_net": {"rx_bytes": 0, "tx_bytes": 0}, "docker0": {"rx_bytes": 0, "tx_bytes": 0}, "eth0": {"rx_bytes": 922496, "tx_bytes": 6748491}, "eth1": {"rx_bytes": 1189224087108, "tx_bytes": 1206856532486}, "eth2": {"rx_bytes": 1235482572536, "tx_bytes": 1205695708203}, "lo": {"rx_bytes": 5217928, "tx_bytes": 5217928}, "lxc7a46b7c617f2": {"rx_bytes": 2233665, "tx_bytes": 711070}, "lxc98965bb30804": {"rx_bytes": 20954, "tx_bytes": 163182}, "lxcc0f9da7fa3ad": {"rx_bytes": 27855, "tx_bytes": 4173}, "lxcee5710d8dac0": {"rx_bytes": 34748, "tx_bytes": 6089}, "lxceee434c5d682": {"rx_bytes": 633, "tx_bytes": 20819}}, "participants_per_slice": 8, "reps": 8, "shard_bytes_per_device": 1073741824.0, "time_ms_all": [206.2211137963459, 207.75276459753513, 201.20519109768793, 201.37678950559348, 199.89421858917922, 218.3710145065561, 216.46693120710552, 217.50698609976098], "time_ms_best": 199.89421858917922, "time_ms_median": 206.9869391969405, "variant": "exchange_add", "warmups": 200}
MANUAL_AR_SUMMARY {"exchange_add@32768": 343.8, "psum@32768": 331.5}
I0909 12:35:16.263731    8499 megascale_context.cc:439] Destroying MegaScale PjrtExecutableContext: jit__identity_fn
W0909 12:35:16.266770    9476 pjrt_client.h:601] UpdateGlobalProcessInfo is not supported.
I0909 12:35:16.293574    8499 allocator_stats_reporter.cc:147] Stopping AllocatorStatsReporter. Reporting one last time first.
I0909 12:35:16.294157    9222 tpu_diagnostic_coordinator.cc:565] TpuStallWorker thread exiting.
I0909 12:35:16.338499    8499 tpunetd_client.cc:431] Session master stopping the session...
I0909 12:35:16.338898    9218 session_worker_service.cc:115] Session master notifies the worker to disconnect from session 94cf898ec7d83642
I0909 12:35:16.338958    8499 tpunetd_client.cc:433] Session master stopped the session.
I0909 12:35:16.338971    8499 tpunetd_client.cc:438] Session manager stopping the session...
I0909 12:35:16.443291    8499 tpunetd_client.cc:440] Session manager stopped the session.
I0909 12:35:21.776538   10563 async_driver.cc:1178] [/dev/vfio/5 tpu662:pe0:1] vf_id:0 Driver closed.
I0909 12:35:21.905663    9460 async_driver.cc:1178] [/dev/vfio/6 tpu662:pe0:2] vf_id:0 Driver closed.
I0909 12:35:21.918300    9278 async_driver.cc:1178] [/dev/vfio/1 tpu662:pe0:3] vf_id:0 Driver closed.
I0909 12:35:22.070641   10800 async_driver.cc:1178] [/dev/vfio/4 tpu662:pe0:0] vf_id:0 Driver closed.
I0909 12:35:22.072656   10800 megascale_context.cc:439] Destroying MegaScale PjrtExecutableContext: jit__identity_fn
I0909 12:35:22.072723   10800 megascale_context.cc:1131] Destroying MegaScale PjrtClientContext.
MC_CONFIG_END name=both16 pass=1
MC_CONFIG_BEGIN name=base pass=2 port=1305 flags=--xla_tpu_use_megascale_host_reduction=false
ERROR: Accessing retired flag 'eventmanager2_as_default_eventmanager'
I0909 12:35:31.243951   10925 b295d63588a.cc:792] Linux version 6.12.94+ (builder@b181c7a13d4c) (Chromium OS 17.0_pre498229-r33 clang version 17.0.0 (/mnt/host/source/src/third_party/llvm-project 14f0776550b5a49e1c42f49a00213f7f3fa047bf), LLD 17.0.0) #1 SMP Mon Jul 27 22:05:55 UTC 2026
I0909 12:35:31.244247   10925 b295d63588a.cc:876] Process id 10925
I0909 12:35:31.244260   10925 b295d63588a.cc:882] Current working directory /jax-ai-image
I0909 12:35:31.244265   10925 b295d63588a.cc:885] Current timezone is UTC (currently UTC +00:00)
I0909 12:35:31.244268   10925 b295d63588a.cc:890] Built on Dec 31 1969 16:00:00 (0)
I0909 12:35:31.244269   10925 b295d63588a.cc:891]  at redacted@redacted:.
I0909 12:35:31.244270   10925 b295d63588a.cc:892]  as //learning/45eac/tfrc/executor:_libtpu.so.native
I0909 12:35:31.244272   10925 b295d63588a.cc:893]  for gcc-4.X.Y-crosstool-v18-llvm-grtev4-k8.k8
I0909 12:35:31.244273   10925 b295d63588a.cc:902] Build tool: redacted
I0909 12:35:31.244275   10925 b295d63588a.cc:903] Build target: 
I0909 12:35:31.244279   10925 b295d63588a.cc:911] Command line arguments:
I0909 12:35:31.244280   10925 b295d63588a.cc:913] argv[0]: './tpu_driver'
I0909 12:35:31.244282   10925 b295d63588a.cc:913] argv[1]: '--minloglevel=0'
I0909 12:35:31.244284   10925 b295d63588a.cc:913] argv[2]: '--stderrthreshold=0'
I0909 12:35:31.244286   10925 b295d63588a.cc:913] argv[3]: '--v=0'
I0909 12:35:31.244287   10925 b295d63588a.cc:913] argv[4]: '--vmodule='
I0909 12:35:31.244289   10925 b295d63588a.cc:913] argv[5]: '--log_dir=/tmp/tpu_logs/benchmark'
I0909 12:35:31.244290   10925 b295d63588a.cc:913] argv[6]: '--max_log_size=1024'
I0909 12:35:31.244291   10925 b295d63588a.cc:913] argv[7]: '--deepsea_hal_included_devs=3,0,1,2'
I0909 12:35:31.244293   10925 b295d63588a.cc:913] argv[8]: '--megascale_transport_numa_node=0,1'
I0909 12:35:31.244295   10925 b295d63588a.cc:913] argv[9]: '--next_pluggable_device_use_c_api=0'
I0909 12:35:31.244296   10925 b295d63588a.cc:913] argv[10]: '--deepsea_wrap=false,false,false'
I0909 12:35:31.244298   10925 b295d63588a.cc:913] argv[11]: '--deepsea_twist=false'
I0909 12:35:31.244299   10925 b295d63588a.cc:913] argv[12]: '--deepsea_chip_config_name=default'
I0909 12:35:31.244301   10925 b295d63588a.cc:913] argv[13]: '--deepsea_chips_per_host_bounds=2,2,1'
I0909 12:35:31.244302   10925 b295d63588a.cc:913] argv[14]: '--deepsea_host_bounds=1,1,1'
I0909 12:35:31.244303   10925 b295d63588a.cc:913] argv[15]: '--deepsea_slice_builder_worker_port=8471'
I0909 12:35:31.244304   10925 b295d63588a.cc:913] argv[16]: '--deepsea_slice_builder_worker_addresses=dcn-mc3-slice-0-0.dcn-mc3:8471'
I0909 12:35:31.244306   10925 b295d63588a.cc:913] argv[17]: '--tpu_slice_builder_dump_chip=false'
I0909 12:35:31.244307   10925 b295d63588a.cc:913] argv[18]: '--tpu_slice_builder_dump_chip_force=false'
I0909 12:35:31.244308   10925 b295d63588a.cc:913] argv[19]: '--tpu_slice_builder_dump_to_localhost=1'
I0909 12:35:31.244309   10925 b295d63588a.cc:913] argv[20]: '--vbar_control_service_url=unix:///var/run/tpu-plugin/vbar.sock'
I0909 12:35:31.244311   10925 b295d63588a.cc:913] argv[21]: '--bypass_vbar_control_service=0'
I0909 12:35:31.244312   10925 b295d63588a.cc:913] argv[22]: '--deepsea_ici_resilient=false'
I0909 12:35:31.244314   10925 b295d63588a.cc:913] argv[23]: '--xla_tpu_use_resilient_collective_emitter=false'
I0909 12:35:31.244315   10925 b295d63588a.cc:913] argv[24]: '--tpu_slice_builder_topology_discovery_fault_injection='
I0909 12:35:31.244316   10925 b295d63588a.cc:913] argv[25]: '--runtime_metric_service_port=8431'
I0909 12:35:31.244317   10925 b295d63588a.cc:913] argv[26]: '--tpu_hbm_report_enable=1'
I0909 12:35:31.244318   10925 b295d63588a.cc:913] argv[27]: '--tpu_hbm_report_frequency=5s'
I0909 12:35:31.244320   10925 b295d63588a.cc:913] argv[28]: '--megascale_coordinator_address=dcn-mc3-slice-0-0.dcn-mc3:8081'
I0909 12:35:31.244321   10925 b295d63588a.cc:913] argv[29]: '--megascale_slice_id=0'
I0909 12:35:31.244322   10925 b295d63588a.cc:913] argv[30]: '--megascale_num_slices=2'
I0909 12:35:31.244324   10925 b295d63588a.cc:913] argv[31]: '--megascale_transport_type=grpc'
I0909 12:35:31.244325   10925 b295d63588a.cc:913] argv[32]: '--megascale_port=8081'
I0909 12:35:31.244337   10925 b295d63588a.cc:913] argv[33]: '--megascale_use_insecure_grpc'
I0909 12:35:31.244338   10925 b295d63588a.cc:913] argv[34]: '--megascale_grpc_use_chaotic_good=true'
I0909 12:35:31.244344   10925 b295d63588a.cc:913] argv[35]: '--megascale_grpc_use_event_engine_allocator=true'
I0909 12:35:31.244345   10925 b295d63588a.cc:913] argv[36]: '--grpc_enable_tcp_recv_zerocopy=false'
I0909 12:35:31.244346   10925 b295d63588a.cc:913] argv[37]: '--grpc_enable_rpc_receive_coalescing=true'
I0909 12:35:31.244347   10925 b295d63588a.cc:913] argv[38]: '--megascale_grpc_enable_numa_aware_transmit=true'
I0909 12:35:31.244348   10925 b295d63588a.cc:913] argv[39]: '--megascale_grpc_use_numa_aware_event_engine=true'
I0909 12:35:31.244349   10925 b295d63588a.cc:913] argv[40]: '--megascale_debug_port=8081'
I0909 12:35:31.244350   10925 b295d63588a.cc:913] argv[41]: '--eventmanager2_as_default_eventmanager'
I0909 12:35:31.244351   10925 b295d63588a.cc:913] argv[42]: '--eventmanager2_default_autosizer=mean_latency'
I0909 12:35:31.244353   10925 b295d63588a.cc:913] argv[43]: '--megascale_grpc_enable_xor_tracer=true'
I0909 12:35:31.244354   10925 b295d63588a.cc:913] argv[44]: '--xor_trace_sampling_period=100'
I0909 12:35:31.244355   10925 b295d63588a.cc:913] argv[45]: '--rpc_transport_metrics_period=20'
I0909 12:35:31.244357   10925 b295d63588a.cc:913] argv[46]: '--grpc_experiments=event_engine_client,chaotic_good_framing_layer,tcp_rcv_lowat,instrument_tcp_telemetry,event_engine_listener,use_call_event_engine_in_completion_queue'
I0909 12:35:31.244358   10925 b295d63588a.cc:913] argv[47]: '--enable_runtime_uptime_telemetry=true'
I0909 12:35:31.244359   10925 b295d63588a.cc:913] argv[48]: '--xla_tpu_use_megascale_host_reduction=false'
I0909 12:35:31.244361   10925 b295d63588a.cc:913] argv[49]: '--xla_tpu_use_enhanced_launch_barrier=true'
I0909 12:35:31.244362   10925 b295d63588a.cc:913] argv[50]: '--xla_tpu_prefer_async_allgather_to_allreduce=true'
I0909 12:35:31.244363   10925 b295d63588a.cc:913] argv[51]: '--xla_tpu_data_parallel_opt_different_sized_ops=true'
I0909 12:35:31.244365   10925 b295d63588a.cc:913] argv[52]: '--xla_tpu_enable_data_parallel_all_reduce_opt=true'
I0909 12:35:31.244366   10925 b295d63588a.cc:913] argv[53]: '--megascale_coordinator_address=dcn-mc3-slice-0-0.dcn-mc3:8081'
I0909 12:35:31.244368   10925 b295d63588a.cc:913] argv[54]: '--megascale_slice_id=0'
I0909 12:35:31.244369   10925 b295d63588a.cc:913] argv[55]: '--megascale_num_slices=2'
I0909 12:35:31.244370   10925 b295d63588a.cc:913] argv[56]: '--megascale_transport_type=grpc'
I0909 12:35:31.244372   10925 b295d63588a.cc:913] argv[57]: '--megascale_port=8081'
I0909 12:35:31.244373   10925 b295d63588a.cc:913] argv[58]: '--megascale_use_insecure_grpc'
I0909 12:35:31.244375   10925 b295d63588a.cc:913] argv[59]: '--megascale_grpc_interface_prefixes=eth1,eth2,lo'
I0909 12:35:31.244534   10925 init.cc:78] Remote crash gathering hook installed.
I0909 12:35:31.280482   10925 tpu_runtime_type_flags.cc:78] --tpu_use_tfrt not specified. Using default value: true
I0909 12:35:31.280566   10925 host_command_handler_factory.cc:31] Skipping registration of host command handler for opcode Log because it is not in the allowlist.
I0909 12:35:31.280589   10925 tpu_hal.cc:467] Registered plugin from module: megascale_sync_flag_logger
I0909 12:35:31.282552   10925 tpu_hal.cc:467] Registered plugin from module: RuntimeMetricHelper
E0909 12:35:31.282571   10925 autosizer.cc:43] mean_latency is deprecated. Please remove this setting.
I0909 12:35:31.284873   10925 logger.cc:308] Enabling threaded logging for severity WARNING
I0909 12:35:31.284900   10925 tpu_hal.cc:467] Registered plugin from module: sdc_checker_callback
I0909 12:35:31.285476   10925 mlock.cc:220] mlock()-ed 4096 bytes for BuildID, using 1 syscalls.
I0909 12:35:31.285519   10925 debug_manager.cc:266] Registering error handler with name: libtpu_telemetry_handler
I0909 12:35:31.300118   10925 singleton_tpu_states_manager.cc:86] TPU premapped buffer enabled. Size: 4294967296 Threshold: 4294967296 Partitions: 1
I0909 12:35:31.300133   10925 singleton_tpu_states_manager.cc:110] TpuStatesManager::GetOrCreate(): no tpu system exists. Creating a new tpu system.
I0909 12:35:31.306674   10925 device_util.cc:89] Found 4 TPU7x chips.
I0909 12:35:31.306690   10925 tpu_version_flag.cc:77] Using auto-detected TPU version TPU7x
I0909 12:35:31.322716   10925 tpu_chip_config.cc:367] Resolved chip config alias default->megachip for 6acc60406, 
I0909 12:35:31.322967   10925 pending_event_logger.cc:1003] Enabling PjRt/TPU event dependency logging.
I0909 12:35:31.328435   11300 flags_util.cc:316] Using 8471 from --deepsea_slice_builder_worker_port as SliceBuilder worker service port.
I0909 12:35:31.333513   11300 tpu_network_factory.cc:67] Running in Cloud, using TpunetdClient
I0909 12:35:31.333531   11300 tpunetd_client.cc:163] Creating TpunetdClient with topology go/debugproto  
x_dimension: 2
y_dimension: 2
z_dimension: 1
x_wrapping: false
y_wrapping: false
z_wrapping: false
I0909 12:35:31.342004   11300 init-domain.cc:132] Fiber init: default domain = futex, concurrency = 246, prefix = futex-default
I0909 12:35:33.205666   11306 async_driver.cc:485] [/dev/vfio/1 tpu662:pe0:3] vf_id:0 Driver opened.
I0909 12:35:33.206399   11303 async_driver.cc:485] [/dev/vfio/4 tpu662:pe0:0] vf_id:0 Driver opened.
I0909 12:35:33.217195   11305 async_driver.cc:485] [/dev/vfio/6 tpu662:pe0:2] vf_id:0 Driver opened.
I0909 12:35:33.273648   11302 futex.cc:71] RAW: Futex::Swap(): using GFUTEX_SWAP
I0909 12:35:33.283930   11306 tpu_vxc_driver.cc:967] Throttled firmware queue size configured to 223(Firmware queue size: 256, leaving 32 for misc purposes).
I0909 12:35:33.300178   11303 tpu_vxc_driver.cc:967] Throttled firmware queue size configured to 223(Firmware queue size: 256, leaving 32 for misc purposes).
I0909 12:35:33.300287   11304 async_driver.cc:485] [/dev/vfio/5 tpu662:pe0:1] vf_id:0 Driver opened.
I0909 12:35:33.308522   11305 tpu_vxc_driver.cc:967] Throttled firmware queue size configured to 223(Firmware queue size: 256, leaving 32 for misc purposes).
I0909 12:35:33.323075   11304 tpu_vxc_driver.cc:967] Throttled firmware queue size configured to 223(Firmware queue size: 256, leaving 32 for misc purposes).
I0909 12:35:33.339988   11306 async_driver.cc:1843] All cores supported.
I0909 12:35:33.341291   11303 async_driver.cc:1843] All cores supported.
I0909 12:35:33.341756   11305 async_driver.cc:1843] All cores supported.
I0909 12:35:33.345517   11304 async_driver.cc:1843] All cores supported.
I0909 12:35:33.345559   11300 tpunetd_client.cc:338] Connecting to vbar control service at unix:///var/run/tpu-plugin/vbar.sock
I0909 12:35:33.345616   11300 config.cc:265] gRPC experiments: instrument_tcp_telemetry:on, tcp_rcv_lowat:on, use_call_event_engine_in_completion_queue:on; default-enabled: buffer_list_deletion_prep, cache_loas_context_in_connection_context, call_tracer_send_initial_metadata_is_an_annotation, callv3_batch_validation, callv3_ef5bb7_client, callv3_ef5bb7_server, chaotic_good_framing_layer, chaotic_good_send_supported_features, custom_frame_check, directpath_rpc_header_sanitization_filter, ef5bb7_global_family_cache, event_engine_callback_cq, event_engine_client, event_engine_listener, header_data_frame, inproc_cancel_stream, message_size_refactoring, monitoring_experiment, optimization_01, optimization_02, optimization_03, optimization_04, ph2_perf_01, promise_batch_cleanup_on_cancel, promise_filter_send_cancel_metadata, psp_tsi_handshaker_shutdown, skip_clear_peer_on_cancellation, tsi_frame_protector_without_locks, v2_non_owning_waker_implementation, verbose_channelz_connection_logging, wildcard_ip_expansion_restriction, xds_server_filter_chain_per_route
I0909 12:35:33.350480   11300 tpunetd_client.cc:289] Session manager starting a new session...
I0909 12:35:33.454608   11300 vbar_control.cc:201] TPU backend connection test passed! 
I0909 12:35:33.659947   11300 tpunetd_client.cc:291] Session manager started the new session.
I0909 12:35:33.659960   11300 tpunetd_client.cc:295] Session master starting a new session...
I0909 12:35:33.659962   11300 session_master.cc:263] Starting a new ICI network session...
I0909 12:35:33.660369   11302 session_worker_service.cc:110] Session master notifies the worker in a new session: a1a8a6b354c3b084
I0909 12:35:33.764728   11300 session_master.cc:307] Successfully started ICI network session with session id: a1a8a6b354c3b084
I0909 12:35:33.764776   11300 tpunetd_client.cc:297] Session master started the new session.
I0909 12:35:33.770077   11300 tpu_hal.cc:209] Starting premapped memory manager initialization...
W0909 12:35:33.773318   11303 libtpu_telemetry_utils.cc:44] Metric already exists: hlo.execution.timing.distribution.microseconds
W0909 12:35:33.773334   11303 libtpu_telemetry_utils.cc:44] Metric already exists: hlo.queue.size.gauge
W0909 12:35:33.773323   11305 libtpu_telemetry_utils.cc:44] Metric already exists: hlo.execution.timing.distribution.microseconds
W0909 12:35:33.773343   11305 libtpu_telemetry_utils.cc:44] Metric already exists: hlo.queue.size.gauge
W0909 12:35:33.773517   11304 libtpu_telemetry_utils.cc:44] Metric already exists: hlo.execution.timing.distribution.microseconds
W0909 12:35:33.773539   11304 libtpu_telemetry_utils.cc:44] Metric already exists: hlo.queue.size.gauge
W0909 12:35:33.774745   11306 libtpu_telemetry_utils.cc:44] Metric already exists: hlo.execution.timing.distribution.microseconds
W0909 12:35:33.774753   11303 libtpu_telemetry_utils.cc:44] Metric already exists: hlo.execution.timing.distribution.microseconds
W0909 12:35:33.774768   11306 libtpu_telemetry_utils.cc:44] Metric already exists: hlo.queue.size.gauge
W0909 12:35:33.774770   11303 libtpu_telemetry_utils.cc:44] Metric already exists: hlo.queue.size.gauge
W0909 12:35:33.774800   11305 libtpu_telemetry_utils.cc:44] Metric already exists: hlo.execution.timing.distribution.microseconds
W0909 12:35:33.774811   11305 libtpu_telemetry_utils.cc:44] Metric already exists: hlo.queue.size.gauge
W0909 12:35:33.774992   11304 libtpu_telemetry_utils.cc:44] Metric already exists: hlo.execution.timing.distribution.microseconds
W0909 12:35:33.775006   11304 libtpu_telemetry_utils.cc:44] Metric already exists: hlo.queue.size.gauge
I0909 12:35:35.950872   11300 runtime_metric_service.cc:197] Successfully started Runtime Metric Service on port: 8431
I0909 12:35:35.951047   11300 system.cc:1112] tpu::System initialized, current host id: 0, logical device ids: 0,1,2,3,4,5,6,7
I0909 12:35:35.951095   10925 tpu_system_state.cc:224] CreateTpuSystemState: TPU initialization is successful and it took 4.628117523s
I0909 12:35:35.951113   10925 tpu_system_state.cc:228] CreateTpuSystemState: using TPU host premapped buffer of size: 4294967296
I0909 12:35:35.951126   10925 tpu_host_allocator.cc:68] Premapped buffer is using alignment 64
I0909 12:35:35.951628   10925 tpu_linearizer.cc:104] Inflight linearization byte limit configured to : 1099511627776
I0909 12:35:35.951635   10925 tpu_linearizer.cc:118] Inflight delinearization byte limit configured to : 1099511627776
I0909 12:35:35.951896   11648 tpu_diagnostic_coordinator.cc:610] TpuDiagnosticCoordinator listening on socket /tmp/tpu_diag_trigger_10925.socket (symlinked at /tmp/tpu_diag_latest.socket)
I0909 12:35:35.952020   10925 allocator_stats_reporter.cc:117] Starting AllocatorStats Reporter with reporting interval: 5s
I0909 12:35:35.952043   10925 megascale_context.cc:969] Using shared executor for compute since we are running on 6acc60406.
W0909 12:35:35.952050   10925 impairments_service.cc:60] Resetting impairments.
I0909 12:35:35.952069   10925 numa_utils.cc:43] Available NUMA node in this process: 1,0
E0909 12:35:35.952156   10925 autosizer.cc:43] mean_latency is deprecated. Please remove this setting.
E0909 12:35:35.954533   10925 autosizer.cc:43] mean_latency is deprecated. Please remove this setting.
I0909 12:35:35.957006   10925 flags.cc:231] The actual send_rpc_timeout is set to: 45s. Adjusted from the original send_rpc_timeout: 45s, graph_hang_threshold: 5m, graph_within_launch_hang_threshold: 1m
I0909 12:35:35.957021   10925 numa_aware_allocator.cc:60] Creating numa aware allocators, number of NUMA nodes is 2
I0909 12:35:35.957028   10925 numa_aware_allocator.cc:63] Creating numa aware allocator for NUMA nodes 0
I0909 12:35:35.957050   10925 communication_backend.cc:300] Done allocating premapped memory of size 17179869184 bytes in 20.845us
I0909 12:35:35.957056   10925 numa_aware_allocator.cc:76] Binding memory address 0x7fa877fff000 with NUMA node mask 1
I0909 12:35:48.330762   10925 communication_backend.cc:310] Done premapping memory of size 17179869184 bytes in 12.364514848s
I0909 12:35:48.330804   10925 numa_aware_allocator.cc:63] Creating numa aware allocator for NUMA nodes 1
I0909 12:35:48.330829   10925 communication_backend.cc:300] Done allocating premapped memory of size 17179869184 bytes in 21.087us
I0909 12:35:48.330834   10925 numa_aware_allocator.cc:76] Binding memory address 0x7fa477ffd000 with NUMA node mask 2
I0909 12:36:01.107750   10925 communication_backend.cc:310] Done premapping memory of size 17179869184 bytes in 12.77600571s
I0909 12:36:01.107793   10925 communication_backend.cc:375] Preallocated 17179869184 bytes with Megascale allocator.
I0909 12:36:01.107822   10925 eigen_compute_engine.cc:333] Creating EigenComputeEngine with options: {executor = 0x5b6e3a5c5360, force_use_shared_executor = true, num_cores_per_device = 16}
I0909 12:36:01.107926   11023 communication_backend.cc:1179] Initializing MegaScale transport.
E0909 12:36:01.107974   11023 autosizer.cc:43] mean_latency is deprecated. Please remove this setting.
E0909 12:36:01.108114   10925 autosizer.cc:43] mean_latency is deprecated. Please remove this setting.
E0909 12:36:01.111591   10925 autosizer.cc:43] mean_latency is deprecated. Please remove this setting.
E0909 12:36:01.112216   11023 autosizer.cc:43] mean_latency is deprecated. Please remove this setting.
E0909 12:36:01.113984   10925 autosizer.cc:43] mean_latency is deprecated. Please remove this setting.
E0909 12:36:01.123748   11023 autosizer.cc:43] mean_latency is deprecated. Please remove this setting.
E0909 12:36:01.123757   10925 autosizer.cc:43] mean_latency is deprecated. Please remove this setting.
E0909 12:36:01.127144   10925 autosizer.cc:43] mean_latency is deprecated. Please remove this setting.
I0909 12:36:01.127252   11023 grpc_transport.cc:2407] Create GrpcTransport with LIBTPU_ON_GCE.
I0909 12:36:01.127303   11023 transport.cc:862] Using IP addresses for interface discovery.
I0909 12:36:01.127306   11023 transport.cc:757] Could not read interface to NUMA node map from env variables, falling back to reading from file system.
I0909 12:36:01.127438   11023 transport.cc:723] Could not read filename /sys/class/net/cilium_host/device/numa_node with status Stat failed for /sys/class/net/cilium_host/device/numa_node: No such file or directory
I0909 12:36:01.127447   11023 transport.cc:723] Could not read filename /sys/class/net/cilium_net/device/numa_node with status Stat failed for /sys/class/net/cilium_net/device/numa_node: No such file or directory
I0909 12:36:01.127453   11023 transport.cc:723] Could not read filename /sys/class/net/docker0/device/numa_node with status Stat failed for /sys/class/net/docker0/device/numa_node: No such file or directory
I0909 12:36:01.127912   11023 transport.cc:723] Could not read filename /sys/class/net/lo/device/numa_node with status Stat failed for /sys/class/net/lo/device/numa_node: No such file or directory
I0909 12:36:01.127919   11023 transport.cc:723] Could not read filename /sys/class/net/lxc7a46b7c617f2/device/numa_node with status Stat failed for /sys/class/net/lxc7a46b7c617f2/device/numa_node: No such file or directory
I0909 12:36:01.127925   11023 transport.cc:723] Could not read filename /sys/class/net/lxc98965bb30804/device/numa_node with status Stat failed for /sys/class/net/lxc98965bb30804/device/numa_node: No such file or directory
I0909 12:36:01.127930   11023 transport.cc:723] Could not read filename /sys/class/net/lxcc0f9da7fa3ad/device/numa_node with status Stat failed for /sys/class/net/lxcc0f9da7fa3ad/device/numa_node: No such file or directory
I0909 12:36:01.127935   11023 transport.cc:723] Could not read filename /sys/class/net/lxcee5710d8dac0/device/numa_node with status Stat failed for /sys/class/net/lxcee5710d8dac0/device/numa_node: No such file or directory
I0909 12:36:01.127941   11023 transport.cc:723] Could not read filename /sys/class/net/lxceee434c5d682/device/numa_node with status Stat failed for /sys/class/net/lxceee434c5d682/device/numa_node: No such file or directory
I0909 12:36:01.127942   11023 transport.cc:734] Interfaces on available NUMA nodes: [{"eth2", 1}, {"eth0", 0}, {"eth1", 0}]
I0909 12:36:01.127963   11023 transport.cc:761] Interfaces corresponding to process' NUMA nodes: [[{"eth0", 0}, {"eth1", 0}, {"eth2", 1}]]
I0909 12:36:01.128612   11023 transport.cc:773] Interface eth0 will not be used as it does not start with one of the prefixes: eth1,eth2,lo
I0909 12:36:01.128620   11023 transport.cc:773] Interface docker0 will not be used as it does not start with one of the prefixes: eth1,eth2,lo
I0909 12:36:01.128621   11023 transport.cc:773] Interface lxceee434c5d682 will not be used as it does not start with one of the prefixes: eth1,eth2,lo
I0909 12:36:01.128623   11023 transport.cc:773] Interface cilium_net will not be used as it does not start with one of the prefixes: eth1,eth2,lo
I0909 12:36:01.128624   11023 transport.cc:773] Interface cilium_host will not be used as it does not start with one of the prefixes: eth1,eth2,lo
I0909 12:36:01.128625   11023 transport.cc:773] Interface lxc98965bb30804 will not be used as it does not start with one of the prefixes: eth1,eth2,lo
I0909 12:36:01.128626   11023 transport.cc:773] Interface lxc7a46b7c617f2 will not be used as it does not start with one of the prefixes: eth1,eth2,lo
I0909 12:36:01.128627   11023 transport.cc:773] Interface lxcc0f9da7fa3ad will not be used as it does not start with one of the prefixes: eth1,eth2,lo
I0909 12:36:01.128628   11023 transport.cc:773] Interface lxcee5710d8dac0 will not be used as it does not start with one of the prefixes: eth1,eth2,lo
I0909 12:36:01.128631   11023 transport.cc:773] Interface eth0 will not be used as it does not start with one of the prefixes: eth1,eth2,lo
I0909 12:36:01.128678   11023 transport.cc:819] Added IP address 10.240.96.10:8081 on network interface eth1
I0909 12:36:01.128684   11023 transport.cc:819] Added IP address 10.240.48.10:8081 on network interface eth2
I0909 12:36:01.128686   11023 transport.cc:773] Interface docker0 will not be used as it does not start with one of the prefixes: eth1,eth2,lo
I0909 12:36:01.128687   11023 transport.cc:773] Interface lxceee434c5d682 will not be used as it does not start with one of the prefixes: eth1,eth2,lo
I0909 12:36:01.128688   11023 transport.cc:773] Interface cilium_host will not be used as it does not start with one of the prefixes: eth1,eth2,lo
I0909 12:36:01.128689   11023 transport.cc:773] Interface lxc98965bb30804 will not be used as it does not start with one of the prefixes: eth1,eth2,lo
I0909 12:36:01.128690   11023 transport.cc:773] Interface lxc7a46b7c617f2 will not be used as it does not start with one of the prefixes: eth1,eth2,lo
I0909 12:36:01.128691   11023 transport.cc:773] Interface lxcc0f9da7fa3ad will not be used as it does not start with one of the prefixes: eth1,eth2,lo
I0909 12:36:01.128692   11023 transport.cc:773] Interface lxcee5710d8dac0 will not be used as it does not start with one of the prefixes: eth1,eth2,lo
I0909 12:36:01.128693   11023 transport.cc:773] Interface eth0 will not be used as it does not start with one of the prefixes: eth1,eth2,lo
I0909 12:36:01.128695   11023 transport.cc:773] Interface lxceee434c5d682 will not be used as it does not start with one of the prefixes: eth1,eth2,lo
I0909 12:36:01.128696   11023 transport.cc:773] Interface cilium_net will not be used as it does not start with one of the prefixes: eth1,eth2,lo
I0909 12:36:01.128697   11023 transport.cc:773] Interface cilium_host will not be used as it does not start with one of the prefixes: eth1,eth2,lo
I0909 12:36:01.128698   11023 transport.cc:773] Interface lxc98965bb30804 will not be used as it does not start with one of the prefixes: eth1,eth2,lo
I0909 12:36:01.128699   11023 transport.cc:773] Interface lxc7a46b7c617f2 will not be used as it does not start with one of the prefixes: eth1,eth2,lo
I0909 12:36:01.128700   11023 transport.cc:773] Interface lxcc0f9da7fa3ad will not be used as it does not start with one of the prefixes: eth1,eth2,lo
I0909 12:36:01.128701   11023 transport.cc:773] Interface lxcee5710d8dac0 will not be used as it does not start with one of the prefixes: eth1,eth2,lo
I0909 12:36:01.128709   11023 grpc_transport.cc:2332] Creating gRPC server on: 10.240.96.10:8081eth1
I0909 12:36:01.128722   11023 grpc_transport.cc:2348] Creating gRPC server with event engine allocator (chaotic good).
I0909 12:36:01.128732   11023 grpc_transport.cc:2365] Starting gRPC server on: 10.240.96.10:8081
I0909 12:36:01.129441   11023 grpc_transport.cc:2332] Creating gRPC server on: 10.240.48.10:8081eth2
I0909 12:36:01.129466   11023 grpc_transport.cc:2348] Creating gRPC server with event engine allocator (chaotic good).
I0909 12:36:01.129470   11023 grpc_transport.cc:2365] Starting gRPC server on: 10.240.48.10:8081
I0909 12:36:01.129748   11023 communication_backend.cc:1290] MegaScale transport initialized.
I0909 12:36:01.129759   11023 communication_backend.cc:1489] MegaScale transport init succeeded.
E0909 12:36:01.129796   10925 autosizer.cc:43] mean_latency is deprecated. Please remove this setting.
I0909 12:36:01.132117   10925 debug_service_impl.cc:185] Starting Megascale Debug Server
I0909 12:36:01.132495   10925 topology_coordinator.cc:57] Megascale Topology Coordinator started for 2 slices
I0909 12:36:01.132517   10925 transport.cc:862] Using IP addresses for interface discovery.
I0909 12:36:01.132520   10925 transport.cc:757] Could not read interface to NUMA node map from env variables, falling back to reading from file system.
I0909 12:36:01.132522   10925 transport.cc:761] Interfaces corresponding to process' NUMA nodes: [[{"eth0", 0}, {"eth1", 0}, {"eth2", 1}]]
I0909 12:36:01.132913   10925 transport.cc:773] Interface eth0 will not be used as it does not start with one of the prefixes: eth1,eth2,lo
I0909 12:36:01.132920   10925 transport.cc:773] Interface docker0 will not be used as it does not start with one of the prefixes: eth1,eth2,lo
I0909 12:36:01.132921   10925 transport.cc:773] Interface lxceee434c5d682 will not be used as it does not start with one of the prefixes: eth1,eth2,lo
I0909 12:36:01.132923   10925 transport.cc:773] Interface cilium_net will not be used as it does not start with one of the prefixes: eth1,eth2,lo
I0909 12:36:01.132924   10925 transport.cc:773] Interface cilium_host will not be used as it does not start with one of the prefixes: eth1,eth2,lo
I0909 12:36:01.132926   10925 transport.cc:773] Interface lxc98965bb30804 will not be used as it does not start with one of the prefixes: eth1,eth2,lo
I0909 12:36:01.132927   10925 transport.cc:773] Interface lxc7a46b7c617f2 will not be used as it does not start with one of the prefixes: eth1,eth2,lo
I0909 12:36:01.132928   10925 transport.cc:773] Interface lxcc0f9da7fa3ad will not be used as it does not start with one of the prefixes: eth1,eth2,lo
I0909 12:36:01.132929   10925 transport.cc:773] Interface lxcee5710d8dac0 will not be used as it does not start with one of the prefixes: eth1,eth2,lo
I0909 12:36:01.132931   10925 transport.cc:773] Interface eth0 will not be used as it does not start with one of the prefixes: eth1,eth2,lo
I0909 12:36:01.132936   10925 transport.cc:819] Added IP address 10.240.96.10:8081 on network interface eth1
I0909 12:36:01.132940   10925 transport.cc:819] Added IP address 10.240.48.10:8081 on network interface eth2
I0909 12:36:01.132941   10925 transport.cc:773] Interface docker0 will not be used as it does not start with one of the prefixes: eth1,eth2,lo
I0909 12:36:01.132943   10925 transport.cc:773] Interface lxceee434c5d682 will not be used as it does not start with one of the prefixes: eth1,eth2,lo
I0909 12:36:01.132945   10925 transport.cc:773] Interface cilium_host will not be used as it does not start with one of the prefixes: eth1,eth2,lo
I0909 12:36:01.132946   10925 transport.cc:773] Interface lxc98965bb30804 will not be used as it does not start with one of the prefixes: eth1,eth2,lo
I0909 12:36:01.132948   10925 transport.cc:773] Interface lxc7a46b7c617f2 will not be used as it does not start with one of the prefixes: eth1,eth2,lo
I0909 12:36:01.132949   10925 transport.cc:773] Interface lxcc0f9da7fa3ad will not be used as it does not start with one of the prefixes: eth1,eth2,lo
I0909 12:36:01.132950   10925 transport.cc:773] Interface lxcee5710d8dac0 will not be used as it does not start with one of the prefixes: eth1,eth2,lo
I0909 12:36:01.132952   10925 transport.cc:773] Interface eth0 will not be used as it does not start with one of the prefixes: eth1,eth2,lo
I0909 12:36:01.132954   10925 transport.cc:773] Interface lxceee434c5d682 will not be used as it does not start with one of the prefixes: eth1,eth2,lo
I0909 12:36:01.132956   10925 transport.cc:773] Interface cilium_net will not be used as it does not start with one of the prefixes: eth1,eth2,lo
I0909 12:36:01.132958   10925 transport.cc:773] Interface cilium_host will not be used as it does not start with one of the prefixes: eth1,eth2,lo
I0909 12:36:01.132959   10925 transport.cc:773] Interface lxc98965bb30804 will not be used as it does not start with one of the prefixes: eth1,eth2,lo
I0909 12:36:01.132961   10925 transport.cc:773] Interface lxc7a46b7c617f2 will not be used as it does not start with one of the prefixes: eth1,eth2,lo
I0909 12:36:01.132962   10925 transport.cc:773] Interface lxcc0f9da7fa3ad will not be used as it does not start with one of the prefixes: eth1,eth2,lo
I0909 12:36:01.132964   10925 transport.cc:773] Interface lxcee5710d8dac0 will not be used as it does not start with one of the prefixes: eth1,eth2,lo
I0909 12:36:01.132969   10925 communication_backend.cc:984] Sending topology discovery request: go/debugproto  
address_mapping {
  addresses {
    address: "10.240.96.10:8081"
    interface_name: "eth1"
    host_name_for_debugging: "gke-tpu-edbc8be2-f4wr"
  }
  addresses {
    address: "10.240.48.10:8081"
    interface_name: "eth2"
    host_name_for_debugging: "gke-tpu-edbc8be2-f4wr"
    numa_node: 1
  }
  incarnation_id: 768447259014256091
}
tpu_topology_args {
  version: TPU_VERSION_6acc60406
  platform_type: TPU_PLATFORM_TYPE_HARDWARE
  chip_config_name: "default"
  chips_per_host_bounds {
    x: 2
    y: 2
    z: 1
  }
  host_bounds {
    x: 1
    y: 1
    z: 1
  }
  wrap {
  }
  enhanced_barrier_enabled: true
  use_continuations: true
  routing_strategy: ROUTING_MESH
}
incarnation_id: 768447259014256091
I0909 12:36:01.133284   10925 grpc_transport.cc:2220] Creating client for slice 0 host 0
I0909 12:36:01.133299   10925 grpc_transport.cc:2203] Using default interface. Available interfaces: [eth1,eth2]. Server information: go/debugproto  
address: "dcn-mc3-slice-0-0.dcn-mc3:8081"
I0909 12:36:01.133427   10925 grpc_transport.cc:2278] Created 1 channels for 1 interfaces on slice 0 host 0.
 Load balancing policy: Dynamic lb: max_outstanding_bytes (8388608).
I0909 12:36:01.134382   11770 cachednslookup.cc:391] TTL not found in response, not caching response
I0909 12:36:01.137448   11760 tpu_chip_config.cc:367] Resolved chip config alias default->megachip for 6acc60406, 
I0909 12:36:01.414092   11762 tpu_chip_config.cc:367] Resolved chip config alias default->megachip for 6acc60406, 
I0909 12:36:01.414263   11762 topology_coordinator.cc:325] MegaScale Topology Discovery completed.
I0909 12:36:01.414650   10925 communication_backend.cc:1002] Received topology discovery response: go/debugproto  
slice_info {
  tpu_topology_args {
    version: TPU_VERSION_6acc60406
    platform_type: TPU_PLATFORM_TYPE_HARDWARE
    chip_config_name: "default"
    chips_per_host_bounds {
      x: 2
      y: 2
      z: 1
    }
    host_bounds {
      x: 1
      y: 1
      z: 1
    }
    wrap {
    }
    enhanced_barrier_enabled: true
    use_continuations: true
    routing_strategy: ROUTING_MESH
  }
}
slice_info {
  slice_id: 1
  tpu_topology_args {
    version: TPU_VERSION_6acc60406
    platform_type: TPU_PLATFORM_TYPE_HARDWARE
    chip_config_name: "default"
    chips_per_host_bounds {
      x: 2
      y: 2
      z: 1
    }
    host_bounds {
      x: 1
      y: 1
      z: 1
    }
    wrap {
    }
    enhanced_barrier_enabled: true
    use_continuations: true
    routing_strategy: ROUTING_MESH
  }
}
address_mappings {
  addresses {
    address: "10.240.96.10:8081"
    interface_name: "eth1"
    host_name_for_debugging: "gke-tpu-edbc8be2-f4wr"
  }
  addresses {
    address: "10.240.48.10:8081"
    interface_name: "eth2"
    host_name_for_debugging: "gke-tpu-edbc8be2-f4wr"
    numa_node: 1
  }
  incarnation_id: 768447259014256091
}
address_mappings {
  slice_id: 1
  addresses {
    address: "10.240.96.6:8081"
    interface_name: "eth1"
    host_name_for_debugging: "gke-tpu-edbc8be2-h1bl"
  }
  addresses {
    address: "10.240.48.8:8081"
    interface_name: "eth2"
    host_name_for_debugging: "gke-tpu-edbc8be2-h1bl"
    numa_node: 1
  }
  incarnation_id: 13343696451533976735
}
incarnation_id: 768447259014256091
I0909 12:36:01.414748   10925 debug_manager.cc:266] Registering error handler with name: default_handler
I0909 12:36:01.414757   10925 megascale_context.cc:571] Using DCN topology: go/debugproto  
I0909 12:36:01.414786   10925 tpu_chip_config.cc:367] Resolved chip config alias default->megachip for 6acc60406, 
DCN_MULTISLICE_PREFLIGHT {"global_device_count": 16, "local_device_count": 8, "process_count": 2, "process_id": 0, "slice_counts": {"0": 8, "1": 8}}
W0909 12:36:01.416384   11864 pjrt_client.h:601] UpdateGlobalProcessInfo is not supported.
I0909 12:36:01.460139   10925 dump.cc:725] HloModule dump enabled with path prefix: , suffix: before_optimizations
W0909 12:36:01.465376   11866 tpu_spmd_partitioner.cc:460] Collective matmul V1 is enabled. Please consider migrating to V2 since V1 will be deprecated soon. You can enable V2 by setting xla_tpu_all_gather_collective_matmul_mode=post_spmd and xla_tpu_reduce_scatter_collective_matmul_mode=post_spmd.
I0909 12:36:01.472083   10925 deepsea_compiler_hlo_passes.cc:6406] xla_tpu_impure_hlo_parallel_compile is DISABLED. jit__identity_fn
I0909 12:36:01.474628   10925 latency_hiding_scheduler.cc:4420] [latency-hiding-scheduler] LatencyHidingScheduler current memory usage: 73792 bytes. Current limit: 96638113587
I0909 12:36:01.474972   10925 tpu_plumb_vmem_info.cc:677] scavenging_mode: 3 for module: jit__identity_fn
I0909 12:36:01.491680   10925 deepsea_compiler_hlo_passes.cc:6735] HLO_PASSES stage duration: 28.08766375ms
I0909 12:36:01.663081   11867 tpu_chip_config.cc:367] Resolved chip config alias default->megachip for 6acc60406, 
I0909 12:36:01.663283   11867 tpu_chip_config.cc:367] Resolved chip config alias default->megachip for 6acc60406, 
I0909 12:36:01.663487   11867 memory_space_assignment_util.cc:577] MSA Vmem breakdown: default scoped vmem (from flag): 33554432; does_msa_directly_allocate_scoped_vmem: T; bytes_for_msa_to_allocate: 67043328
I0909 12:36:01.677146   12093 deepsea_compiler_base.cc:4279] BACKEND_PASSES stage duration: 14.65249875ms
I0909 12:36:01.685740   12093 deepsea_compiler_backend.cc:1480] CODE_GENERATION stage duration: 8.49215475ms
I0909 12:36:01.685968   12093 isa_program_util_common.cc:373] (HLO module jit__identity_fn): Executable fingerprint:67556b1dd123307c8bb711c0434fbfac86eab215225618a5f838c0c427d4c3c2
I0909 12:36:01.685971   12093 isa_program_util_common.cc:377] (HLO module jit__identity_fn): Executable fingerprint (including data segments):c43bcc07663f8b538de614a22f9271d5656acd0e5f70af981aecc6805c64d3fd
I0909 12:36:01.685973   12093 isa_program_util_common.cc:380] (HLO module jit__identity_fn): Host transfer fingerprint:e6674013302fbdec09a2c7c89a12b340e612c48cc4b68dbb5d7ca9c5a25bab54
I0909 12:36:01.686154   10925 deepsea_compiler_base.cc:1055] END_TO_END stage duration: 226.21925875ms
I0909 12:36:01.686168   10925 deepsea_compiler_base.cc:1056] Note that END_TO_END duration also includes time outside of HLO_PASSES, BACKEND_PASSES, and CODE_GENERATION
I0909 12:36:01.686936   10925 megascale_context.cc:517] MegaScale DCNTopology fingerprint for: jit__identity_fn : 1688352644216761960 DevicesHash: 11843567257950195766 Topology: go/debugproto 
I0909 12:36:01.686974   10925 graph_builder.cc:257] Shapes to compress: [""]
I0909 12:36:01.686978   10925 graph_builder.cc:259] Prefixes to compress: [""]
I0909 12:36:01.687010   10925 graph_builder.cc:2912] Using MXLA graph seed: all-gather_0
I0909 12:36:01.687154   10925 host_command_scheduler_factory.cc:1312] Created a HostCommandScheduler with 18 rules for module jit__identity_fn HostTransfers Fingerprint: 3701741969770116811.
I0909 12:36:01.687165   10925 megascale_context.cc:686] MegaScale ExecutableContext created for module: jit__identity_fn with DCN topology: go/debugproto  
I0909 12:36:01.688014   11661 communication_backend.cc:625] Created communicator. Hostname: gke-tpu-edbc8be2-f4wr Slice ID: 0 Host ID: 0 NumSlices: 2 Device IDs: 0,1,2,3,4,5,6,7
I0909 12:36:01.689238   11827 grpc_transport.cc:2220] Creating client for slice 1 host 0
I0909 12:36:01.689263   11827 grpc_transport.cc:2200] Sending to 10.240.96.6:8081 on interface: eth1
I0909 12:36:01.689399   11827 grpc_transport.cc:2200] Sending to 10.240.48.8:8081 on interface: eth2
I0909 12:36:01.689459   11827 grpc_transport.cc:2278] Created 2 channels for 2 interfaces on slice 1 host 0.
 Load balancing policy: Dynamic lb: max_outstanding_bytes (8388608).
I0909 12:36:01.715881   10925 deepsea_compiler_hlo_passes.cc:6623] XLA::TPU running hlo passes for 21 instructions, module: jit__lambda
I0909 12:36:01.715893   10925 deepsea_compiler_hlo_passes.cc:6668] Initial HLO module: jit__lambda instructions: 21 fingerprint: 
I0909 12:36:01.716170   10925 deepsea_compiler_hlo_passes.cc:6526] HLO optimizing module: jit__lambda instructions: 19
I0909 12:36:01.716175   10925 deepsea_compiler_hlo_passes.cc:6539] XLA::TPU HLO optimization
W0909 12:36:01.716763   12128 tpu_spmd_partitioner.cc:460] Collective matmul V1 is enabled. Please consider migrating to V2 since V1 will be deprecated soon. You can enable V2 by setting xla_tpu_all_gather_collective_matmul_mode=post_spmd and xla_tpu_reduce_scatter_collective_matmul_mode=post_spmd.
I0909 12:36:01.724870   10925 deepsea_compiler_hlo_passes.cc:6406] xla_tpu_impure_hlo_parallel_compile is DISABLED. jit__lambda
I0909 12:36:01.727442   10925 deepsea_compiler_hlo_passes.cc:5472] XLA::TPU HLO PostOptimizationPipeline
I0909 12:36:01.728830   10925 latency_hiding_scheduler.cc:4420] [latency-hiding-scheduler] LatencyHidingScheduler current memory usage: 41024 bytes. Current limit: 96637751091
I0909 12:36:01.729538   10925 tpu_plumb_vmem_info.cc:677] scavenging_mode: 3 for module: jit__lambda
I0909 12:36:01.730217   10925 deepsea_compiler_hlo_passes.cc:6735] HLO_PASSES stage duration: 14.32371975ms
I0909 12:36:01.731466   11867 tpu_chip_config.cc:367] Resolved chip config alias default->megachip for 6acc60406, 
I0909 12:36:01.731636   11867 tpu_chip_config.cc:367] Resolved chip config alias default->megachip for 6acc60406, 
I0909 12:36:01.731830   11867 memory_space_assignment_util.cc:577] MSA Vmem breakdown: default scoped vmem (from flag): 33554432; does_msa_directly_allocate_scoped_vmem: T; bytes_for_msa_to_allocate: 67043328
I0909 12:36:01.750617   12132 deepsea_compiler_base.cc:4279] BACKEND_PASSES stage duration: 19.7317035ms
I0909 12:36:01.753128   12132 deepsea_compiler_backend.cc:1784] final program bundle count: 788 note this count does not reflect cycles spent executing delays.
I0909 12:36:01.758966   12132 deepsea_compiler_backend.cc:1980] Program divided into 2 overlays without HLO functions (90.5K).
I0909 12:36:01.759036   12132 deepsea_compiler_backend.cc:2150] XLA::TPU module name: jit__lambda
I0909 12:36:01.759040   12132 deepsea_compiler_backend.cc:2152] XLA::TPU program HBM usage: 266.5K / 94.74G
I0909 12:36:01.759042   12132 deepsea_compiler_backend.cc:2159] Note that --xla_tpu_max_hbm_size_mib is not specified. This means that the compiler may use up all available HBM, possibly prioritizing other metrics (latency, compile-time, ..) over memory usage. To reduce memory usage, set --xla_tpu_max_hbm_size_mib to a smaller value.
I0909 12:36:01.759044   12132 deepsea_compiler_backend.cc:2193] XLA::TPU program VMEM usage: 32.00M / 64.00M
I0909 12:36:01.759052   12132 deepsea_compiler_backend.cc:2204] Total hbm usage >= 268.28M:
    reserved        268.00M 
    program          266.5K 
    arguments         16.0K 

Output size 512B; shares 0B with arguments.

Total host usage >= 0B:
    reserved             0B 
    program         unknown size 
    arguments            0B 

Output size 0B; shares 0B with arguments.

I0909 12:36:01.759065   12132 deepsea_compiler_backend.cc:2208] Program sflag requirement 228B:
    reserved           204B
    scoped              16B
    HLO temp             8B (100.0% utilization: Unpadded (8B) Padded (8B), 0.0% fragmentation (0B))
Program sparse_core_sequencer_sflag requirement 36B:
    reserved            36B
Program sparse_core_tile_sflag requirement 4B:
    reserved             4B
Program sparse_core_sequencer_smem requirement 64B:
    reserved            64B
Program sparse_core_tile_smem requirement 0B:
Program hbm requirement 266.5K:
    HLO temp         176.0K (100.0% utilization: Unpadded (24.3K) Padded (24.3K), 86.2% fragmentation (151.7K))
    overlays          90.5K
Program vmem requirement 32.00M:
    HLO temp         32.00M (0.0% utilization: Unpadded (0B) Padded (0B), 100.0% fragmentation (32.00M))
Program smem requirement 36B:
    global               4B
    scoped              32B
Program host requirement 0B:
I0909 12:36:01.759067   12132 deepsea_compiler_backend.cc:2216] XLA::TPU program SMEM usage: 1.9K / 1.00M (1 parameters)
I0909 12:36:01.759157   12132 deepsea_compiler_backend.cc:1480] CODE_GENERATION stage duration: 8.46986875ms
I0909 12:36:01.759469   12132 isa_program_util_common.cc:373] (HLO module jit__lambda): Executable fingerprint:6a126cddbd2c7a63446e46d5dcaf750209d6c974ec79e4080fdc4ca9886f81e4
I0909 12:36:01.759472   12132 isa_program_util_common.cc:377] (HLO module jit__lambda): Executable fingerprint (including data segments):12c0715cab49b82f1e3ea1846957d5d3523547d5bf3cc57bcf82f0517b7a92e8
I0909 12:36:01.759474   12132 isa_program_util_common.cc:380] (HLO module jit__lambda): Host transfer fingerprint:2b9801a161c74c27631ae5e0b6d660abd73031d7eba34a0a6e10fff8dfd2f3ae
I0909 12:36:01.759644   10925 deepsea_compiler_base.cc:1055] END_TO_END stage duration: 46.07124825ms
I0909 12:36:01.759654   10925 deepsea_compiler_base.cc:1056] Note that END_TO_END duration also includes time outside of HLO_PASSES, BACKEND_PASSES, and CODE_GENERATION
I0909 12:36:01.760344   10925 megascale_context.cc:517] MegaScale DCNTopology fingerprint for: jit__lambda : 1688352644216761960 DevicesHash: 8081921339993277715 Topology: go/debugproto 
I0909 12:36:01.760662   10925 host_command_scheduler_factory.cc:1312] Created a HostCommandScheduler with 54 rules for module jit__lambda HostTransfers Fingerprint: 12151718319723310994.
I0909 12:36:01.760686   10925 megascale_context.cc:686] MegaScale ExecutableContext created for module: jit__lambda with DCN topology: go/debugproto  
I0909 12:36:01.785426   10925 deepsea_compiler_hlo_passes.cc:6623] XLA::TPU running hlo passes for 21 instructions, module: jit__lambda
I0909 12:36:01.785436   10925 deepsea_compiler_hlo_passes.cc:6668] Initial HLO module: jit__lambda instructions: 21 fingerprint: 
I0909 12:36:01.785654   10925 deepsea_compiler_hlo_passes.cc:6526] HLO optimizing module: jit__lambda instructions: 19
I0909 12:36:01.785659   10925 deepsea_compiler_hlo_passes.cc:6539] XLA::TPU HLO optimization
W0909 12:36:01.786173   12143 tpu_spmd_partitioner.cc:460] Collective matmul V1 is enabled. Please consider migrating to V2 since V1 will be deprecated soon. You can enable V2 by setting xla_tpu_all_gather_collective_matmul_mode=post_spmd and xla_tpu_reduce_scatter_collective_matmul_mode=post_spmd.
I0909 12:36:01.791585   10925 deepsea_compiler_hlo_passes.cc:6406] xla_tpu_impure_hlo_parallel_compile is DISABLED. jit__lambda
I0909 12:36:01.793834   10925 deepsea_compiler_hlo_passes.cc:5472] XLA::TPU HLO PostOptimizationPipeline
I0909 12:36:01.794916   10925 latency_hiding_scheduler.cc:4420] [latency-hiding-scheduler] LatencyHidingScheduler current memory usage: 41024 bytes. Current limit: 96637751091
I0909 12:36:01.795499   10925 tpu_plumb_vmem_info.cc:677] scavenging_mode: 3 for module: jit__lambda
I0909 12:36:01.796060   10925 deepsea_compiler_hlo_passes.cc:6735] HLO_PASSES stage duration: 10.624987ms
I0909 12:36:01.797248   11867 tpu_chip_config.cc:367] Resolved chip config alias default->megachip for 6acc60406, 
I0909 12:36:01.797413   11867 tpu_chip_config.cc:367] Resolved chip config alias default->megachip for 6acc60406, 
I0909 12:36:01.797598   11867 memory_space_assignment_util.cc:577] MSA Vmem breakdown: default scoped vmem (from flag): 33554432; does_msa_directly_allocate_scoped_vmem: T; bytes_for_msa_to_allocate: 67043328
I0909 12:36:01.816045   12147 deepsea_compiler_base.cc:4279] BACKEND_PASSES stage duration: 19.3808145ms
I0909 12:36:01.818828   12147 deepsea_compiler_backend.cc:1784] final program bundle count: 788 note this count does not reflect cycles spent executing delays.
I0909 12:36:01.824442   12147 deepsea_compiler_backend.cc:1980] Program divided into 2 overlays without HLO functions (90.5K).
I0909 12:36:01.824502   12147 deepsea_compiler_backend.cc:2150] XLA::TPU module name: jit__lambda
I0909 12:36:01.824506   12147 deepsea_compiler_backend.cc:2152] XLA::TPU program HBM usage: 266.5K / 94.74G
I0909 12:36:01.824508   12147 deepsea_compiler_backend.cc:2159] Note that --xla_tpu_max_hbm_size_mib is not specified. This means that the compiler may use up all available HBM, possibly prioritizing other metrics (latency, compile-time, ..) over memory usage. To reduce memory usage, set --xla_tpu_max_hbm_size_mib to a smaller value.
I0909 12:36:01.824510   12147 deepsea_compiler_backend.cc:2193] XLA::TPU program VMEM usage: 32.00M / 64.00M
I0909 12:36:01.824516   12147 deepsea_compiler_backend.cc:2204] Total hbm usage >= 268.28M:
    reserved        268.00M 
    program          266.5K 
    arguments         16.0K 

Output size 512B; shares 0B with arguments.

Total host usage >= 0B:
    reserved             0B 
    program         unknown size 
    arguments            0B 

Output size 0B; shares 0B with arguments.

I0909 12:36:01.824526   12147 deepsea_compiler_backend.cc:2208] Program sflag requirement 228B:
    reserved           204B
    scoped              16B
    HLO temp             8B (100.0% utilization: Unpadded (8B) Padded (8B), 0.0% fragmentation (0B))
Program sparse_core_sequencer_sflag requirement 36B:
    reserved            36B
Program sparse_core_tile_sflag requirement 4B:
    reserved             4B
Program sparse_core_sequencer_smem requirement 64B:
    reserved            64B
Program sparse_core_tile_smem requirement 0B:
Program hbm requirement 266.5K:
    HLO temp         176.0K (100.0% utilization: Unpadded (24.3K) Padded (24.3K), 86.2% fragmentation (151.7K))
    overlays          90.5K
Program vmem requirement 32.00M:
    HLO temp         32.00M (0.0% utilization: Unpadded (0B) Padded (0B), 100.0% fragmentation (32.00M))
Program smem requirement 36B:
    global               4B
    scoped              32B
Program host requirement 0B:
I0909 12:36:01.824528   12147 deepsea_compiler_backend.cc:2216] XLA::TPU program SMEM usage: 1.9K / 1.00M (1 parameters)
I0909 12:36:01.824610   12147 deepsea_compiler_backend.cc:1480] CODE_GENERATION stage duration: 8.49419875ms
I0909 12:36:01.824875   12147 isa_program_util_common.cc:373] (HLO module jit__lambda): Executable fingerprint:6a126cddbd2c7a63446e46d5dcaf750209d6c974ec79e4080fdc4ca9886f81e4
I0909 12:36:01.824878   12147 isa_program_util_common.cc:377] (HLO module jit__lambda): Executable fingerprint (including data segments):12c0715cab49b82f1e3ea1846957d5d3523547d5bf3cc57bcf82f0517b7a92e8
I0909 12:36:01.824879   12147 isa_program_util_common.cc:380] (HLO module jit__lambda): Host transfer fingerprint:2b9801a161c74c27631ae5e0b6d660abd73031d7eba34a0a6e10fff8dfd2f3ae
I0909 12:36:01.825364   10925 deepsea_compiler_base.cc:1055] END_TO_END stage duration: 42.0801865ms
I0909 12:36:01.825375   10925 deepsea_compiler_base.cc:1056] Note that END_TO_END duration also includes time outside of HLO_PASSES, BACKEND_PASSES, and CODE_GENERATION
I0909 12:36:01.825947   10925 megascale_context.cc:517] MegaScale DCNTopology fingerprint for: jit__lambda : 1688352644216761960 DevicesHash: 8081921339993277715 Topology: go/debugproto 
I0909 12:36:01.826271   10925 host_command_scheduler_factory.cc:1312] Created a HostCommandScheduler with 54 rules for module jit__lambda HostTransfers Fingerprint: 12151718319723310994.
I0909 12:36:01.826294   10925 megascale_context.cc:686] MegaScale ExecutableContext created for module: jit__lambda with DCN topology: go/debugproto  
I0909 12:36:01.833085   11568 megascale_context.cc:439] Destroying MegaScale PjrtExecutableContext: jit__lambda
I0909 12:36:01.849619   10925 deepsea_compiler_hlo_passes.cc:6623] XLA::TPU running hlo passes for 19 instructions, module: jit__lambda
I0909 12:36:01.849629   10925 deepsea_compiler_hlo_passes.cc:6668] Initial HLO module: jit__lambda instructions: 19 fingerprint: 
I0909 12:36:01.849833   10925 deepsea_compiler_hlo_passes.cc:6526] HLO optimizing module: jit__lambda instructions: 17
I0909 12:36:01.849837   10925 deepsea_compiler_hlo_passes.cc:6539] XLA::TPU HLO optimization
W0909 12:36:01.850286   12156 tpu_spmd_partitioner.cc:460] Collective matmul V1 is enabled. Please consider migrating to V2 since V1 will be deprecated soon. You can enable V2 by setting xla_tpu_all_gather_collective_matmul_mode=post_spmd and xla_tpu_reduce_scatter_collective_matmul_mode=post_spmd.
I0909 12:36:01.858161   10925 deepsea_compiler_hlo_passes.cc:6406] xla_tpu_impure_hlo_parallel_compile is DISABLED. jit__lambda
I0909 12:36:01.860286   10925 deepsea_compiler_hlo_passes.cc:5472] XLA::TPU HLO PostOptimizationPipeline
I0909 12:36:01.861313   10925 latency_hiding_scheduler.cc:4420] [latency-hiding-scheduler] LatencyHidingScheduler current memory usage: 24640 bytes. Current limit: 96637894451
I0909 12:36:01.861793   10925 tpu_plumb_vmem_info.cc:677] scavenging_mode: 3 for module: jit__lambda
I0909 12:36:01.862289   10925 deepsea_compiler_hlo_passes.cc:6735] HLO_PASSES stage duration: 12.65996275ms
I0909 12:36:01.863323   11867 tpu_chip_config.cc:367] Resolved chip config alias default->megachip for 6acc60406, 
I0909 12:36:01.863484   11867 tpu_chip_config.cc:367] Resolved chip config alias default->megachip for 6acc60406, 
I0909 12:36:01.863658   11867 memory_space_assignment_util.cc:577] MSA Vmem breakdown: default scoped vmem (from flag): 33554432; does_msa_directly_allocate_scoped_vmem: T; bytes_for_msa_to_allocate: 67043328
I0909 12:36:01.880106   12160 deepsea_compiler_base.cc:4279] BACKEND_PASSES stage duration: 17.26480425ms
I0909 12:36:01.882669   12160 deepsea_compiler_backend.cc:1784] final program bundle count: 626 note this count does not reflect cycles spent executing delays.
I0909 12:36:01.889317   12160 deepsea_compiler_backend.cc:1980] Program divided into 2 overlays without HLO functions (80.5K).
I0909 12:36:01.889394   12160 deepsea_compiler_backend.cc:2150] XLA::TPU module name: jit__lambda
I0909 12:36:01.889399   12160 deepsea_compiler_backend.cc:2152] XLA::TPU program HBM usage: 208.5K / 94.74G
I0909 12:36:01.889402   12160 deepsea_compiler_backend.cc:2159] Note that --xla_tpu_max_hbm_size_mib is not specified. This means that the compiler may use up all available HBM, possibly prioritizing other metrics (latency, compile-time, ..) over memory usage. To reduce memory usage, set --xla_tpu_max_hbm_size_mib to a smaller value.
I0909 12:36:01.889404   12160 deepsea_compiler_backend.cc:2193] XLA::TPU program VMEM usage: 32.00M / 64.00M
I0909 12:36:01.889412   12160 deepsea_compiler_backend.cc:2204] Total hbm usage >= 268.22M:
    reserved        268.00M 
    program          208.5K 
    arguments         16.0K 

Output size 512B; shares 0B with arguments.

Total host usage >= 0B:
    reserved             0B 
    program         unknown size 
    arguments            0B 

Output size 0B; shares 0B with arguments.

I0909 12:36:01.889426   12160 deepsea_compiler_backend.cc:2208] Program sflag requirement 224B:
    reserved           204B
    scoped              12B
    HLO temp             8B (100.0% utilization: Unpadded (8B) Padded (8B), 0.0% fragmentation (0B))
Program sparse_core_sequencer_sflag requirement 36B:
    reserved            36B
Program sparse_core_tile_sflag requirement 4B:
    reserved             4B
Program sparse_core_sequencer_smem requirement 64B:
    reserved            64B
Program sparse_core_tile_smem requirement 0B:
Program hbm requirement 208.5K:
    HLO temp         128.0K (49.1% utilization: Unpadded (8.2K) Padded (16.7K), 87.0% fragmentation (111.3K))
    overlays          80.5K
Program vmem requirement 32.00M:
    HLO temp         32.00M (0.0% utilization: Unpadded (0B) Padded (0B), 100.0% fragmentation (32.00M))
Program smem requirement 36B:
    global               4B
    scoped              32B
Program host requirement 0B:
I0909 12:36:01.889428   12160 deepsea_compiler_backend.cc:2216] XLA::TPU program SMEM usage: 1.9K / 1.00M (1 parameters)
I0909 12:36:01.889524   12160 deepsea_compiler_backend.cc:1480] CODE_GENERATION stage duration: 9.34520125ms
I0909 12:36:01.889839   12160 isa_program_util_common.cc:373] (HLO module jit__lambda): Executable fingerprint:4a4bf7195f2e28a358732e4bad360b9ab79156518433b25ddb27df2e76864c13
I0909 12:36:01.889842   12160 isa_program_util_common.cc:377] (HLO module jit__lambda): Executable fingerprint (including data segments):41df051aa1d5cc95b6bd65dcd0fe59634f8d45c83e436d4b0b21da6da348f7ba
I0909 12:36:01.889844   12160 isa_program_util_common.cc:380] (HLO module jit__lambda): Host transfer fingerprint:5c8f40e7dcd653d84e947d890338940d2b2e1ffba06eadb57827e716f5782f97
I0909 12:36:01.890002   10925 deepsea_compiler_base.cc:1055] END_TO_END stage duration: 42.45197575ms
I0909 12:36:01.890013   10925 deepsea_compiler_base.cc:1056] Note that END_TO_END duration also includes time outside of HLO_PASSES, BACKEND_PASSES, and CODE_GENERATION
I0909 12:36:01.890661   10925 megascale_context.cc:517] MegaScale DCNTopology fingerprint for: jit__lambda : 1688352644216761960 DevicesHash: 8081921339993277715 Topology: go/debugproto 
I0909 12:36:01.890908   10925 host_command_scheduler_factory.cc:1312] Created a HostCommandScheduler with 36 rules for module jit__lambda HostTransfers Fingerprint: 8427318606672400244.
I0909 12:36:01.890927   10925 megascale_context.cc:686] MegaScale ExecutableContext created for module: jit__lambda with DCN topology: go/debugproto  
I0909 12:36:01.895517   11022 megascale_context.cc:439] Destroying MegaScale PjrtExecutableContext: jit__lambda
MANUAL_AR_VERIFY {"exchange_add": true, "psum": true, "psum_checksum": 3.0}
W0909 12:36:01.908927   12162 tpu_spmd_partitioner.cc:460] Collective matmul V1 is enabled. Please consider migrating to V2 since V1 will be deprecated soon. You can enable V2 by setting xla_tpu_all_gather_collective_matmul_mode=post_spmd and xla_tpu_reduce_scatter_collective_matmul_mode=post_spmd.
I0909 12:36:01.914483   10925 deepsea_compiler_hlo_passes.cc:6406] xla_tpu_impure_hlo_parallel_compile is DISABLED. jit__lambda
I0909 12:36:01.916156   10925 tpu_plumb_vmem_info.cc:677] scavenging_mode: 3 for module: jit__lambda
I0909 12:36:01.928458   10925 deepsea_compiler_hlo_passes.cc:6735] HLO_PASSES stage duration: 20.17766475ms
I0909 12:36:01.929452   11867 tpu_chip_config.cc:367] Resolved chip config alias default->megachip for 6acc60406, 
I0909 12:36:01.929615   11867 tpu_chip_config.cc:367] Resolved chip config alias default->megachip for 6acc60406, 
I0909 12:36:01.929818   11867 memory_space_assignment_util.cc:577] MSA Vmem breakdown: default scoped vmem (from flag): 33554432; does_msa_directly_allocate_scoped_vmem: T; bytes_for_msa_to_allocate: 67043328
I0909 12:36:01.962179   12164 deepsea_compiler_base.cc:4279] BACKEND_PASSES stage duration: 33.1500805ms
I0909 12:36:01.969628   12164 deepsea_compiler_backend.cc:1480] CODE_GENERATION stage duration: 7.3826155ms
I0909 12:36:01.969945   12164 isa_program_util_common.cc:373] (HLO module jit__lambda): Executable fingerprint:bc586dffeac4e7ae318e7d154bf8e04f4304c94ca0093b387a7797ec3816d14b
I0909 12:36:01.969949   12164 isa_program_util_common.cc:377] (HLO module jit__lambda): Executable fingerprint (including data segments):a2faf2ce0762128844e7a122c148a8aece70b237d9b143ffa46b761ac2a0d991
I0909 12:36:01.969950   12164 isa_program_util_common.cc:380] (HLO module jit__lambda): Host transfer fingerprint:e3b0c44298fc1c149afbf4c8996fb92427ae41e4649b934ca495991b7852b855
I0909 12:36:01.970126   10925 deepsea_compiler_base.cc:1055] END_TO_END stage duration: 63.884192ms
I0909 12:36:01.970141   10925 deepsea_compiler_base.cc:1056] Note that END_TO_END duration also includes time outside of HLO_PASSES, BACKEND_PASSES, and CODE_GENERATION
I0909 12:36:01.970641   10925 host_command_scheduler_factory.cc:1312] Created a HostCommandScheduler with 0 rules for module jit__lambda HostTransfers Fingerprint: 0.
I0909 12:36:01.970655   10925 megascale_context.cc:686] MegaScale ExecutableContext created for module: jit__lambda with DCN topology: go/debugproto  
I0909 12:36:01.974467   11630 megascale_context.cc:439] Destroying MegaScale PjrtExecutableContext: jit__lambda
W0909 12:36:01.989456   12168 tpu_spmd_partitioner.cc:460] Collective matmul V1 is enabled. Please consider migrating to V2 since V1 will be deprecated soon. You can enable V2 by setting xla_tpu_all_gather_collective_matmul_mode=post_spmd and xla_tpu_reduce_scatter_collective_matmul_mode=post_spmd.
I0909 12:36:01.999047   10925 deepsea_compiler_hlo_passes.cc:6406] xla_tpu_impure_hlo_parallel_compile is DISABLED. jit__identity_fn
I0909 12:36:02.002974   10925 latency_hiding_scheduler.cc:4420] [latency-hiding-scheduler] LatencyHidingScheduler current memory usage: 10816 bytes. Current limit: 96637838643
I0909 12:36:02.003648   10925 tpu_plumb_vmem_info.cc:677] scavenging_mode: 3 for module: jit__identity_fn
I0909 12:36:02.004197   10925 deepsea_compiler_hlo_passes.cc:6735] HLO_PASSES stage duration: 15.3085605ms
I0909 12:36:02.005417   11867 tpu_chip_config.cc:367] Resolved chip config alias default->megachip for 6acc60406, 
I0909 12:36:02.005579   11867 tpu_chip_config.cc:367] Resolved chip config alias default->megachip for 6acc60406, 
I0909 12:36:02.005778   11867 memory_space_assignment_util.cc:577] MSA Vmem breakdown: default scoped vmem (from flag): 33554432; does_msa_directly_allocate_scoped_vmem: T; bytes_for_msa_to_allocate: 67043328
I0909 12:36:02.030841   12170 deepsea_compiler_base.cc:4279] BACKEND_PASSES stage duration: 25.99351375ms
I0909 12:36:02.039286   12170 deepsea_compiler_backend.cc:1480] CODE_GENERATION stage duration: 8.36710825ms
I0909 12:36:02.039631   12170 isa_program_util_common.cc:373] (HLO module jit__identity_fn): Executable fingerprint:fd3b0d6bd150f631ee1516bdd9fe68433befc25b43e5ac8c1bf0647642d4a029
I0909 12:36:02.039635   12170 isa_program_util_common.cc:377] (HLO module jit__identity_fn): Executable fingerprint (including data segments):b4793e425396e7ab5df0b40c15a832140ecb3328718901424ce0f42c7f63731d
I0909 12:36:02.039636   12170 isa_program_util_common.cc:380] (HLO module jit__identity_fn): Host transfer fingerprint:f21887b8cd1a7de9f1745e6458df4dba74bea513f1593c4409ce2cd383777ca8
I0909 12:36:02.039809   10925 deepsea_compiler_base.cc:1055] END_TO_END stage duration: 53.596782ms
I0909 12:36:02.039824   10925 deepsea_compiler_base.cc:1056] Note that END_TO_END duration also includes time outside of HLO_PASSES, BACKEND_PASSES, and CODE_GENERATION
I0909 12:36:02.040371   10925 megascale_context.cc:517] MegaScale DCNTopology fingerprint for: jit__identity_fn : 1688352644216761960 DevicesHash: 11843567257950195766 Topology: go/debugproto 
I0909 12:36:02.040522   10925 host_command_scheduler_factory.cc:1312] Created a HostCommandScheduler with 18 rules for module jit__identity_fn HostTransfers Fingerprint: 14547820116035419324.
I0909 12:36:02.040534   10925 megascale_context.cc:686] MegaScale ExecutableContext created for module: jit__identity_fn with DCN topology: go/debugproto  
I0909 12:36:02.043298   11568 megascale_context.cc:439] Destroying MegaScale PjrtExecutableContext: jit__lambda
W0909 12:36:02.060212   12174 tpu_spmd_partitioner.cc:460] Collective matmul V1 is enabled. Please consider migrating to V2 since V1 will be deprecated soon. You can enable V2 by setting xla_tpu_all_gather_collective_matmul_mode=post_spmd and xla_tpu_reduce_scatter_collective_matmul_mode=post_spmd.
I0909 12:36:02.067842   10925 deepsea_compiler_hlo_passes.cc:6406] xla_tpu_impure_hlo_parallel_compile is DISABLED. jit_op
I0909 12:36:02.070052   10925 latency_hiding_scheduler.cc:4420] [latency-hiding-scheduler] LatencyHidingScheduler current memory usage: 1610620992 bytes. Current limit: 95564271411
I0909 12:36:02.070425   10925 tpu_plumb_vmem_info.cc:677] scavenging_mode: 3 for module: jit_op
I0909 12:36:02.099262   10925 deepsea_compiler_hlo_passes.cc:6735] HLO_PASSES stage duration: 39.6501935ms
I0909 12:36:02.100256   11867 tpu_chip_config.cc:367] Resolved chip config alias default->megachip for 6acc60406, 
I0909 12:36:02.100406   11867 tpu_chip_config.cc:367] Resolved chip config alias default->megachip for 6acc60406, 
I0909 12:36:02.100558   11867 memory_space_assignment_util.cc:577] MSA Vmem breakdown: default scoped vmem (from flag): 33554432; does_msa_directly_allocate_scoped_vmem: T; bytes_for_msa_to_allocate: 67043328
I0909 12:36:02.138076   11863 topology_coordinator.cc:173] MegaScale Topology Discovery completed.
I0909 12:36:02.196770   12178 deepsea_compiler_base.cc:4279] BACKEND_PASSES stage duration: 97.06038075ms
I0909 12:36:02.206000   12178 deepsea_compiler_backend.cc:1480] CODE_GENERATION stage duration: 9.15504675ms
I0909 12:36:02.206670   12178 isa_program_util_common.cc:373] (HLO module jit_op): Executable fingerprint:0f2b665f05c3c4afe211f3c371efcab563df28a2ebf1e3fea485408c5722f8dc
I0909 12:36:02.206676   12178 isa_program_util_common.cc:377] (HLO module jit_op): Executable fingerprint (including data segments):86848f6f1a06a74bef5f269280dc370998aab50634976e92618a9f9f14091724
I0909 12:36:02.206679   12178 isa_program_util_common.cc:380] (HLO module jit_op): Host transfer fingerprint:294ab033fa7a89f4c4b5c51d8744fa6f4206e6d1d2d85c49c24e64e2b1444859
I0909 12:36:02.206952   10925 deepsea_compiler_base.cc:1055] END_TO_END stage duration: 150.087619ms
I0909 12:36:02.206965   10925 deepsea_compiler_base.cc:1056] Note that END_TO_END duration also includes time outside of HLO_PASSES, BACKEND_PASSES, and CODE_GENERATION
I0909 12:36:02.207592   10925 megascale_context.cc:517] MegaScale DCNTopology fingerprint for: jit_op : 1688352644216761960 DevicesHash: 8081921339993277715 Topology: go/debugproto 
I0909 12:36:02.228969   10925 host_command_scheduler_factory.cc:1312] Created a HostCommandScheduler with 36 rules for module jit_op HostTransfers Fingerprint: 12634255100403355191.
I0909 12:36:02.230600   10925 megascale_context.cc:686] MegaScale ExecutableContext created for module: jit_op with DCN topology: go/debugproto  
I0909 12:36:02.247231   12241 generic-stream-socket.h:1667] Cannot process timestamp for type=1 seq=8422179 time=2026-09-09T12:36:02.24672971+00:00
W0909 12:36:02.252274   11675 grpc_transport.cc:1186] Too many pending sends: 128
W0909 12:36:02.466402   11663 tpu_pjrt_client.cc:2333] PjRt execution dispatch was blocked for 217.211583ms because PjRt's max in-flight computation semaphore is full (limit: 32), which may negatively affect the performance
W0909 12:36:12.315947   11695 grpc_transport.cc:1186] Too many pending sends: 128
W0909 12:36:22.323618   12669 grpc_transport.cc:1186] Too many pending sends: 208
W0909 12:36:32.328683   12876 grpc_transport.cc:1186] Too many pending sends: 128
W0909 12:36:42.328786   11686 grpc_transport.cc:1186] Too many pending sends: 287
W0909 12:36:52.506407   12730 grpc_transport.cc:1186] Too many pending sends: 128
W0909 12:37:02.514295   12393 grpc_transport.cc:1186] Too many pending sends: 207
W0909 12:37:12.542871   13213 grpc_transport.cc:1186] Too many pending sends: 128
W0909 12:37:22.546098   12737 grpc_transport.cc:1186] Too many pending sends: 128
I0909 12:37:23.981834   10925 megascale_context.cc:439] Destroying MegaScale PjrtExecutableContext: jit_op
MANUAL_AR_RESULT {"batch": 10, "benchmark": "manual_ar", "host_gbps_best": 242.00559860984268, "host_gbps_median": 235.96275817266422, "matrix_dim": 32768, "network_delta": {"cilium_host": {"rx_bytes": 0, "tx_bytes": 0}, "cilium_net": {"rx_bytes": 0, "tx_bytes": 0}, "docker0": {"rx_bytes": 0, "tx_bytes": 0}, "eth0": {"rx_bytes": 1069537, "tx_bytes": 11150884}, "eth1": {"rx_bytes": 1216191221762, "tx_bytes": 1239678651755}, "eth2": {"rx_bytes": 1208735771114, "tx_bytes": 1175243705484}, "lo": {"rx_bytes": 6910655, "tx_bytes": 6910655}, "lxc7a46b7c617f2": {"rx_bytes": 3302220, "tx_bytes": 982324}, "lxc98965bb30804": {"rx_bytes": 33167, "tx_bytes": 115267}, "lxcc0f9da7fa3ad": {"rx_bytes": 32675, "tx_bytes": 8620}, "lxcee5710d8dac0": {"rx_bytes": 59688, "tx_bytes": 15545}, "lxceee434c5d682": {"rx_bytes": 2039, "tx_bytes": 1069}}, "participants_per_slice": 8, "reps": 8, "shard_bytes_per_device": 1073741824.0, "time_ms_all": [289.913139003329, 292.54554010694847, 290.265147597529, 292.1952140983194, 285.47300649806857, 294.37847969820723, 283.95821059821174, 292.6605705055408], "time_ms_best": 283.95821059821174, "time_ms_median": 291.2301808479242, "variant": "psum", "warmups": 200}
W0909 12:37:24.017359   13349 tpu_spmd_partitioner.cc:460] Collective matmul V1 is enabled. Please consider migrating to V2 since V1 will be deprecated soon. You can enable V2 by setting xla_tpu_all_gather_collective_matmul_mode=post_spmd and xla_tpu_reduce_scatter_collective_matmul_mode=post_spmd.
I0909 12:37:24.025076   10925 deepsea_compiler_hlo_passes.cc:6406] xla_tpu_impure_hlo_parallel_compile is DISABLED. jit_op
I0909 12:37:24.026922   10925 latency_hiding_scheduler.cc:4420] [latency-hiding-scheduler] LatencyHidingScheduler current memory usage: 1073750080 bytes. Current limit: 95564404531
I0909 12:37:24.027201   10925 tpu_plumb_vmem_info.cc:677] scavenging_mode: 3 for module: jit_op
I0909 12:37:24.049466   10925 deepsea_compiler_hlo_passes.cc:6735] HLO_PASSES stage duration: 32.90378975ms
I0909 12:37:24.050625   11867 tpu_chip_config.cc:367] Resolved chip config alias default->megachip for 6acc60406, 
I0909 12:37:24.050810   11867 tpu_chip_config.cc:367] Resolved chip config alias default->megachip for 6acc60406, 
I0909 12:37:24.051011   11867 memory_space_assignment_util.cc:577] MSA Vmem breakdown: default scoped vmem (from flag): 33554432; does_msa_directly_allocate_scoped_vmem: T; bytes_for_msa_to_allocate: 67043328
I0909 12:37:24.160301   13354 deepsea_compiler_base.cc:4279] BACKEND_PASSES stage duration: 110.228951ms
I0909 12:37:24.168618   13354 deepsea_compiler_backend.cc:1480] CODE_GENERATION stage duration: 8.206878ms
I0909 12:37:24.168997   13354 isa_program_util_common.cc:373] (HLO module jit_op): Executable fingerprint:33a5a6d6f7cea468562f68254b4eb2b89053eb34e2e10125a401ef1c264018f8
I0909 12:37:24.169001   13354 isa_program_util_common.cc:377] (HLO module jit_op): Executable fingerprint (including data segments):63de7ca22133830a9ecf7d1576f6e0dc97cbc6a522ec2bae425e60708fe1b2d0
I0909 12:37:24.169002   13354 isa_program_util_common.cc:380] (HLO module jit_op): Host transfer fingerprint:c37db3d47c19d90e6b870bb79741e56a58ee0112318c32550eac3926e65c0ec8
I0909 12:37:24.169204   10925 deepsea_compiler_base.cc:1055] END_TO_END stage duration: 155.77847175ms
I0909 12:37:24.169221   10925 deepsea_compiler_base.cc:1056] Note that END_TO_END duration also includes time outside of HLO_PASSES, BACKEND_PASSES, and CODE_GENERATION
I0909 12:37:24.169933   10925 megascale_context.cc:517] MegaScale DCNTopology fingerprint for: jit_op : 1688352644216761960 DevicesHash: 8081921339993277715 Topology: go/debugproto 
I0909 12:37:24.172770   10925 host_command_scheduler_factory.cc:1312] Created a HostCommandScheduler with 18 rules for module jit_op HostTransfers Fingerprint: 158907515329715665.
I0909 12:37:24.173137   10925 megascale_context.cc:686] MegaScale ExecutableContext created for module: jit_op with DCN topology: go/debugproto  
W0909 12:37:24.407814   11659 tpu_pjrt_client.cc:2333] PjRt execution dispatch was blocked for 220.799861ms because PjRt's max in-flight computation semaphore is full (limit: 32), which may negatively affect the performance
W0909 12:37:32.546089   13276 grpc_transport.cc:1186] Too many pending sends: 186
W0909 12:37:42.709591   13194 grpc_transport.cc:1186] Too many pending sends: 128
W0909 12:37:52.887513   12730 grpc_transport.cc:1186] Too many pending sends: 128
W0909 12:38:02.954436   12447 grpc_transport.cc:1186] Too many pending sends: 128
W0909 12:38:13.097385   13167 grpc_transport.cc:1186] Too many pending sends: 128
W0909 12:38:23.191929   12429 grpc_transport.cc:1186] Too many pending sends: 128
W0909 12:38:33.191927   13639 grpc_transport.cc:1186] Too many pending sends: 232
I0909 12:38:39.429100   10925 megascale_context.cc:439] Destroying MegaScale PjrtExecutableContext: jit_op
MANUAL_AR_RESULT {"batch": 10, "benchmark": "manual_ar", "host_gbps_best": 258.6584680165036, "host_gbps_median": 251.8825588935561, "matrix_dim": 32768, "network_delta": {"cilium_host": {"rx_bytes": 0, "tx_bytes": 0}, "cilium_net": {"rx_bytes": 0, "tx_bytes": 0}, "docker0": {"rx_bytes": 0, "tx_bytes": 0}, "eth0": {"rx_bytes": 1240314, "tx_bytes": 7937474}, "eth1": {"rx_bytes": 1213688725291, "tx_bytes": 1207633825634}, "eth2": {"rx_bytes": 1211413678269, "tx_bytes": 1206574958209}, "lo": {"rx_bytes": 9138319, "tx_bytes": 9138319}, "lxc7a46b7c617f2": {"rx_bytes": 2239604, "tx_bytes": 714465}, "lxc98965bb30804": {"rx_bytes": 19629, "tx_bytes": 111672}, "lxcc0f9da7fa3ad": {"rx_bytes": 28146, "tx_bytes": 4748}, "lxcee5710d8dac0": {"rx_bytes": 40634, "tx_bytes": 6804}, "lxceee434c5d682": {"rx_bytes": 1133, "tx_bytes": 21122}}, "participants_per_slice": 8, "reps": 8, "shard_bytes_per_device": 1073741824.0, "time_ms_all": [279.71330089494586, 275.7274424075149, 265.6765009975061, 273.3336516073905, 268.87140549952164, 267.74982740171254, 274.9842993915081, 272.3133121035062], "time_ms_best": 265.6765009975061, "time_ms_median": 272.82348185544834, "variant": "exchange_add", "warmups": 200}
MANUAL_AR_SUMMARY {"exchange_add@32768": 258.7, "psum@32768": 242.0}
I0909 12:38:39.437822   10925 megascale_context.cc:439] Destroying MegaScale PjrtExecutableContext: jit__identity_fn
W0909 12:38:39.440843   11864 pjrt_client.h:601] UpdateGlobalProcessInfo is not supported.
I0909 12:38:39.465021   10925 allocator_stats_reporter.cc:147] Stopping AllocatorStatsReporter. Reporting one last time first.
I0909 12:38:39.465381   11647 tpu_diagnostic_coordinator.cc:565] TpuStallWorker thread exiting.
I0909 12:38:39.683713   10925 tpunetd_client.cc:431] Session master stopping the session...
I0909 12:38:39.684191   12102 session_worker_service.cc:115] Session master notifies the worker to disconnect from session a1a8a6b354c3b084
I0909 12:38:39.684443   10925 tpunetd_client.cc:433] Session master stopped the session.
I0909 12:38:39.684457   10925 tpunetd_client.cc:438] Session manager stopping the session...
I0909 12:38:39.788879   10925 tpunetd_client.cc:440] Session manager stopped the session.
I0909 12:38:45.814743   13525 async_driver.cc:1178] [/dev/vfio/6 tpu662:pe0:2] vf_id:0 Driver closed.
I0909 12:38:45.830798   13245 async_driver.cc:1178] [/dev/vfio/5 tpu662:pe0:1] vf_id:0 Driver closed.
I0909 12:38:45.863032   13247 async_driver.cc:1178] [/dev/vfio/4 tpu662:pe0:0] vf_id:0 Driver closed.
I0909 12:38:45.925087   13736 block_allocator.cc:209] MegaScale alloactor peak usage: 8179417088
I0909 12:38:46.159005   11024 async_driver.cc:1178] [/dev/vfio/1 tpu662:pe0:3] vf_id:0 Driver closed.
I0909 12:38:46.161058   13245 megascale_context.cc:439] Destroying MegaScale PjrtExecutableContext: jit__identity_fn
I0909 12:38:46.161146   13245 megascale_context.cc:1131] Destroying MegaScale PjrtClientContext.
MC_CONFIG_END name=base pass=2
MC_CONFIG_BEGIN name=mrss16 pass=2 port=1306 flags=--xla_tpu_use_megascale_host_reduction=false --megascale_max_reduction_shard_size=16777216
ERROR: Accessing retired flag 'eventmanager2_as_default_eventmanager'
I0909 12:38:55.547106   13832 b295d63588a.cc:792] Linux version 6.12.94+ (builder@b181c7a13d4c) (Chromium OS 17.0_pre498229-r33 clang version 17.0.0 (/mnt/host/source/src/third_party/llvm-project 14f0776550b5a49e1c42f49a00213f7f3fa047bf), LLD 17.0.0) #1 SMP Mon Jul 27 22:05:55 UTC 2026
I0909 12:38:55.547406   13832 b295d63588a.cc:876] Process id 13832
I0909 12:38:55.547422   13832 b295d63588a.cc:882] Current working directory /jax-ai-image
I0909 12:38:55.547427   13832 b295d63588a.cc:885] Current timezone is UTC (currently UTC +00:00)
I0909 12:38:55.547430   13832 b295d63588a.cc:890] Built on Dec 31 1969 16:00:00 (0)
I0909 12:38:55.547431   13832 b295d63588a.cc:891]  at redacted@redacted:.
I0909 12:38:55.547433   13832 b295d63588a.cc:892]  as //learning/45eac/tfrc/executor:_libtpu.so.native
I0909 12:38:55.547434   13832 b295d63588a.cc:893]  for gcc-4.X.Y-crosstool-v18-llvm-grtev4-k8.k8
I0909 12:38:55.547435   13832 b295d63588a.cc:902] Build tool: redacted
I0909 12:38:55.547437   13832 b295d63588a.cc:903] Build target: 
I0909 12:38:55.547443   13832 b295d63588a.cc:911] Command line arguments:
I0909 12:38:55.547444   13832 b295d63588a.cc:913] argv[0]: './tpu_driver'
I0909 12:38:55.547447   13832 b295d63588a.cc:913] argv[1]: '--minloglevel=0'
I0909 12:38:55.547448   13832 b295d63588a.cc:913] argv[2]: '--stderrthreshold=0'
I0909 12:38:55.547449   13832 b295d63588a.cc:913] argv[3]: '--v=0'
I0909 12:38:55.547451   13832 b295d63588a.cc:913] argv[4]: '--vmodule='
I0909 12:38:55.547453   13832 b295d63588a.cc:913] argv[5]: '--log_dir=/tmp/tpu_logs/benchmark'
I0909 12:38:55.547454   13832 b295d63588a.cc:913] argv[6]: '--max_log_size=1024'
I0909 12:38:55.547456   13832 b295d63588a.cc:913] argv[7]: '--deepsea_hal_included_devs=3,0,1,2'
I0909 12:38:55.547457   13832 b295d63588a.cc:913] argv[8]: '--megascale_transport_numa_node=0,1'
I0909 12:38:55.547458   13832 b295d63588a.cc:913] argv[9]: '--next_pluggable_device_use_c_api=0'
I0909 12:38:55.547460   13832 b295d63588a.cc:913] argv[10]: '--deepsea_wrap=false,false,false'
I0909 12:38:55.547461   13832 b295d63588a.cc:913] argv[11]: '--deepsea_twist=false'
I0909 12:38:55.547463   13832 b295d63588a.cc:913] argv[12]: '--deepsea_chip_config_name=default'
I0909 12:38:55.547464   13832 b295d63588a.cc:913] argv[13]: '--deepsea_chips_per_host_bounds=2,2,1'
I0909 12:38:55.547465   13832 b295d63588a.cc:913] argv[14]: '--deepsea_host_bounds=1,1,1'
I0909 12:38:55.547467   13832 b295d63588a.cc:913] argv[15]: '--deepsea_slice_builder_worker_port=8471'
I0909 12:38:55.547468   13832 b295d63588a.cc:913] argv[16]: '--deepsea_slice_builder_worker_addresses=dcn-mc3-slice-0-0.dcn-mc3:8471'
I0909 12:38:55.547469   13832 b295d63588a.cc:913] argv[17]: '--tpu_slice_builder_dump_chip=false'
I0909 12:38:55.547471   13832 b295d63588a.cc:913] argv[18]: '--tpu_slice_builder_dump_chip_force=false'
I0909 12:38:55.547472   13832 b295d63588a.cc:913] argv[19]: '--tpu_slice_builder_dump_to_localhost=1'
I0909 12:38:55.547474   13832 b295d63588a.cc:913] argv[20]: '--vbar_control_service_url=unix:///var/run/tpu-plugin/vbar.sock'
I0909 12:38:55.547475   13832 b295d63588a.cc:913] argv[21]: '--bypass_vbar_control_service=0'
I0909 12:38:55.547476   13832 b295d63588a.cc:913] argv[22]: '--deepsea_ici_resilient=false'
I0909 12:38:55.547478   13832 b295d63588a.cc:913] argv[23]: '--xla_tpu_use_resilient_collective_emitter=false'
I0909 12:38:55.547479   13832 b295d63588a.cc:913] argv[24]: '--tpu_slice_builder_topology_discovery_fault_injection='
I0909 12:38:55.547481   13832 b295d63588a.cc:913] argv[25]: '--runtime_metric_service_port=8431'
I0909 12:38:55.547482   13832 b295d63588a.cc:913] argv[26]: '--tpu_hbm_report_enable=1'
I0909 12:38:55.547483   13832 b295d63588a.cc:913] argv[27]: '--tpu_hbm_report_frequency=5s'
I0909 12:38:55.547485   13832 b295d63588a.cc:913] argv[28]: '--megascale_coordinator_address=dcn-mc3-slice-0-0.dcn-mc3:8081'
I0909 12:38:55.547486   13832 b295d63588a.cc:913] argv[29]: '--megascale_slice_id=0'
I0909 12:38:55.547487   13832 b295d63588a.cc:913] argv[30]: '--megascale_num_slices=2'
I0909 12:38:55.547489   13832 b295d63588a.cc:913] argv[31]: '--megascale_transport_type=grpc'
I0909 12:38:55.547490   13832 b295d63588a.cc:913] argv[32]: '--megascale_port=8081'
I0909 12:38:55.547491   13832 b295d63588a.cc:913] argv[33]: '--megascale_use_insecure_grpc'
I0909 12:38:55.547492   13832 b295d63588a.cc:913] argv[34]: '--megascale_grpc_use_chaotic_good=true'
I0909 12:38:55.547502   13832 b295d63588a.cc:913] argv[35]: '--megascale_grpc_use_event_engine_allocator=true'
I0909 12:38:55.547504   13832 b295d63588a.cc:913] argv[36]: '--grpc_enable_tcp_recv_zerocopy=false'
I0909 12:38:55.547505   13832 b295d63588a.cc:913] argv[37]: '--grpc_enable_rpc_receive_coalescing=true'
I0909 12:38:55.547506   13832 b295d63588a.cc:913] argv[38]: '--megascale_grpc_enable_numa_aware_transmit=true'
I0909 12:38:55.547507   13832 b295d63588a.cc:913] argv[39]: '--megascale_grpc_use_numa_aware_event_engine=true'
I0909 12:38:55.547508   13832 b295d63588a.cc:913] argv[40]: '--megascale_debug_port=8081'
I0909 12:38:55.547509   13832 b295d63588a.cc:913] argv[41]: '--eventmanager2_as_default_eventmanager'
I0909 12:38:55.547510   13832 b295d63588a.cc:913] argv[42]: '--eventmanager2_default_autosizer=mean_latency'
I0909 12:38:55.547511   13832 b295d63588a.cc:913] argv[43]: '--megascale_grpc_enable_xor_tracer=true'
I0909 12:38:55.547512   13832 b295d63588a.cc:913] argv[44]: '--xor_trace_sampling_period=100'
I0909 12:38:55.547514   13832 b295d63588a.cc:913] argv[45]: '--rpc_transport_metrics_period=20'
I0909 12:38:55.547515   13832 b295d63588a.cc:913] argv[46]: '--grpc_experiments=event_engine_client,chaotic_good_framing_layer,tcp_rcv_lowat,instrument_tcp_telemetry,event_engine_listener,use_call_event_engine_in_completion_queue'
I0909 12:38:55.547517   13832 b295d63588a.cc:913] argv[47]: '--enable_runtime_uptime_telemetry=true'
I0909 12:38:55.547518   13832 b295d63588a.cc:913] argv[48]: '--xla_tpu_use_megascale_host_reduction=false'
I0909 12:38:55.547519   13832 b295d63588a.cc:913] argv[49]: '--megascale_max_reduction_shard_size=16777216'
I0909 12:38:55.547521   13832 b295d63588a.cc:913] argv[50]: '--xla_tpu_use_enhanced_launch_barrier=true'
I0909 12:38:55.547522   13832 b295d63588a.cc:913] argv[51]: '--xla_tpu_prefer_async_allgather_to_allreduce=true'
I0909 12:38:55.547523   13832 b295d63588a.cc:913] argv[52]: '--xla_tpu_data_parallel_opt_different_sized_ops=true'
I0909 12:38:55.547525   13832 b295d63588a.cc:913] argv[53]: '--xla_tpu_enable_data_parallel_all_reduce_opt=true'
I0909 12:38:55.547526   13832 b295d63588a.cc:913] argv[54]: '--megascale_coordinator_address=dcn-mc3-slice-0-0.dcn-mc3:8081'
I0909 12:38:55.547528   13832 b295d63588a.cc:913] argv[55]: '--megascale_slice_id=0'
I0909 12:38:55.547529   13832 b295d63588a.cc:913] argv[56]: '--megascale_num_slices=2'
I0909 12:38:55.547531   13832 b295d63588a.cc:913] argv[57]: '--megascale_transport_type=grpc'
I0909 12:38:55.547532   13832 b295d63588a.cc:913] argv[58]: '--megascale_port=8081'
I0909 12:38:55.547534   13832 b295d63588a.cc:913] argv[59]: '--megascale_use_insecure_grpc'
I0909 12:38:55.547535   13832 b295d63588a.cc:913] argv[60]: '--megascale_grpc_interface_prefixes=eth1,eth2,lo'
I0909 12:38:55.547716   13832 init.cc:78] Remote crash gathering hook installed.
I0909 12:38:55.581495   13832 tpu_runtime_type_flags.cc:78] --tpu_use_tfrt not specified. Using default value: true
I0909 12:38:55.581596   13832 host_command_handler_factory.cc:31] Skipping registration of host command handler for opcode Log because it is not in the allowlist.
I0909 12:38:55.581616   13832 tpu_hal.cc:467] Registered plugin from module: megascale_sync_flag_logger
I0909 12:38:55.583683   13832 tpu_hal.cc:467] Registered plugin from module: RuntimeMetricHelper
E0909 12:38:55.583707   13832 autosizer.cc:43] mean_latency is deprecated. Please remove this setting.
I0909 12:38:55.586248   13832 logger.cc:308] Enabling threaded logging for severity WARNING
I0909 12:38:55.586280   13832 tpu_hal.cc:467] Registered plugin from module: sdc_checker_callback
I0909 12:38:55.586784   13832 mlock.cc:220] mlock()-ed 4096 bytes for BuildID, using 1 syscalls.
I0909 12:38:55.586838   13832 debug_manager.cc:266] Registering error handler with name: libtpu_telemetry_handler
I0909 12:38:55.601044   13832 singleton_tpu_states_manager.cc:86] TPU premapped buffer enabled. Size: 4294967296 Threshold: 4294967296 Partitions: 1
I0909 12:38:55.601059   13832 singleton_tpu_states_manager.cc:110] TpuStatesManager::GetOrCreate(): no tpu system exists. Creating a new tpu system.
I0909 12:38:55.608026   13832 device_util.cc:89] Found 4 TPU7x chips.
I0909 12:38:55.608045   13832 tpu_version_flag.cc:77] Using auto-detected TPU version TPU7x
I0909 12:38:55.623795   13832 tpu_chip_config.cc:367] Resolved chip config alias default->megachip for 6acc60406, 
I0909 12:38:55.624078   13832 pending_event_logger.cc:1003] Enabling PjRt/TPU event dependency logging.
I0909 12:38:55.629634   14207 flags_util.cc:316] Using 8471 from --deepsea_slice_builder_worker_port as SliceBuilder worker service port.
I0909 12:38:55.634866   14207 tpu_network_factory.cc:67] Running in Cloud, using TpunetdClient
I0909 12:38:55.634886   14207 tpunetd_client.cc:163] Creating TpunetdClient with topology go/debugonly    
x_dimension: 2
y_dimension: 2
z_dimension: 1
x_wrapping: false
y_wrapping: false
z_wrapping: false
I0909 12:38:55.643470   14207 init-domain.cc:132] Fiber init: default domain = futex, concurrency = 246, prefix = futex-default
I0909 12:38:57.517225   14210 async_driver.cc:485] [/dev/vfio/4 tpu662:pe0:0] vf_id:0 Driver opened.
I0909 12:38:57.518061   14211 async_driver.cc:485] [/dev/vfio/5 tpu662:pe0:1] vf_id:0 Driver opened.
I0909 12:38:57.527895   14212 async_driver.cc:485] [/dev/vfio/6 tpu662:pe0:2] vf_id:0 Driver opened.
I0909 12:38:57.605770   14210 tpu_vxc_driver.cc:967] Throttled firmware queue size configured to 223(Firmware queue size: 256, leaving 32 for misc purposes).
I0909 12:38:57.615044   14211 tpu_vxc_driver.cc:967] Throttled firmware queue size configured to 223(Firmware queue size: 256, leaving 32 for misc purposes).
I0909 12:38:57.644808   14212 tpu_vxc_driver.cc:967] Throttled firmware queue size configured to 223(Firmware queue size: 256, leaving 32 for misc purposes).
I0909 12:38:57.644926   14213 async_driver.cc:485] [/dev/vfio/1 tpu662:pe0:3] vf_id:0 Driver opened.
I0909 12:38:57.647825   14209 futex.cc:71] RAW: Futex::Swap(): using GFUTEX_SWAP
I0909 12:38:57.664001   14213 tpu_vxc_driver.cc:967] Throttled firmware queue size configured to 223(Firmware queue size: 256, leaving 32 for misc purposes).
I0909 12:38:57.673914   14211 async_driver.cc:1843] All cores supported.
I0909 12:38:57.675621   14210 async_driver.cc:1843] All cores supported.
I0909 12:38:57.675970   14212 async_driver.cc:1843] All cores supported.
I0909 12:38:57.680605   14213 async_driver.cc:1843] All cores supported.
I0909 12:38:57.680649   14207 tpunetd_client.cc:338] Connecting to vbar control service at unix:///var/run/tpu-plugin/vbar.sock
I0909 12:38:57.680729   14207 config.cc:265] gRPC experiments: instrument_tcp_telemetry:on, tcp_rcv_lowat:on, use_call_event_engine_in_completion_queue:on; default-enabled: buffer_list_deletion_prep, cache_loas_context_in_connection_context, call_tracer_send_initial_metadata_is_an_annotation, callv3_batch_validation, callv3_ef5bb7_client, callv3_ef5bb7_server, chaotic_good_framing_layer, chaotic_good_send_supported_features, custom_frame_check, directpath_rpc_header_sanitization_filter, ef5bb7_global_family_cache, event_engine_callback_cq, event_engine_client, event_engine_listener, header_data_frame, inproc_cancel_stream, message_size_refactoring, monitoring_experiment, optimization_01, optimization_02, optimization_03, optimization_04, ph2_perf_01, promise_batch_cleanup_on_cancel, promise_filter_send_cancel_metadata, psp_tsi_handshaker_shutdown, skip_clear_peer_on_cancellation, tsi_frame_protector_without_locks, v2_non_owning_waker_implementation, verbose_channelz_connection_logging, wildcard_ip_expansion_restriction, xds_server_filter_chain_per_route
I0909 12:38:57.685981   14207 tpunetd_client.cc:289] Session manager starting a new session...
I0909 12:38:57.790625   14207 vbar_control.cc:201] TPU backend connection test passed! 
I0909 12:38:57.996138   14207 tpunetd_client.cc:291] Session manager started the new session.
I0909 12:38:57.996152   14207 tpunetd_client.cc:295] Session master starting a new session...
I0909 12:38:57.996154   14207 session_master.cc:263] Starting a new ICI network session...
I0909 12:38:57.996372   14208 session_worker_service.cc:110] Session master notifies the worker in a new session: d8b60dceb39e712c
I0909 12:38:58.100298   14207 session_master.cc:307] Successfully started ICI network session with session id: d8b60dceb39e712c
I0909 12:38:58.100380   14207 tpunetd_client.cc:297] Session master started the new session.
I0909 12:38:58.104627   14207 tpu_hal.cc:209] Starting premapped memory manager initialization...
W0909 12:38:58.107819   14210 libtpu_telemetry_utils.cc:44] Metric already exists: hlo.execution.timing.distribution.microseconds
W0909 12:38:58.107836   14210 libtpu_telemetry_utils.cc:44] Metric already exists: hlo.queue.size.gauge
W0909 12:38:58.107985   14213 libtpu_telemetry_utils.cc:44] Metric already exists: hlo.execution.timing.distribution.microseconds
W0909 12:38:58.107990   14212 libtpu_telemetry_utils.cc:44] Metric already exists: hlo.execution.timing.distribution.microseconds
W0909 12:38:58.108006   14212 libtpu_telemetry_utils.cc:44] Metric already exists: hlo.queue.size.gauge
W0909 12:38:58.108007   14213 libtpu_telemetry_utils.cc:44] Metric already exists: hlo.queue.size.gauge
W0909 12:38:58.109167   14211 libtpu_telemetry_utils.cc:44] Metric already exists: hlo.execution.timing.distribution.microseconds
W0909 12:38:58.109185   14211 libtpu_telemetry_utils.cc:44] Metric already exists: hlo.queue.size.gauge
W0909 12:38:58.109225   14210 libtpu_telemetry_utils.cc:44] Metric already exists: hlo.execution.timing.distribution.microseconds
W0909 12:38:58.109233   14210 libtpu_telemetry_utils.cc:44] Metric already exists: hlo.queue.size.gauge
W0909 12:38:58.109392   14213 libtpu_telemetry_utils.cc:44] Metric already exists: hlo.execution.timing.distribution.microseconds
W0909 12:38:58.109392   14212 libtpu_telemetry_utils.cc:44] Metric already exists: hlo.execution.timing.distribution.microseconds
W0909 12:38:58.109406   14213 libtpu_telemetry_utils.cc:44] Metric already exists: hlo.queue.size.gauge
W0909 12:38:58.109417   14212 libtpu_telemetry_utils.cc:44] Metric already exists: hlo.queue.size.gauge
I0909 12:39:00.510967   14207 runtime_metric_service.cc:197] Successfully started Runtime Metric Service on port: 8431
I0909 12:39:00.511198   14207 system.cc:1112] tpu::System initialized, current host id: 0, logical device ids: 0,1,2,3,4,5,6,7
I0909 12:39:00.511249   13832 tpu_system_state.cc:224] CreateTpuSystemState: TPU initialization is successful and it took 4.887160102s
I0909 12:39:00.511268   13832 tpu_system_state.cc:228] CreateTpuSystemState: using TPU host premapped buffer of size: 4294967296
I0909 12:39:00.511283   13832 tpu_host_allocator.cc:68] Premapped buffer is using alignment 64
I0909 12:39:00.511814   13832 tpu_linearizer.cc:104] Inflight linearization byte limit configured to : 1099511627776
I0909 12:39:00.511820   13832 tpu_linearizer.cc:118] Inflight delinearization byte limit configured to : 1099511627776
I0909 12:39:00.512166   13832 allocator_stats_reporter.cc:117] Starting AllocatorStats Reporter with reporting interval: 5s
I0909 12:39:00.512151   14555 tpu_diagnostic_coordinator.cc:610] TpuDiagnosticCoordinator listening on socket /tmp/tpu_diag_trigger_13832.socket (symlinked at /tmp/tpu_diag_latest.socket)
I0909 12:39:00.512193   13832 megascale_context.cc:969] Using shared executor for compute since we are running on 6acc60406.
W0909 12:39:00.512200   13832 impairments_service.cc:60] Resetting impairments.
I0909 12:39:00.512220   13832 numa_utils.cc:43] Available NUMA node in this process: 0,1
E0909 12:39:00.512356   13832 autosizer.cc:43] mean_latency is deprecated. Please remove this setting.
E0909 12:39:00.514696   13832 autosizer.cc:43] mean_latency is deprecated. Please remove this setting.
I0909 12:39:00.517116   13832 flags.cc:231] The actual send_rpc_timeout is set to: 45s. Adjusted from the original send_rpc_timeout: 45s, graph_hang_threshold: 5m, graph_within_launch_hang_threshold: 1m
I0909 12:39:00.517131   13832 numa_aware_allocator.cc:60] Creating numa aware allocators, number of NUMA nodes is 2
I0909 12:39:00.517135   13832 numa_aware_allocator.cc:63] Creating numa aware allocator for NUMA nodes 0
I0909 12:39:00.517154   13832 communication_backend.cc:300] Done allocating premapped memory of size 17179869184 bytes in 17.774us
I0909 12:39:00.517159   13832 numa_aware_allocator.cc:76] Binding memory address 0x7e2d2ffff000 with NUMA node mask 1
I0909 12:39:12.693240   13832 communication_backend.cc:310] Done premapping memory of size 17179869184 bytes in 12.170696961s
I0909 12:39:12.693277   13832 numa_aware_allocator.cc:63] Creating numa aware allocator for NUMA nodes 1
I0909 12:39:12.693304   13832 communication_backend.cc:300] Done allocating premapped memory of size 17179869184 bytes in 23.134us
I0909 12:39:12.693309   13832 numa_aware_allocator.cc:76] Binding memory address 0x7e292fffd000 with NUMA node mask 2
I0909 12:39:25.424523   13832 communication_backend.cc:310] Done premapping memory of size 17179869184 bytes in 12.729998007s
I0909 12:39:25.424559   13832 communication_backend.cc:375] Preallocated 17179869184 bytes with Megascale allocator.
I0909 12:39:25.424584   13832 eigen_compute_engine.cc:333] Creating EigenComputeEngine with options: {executor = 0x5d099ed3f6c0, force_use_shared_executor = true, num_cores_per_device = 16}
I0909 12:39:25.424615   14608 communication_backend.cc:1179] Initializing MegaScale transport.
E0909 12:39:25.424666   14608 autosizer.cc:43] mean_latency is deprecated. Please remove this setting.
E0909 12:39:25.424854   13832 autosizer.cc:43] mean_latency is deprecated. Please remove this setting.
E0909 12:39:25.428580   13832 autosizer.cc:43] mean_latency is deprecated. Please remove this setting.
E0909 12:39:25.428714   14608 autosizer.cc:43] mean_latency is deprecated. Please remove this setting.
E0909 12:39:25.430648   13832 autosizer.cc:43] mean_latency is deprecated. Please remove this setting.
E0909 12:39:25.443704   14608 autosizer.cc:43] mean_latency is deprecated. Please remove this setting.
E0909 12:39:25.443836   13832 autosizer.cc:43] mean_latency is deprecated. Please remove this setting.
I0909 12:39:25.446847   14608 grpc_transport.cc:2407] Create GrpcTransport with LIBTPU_ON_GCE.
I0909 12:39:25.446897   14608 transport.cc:862] Using IP addresses for interface discovery.
I0909 12:39:25.446899   14608 transport.cc:757] Could not read interface to NUMA node map from env variables, falling back to reading from file system.
E0909 12:39:25.446907   13832 autosizer.cc:43] mean_latency is deprecated. Please remove this setting.
I0909 12:39:25.447017   14608 transport.cc:723] Could not read filename /sys/class/net/cilium_host/device/numa_node with status Stat failed for /sys/class/net/cilium_host/device/numa_node: No such file or directory
I0909 12:39:25.447026   14608 transport.cc:723] Could not read filename /sys/class/net/cilium_net/device/numa_node with status Stat failed for /sys/class/net/cilium_net/device/numa_node: No such file or directory
I0909 12:39:25.447032   14608 transport.cc:723] Could not read filename /sys/class/net/docker0/device/numa_node with status Stat failed for /sys/class/net/docker0/device/numa_node: No such file or directory
I0909 12:39:25.447340   14608 transport.cc:723] Could not read filename /sys/class/net/lo/device/numa_node with status Stat failed for /sys/class/net/lo/device/numa_node: No such file or directory
I0909 12:39:25.447348   14608 transport.cc:723] Could not read filename /sys/class/net/lxc7a46b7c617f2/device/numa_node with status Stat failed for /sys/class/net/lxc7a46b7c617f2/device/numa_node: No such file or directory
I0909 12:39:25.447354   14608 transport.cc:723] Could not read filename /sys/class/net/lxc98965bb30804/device/numa_node with status Stat failed for /sys/class/net/lxc98965bb30804/device/numa_node: No such file or directory
I0909 12:39:25.447359   14608 transport.cc:723] Could not read filename /sys/class/net/lxcc0f9da7fa3ad/device/numa_node with status Stat failed for /sys/class/net/lxcc0f9da7fa3ad/device/numa_node: No such file or directory
I0909 12:39:25.447365   14608 transport.cc:723] Could not read filename /sys/class/net/lxcee5710d8dac0/device/numa_node with status Stat failed for /sys/class/net/lxcee5710d8dac0/device/numa_node: No such file or directory
I0909 12:39:25.447372   14608 transport.cc:723] Could not read filename /sys/class/net/lxceee434c5d682/device/numa_node with status Stat failed for /sys/class/net/lxceee434c5d682/device/numa_node: No such file or directory
I0909 12:39:25.447373   14608 transport.cc:734] Interfaces on available NUMA nodes: [{"eth2", 1}, {"eth0", 0}, {"eth1", 0}]
I0909 12:39:25.447393   14608 transport.cc:761] Interfaces corresponding to process' NUMA nodes: [[{"eth2", 1}, {"eth0", 0}, {"eth1", 0}]]
I0909 12:39:25.448168   14608 transport.cc:773] Interface eth0 will not be used as it does not start with one of the prefixes: eth1,eth2,lo
I0909 12:39:25.448176   14608 transport.cc:773] Interface docker0 will not be used as it does not start with one of the prefixes: eth1,eth2,lo
I0909 12:39:25.448178   14608 transport.cc:773] Interface lxceee434c5d682 will not be used as it does not start with one of the prefixes: eth1,eth2,lo
I0909 12:39:25.448179   14608 transport.cc:773] Interface cilium_net will not be used as it does not start with one of the prefixes: eth1,eth2,lo
I0909 12:39:25.448180   14608 transport.cc:773] Interface cilium_host will not be used as it does not start with one of the prefixes: eth1,eth2,lo
I0909 12:39:25.448181   14608 transport.cc:773] Interface lxc98965bb30804 will not be used as it does not start with one of the prefixes: eth1,eth2,lo
I0909 12:39:25.448183   14608 transport.cc:773] Interface lxc7a46b7c617f2 will not be used as it does not start with one of the prefixes: eth1,eth2,lo
I0909 12:39:25.448184   14608 transport.cc:773] Interface lxcc0f9da7fa3ad will not be used as it does not start with one of the prefixes: eth1,eth2,lo
I0909 12:39:25.448185   14608 transport.cc:773] Interface lxcee5710d8dac0 will not be used as it does not start with one of the prefixes: eth1,eth2,lo
I0909 12:39:25.448188   14608 transport.cc:773] Interface eth0 will not be used as it does not start with one of the prefixes: eth1,eth2,lo
I0909 12:39:25.448235   14608 transport.cc:819] Added IP address 10.240.96.10:8081 on network interface eth1
I0909 12:39:25.448240   14608 transport.cc:819] Added IP address 10.240.48.10:8081 on network interface eth2
I0909 12:39:25.448241   14608 transport.cc:773] Interface docker0 will not be used as it does not start with one of the prefixes: eth1,eth2,lo
I0909 12:39:25.448243   14608 transport.cc:773] Interface lxceee434c5d682 will not be used as it does not start with one of the prefixes: eth1,eth2,lo
I0909 12:39:25.448244   14608 transport.cc:773] Interface cilium_host will not be used as it does not start with one of the prefixes: eth1,eth2,lo
I0909 12:39:25.448245   14608 transport.cc:773] Interface lxc98965bb30804 will not be used as it does not start with one of the prefixes: eth1,eth2,lo
I0909 12:39:25.448246   14608 transport.cc:773] Interface lxc7a46b7c617f2 will not be used as it does not start with one of the prefixes: eth1,eth2,lo
I0909 12:39:25.448247   14608 transport.cc:773] Interface lxcc0f9da7fa3ad will not be used as it does not start with one of the prefixes: eth1,eth2,lo
I0909 12:39:25.448249   14608 transport.cc:773] Interface lxcee5710d8dac0 will not be used as it does not start with one of the prefixes: eth1,eth2,lo
I0909 12:39:25.448250   14608 transport.cc:773] Interface eth0 will not be used as it does not start with one of the prefixes: eth1,eth2,lo
I0909 12:39:25.448252   14608 transport.cc:773] Interface lxceee434c5d682 will not be used as it does not start with one of the prefixes: eth1,eth2,lo
I0909 12:39:25.448253   14608 transport.cc:773] Interface cilium_net will not be used as it does not start with one of the prefixes: eth1,eth2,lo
I0909 12:39:25.448255   14608 transport.cc:773] Interface cilium_host will not be used as it does not start with one of the prefixes: eth1,eth2,lo
I0909 12:39:25.448256   14608 transport.cc:773] Interface lxc98965bb30804 will not be used as it does not start with one of the prefixes: eth1,eth2,lo
I0909 12:39:25.448258   14608 transport.cc:773] Interface lxc7a46b7c617f2 will not be used as it does not start with one of the prefixes: eth1,eth2,lo
I0909 12:39:25.448259   14608 transport.cc:773] Interface lxcc0f9da7fa3ad will not be used as it does not start with one of the prefixes: eth1,eth2,lo
I0909 12:39:25.448260   14608 transport.cc:773] Interface lxcee5710d8dac0 will not be used as it does not start with one of the prefixes: eth1,eth2,lo
I0909 12:39:25.448268   14608 grpc_transport.cc:2332] Creating gRPC server on: 10.240.96.10:8081eth1
I0909 12:39:25.448281   14608 grpc_transport.cc:2348] Creating gRPC server with event engine allocator (chaotic good).
I0909 12:39:25.448290   14608 grpc_transport.cc:2365] Starting gRPC server on: 10.240.96.10:8081
I0909 12:39:25.448899   14608 grpc_transport.cc:2332] Creating gRPC server on: 10.240.48.10:8081eth2
I0909 12:39:25.448921   14608 grpc_transport.cc:2348] Creating gRPC server with event engine allocator (chaotic good).
I0909 12:39:25.448925   14608 grpc_transport.cc:2365] Starting gRPC server on: 10.240.48.10:8081
I0909 12:39:25.449185   14608 communication_backend.cc:1290] MegaScale transport initialized.
I0909 12:39:25.449195   14608 communication_backend.cc:1489] MegaScale transport init succeeded.
E0909 12:39:25.449913   13832 autosizer.cc:43] mean_latency is deprecated. Please remove this setting.
I0909 12:39:25.452423   13832 debug_service_impl.cc:185] Starting Megascale Debug Server
I0909 12:39:25.452806   13832 topology_coordinator.cc:57] Megascale Topology Coordinator started for 2 slices
I0909 12:39:25.452830   13832 transport.cc:862] Using IP addresses for interface discovery.
I0909 12:39:25.452832   13832 transport.cc:757] Could not read interface to NUMA node map from env variables, falling back to reading from file system.
I0909 12:39:25.452835   13832 transport.cc:761] Interfaces corresponding to process' NUMA nodes: [[{"eth0", 0}, {"eth1", 0}, {"eth2", 1}]]
I0909 12:39:25.453234   13832 transport.cc:773] Interface eth0 will not be used as it does not start with one of the prefixes: eth1,eth2,lo
I0909 12:39:25.453241   13832 transport.cc:773] Interface docker0 will not be used as it does not start with one of the prefixes: eth1,eth2,lo
I0909 12:39:25.453242   13832 transport.cc:773] Interface lxceee434c5d682 will not be used as it does not start with one of the prefixes: eth1,eth2,lo
I0909 12:39:25.453244   13832 transport.cc:773] Interface cilium_net will not be used as it does not start with one of the prefixes: eth1,eth2,lo
I0909 12:39:25.453245   13832 transport.cc:773] Interface cilium_host will not be used as it does not start with one of the prefixes: eth1,eth2,lo
I0909 12:39:25.453247   13832 transport.cc:773] Interface lxc98965bb30804 will not be used as it does not start with one of the prefixes: eth1,eth2,lo
I0909 12:39:25.453248   13832 transport.cc:773] Interface lxc7a46b7c617f2 will not be used as it does not start with one of the prefixes: eth1,eth2,lo
I0909 12:39:25.453249   13832 transport.cc:773] Interface lxcc0f9da7fa3ad will not be used as it does not start with one of the prefixes: eth1,eth2,lo
I0909 12:39:25.453251   13832 transport.cc:773] Interface lxcee5710d8dac0 will not be used as it does not start with one of the prefixes: eth1,eth2,lo
I0909 12:39:25.453253   13832 transport.cc:773] Interface eth0 will not be used as it does not start with one of the prefixes: eth1,eth2,lo
I0909 12:39:25.453258   13832 transport.cc:819] Added IP address 10.240.96.10:8081 on network interface eth1
I0909 12:39:25.453262   13832 transport.cc:819] Added IP address 10.240.48.10:8081 on network interface eth2
I0909 12:39:25.453263   13832 transport.cc:773] Interface docker0 will not be used as it does not start with one of the prefixes: eth1,eth2,lo
I0909 12:39:25.453265   13832 transport.cc:773] Interface lxceee434c5d682 will not be used as it does not start with one of the prefixes: eth1,eth2,lo
I0909 12:39:25.453266   13832 transport.cc:773] Interface cilium_host will not be used as it does not start with one of the prefixes: eth1,eth2,lo
I0909 12:39:25.453268   13832 transport.cc:773] Interface lxc98965bb30804 will not be used as it does not start with one of the prefixes: eth1,eth2,lo
I0909 12:39:25.453269   13832 transport.cc:773] Interface lxc7a46b7c617f2 will not be used as it does not start with one of the prefixes: eth1,eth2,lo
I0909 12:39:25.453271   13832 transport.cc:773] Interface lxcc0f9da7fa3ad will not be used as it does not start with one of the prefixes: eth1,eth2,lo
I0909 12:39:25.453272   13832 transport.cc:773] Interface lxcee5710d8dac0 will not be used as it does not start with one of the prefixes: eth1,eth2,lo
I0909 12:39:25.453274   13832 transport.cc:773] Interface eth0 will not be used as it does not start with one of the prefixes: eth1,eth2,lo
I0909 12:39:25.453276   13832 transport.cc:773] Interface lxceee434c5d682 will not be used as it does not start with one of the prefixes: eth1,eth2,lo
I0909 12:39:25.453278   13832 transport.cc:773] Interface cilium_net will not be used as it does not start with one of the prefixes: eth1,eth2,lo
I0909 12:39:25.453280   13832 transport.cc:773] Interface cilium_host will not be used as it does not start with one of the prefixes: eth1,eth2,lo
I0909 12:39:25.453281   13832 transport.cc:773] Interface lxc98965bb30804 will not be used as it does not start with one of the prefixes: eth1,eth2,lo
I0909 12:39:25.453283   13832 transport.cc:773] Interface lxc7a46b7c617f2 will not be used as it does not start with one of the prefixes: eth1,eth2,lo
I0909 12:39:25.453284   13832 transport.cc:773] Interface lxcc0f9da7fa3ad will not be used as it does not start with one of the prefixes: eth1,eth2,lo
I0909 12:39:25.453286   13832 transport.cc:773] Interface lxcee5710d8dac0 will not be used as it does not start with one of the prefixes: eth1,eth2,lo
I0909 12:39:25.453291   13832 communication_backend.cc:984] Sending topology discovery request: go/debugonly    
address_mapping {
  addresses {
    address: "10.240.96.10:8081"
    interface_name: "eth1"
    host_name_for_debugging: "gke-tpu-edbc8be2-f4wr"
  }
  addresses {
    address: "10.240.48.10:8081"
    interface_name: "eth2"
    host_name_for_debugging: "gke-tpu-edbc8be2-f4wr"
    numa_node: 1
  }
  incarnation_id: 6816399717858346221
}
tpu_topology_args {
  version: TPU_VERSION_6acc60406
  platform_type: TPU_PLATFORM_TYPE_HARDWARE
  chip_config_name: "default"
  chips_per_host_bounds {
    x: 2
    y: 2
    z: 1
  }
  host_bounds {
    x: 1
    y: 1
    z: 1
  }
  wrap {
  }
  enhanced_barrier_enabled: true
  use_continuations: true
  routing_strategy: ROUTING_MESH
}
incarnation_id: 6816399717858346221
I0909 12:39:25.453589   13832 grpc_transport.cc:2220] Creating client for slice 0 host 0
I0909 12:39:25.453604   13832 grpc_transport.cc:2203] Using default interface. Available interfaces: [eth1,eth2]. Server information: go/debugonly    
address: "dcn-mc3-slice-0-0.dcn-mc3:8081"
I0909 12:39:25.453701   13832 grpc_transport.cc:2278] Created 1 channels for 1 interfaces on slice 0 host 0.
 Load balancing policy: Dynamic lb: max_outstanding_bytes (8388608).
I0909 12:39:25.454539   14669 cachednslookup.cc:391] TTL not found in response, not caching response
I0909 12:39:25.459158   14667 tpu_chip_config.cc:367] Resolved chip config alias default->megachip for 6acc60406, 
I0909 12:39:26.316718   14669 tpu_chip_config.cc:367] Resolved chip config alias default->megachip for 6acc60406, 
I0909 12:39:26.316934   14669 topology_coordinator.cc:325] MegaScale Topology Discovery completed.
I0909 12:39:26.317275   13832 communication_backend.cc:1002] Received topology discovery response: go/debugonly    
slice_info {
  tpu_topology_args {
    version: TPU_VERSION_6acc60406
    platform_type: TPU_PLATFORM_TYPE_HARDWARE
    chip_config_name: "default"
    chips_per_host_bounds {
      x: 2
      y: 2
      z: 1
    }
    host_bounds {
      x: 1
      y: 1
      z: 1
    }
    wrap {
    }
    enhanced_barrier_enabled: true
    use_continuations: true
    routing_strategy: ROUTING_MESH
  }
}
slice_info {
  slice_id: 1
  tpu_topology_args {
    version: TPU_VERSION_6acc60406
    platform_type: TPU_PLATFORM_TYPE_HARDWARE
    chip_config_name: "default"
    chips_per_host_bounds {
      x: 2
      y: 2
      z: 1
    }
    host_bounds {
      x: 1
      y: 1
      z: 1
    }
    wrap {
    }
    enhanced_barrier_enabled: true
    use_continuations: true
    routing_strategy: ROUTING_MESH
  }
}
address_mappings {
  addresses {
    address: "10.240.96.10:8081"
    interface_name: "eth1"
    host_name_for_debugging: "gke-tpu-edbc8be2-f4wr"
  }
  addresses {
    address: "10.240.48.10:8081"
    interface_name: "eth2"
    host_name_for_debugging: "gke-tpu-edbc8be2-f4wr"
    numa_node: 1
  }
  incarnation_id: 6816399717858346221
}
address_mappings {
  slice_id: 1
  addresses {
    address: "10.240.96.6:8081"
    interface_name: "eth1"
    host_name_for_debugging: "gke-tpu-edbc8be2-h1bl"
  }
  addresses {
    address: "10.240.48.8:8081"
    interface_name: "eth2"
    host_name_for_debugging: "gke-tpu-edbc8be2-h1bl"
    numa_node: 1
  }
  incarnation_id: 2926291317420629777
}
incarnation_id: 6816399717858346221
I0909 12:39:26.317419   13832 debug_manager.cc:266] Registering error handler with name: default_handler
I0909 12:39:26.317428   13832 megascale_context.cc:571] Using DCN topology: go/debugonly    
I0909 12:39:26.317460   13832 tpu_chip_config.cc:367] Resolved chip config alias default->megachip for 6acc60406, 
DCN_MULTISLICE_PREFLIGHT {"global_device_count": 16, "local_device_count": 8, "process_count": 2, "process_id": 0, "slice_counts": {"0": 8, "1": 8}}
W0909 12:39:26.319611   14772 pjrt_client.h:601] UpdateGlobalProcessInfo is not supported.
I0909 12:39:26.361089   13832 dump.cc:725] HloModule dump enabled with path prefix: , suffix: before_optimizations
W0909 12:39:26.365798   14774 tpu_spmd_partitioner.cc:460] Collective matmul V1 is enabled. Please consider migrating to V2 since V1 will be deprecated soon. You can enable V2 by setting xla_tpu_all_gather_collective_matmul_mode=post_spmd and xla_tpu_reduce_scatter_collective_matmul_mode=post_spmd.
I0909 12:39:26.372434   13832 deepsea_compiler_hlo_passes.cc:6406] xla_tpu_impure_hlo_parallel_compile is DISABLED. jit__identity_fn
I0909 12:39:26.374819   13832 latency_hiding_scheduler.cc:4420] [latency-hiding-scheduler] LatencyHidingScheduler current memory usage: 73792 bytes. Current limit: 96638113587
I0909 12:39:26.375149   13832 tpu_plumb_vmem_info.cc:677] scavenging_mode: 3 for module: jit__identity_fn
I0909 12:39:26.391538   13832 deepsea_compiler_hlo_passes.cc:6735] HLO_PASSES stage duration: 27.33797175ms
I0909 12:39:26.459709   14549 topology_coordinator.cc:173] MegaScale Topology Discovery completed.
I0909 12:39:26.556370   14549 tpu_chip_config.cc:367] Resolved chip config alias default->megachip for 6acc60406, 
I0909 12:39:26.556547   14549 tpu_chip_config.cc:367] Resolved chip config alias default->megachip for 6acc60406, 
I0909 12:39:26.556773   14549 memory_space_assignment_util.cc:577] MSA Vmem breakdown: default scoped vmem (from flag): 33554432; does_msa_directly_allocate_scoped_vmem: T; bytes_for_msa_to_allocate: 67043328
I0909 12:39:26.569655   15020 deepsea_compiler_base.cc:4279] BACKEND_PASSES stage duration: 14.25660075ms
I0909 12:39:26.578243   15020 deepsea_compiler_backend.cc:1480] CODE_GENERATION stage duration: 8.49224025ms
I0909 12:39:26.578474   15020 isa_program_util_common.cc:373] (HLO module jit__identity_fn): Executable fingerprint:67556b1dd123307c8bb711c0434fbfac86eab215225618a5f838c0c427d4c3c2
I0909 12:39:26.578478   15020 isa_program_util_common.cc:377] (HLO module jit__identity_fn): Executable fingerprint (including data segments):c43bcc07663f8b538de614a22f9271d5656acd0e5f70af981aecc6805c64d3fd
I0909 12:39:26.578479   15020 isa_program_util_common.cc:380] (HLO module jit__identity_fn): Host transfer fingerprint:e6674013302fbdec09a2c7c89a12b340e612c48cc4b68dbb5d7ca9c5a25bab54
I0909 12:39:26.578650   13832 deepsea_compiler_base.cc:1055] END_TO_END stage duration: 217.7514205ms
I0909 12:39:26.578664   13832 deepsea_compiler_base.cc:1056] Note that END_TO_END duration also includes time outside of HLO_PASSES, BACKEND_PASSES, and CODE_GENERATION
I0909 12:39:26.579363   13832 megascale_context.cc:517] MegaScale DCNTopology fingerprint for: jit__identity_fn : 1688352644216761960 DevicesHash: 11843567257950195766 Topology: go/debugonly   
I0909 12:39:26.579402   13832 graph_builder.cc:257] Shapes to compress: [""]
I0909 12:39:26.579406   13832 graph_builder.cc:259] Prefixes to compress: [""]
I0909 12:39:26.579440   13832 graph_builder.cc:2912] Using MXLA graph seed: all-gather_0
I0909 12:39:26.579582   13832 host_command_scheduler_factory.cc:1312] Created a HostCommandScheduler with 18 rules for module jit__identity_fn HostTransfers Fingerprint: 3701741969770116811.
I0909 12:39:26.579592   13832 megascale_context.cc:686] MegaScale ExecutableContext created for module: jit__identity_fn with DCN topology: go/debugonly    
I0909 12:39:26.580574   14567 communication_backend.cc:625] Created communicator. Hostname: gke-tpu-edbc8be2-f4wr Slice ID: 0 Host ID: 0 NumSlices: 2 Device IDs: 0,1,2,3,4,5,6,7
I0909 12:39:26.582345   14753 grpc_transport.cc:2220] Creating client for slice 1 host 0
I0909 12:39:26.582379   14753 grpc_transport.cc:2200] Sending to 10.240.96.6:8081 on interface: eth1
I0909 12:39:26.582472   14753 grpc_transport.cc:2200] Sending to 10.240.48.8:8081 on interface: eth2
I0909 12:39:26.582519   14753 grpc_transport.cc:2278] Created 2 channels for 2 interfaces on slice 1 host 0.
 Load balancing policy: Dynamic lb: max_outstanding_bytes (8388608).
I0909 12:39:26.606079   13832 deepsea_compiler_hlo_passes.cc:6623] XLA::TPU running hlo passes for 21 instructions, module: jit__lambda
I0909 12:39:26.606090   13832 deepsea_compiler_hlo_passes.cc:6668] Initial HLO module: jit__lambda instructions: 21 fingerprint: 
I0909 12:39:26.606389   13832 deepsea_compiler_hlo_passes.cc:6526] HLO optimizing module: jit__lambda instructions: 19
I0909 12:39:26.606395   13832 deepsea_compiler_hlo_passes.cc:6539] XLA::TPU HLO optimization
W0909 12:39:26.607020   15057 tpu_spmd_partitioner.cc:460] Collective matmul V1 is enabled. Please consider migrating to V2 since V1 will be deprecated soon. You can enable V2 by setting xla_tpu_all_gather_collective_matmul_mode=post_spmd and xla_tpu_reduce_scatter_collective_matmul_mode=post_spmd.
I0909 12:39:26.615550   13832 deepsea_compiler_hlo_passes.cc:6406] xla_tpu_impure_hlo_parallel_compile is DISABLED. jit__lambda
I0909 12:39:26.618144   13832 deepsea_compiler_hlo_passes.cc:5472] XLA::TPU HLO PostOptimizationPipeline
I0909 12:39:26.619557   13832 latency_hiding_scheduler.cc:4420] [latency-hiding-scheduler] LatencyHidingScheduler current memory usage: 41024 bytes. Current limit: 96637751091
I0909 12:39:26.620243   13832 tpu_plumb_vmem_info.cc:677] scavenging_mode: 3 for module: jit__lambda
I0909 12:39:26.620919   13832 deepsea_compiler_hlo_passes.cc:6735] HLO_PASSES stage duration: 14.8291295ms
I0909 12:39:26.622059   14549 tpu_chip_config.cc:367] Resolved chip config alias default->megachip for 6acc60406, 
I0909 12:39:26.622216   14549 tpu_chip_config.cc:367] Resolved chip config alias default->megachip for 6acc60406, 
I0909 12:39:26.622384   14549 memory_space_assignment_util.cc:577] MSA Vmem breakdown: default scoped vmem (from flag): 33554432; does_msa_directly_allocate_scoped_vmem: T; bytes_for_msa_to_allocate: 67043328
I0909 12:39:26.640652   15061 deepsea_compiler_base.cc:4279] BACKEND_PASSES stage duration: 19.13635575ms
I0909 12:39:26.643445   15061 deepsea_compiler_backend.cc:1784] final program bundle count: 788 note this count does not reflect cycles spent executing delays.
I0909 12:39:26.649187   15061 deepsea_compiler_backend.cc:1980] Program divided into 2 overlays without HLO functions (90.5K).
I0909 12:39:26.649257   15061 deepsea_compiler_backend.cc:2150] XLA::TPU module name: jit__lambda
I0909 12:39:26.649260   15061 deepsea_compiler_backend.cc:2152] XLA::TPU program HBM usage: 266.5K / 94.74G
I0909 12:39:26.649263   15061 deepsea_compiler_backend.cc:2159] Note that --xla_tpu_max_hbm_size_mib is not specified. This means that the compiler may use up all available HBM, possibly prioritizing other metrics (latency, compile-time, ..) over memory usage. To reduce memory usage, set --xla_tpu_max_hbm_size_mib to a smaller value.
I0909 12:39:26.649264   15061 deepsea_compiler_backend.cc:2193] XLA::TPU program VMEM usage: 32.00M / 64.00M
I0909 12:39:26.649272   15061 deepsea_compiler_backend.cc:2204] Total hbm usage >= 268.28M:
    reserved        268.00M 
    program          266.5K 
    arguments         16.0K 

Output size 512B; shares 0B with arguments.

Total host usage >= 0B:
    reserved             0B 
    program         unknown size 
    arguments            0B 

Output size 0B; shares 0B with arguments.

I0909 12:39:26.649285   15061 deepsea_compiler_backend.cc:2208] Program sflag requirement 228B:
    reserved           204B
    scoped              16B
    HLO temp             8B (100.0% utilization: Unpadded (8B) Padded (8B), 0.0% fragmentation (0B))
Program sparse_core_sequencer_sflag requirement 36B:
    reserved            36B
Program sparse_core_tile_sflag requirement 4B:
    reserved             4B
Program sparse_core_sequencer_smem requirement 64B:
    reserved            64B
Program sparse_core_tile_smem requirement 0B:
Program hbm requirement 266.5K:
    HLO temp         176.0K (100.0% utilization: Unpadded (24.3K) Padded (24.3K), 86.2% fragmentation (151.7K))
    overlays          90.5K
Program vmem requirement 32.00M:
    HLO temp         32.00M (0.0% utilization: Unpadded (0B) Padded (0B), 100.0% fragmentation (32.00M))
Program smem requirement 36B:
    global               4B
    scoped              32B
Program host requirement 0B:
I0909 12:39:26.649287   15061 deepsea_compiler_backend.cc:2216] XLA::TPU program SMEM usage: 1.9K / 1.00M (1 parameters)
I0909 12:39:26.649376   15061 deepsea_compiler_backend.cc:1480] CODE_GENERATION stage duration: 8.6502885ms
I0909 12:39:26.649636   15061 isa_program_util_common.cc:373] (HLO module jit__lambda): Executable fingerprint:6a126cddbd2c7a63446e46d5dcaf750209d6c974ec79e4080fdc4ca9886f81e4
I0909 12:39:26.649639   15061 isa_program_util_common.cc:377] (HLO module jit__lambda): Executable fingerprint (including data segments):12c0715cab49b82f1e3ea1846957d5d3523547d5bf3cc57bcf82f0517b7a92e8
I0909 12:39:26.649640   15061 isa_program_util_common.cc:380] (HLO module jit__lambda): Host transfer fingerprint:2b9801a161c74c27631ae5e0b6d660abd73031d7eba34a0a6e10fff8dfd2f3ae
I0909 12:39:26.649963   13832 deepsea_compiler_base.cc:1055] END_TO_END stage duration: 46.31307525ms
I0909 12:39:26.649979   13832 deepsea_compiler_base.cc:1056] Note that END_TO_END duration also includes time outside of HLO_PASSES, BACKEND_PASSES, and CODE_GENERATION
I0909 12:39:26.650755   13832 megascale_context.cc:517] MegaScale DCNTopology fingerprint for: jit__lambda : 1688352644216761960 DevicesHash: 8081921339993277715 Topology: go/debugonly   
I0909 12:39:26.651047   13832 host_command_scheduler_factory.cc:1312] Created a HostCommandScheduler with 54 rules for module jit__lambda HostTransfers Fingerprint: 12151718319723310994.
I0909 12:39:26.651068   13832 megascale_context.cc:686] MegaScale ExecutableContext created for module: jit__lambda with DCN topology: go/debugonly    
I0909 12:39:26.676285   13832 deepsea_compiler_hlo_passes.cc:6623] XLA::TPU running hlo passes for 21 instructions, module: jit__lambda
I0909 12:39:26.676296   13832 deepsea_compiler_hlo_passes.cc:6668] Initial HLO module: jit__lambda instructions: 21 fingerprint: 
I0909 12:39:26.676558   13832 deepsea_compiler_hlo_passes.cc:6526] HLO optimizing module: jit__lambda instructions: 19
I0909 12:39:26.676564   13832 deepsea_compiler_hlo_passes.cc:6539] XLA::TPU HLO optimization
W0909 12:39:26.677260   15070 tpu_spmd_partitioner.cc:460] Collective matmul V1 is enabled. Please consider migrating to V2 since V1 will be deprecated soon. You can enable V2 by setting xla_tpu_all_gather_collective_matmul_mode=post_spmd and xla_tpu_reduce_scatter_collective_matmul_mode=post_spmd.
I0909 12:39:26.684815   13832 deepsea_compiler_hlo_passes.cc:6406] xla_tpu_impure_hlo_parallel_compile is DISABLED. jit__lambda
I0909 12:39:26.686987   13832 deepsea_compiler_hlo_passes.cc:5472] XLA::TPU HLO PostOptimizationPipeline
I0909 12:39:26.688150   13832 latency_hiding_scheduler.cc:4420] [latency-hiding-scheduler] LatencyHidingScheduler current memory usage: 41024 bytes. Current limit: 96637751091
I0909 12:39:26.688742   13832 tpu_plumb_vmem_info.cc:677] scavenging_mode: 3 for module: jit__lambda
I0909 12:39:26.689300   13832 deepsea_compiler_hlo_passes.cc:6735] HLO_PASSES stage duration: 13.003797ms
I0909 12:39:26.690681   14549 tpu_chip_config.cc:367] Resolved chip config alias default->megachip for 6acc60406, 
I0909 12:39:26.690836   14549 tpu_chip_config.cc:367] Resolved chip config alias default->megachip for 6acc60406, 
I0909 12:39:26.691038   14549 memory_space_assignment_util.cc:577] MSA Vmem breakdown: default scoped vmem (from flag): 33554432; does_msa_directly_allocate_scoped_vmem: T; bytes_for_msa_to_allocate: 67043328
I0909 12:39:26.708149   15074 deepsea_compiler_base.cc:4279] BACKEND_PASSES stage duration: 18.13632825ms
I0909 12:39:26.711093   15074 deepsea_compiler_backend.cc:1784] final program bundle count: 788 note this count does not reflect cycles spent executing delays.
I0909 12:39:26.716863   15074 deepsea_compiler_backend.cc:1980] Program divided into 2 overlays without HLO functions (90.5K).
I0909 12:39:26.716930   15074 deepsea_compiler_backend.cc:2150] XLA::TPU module name: jit__lambda
I0909 12:39:26.716933   15074 deepsea_compiler_backend.cc:2152] XLA::TPU program HBM usage: 266.5K / 94.74G
I0909 12:39:26.716936   15074 deepsea_compiler_backend.cc:2159] Note that --xla_tpu_max_hbm_size_mib is not specified. This means that the compiler may use up all available HBM, possibly prioritizing other metrics (latency, compile-time, ..) over memory usage. To reduce memory usage, set --xla_tpu_max_hbm_size_mib to a smaller value.
I0909 12:39:26.716937   15074 deepsea_compiler_backend.cc:2193] XLA::TPU program VMEM usage: 32.00M / 64.00M
I0909 12:39:26.716944   15074 deepsea_compiler_backend.cc:2204] Total hbm usage >= 268.28M:
    reserved        268.00M 
    program          266.5K 
    arguments         16.0K 

Output size 512B; shares 0B with arguments.

Total host usage >= 0B:
    reserved             0B 
    program         unknown size 
    arguments            0B 

Output size 0B; shares 0B with arguments.

I0909 12:39:26.716955   15074 deepsea_compiler_backend.cc:2208] Program sflag requirement 228B:
    reserved           204B
    scoped              16B
    HLO temp             8B (100.0% utilization: Unpadded (8B) Padded (8B), 0.0% fragmentation (0B))
Program sparse_core_sequencer_sflag requirement 36B:
    reserved            36B
Program sparse_core_tile_sflag requirement 4B:
    reserved             4B
Program sparse_core_sequencer_smem requirement 64B:
    reserved            64B
Program sparse_core_tile_smem requirement 0B:
Program hbm requirement 266.5K:
    HLO temp         176.0K (100.0% utilization: Unpadded (24.3K) Padded (24.3K), 86.2% fragmentation (151.7K))
    overlays          90.5K
Program vmem requirement 32.00M:
    HLO temp         32.00M (0.0% utilization: Unpadded (0B) Padded (0B), 100.0% fragmentation (32.00M))
Program smem requirement 36B:
    global               4B
    scoped              32B
Program host requirement 0B:
I0909 12:39:26.716957   15074 deepsea_compiler_backend.cc:2216] XLA::TPU program SMEM usage: 1.9K / 1.00M (1 parameters)
I0909 12:39:26.717038   15074 deepsea_compiler_backend.cc:1480] CODE_GENERATION stage duration: 8.81261675ms
I0909 12:39:26.717297   15074 isa_program_util_common.cc:373] (HLO module jit__lambda): Executable fingerprint:6a126cddbd2c7a63446e46d5dcaf750209d6c974ec79e4080fdc4ca9886f81e4
I0909 12:39:26.717300   15074 isa_program_util_common.cc:377] (HLO module jit__lambda): Executable fingerprint (including data segments):12c0715cab49b82f1e3ea1846957d5d3523547d5bf3cc57bcf82f0517b7a92e8
I0909 12:39:26.717301   15074 isa_program_util_common.cc:380] (HLO module jit__lambda): Host transfer fingerprint:2b9801a161c74c27631ae5e0b6d660abd73031d7eba34a0a6e10fff8dfd2f3ae
I0909 12:39:26.717477   13832 deepsea_compiler_base.cc:1055] END_TO_END stage duration: 43.59039725ms
I0909 12:39:26.717493   13832 deepsea_compiler_base.cc:1056] Note that END_TO_END duration also includes time outside of HLO_PASSES, BACKEND_PASSES, and CODE_GENERATION
I0909 12:39:26.718076   13832 megascale_context.cc:517] MegaScale DCNTopology fingerprint for: jit__lambda : 1688352644216761960 DevicesHash: 8081921339993277715 Topology: go/debugonly   
I0909 12:39:26.718362   13832 host_command_scheduler_factory.cc:1312] Created a HostCommandScheduler with 54 rules for module jit__lambda HostTransfers Fingerprint: 12151718319723310994.
I0909 12:39:26.718383   13832 megascale_context.cc:686] MegaScale ExecutableContext created for module: jit__lambda with DCN topology: go/debugonly    
I0909 12:39:26.726570   13929 megascale_context.cc:439] Destroying MegaScale PjrtExecutableContext: jit__lambda
I0909 12:39:26.745080   13832 deepsea_compiler_hlo_passes.cc:6623] XLA::TPU running hlo passes for 19 instructions, module: jit__lambda
I0909 12:39:26.745092   13832 deepsea_compiler_hlo_passes.cc:6668] Initial HLO module: jit__lambda instructions: 19 fingerprint: 
I0909 12:39:26.745388   13832 deepsea_compiler_hlo_passes.cc:6526] HLO optimizing module: jit__lambda instructions: 17
I0909 12:39:26.745395   13832 deepsea_compiler_hlo_passes.cc:6539] XLA::TPU HLO optimization
W0909 12:39:26.745995   15079 tpu_spmd_partitioner.cc:460] Collective matmul V1 is enabled. Please consider migrating to V2 since V1 will be deprecated soon. You can enable V2 by setting xla_tpu_all_gather_collective_matmul_mode=post_spmd and xla_tpu_reduce_scatter_collective_matmul_mode=post_spmd.
I0909 12:39:26.754386   13832 deepsea_compiler_hlo_passes.cc:6406] xla_tpu_impure_hlo_parallel_compile is DISABLED. jit__lambda
I0909 12:39:26.756390   13832 deepsea_compiler_hlo_passes.cc:5472] XLA::TPU HLO PostOptimizationPipeline
I0909 12:39:26.757343   13832 latency_hiding_scheduler.cc:4420] [latency-hiding-scheduler] LatencyHidingScheduler current memory usage: 24640 bytes. Current limit: 96637894451
I0909 12:39:26.757838   13832 tpu_plumb_vmem_info.cc:677] scavenging_mode: 3 for module: jit__lambda
I0909 12:39:26.758343   13832 deepsea_compiler_hlo_passes.cc:6735] HLO_PASSES stage duration: 13.25092925ms
I0909 12:39:26.759667   14549 tpu_chip_config.cc:367] Resolved chip config alias default->megachip for 6acc60406, 
I0909 12:39:26.759821   14549 tpu_chip_config.cc:367] Resolved chip config alias default->megachip for 6acc60406, 
I0909 12:39:26.760005   14549 memory_space_assignment_util.cc:577] MSA Vmem breakdown: default scoped vmem (from flag): 33554432; does_msa_directly_allocate_scoped_vmem: T; bytes_for_msa_to_allocate: 67043328
I0909 12:39:26.774343   15083 deepsea_compiler_base.cc:4279] BACKEND_PASSES stage duration: 15.25425225ms
I0909 12:39:26.776752   15083 deepsea_compiler_backend.cc:1784] final program bundle count: 626 note this count does not reflect cycles spent executing delays.
I0909 12:39:26.782791   15083 deepsea_compiler_backend.cc:1980] Program divided into 2 overlays without HLO functions (80.5K).
I0909 12:39:26.782852   15083 deepsea_compiler_backend.cc:2150] XLA::TPU module name: jit__lambda
I0909 12:39:26.782856   15083 deepsea_compiler_backend.cc:2152] XLA::TPU program HBM usage: 208.5K / 94.74G
I0909 12:39:26.782858   15083 deepsea_compiler_backend.cc:2159] Note that --xla_tpu_max_hbm_size_mib is not specified. This means that the compiler may use up all available HBM, possibly prioritizing other metrics (latency, compile-time, ..) over memory usage. To reduce memory usage, set --xla_tpu_max_hbm_size_mib to a smaller value.
I0909 12:39:26.782859   15083 deepsea_compiler_backend.cc:2193] XLA::TPU program VMEM usage: 32.00M / 64.00M
I0909 12:39:26.782866   15083 deepsea_compiler_backend.cc:2204] Total hbm usage >= 268.22M:
    reserved        268.00M 
    program          208.5K 
    arguments         16.0K 

Output size 512B; shares 0B with arguments.

Total host usage >= 0B:
    reserved             0B 
    program         unknown size 
    arguments            0B 

Output size 0B; shares 0B with arguments.

I0909 12:39:26.782876   15083 deepsea_compiler_backend.cc:2208] Program sflag requirement 224B:
    reserved           204B
    scoped              12B
    HLO temp             8B (100.0% utilization: Unpadded (8B) Padded (8B), 0.0% fragmentation (0B))
Program sparse_core_sequencer_sflag requirement 36B:
    reserved            36B
Program sparse_core_tile_sflag requirement 4B:
    reserved             4B
Program sparse_core_sequencer_smem requirement 64B:
    reserved            64B
Program sparse_core_tile_smem requirement 0B:
Program hbm requirement 208.5K:
    HLO temp         128.0K (49.1% utilization: Unpadded (8.2K) Padded (16.7K), 87.0% fragmentation (111.3K))
    overlays          80.5K
Program vmem requirement 32.00M:
    HLO temp         32.00M (0.0% utilization: Unpadded (0B) Padded (0B), 100.0% fragmentation (32.00M))
Program smem requirement 36B:
    global               4B
    scoped              32B
Program host requirement 0B:
I0909 12:39:26.782878   15083 deepsea_compiler_backend.cc:2216] XLA::TPU program SMEM usage: 1.9K / 1.00M (1 parameters)
I0909 12:39:26.782957   15083 deepsea_compiler_backend.cc:1480] CODE_GENERATION stage duration: 8.5485025ms
I0909 12:39:26.783189   15083 isa_program_util_common.cc:373] (HLO module jit__lambda): Executable fingerprint:4a4bf7195f2e28a358732e4bad360b9ab79156518433b25ddb27df2e76864c13
I0909 12:39:26.783191   15083 isa_program_util_common.cc:377] (HLO module jit__lambda): Executable fingerprint (including data segments):41df051aa1d5cc95b6bd65dcd0fe59634f8d45c83e436d4b0b21da6da348f7ba
I0909 12:39:26.783192   15083 isa_program_util_common.cc:380] (HLO module jit__lambda): Host transfer fingerprint:5c8f40e7dcd653d84e947d890338940d2b2e1ffba06eadb57827e716f5782f97
I0909 12:39:26.783463   13832 deepsea_compiler_base.cc:1055] END_TO_END stage duration: 41.14619375ms
I0909 12:39:26.783481   13832 deepsea_compiler_base.cc:1056] Note that END_TO_END duration also includes time outside of HLO_PASSES, BACKEND_PASSES, and CODE_GENERATION
I0909 12:39:26.784076   13832 megascale_context.cc:517] MegaScale DCNTopology fingerprint for: jit__lambda : 1688352644216761960 DevicesHash: 8081921339993277715 Topology: go/debugonly   
I0909 12:39:26.784252   13832 host_command_scheduler_factory.cc:1312] Created a HostCommandScheduler with 36 rules for module jit__lambda HostTransfers Fingerprint: 8427318606672400244.
I0909 12:39:26.784266   13832 megascale_context.cc:686] MegaScale ExecutableContext created for module: jit__lambda with DCN topology: go/debugonly    
I0909 12:39:26.789914   13929 megascale_context.cc:439] Destroying MegaScale PjrtExecutableContext: jit__lambda
MANUAL_AR_VERIFY {"exchange_add": true, "psum": true, "psum_checksum": 3.0}
W0909 12:39:26.803523   15085 tpu_spmd_partitioner.cc:460] Collective matmul V1 is enabled. Please consider migrating to V2 since V1 will be deprecated soon. You can enable V2 by setting xla_tpu_all_gather_collective_matmul_mode=post_spmd and xla_tpu_reduce_scatter_collective_matmul_mode=post_spmd.
I0909 12:39:26.808844   13832 deepsea_compiler_hlo_passes.cc:6406] xla_tpu_impure_hlo_parallel_compile is DISABLED. jit__lambda
I0909 12:39:26.810342   13832 tpu_plumb_vmem_info.cc:677] scavenging_mode: 3 for module: jit__lambda
I0909 12:39:26.821848   13832 deepsea_compiler_hlo_passes.cc:6735] HLO_PASSES stage duration: 18.9073195ms
I0909 12:39:26.822620   14549 tpu_chip_config.cc:367] Resolved chip config alias default->megachip for 6acc60406, 
I0909 12:39:26.822773   14549 tpu_chip_config.cc:367] Resolved chip config alias default->megachip for 6acc60406, 
I0909 12:39:26.822956   14549 memory_space_assignment_util.cc:577] MSA Vmem breakdown: default scoped vmem (from flag): 33554432; does_msa_directly_allocate_scoped_vmem: T; bytes_for_msa_to_allocate: 67043328
I0909 12:39:26.853340   15087 deepsea_compiler_base.cc:4279] BACKEND_PASSES stage duration: 31.05926525ms
I0909 12:39:26.860234   15087 deepsea_compiler_backend.cc:1480] CODE_GENERATION stage duration: 6.83383ms
I0909 12:39:26.860476   15087 isa_program_util_common.cc:373] (HLO module jit__lambda): Executable fingerprint:bc586dffeac4e7ae318e7d154bf8e04f4304c94ca0093b387a7797ec3816d14b
I0909 12:39:26.860480   15087 isa_program_util_common.cc:377] (HLO module jit__lambda): Executable fingerprint (including data segments):a2faf2ce0762128844e7a122c148a8aece70b237d9b143ffa46b761ac2a0d991
I0909 12:39:26.860481   15087 isa_program_util_common.cc:380] (HLO module jit__lambda): Host transfer fingerprint:e3b0c44298fc1c149afbf4c8996fb92427ae41e4649b934ca495991b7852b855
I0909 12:39:26.860803   13832 deepsea_compiler_base.cc:1055] END_TO_END stage duration: 60.11710525ms
I0909 12:39:26.860818   13832 deepsea_compiler_base.cc:1056] Note that END_TO_END duration also includes time outside of HLO_PASSES, BACKEND_PASSES, and CODE_GENERATION
I0909 12:39:26.861282   13832 host_command_scheduler_factory.cc:1312] Created a HostCommandScheduler with 0 rules for module jit__lambda HostTransfers Fingerprint: 0.
I0909 12:39:26.861293   13832 megascale_context.cc:686] MegaScale ExecutableContext created for module: jit__lambda with DCN topology: go/debugonly    
I0909 12:39:26.865045   14514 megascale_context.cc:439] Destroying MegaScale PjrtExecutableContext: jit__lambda
W0909 12:39:26.878039   15090 tpu_spmd_partitioner.cc:460] Collective matmul V1 is enabled. Please consider migrating to V2 since V1 will be deprecated soon. You can enable V2 by setting xla_tpu_all_gather_collective_matmul_mode=post_spmd and xla_tpu_reduce_scatter_collective_matmul_mode=post_spmd.
I0909 12:39:26.882869   13832 deepsea_compiler_hlo_passes.cc:6406] xla_tpu_impure_hlo_parallel_compile is DISABLED. jit__identity_fn
I0909 12:39:26.886049   13832 latency_hiding_scheduler.cc:4420] [latency-hiding-scheduler] LatencyHidingScheduler current memory usage: 10816 bytes. Current limit: 96637838643
I0909 12:39:26.886545   13832 tpu_plumb_vmem_info.cc:677] scavenging_mode: 3 for module: jit__identity_fn
I0909 12:39:26.887049   13832 deepsea_compiler_hlo_passes.cc:6735] HLO_PASSES stage duration: 9.51434575ms
I0909 12:39:26.888145   14549 tpu_chip_config.cc:367] Resolved chip config alias default->megachip for 6acc60406, 
I0909 12:39:26.888285   14549 tpu_chip_config.cc:367] Resolved chip config alias default->megachip for 6acc60406, 
I0909 12:39:26.888462   14549 memory_space_assignment_util.cc:577] MSA Vmem breakdown: default scoped vmem (from flag): 33554432; does_msa_directly_allocate_scoped_vmem: T; bytes_for_msa_to_allocate: 67043328
I0909 12:39:26.913115   15092 deepsea_compiler_base.cc:4279] BACKEND_PASSES stage duration: 25.491915ms
I0909 12:39:26.921645   15092 deepsea_compiler_backend.cc:1480] CODE_GENERATION stage duration: 8.44627225ms
I0909 12:39:26.921934   15092 isa_program_util_common.cc:373] (HLO module jit__identity_fn): Executable fingerprint:fd3b0d6bd150f631ee1516bdd9fe68433befc25b43e5ac8c1bf0647642d4a029
I0909 12:39:26.921938   15092 isa_program_util_common.cc:377] (HLO module jit__identity_fn): Executable fingerprint (including data segments):b4793e425396e7ab5df0b40c15a832140ecb3328718901424ce0f42c7f63731d
I0909 12:39:26.921939   15092 isa_program_util_common.cc:380] (HLO module jit__identity_fn): Host transfer fingerprint:f21887b8cd1a7de9f1745e6458df4dba74bea513f1593c4409ce2cd383777ca8
I0909 12:39:26.922243   13832 deepsea_compiler_base.cc:1055] END_TO_END stage duration: 47.0568565ms
I0909 12:39:26.922260   13832 deepsea_compiler_base.cc:1056] Note that END_TO_END duration also includes time outside of HLO_PASSES, BACKEND_PASSES, and CODE_GENERATION
I0909 12:39:26.922835   13832 megascale_context.cc:517] MegaScale DCNTopology fingerprint for: jit__identity_fn : 1688352644216761960 DevicesHash: 11843567257950195766 Topology: go/debugonly   
I0909 12:39:26.922973   13832 host_command_scheduler_factory.cc:1312] Created a HostCommandScheduler with 18 rules for module jit__identity_fn HostTransfers Fingerprint: 14547820116035419324.
I0909 12:39:26.922984   13832 megascale_context.cc:686] MegaScale ExecutableContext created for module: jit__identity_fn with DCN topology: go/debugonly    
I0909 12:39:26.925585   13929 megascale_context.cc:439] Destroying MegaScale PjrtExecutableContext: jit__lambda
W0909 12:39:26.942162   15096 tpu_spmd_partitioner.cc:460] Collective matmul V1 is enabled. Please consider migrating to V2 since V1 will be deprecated soon. You can enable V2 by setting xla_tpu_all_gather_collective_matmul_mode=post_spmd and xla_tpu_reduce_scatter_collective_matmul_mode=post_spmd.
I0909 12:39:26.947795   13832 deepsea_compiler_hlo_passes.cc:6406] xla_tpu_impure_hlo_parallel_compile is DISABLED. jit_op
I0909 12:39:26.949838   13832 latency_hiding_scheduler.cc:4420] [latency-hiding-scheduler] LatencyHidingScheduler current memory usage: 1610620992 bytes. Current limit: 95564271411
I0909 12:39:26.950184   13832 tpu_plumb_vmem_info.cc:677] scavenging_mode: 3 for module: jit_op
I0909 12:39:26.980051   13832 deepsea_compiler_hlo_passes.cc:6735] HLO_PASSES stage duration: 38.39937375ms
I0909 12:39:26.981209   14549 tpu_chip_config.cc:367] Resolved chip config alias default->megachip for 6acc60406, 
I0909 12:39:26.981367   14549 tpu_chip_config.cc:367] Resolved chip config alias default->megachip for 6acc60406, 
I0909 12:39:26.981538   14549 memory_space_assignment_util.cc:577] MSA Vmem breakdown: default scoped vmem (from flag): 33554432; does_msa_directly_allocate_scoped_vmem: T; bytes_for_msa_to_allocate: 67043328
I0909 12:39:27.062232   15100 deepsea_compiler_base.cc:4279] BACKEND_PASSES stage duration: 81.5034705ms
I0909 12:39:27.070784   15100 deepsea_compiler_backend.cc:1480] CODE_GENERATION stage duration: 8.48672425ms
I0909 12:39:27.071151   15100 isa_program_util_common.cc:373] (HLO module jit_op): Executable fingerprint:0f2b665f05c3c4afe211f3c371efcab563df28a2ebf1e3fea485408c5722f8dc
I0909 12:39:27.071155   15100 isa_program_util_common.cc:377] (HLO module jit_op): Executable fingerprint (including data segments):86848f6f1a06a74bef5f269280dc370998aab50634976e92618a9f9f14091724
I0909 12:39:27.071157   15100 isa_program_util_common.cc:380] (HLO module jit_op): Host transfer fingerprint:294ab033fa7a89f4c4b5c51d8744fa6f4206e6d1d2d85c49c24e64e2b1444859
I0909 12:39:27.071433   13832 deepsea_compiler_base.cc:1055] END_TO_END stage duration: 132.38160825ms
I0909 12:39:27.071449   13832 deepsea_compiler_base.cc:1056] Note that END_TO_END duration also includes time outside of HLO_PASSES, BACKEND_PASSES, and CODE_GENERATION
I0909 12:39:27.072037   13832 megascale_context.cc:517] MegaScale DCNTopology fingerprint for: jit_op : 1688352644216761960 DevicesHash: 8081921339993277715 Topology: go/debugonly   
I0909 12:39:27.075042   13832 host_command_scheduler_factory.cc:1312] Created a HostCommandScheduler with 36 rules for module jit_op HostTransfers Fingerprint: 12634255100403355191.
I0909 12:39:27.075289   13832 megascale_context.cc:686] MegaScale ExecutableContext created for module: jit_op with DCN topology: go/debugonly    
I0909 12:39:27.087857   14721 generic-stream-socket.h:1667] Cannot process timestamp for type=1 seq=16827171 time=2026-09-09T12:39:27.087352004+00:00
W0909 12:39:27.093567   14573 grpc_transport.cc:1186] Too many pending sends: 128
W0909 12:39:27.317051   14568 tpu_pjrt_client.cc:2333] PjRt execution dispatch was blocked for 227.924241ms because PjRt's max in-flight computation semaphore is full (limit: 32), which may negatively affect the performance
W0909 12:39:37.137338   15536 grpc_transport.cc:1186] Too many pending sends: 128
W0909 12:39:47.189077   15458 grpc_transport.cc:1186] Too many pending sends: 128
W0909 12:39:57.189366   15533 grpc_transport.cc:1186] Too many pending sends: 137
W0909 12:40:07.364652   15533 grpc_transport.cc:1186] Too many pending sends: 128
W0909 12:40:17.375213   15624 grpc_transport.cc:1186] Too many pending sends: 128
I0909 12:40:26.858138   13832 megascale_context.cc:439] Destroying MegaScale PjrtExecutableContext: jit_op
MANUAL_AR_RESULT {"batch": 10, "benchmark": "manual_ar", "host_gbps_best": 334.88143479564184, "host_gbps_median": 329.58781421805384, "matrix_dim": 32768, "network_delta": {"cilium_host": {"rx_bytes": 0, "tx_bytes": 0}, "cilium_net": {"rx_bytes": 0, "tx_bytes": 0}, "docker0": {"rx_bytes": 0, "tx_bytes": 0}, "eth0": {"rx_bytes": 1051354, "tx_bytes": 8227977}, "eth1": {"rx_bytes": 1215116231842, "tx_bytes": 1197582984235}, "eth2": {"rx_bytes": 1209267513258, "tx_bytes": 1215010273002}, "lo": {"rx_bytes": 5946882, "tx_bytes": 5946882}, "lxc7a46b7c617f2": {"rx_bytes": 2234241, "tx_bytes": 713462}, "lxc98965bb30804": {"rx_bytes": 20499, "tx_bytes": 162658}, "lxcc0f9da7fa3ad": {"rx_bytes": 28059, "tx_bytes": 4435}, "lxcee5710d8dac0": {"rx_bytes": 35458, "tx_bytes": 6700}, "lxceee434c5d682": {"rx_bytes": 780, "tx_bytes": 20900}}, "participants_per_slice": 8, "reps": 8, "shard_bytes_per_device": 1073741824.0, "time_ms_all": [208.9460961986333, 205.81849630689248, 208.05643709609285, 217.48703540069982, 214.5661636022851, 205.61511690029874, 205.20539389690384, 213.77825969830155], "time_ms_best": 205.20539389690384, "time_ms_median": 208.50126664736308, "variant": "psum", "warmups": 200}
W0909 12:40:26.890297   15695 tpu_spmd_partitioner.cc:460] Collective matmul V1 is enabled. Please consider migrating to V2 since V1 will be deprecated soon. You can enable V2 by setting xla_tpu_all_gather_collective_matmul_mode=post_spmd and xla_tpu_reduce_scatter_collective_matmul_mode=post_spmd.
I0909 12:40:26.898767   13832 deepsea_compiler_hlo_passes.cc:6406] xla_tpu_impure_hlo_parallel_compile is DISABLED. jit_op
I0909 12:40:26.900934   13832 latency_hiding_scheduler.cc:4420] [latency-hiding-scheduler] LatencyHidingScheduler current memory usage: 1073750080 bytes. Current limit: 95564404531
I0909 12:40:26.901306   13832 tpu_plumb_vmem_info.cc:677] scavenging_mode: 3 for module: jit_op
I0909 12:40:26.920915   13832 deepsea_compiler_hlo_passes.cc:6735] HLO_PASSES stage duration: 31.43508975ms
I0909 12:40:26.922157   14549 tpu_chip_config.cc:367] Resolved chip config alias default->megachip for 6acc60406, 
I0909 12:40:26.922368   14549 tpu_chip_config.cc:367] Resolved chip config alias default->megachip for 6acc60406, 
I0909 12:40:26.922563   14549 memory_space_assignment_util.cc:577] MSA Vmem breakdown: default scoped vmem (from flag): 33554432; does_msa_directly_allocate_scoped_vmem: T; bytes_for_msa_to_allocate: 67043328
I0909 12:40:27.031383   15699 deepsea_compiler_base.cc:4279] BACKEND_PASSES stage duration: 109.98085375ms
I0909 12:40:27.039639   15699 deepsea_compiler_backend.cc:1480] CODE_GENERATION stage duration: 8.177032ms
I0909 12:40:27.040021   15699 isa_program_util_common.cc:373] (HLO module jit_op): Executable fingerprint:33a5a6d6f7cea468562f68254b4eb2b89053eb34e2e10125a401ef1c264018f8
I0909 12:40:27.040024   15699 isa_program_util_common.cc:377] (HLO module jit_op): Executable fingerprint (including data segments):63de7ca22133830a9ecf7d1576f6e0dc97cbc6a522ec2bae425e60708fe1b2d0
I0909 12:40:27.040026   15699 isa_program_util_common.cc:380] (HLO module jit_op): Host transfer fingerprint:c37db3d47c19d90e6b870bb79741e56a58ee0112318c32550eac3926e65c0ec8
I0909 12:40:27.040335   13832 deepsea_compiler_base.cc:1055] END_TO_END stage duration: 153.97760375ms
I0909 12:40:27.040351   13832 deepsea_compiler_base.cc:1056] Note that END_TO_END duration also includes time outside of HLO_PASSES, BACKEND_PASSES, and CODE_GENERATION
I0909 12:40:27.040984   13832 megascale_context.cc:517] MegaScale DCNTopology fingerprint for: jit_op : 1688352644216761960 DevicesHash: 8081921339993277715 Topology: go/debugonly   
I0909 12:40:27.043651   13832 host_command_scheduler_factory.cc:1312] Created a HostCommandScheduler with 18 rules for module jit_op HostTransfers Fingerprint: 158907515329715665.
I0909 12:40:27.043993   13832 megascale_context.cc:686] MegaScale ExecutableContext created for module: jit_op with DCN topology: go/debugonly    
W0909 12:40:27.464351   14566 tpu_pjrt_client.cc:2333] PjRt execution dispatch was blocked for 180.35034ms because PjRt's max in-flight computation semaphore is full (limit: 32), which may negatively affect the performance
W0909 12:40:27.534570   15560 grpc_transport.cc:1186] Too many pending sends: 128
W0909 12:40:37.625187   15771 grpc_transport.cc:1186] Too many pending sends: 128
W0909 12:40:41.494482   15658 block_allocator.cc:240] Allocator almost full. Allocator Stats. Total: 17179869184 Free: 4291256320 Peak: 0
Outstanding :: 8388608: 575 17825792: 0 65536: 0 16384: 0 1024: 8 8192: 0 16777216: 0 32768: 0 9437184: 0 
Free :: 9437184: 155 32768: 4 1024: 8 16384: 6 65536: 4 8192: 7 16777216: 274 17825792: 112 8388608: 0 
W0909 12:40:47.765284   15793 grpc_transport.cc:1186] Too many pending sends: 128
W0909 12:40:57.765391   15894 grpc_transport.cc:1186] Too many pending sends: 519
W0909 12:41:07.769882   14600 grpc_transport.cc:1186] Too many pending sends: 128
W0909 12:41:17.769879   15560 grpc_transport.cc:1186] Too many pending sends: 683
W0909 12:41:27.956626   14575 grpc_transport.cc:1186] Too many pending sends: 128
I0909 12:41:34.673153   13832 megascale_context.cc:439] Destroying MegaScale PjrtExecutableContext: jit_op
MANUAL_AR_RESULT {"batch": 10, "benchmark": "manual_ar", "host_gbps_best": 304.7471658699387, "host_gbps_median": 289.195730882312, "matrix_dim": 32768, "network_delta": {"cilium_host": {"rx_bytes": 0, "tx_bytes": 0}, "cilium_net": {"rx_bytes": 0, "tx_bytes": 0}, "docker0": {"rx_bytes": 0, "tx_bytes": 0}, "eth0": {"rx_bytes": 873549, "tx_bytes": 8267352}, "eth1": {"rx_bytes": 1196365347995, "tx_bytes": 1207275374445}, "eth2": {"rx_bytes": 1228682634744, "tx_bytes": 1206888513047}, "lo": {"rx_bytes": 7547025, "tx_bytes": 7547025}, "lxc7a46b7c617f2": {"rx_bytes": 2378759, "tx_bytes": 695638}, "lxc98965bb30804": {"rx_bytes": 18212, "tx_bytes": 59413}, "lxcc0f9da7fa3ad": {"rx_bytes": 28410, "tx_bytes": 4685}, "lxcee5710d8dac0": {"rx_bytes": 35841, "tx_bytes": 8616}, "lxceee434c5d682": {"rx_bytes": 591, "tx_bytes": 20843}}, "participants_per_slice": 8, "reps": 8, "shard_bytes_per_device": 1073741824.0, "time_ms_all": [225.49668850842863, 235.50491260830313, 240.09935880312696, 234.96527379611507, 239.740531204734, 246.8648602021858, 234.46706819813699, 261.153508303687], "time_ms_best": 225.49668850842863, "time_ms_median": 237.62272190651856, "variant": "exchange_add", "warmups": 200}
MANUAL_AR_SUMMARY {"exchange_add@32768": 304.7, "psum@32768": 334.9}
I0909 12:41:34.680354   13832 megascale_context.cc:439] Destroying MegaScale PjrtExecutableContext: jit__identity_fn
W0909 12:41:34.682529   14772 pjrt_client.h:601] UpdateGlobalProcessInfo is not supported.
I0909 12:41:34.706667   13832 allocator_stats_reporter.cc:147] Stopping AllocatorStatsReporter. Reporting one last time first.
I0909 12:41:34.707142   14554 tpu_diagnostic_coordinator.cc:565] TpuStallWorker thread exiting.
I0909 12:41:34.942257   13832 tpunetd_client.cc:431] Session master stopping the session...
I0909 12:41:34.942666   15029 session_worker_service.cc:115] Session master notifies the worker to disconnect from session d8b60dceb39e712c
I0909 12:41:34.942755   13832 tpunetd_client.cc:433] Session master stopped the session.
I0909 12:41:34.942768   13832 tpunetd_client.cc:438] Session manager stopping the session...
I0909 12:41:35.049297   13832 tpunetd_client.cc:440] Session manager stopped the session.
I0909 12:41:40.328409   15947 async_driver.cc:1178] [/dev/vfio/5 tpu662:pe0:1] vf_id:0 Driver closed.
I0909 12:41:40.397145   15902 async_driver.cc:1178] [/dev/vfio/6 tpu662:pe0:2] vf_id:0 Driver closed.
I0909 12:41:40.608534   13932 async_driver.cc:1178] [/dev/vfio/1 tpu662:pe0:3] vf_id:0 Driver closed.
I0909 12:41:40.619224   15683 async_driver.cc:1178] [/dev/vfio/4 tpu662:pe0:0] vf_id:0 Driver closed.
I0909 12:41:40.621782   15683 megascale_context.cc:439] Destroying MegaScale PjrtExecutableContext: jit__identity_fn
I0909 12:41:40.621861   15683 megascale_context.cc:1131] Destroying MegaScale PjrtClientContext.
MC_CONFIG_END name=mrss16 pass=2
MC_CONFIG_BEGIN name=mrss32 pass=2 port=1307 flags=--xla_tpu_use_megascale_host_reduction=false --megascale_max_reduction_shard_size=33554432
ERROR: Accessing retired flag 'eventmanager2_as_default_eventmanager'
I0909 12:41:49.768570   16212 b295d63588a.cc:792] Linux version 6.12.94+ (builder@b181c7a13d4c) (Chromium OS 17.0_pre498229-r33 clang version 17.0.0 (/mnt/host/source/src/third_party/llvm-project 14f0776550b5a49e1c42f49a00213f7f3fa047bf), LLD 17.0.0) #1 SMP Mon Jul 27 22:05:55 UTC 2026
I0909 12:41:49.768840   16212 b295d63588a.cc:876] Process id 16212
I0909 12:41:49.768854   16212 b295d63588a.cc:882] Current working directory /jax-ai-image
I0909 12:41:49.768859   16212 b295d63588a.cc:885] Current timezone is UTC (currently UTC +00:00)
I0909 12:41:49.768861   16212 b295d63588a.cc:890] Built on Dec 31 1969 16:00:00 (0)
I0909 12:41:49.768862   16212 b295d63588a.cc:891]  at redacted@redacted:.
I0909 12:41:49.768864   16212 b295d63588a.cc:892]  as //learning/45eac/tfrc/executor:_libtpu.so.native
I0909 12:41:49.768865   16212 b295d63588a.cc:893]  for gcc-4.X.Y-crosstool-v18-llvm-grtev4-k8.k8
I0909 12:41:49.768867   16212 b295d63588a.cc:902] Build tool: redacted
I0909 12:41:49.768868   16212 b295d63588a.cc:903] Build target: 
I0909 12:41:49.768873   16212 b295d63588a.cc:911] Command line arguments:
I0909 12:41:49.768874   16212 b295d63588a.cc:913] argv[0]: './tpu_driver'
I0909 12:41:49.768877   16212 b295d63588a.cc:913] argv[1]: '--minloglevel=0'
I0909 12:41:49.768878   16212 b295d63588a.cc:913] argv[2]: '--stderrthreshold=0'
I0909 12:41:49.768879   16212 b295d63588a.cc:913] argv[3]: '--v=0'
I0909 12:41:49.768881   16212 b295d63588a.cc:913] argv[4]: '--vmodule='
I0909 12:41:49.768882   16212 b295d63588a.cc:913] argv[5]: '--log_dir=/tmp/tpu_logs/benchmark'
I0909 12:41:49.768883   16212 b295d63588a.cc:913] argv[6]: '--max_log_size=1024'
I0909 12:41:49.768884   16212 b295d63588a.cc:913] argv[7]: '--deepsea_hal_included_devs=3,0,1,2'
I0909 12:41:49.768886   16212 b295d63588a.cc:913] argv[8]: '--megascale_transport_numa_node=0,1'
I0909 12:41:49.768887   16212 b295d63588a.cc:913] argv[9]: '--next_pluggable_device_use_c_api=0'
I0909 12:41:49.768889   16212 b295d63588a.cc:913] argv[10]: '--deepsea_wrap=false,false,false'
I0909 12:41:49.768890   16212 b295d63588a.cc:913] argv[11]: '--deepsea_twist=false'
I0909 12:41:49.768892   16212 b295d63588a.cc:913] argv[12]: '--deepsea_chip_config_name=default'
I0909 12:41:49.768893   16212 b295d63588a.cc:913] argv[13]: '--deepsea_chips_per_host_bounds=2,2,1'
I0909 12:41:49.768895   16212 b295d63588a.cc:913] argv[14]: '--deepsea_host_bounds=1,1,1'
I0909 12:41:49.768896   16212 b295d63588a.cc:913] argv[15]: '--deepsea_slice_builder_worker_port=8471'
I0909 12:41:49.768897   16212 b295d63588a.cc:913] argv[16]: '--deepsea_slice_builder_worker_addresses=dcn-mc3-slice-0-0.dcn-mc3:8471'
I0909 12:41:49.768899   16212 b295d63588a.cc:913] argv[17]: '--tpu_slice_builder_dump_chip=false'
I0909 12:41:49.768900   16212 b295d63588a.cc:913] argv[18]: '--tpu_slice_builder_dump_chip_force=false'
I0909 12:41:49.768901   16212 b295d63588a.cc:913] argv[19]: '--tpu_slice_builder_dump_to_localhost=1'
I0909 12:41:49.768903   16212 b295d63588a.cc:913] argv[20]: '--vbar_control_service_url=unix:///var/run/tpu-plugin/vbar.sock'
I0909 12:41:49.768905   16212 b295d63588a.cc:913] argv[21]: '--bypass_vbar_control_service=0'
I0909 12:41:49.768906   16212 b295d63588a.cc:913] argv[22]: '--deepsea_ici_resilient=false'
I0909 12:41:49.768907   16212 b295d63588a.cc:913] argv[23]: '--xla_tpu_use_resilient_collective_emitter=false'
I0909 12:41:49.768909   16212 b295d63588a.cc:913] argv[24]: '--tpu_slice_builder_topology_discovery_fault_injection='
I0909 12:41:49.768910   16212 b295d63588a.cc:913] argv[25]: '--runtime_metric_service_port=8431'
I0909 12:41:49.768911   16212 b295d63588a.cc:913] argv[26]: '--tpu_hbm_report_enable=1'
I0909 12:41:49.768912   16212 b295d63588a.cc:913] argv[27]: '--tpu_hbm_report_frequency=5s'
I0909 12:41:49.768914   16212 b295d63588a.cc:913] argv[28]: '--megascale_coordinator_address=dcn-mc3-slice-0-0.dcn-mc3:8081'
I0909 12:41:49.768915   16212 b295d63588a.cc:913] argv[29]: '--megascale_slice_id=0'
I0909 12:41:49.768916   16212 b295d63588a.cc:913] argv[30]: '--megascale_num_slices=2'
I0909 12:41:49.768917   16212 b295d63588a.cc:913] argv[31]: '--megascale_transport_type=grpc'
I0909 12:41:49.768919   16212 b295d63588a.cc:913] argv[32]: '--megascale_port=8081'
I0909 12:41:49.768921   16212 b295d63588a.cc:913] argv[33]: '--megascale_use_insecure_grpc'
I0909 12:41:49.768922   16212 b295d63588a.cc:913] argv[34]: '--megascale_grpc_use_chaotic_good=true'
I0909 12:41:49.768928   16212 b295d63588a.cc:913] argv[35]: '--megascale_grpc_use_event_engine_allocator=true'
I0909 12:41:49.768931   16212 b295d63588a.cc:913] argv[36]: '--grpc_enable_tcp_recv_zerocopy=false'
I0909 12:41:49.768933   16212 b295d63588a.cc:913] argv[37]: '--grpc_enable_rpc_receive_coalescing=true'
I0909 12:41:49.768934   16212 b295d63588a.cc:913] argv[38]: '--megascale_grpc_enable_numa_aware_transmit=true'
I0909 12:41:49.768936   16212 b295d63588a.cc:913] argv[39]: '--megascale_grpc_use_numa_aware_event_engine=true'
I0909 12:41:49.768937   16212 b295d63588a.cc:913] argv[40]: '--megascale_debug_port=8081'
I0909 12:41:49.768939   16212 b295d63588a.cc:913] argv[41]: '--eventmanager2_as_default_eventmanager'
I0909 12:41:49.768941   16212 b295d63588a.cc:913] argv[42]: '--eventmanager2_default_autosizer=mean_latency'
I0909 12:41:49.768942   16212 b295d63588a.cc:913] argv[43]: '--megascale_grpc_enable_xor_tracer=true'
I0909 12:41:49.768944   16212 b295d63588a.cc:913] argv[44]: '--xor_trace_sampling_period=100'
I0909 12:41:49.768946   16212 b295d63588a.cc:913] argv[45]: '--rpc_transport_metrics_period=20'
I0909 12:41:49.768948   16212 b295d63588a.cc:913] argv[46]: '--grpc_experiments=event_engine_client,chaotic_good_framing_layer,tcp_rcv_lowat,instrument_tcp_telemetry,event_engine_listener,use_call_event_engine_in_completion_queue'
I0909 12:41:49.768950   16212 b295d63588a.cc:913] argv[47]: '--enable_runtime_uptime_telemetry=true'
I0909 12:41:49.768952   16212 b295d63588a.cc:913] argv[48]: '--xla_tpu_use_megascale_host_reduction=false'
I0909 12:41:49.768954   16212 b295d63588a.cc:913] argv[49]: '--megascale_max_reduction_shard_size=33554432'
I0909 12:41:49.768956   16212 b295d63588a.cc:913] argv[50]: '--xla_tpu_use_enhanced_launch_barrier=true'
I0909 12:41:49.768957   16212 b295d63588a.cc:913] argv[51]: '--xla_tpu_prefer_async_allgather_to_allreduce=true'
I0909 12:41:49.768959   16212 b295d63588a.cc:913] argv[52]: '--xla_tpu_data_parallel_opt_different_sized_ops=true'
I0909 12:41:49.768961   16212 b295d63588a.cc:913] argv[53]: '--xla_tpu_enable_data_parallel_all_reduce_opt=true'
I0909 12:41:49.768963   16212 b295d63588a.cc:913] argv[54]: '--megascale_coordinator_address=dcn-mc3-slice-0-0.dcn-mc3:8081'
I0909 12:41:49.768965   16212 b295d63588a.cc:913] argv[55]: '--megascale_slice_id=0'
I0909 12:41:49.768967   16212 b295d63588a.cc:913] argv[56]: '--megascale_num_slices=2'
I0909 12:41:49.768969   16212 b295d63588a.cc:913] argv[57]: '--megascale_transport_type=grpc'
I0909 12:41:49.768971   16212 b295d63588a.cc:913] argv[58]: '--megascale_port=8081'
I0909 12:41:49.768972   16212 b295d63588a.cc:913] argv[59]: '--megascale_use_insecure_grpc'
I0909 12:41:49.768974   16212 b295d63588a.cc:913] argv[60]: '--megascale_grpc_interface_prefixes=eth1,eth2,lo'
I0909 12:41:49.769170   16212 init.cc:78] Remote crash gathering hook installed.
I0909 12:41:49.797516   16212 tpu_runtime_type_flags.cc:78] --tpu_use_tfrt not specified. Using default value: true
I0909 12:41:49.797633   16212 host_command_handler_factory.cc:31] Skipping registration of host command handler for opcode Log because it is not in the allowlist.
I0909 12:41:49.797654   16212 tpu_hal.cc:467] Registered plugin from module: megascale_sync_flag_logger
I0909 12:41:49.799716   16212 tpu_hal.cc:467] Registered plugin from module: RuntimeMetricHelper
E0909 12:41:49.799739   16212 autosizer.cc:43] mean_latency is deprecated. Please remove this setting.
I0909 12:41:49.802156   16212 logger.cc:308] Enabling threaded logging for severity WARNING
I0909 12:41:49.802187   16212 tpu_hal.cc:467] Registered plugin from module: sdc_checker_callback
I0909 12:41:49.802718   16212 mlock.cc:220] mlock()-ed 4096 bytes for BuildID, using 1 syscalls.
I0909 12:41:49.802771   16212 debug_manager.cc:266] Registering error handler with name: libtpu_telemetry_handler
I0909 12:41:49.817515   16212 singleton_tpu_states_manager.cc:86] TPU premapped buffer enabled. Size: 4294967296 Threshold: 4294967296 Partitions: 1
I0909 12:41:49.817529   16212 singleton_tpu_states_manager.cc:110] TpuStatesManager::GetOrCreate(): no tpu system exists. Creating a new tpu system.
I0909 12:41:49.824389   16212 device_util.cc:89] Found 4 TPU7x chips.
I0909 12:41:49.824406   16212 tpu_version_flag.cc:77] Using auto-detected TPU version TPU7x
I0909 12:41:49.840315   16212 tpu_chip_config.cc:367] Resolved chip config alias default->megachip for 6acc60406, 
I0909 12:41:49.840606   16212 pending_event_logger.cc:1003] Enabling PjRt/TPU event dependency logging.
I0909 12:41:49.846293   16587 flags_util.cc:316] Using 8471 from --deepsea_slice_builder_worker_port as SliceBuilder worker service port.
I0909 12:41:49.851551   16587 tpu_network_factory.cc:67] Running in Cloud, using TpunetdClient
I0909 12:41:49.851571   16587 tpunetd_client.cc:163] Creating TpunetdClient with topology go/debugstr    
x_dimension: 2
y_dimension: 2
z_dimension: 1
x_wrapping: false
y_wrapping: false
z_wrapping: false
I0909 12:41:49.860639   16587 init-domain.cc:132] Fiber init: default domain = futex, concurrency = 246, prefix = futex-default
I0909 12:41:51.820907   16590 async_driver.cc:485] [/dev/vfio/4 tpu662:pe0:0] vf_id:0 Driver opened.
I0909 12:41:51.838619   16592 async_driver.cc:485] [/dev/vfio/6 tpu662:pe0:2] vf_id:0 Driver opened.
I0909 12:41:51.860133   16593 async_driver.cc:485] [/dev/vfio/1 tpu662:pe0:3] vf_id:0 Driver opened.
I0909 12:41:51.869855   16591 async_driver.cc:485] [/dev/vfio/5 tpu662:pe0:1] vf_id:0 Driver opened.
I0909 12:41:51.870677   16589 futex.cc:71] RAW: Futex::Swap(): using GFUTEX_SWAP
I0909 12:41:51.900405   16590 tpu_vxc_driver.cc:967] Throttled firmware queue size configured to 223(Firmware queue size: 256, leaving 32 for misc purposes).
I0909 12:41:51.910371   16592 tpu_vxc_driver.cc:967] Throttled firmware queue size configured to 223(Firmware queue size: 256, leaving 32 for misc purposes).
I0909 12:41:51.920176   16593 tpu_vxc_driver.cc:967] Throttled firmware queue size configured to 223(Firmware queue size: 256, leaving 32 for misc purposes).
I0909 12:41:51.930031   16591 tpu_vxc_driver.cc:967] Throttled firmware queue size configured to 223(Firmware queue size: 256, leaving 32 for misc purposes).
I0909 12:41:51.958340   16590 async_driver.cc:1843] All cores supported.
I0909 12:41:51.960290   16592 async_driver.cc:1843] All cores supported.
I0909 12:41:51.961625   16593 async_driver.cc:1843] All cores supported.
I0909 12:41:51.964049   16591 async_driver.cc:1843] All cores supported.
I0909 12:41:51.964273   16587 tpunetd_client.cc:338] Connecting to vbar control service at unix:///var/run/tpu-plugin/vbar.sock
I0909 12:41:51.964382   16587 config.cc:265] gRPC experiments: instrument_tcp_telemetry:on, tcp_rcv_lowat:on, use_call_event_engine_in_completion_queue:on; default-enabled: buffer_list_deletion_prep, cache_loas_context_in_connection_context, call_tracer_send_initial_metadata_is_an_annotation, callv3_batch_validation, callv3_ef5bb7_client, callv3_ef5bb7_server, chaotic_good_framing_layer, chaotic_good_send_supported_features, custom_frame_check, directpath_rpc_header_sanitization_filter, ef5bb7_global_family_cache, event_engine_callback_cq, event_engine_client, event_engine_listener, header_data_frame, inproc_cancel_stream, message_size_refactoring, monitoring_experiment, optimization_01, optimization_02, optimization_03, optimization_04, ph2_perf_01, promise_batch_cleanup_on_cancel, promise_filter_send_cancel_metadata, psp_tsi_handshaker_shutdown, skip_clear_peer_on_cancellation, tsi_frame_protector_without_locks, v2_non_owning_waker_implementation, verbose_channelz_connection_logging, wildcard_ip_expansion_restriction, xds_server_filter_chain_per_route
I0909 12:41:51.969656   16587 tpunetd_client.cc:289] Session manager starting a new session...
I0909 12:41:52.074218   16587 vbar_control.cc:201] TPU backend connection test passed! 
I0909 12:41:52.279837   16587 tpunetd_client.cc:291] Session manager started the new session.
I0909 12:41:52.279849   16587 tpunetd_client.cc:295] Session master starting a new session...
I0909 12:41:52.279851   16587 session_master.cc:263] Starting a new ICI network session...
I0909 12:41:52.280290   16589 session_worker_service.cc:110] Session master notifies the worker in a new session: 48206d6780518c3c
I0909 12:41:52.384716   16587 session_master.cc:307] Successfully started ICI network session with session id: 48206d6780518c3c
I0909 12:41:52.384762   16587 tpunetd_client.cc:297] Session master started the new session.
I0909 12:41:52.390041   16587 tpu_hal.cc:209] Starting premapped memory manager initialization...
W0909 12:41:52.393180   16591 libtpu_telemetry_utils.cc:44] Metric already exists: hlo.execution.timing.distribution.microseconds
W0909 12:41:52.393186   16590 libtpu_telemetry_utils.cc:44] Metric already exists: hlo.execution.timing.distribution.microseconds
W0909 12:41:52.393192   16593 libtpu_telemetry_utils.cc:44] Metric already exists: hlo.execution.timing.distribution.microseconds
W0909 12:41:52.393203   16590 libtpu_telemetry_utils.cc:44] Metric already exists: hlo.queue.size.gauge
W0909 12:41:52.393205   16593 libtpu_telemetry_utils.cc:44] Metric already exists: hlo.queue.size.gauge
W0909 12:41:52.393195   16591 libtpu_telemetry_utils.cc:44] Metric already exists: hlo.queue.size.gauge
W0909 12:41:52.394569   16592 libtpu_telemetry_utils.cc:44] Metric already exists: hlo.execution.timing.distribution.microseconds
W0909 12:41:52.394586   16592 libtpu_telemetry_utils.cc:44] Metric already exists: hlo.queue.size.gauge
W0909 12:41:52.394630   16591 libtpu_telemetry_utils.cc:44] Metric already exists: hlo.execution.timing.distribution.microseconds
W0909 12:41:52.394631   16593 libtpu_telemetry_utils.cc:44] Metric already exists: hlo.execution.timing.distribution.microseconds
W0909 12:41:52.394631   16590 libtpu_telemetry_utils.cc:44] Metric already exists: hlo.execution.timing.distribution.microseconds
W0909 12:41:52.394639   16590 libtpu_telemetry_utils.cc:44] Metric already exists: hlo.queue.size.gauge
W0909 12:41:52.394640   16591 libtpu_telemetry_utils.cc:44] Metric already exists: hlo.queue.size.gauge
W0909 12:41:52.394645   16593 libtpu_telemetry_utils.cc:44] Metric already exists: hlo.queue.size.gauge
I0909 12:41:54.757206   16587 runtime_metric_service.cc:197] Successfully started Runtime Metric Service on port: 8431
I0909 12:41:54.757421   16587 system.cc:1112] tpu::System initialized, current host id: 0, logical device ids: 0,1,2,3,4,5,6,7
I0909 12:41:54.757476   16212 tpu_system_state.cc:224] CreateTpuSystemState: TPU initialization is successful and it took 4.916853893s
I0909 12:41:54.757497   16212 tpu_system_state.cc:228] CreateTpuSystemState: using TPU host premapped buffer of size: 4294967296
I0909 12:41:54.757513   16212 tpu_host_allocator.cc:68] Premapped buffer is using alignment 64
I0909 12:41:54.758033   16212 tpu_linearizer.cc:104] Inflight linearization byte limit configured to : 1099511627776
I0909 12:41:54.758039   16212 tpu_linearizer.cc:118] Inflight delinearization byte limit configured to : 1099511627776
I0909 12:41:54.758642   16212 allocator_stats_reporter.cc:117] Starting AllocatorStats Reporter with reporting interval: 5s
I0909 12:41:54.758679   16212 megascale_context.cc:969] Using shared executor for compute since we are running on 6acc60406.
W0909 12:41:54.758687   16212 impairments_service.cc:60] Resetting impairments.
I0909 12:41:54.758707   16212 numa_utils.cc:43] Available NUMA node in this process: 0,1
E0909 12:41:54.758835   16212 autosizer.cc:43] mean_latency is deprecated. Please remove this setting.
I0909 12:41:54.759036   16934 tpu_diagnostic_coordinator.cc:610] TpuDiagnosticCoordinator listening on socket /tmp/tpu_diag_trigger_16212.socket (symlinked at /tmp/tpu_diag_latest.socket)
E0909 12:41:54.761283   16212 autosizer.cc:43] mean_latency is deprecated. Please remove this setting.
I0909 12:41:54.763788   16212 flags.cc:231] The actual send_rpc_timeout is set to: 45s. Adjusted from the original send_rpc_timeout: 45s, graph_hang_threshold: 5m, graph_within_launch_hang_threshold: 1m
I0909 12:41:54.763805   16212 numa_aware_allocator.cc:60] Creating numa aware allocators, number of NUMA nodes is 2
I0909 12:41:54.763811   16212 numa_aware_allocator.cc:63] Creating numa aware allocator for NUMA nodes 0
I0909 12:41:54.763830   16212 communication_backend.cc:300] Done allocating premapped memory of size 17179869184 bytes in 17.555us
I0909 12:41:54.763836   16212 numa_aware_allocator.cc:76] Binding memory address 0x78d1cbfff000 with NUMA node mask 1
I0909 12:42:07.225302   16212 communication_backend.cc:310] Done premapping memory of size 17179869184 bytes in 12.460966535s
I0909 12:42:07.225344   16212 numa_aware_allocator.cc:63] Creating numa aware allocator for NUMA nodes 1
I0909 12:42:07.225369   16212 communication_backend.cc:300] Done allocating premapped memory of size 17179869184 bytes in 22.024us
I0909 12:42:07.225374   16212 numa_aware_allocator.cc:76] Binding memory address 0x78cdcbffd000 with NUMA node mask 2
I0909 12:42:20.030030   16212 communication_backend.cc:310] Done premapping memory of size 17179869184 bytes in 12.803313242s
I0909 12:42:20.030067   16212 communication_backend.cc:375] Preallocated 17179869184 bytes with Megascale allocator.
I0909 12:42:20.030092   16212 eigen_compute_engine.cc:333] Creating EigenComputeEngine with options: { executor = 0x58c446ec0540,  force_use_shared_executor = true,  num_cores_per_device = 16 }
I0909 12:42:20.030248   16987 communication_backend.cc:1179] Initializing MegaScale transport.
E0909 12:42:20.030313   16987 autosizer.cc:43] mean_latency is deprecated. Please remove this setting.
E0909 12:42:20.030378   16212 autosizer.cc:43] mean_latency is deprecated. Please remove this setting.
E0909 12:42:20.034759   16987 autosizer.cc:43] mean_latency is deprecated. Please remove this setting.
E0909 12:42:20.035172   16212 autosizer.cc:43] mean_latency is deprecated. Please remove this setting.
E0909 12:42:20.037575   16987 autosizer.cc:43] mean_latency is deprecated. Please remove this setting.
I0909 12:42:20.066246   16987 grpc_transport.cc:2407] Create GrpcTransport with LIBTPU_ON_GCE.
I0909 12:42:20.066297   16987 transport.cc:862] Using IP addresses for interface discovery.
I0909 12:42:20.066300   16987 transport.cc:757] Could not read interface to NUMA node map from env variables, falling back to reading from file system.
E0909 12:42:20.066307   16212 autosizer.cc:43] mean_latency is deprecated. Please remove this setting.
I0909 12:42:20.066442   16987 transport.cc:723] Could not read filename /sys/class/net/cilium_host/device/numa_node with status Stat failed for /sys/class/net/cilium_host/device/numa_node: No such file or directory
I0909 12:42:20.066451   16987 transport.cc:723] Could not read filename /sys/class/net/cilium_net/device/numa_node with status Stat failed for /sys/class/net/cilium_net/device/numa_node: No such file or directory
I0909 12:42:20.066457   16987 transport.cc:723] Could not read filename /sys/class/net/docker0/device/numa_node with status Stat failed for /sys/class/net/docker0/device/numa_node: No such file or directory
I0909 12:42:20.066965   16987 transport.cc:723] Could not read filename /sys/class/net/lo/device/numa_node with status Stat failed for /sys/class/net/lo/device/numa_node: No such file or directory
I0909 12:42:20.066973   16987 transport.cc:723] Could not read filename /sys/class/net/lxc7a46b7c617f2/device/numa_node with status Stat failed for /sys/class/net/lxc7a46b7c617f2/device/numa_node: No such file or directory
I0909 12:42:20.066978   16987 transport.cc:723] Could not read filename /sys/class/net/lxc98965bb30804/device/numa_node with status Stat failed for /sys/class/net/lxc98965bb30804/device/numa_node: No such file or directory
I0909 12:42:20.066983   16987 transport.cc:723] Could not read filename /sys/class/net/lxcc0f9da7fa3ad/device/numa_node with status Stat failed for /sys/class/net/lxcc0f9da7fa3ad/device/numa_node: No such file or directory
I0909 12:42:20.066988   16987 transport.cc:723] Could not read filename /sys/class/net/lxcee5710d8dac0/device/numa_node with status Stat failed for /sys/class/net/lxcee5710d8dac0/device/numa_node: No such file or directory
I0909 12:42:20.066994   16987 transport.cc:723] Could not read filename /sys/class/net/lxceee434c5d682/device/numa_node with status Stat failed for /sys/class/net/lxceee434c5d682/device/numa_node: No such file or directory
I0909 12:42:20.066996   16987 transport.cc:734] Interfaces on available NUMA nodes: [{"eth1", 0}, {"eth0", 0}, {"eth2", 1}]
I0909 12:42:20.067015   16987 transport.cc:761] Interfaces corresponding to process' NUMA nodes: [[{"eth0", 0}, {"eth1", 0}, {"eth2", 1}]]
I0909 12:42:20.067728   16987 transport.cc:773] Interface eth0 will not be used as it does not start with one of the prefixes: eth1,eth2,lo
I0909 12:42:20.067738   16987 transport.cc:773] Interface docker0 will not be used as it does not start with one of the prefixes: eth1,eth2,lo
I0909 12:42:20.067740   16987 transport.cc:773] Interface lxceee434c5d682 will not be used as it does not start with one of the prefixes: eth1,eth2,lo
I0909 12:42:20.067741   16987 transport.cc:773] Interface cilium_net will not be used as it does not start with one of the prefixes: eth1,eth2,lo
I0909 12:42:20.067742   16987 transport.cc:773] Interface cilium_host will not be used as it does not start with one of the prefixes: eth1,eth2,lo
I0909 12:42:20.067743   16987 transport.cc:773] Interface lxc98965bb30804 will not be used as it does not start with one of the prefixes: eth1,eth2,lo
I0909 12:42:20.067744   16987 transport.cc:773] Interface lxc7a46b7c617f2 will not be used as it does not start with one of the prefixes: eth1,eth2,lo
I0909 12:42:20.067745   16987 transport.cc:773] Interface lxcc0f9da7fa3ad will not be used as it does not start with one of the prefixes: eth1,eth2,lo
I0909 12:42:20.067746   16987 transport.cc:773] Interface lxcee5710d8dac0 will not be used as it does not start with one of the prefixes: eth1,eth2,lo
I0909 12:42:20.067749   16987 transport.cc:773] Interface eth0 will not be used as it does not start with one of the prefixes: eth1,eth2,lo
I0909 12:42:20.067797   16987 transport.cc:819] Added IP address 10.240.96.10:8081 on network interface eth1
I0909 12:42:20.067801   16987 transport.cc:819] Added IP address 10.240.48.10:8081 on network interface eth2
I0909 12:42:20.067803   16987 transport.cc:773] Interface docker0 will not be used as it does not start with one of the prefixes: eth1,eth2,lo
I0909 12:42:20.067804   16987 transport.cc:773] Interface lxceee434c5d682 will not be used as it does not start with one of the prefixes: eth1,eth2,lo
I0909 12:42:20.067805   16987 transport.cc:773] Interface cilium_host will not be used as it does not start with one of the prefixes: eth1,eth2,lo
I0909 12:42:20.067807   16987 transport.cc:773] Interface lxc98965bb30804 will not be used as it does not start with one of the prefixes: eth1,eth2,lo
I0909 12:42:20.067808   16987 transport.cc:773] Interface lxc7a46b7c617f2 will not be used as it does not start with one of the prefixes: eth1,eth2,lo
I0909 12:42:20.067809   16987 transport.cc:773] Interface lxcc0f9da7fa3ad will not be used as it does not start with one of the prefixes: eth1,eth2,lo
I0909 12:42:20.067809   16987 transport.cc:773] Interface lxcee5710d8dac0 will not be used as it does not start with one of the prefixes: eth1,eth2,lo
I0909 12:42:20.067811   16987 transport.cc:773] Interface eth0 will not be used as it does not start with one of the prefixes: eth1,eth2,lo
I0909 12:42:20.067813   16987 transport.cc:773] Interface lxceee434c5d682 will not be used as it does not start with one of the prefixes: eth1,eth2,lo
I0909 12:42:20.067814   16987 transport.cc:773] Interface cilium_net will not be used as it does not start with one of the prefixes: eth1,eth2,lo
I0909 12:42:20.067815   16987 transport.cc:773] Interface cilium_host will not be used as it does not start with one of the prefixes: eth1,eth2,lo
I0909 12:42:20.067817   16987 transport.cc:773] Interface lxc98965bb30804 will not be used as it does not start with one of the prefixes: eth1,eth2,lo
I0909 12:42:20.067818   16987 transport.cc:773] Interface lxc7a46b7c617f2 will not be used as it does not start with one of the prefixes: eth1,eth2,lo
I0909 12:42:20.067820   16987 transport.cc:773] Interface lxcc0f9da7fa3ad will not be used as it does not start with one of the prefixes: eth1,eth2,lo
I0909 12:42:20.067821   16987 transport.cc:773] Interface lxcee5710d8dac0 will not be used as it does not start with one of the prefixes: eth1,eth2,lo
I0909 12:42:20.067829   16987 grpc_transport.cc:2332] Creating gRPC server on: 10.240.96.10:8081eth1
I0909 12:42:20.067841   16987 grpc_transport.cc:2348] Creating gRPC server with event engine allocator (chaotic good).
I0909 12:42:20.067851   16987 grpc_transport.cc:2365] Starting gRPC server on: 10.240.96.10:8081
I0909 12:42:20.068500   16987 grpc_transport.cc:2332] Creating gRPC server on: 10.240.48.10:8081eth2
I0909 12:42:20.068518   16987 grpc_transport.cc:2348] Creating gRPC server with event engine allocator (chaotic good).
I0909 12:42:20.068522   16987 grpc_transport.cc:2365] Starting gRPC server on: 10.240.48.10:8081
E0909 12:42:20.068623   16212 autosizer.cc:43] mean_latency is deprecated. Please remove this setting.
I0909 12:42:20.068771   16987 communication_backend.cc:1290] MegaScale transport initialized.
I0909 12:42:20.068782   16987 communication_backend.cc:1489] MegaScale transport init succeeded.
E0909 12:42:20.070962   16212 autosizer.cc:43] mean_latency is deprecated. Please remove this setting.
E0909 12:42:20.073841   16212 autosizer.cc:43] mean_latency is deprecated. Please remove this setting.
I0909 12:42:20.076182   16212 debug_service_impl.cc:185] Starting Megascale Debug Server
I0909 12:42:20.076564   16212 topology_coordinator.cc:57] Megascale Topology Coordinator started for 2 slices
I0909 12:42:20.076588   16212 transport.cc:862] Using IP addresses for interface discovery.
I0909 12:42:20.076590   16212 transport.cc:757] Could not read interface to NUMA node map from env variables, falling back to reading from file system.
I0909 12:42:20.076592   16212 transport.cc:761] Interfaces corresponding to process' NUMA nodes: [[{"eth1", 0}, {"eth2", 1}, {"eth0", 0}]]
I0909 12:42:20.076986   16212 transport.cc:773] Interface eth0 will not be used as it does not start with one of the prefixes: eth1,eth2,lo
I0909 12:42:20.076994   16212 transport.cc:773] Interface docker0 will not be used as it does not start with one of the prefixes: eth1,eth2,lo
I0909 12:42:20.076995   16212 transport.cc:773] Interface lxceee434c5d682 will not be used as it does not start with one of the prefixes: eth1,eth2,lo
I0909 12:42:20.076997   16212 transport.cc:773] Interface cilium_net will not be used as it does not start with one of the prefixes: eth1,eth2,lo
I0909 12:42:20.076998   16212 transport.cc:773] Interface cilium_host will not be used as it does not start with one of the prefixes: eth1,eth2,lo
I0909 12:42:20.077000   16212 transport.cc:773] Interface lxc98965bb30804 will not be used as it does not start with one of the prefixes: eth1,eth2,lo
I0909 12:42:20.077001   16212 transport.cc:773] Interface lxc7a46b7c617f2 will not be used as it does not start with one of the prefixes: eth1,eth2,lo
I0909 12:42:20.077002   16212 transport.cc:773] Interface lxcc0f9da7fa3ad will not be used as it does not start with one of the prefixes: eth1,eth2,lo
I0909 12:42:20.077004   16212 transport.cc:773] Interface lxcee5710d8dac0 will not be used as it does not start with one of the prefixes: eth1,eth2,lo
I0909 12:42:20.077006   16212 transport.cc:773] Interface eth0 will not be used as it does not start with one of the prefixes: eth1,eth2,lo
I0909 12:42:20.077011   16212 transport.cc:819] Added IP address 10.240.96.10:8081 on network interface eth1
I0909 12:42:20.077015   16212 transport.cc:819] Added IP address 10.240.48.10:8081 on network interface eth2
I0909 12:42:20.077016   16212 transport.cc:773] Interface docker0 will not be used as it does not start with one of the prefixes: eth1,eth2,lo
I0909 12:42:20.077017   16212 transport.cc:773] Interface lxceee434c5d682 will not be used as it does not start with one of the prefixes: eth1,eth2,lo
I0909 12:42:20.077019   16212 transport.cc:773] Interface cilium_host will not be used as it does not start with one of the prefixes: eth1,eth2,lo
I0909 12:42:20.077020   16212 transport.cc:773] Interface lxc98965bb30804 will not be used as it does not start with one of the prefixes: eth1,eth2,lo
I0909 12:42:20.077021   16212 transport.cc:773] Interface lxc7a46b7c617f2 will not be used as it does not start with one of the prefixes: eth1,eth2,lo
I0909 12:42:20.077022   16212 transport.cc:773] Interface lxcc0f9da7fa3ad will not be used as it does not start with one of the prefixes: eth1,eth2,lo
I0909 12:42:20.077023   16212 transport.cc:773] Interface lxcee5710d8dac0 will not be used as it does not start with one of the prefixes: eth1,eth2,lo
I0909 12:42:20.077025   16212 transport.cc:773] Interface eth0 will not be used as it does not start with one of the prefixes: eth1,eth2,lo
I0909 12:42:20.077027   16212 transport.cc:773] Interface lxceee434c5d682 will not be used as it does not start with one of the prefixes: eth1,eth2,lo
I0909 12:42:20.077029   16212 transport.cc:773] Interface cilium_net will not be used as it does not start with one of the prefixes: eth1,eth2,lo
I0909 12:42:20.077030   16212 transport.cc:773] Interface cilium_host will not be used as it does not start with one of the prefixes: eth1,eth2,lo
I0909 12:42:20.077032   16212 transport.cc:773] Interface lxc98965bb30804 will not be used as it does not start with one of the prefixes: eth1,eth2,lo
I0909 12:42:20.077034   16212 transport.cc:773] Interface lxc7a46b7c617f2 will not be used as it does not start with one of the prefixes: eth1,eth2,lo
I0909 12:42:20.077035   16212 transport.cc:773] Interface lxcc0f9da7fa3ad will not be used as it does not start with one of the prefixes: eth1,eth2,lo
I0909 12:42:20.077036   16212 transport.cc:773] Interface lxcee5710d8dac0 will not be used as it does not start with one of the prefixes: eth1,eth2,lo
I0909 12:42:20.077042   16212 communication_backend.cc:984] Sending topology discovery request: go/debugstr    
address_mapping {
  addresses {
    address: "10.240.96.10:8081"
    interface_name: "eth1"
    host_name_for_debugging: "gke-tpu-edbc8be2-f4wr"
  }
  addresses {
    address: "10.240.48.10:8081"
    interface_name: "eth2"
    host_name_for_debugging: "gke-tpu-edbc8be2-f4wr"
    numa_node: 1
  }
  incarnation_id: 13183053981966301210
}
tpu_topology_args {
  version: TPU_VERSION_6acc60406
  platform_type: TPU_PLATFORM_TYPE_HARDWARE
  chip_config_name: "default"
  chips_per_host_bounds {
    x: 2
    y: 2
    z: 1
  }
  host_bounds {
    x: 1
    y: 1
    z: 1
  }
  wrap {
  }
  enhanced_barrier_enabled: true
  use_continuations: true
  routing_strategy: ROUTING_MESH
}
incarnation_id: 13183053981966301210
I0909 12:42:20.077325   16212 grpc_transport.cc:2220] Creating client for slice 0 host 0
I0909 12:42:20.077360   16212 grpc_transport.cc:2203] Using default interface. Available interfaces: [eth2,eth1]. Server information: go/debugstr    
address: "dcn-mc3-slice-0-0.dcn-mc3:8081"
I0909 12:42:20.077454   16212 grpc_transport.cc:2278] Created 1 channels for 1 interfaces on slice 0 host 0.
 Load balancing policy: Dynamic lb: max_outstanding_bytes (8388608).
I0909 12:42:20.078194   17041 cachednslookup.cc:391] TTL not found in response, not caching response
I0909 12:42:24.668918   17173 tpu_chip_config.cc:367] Resolved chip config alias default->megachip for 6acc60406, 
I0909 12:42:25.208058   17150 tpu_chip_config.cc:367] Resolved chip config alias default->megachip for 6acc60406, 
I0909 12:42:25.208219   17150 topology_coordinator.cc:325] MegaScale Topology Discovery completed.
I0909 12:42:25.208445   16212 communication_backend.cc:1002] Received topology discovery response: go/debugstr    
slice_info {
  tpu_topology_args {
    version: TPU_VERSION_6acc60406
    platform_type: TPU_PLATFORM_TYPE_HARDWARE
    chip_config_name: "default"
    chips_per_host_bounds {
      x: 2
      y: 2
      z: 1
    }
    host_bounds {
      x: 1
      y: 1
      z: 1
    }
    wrap {
    }
    enhanced_barrier_enabled: true
    use_continuations: true
    routing_strategy: ROUTING_MESH
  }
}
slice_info {
  slice_id: 1
  tpu_topology_args {
    version: TPU_VERSION_6acc60406
    platform_type: TPU_PLATFORM_TYPE_HARDWARE
    chip_config_name: "default"
    chips_per_host_bounds {
      x: 2
      y: 2
      z: 1
    }
    host_bounds {
      x: 1
      y: 1
      z: 1
    }
    wrap {
    }
    enhanced_barrier_enabled: true
    use_continuations: true
    routing_strategy: ROUTING_MESH
  }
}
address_mappings {
  addresses {
    address: "10.240.96.10:8081"
    interface_name: "eth1"
    host_name_for_debugging: "gke-tpu-edbc8be2-f4wr"
  }
  addresses {
    address: "10.240.48.10:8081"
    interface_name: "eth2"
    host_name_for_debugging: "gke-tpu-edbc8be2-f4wr"
    numa_node: 1
  }
  incarnation_id: 13183053981966301210
}
address_mappings {
  slice_id: 1
  addresses {
    address: "10.240.96.6:8081"
    interface_name: "eth1"
    host_name_for_debugging: "gke-tpu-edbc8be2-h1bl"
  }
  addresses {
    address: "10.240.48.8:8081"
    interface_name: "eth2"
    host_name_for_debugging: "gke-tpu-edbc8be2-h1bl"
    numa_node: 1
  }
  incarnation_id: 5773938906150465446
}
incarnation_id: 13183053981966301210
I0909 12:42:25.208592   16212 debug_manager.cc:266] Registering error handler with name: default_handler
I0909 12:42:25.208601   16212 megascale_context.cc:571] Using DCN topology: go/debugstr    
I0909 12:42:25.208632   16212 tpu_chip_config.cc:367] Resolved chip config alias default->megachip for 6acc60406, 
DCN_MULTISLICE_PREFLIGHT {"global_device_count": 16, "local_device_count": 8, "process_count": 2, "process_id": 0, "slice_counts": {"0": 8, "1": 8}}
W0909 12:42:25.210729   17183 pjrt_client.h:601] UpdateGlobalProcessInfo is not supported.
I0909 12:42:25.251170   16212 dump.cc:725] HloModule dump enabled with path prefix: , suffix: before_optimizations
W0909 12:42:25.255958   17185 tpu_spmd_partitioner.cc:460] Collective matmul V1 is enabled. Please consider migrating to V2 since V1 will be deprecated soon. You can enable V2 by setting xla_tpu_all_gather_collective_matmul_mode=post_spmd and xla_tpu_reduce_scatter_collective_matmul_mode=post_spmd.
I0909 12:42:25.262283   16212 deepsea_compiler_hlo_passes.cc:6406] xla_tpu_impure_hlo_parallel_compile is DISABLED. jit__identity_fn
I0909 12:42:25.264660   16212 latency_hiding_scheduler.cc:4420] [latency-hiding-scheduler] LatencyHidingScheduler current memory usage: 73792 bytes. Current limit: 96638113587
I0909 12:42:25.264978   16212 tpu_plumb_vmem_info.cc:677] scavenging_mode: 3 for module: jit__identity_fn
I0909 12:42:25.280845   16212 deepsea_compiler_hlo_passes.cc:6735] HLO_PASSES stage duration: 26.5645635ms
I0909 12:42:25.446872   17177 tpu_chip_config.cc:367] Resolved chip config alias default->megachip for 6acc60406, 
I0909 12:42:25.447043   17177 tpu_chip_config.cc:367] Resolved chip config alias default->megachip for 6acc60406, 
I0909 12:42:25.447234   17177 memory_space_assignment_util.cc:577] MSA Vmem breakdown: default scoped vmem (from flag): 33554432; does_msa_directly_allocate_scoped_vmem: T; bytes_for_msa_to_allocate: 67043328
I0909 12:42:25.460689   17411 deepsea_compiler_base.cc:4279] BACKEND_PASSES stage duration: 14.424814ms
I0909 12:42:25.469510   17411 deepsea_compiler_backend.cc:1480] CODE_GENERATION stage duration: 8.727229ms
I0909 12:42:25.469731   17411 isa_program_util_common.cc:373] (HLO module jit__identity_fn): Executable fingerprint:67556b1dd123307c8bb711c0434fbfac86eab215225618a5f838c0c427d4c3c2
I0909 12:42:25.469734   17411 isa_program_util_common.cc:377] (HLO module jit__identity_fn): Executable fingerprint (including data segments):c43bcc07663f8b538de614a22f9271d5656acd0e5f70af981aecc6805c64d3fd
I0909 12:42:25.469736   17411 isa_program_util_common.cc:380] (HLO module jit__identity_fn): Host transfer fingerprint:e6674013302fbdec09a2c7c89a12b340e612c48cc4b68dbb5d7ca9c5a25bab54
I0909 12:42:25.470104   16212 deepsea_compiler_base.cc:1055] END_TO_END stage duration: 219.10990475ms
I0909 12:42:25.470129   16212 deepsea_compiler_base.cc:1056] Note that END_TO_END duration also includes time outside of HLO_PASSES, BACKEND_PASSES, and CODE_GENERATION
I0909 12:42:25.470786   16212 megascale_context.cc:517] MegaScale DCNTopology fingerprint for: jit__identity_fn : 1688352644216761960 DevicesHash: 11843567257950195766 Topology: go/debugstr   
I0909 12:42:25.470820   16212 graph_builder.cc:257] Shapes to compress: [""]
I0909 12:42:25.470824   16212 graph_builder.cc:259] Prefixes to compress: [""]
I0909 12:42:25.470855   16212 graph_builder.cc:2912] Using MXLA graph seed: all-gather_0
I0909 12:42:25.471008   16212 host_command_scheduler_factory.cc:1312] Created a HostCommandScheduler with 18 rules for module jit__identity_fn HostTransfers Fingerprint: 3701741969770116811.
I0909 12:42:25.471019   16212 megascale_context.cc:686] MegaScale ExecutableContext created for module: jit__identity_fn with DCN topology: go/debugstr    
I0909 12:42:25.472126   16947 communication_backend.cc:625] Created communicator. Hostname: gke-tpu-edbc8be2-f4wr Slice ID: 0 Host ID: 0 NumSlices: 2 Device IDs: 0,1,2,3,4,5,6,7
I0909 12:42:25.473586   17130 grpc_transport.cc:2220] Creating client for slice 1 host 0
I0909 12:42:25.473615   17130 grpc_transport.cc:2200] Sending to 10.240.96.6:8081 on interface: eth1
I0909 12:42:25.473708   17130 grpc_transport.cc:2200] Sending to 10.240.48.8:8081 on interface: eth2
I0909 12:42:25.473744   17130 grpc_transport.cc:2278] Created 2 channels for 2 interfaces on slice 1 host 0.
 Load balancing policy: Dynamic lb: max_outstanding_bytes (8388608).
I0909 12:42:25.502162   16212 deepsea_compiler_hlo_passes.cc:6623] XLA::TPU running hlo passes for 21 instructions, module: jit__lambda
I0909 12:42:25.502173   16212 deepsea_compiler_hlo_passes.cc:6668] Initial HLO module: jit__lambda instructions: 21 fingerprint: 
I0909 12:42:25.502474   16212 deepsea_compiler_hlo_passes.cc:6526] HLO optimizing module: jit__lambda instructions: 19
I0909 12:42:25.502481   16212 deepsea_compiler_hlo_passes.cc:6539] XLA::TPU HLO optimization
W0909 12:42:25.503103   17450 tpu_spmd_partitioner.cc:460] Collective matmul V1 is enabled. Please consider migrating to V2 since V1 will be deprecated soon. You can enable V2 by setting xla_tpu_all_gather_collective_matmul_mode=post_spmd and xla_tpu_reduce_scatter_collective_matmul_mode=post_spmd.
I0909 12:42:25.511380   16212 deepsea_compiler_hlo_passes.cc:6406] xla_tpu_impure_hlo_parallel_compile is DISABLED. jit__lambda
I0909 12:42:25.513925   16212 deepsea_compiler_hlo_passes.cc:5472] XLA::TPU HLO PostOptimizationPipeline
I0909 12:42:25.515240   16212 latency_hiding_scheduler.cc:4420] [latency-hiding-scheduler] LatencyHidingScheduler current memory usage: 41024 bytes. Current limit: 96637751091
I0909 12:42:25.515910   16212 tpu_plumb_vmem_info.cc:677] scavenging_mode: 3 for module: jit__lambda
I0909 12:42:25.516549   16212 deepsea_compiler_hlo_passes.cc:6735] HLO_PASSES stage duration: 14.37654975ms
I0909 12:42:25.517746   17177 tpu_chip_config.cc:367] Resolved chip config alias default->megachip for 6acc60406, 
I0909 12:42:25.517912   17177 tpu_chip_config.cc:367] Resolved chip config alias default->megachip for 6acc60406, 
I0909 12:42:25.518090   17177 memory_space_assignment_util.cc:577] MSA Vmem breakdown: default scoped vmem (from flag): 33554432; does_msa_directly_allocate_scoped_vmem: T; bytes_for_msa_to_allocate: 67043328
I0909 12:42:25.534801   17454 deepsea_compiler_base.cc:4279] BACKEND_PASSES stage duration: 17.63657025ms
I0909 12:42:25.537805   17454 deepsea_compiler_backend.cc:1784] final program bundle count: 788 note this count does not reflect cycles spent executing delays.
I0909 12:42:25.543986   17454 deepsea_compiler_backend.cc:1980] Program divided into 2 overlays without HLO functions (90.5K).
I0909 12:42:25.544054   17454 deepsea_compiler_backend.cc:2150] XLA::TPU module name: jit__lambda
I0909 12:42:25.544058   17454 deepsea_compiler_backend.cc:2152] XLA::TPU program HBM usage: 266.5K / 94.74G
I0909 12:42:25.544061   17454 deepsea_compiler_backend.cc:2159] Note that --xla_tpu_max_hbm_size_mib is not specified. This means that the compiler may use up all available HBM, possibly prioritizing other metrics (latency, compile-time, ..) over memory usage. To reduce memory usage, set --xla_tpu_max_hbm_size_mib to a smaller value.
I0909 12:42:25.544063   17454 deepsea_compiler_backend.cc:2193] XLA::TPU program VMEM usage: 32.00M / 64.00M
I0909 12:42:25.544070   17454 deepsea_compiler_backend.cc:2204] Total hbm usage >= 268.28M:
    reserved        268.00M 
    program          266.5K 
    arguments         16.0K 

Output size 512B; shares 0B with arguments.

Total host usage >= 0B:
    reserved             0B 
    program         unknown size 
    arguments            0B 

Output size 0B; shares 0B with arguments.

I0909 12:42:25.544083   17454 deepsea_compiler_backend.cc:2208] Program sflag requirement 228B:
    reserved           204B
    scoped              16B
    HLO temp             8B (100.0% utilization: Unpadded (8B) Padded (8B), 0.0% fragmentation (0B))
Program sparse_core_sequencer_sflag requirement 36B:
    reserved            36B
Program sparse_core_tile_sflag requirement 4B:
    reserved             4B
Program sparse_core_sequencer_smem requirement 64B:
    reserved            64B
Program sparse_core_tile_smem requirement 0B:
Program hbm requirement 266.5K:
    HLO temp         176.0K (100.0% utilization: Unpadded (24.3K) Padded (24.3K), 86.2% fragmentation (151.7K))
    overlays          90.5K
Program vmem requirement 32.00M:
    HLO temp         32.00M (0.0% utilization: Unpadded (0B) Padded (0B), 100.0% fragmentation (32.00M))
Program smem requirement 36B:
    global               4B
    scoped              32B
Program host requirement 0B:
I0909 12:42:25.544085   17454 deepsea_compiler_backend.cc:2216] XLA::TPU program SMEM usage: 1.9K / 1.00M (1 parameters)
I0909 12:42:25.544167   17454 deepsea_compiler_backend.cc:1480] CODE_GENERATION stage duration: 9.2904ms
I0909 12:42:25.544435   17454 isa_program_util_common.cc:373] (HLO module jit__lambda): Executable fingerprint:6a126cddbd2c7a63446e46d5dcaf750209d6c974ec79e4080fdc4ca9886f81e4
I0909 12:42:25.544438   17454 isa_program_util_common.cc:377] (HLO module jit__lambda): Executable fingerprint (including data segments):12c0715cab49b82f1e3ea1846957d5d3523547d5bf3cc57bcf82f0517b7a92e8
I0909 12:42:25.544439   17454 isa_program_util_common.cc:380] (HLO module jit__lambda): Host transfer fingerprint:2b9801a161c74c27631ae5e0b6d660abd73031d7eba34a0a6e10fff8dfd2f3ae
I0909 12:42:25.544606   16212 deepsea_compiler_base.cc:1055] END_TO_END stage duration: 45.06984925ms
I0909 12:42:25.544626   16212 deepsea_compiler_base.cc:1056] Note that END_TO_END duration also includes time outside of HLO_PASSES, BACKEND_PASSES, and CODE_GENERATION
I0909 12:42:25.545313   16212 megascale_context.cc:517] MegaScale DCNTopology fingerprint for: jit__lambda : 1688352644216761960 DevicesHash: 8081921339993277715 Topology: go/debugstr   
I0909 12:42:25.545623   16212 host_command_scheduler_factory.cc:1312] Created a HostCommandScheduler with 54 rules for module jit__lambda HostTransfers Fingerprint: 12151718319723310994.
I0909 12:42:25.545644   16212 megascale_context.cc:686] MegaScale ExecutableContext created for module: jit__lambda with DCN topology: go/debugstr    
I0909 12:42:25.570508   16212 deepsea_compiler_hlo_passes.cc:6623] XLA::TPU running hlo passes for 21 instructions, module: jit__lambda
I0909 12:42:25.570517   16212 deepsea_compiler_hlo_passes.cc:6668] Initial HLO module: jit__lambda instructions: 21 fingerprint: 
I0909 12:42:25.570740   16212 deepsea_compiler_hlo_passes.cc:6526] HLO optimizing module: jit__lambda instructions: 19
I0909 12:42:25.570745   16212 deepsea_compiler_hlo_passes.cc:6539] XLA::TPU HLO optimization
W0909 12:42:25.571576   17463 tpu_spmd_partitioner.cc:460] Collective matmul V1 is enabled. Please consider migrating to V2 since V1 will be deprecated soon. You can enable V2 by setting xla_tpu_all_gather_collective_matmul_mode=post_spmd and xla_tpu_reduce_scatter_collective_matmul_mode=post_spmd.
I0909 12:42:25.580172   16212 deepsea_compiler_hlo_passes.cc:6406] xla_tpu_impure_hlo_parallel_compile is DISABLED. jit__lambda
I0909 12:42:25.582713   16212 deepsea_compiler_hlo_passes.cc:5472] XLA::TPU HLO PostOptimizationPipeline
I0909 12:42:25.584022   16212 latency_hiding_scheduler.cc:4420] [latency-hiding-scheduler] LatencyHidingScheduler current memory usage: 41024 bytes. Current limit: 96637751091
I0909 12:42:25.584688   16212 tpu_plumb_vmem_info.cc:677] scavenging_mode: 3 for module: jit__lambda
I0909 12:42:25.585250   16212 deepsea_compiler_hlo_passes.cc:6735] HLO_PASSES stage duration: 14.7331545ms
I0909 12:42:25.586522   17177 tpu_chip_config.cc:367] Resolved chip config alias default->megachip for 6acc60406, 
I0909 12:42:25.586653   17177 tpu_chip_config.cc:367] Resolved chip config alias default->megachip for 6acc60406, 
I0909 12:42:25.586808   17177 memory_space_assignment_util.cc:577] MSA Vmem breakdown: default scoped vmem (from flag): 33554432; does_msa_directly_allocate_scoped_vmem: T; bytes_for_msa_to_allocate: 67043328
I0909 12:42:25.604289   17467 deepsea_compiler_base.cc:4279] BACKEND_PASSES stage duration: 18.3601715ms
I0909 12:42:25.607277   17467 deepsea_compiler_backend.cc:1784] final program bundle count: 788 note this count does not reflect cycles spent executing delays.
I0909 12:42:25.613274   17467 deepsea_compiler_backend.cc:1980] Program divided into 2 overlays without HLO functions (90.5K).
I0909 12:42:25.613358   17467 deepsea_compiler_backend.cc:2150] XLA::TPU module name: jit__lambda
I0909 12:42:25.613363   17467 deepsea_compiler_backend.cc:2152] XLA::TPU program HBM usage: 266.5K / 94.74G
I0909 12:42:25.613366   17467 deepsea_compiler_backend.cc:2159] Note that --xla_tpu_max_hbm_size_mib is not specified. This means that the compiler may use up all available HBM, possibly prioritizing other metrics (latency, compile-time, ..) over memory usage. To reduce memory usage, set --xla_tpu_max_hbm_size_mib to a smaller value.
I0909 12:42:25.613367   17467 deepsea_compiler_backend.cc:2193] XLA::TPU program VMEM usage: 32.00M / 64.00M
I0909 12:42:25.613375   17467 deepsea_compiler_backend.cc:2204] Total hbm usage >= 268.28M:
    reserved        268.00M 
    program          266.5K 
    arguments         16.0K 

Output size 512B; shares 0B with arguments.

Total host usage >= 0B:
    reserved             0B 
    program         unknown size 
    arguments            0B 

Output size 0B; shares 0B with arguments.

I0909 12:42:25.613387   17467 deepsea_compiler_backend.cc:2208] Program sflag requirement 228B:
    reserved           204B
    scoped              16B
    HLO temp             8B (100.0% utilization: Unpadded (8B) Padded (8B), 0.0% fragmentation (0B))
Program sparse_core_sequencer_sflag requirement 36B:
    reserved            36B
Program sparse_core_tile_sflag requirement 4B:
    reserved             4B
Program sparse_core_sequencer_smem requirement 64B:
    reserved            64B
Program sparse_core_tile_smem requirement 0B:
Program hbm requirement 266.5K:
    HLO temp         176.0K (100.0% utilization: Unpadded (24.3K) Padded (24.3K), 86.2% fragmentation (151.7K))
    overlays          90.5K
Program vmem requirement 32.00M:
    HLO temp         32.00M (0.0% utilization: Unpadded (0B) Padded (0B), 100.0% fragmentation (32.00M))
Program smem requirement 36B:
    global               4B
    scoped              32B
Program host requirement 0B:
I0909 12:42:25.613390   17467 deepsea_compiler_backend.cc:2216] XLA::TPU program SMEM usage: 1.9K / 1.00M (1 parameters)
I0909 12:42:25.613476   17467 deepsea_compiler_backend.cc:1480] CODE_GENERATION stage duration: 9.10938975ms
I0909 12:42:25.613786   17467 isa_program_util_common.cc:373] (HLO module jit__lambda): Executable fingerprint:6a126cddbd2c7a63446e46d5dcaf750209d6c974ec79e4080fdc4ca9886f81e4
I0909 12:42:25.613789   17467 isa_program_util_common.cc:377] (HLO module jit__lambda): Executable fingerprint (including data segments):12c0715cab49b82f1e3ea1846957d5d3523547d5bf3cc57bcf82f0517b7a92e8
I0909 12:42:25.613790   17467 isa_program_util_common.cc:380] (HLO module jit__lambda): Host transfer fingerprint:2b9801a161c74c27631ae5e0b6d660abd73031d7eba34a0a6e10fff8dfd2f3ae
I0909 12:42:25.613944   16212 deepsea_compiler_base.cc:1055] END_TO_END stage duration: 45.53720225ms
I0909 12:42:25.613956   16212 deepsea_compiler_base.cc:1056] Note that END_TO_END duration also includes time outside of HLO_PASSES, BACKEND_PASSES, and CODE_GENERATION
I0909 12:42:25.614592   16212 megascale_context.cc:517] MegaScale DCNTopology fingerprint for: jit__lambda : 1688352644216761960 DevicesHash: 8081921339993277715 Topology: go/debugstr   
I0909 12:42:25.614916   16212 host_command_scheduler_factory.cc:1312] Created a HostCommandScheduler with 54 rules for module jit__lambda HostTransfers Fingerprint: 12151718319723310994.
I0909 12:42:25.614938   16212 megascale_context.cc:686] MegaScale ExecutableContext created for module: jit__lambda with DCN topology: go/debugstr    
I0909 12:42:25.623076   16855 megascale_context.cc:439] Destroying MegaScale PjrtExecutableContext: jit__lambda
I0909 12:42:25.640019   16212 deepsea_compiler_hlo_passes.cc:6623] XLA::TPU running hlo passes for 19 instructions, module: jit__lambda
I0909 12:42:25.640032   16212 deepsea_compiler_hlo_passes.cc:6668] Initial HLO module: jit__lambda instructions: 19 fingerprint: 
I0909 12:42:25.640298   16212 deepsea_compiler_hlo_passes.cc:6526] HLO optimizing module: jit__lambda instructions: 17
I0909 12:42:25.640304   16212 deepsea_compiler_hlo_passes.cc:6539] XLA::TPU HLO optimization
W0909 12:42:25.640963   17472 tpu_spmd_partitioner.cc:460] Collective matmul V1 is enabled. Please consider migrating to V2 since V1 will be deprecated soon. You can enable V2 by setting xla_tpu_all_gather_collective_matmul_mode=post_spmd and xla_tpu_reduce_scatter_collective_matmul_mode=post_spmd.
I0909 12:42:25.647181   16212 deepsea_compiler_hlo_passes.cc:6406] xla_tpu_impure_hlo_parallel_compile is DISABLED. jit__lambda
I0909 12:42:25.649437   16212 deepsea_compiler_hlo_passes.cc:5472] XLA::TPU HLO PostOptimizationPipeline
I0909 12:42:25.650398   16212 latency_hiding_scheduler.cc:4420] [latency-hiding-scheduler] LatencyHidingScheduler current memory usage: 24640 bytes. Current limit: 96637894451
I0909 12:42:25.650906   16212 tpu_plumb_vmem_info.cc:677] scavenging_mode: 3 for module: jit__lambda
I0909 12:42:25.651384   16212 deepsea_compiler_hlo_passes.cc:6735] HLO_PASSES stage duration: 11.351924ms
I0909 12:42:25.652525   17177 tpu_chip_config.cc:367] Resolved chip config alias default->megachip for 6acc60406, 
I0909 12:42:25.652661   17177 tpu_chip_config.cc:367] Resolved chip config alias default->megachip for 6acc60406, 
I0909 12:42:25.652817   17177 memory_space_assignment_util.cc:577] MSA Vmem breakdown: default scoped vmem (from flag): 33554432; does_msa_directly_allocate_scoped_vmem: T; bytes_for_msa_to_allocate: 67043328
I0909 12:42:25.666288   17476 deepsea_compiler_base.cc:4279] BACKEND_PASSES stage duration: 14.29504175ms
I0909 12:42:25.668955   17476 deepsea_compiler_backend.cc:1784] final program bundle count: 626 note this count does not reflect cycles spent executing delays.
I0909 12:42:25.669433   17176 topology_coordinator.cc:173] MegaScale Topology Discovery completed.
I0909 12:42:25.675122   17476 deepsea_compiler_backend.cc:1980] Program divided into 2 overlays without HLO functions (80.5K).
I0909 12:42:25.675192   17476 deepsea_compiler_backend.cc:2150] XLA::TPU module name: jit__lambda
I0909 12:42:25.675197   17476 deepsea_compiler_backend.cc:2152] XLA::TPU program HBM usage: 208.5K / 94.74G
I0909 12:42:25.675199   17476 deepsea_compiler_backend.cc:2159] Note that --xla_tpu_max_hbm_size_mib is not specified. This means that the compiler may use up all available HBM, possibly prioritizing other metrics (latency, compile-time, ..) over memory usage. To reduce memory usage, set --xla_tpu_max_hbm_size_mib to a smaller value.
I0909 12:42:25.675201   17476 deepsea_compiler_backend.cc:2193] XLA::TPU program VMEM usage: 32.00M / 64.00M
I0909 12:42:25.675208   17476 deepsea_compiler_backend.cc:2204] Total hbm usage >= 268.22M:
    reserved        268.00M 
    program          208.5K 
    arguments         16.0K 

Output size 512B; shares 0B with arguments.

Total host usage >= 0B:
    reserved             0B 
    program         unknown size 
    arguments            0B 

Output size 0B; shares 0B with arguments.

I0909 12:42:25.675222   17476 deepsea_compiler_backend.cc:2208] Program sflag requirement 224B:
    reserved           204B
    scoped              12B
    HLO temp             8B (100.0% utilization: Unpadded (8B) Padded (8B), 0.0% fragmentation (0B))
Program sparse_core_sequencer_sflag requirement 36B:
    reserved            36B
Program sparse_core_tile_sflag requirement 4B:
    reserved             4B
Program sparse_core_sequencer_smem requirement 64B:
    reserved            64B
Program sparse_core_tile_smem requirement 0B:
Program hbm requirement 208.5K:
    HLO temp         128.0K (49.1% utilization: Unpadded (8.2K) Padded (16.7K), 87.0% fragmentation (111.3K))
    overlays          80.5K
Program vmem requirement 32.00M:
    HLO temp         32.00M (0.0% utilization: Unpadded (0B) Padded (0B), 100.0% fragmentation (32.00M))
Program smem requirement 36B:
    global               4B
    scoped              32B
Program host requirement 0B:
I0909 12:42:25.675224   17476 deepsea_compiler_backend.cc:2216] XLA::TPU program SMEM usage: 1.9K / 1.00M (1 parameters)
I0909 12:42:25.675322   17476 deepsea_compiler_backend.cc:1480] CODE_GENERATION stage duration: 8.95573125ms
I0909 12:42:25.675630   17476 isa_program_util_common.cc:373] (HLO module jit__lambda): Executable fingerprint:4a4bf7195f2e28a358732e4bad360b9ab79156518433b25ddb27df2e76864c13
I0909 12:42:25.675633   17476 isa_program_util_common.cc:377] (HLO module jit__lambda): Executable fingerprint (including data segments):41df051aa1d5cc95b6bd65dcd0fe59634f8d45c83e436d4b0b21da6da348f7ba
I0909 12:42:25.675635   17476 isa_program_util_common.cc:380] (HLO module jit__lambda): Host transfer fingerprint:5c8f40e7dcd653d84e947d890338940d2b2e1ffba06eadb57827e716f5782f97
I0909 12:42:25.675822   16212 deepsea_compiler_base.cc:1055] END_TO_END stage duration: 38.51832075ms
I0909 12:42:25.675840   16212 deepsea_compiler_base.cc:1056] Note that END_TO_END duration also includes time outside of HLO_PASSES, BACKEND_PASSES, and CODE_GENERATION
I0909 12:42:25.676477   16212 megascale_context.cc:517] MegaScale DCNTopology fingerprint for: jit__lambda : 1688352644216761960 DevicesHash: 8081921339993277715 Topology: go/debugstr   
I0909 12:42:25.676709   16212 host_command_scheduler_factory.cc:1312] Created a HostCommandScheduler with 36 rules for module jit__lambda HostTransfers Fingerprint: 8427318606672400244.
I0909 12:42:25.676726   16212 megascale_context.cc:686] MegaScale ExecutableContext created for module: jit__lambda with DCN topology: go/debugstr    
MANUAL_AR_VERIFY {"exchange_add": true, "psum": true, "psum_checksum": 3.0}
I0909 12:42:25.682797   16855 megascale_context.cc:439] Destroying MegaScale PjrtExecutableContext: jit__lambda
W0909 12:42:25.696502   17478 tpu_spmd_partitioner.cc:460] Collective matmul V1 is enabled. Please consider migrating to V2 since V1 will be deprecated soon. You can enable V2 by setting xla_tpu_all_gather_collective_matmul_mode=post_spmd and xla_tpu_reduce_scatter_collective_matmul_mode=post_spmd.
I0909 12:42:25.702953   16212 deepsea_compiler_hlo_passes.cc:6406] xla_tpu_impure_hlo_parallel_compile is DISABLED. jit__lambda
I0909 12:42:25.704347   16212 tpu_plumb_vmem_info.cc:677] scavenging_mode: 3 for module: jit__lambda
I0909 12:42:25.713433   16212 deepsea_compiler_hlo_passes.cc:6735] HLO_PASSES stage duration: 17.48868ms
I0909 12:42:25.714298   17176 tpu_chip_config.cc:367] Resolved chip config alias default->megachip for 6acc60406, 
I0909 12:42:25.714522   17176 tpu_chip_config.cc:367] Resolved chip config alias default->megachip for 6acc60406, 
I0909 12:42:25.714743   17176 memory_space_assignment_util.cc:577] MSA Vmem breakdown: default scoped vmem (from flag): 33554432; does_msa_directly_allocate_scoped_vmem: T; bytes_for_msa_to_allocate: 67043328
I0909 12:42:25.746318   17480 deepsea_compiler_base.cc:4279] BACKEND_PASSES stage duration: 32.42550875ms
I0909 12:42:25.753802   17480 deepsea_compiler_backend.cc:1480] CODE_GENERATION stage duration: 7.4179665ms
I0909 12:42:25.754083   17480 isa_program_util_common.cc:373] (HLO module jit__lambda): Executable fingerprint:bc586dffeac4e7ae318e7d154bf8e04f4304c94ca0093b387a7797ec3816d14b
I0909 12:42:25.754086   17480 isa_program_util_common.cc:377] (HLO module jit__lambda): Executable fingerprint (including data segments):a2faf2ce0762128844e7a122c148a8aece70b237d9b143ffa46b761ac2a0d991
I0909 12:42:25.754088   17480 isa_program_util_common.cc:380] (HLO module jit__lambda): Host transfer fingerprint:e3b0c44298fc1c149afbf4c8996fb92427ae41e4649b934ca495991b7852b855
I0909 12:42:25.754402   16212 deepsea_compiler_base.cc:1055] END_TO_END stage duration: 61.321705ms
I0909 12:42:25.754424   16212 deepsea_compiler_base.cc:1056] Note that END_TO_END duration also includes time outside of HLO_PASSES, BACKEND_PASSES, and CODE_GENERATION
I0909 12:42:25.754935   16212 host_command_scheduler_factory.cc:1312] Created a HostCommandScheduler with 0 rules for module jit__lambda HostTransfers Fingerprint: 0.
I0909 12:42:25.754949   16212 megascale_context.cc:686] MegaScale ExecutableContext created for module: jit__lambda with DCN topology: go/debugstr    
I0909 12:42:25.758302   16911 megascale_context.cc:439] Destroying MegaScale PjrtExecutableContext: jit__lambda
W0909 12:42:25.771978   17482 tpu_spmd_partitioner.cc:460] Collective matmul V1 is enabled. Please consider migrating to V2 since V1 will be deprecated soon. You can enable V2 by setting xla_tpu_all_gather_collective_matmul_mode=post_spmd and xla_tpu_reduce_scatter_collective_matmul_mode=post_spmd.
I0909 12:42:25.776698   16212 deepsea_compiler_hlo_passes.cc:6406] xla_tpu_impure_hlo_parallel_compile is DISABLED. jit__identity_fn
I0909 12:42:25.780183   16212 latency_hiding_scheduler.cc:4420] [latency-hiding-scheduler] LatencyHidingScheduler current memory usage: 10816 bytes. Current limit: 96637838643
I0909 12:42:25.780750   16212 tpu_plumb_vmem_info.cc:677] scavenging_mode: 3 for module: jit__identity_fn
I0909 12:42:25.781230   16212 deepsea_compiler_hlo_passes.cc:6735] HLO_PASSES stage duration: 9.99266125ms
I0909 12:42:25.782321   17176 tpu_chip_config.cc:367] Resolved chip config alias default->megachip for 6acc60406, 
I0909 12:42:25.782463   17176 tpu_chip_config.cc:367] Resolved chip config alias default->megachip for 6acc60406, 
I0909 12:42:25.782620   17176 memory_space_assignment_util.cc:577] MSA Vmem breakdown: default scoped vmem (from flag): 33554432; does_msa_directly_allocate_scoped_vmem: T; bytes_for_msa_to_allocate: 67043328
I0909 12:42:25.807246   17485 deepsea_compiler_base.cc:4279] BACKEND_PASSES stage duration: 25.43809325ms
I0909 12:42:25.815907   17485 deepsea_compiler_backend.cc:1480] CODE_GENERATION stage duration: 8.59442075ms
I0909 12:42:25.816247   17485 isa_program_util_common.cc:373] (HLO module jit__identity_fn): Executable fingerprint:fd3b0d6bd150f631ee1516bdd9fe68433befc25b43e5ac8c1bf0647642d4a029
I0909 12:42:25.816250   17485 isa_program_util_common.cc:377] (HLO module jit__identity_fn): Executable fingerprint (including data segments):b4793e425396e7ab5df0b40c15a832140ecb3328718901424ce0f42c7f63731d
I0909 12:42:25.816252   17485 isa_program_util_common.cc:380] (HLO module jit__identity_fn): Host transfer fingerprint:f21887b8cd1a7de9f1745e6458df4dba74bea513f1593c4409ce2cd383777ca8
I0909 12:42:25.816431   16212 deepsea_compiler_base.cc:1055] END_TO_END stage duration: 47.2332395ms
I0909 12:42:25.816453   16212 deepsea_compiler_base.cc:1056] Note that END_TO_END duration also includes time outside of HLO_PASSES, BACKEND_PASSES, and CODE_GENERATION
I0909 12:42:25.817042   16212 megascale_context.cc:517] MegaScale DCNTopology fingerprint for: jit__identity_fn : 1688352644216761960 DevicesHash: 11843567257950195766 Topology: go/debugstr   
I0909 12:42:25.817199   16212 host_command_scheduler_factory.cc:1312] Created a HostCommandScheduler with 18 rules for module jit__identity_fn HostTransfers Fingerprint: 14547820116035419324.
I0909 12:42:25.817210   16212 megascale_context.cc:686] MegaScale ExecutableContext created for module: jit__identity_fn with DCN topology: go/debugstr    
I0909 12:42:25.819574   16855 megascale_context.cc:439] Destroying MegaScale PjrtExecutableContext: jit__lambda
W0909 12:42:25.835607   17489 tpu_spmd_partitioner.cc:460] Collective matmul V1 is enabled. Please consider migrating to V2 since V1 will be deprecated soon. You can enable V2 by setting xla_tpu_all_gather_collective_matmul_mode=post_spmd and xla_tpu_reduce_scatter_collective_matmul_mode=post_spmd.
I0909 12:42:25.842738   16212 deepsea_compiler_hlo_passes.cc:6406] xla_tpu_impure_hlo_parallel_compile is DISABLED. jit_op
I0909 12:42:25.844733   16212 latency_hiding_scheduler.cc:4420] [latency-hiding-scheduler] LatencyHidingScheduler current memory usage: 1610620992 bytes. Current limit: 95564271411
I0909 12:42:25.845070   16212 tpu_plumb_vmem_info.cc:677] scavenging_mode: 3 for module: jit_op
I0909 12:42:25.874971   16212 deepsea_compiler_hlo_passes.cc:6735] HLO_PASSES stage duration: 40.0394795ms
I0909 12:42:25.876078   17176 tpu_chip_config.cc:367] Resolved chip config alias default->megachip for 6acc60406, 
I0909 12:42:25.876213   17176 tpu_chip_config.cc:367] Resolved chip config alias default->megachip for 6acc60406, 
I0909 12:42:25.876385   17176 memory_space_assignment_util.cc:577] MSA Vmem breakdown: default scoped vmem (from flag): 33554432; does_msa_directly_allocate_scoped_vmem: T; bytes_for_msa_to_allocate: 67043328
I0909 12:42:25.953748   17493 deepsea_compiler_base.cc:4279] BACKEND_PASSES stage duration: 78.27637975ms
I0909 12:42:25.962208   17493 deepsea_compiler_backend.cc:1480] CODE_GENERATION stage duration: 8.39181825ms
I0909 12:42:25.962578   17493 isa_program_util_common.cc:373] (HLO module jit_op): Executable fingerprint:0f2b665f05c3c4afe211f3c371efcab563df28a2ebf1e3fea485408c5722f8dc
I0909 12:42:25.962582   17493 isa_program_util_common.cc:377] (HLO module jit_op): Executable fingerprint (including data segments):86848f6f1a06a74bef5f269280dc370998aab50634976e92618a9f9f14091724
I0909 12:42:25.962583   17493 isa_program_util_common.cc:380] (HLO module jit_op): Host transfer fingerprint:294ab033fa7a89f4c4b5c51d8744fa6f4206e6d1d2d85c49c24e64e2b1444859
I0909 12:42:25.962871   16212 deepsea_compiler_base.cc:1055] END_TO_END stage duration: 129.970666ms
I0909 12:42:25.962887   16212 deepsea_compiler_base.cc:1056] Note that END_TO_END duration also includes time outside of HLO_PASSES, BACKEND_PASSES, and CODE_GENERATION
I0909 12:42:25.963459   16212 megascale_context.cc:517] MegaScale DCNTopology fingerprint for: jit_op : 1688352644216761960 DevicesHash: 8081921339993277715 Topology: go/debugstr   
I0909 12:42:25.964926   16212 host_command_scheduler_factory.cc:1312] Created a HostCommandScheduler with 36 rules for module jit_op HostTransfers Fingerprint: 12634255100403355191.
I0909 12:42:25.965054   16212 megascale_context.cc:686] MegaScale ExecutableContext created for module: jit_op with DCN topology: go/debugstr    
I0909 12:42:25.987549   17158 generic-stream-socket.h:1667] Cannot process timestamp for type=1 seq=33588003 time=2026-09-09T12:42:25.985874097+00:00
W0909 12:42:26.227769   16943 tpu_pjrt_client.cc:2333] PjRt execution dispatch was blocked for 245.564972ms because PjRt's max in-flight computation semaphore is full (limit: 32), which may negatively affect the performance
I0909 12:42:50.079979   17037 cachednslookup.cc:391] TTL not found in response, not caching response
I0909 12:43:30.426626   16212 megascale_context.cc:439] Destroying MegaScale PjrtExecutableContext: jit_op
MANUAL_AR_RESULT {"batch": 10, "benchmark": "manual_ar", "host_gbps_best": 328.5765750494653, "host_gbps_median": 298.7992533446715, "matrix_dim": 32768, "network_delta": {"cilium_host": {"rx_bytes": 0, "tx_bytes": 0}, "cilium_net": {"rx_bytes": 0, "tx_bytes": 0}, "docker0": {"rx_bytes": 0, "tx_bytes": 0}, "eth0": {"rx_bytes": 806353, "tx_bytes": 9118968}, "eth1": {"rx_bytes": 1213295567033, "tx_bytes": 1204235600735}, "eth2": {"rx_bytes": 1210999681417, "tx_bytes": 1206834865095}, "lo": {"rx_bytes": 5974764, "tx_bytes": 5974764}, "lxc7a46b7c617f2": {"rx_bytes": 2235628, "tx_bytes": 696652}, "lxc98965bb30804": {"rx_bytes": 22134, "tx_bytes": 163615}, "lxcc0f9da7fa3ad": {"rx_bytes": 31659, "tx_bytes": 7799}, "lxcee5710d8dac0": {"rx_bytes": 45895, "tx_bytes": 18613}, "lxceee434c5d682": {"rx_bytes": 800, "tx_bytes": 755}}, "participants_per_slice": 8, "reps": 8, "shard_bytes_per_device": 1073741824.0, "time_ms_all": [232.24364650668576, 230.12863598996773, 226.53137960005552, 209.14295769762248, 227.41398310754448, 237.56570121040568, 240.34096869872883, 229.84223720850423], "time_ms_best": 209.14295769762248, "time_ms_median": 229.98543659923598, "variant": "psum", "warmups": 200}
W0909 12:43:30.454893   18083 tpu_spmd_partitioner.cc:460] Collective matmul V1 is enabled. Please consider migrating to V2 since V1 will be deprecated soon. You can enable V2 by setting xla_tpu_all_gather_collective_matmul_mode=post_spmd and xla_tpu_reduce_scatter_collective_matmul_mode=post_spmd.
I0909 12:43:30.461758   16212 deepsea_compiler_hlo_passes.cc:6406] xla_tpu_impure_hlo_parallel_compile is DISABLED. jit_op
I0909 12:43:30.463646   16212 latency_hiding_scheduler.cc:4420] [latency-hiding-scheduler] LatencyHidingScheduler current memory usage: 1073750080 bytes. Current limit: 95564404531
I0909 12:43:30.463932   16212 tpu_plumb_vmem_info.cc:677] scavenging_mode: 3 for module: jit_op
I0909 12:43:30.483866   16212 deepsea_compiler_hlo_passes.cc:6735] HLO_PASSES stage duration: 29.6654075ms
I0909 12:43:30.485108   17176 tpu_chip_config.cc:367] Resolved chip config alias default->megachip for 6acc60406, 
I0909 12:43:30.485359   17176 tpu_chip_config.cc:367] Resolved chip config alias default->megachip for 6acc60406, 
I0909 12:43:30.485594   17176 memory_space_assignment_util.cc:577] MSA Vmem breakdown: default scoped vmem (from flag): 33554432; does_msa_directly_allocate_scoped_vmem: T; bytes_for_msa_to_allocate: 67043328
I0909 12:43:30.598733   18095 deepsea_compiler_base.cc:4279] BACKEND_PASSES stage duration: 114.3130875ms
I0909 12:43:30.606994   18095 deepsea_compiler_backend.cc:1480] CODE_GENERATION stage duration: 8.192192ms
I0909 12:43:30.607386   18095 isa_program_util_common.cc:373] (HLO module jit_op): Executable fingerprint:33a5a6d6f7cea468562f68254b4eb2b89053eb34e2e10125a401ef1c264018f8
I0909 12:43:30.607389   18095 isa_program_util_common.cc:377] (HLO module jit_op): Executable fingerprint (including data segments):63de7ca22133830a9ecf7d1576f6e0dc97cbc6a522ec2bae425e60708fe1b2d0
I0909 12:43:30.607391   18095 isa_program_util_common.cc:380] (HLO module jit_op): Host transfer fingerprint:c37db3d47c19d90e6b870bb79741e56a58ee0112318c32550eac3926e65c0ec8
I0909 12:43:30.607711   16212 deepsea_compiler_base.cc:1055] END_TO_END stage duration: 155.95700625ms
I0909 12:43:30.607732   16212 deepsea_compiler_base.cc:1056] Note that END_TO_END duration also includes time outside of HLO_PASSES, BACKEND_PASSES, and CODE_GENERATION
I0909 12:43:30.608348   16212 megascale_context.cc:517] MegaScale DCNTopology fingerprint for: jit_op : 1688352644216761960 DevicesHash: 8081921339993277715 Topology: go/debugstr   
I0909 12:43:30.611100   16212 host_command_scheduler_factory.cc:1312] Created a HostCommandScheduler with 18 rules for module jit_op HostTransfers Fingerprint: 158907515329715665.
I0909 12:43:30.611466   16212 megascale_context.cc:686] MegaScale ExecutableContext created for module: jit_op with DCN topology: go/debugstr    
W0909 12:43:30.625113   16970 grpc_transport.cc:1186] Too many pending sends: 128
W0909 12:43:30.840347   16948 tpu_pjrt_client.cc:2333] PjRt execution dispatch was blocked for 213.162791ms because PjRt's max in-flight computation semaphore is full (limit: 32), which may negatively affect the performance
W0909 12:43:32.120679   17829 block_allocator.cc:240] Allocator almost full. Allocator Stats. Total: 17179869184 Free: 4288102400 Peak: 131072
Outstanding :: 34603008: 0 16384: 0 32768: 0 1024: 1 33554432: 0 8192: 0 65536: 0 9437184: 117 8388608: 502 
Free :: 8388608: 10 65536: 4 1024: 15 32768: 3 16384: 8 8192: 8 33554432: 157 34603008: 64 9437184: 0 
W0909 12:43:40.708870   18263 grpc_transport.cc:1186] Too many pending sends: 128
W0909 12:43:50.708924   18374 grpc_transport.cc:1186] Too many pending sends: 292
W0909 12:44:00.708962   18213 grpc_transport.cc:1186] Too many pending sends: 375
W0909 12:44:10.709195   18330 grpc_transport.cc:1186] Too many pending sends: 556
W0909 12:44:20.876357   16971 grpc_transport.cc:1186] Too many pending sends: 128
W0909 12:44:30.960707   18206 grpc_transport.cc:1186] Too many pending sends: 128
W0909 12:44:41.041974   18373 grpc_transport.cc:1186] Too many pending sends: 128
I0909 12:44:41.263209   16212 megascale_context.cc:439] Destroying MegaScale PjrtExecutableContext: jit_op
MANUAL_AR_RESULT {"batch": 10, "benchmark": "manual_ar", "host_gbps_best": 285.81256676524276, "host_gbps_median": 277.2596407356637, "matrix_dim": 32768, "network_delta": {"cilium_host": {"rx_bytes": 0, "tx_bytes": 0}, "cilium_net": {"rx_bytes": 0, "tx_bytes": 0}, "docker0": {"rx_bytes": 0, "tx_bytes": 0}, "eth0": {"rx_bytes": 781903, "tx_bytes": 8790945}, "eth1": {"rx_bytes": 1295873953753, "tx_bytes": 1206681656535}, "eth2": {"rx_bytes": 1129180299585, "tx_bytes": 1206863879744}, "lo": {"rx_bytes": 7623126, "tx_bytes": 7623126}, "lxc7a46b7c617f2": {"rx_bytes": 2235826, "tx_bytes": 686783}, "lxc98965bb30804": {"rx_bytes": 18211, "tx_bytes": 59472}, "lxcc0f9da7fa3ad": {"rx_bytes": 28476, "tx_bytes": 4684}, "lxcee5710d8dac0": {"rx_bytes": 36423, "tx_bytes": 8719}, "lxceee434c5d682": {"rx_bytes": 843, "tx_bytes": 20777}}, "participants_per_slice": 8, "reps": 8, "shard_bytes_per_device": 1073741824.0, "time_ms_all": [267.6023861975409, 268.6363852932118, 251.57510440330952, 243.0071722017601, 249.11582709755749, 246.5890403953381, 240.43546270113438, 244.80004879878834], "time_ms_best": 240.43546270113438, "time_ms_median": 247.8524337464478, "variant": "exchange_add", "warmups": 200}
MANUAL_AR_SUMMARY {"exchange_add@32768": 285.8, "psum@32768": 328.6}
I0909 12:44:41.272655   16212 megascale_context.cc:439] Destroying MegaScale PjrtExecutableContext: jit__identity_fn
W0909 12:44:41.274881   17183 pjrt_client.h:601] UpdateGlobalProcessInfo is not supported.
I0909 12:44:41.303782   16212 allocator_stats_reporter.cc:147] Stopping AllocatorStatsReporter. Reporting one last time first.
I0909 12:44:41.304380   16933 tpu_diagnostic_coordinator.cc:565] TpuStallWorker thread exiting.
I0909 12:44:41.454139   16212 tpunetd_client.cc:431] Session master stopping the session...
I0909 12:44:41.454487   17177 session_worker_service.cc:115] Session master notifies the worker to disconnect from session 48206d6780518c3c
I0909 12:44:41.454561   16212 tpunetd_client.cc:433] Session master stopped the session.
I0909 12:44:41.454575   16212 tpunetd_client.cc:438] Session manager stopping the session...
I0909 12:44:41.559143   16212 tpunetd_client.cc:440] Session manager stopped the session.
I0909 12:44:46.644594   18480 async_driver.cc:1178] [/dev/vfio/5 tpu662:pe0:1] vf_id:0 Driver closed.
I0909 12:44:46.653768   16987 async_driver.cc:1178] [/dev/vfio/6 tpu662:pe0:2] vf_id:0 Driver closed.
I0909 12:44:46.697590   17147 async_driver.cc:1178] [/dev/vfio/1 tpu662:pe0:3] vf_id:0 Driver closed.
I0909 12:44:47.030109   18116 async_driver.cc:1178] [/dev/vfio/4 tpu662:pe0:0] vf_id:0 Driver closed.
I0909 12:44:47.032699   18116 megascale_context.cc:439] Destroying MegaScale PjrtExecutableContext: jit__identity_fn
I0909 12:44:47.032781   18116 megascale_context.cc:1131] Destroying MegaScale PjrtClientContext.
MC_CONFIG_END name=mrss32 pass=2
MC_CONFIG_BEGIN name=both16 pass=2 port=1308 flags=--xla_tpu_use_megascale_host_reduction=false --megascale_max_reduction_shard_size=16777216 --megascale_chunk_size=16777216
ERROR: Accessing retired flag 'eventmanager2_as_default_eventmanager'
I0909 12:44:56.297833   18592 b295d63588a.cc:792] Linux version 6.12.94+ (builder@b181c7a13d4c) (Chromium OS 17.0_pre498229-r33 clang version 17.0.0 (/mnt/host/source/src/third_party/llvm-project 14f0776550b5a49e1c42f49a00213f7f3fa047bf), LLD 17.0.0) #1 SMP Mon Jul 27 22:05:55 UTC 2026
I0909 12:44:56.298219   18592 b295d63588a.cc:876] Process id 18592
I0909 12:44:56.298234   18592 b295d63588a.cc:882] Current working directory /jax-ai-image
I0909 12:44:56.298240   18592 b295d63588a.cc:885] Current timezone is UTC (currently UTC +00:00)
I0909 12:44:56.298243   18592 b295d63588a.cc:890] Built on Dec 31 1969 16:00:00 (0)
I0909 12:44:56.298245   18592 b295d63588a.cc:891]  at redacted@redacted:.
I0909 12:44:56.298246   18592 b295d63588a.cc:892]  as //learning/45eac/tfrc/executor:_libtpu.so.native
I0909 12:44:56.298248   18592 b295d63588a.cc:893]  for gcc-4.X.Y-crosstool-v18-llvm-grtev4-k8.k8
I0909 12:44:56.298250   18592 b295d63588a.cc:902] Build tool: redacted
I0909 12:44:56.298252   18592 b295d63588a.cc:903] Build target: 
I0909 12:44:56.298258   18592 b295d63588a.cc:911] Command line arguments:
I0909 12:44:56.298259   18592 b295d63588a.cc:913] argv[0]: './tpu_driver'
I0909 12:44:56.298262   18592 b295d63588a.cc:913] argv[1]: '--minloglevel=0'
I0909 12:44:56.298264   18592 b295d63588a.cc:913] argv[2]: '--stderrthreshold=0'
I0909 12:44:56.298265   18592 b295d63588a.cc:913] argv[3]: '--v=0'
I0909 12:44:56.298267   18592 b295d63588a.cc:913] argv[4]: '--vmodule='
I0909 12:44:56.298268   18592 b295d63588a.cc:913] argv[5]: '--log_dir=/tmp/tpu_logs/benchmark'
I0909 12:44:56.298270   18592 b295d63588a.cc:913] argv[6]: '--max_log_size=1024'
I0909 12:44:56.298271   18592 b295d63588a.cc:913] argv[7]: '--deepsea_hal_included_devs=3,0,1,2'
I0909 12:44:56.298273   18592 b295d63588a.cc:913] argv[8]: '--megascale_transport_numa_node=0,1'
I0909 12:44:56.298274   18592 b295d63588a.cc:913] argv[9]: '--next_pluggable_device_use_c_api=0'
I0909 12:44:56.298275   18592 b295d63588a.cc:913] argv[10]: '--deepsea_wrap=false,false,false'
I0909 12:44:56.298277   18592 b295d63588a.cc:913] argv[11]: '--deepsea_twist=false'
I0909 12:44:56.298278   18592 b295d63588a.cc:913] argv[12]: '--deepsea_chip_config_name=default'
I0909 12:44:56.298280   18592 b295d63588a.cc:913] argv[13]: '--deepsea_chips_per_host_bounds=2,2,1'
I0909 12:44:56.298282   18592 b295d63588a.cc:913] argv[14]: '--deepsea_host_bounds=1,1,1'
I0909 12:44:56.298283   18592 b295d63588a.cc:913] argv[15]: '--deepsea_slice_builder_worker_port=8471'
I0909 12:44:56.298284   18592 b295d63588a.cc:913] argv[16]: '--deepsea_slice_builder_worker_addresses=dcn-mc3-slice-0-0.dcn-mc3:8471'
I0909 12:44:56.298286   18592 b295d63588a.cc:913] argv[17]: '--tpu_slice_builder_dump_chip=false'
I0909 12:44:56.298288   18592 b295d63588a.cc:913] argv[18]: '--tpu_slice_builder_dump_chip_force=false'
I0909 12:44:56.298289   18592 b295d63588a.cc:913] argv[19]: '--tpu_slice_builder_dump_to_localhost=1'
I0909 12:44:56.298291   18592 b295d63588a.cc:913] argv[20]: '--vbar_control_service_url=unix:///var/run/tpu-plugin/vbar.sock'
I0909 12:44:56.298292   18592 b295d63588a.cc:913] argv[21]: '--bypass_vbar_control_service=0'
I0909 12:44:56.298293   18592 b295d63588a.cc:913] argv[22]: '--deepsea_ici_resilient=false'
I0909 12:44:56.298295   18592 b295d63588a.cc:913] argv[23]: '--xla_tpu_use_resilient_collective_emitter=false'
I0909 12:44:56.298297   18592 b295d63588a.cc:913] argv[24]: '--tpu_slice_builder_topology_discovery_fault_injection='
I0909 12:44:56.298298   18592 b295d63588a.cc:913] argv[25]: '--runtime_metric_service_port=8431'
I0909 12:44:56.298299   18592 b295d63588a.cc:913] argv[26]: '--tpu_hbm_report_enable=1'
I0909 12:44:56.298301   18592 b295d63588a.cc:913] argv[27]: '--tpu_hbm_report_frequency=5s'
I0909 12:44:56.298302   18592 b295d63588a.cc:913] argv[28]: '--megascale_coordinator_address=dcn-mc3-slice-0-0.dcn-mc3:8081'
I0909 12:44:56.298304   18592 b295d63588a.cc:913] argv[29]: '--megascale_slice_id=0'
I0909 12:44:56.298305   18592 b295d63588a.cc:913] argv[30]: '--megascale_num_slices=2'
I0909 12:44:56.298307   18592 b295d63588a.cc:913] argv[31]: '--megascale_transport_type=grpc'
I0909 12:44:56.298308   18592 b295d63588a.cc:913] argv[32]: '--megascale_port=8081'
I0909 12:44:56.298310   18592 b295d63588a.cc:913] argv[33]: '--megascale_use_insecure_grpc'
I0909 12:44:56.298311   18592 b295d63588a.cc:913] argv[34]: '--megascale_grpc_use_chaotic_good=true'
I0909 12:44:56.298318   18592 b295d63588a.cc:913] argv[35]: '--megascale_grpc_use_event_engine_allocator=true'
I0909 12:44:56.298320   18592 b295d63588a.cc:913] argv[36]: '--grpc_enable_tcp_recv_zerocopy=false'
I0909 12:44:56.298321   18592 b295d63588a.cc:913] argv[37]: '--grpc_enable_rpc_receive_coalescing=true'
I0909 12:44:56.298322   18592 b295d63588a.cc:913] argv[38]: '--megascale_grpc_enable_numa_aware_transmit=true'
I0909 12:44:56.298323   18592 b295d63588a.cc:913] argv[39]: '--megascale_grpc_use_numa_aware_event_engine=true'
I0909 12:44:56.298325   18592 b295d63588a.cc:913] argv[40]: '--megascale_debug_port=8081'
I0909 12:44:56.298336   18592 b295d63588a.cc:913] argv[41]: '--eventmanager2_as_default_eventmanager'
I0909 12:44:56.298337   18592 b295d63588a.cc:913] argv[42]: '--eventmanager2_default_autosizer=mean_latency'
I0909 12:44:56.298339   18592 b295d63588a.cc:913] argv[43]: '--megascale_grpc_enable_xor_tracer=true'
I0909 12:44:56.298340   18592 b295d63588a.cc:913] argv[44]: '--xor_trace_sampling_period=100'
I0909 12:44:56.298342   18592 b295d63588a.cc:913] argv[45]: '--rpc_transport_metrics_period=20'
I0909 12:44:56.298343   18592 b295d63588a.cc:913] argv[46]: '--grpc_experiments=event_engine_client,chaotic_good_framing_layer,tcp_rcv_lowat,instrument_tcp_telemetry,event_engine_listener,use_call_event_engine_in_completion_queue'
I0909 12:44:56.298345   18592 b295d63588a.cc:913] argv[47]: '--enable_runtime_uptime_telemetry=true'
I0909 12:44:56.298346   18592 b295d63588a.cc:913] argv[48]: '--xla_tpu_use_megascale_host_reduction=false'
I0909 12:44:56.298348   18592 b295d63588a.cc:913] argv[49]: '--megascale_max_reduction_shard_size=16777216'
I0909 12:44:56.298349   18592 b295d63588a.cc:913] argv[50]: '--megascale_chunk_size=16777216'
I0909 12:44:56.298351   18592 b295d63588a.cc:913] argv[51]: '--xla_tpu_use_enhanced_launch_barrier=true'
I0909 12:44:56.298352   18592 b295d63588a.cc:913] argv[52]: '--xla_tpu_prefer_async_allgather_to_allreduce=true'
I0909 12:44:56.298354   18592 b295d63588a.cc:913] argv[53]: '--xla_tpu_data_parallel_opt_different_sized_ops=true'
I0909 12:44:56.298356   18592 b295d63588a.cc:913] argv[54]: '--xla_tpu_enable_data_parallel_all_reduce_opt=true'
I0909 12:44:56.298357   18592 b295d63588a.cc:913] argv[55]: '--megascale_coordinator_address=dcn-mc3-slice-0-0.dcn-mc3:8081'
I0909 12:44:56.298359   18592 b295d63588a.cc:913] argv[56]: '--megascale_slice_id=0'
I0909 12:44:56.298360   18592 b295d63588a.cc:913] argv[57]: '--megascale_num_slices=2'
I0909 12:44:56.298361   18592 b295d63588a.cc:913] argv[58]: '--megascale_transport_type=grpc'
I0909 12:44:56.298363   18592 b295d63588a.cc:913] argv[59]: '--megascale_port=8081'
I0909 12:44:56.298364   18592 b295d63588a.cc:913] argv[60]: '--megascale_use_insecure_grpc'
I0909 12:44:56.298366   18592 b295d63588a.cc:913] argv[61]: '--megascale_grpc_interface_prefixes=eth1,eth2,lo'
I0909 12:44:56.298570   18592 init.cc:78] Remote crash gathering hook installed.
I0909 12:44:56.335534   18592 tpu_runtime_type_flags.cc:78] --tpu_use_tfrt not specified. Using default value: true
I0909 12:44:56.335638   18592 host_command_handler_factory.cc:31] Skipping registration of host command handler for opcode Log because it is not in the allowlist.
I0909 12:44:56.335659   18592 tpu_hal.cc:467] Registered plugin from module: megascale_sync_flag_logger
I0909 12:44:56.337739   18592 tpu_hal.cc:467] Registered plugin from module: RuntimeMetricHelper
E0909 12:44:56.337762   18592 autosizer.cc:43] mean_latency is deprecated. Please remove this setting.
I0909 12:44:56.340106   18592 logger.cc:308] Enabling threaded logging for severity WARNING
I0909 12:44:56.340135   18592 tpu_hal.cc:467] Registered plugin from module: sdc_checker_callback
I0909 12:44:56.340595   18592 mlock.cc:220] mlock()-ed 4096 bytes for BuildID, using 1 syscalls.
I0909 12:44:56.340654   18592 debug_manager.cc:266] Registering error handler with name: libtpu_telemetry_handler
I0909 12:44:56.354309   18592 singleton_tpu_states_manager.cc:86] TPU premapped buffer enabled. Size: 4294967296 Threshold: 4294967296 Partitions: 1
I0909 12:44:56.354324   18592 singleton_tpu_states_manager.cc:110] TpuStatesManager::GetOrCreate(): no tpu system exists. Creating a new tpu system.
I0909 12:44:56.361497   18592 device_util.cc:89] Found 4 TPU7x chips.
I0909 12:44:56.361516   18592 tpu_version_flag.cc:77] Using auto-detected TPU version TPU7x
I0909 12:44:56.378156   18592 tpu_chip_config.cc:367] Resolved chip config alias default->megachip for 6acc60406, 
I0909 12:44:56.378463   18592 pending_event_logger.cc:1003] Enabling PjRt/TPU event dependency logging.
I0909 12:44:56.384010   18967 flags_util.cc:316] Using 8471 from --deepsea_slice_builder_worker_port as SliceBuilder worker service port.
I0909 12:44:56.388036   18967 tpu_network_factory.cc:67] Running in Cloud, using TpunetdClient
I0909 12:44:56.388054   18967 tpunetd_client.cc:163] Creating TpunetdClient with topology go/debugstr    
x_dimension: 2
y_dimension: 2
z_dimension: 1
x_wrapping: false
y_wrapping: false
z_wrapping: false
I0909 12:44:56.396502   18967 init-domain.cc:132] Fiber init: default domain = futex, concurrency = 246, prefix = futex-default
I0909 12:44:58.221550   18972 async_driver.cc:485] [/dev/vfio/6 tpu662:pe0:2] vf_id:0 Driver opened.
I0909 12:44:58.297586   18970 async_driver.cc:485] [/dev/vfio/4 tpu662:pe0:0] vf_id:0 Driver opened.
I0909 12:44:58.306029   18971 async_driver.cc:485] [/dev/vfio/5 tpu662:pe0:1] vf_id:0 Driver opened.
I0909 12:44:58.326166   18972 tpu_vxc_driver.cc:967] Throttled firmware queue size configured to 223(Firmware queue size: 256, leaving 32 for misc purposes).
I0909 12:44:58.394832   18969 futex.cc:71] RAW: Futex::Swap(): using GFUTEX_SWAP
I0909 12:44:58.394829   18970 tpu_vxc_driver.cc:967] Throttled firmware queue size configured to 223(Firmware queue size: 256, leaving 32 for misc purposes).
I0909 12:44:58.404219   18973 async_driver.cc:485] [/dev/vfio/1 tpu662:pe0:3] vf_id:0 Driver opened.
I0909 12:44:58.411423   18971 tpu_vxc_driver.cc:967] Throttled firmware queue size configured to 223(Firmware queue size: 256, leaving 32 for misc purposes).
I0909 12:44:58.417173   18972 async_driver.cc:1843] All cores supported.
I0909 12:44:58.439996   18973 tpu_vxc_driver.cc:967] Throttled firmware queue size configured to 223(Firmware queue size: 256, leaving 32 for misc purposes).
I0909 12:44:58.443231   18970 async_driver.cc:1843] All cores supported.
I0909 12:44:58.443380   18971 async_driver.cc:1843] All cores supported.
I0909 12:44:58.447964   18973 async_driver.cc:1843] All cores supported.
I0909 12:44:58.448004   18967 tpunetd_client.cc:338] Connecting to vbar control service at unix:///var/run/tpu-plugin/vbar.sock
I0909 12:44:58.448068   18967 config.cc:265] gRPC experiments: instrument_tcp_telemetry:on, tcp_rcv_lowat:on, use_call_event_engine_in_completion_queue:on; default-enabled: buffer_list_deletion_prep, cache_loas_context_in_connection_context, call_tracer_send_initial_metadata_is_an_annotation, callv3_batch_validation, callv3_ef5bb7_client, callv3_ef5bb7_server, chaotic_good_framing_layer, chaotic_good_send_supported_features, custom_frame_check, directpath_rpc_header_sanitization_filter, ef5bb7_global_family_cache, event_engine_callback_cq, event_engine_client, event_engine_listener, header_data_frame, inproc_cancel_stream, message_size_refactoring, monitoring_experiment, optimization_01, optimization_02, optimization_03, optimization_04, ph2_perf_01, promise_batch_cleanup_on_cancel, promise_filter_send_cancel_metadata, psp_tsi_handshaker_shutdown, skip_clear_peer_on_cancellation, tsi_frame_protector_without_locks, v2_non_owning_waker_implementation, verbose_channelz_connection_logging, wildcard_ip_expansion_restriction, xds_server_filter_chain_per_route
I0909 12:44:58.453133   18967 tpunetd_client.cc:289] Session manager starting a new session...
I0909 12:44:58.557272   18967 vbar_control.cc:201] TPU backend connection test passed! 
I0909 12:44:58.762793   18967 tpunetd_client.cc:291] Session manager started the new session.
I0909 12:44:58.762805   18967 tpunetd_client.cc:295] Session master starting a new session...
I0909 12:44:58.762807   18967 session_master.cc:263] Starting a new ICI network session...
I0909 12:44:58.763144   18969 session_worker_service.cc:110] Session master notifies the worker in a new session: 1d4bfa409200afff
I0909 12:44:58.867694   18967 session_master.cc:307] Successfully started ICI network session with session id: 1d4bfa409200afff
I0909 12:44:58.867740   18967 tpunetd_client.cc:297] Session master started the new session.
I0909 12:44:58.871974   18967 tpu_hal.cc:209] Starting premapped memory manager initialization...
W0909 12:44:58.875232   18970 libtpu_telemetry_utils.cc:44] Metric already exists: hlo.execution.timing.distribution.microseconds
W0909 12:44:58.875238   18971 libtpu_telemetry_utils.cc:44] Metric already exists: hlo.execution.timing.distribution.microseconds
W0909 12:44:58.875262   18971 libtpu_telemetry_utils.cc:44] Metric already exists: hlo.queue.size.gauge
W0909 12:44:58.875257   18970 libtpu_telemetry_utils.cc:44] Metric already exists: hlo.queue.size.gauge
W0909 12:44:58.875261   18973 libtpu_telemetry_utils.cc:44] Metric already exists: hlo.execution.timing.distribution.microseconds
W0909 12:44:58.875275   18973 libtpu_telemetry_utils.cc:44] Metric already exists: hlo.queue.size.gauge
W0909 12:44:58.876633   18972 libtpu_telemetry_utils.cc:44] Metric already exists: hlo.execution.timing.distribution.microseconds
W0909 12:44:58.876654   18972 libtpu_telemetry_utils.cc:44] Metric already exists: hlo.queue.size.gauge
W0909 12:44:58.876685   18973 libtpu_telemetry_utils.cc:44] Metric already exists: hlo.execution.timing.distribution.microseconds
W0909 12:44:58.876687   18971 libtpu_telemetry_utils.cc:44] Metric already exists: hlo.execution.timing.distribution.microseconds
W0909 12:44:58.876702   18971 libtpu_telemetry_utils.cc:44] Metric already exists: hlo.queue.size.gauge
W0909 12:44:58.876702   18973 libtpu_telemetry_utils.cc:44] Metric already exists: hlo.queue.size.gauge
W0909 12:44:58.876699   18970 libtpu_telemetry_utils.cc:44] Metric already exists: hlo.execution.timing.distribution.microseconds
W0909 12:44:58.876708   18970 libtpu_telemetry_utils.cc:44] Metric already exists: hlo.queue.size.gauge
I0909 12:45:01.103808   18967 runtime_metric_service.cc:197] Successfully started Runtime Metric Service on port: 8431
I0909 12:45:01.103990   18967 system.cc:1112] tpu::System initialized, current host id: 0, logical device ids: 0,1,2,3,4,5,6,7
I0909 12:45:01.104034   18592 tpu_system_state.cc:224] CreateTpuSystemState: TPU initialization is successful and it took 4.72555858s
I0909 12:45:01.104051   18592 tpu_system_state.cc:228] CreateTpuSystemState: using TPU host premapped buffer of size: 4294967296
I0909 12:45:01.104067   18592 tpu_host_allocator.cc:68] Premapped buffer is using alignment 64
I0909 12:45:01.104679   18592 tpu_linearizer.cc:104] Inflight linearization byte limit configured to : 1099511627776
I0909 12:45:01.104693   18592 tpu_linearizer.cc:118] Inflight delinearization byte limit configured to : 1099511627776
I0909 12:45:01.104911   19315 tpu_diagnostic_coordinator.cc:610] TpuDiagnosticCoordinator listening on socket /tmp/tpu_diag_trigger_18592.socket (symlinked at /tmp/tpu_diag_latest.socket)
I0909 12:45:01.105141   18592 allocator_stats_reporter.cc:117] Starting AllocatorStats Reporter with reporting interval: 5s
I0909 12:45:01.105168   18592 megascale_context.cc:969] Using shared executor for compute since we are running on 6acc60406.
W0909 12:45:01.105175   18592 impairments_service.cc:60] Resetting impairments.
I0909 12:45:01.105194   18592 numa_utils.cc:43] Available NUMA node in this process: 0,1
E0909 12:45:01.105285   18592 autosizer.cc:43] mean_latency is deprecated. Please remove this setting.
E0909 12:45:01.107644   18592 autosizer.cc:43] mean_latency is deprecated. Please remove this setting.
I0909 12:45:01.110053   18592 flags.cc:231] The actual send_rpc_timeout is set to: 45s. Adjusted from the original send_rpc_timeout: 45s, graph_hang_threshold: 5m, graph_within_launch_hang_threshold: 1m
I0909 12:45:01.110066   18592 numa_aware_allocator.cc:60] Creating numa aware allocators, number of NUMA nodes is 2
I0909 12:45:01.110070   18592 numa_aware_allocator.cc:63] Creating numa aware allocator for NUMA nodes 0
I0909 12:45:01.110084   18592 communication_backend.cc:300] Done allocating premapped memory of size 17179869184 bytes in 13.745us
I0909 12:45:01.110089   18592 numa_aware_allocator.cc:76] Binding memory address 0x7b013bfff000 with NUMA node mask 1
I0909 12:45:13.575263   18592 communication_backend.cc:310] Done premapping memory of size 17179869184 bytes in 12.464261393s
I0909 12:45:13.575299   18592 numa_aware_allocator.cc:63] Creating numa aware allocator for NUMA nodes 1
I0909 12:45:13.575336   18592 communication_backend.cc:300] Done allocating premapped memory of size 17179869184 bytes in 33.216us
I0909 12:45:13.575342   18592 numa_aware_allocator.cc:76] Binding memory address 0x7afd3bffd000 with NUMA node mask 2
I0909 12:45:26.232555   18592 communication_backend.cc:310] Done premapping memory of size 17179869184 bytes in 12.65612591s
I0909 12:45:26.232594   18592 communication_backend.cc:375] Preallocated 17179869184 bytes with Megascale allocator.
I0909 12:45:26.232618   18592 eigen_compute_engine.cc:333] Creating EigenComputeEngine with options: { executor = 0x570df4381a40,  force_use_shared_executor = true,  num_cores_per_device = 16 }
I0909 12:45:26.232652   18974 communication_backend.cc:1179] Initializing MegaScale transport.
E0909 12:45:26.232713   18974 autosizer.cc:43] mean_latency is deprecated. Please remove this setting.
E0909 12:45:26.232744   18592 autosizer.cc:43] mean_latency is deprecated. Please remove this setting.
E0909 12:45:26.237257   18592 autosizer.cc:43] mean_latency is deprecated. Please remove this setting.
E0909 12:45:26.237539   18974 autosizer.cc:43] mean_latency is deprecated. Please remove this setting.
E0909 12:45:26.239560   18592 autosizer.cc:43] mean_latency is deprecated. Please remove this setting.
E0909 12:45:26.264773   18592 autosizer.cc:43] mean_latency is deprecated. Please remove this setting.
E0909 12:45:26.264767   18974 autosizer.cc:43] mean_latency is deprecated. Please remove this setting.
E0909 12:45:26.267732   18592 autosizer.cc:43] mean_latency is deprecated. Please remove this setting.
I0909 12:45:26.267967   18974 grpc_transport.cc:2407] Create GrpcTransport with LIBTPU_ON_GCE.
I0909 12:45:26.268006   18974 transport.cc:862] Using IP addresses for interface discovery.
I0909 12:45:26.268009   18974 transport.cc:757] Could not read interface to NUMA node map from env variables, falling back to reading from file system.
I0909 12:45:26.268135   18974 transport.cc:723] Could not read filename /sys/class/net/cilium_host/device/numa_node with status Stat failed for /sys/class/net/cilium_host/device/numa_node: No such file or directory
I0909 12:45:26.268144   18974 transport.cc:723] Could not read filename /sys/class/net/cilium_net/device/numa_node with status Stat failed for /sys/class/net/cilium_net/device/numa_node: No such file or directory
I0909 12:45:26.268151   18974 transport.cc:723] Could not read filename /sys/class/net/docker0/device/numa_node with status Stat failed for /sys/class/net/docker0/device/numa_node: No such file or directory
I0909 12:45:26.268437   18974 transport.cc:723] Could not read filename /sys/class/net/lo/device/numa_node with status Stat failed for /sys/class/net/lo/device/numa_node: No such file or directory
I0909 12:45:26.268445   18974 transport.cc:723] Could not read filename /sys/class/net/lxc7a46b7c617f2/device/numa_node with status Stat failed for /sys/class/net/lxc7a46b7c617f2/device/numa_node: No such file or directory
I0909 12:45:26.268450   18974 transport.cc:723] Could not read filename /sys/class/net/lxc98965bb30804/device/numa_node with status Stat failed for /sys/class/net/lxc98965bb30804/device/numa_node: No such file or directory
I0909 12:45:26.268455   18974 transport.cc:723] Could not read filename /sys/class/net/lxcc0f9da7fa3ad/device/numa_node with status Stat failed for /sys/class/net/lxcc0f9da7fa3ad/device/numa_node: No such file or directory
I0909 12:45:26.268461   18974 transport.cc:723] Could not read filename /sys/class/net/lxcee5710d8dac0/device/numa_node with status Stat failed for /sys/class/net/lxcee5710d8dac0/device/numa_node: No such file or directory
I0909 12:45:26.268467   18974 transport.cc:723] Could not read filename /sys/class/net/lxceee434c5d682/device/numa_node with status Stat failed for /sys/class/net/lxceee434c5d682/device/numa_node: No such file or directory
I0909 12:45:26.268469   18974 transport.cc:734] Interfaces on available NUMA nodes: [{"eth2", 1}, {"eth0", 0}, {"eth1", 0}]
I0909 12:45:26.268488   18974 transport.cc:761] Interfaces corresponding to process' NUMA nodes: [[{"eth0", 0}, {"eth1", 0}, {"eth2", 1}]]
I0909 12:45:26.269230   18974 transport.cc:773] Interface eth0 will not be used as it does not start with one of the prefixes: eth1,eth2,lo
I0909 12:45:26.269238   18974 transport.cc:773] Interface docker0 will not be used as it does not start with one of the prefixes: eth1,eth2,lo
I0909 12:45:26.269240   18974 transport.cc:773] Interface lxceee434c5d682 will not be used as it does not start with one of the prefixes: eth1,eth2,lo
I0909 12:45:26.269241   18974 transport.cc:773] Interface cilium_net will not be used as it does not start with one of the prefixes: eth1,eth2,lo
I0909 12:45:26.269242   18974 transport.cc:773] Interface cilium_host will not be used as it does not start with one of the prefixes: eth1,eth2,lo
I0909 12:45:26.269244   18974 transport.cc:773] Interface lxc98965bb30804 will not be used as it does not start with one of the prefixes: eth1,eth2,lo
I0909 12:45:26.269245   18974 transport.cc:773] Interface lxc7a46b7c617f2 will not be used as it does not start with one of the prefixes: eth1,eth2,lo
I0909 12:45:26.269246   18974 transport.cc:773] Interface lxcc0f9da7fa3ad will not be used as it does not start with one of the prefixes: eth1,eth2,lo
I0909 12:45:26.269247   18974 transport.cc:773] Interface lxcee5710d8dac0 will not be used as it does not start with one of the prefixes: eth1,eth2,lo
I0909 12:45:26.269250   18974 transport.cc:773] Interface eth0 will not be used as it does not start with one of the prefixes: eth1,eth2,lo
I0909 12:45:26.269299   18974 transport.cc:819] Added IP address 10.240.96.10:8081 on network interface eth1
I0909 12:45:26.269304   18974 transport.cc:819] Added IP address 10.240.48.10:8081 on network interface eth2
I0909 12:45:26.269305   18974 transport.cc:773] Interface docker0 will not be used as it does not start with one of the prefixes: eth1,eth2,lo
I0909 12:45:26.269307   18974 transport.cc:773] Interface lxceee434c5d682 will not be used as it does not start with one of the prefixes: eth1,eth2,lo
I0909 12:45:26.269308   18974 transport.cc:773] Interface cilium_host will not be used as it does not start with one of the prefixes: eth1,eth2,lo
I0909 12:45:26.269309   18974 transport.cc:773] Interface lxc98965bb30804 will not be used as it does not start with one of the prefixes: eth1,eth2,lo
I0909 12:45:26.269310   18974 transport.cc:773] Interface lxc7a46b7c617f2 will not be used as it does not start with one of the prefixes: eth1,eth2,lo
I0909 12:45:26.269311   18974 transport.cc:773] Interface lxcc0f9da7fa3ad will not be used as it does not start with one of the prefixes: eth1,eth2,lo
I0909 12:45:26.269312   18974 transport.cc:773] Interface lxcee5710d8dac0 will not be used as it does not start with one of the prefixes: eth1,eth2,lo
I0909 12:45:26.269314   18974 transport.cc:773] Interface eth0 will not be used as it does not start with one of the prefixes: eth1,eth2,lo
I0909 12:45:26.269316   18974 transport.cc:773] Interface lxceee434c5d682 will not be used as it does not start with one of the prefixes: eth1,eth2,lo
I0909 12:45:26.269318   18974 transport.cc:773] Interface cilium_net will not be used as it does not start with one of the prefixes: eth1,eth2,lo
I0909 12:45:26.269319   18974 transport.cc:773] Interface cilium_host will not be used as it does not start with one of the prefixes: eth1,eth2,lo
I0909 12:45:26.269321   18974 transport.cc:773] Interface lxc98965bb30804 will not be used as it does not start with one of the prefixes: eth1,eth2,lo
I0909 12:45:26.269322   18974 transport.cc:773] Interface lxc7a46b7c617f2 will not be used as it does not start with one of the prefixes: eth1,eth2,lo
I0909 12:45:26.269324   18974 transport.cc:773] Interface lxcc0f9da7fa3ad will not be used as it does not start with one of the prefixes: eth1,eth2,lo
I0909 12:45:26.269325   18974 transport.cc:773] Interface lxcee5710d8dac0 will not be used as it does not start with one of the prefixes: eth1,eth2,lo
I0909 12:45:26.269346   18974 grpc_transport.cc:2332] Creating gRPC server on: 10.240.96.10:8081eth1
I0909 12:45:26.269359   18974 grpc_transport.cc:2348] Creating gRPC server with event engine allocator (chaotic good).
I0909 12:45:26.269368   18974 grpc_transport.cc:2365] Starting gRPC server on: 10.240.96.10:8081
I0909 12:45:26.269995   18974 grpc_transport.cc:2332] Creating gRPC server on: 10.240.48.10:8081eth2
I0909 12:45:26.270017   18974 grpc_transport.cc:2348] Creating gRPC server with event engine allocator (chaotic good).
I0909 12:45:26.270021   18974 grpc_transport.cc:2365] Starting gRPC server on: 10.240.48.10:8081
I0909 12:45:26.270383   18974 communication_backend.cc:1290] MegaScale transport initialized.
I0909 12:45:26.270395   18974 communication_backend.cc:1489] MegaScale transport init succeeded.
E0909 12:45:26.270557   18592 autosizer.cc:43] mean_latency is deprecated. Please remove this setting.
I0909 12:45:26.273066   18592 debug_service_impl.cc:185] Starting Megascale Debug Server
I0909 12:45:26.273430   18592 topology_coordinator.cc:57] Megascale Topology Coordinator started for 2 slices
I0909 12:45:26.273453   18592 transport.cc:862] Using IP addresses for interface discovery.
I0909 12:45:26.273455   18592 transport.cc:757] Could not read interface to NUMA node map from env variables, falling back to reading from file system.
I0909 12:45:26.273457   18592 transport.cc:761] Interfaces corresponding to process' NUMA nodes: [[{"eth0", 0}, {"eth1", 0}, {"eth2", 1}]]
I0909 12:45:26.273857   18592 transport.cc:773] Interface eth0 will not be used as it does not start with one of the prefixes: eth1,eth2,lo
I0909 12:45:26.273864   18592 transport.cc:773] Interface docker0 will not be used as it does not start with one of the prefixes: eth1,eth2,lo
I0909 12:45:26.273866   18592 transport.cc:773] Interface lxceee434c5d682 will not be used as it does not start with one of the prefixes: eth1,eth2,lo
I0909 12:45:26.273867   18592 transport.cc:773] Interface cilium_net will not be used as it does not start with one of the prefixes: eth1,eth2,lo
I0909 12:45:26.273868   18592 transport.cc:773] Interface cilium_host will not be used as it does not start with one of the prefixes: eth1,eth2,lo
I0909 12:45:26.273870   18592 transport.cc:773] Interface lxc98965bb30804 will not be used as it does not start with one of the prefixes: eth1,eth2,lo
I0909 12:45:26.273871   18592 transport.cc:773] Interface lxc7a46b7c617f2 will not be used as it does not start with one of the prefixes: eth1,eth2,lo
I0909 12:45:26.273872   18592 transport.cc:773] Interface lxcc0f9da7fa3ad will not be used as it does not start with one of the prefixes: eth1,eth2,lo
I0909 12:45:26.273874   18592 transport.cc:773] Interface lxcee5710d8dac0 will not be used as it does not start with one of the prefixes: eth1,eth2,lo
I0909 12:45:26.273876   18592 transport.cc:773] Interface eth0 will not be used as it does not start with one of the prefixes: eth1,eth2,lo
I0909 12:45:26.273880   18592 transport.cc:819] Added IP address 10.240.96.10:8081 on network interface eth1
I0909 12:45:26.273885   18592 transport.cc:819] Added IP address 10.240.48.10:8081 on network interface eth2
I0909 12:45:26.273886   18592 transport.cc:773] Interface docker0 will not be used as it does not start with one of the prefixes: eth1,eth2,lo
I0909 12:45:26.273888   18592 transport.cc:773] Interface lxceee434c5d682 will not be used as it does not start with one of the prefixes: eth1,eth2,lo
I0909 12:45:26.273889   18592 transport.cc:773] Interface cilium_host will not be used as it does not start with one of the prefixes: eth1,eth2,lo
I0909 12:45:26.273891   18592 transport.cc:773] Interface lxc98965bb30804 will not be used as it does not start with one of the prefixes: eth1,eth2,lo
I0909 12:45:26.273893   18592 transport.cc:773] Interface lxc7a46b7c617f2 will not be used as it does not start with one of the prefixes: eth1,eth2,lo
I0909 12:45:26.273895   18592 transport.cc:773] Interface lxcc0f9da7fa3ad will not be used as it does not start with one of the prefixes: eth1,eth2,lo
I0909 12:45:26.273896   18592 transport.cc:773] Interface lxcee5710d8dac0 will not be used as it does not start with one of the prefixes: eth1,eth2,lo
I0909 12:45:26.273899   18592 transport.cc:773] Interface eth0 will not be used as it does not start with one of the prefixes: eth1,eth2,lo
I0909 12:45:26.273901   18592 transport.cc:773] Interface lxceee434c5d682 will not be used as it does not start with one of the prefixes: eth1,eth2,lo
I0909 12:45:26.273903   18592 transport.cc:773] Interface cilium_net will not be used as it does not start with one of the prefixes: eth1,eth2,lo
I0909 12:45:26.273904   18592 transport.cc:773] Interface cilium_host will not be used as it does not start with one of the prefixes: eth1,eth2,lo
I0909 12:45:26.273906   18592 transport.cc:773] Interface lxc98965bb30804 will not be used as it does not start with one of the prefixes: eth1,eth2,lo
I0909 12:45:26.273907   18592 transport.cc:773] Interface lxc7a46b7c617f2 will not be used as it does not start with one of the prefixes: eth1,eth2,lo
I0909 12:45:26.273909   18592 transport.cc:773] Interface lxcc0f9da7fa3ad will not be used as it does not start with one of the prefixes: eth1,eth2,lo
I0909 12:45:26.273910   18592 transport.cc:773] Interface lxcee5710d8dac0 will not be used as it does not start with one of the prefixes: eth1,eth2,lo
I0909 12:45:26.273916   18592 communication_backend.cc:984] Sending topology discovery request: go/debugstr    
address_mapping {
  addresses {
    address: "10.240.96.10:8081"
    interface_name: "eth1"
    host_name_for_debugging: "gke-tpu-edbc8be2-f4wr"
  }
  addresses {
    address: "10.240.48.10:8081"
    interface_name: "eth2"
    host_name_for_debugging: "gke-tpu-edbc8be2-f4wr"
    numa_node: 1
  }
  incarnation_id: 13619431599346115472
}
tpu_topology_args {
  version: TPU_VERSION_6acc60406
  platform_type: TPU_PLATFORM_TYPE_HARDWARE
  chip_config_name: "default"
  chips_per_host_bounds {
    x: 2
    y: 2
    z: 1
  }
  host_bounds {
    x: 1
    y: 1
    z: 1
  }
  wrap {
  }
  enhanced_barrier_enabled: true
  use_continuations: true
  routing_strategy: ROUTING_MESH
}
incarnation_id: 13619431599346115472
I0909 12:45:26.274212   18592 grpc_transport.cc:2220] Creating client for slice 0 host 0
I0909 12:45:26.274227   18592 grpc_transport.cc:2203] Using default interface. Available interfaces: [eth1,eth2]. Server information: go/debugstr    
address: "dcn-mc3-slice-0-0.dcn-mc3:8081"
I0909 12:45:26.274319   18592 grpc_transport.cc:2278] Created 1 channels for 1 interfaces on slice 0 host 0.
 Load balancing policy: Dynamic lb: max_outstanding_bytes (8388608).
I0909 12:45:26.275035   19426 cachednslookup.cc:391] TTL not found in response, not caching response
I0909 12:45:27.011656   19426 tpu_chip_config.cc:367] Resolved chip config alias default->megachip for 6acc60406, 
I0909 12:45:28.012230   19305 topology_coordinator.cc:178] MegaScale Topology Discovery in progress. Missing hosts (num_slices=1, num_hosts=0): slice0.*
I0909 12:45:29.012369   19305 topology_coordinator.cc:178] MegaScale Topology Discovery in progress. Missing hosts (num_slices=1, num_hosts=0): slice0.*
I0909 12:45:29.041877   19534 tpu_chip_config.cc:367] Resolved chip config alias default->megachip for 6acc60406, 
I0909 12:45:29.042069   19534 topology_coordinator.cc:325] MegaScale Topology Discovery completed.
I0909 12:45:29.042265   18592 communication_backend.cc:1002] Received topology discovery response: go/debugstr    
slice_info {
  tpu_topology_args {
    version: TPU_VERSION_6acc60406
    platform_type: TPU_PLATFORM_TYPE_HARDWARE
    chip_config_name: "default"
    chips_per_host_bounds {
      x: 2
      y: 2
      z: 1
    }
    host_bounds {
      x: 1
      y: 1
      z: 1
    }
    wrap {
    }
    enhanced_barrier_enabled: true
    use_continuations: true
    routing_strategy: ROUTING_MESH
  }
}
slice_info {
  slice_id: 1
  tpu_topology_args {
    version: TPU_VERSION_6acc60406
    platform_type: TPU_PLATFORM_TYPE_HARDWARE
    chip_config_name: "default"
    chips_per_host_bounds {
      x: 2
      y: 2
      z: 1
    }
    host_bounds {
      x: 1
      y: 1
      z: 1
    }
    wrap {
    }
    enhanced_barrier_enabled: true
    use_continuations: true
    routing_strategy: ROUTING_MESH
  }
}
address_mappings {
  addresses {
    address: "10.240.96.10:8081"
    interface_name: "eth1"
    host_name_for_debugging: "gke-tpu-edbc8be2-f4wr"
  }
  addresses {
    address: "10.240.48.10:8081"
    interface_name: "eth2"
    host_name_for_debugging: "gke-tpu-edbc8be2-f4wr"
    numa_node: 1
  }
  incarnation_id: 13619431599346115472
}
address_mappings {
  slice_id: 1
  addresses {
    address: "10.240.96.6:8081"
    interface_name: "eth1"
    host_name_for_debugging: "gke-tpu-edbc8be2-h1bl"
  }
  addresses {
    address: "10.240.48.8:8081"
    interface_name: "eth2"
    host_name_for_debugging: "gke-tpu-edbc8be2-h1bl"
    numa_node: 1
  }
  incarnation_id: 10248471256568465303
}
incarnation_id: 13619431599346115472
I0909 12:45:29.042413   18592 debug_manager.cc:266] Registering error handler with name: default_handler
I0909 12:45:29.042422   18592 megascale_context.cc:571] Using DCN topology: go/debugstr    
I0909 12:45:29.042453   18592 tpu_chip_config.cc:367] Resolved chip config alias default->megachip for 6acc60406, 
DCN_MULTISLICE_PREFLIGHT {"global_device_count": 16, "local_device_count": 8, "process_count": 2, "process_id": 0, "slice_counts": {"0": 8, "1": 8}}
W0909 12:45:29.044395   19555 pjrt_client.h:601] UpdateGlobalProcessInfo is not supported.
I0909 12:45:29.086880   18592 dump.cc:725] HloModule dump enabled with path prefix: , suffix: before_optimizations
W0909 12:45:29.091593   19557 tpu_spmd_partitioner.cc:460] Collective matmul V1 is enabled. Please consider migrating to V2 since V1 will be deprecated soon. You can enable V2 by setting xla_tpu_all_gather_collective_matmul_mode=post_spmd and xla_tpu_reduce_scatter_collective_matmul_mode=post_spmd.
I0909 12:45:29.098208   18592 deepsea_compiler_hlo_passes.cc:6406] xla_tpu_impure_hlo_parallel_compile is DISABLED. jit__identity_fn
I0909 12:45:29.100707   18592 latency_hiding_scheduler.cc:4420] [latency-hiding-scheduler] LatencyHidingScheduler current memory usage: 73792 bytes. Current limit: 96638113587
I0909 12:45:29.101083   18592 tpu_plumb_vmem_info.cc:677] scavenging_mode: 3 for module: jit__identity_fn
I0909 12:45:29.117476   18592 deepsea_compiler_hlo_passes.cc:6735] HLO_PASSES stage duration: 27.49330525ms
I0909 12:45:29.286390   19553 tpu_chip_config.cc:367] Resolved chip config alias default->megachip for 6acc60406, 
I0909 12:45:29.286569   19553 tpu_chip_config.cc:367] Resolved chip config alias default->megachip for 6acc60406, 
I0909 12:45:29.286750   19553 memory_space_assignment_util.cc:577] MSA Vmem breakdown: default scoped vmem (from flag): 33554432; does_msa_directly_allocate_scoped_vmem: T; bytes_for_msa_to_allocate: 67043328
I0909 12:45:29.300688   19785 deepsea_compiler_base.cc:4279] BACKEND_PASSES stage duration: 14.86719475ms
I0909 12:45:29.309479   19785 deepsea_compiler_backend.cc:1480] CODE_GENERATION stage duration: 8.69221875ms
I0909 12:45:29.309721   19785 isa_program_util_common.cc:373] (HLO module jit__identity_fn): Executable fingerprint:67556b1dd123307c8bb711c0434fbfac86eab215225618a5f838c0c427d4c3c2
I0909 12:45:29.309724   19785 isa_program_util_common.cc:377] (HLO module jit__identity_fn): Executable fingerprint (including data segments):c43bcc07663f8b538de614a22f9271d5656acd0e5f70af981aecc6805c64d3fd
I0909 12:45:29.309726   19785 isa_program_util_common.cc:380] (HLO module jit__identity_fn): Host transfer fingerprint:e6674013302fbdec09a2c7c89a12b340e612c48cc4b68dbb5d7ca9c5a25bab54
I0909 12:45:29.309954   18592 deepsea_compiler_base.cc:1055] END_TO_END stage duration: 223.2488505ms
I0909 12:45:29.309967   18592 deepsea_compiler_base.cc:1056] Note that END_TO_END duration also includes time outside of HLO_PASSES, BACKEND_PASSES, and CODE_GENERATION
I0909 12:45:29.310659   18592 megascale_context.cc:517] MegaScale DCNTopology fingerprint for: jit__identity_fn : 1688352644216761960 DevicesHash: 11843567257950195766 Topology: go/debugstr   
I0909 12:45:29.310695   18592 graph_builder.cc:257] Shapes to compress: [""]
I0909 12:45:29.310699   18592 graph_builder.cc:259] Prefixes to compress: [""]
I0909 12:45:29.310733   18592 graph_builder.cc:2912] Using MXLA graph seed: all-gather_0
I0909 12:45:29.310880   18592 host_command_scheduler_factory.cc:1312] Created a HostCommandScheduler with 18 rules for module jit__identity_fn HostTransfers Fingerprint: 3701741969770116811.
I0909 12:45:29.310892   18592 megascale_context.cc:686] MegaScale ExecutableContext created for module: jit__identity_fn with DCN topology: go/debugstr    
I0909 12:45:29.311878   19324 communication_backend.cc:625] Created communicator. Hostname: gke-tpu-edbc8be2-f4wr Slice ID: 0 Host ID: 0 NumSlices: 2 Device IDs: 0,1,2,3,4,5,6,7
I0909 12:45:29.313304   19491 grpc_transport.cc:2220] Creating client for slice 1 host 0
I0909 12:45:29.313339   19491 grpc_transport.cc:2200] Sending to 10.240.96.6:8081 on interface: eth1
I0909 12:45:29.313429   19491 grpc_transport.cc:2200] Sending to 10.240.48.8:8081 on interface: eth2
I0909 12:45:29.313466   19491 grpc_transport.cc:2278] Created 2 channels for 2 interfaces on slice 1 host 0.
 Load balancing policy: Dynamic lb: max_outstanding_bytes (8388608).
I0909 12:45:29.342079   18592 deepsea_compiler_hlo_passes.cc:6623] XLA::TPU running hlo passes for 21 instructions, module: jit__lambda
I0909 12:45:29.342092   18592 deepsea_compiler_hlo_passes.cc:6668] Initial HLO module: jit__lambda instructions: 21 fingerprint: 
I0909 12:45:29.342367   18592 deepsea_compiler_hlo_passes.cc:6526] HLO optimizing module: jit__lambda instructions: 19
I0909 12:45:29.342373   18592 deepsea_compiler_hlo_passes.cc:6539] XLA::TPU HLO optimization
W0909 12:45:29.343016   19821 tpu_spmd_partitioner.cc:460] Collective matmul V1 is enabled. Please consider migrating to V2 since V1 will be deprecated soon. You can enable V2 by setting xla_tpu_all_gather_collective_matmul_mode=post_spmd and xla_tpu_reduce_scatter_collective_matmul_mode=post_spmd.
I0909 12:45:29.351221   18592 deepsea_compiler_hlo_passes.cc:6406] xla_tpu_impure_hlo_parallel_compile is DISABLED. jit__lambda
I0909 12:45:29.353688   18592 deepsea_compiler_hlo_passes.cc:5472] XLA::TPU HLO PostOptimizationPipeline
I0909 12:45:29.355118   18592 latency_hiding_scheduler.cc:4420] [latency-hiding-scheduler] LatencyHidingScheduler current memory usage: 41024 bytes. Current limit: 96637751091
I0909 12:45:29.355986   18592 tpu_plumb_vmem_info.cc:677] scavenging_mode: 3 for module: jit__lambda
I0909 12:45:29.356661   18592 deepsea_compiler_hlo_passes.cc:6735] HLO_PASSES stage duration: 14.56901225ms
I0909 12:45:29.357874   19553 tpu_chip_config.cc:367] Resolved chip config alias default->megachip for 6acc60406, 
I0909 12:45:29.358046   19553 tpu_chip_config.cc:367] Resolved chip config alias default->megachip for 6acc60406, 
I0909 12:45:29.358249   19553 memory_space_assignment_util.cc:577] MSA Vmem breakdown: default scoped vmem (from flag): 33554432; does_msa_directly_allocate_scoped_vmem: T; bytes_for_msa_to_allocate: 67043328
I0909 12:45:29.376575   19825 deepsea_compiler_base.cc:4279] BACKEND_PASSES stage duration: 19.23334725ms
I0909 12:45:29.379340   19825 deepsea_compiler_backend.cc:1784] final program bundle count: 788 note this count does not reflect cycles spent executing delays.
I0909 12:45:29.385122   19825 deepsea_compiler_backend.cc:1980] Program divided into 2 overlays without HLO functions (90.5K).
I0909 12:45:29.385199   19825 deepsea_compiler_backend.cc:2150] XLA::TPU module name: jit__lambda
I0909 12:45:29.385203   19825 deepsea_compiler_backend.cc:2152] XLA::TPU program HBM usage: 266.5K / 94.74G
I0909 12:45:29.385206   19825 deepsea_compiler_backend.cc:2159] Note that --xla_tpu_max_hbm_size_mib is not specified. This means that the compiler may use up all available HBM, possibly prioritizing other metrics (latency, compile-time, ..) over memory usage. To reduce memory usage, set --xla_tpu_max_hbm_size_mib to a smaller value.
I0909 12:45:29.385208   19825 deepsea_compiler_backend.cc:2193] XLA::TPU program VMEM usage: 32.00M / 64.00M
I0909 12:45:29.385215   19825 deepsea_compiler_backend.cc:2204] Total hbm usage >= 268.28M:
    reserved        268.00M 
    program          266.5K 
    arguments         16.0K 

Output size 512B; shares 0B with arguments.

Total host usage >= 0B:
    reserved             0B 
    program         unknown size 
    arguments            0B 

Output size 0B; shares 0B with arguments.

I0909 12:45:29.385229   19825 deepsea_compiler_backend.cc:2208] Program sflag requirement 228B:
    reserved           204B
    scoped              16B
    HLO temp             8B (100.0% utilization: Unpadded (8B) Padded (8B), 0.0% fragmentation (0B))
Program sparse_core_sequencer_sflag requirement 36B:
    reserved            36B
Program sparse_core_tile_sflag requirement 4B:
    reserved             4B
Program sparse_core_sequencer_smem requirement 64B:
    reserved            64B
Program sparse_core_tile_smem requirement 0B:
Program hbm requirement 266.5K:
    HLO temp         176.0K (100.0% utilization: Unpadded (24.3K) Padded (24.3K), 86.2% fragmentation (151.7K))
    overlays          90.5K
Program vmem requirement 32.00M:
    HLO temp         32.00M (0.0% utilization: Unpadded (0B) Padded (0B), 100.0% fragmentation (32.00M))
Program smem requirement 36B:
    global               4B
    scoped              32B
Program host requirement 0B:
I0909 12:45:29.385231   19825 deepsea_compiler_backend.cc:2216] XLA::TPU program SMEM usage: 1.9K / 1.00M (1 parameters)
I0909 12:45:29.385320   19825 deepsea_compiler_backend.cc:1480] CODE_GENERATION stage duration: 8.67623075ms
I0909 12:45:29.385633   19825 isa_program_util_common.cc:373] (HLO module jit__lambda): Executable fingerprint:6a126cddbd2c7a63446e46d5dcaf750209d6c974ec79e4080fdc4ca9886f81e4
I0909 12:45:29.385637   19825 isa_program_util_common.cc:377] (HLO module jit__lambda): Executable fingerprint (including data segments):12c0715cab49b82f1e3ea1846957d5d3523547d5bf3cc57bcf82f0517b7a92e8
I0909 12:45:29.385638   19825 isa_program_util_common.cc:380] (HLO module jit__lambda): Host transfer fingerprint:2b9801a161c74c27631ae5e0b6d660abd73031d7eba34a0a6e10fff8dfd2f3ae
I0909 12:45:29.385790   18592 deepsea_compiler_base.cc:1055] END_TO_END stage duration: 46.09808125ms
I0909 12:45:29.385802   18592 deepsea_compiler_base.cc:1056] Note that END_TO_END duration also includes time outside of HLO_PASSES, BACKEND_PASSES, and CODE_GENERATION
I0909 12:45:29.386468   18592 megascale_context.cc:517] MegaScale DCNTopology fingerprint for: jit__lambda : 1688352644216761960 DevicesHash: 8081921339993277715 Topology: go/debugstr   
I0909 12:45:29.386796   18592 host_command_scheduler_factory.cc:1312] Created a HostCommandScheduler with 54 rules for module jit__lambda HostTransfers Fingerprint: 12151718319723310994.
I0909 12:45:29.386819   18592 megascale_context.cc:686] MegaScale ExecutableContext created for module: jit__lambda with DCN topology: go/debugstr    
I0909 12:45:29.409847   18592 deepsea_compiler_hlo_passes.cc:6623] XLA::TPU running hlo passes for 21 instructions, module: jit__lambda
I0909 12:45:29.409856   18592 deepsea_compiler_hlo_passes.cc:6668] Initial HLO module: jit__lambda instructions: 21 fingerprint: 
I0909 12:45:29.410080   18592 deepsea_compiler_hlo_passes.cc:6526] HLO optimizing module: jit__lambda instructions: 19
I0909 12:45:29.410085   18592 deepsea_compiler_hlo_passes.cc:6539] XLA::TPU HLO optimization
W0909 12:45:29.410885   19835 tpu_spmd_partitioner.cc:460] Collective matmul V1 is enabled. Please consider migrating to V2 since V1 will be deprecated soon. You can enable V2 by setting xla_tpu_all_gather_collective_matmul_mode=post_spmd and xla_tpu_reduce_scatter_collective_matmul_mode=post_spmd.
I0909 12:45:29.416828   18592 deepsea_compiler_hlo_passes.cc:6406] xla_tpu_impure_hlo_parallel_compile is DISABLED. jit__lambda
I0909 12:45:29.418915   18592 deepsea_compiler_hlo_passes.cc:5472] XLA::TPU HLO PostOptimizationPipeline
I0909 12:45:29.420452   18592 latency_hiding_scheduler.cc:4420] [latency-hiding-scheduler] LatencyHidingScheduler current memory usage: 41024 bytes. Current limit: 96637751091
I0909 12:45:29.421214   18592 tpu_plumb_vmem_info.cc:677] scavenging_mode: 3 for module: jit__lambda
I0909 12:45:29.421813   18592 deepsea_compiler_hlo_passes.cc:6735] HLO_PASSES stage duration: 11.95671325ms
I0909 12:45:29.422993   19553 tpu_chip_config.cc:367] Resolved chip config alias default->megachip for 6acc60406, 
I0909 12:45:29.423140   19553 tpu_chip_config.cc:367] Resolved chip config alias default->megachip for 6acc60406, 
I0909 12:45:29.423296   19553 memory_space_assignment_util.cc:577] MSA Vmem breakdown: default scoped vmem (from flag): 33554432; does_msa_directly_allocate_scoped_vmem: T; bytes_for_msa_to_allocate: 67043328
I0909 12:45:29.441125   19839 deepsea_compiler_base.cc:4279] BACKEND_PASSES stage duration: 18.64786025ms
I0909 12:45:29.443590   19839 deepsea_compiler_backend.cc:1784] final program bundle count: 788 note this count does not reflect cycles spent executing delays.
I0909 12:45:29.448694   19839 deepsea_compiler_backend.cc:1980] Program divided into 2 overlays without HLO functions (90.5K).
I0909 12:45:29.448756   19839 deepsea_compiler_backend.cc:2150] XLA::TPU module name: jit__lambda
I0909 12:45:29.448759   19839 deepsea_compiler_backend.cc:2152] XLA::TPU program HBM usage: 266.5K / 94.74G
I0909 12:45:29.448762   19839 deepsea_compiler_backend.cc:2159] Note that --xla_tpu_max_hbm_size_mib is not specified. This means that the compiler may use up all available HBM, possibly prioritizing other metrics (latency, compile-time, ..) over memory usage. To reduce memory usage, set --xla_tpu_max_hbm_size_mib to a smaller value.
I0909 12:45:29.448763   19839 deepsea_compiler_backend.cc:2193] XLA::TPU program VMEM usage: 32.00M / 64.00M
I0909 12:45:29.448769   19839 deepsea_compiler_backend.cc:2204] Total hbm usage >= 268.28M:
    reserved        268.00M 
    program          266.5K 
    arguments         16.0K 

Output size 512B; shares 0B with arguments.

Total host usage >= 0B:
    reserved             0B 
    program         unknown size 
    arguments            0B 

Output size 0B; shares 0B with arguments.

I0909 12:45:29.448780   19839 deepsea_compiler_backend.cc:2208] Program sflag requirement 228B:
    reserved           204B
    scoped              16B
    HLO temp             8B (100.0% utilization: Unpadded (8B) Padded (8B), 0.0% fragmentation (0B))
Program sparse_core_sequencer_sflag requirement 36B:
    reserved            36B
Program sparse_core_tile_sflag requirement 4B:
    reserved             4B
Program sparse_core_sequencer_smem requirement 64B:
    reserved            64B
Program sparse_core_tile_smem requirement 0B:
Program hbm requirement 266.5K:
    HLO temp         176.0K (100.0% utilization: Unpadded (24.3K) Padded (24.3K), 86.2% fragmentation (151.7K))
    overlays          90.5K
Program vmem requirement 32.00M:
    HLO temp         32.00M (0.0% utilization: Unpadded (0B) Padded (0B), 100.0% fragmentation (32.00M))
Program smem requirement 36B:
    global               4B
    scoped              32B
Program host requirement 0B:
I0909 12:45:29.448782   19839 deepsea_compiler_backend.cc:2216] XLA::TPU program SMEM usage: 1.9K / 1.00M (1 parameters)
I0909 12:45:29.448860   19839 deepsea_compiler_backend.cc:1480] CODE_GENERATION stage duration: 7.66457075ms
I0909 12:45:29.449119   19839 isa_program_util_common.cc:373] (HLO module jit__lambda): Executable fingerprint:6a126cddbd2c7a63446e46d5dcaf750209d6c974ec79e4080fdc4ca9886f81e4
I0909 12:45:29.449121   19839 isa_program_util_common.cc:377] (HLO module jit__lambda): Executable fingerprint (including data segments):12c0715cab49b82f1e3ea1846957d5d3523547d5bf3cc57bcf82f0517b7a92e8
I0909 12:45:29.449122   19839 isa_program_util_common.cc:380] (HLO module jit__lambda): Host transfer fingerprint:2b9801a161c74c27631ae5e0b6d660abd73031d7eba34a0a6e10fff8dfd2f3ae
I0909 12:45:29.449253   18592 deepsea_compiler_base.cc:1055] END_TO_END stage duration: 41.5486225ms
I0909 12:45:29.449265   18592 deepsea_compiler_base.cc:1056] Note that END_TO_END duration also includes time outside of HLO_PASSES, BACKEND_PASSES, and CODE_GENERATION
I0909 12:45:29.449805   18592 megascale_context.cc:517] MegaScale DCNTopology fingerprint for: jit__lambda : 1688352644216761960 DevicesHash: 8081921339993277715 Topology: go/debugstr   
I0909 12:45:29.450079   18592 host_command_scheduler_factory.cc:1312] Created a HostCommandScheduler with 54 rules for module jit__lambda HostTransfers Fingerprint: 12151718319723310994.
I0909 12:45:29.450099   18592 megascale_context.cc:686] MegaScale ExecutableContext created for module: jit__lambda with DCN topology: go/debugstr    
I0909 12:45:29.459523   18974 megascale_context.cc:439] Destroying MegaScale PjrtExecutableContext: jit__lambda
I0909 12:45:29.476982   18592 deepsea_compiler_hlo_passes.cc:6623] XLA::TPU running hlo passes for 19 instructions, module: jit__lambda
I0909 12:45:29.476994   18592 deepsea_compiler_hlo_passes.cc:6668] Initial HLO module: jit__lambda instructions: 19 fingerprint: 
I0909 12:45:29.477279   18592 deepsea_compiler_hlo_passes.cc:6526] HLO optimizing module: jit__lambda instructions: 17
I0909 12:45:29.477287   18592 deepsea_compiler_hlo_passes.cc:6539] XLA::TPU HLO optimization
W0909 12:45:29.478007   19844 tpu_spmd_partitioner.cc:460] Collective matmul V1 is enabled. Please consider migrating to V2 since V1 will be deprecated soon. You can enable V2 by setting xla_tpu_all_gather_collective_matmul_mode=post_spmd and xla_tpu_reduce_scatter_collective_matmul_mode=post_spmd.
I0909 12:45:29.484926   18592 deepsea_compiler_hlo_passes.cc:6406] xla_tpu_impure_hlo_parallel_compile is DISABLED. jit__lambda
I0909 12:45:29.486723   18592 deepsea_compiler_hlo_passes.cc:5472] XLA::TPU HLO PostOptimizationPipeline
I0909 12:45:29.487531   18592 latency_hiding_scheduler.cc:4420] [latency-hiding-scheduler] LatencyHidingScheduler current memory usage: 24640 bytes. Current limit: 96637894451
I0909 12:45:29.487955   18592 tpu_plumb_vmem_info.cc:677] scavenging_mode: 3 for module: jit__lambda
I0909 12:45:29.488411   18592 deepsea_compiler_hlo_passes.cc:6735] HLO_PASSES stage duration: 11.41752ms
I0909 12:45:29.489514   19553 tpu_chip_config.cc:367] Resolved chip config alias default->megachip for 6acc60406, 
I0909 12:45:29.489664   19553 tpu_chip_config.cc:367] Resolved chip config alias default->megachip for 6acc60406, 
I0909 12:45:29.489840   19553 memory_space_assignment_util.cc:577] MSA Vmem breakdown: default scoped vmem (from flag): 33554432; does_msa_directly_allocate_scoped_vmem: T; bytes_for_msa_to_allocate: 67043328
I0909 12:45:29.504679   19848 deepsea_compiler_base.cc:4279] BACKEND_PASSES stage duration: 15.6981225ms
I0909 12:45:29.506648   19848 deepsea_compiler_backend.cc:1784] final program bundle count: 626 note this count does not reflect cycles spent executing delays.
I0909 12:45:29.511798   19848 deepsea_compiler_backend.cc:1980] Program divided into 2 overlays without HLO functions (80.5K).
I0909 12:45:29.511853   19848 deepsea_compiler_backend.cc:2150] XLA::TPU module name: jit__lambda
I0909 12:45:29.511857   19848 deepsea_compiler_backend.cc:2152] XLA::TPU program HBM usage: 208.5K / 94.74G
I0909 12:45:29.511859   19848 deepsea_compiler_backend.cc:2159] Note that --xla_tpu_max_hbm_size_mib is not specified. This means that the compiler may use up all available HBM, possibly prioritizing other metrics (latency, compile-time, ..) over memory usage. To reduce memory usage, set --xla_tpu_max_hbm_size_mib to a smaller value.
I0909 12:45:29.511860   19848 deepsea_compiler_backend.cc:2193] XLA::TPU program VMEM usage: 32.00M / 64.00M
I0909 12:45:29.511866   19848 deepsea_compiler_backend.cc:2204] Total hbm usage >= 268.22M:
    reserved        268.00M 
    program          208.5K 
    arguments         16.0K 

Output size 512B; shares 0B with arguments.

Total host usage >= 0B:
    reserved             0B 
    program         unknown size 
    arguments            0B 

Output size 0B; shares 0B with arguments.

I0909 12:45:29.511876   19848 deepsea_compiler_backend.cc:2208] Program sflag requirement 224B:
    reserved           204B
    scoped              12B
    HLO temp             8B (100.0% utilization: Unpadded (8B) Padded (8B), 0.0% fragmentation (0B))
Program sparse_core_sequencer_sflag requirement 36B:
    reserved            36B
Program sparse_core_tile_sflag requirement 4B:
    reserved             4B
Program sparse_core_sequencer_smem requirement 64B:
    reserved            64B
Program sparse_core_tile_smem requirement 0B:
Program hbm requirement 208.5K:
    HLO temp         128.0K (49.1% utilization: Unpadded (8.2K) Padded (16.7K), 87.0% fragmentation (111.3K))
    overlays          80.5K
Program vmem requirement 32.00M:
    HLO temp         32.00M (0.0% utilization: Unpadded (0B) Padded (0B), 100.0% fragmentation (32.00M))
Program smem requirement 36B:
    global               4B
    scoped              32B
Program host requirement 0B:
I0909 12:45:29.511878   19848 deepsea_compiler_backend.cc:2216] XLA::TPU program SMEM usage: 1.9K / 1.00M (1 parameters)
I0909 12:45:29.511959   19848 deepsea_compiler_backend.cc:1480] CODE_GENERATION stage duration: 7.225086ms
I0909 12:45:29.512191   19848 isa_program_util_common.cc:373] (HLO module jit__lambda): Executable fingerprint:4a4bf7195f2e28a358732e4bad360b9ab79156518433b25ddb27df2e76864c13
I0909 12:45:29.512193   19848 isa_program_util_common.cc:377] (HLO module jit__lambda): Executable fingerprint (including data segments):41df051aa1d5cc95b6bd65dcd0fe59634f8d45c83e436d4b0b21da6da348f7ba
I0909 12:45:29.512194   19848 isa_program_util_common.cc:380] (HLO module jit__lambda): Host transfer fingerprint:5c8f40e7dcd653d84e947d890338940d2b2e1ffba06eadb57827e716f5782f97
I0909 12:45:29.512320   18592 deepsea_compiler_base.cc:1055] END_TO_END stage duration: 38.11717775ms
I0909 12:45:29.512337   18592 deepsea_compiler_base.cc:1056] Note that END_TO_END duration also includes time outside of HLO_PASSES, BACKEND_PASSES, and CODE_GENERATION
I0909 12:45:29.512852   18592 megascale_context.cc:517] MegaScale DCNTopology fingerprint for: jit__lambda : 1688352644216761960 DevicesHash: 8081921339993277715 Topology: go/debugstr   
I0909 12:45:29.513062   18592 host_command_scheduler_factory.cc:1312] Created a HostCommandScheduler with 36 rules for module jit__lambda HostTransfers Fingerprint: 8427318606672400244.
I0909 12:45:29.513079   18592 megascale_context.cc:686] MegaScale ExecutableContext created for module: jit__lambda with DCN topology: go/debugstr    
MANUAL_AR_VERIFY {"exchange_add": true, "psum": true, "psum_checksum": 3.0}
I0909 12:45:29.519427   19236 megascale_context.cc:439] Destroying MegaScale PjrtExecutableContext: jit__lambda
W0909 12:45:29.532953   19851 tpu_spmd_partitioner.cc:460] Collective matmul V1 is enabled. Please consider migrating to V2 since V1 will be deprecated soon. You can enable V2 by setting xla_tpu_all_gather_collective_matmul_mode=post_spmd and xla_tpu_reduce_scatter_collective_matmul_mode=post_spmd.
I0909 12:45:29.538264   18592 deepsea_compiler_hlo_passes.cc:6406] xla_tpu_impure_hlo_parallel_compile is DISABLED. jit__lambda
I0909 12:45:29.539719   18592 tpu_plumb_vmem_info.cc:677] scavenging_mode: 3 for module: jit__lambda
I0909 12:45:29.548878   18592 deepsea_compiler_hlo_passes.cc:6735] HLO_PASSES stage duration: 16.560256ms
I0909 12:45:29.549615   19553 tpu_chip_config.cc:367] Resolved chip config alias default->megachip for 6acc60406, 
I0909 12:45:29.549746   19553 tpu_chip_config.cc:367] Resolved chip config alias default->megachip for 6acc60406, 
I0909 12:45:29.549906   19553 memory_space_assignment_util.cc:577] MSA Vmem breakdown: default scoped vmem (from flag): 33554432; does_msa_directly_allocate_scoped_vmem: T; bytes_for_msa_to_allocate: 67043328
I0909 12:45:29.579395   19853 deepsea_compiler_base.cc:4279] BACKEND_PASSES stage duration: 30.12932425ms
I0909 12:45:29.585495   19853 deepsea_compiler_backend.cc:1480] CODE_GENERATION stage duration: 6.04860775ms
I0909 12:45:29.585728   19853 isa_program_util_common.cc:373] (HLO module jit__lambda): Executable fingerprint:bc586dffeac4e7ae318e7d154bf8e04f4304c94ca0093b387a7797ec3816d14b
I0909 12:45:29.585731   19853 isa_program_util_common.cc:377] (HLO module jit__lambda): Executable fingerprint (including data segments):a2faf2ce0762128844e7a122c148a8aece70b237d9b143ffa46b761ac2a0d991
I0909 12:45:29.585733   19853 isa_program_util_common.cc:380] (HLO module jit__lambda): Host transfer fingerprint:e3b0c44298fc1c149afbf4c8996fb92427ae41e4649b934ca495991b7852b855
I0909 12:45:29.585844   18592 deepsea_compiler_base.cc:1055] END_TO_END stage duration: 55.84706625ms
I0909 12:45:29.585856   18592 deepsea_compiler_base.cc:1056] Note that END_TO_END duration also includes time outside of HLO_PASSES, BACKEND_PASSES, and CODE_GENERATION
I0909 12:45:29.586252   18592 host_command_scheduler_factory.cc:1312] Created a HostCommandScheduler with 0 rules for module jit__lambda HostTransfers Fingerprint: 0.
I0909 12:45:29.586264   18592 megascale_context.cc:686] MegaScale ExecutableContext created for module: jit__lambda with DCN topology: go/debugstr    
I0909 12:45:29.590445   19272 megascale_context.cc:439] Destroying MegaScale PjrtExecutableContext: jit__lambda
W0909 12:45:29.604049   19860 tpu_spmd_partitioner.cc:460] Collective matmul V1 is enabled. Please consider migrating to V2 since V1 will be deprecated soon. You can enable V2 by setting xla_tpu_all_gather_collective_matmul_mode=post_spmd and xla_tpu_reduce_scatter_collective_matmul_mode=post_spmd.
I0909 12:45:29.609815   18592 deepsea_compiler_hlo_passes.cc:6406] xla_tpu_impure_hlo_parallel_compile is DISABLED. jit__identity_fn
I0909 12:45:29.613288   18592 latency_hiding_scheduler.cc:4420] [latency-hiding-scheduler] LatencyHidingScheduler current memory usage: 10816 bytes. Current limit: 96637838643
I0909 12:45:29.613871   18592 tpu_plumb_vmem_info.cc:677] scavenging_mode: 3 for module: jit__identity_fn
I0909 12:45:29.614366   18592 deepsea_compiler_hlo_passes.cc:6735] HLO_PASSES stage duration: 10.91929725ms
I0909 12:45:29.615399   19553 tpu_chip_config.cc:367] Resolved chip config alias default->megachip for 6acc60406, 
I0909 12:45:29.615543   19553 tpu_chip_config.cc:367] Resolved chip config alias default->megachip for 6acc60406, 
I0909 12:45:29.615716   19553 memory_space_assignment_util.cc:577] MSA Vmem breakdown: default scoped vmem (from flag): 33554432; does_msa_directly_allocate_scoped_vmem: T; bytes_for_msa_to_allocate: 67043328
I0909 12:45:29.642320   19862 deepsea_compiler_base.cc:4279] BACKEND_PASSES stage duration: 27.42563125ms
I0909 12:45:29.651235   19862 deepsea_compiler_backend.cc:1480] CODE_GENERATION stage duration: 8.823523ms
I0909 12:45:29.651623   19862 isa_program_util_common.cc:373] (HLO module jit__identity_fn): Executable fingerprint:fd3b0d6bd150f631ee1516bdd9fe68433befc25b43e5ac8c1bf0647642d4a029
I0909 12:45:29.651627   19862 isa_program_util_common.cc:377] (HLO module jit__identity_fn): Executable fingerprint (including data segments):b4793e425396e7ab5df0b40c15a832140ecb3328718901424ce0f42c7f63731d
I0909 12:45:29.651629   19862 isa_program_util_common.cc:380] (HLO module jit__identity_fn): Host transfer fingerprint:f21887b8cd1a7de9f1745e6458df4dba74bea513f1593c4409ce2cd383777ca8
I0909 12:45:29.651780   18592 deepsea_compiler_base.cc:1055] END_TO_END stage duration: 50.3523375ms
I0909 12:45:29.651794   18592 deepsea_compiler_base.cc:1056] Note that END_TO_END duration also includes time outside of HLO_PASSES, BACKEND_PASSES, and CODE_GENERATION
I0909 12:45:29.652370   18592 megascale_context.cc:517] MegaScale DCNTopology fingerprint for: jit__identity_fn : 1688352644216761960 DevicesHash: 11843567257950195766 Topology: go/debugstr   
I0909 12:45:29.652544   18592 host_command_scheduler_factory.cc:1312] Created a HostCommandScheduler with 18 rules for module jit__identity_fn HostTransfers Fingerprint: 14547820116035419324.
I0909 12:45:29.652557   18592 megascale_context.cc:686] MegaScale ExecutableContext created for module: jit__identity_fn with DCN topology: go/debugstr    
I0909 12:45:29.654113   18974 megascale_context.cc:439] Destroying MegaScale PjrtExecutableContext: jit__lambda
W0909 12:45:29.670397   19866 tpu_spmd_partitioner.cc:460] Collective matmul V1 is enabled. Please consider migrating to V2 since V1 will be deprecated soon. You can enable V2 by setting xla_tpu_all_gather_collective_matmul_mode=post_spmd and xla_tpu_reduce_scatter_collective_matmul_mode=post_spmd.
I0909 12:45:29.676167   18592 deepsea_compiler_hlo_passes.cc:6406] xla_tpu_impure_hlo_parallel_compile is DISABLED. jit_op
I0909 12:45:29.678891   18592 latency_hiding_scheduler.cc:4420] [latency-hiding-scheduler] LatencyHidingScheduler current memory usage: 1610620992 bytes. Current limit: 95564271411
I0909 12:45:29.679395   18592 tpu_plumb_vmem_info.cc:677] scavenging_mode: 3 for module: jit_op
I0909 12:45:29.712373   18592 deepsea_compiler_hlo_passes.cc:6735] HLO_PASSES stage duration: 42.70892275ms
I0909 12:45:29.713243   19553 tpu_chip_config.cc:367] Resolved chip config alias default->megachip for 6acc60406, 
I0909 12:45:29.713381   19553 tpu_chip_config.cc:367] Resolved chip config alias default->megachip for 6acc60406, 
I0909 12:45:29.713533   19553 memory_space_assignment_util.cc:577] MSA Vmem breakdown: default scoped vmem (from flag): 33554432; does_msa_directly_allocate_scoped_vmem: T; bytes_for_msa_to_allocate: 67043328
I0909 12:45:29.800751   19870 deepsea_compiler_base.cc:4279] BACKEND_PASSES stage duration: 87.90609825ms
I0909 12:45:29.808166   19870 deepsea_compiler_backend.cc:1480] CODE_GENERATION stage duration: 7.35484825ms
I0909 12:45:29.808533   19870 isa_program_util_common.cc:373] (HLO module jit_op): Executable fingerprint:0f2b665f05c3c4afe211f3c371efcab563df28a2ebf1e3fea485408c5722f8dc
I0909 12:45:29.808537   19870 isa_program_util_common.cc:377] (HLO module jit_op): Executable fingerprint (including data segments):86848f6f1a06a74bef5f269280dc370998aab50634976e92618a9f9f14091724
I0909 12:45:29.808538   19870 isa_program_util_common.cc:380] (HLO module jit_op): Host transfer fingerprint:294ab033fa7a89f4c4b5c51d8744fa6f4206e6d1d2d85c49c24e64e2b1444859
I0909 12:45:29.808665   18592 deepsea_compiler_base.cc:1055] END_TO_END stage duration: 141.1030675ms
I0909 12:45:29.808677   18592 deepsea_compiler_base.cc:1056] Note that END_TO_END duration also includes time outside of HLO_PASSES, BACKEND_PASSES, and CODE_GENERATION
I0909 12:45:29.809164   18592 megascale_context.cc:517] MegaScale DCNTopology fingerprint for: jit_op : 1688352644216761960 DevicesHash: 8081921339993277715 Topology: go/debugstr   
I0909 12:45:29.812200   18592 host_command_scheduler_factory.cc:1312] Created a HostCommandScheduler with 36 rules for module jit_op HostTransfers Fingerprint: 12634255100403355191.
I0909 12:45:29.812460   18592 megascale_context.cc:686] MegaScale ExecutableContext created for module: jit_op with DCN topology: go/debugstr    
I0909 12:45:29.824280   19484 generic-stream-socket.h:1667] Cannot process timestamp for type=1 seq=16827171 time=2026-09-09T12:45:29.824245903+00:00
W0909 12:45:29.831168   19350 grpc_transport.cc:1186] Too many pending sends: 128
I0909 12:45:30.012460   19305 topology_coordinator.cc:173] MegaScale Topology Discovery completed.
W0909 12:45:30.089356   19327 tpu_pjrt_client.cc:2333] PjRt execution dispatch was blocked for 259.675276ms because PjRt's max in-flight computation semaphore is full (limit: 32), which may negatively affect the performance
W0909 12:45:39.888673   19902 grpc_transport.cc:1186] Too many pending sends: 128
W0909 12:45:49.889037   19905 grpc_transport.cc:1186] Too many pending sends: 151
I0909 12:45:56.279237   20272 cachednslookup.cc:391] TTL not found in response, not caching response
W0909 12:46:00.038860   19914 grpc_transport.cc:1186] Too many pending sends: 128
W0909 12:46:10.050676   19334 grpc_transport.cc:1186] Too many pending sends: 128
W0909 12:46:20.115954   19925 grpc_transport.cc:1186] Too many pending sends: 128
W0909 12:46:30.161656   19947 grpc_transport.cc:1186] Too many pending sends: 128
I0909 12:46:30.572932   18592 megascale_context.cc:439] Destroying MegaScale PjrtExecutableContext: jit_op
MANUAL_AR_RESULT {"batch": 10, "benchmark": "manual_ar", "host_gbps_best": 327.56483158730725, "host_gbps_median": 320.47941280216713, "matrix_dim": 32768, "network_delta": {"cilium_host": {"rx_bytes": 0, "tx_bytes": 0}, "cilium_net": {"rx_bytes": 0, "tx_bytes": 0}, "docker0": {"rx_bytes": 0, "tx_bytes": 0}, "eth0": {"rx_bytes": 659937, "tx_bytes": 8214456}, "eth1": {"rx_bytes": 1212112865772, "tx_bytes": 1200781220329}, "eth2": {"rx_bytes": 1212352291795, "tx_bytes": 1211808384666}, "lo": {"rx_bytes": 6731227, "tx_bytes": 6731227}, "lxc7a46b7c617f2": {"rx_bytes": 2233201, "tx_bytes": 669904}, "lxc98965bb30804": {"rx_bytes": 20551, "tx_bytes": 111918}, "lxcc0f9da7fa3ad": {"rx_bytes": 32296, "tx_bytes": 8128}, "lxcee5710d8dac0": {"rx_bytes": 40775, "tx_bytes": 14043}, "lxceee434c5d682": {"rx_bytes": 492, "tx_bytes": 545}}, "participants_per_slice": 8, "reps": 8, "shard_bytes_per_device": 1073741824.0, "time_ms_all": [210.89851530268788, 217.1022568945773, 219.3829371011816, 217.59515680605546, 211.99670520145446, 213.74081389512867, 215.11342129670084, 209.78893369901925], "time_ms_best": 209.78893369901925, "time_ms_median": 214.42711759591475, "variant": "psum", "warmups": 200}
W0909 12:46:30.602594   20490 tpu_spmd_partitioner.cc:460] Collective matmul V1 is enabled. Please consider migrating to V2 since V1 will be deprecated soon. You can enable V2 by setting xla_tpu_all_gather_collective_matmul_mode=post_spmd and xla_tpu_reduce_scatter_collective_matmul_mode=post_spmd.
I0909 12:46:30.613599   18592 deepsea_compiler_hlo_passes.cc:6406] xla_tpu_impure_hlo_parallel_compile is DISABLED. jit_op
I0909 12:46:30.615817   18592 latency_hiding_scheduler.cc:4420] [latency-hiding-scheduler] LatencyHidingScheduler current memory usage: 1073750080 bytes. Current limit: 95564404531
I0909 12:46:30.616216   18592 tpu_plumb_vmem_info.cc:677] scavenging_mode: 3 for module: jit_op
I0909 12:46:30.637703   18592 deepsea_compiler_hlo_passes.cc:6735] HLO_PASSES stage duration: 35.96082975ms
I0909 12:46:30.638817   19305 tpu_chip_config.cc:367] Resolved chip config alias default->megachip for 6acc60406, 
I0909 12:46:30.639038   19305 tpu_chip_config.cc:367] Resolved chip config alias default->megachip for 6acc60406, 
I0909 12:46:30.639254   19305 memory_space_assignment_util.cc:577] MSA Vmem breakdown: default scoped vmem (from flag): 33554432; does_msa_directly_allocate_scoped_vmem: T; bytes_for_msa_to_allocate: 67043328
I0909 12:46:30.753107   20494 deepsea_compiler_base.cc:4279] BACKEND_PASSES stage duration: 114.8503885ms
I0909 12:46:30.760655   20494 deepsea_compiler_backend.cc:1480] CODE_GENERATION stage duration: 7.4688965ms
I0909 12:46:30.761038   20494 isa_program_util_common.cc:373] (HLO module jit_op): Executable fingerprint:33a5a6d6f7cea468562f68254b4eb2b89053eb34e2e10125a401ef1c264018f8
I0909 12:46:30.761041   20494 isa_program_util_common.cc:377] (HLO module jit_op): Executable fingerprint (including data segments):63de7ca22133830a9ecf7d1576f6e0dc97cbc6a522ec2bae425e60708fe1b2d0
I0909 12:46:30.761043   20494 isa_program_util_common.cc:380] (HLO module jit_op): Host transfer fingerprint:c37db3d47c19d90e6b870bb79741e56a58ee0112318c32550eac3926e65c0ec8
I0909 12:46:30.761356   18592 deepsea_compiler_base.cc:1055] END_TO_END stage duration: 162.8274295ms
I0909 12:46:30.761372   18592 deepsea_compiler_base.cc:1056] Note that END_TO_END duration also includes time outside of HLO_PASSES, BACKEND_PASSES, and CODE_GENERATION
I0909 12:46:30.761981   18592 megascale_context.cc:517] MegaScale DCNTopology fingerprint for: jit_op : 1688352644216761960 DevicesHash: 8081921339993277715 Topology: go/debugstr   
I0909 12:46:30.763514   18592 host_command_scheduler_factory.cc:1312] Created a HostCommandScheduler with 18 rules for module jit_op HostTransfers Fingerprint: 158907515329715665.
I0909 12:46:30.763691   18592 megascale_context.cc:686] MegaScale ExecutableContext created for module: jit_op with DCN topology: go/debugstr    
W0909 12:46:30.930796   19324 tpu_pjrt_client.cc:2333] PjRt execution dispatch was blocked for 151.382632ms because PjRt's max in-flight computation semaphore is full (limit: 32), which may negatively affect the performance
W0909 12:46:40.243886   19334 grpc_transport.cc:1186] Too many pending sends: 128
W0909 12:46:50.250812   20570 grpc_transport.cc:1186] Too many pending sends: 128
W0909 12:47:00.486568   20051 grpc_transport.cc:1186] Too many pending sends: 128
W0909 12:47:10.613587   20696 grpc_transport.cc:1186] Too many pending sends: 128
W0909 12:47:20.756983   19996 grpc_transport.cc:1186] Too many pending sends: 128
W0909 12:47:30.898748   20696 grpc_transport.cc:1186] Too many pending sends: 128
I0909 12:47:31.324916   18592 megascale_context.cc:439] Destroying MegaScale PjrtExecutableContext: jit_op
MANUAL_AR_RESULT {"batch": 10, "benchmark": "manual_ar", "host_gbps_best": 323.82690482399346, "host_gbps_median": 317.63757747848604, "matrix_dim": 32768, "network_delta": {"cilium_host": {"rx_bytes": 0, "tx_bytes": 0}, "cilium_net": {"rx_bytes": 0, "tx_bytes": 0}, "docker0": {"rx_bytes": 0, "tx_bytes": 0}, "eth0": {"rx_bytes": 988206, "tx_bytes": 9160493}, "eth1": {"rx_bytes": 1212384520363, "tx_bytes": 1206324126256}, "eth2": {"rx_bytes": 1212390704330, "tx_bytes": 1206269647288}, "lo": {"rx_bytes": 5600260, "tx_bytes": 5600260}, "lxc7a46b7c617f2": {"rx_bytes": 2236117, "tx_bytes": 713706}, "lxc98965bb30804": {"rx_bytes": 18869, "tx_bytes": 110988}, "lxcc0f9da7fa3ad": {"rx_bytes": 27869, "tx_bytes": 4401}, "lxcee5710d8dac0": {"rx_bytes": 35041, "tx_bytes": 6520}, "lxceee434c5d682": {"rx_bytes": 1401, "tx_bytes": 21653}}, "participants_per_slice": 8, "reps": 8, "shard_bytes_per_device": 1073741824.0, "time_ms_all": [216.4256037096493, 217.4125252990052, 216.2654984043911, 217.7599089918658, 212.24980580154806, 226.58961289562285, 212.2105226968415, 213.39800169225782], "time_ms_best": 212.2105226968415, "time_ms_median": 216.3455510570202, "variant": "exchange_add", "warmups": 200}
MANUAL_AR_SUMMARY {"exchange_add@32768": 323.8, "psum@32768": 327.6}
I0909 12:47:31.331002   18592 megascale_context.cc:439] Destroying MegaScale PjrtExecutableContext: jit__identity_fn
W0909 12:47:31.334863   19555 pjrt_client.h:601] UpdateGlobalProcessInfo is not supported.
I0909 12:47:31.356406   18592 allocator_stats_reporter.cc:147] Stopping AllocatorStatsReporter. Reporting one last time first.
I0909 12:47:31.356582   19314 tpu_diagnostic_coordinator.cc:565] TpuStallWorker thread exiting.
I0909 12:47:31.547356   18592 tpunetd_client.cc:431] Session master stopping the session...
I0909 12:47:31.547488   19553 session_worker_service.cc:115] Session master notifies the worker to disconnect from session 1d4bfa409200afff
I0909 12:47:31.547558   18592 tpunetd_client.cc:433] Session master stopped the session.
I0909 12:47:31.547570   18592 tpunetd_client.cc:438] Session manager stopping the session...
I0909 12:47:31.652149   18592 tpunetd_client.cc:440] Session manager stopped the session.
I0909 12:47:36.888098   20468 async_driver.cc:1178] [/dev/vfio/6 tpu662:pe0:2] vf_id:0 Driver closed.
I0909 12:47:36.917756   19857 async_driver.cc:1178] [/dev/vfio/4 tpu662:pe0:0] vf_id:0 Driver closed.
I0909 12:47:38.083797   20474 async_driver.cc:1178] [/dev/vfio/1 tpu662:pe0:3] vf_id:0 Driver closed.
I0909 12:47:38.084227   20416 async_driver.cc:1178] [/dev/vfio/5 tpu662:pe0:1] vf_id:0 Driver closed.
I0909 12:47:38.087264   20474 megascale_context.cc:439] Destroying MegaScale PjrtExecutableContext: jit__identity_fn
I0909 12:47:38.087379   20474 megascale_context.cc:1131] Destroying MegaScale PjrtClientContext.
MC_CONFIG_END name=both16 pass=2
MC_CONFIG_BEGIN name=base pass=3 port=1309 flags=--xla_tpu_use_megascale_host_reduction=false
ERROR: Accessing retired flag 'eventmanager2_as_default_eventmanager'
I0909 12:47:47.932417   20788 b295d63588a.cc:792] Linux version 6.12.94+ (builder@b181c7a13d4c) (Chromium OS 17.0_pre498229-r33 clang version 17.0.0 (/mnt/host/source/src/third_party/llvm-project 14f0776550b5a49e1c42f49a00213f7f3fa047bf), LLD 17.0.0) #1 SMP Mon Jul 27 22:05:55 UTC 2026
I0909 12:47:47.932749   20788 b295d63588a.cc:876] Process id 20788
I0909 12:47:47.932765   20788 b295d63588a.cc:882] Current working directory /jax-ai-image
I0909 12:47:47.932770   20788 b295d63588a.cc:885] Current timezone is UTC (currently UTC +00:00)
I0909 12:47:47.932773   20788 b295d63588a.cc:890] Built on Dec 31 1969 16:00:00 (0)
I0909 12:47:47.932775   20788 b295d63588a.cc:891]  at redacted@redacted:.
I0909 12:47:47.932776   20788 b295d63588a.cc:892]  as //learning/45eac/tfrc/executor:_libtpu.so.native
I0909 12:47:47.932778   20788 b295d63588a.cc:893]  for gcc-4.X.Y-crosstool-v18-llvm-grtev4-k8.k8
I0909 12:47:47.932780   20788 b295d63588a.cc:902] Build tool: redacted
I0909 12:47:47.932781   20788 b295d63588a.cc:903] Build target: 
I0909 12:47:47.932787   20788 b295d63588a.cc:911] Command line arguments:
I0909 12:47:47.932788   20788 b295d63588a.cc:913] argv[0]: './tpu_driver'
I0909 12:47:47.932791   20788 b295d63588a.cc:913] argv[1]: '--minloglevel=0'
I0909 12:47:47.932793   20788 b295d63588a.cc:913] argv[2]: '--stderrthreshold=0'
I0909 12:47:47.932795   20788 b295d63588a.cc:913] argv[3]: '--v=0'
I0909 12:47:47.932797   20788 b295d63588a.cc:913] argv[4]: '--vmodule='
I0909 12:47:47.932798   20788 b295d63588a.cc:913] argv[5]: '--log_dir=/tmp/tpu_logs/benchmark'
I0909 12:47:47.932800   20788 b295d63588a.cc:913] argv[6]: '--max_log_size=1024'
I0909 12:47:47.932802   20788 b295d63588a.cc:913] argv[7]: '--deepsea_hal_included_devs=3,0,1,2'
I0909 12:47:47.932803   20788 b295d63588a.cc:913] argv[8]: '--megascale_transport_numa_node=0,1'
I0909 12:47:47.932805   20788 b295d63588a.cc:913] argv[9]: '--next_pluggable_device_use_c_api=0'
I0909 12:47:47.932806   20788 b295d63588a.cc:913] argv[10]: '--deepsea_wrap=false,false,false'
I0909 12:47:47.932808   20788 b295d63588a.cc:913] argv[11]: '--deepsea_twist=false'
I0909 12:47:47.932809   20788 b295d63588a.cc:913] argv[12]: '--deepsea_chip_config_name=default'
I0909 12:47:47.932811   20788 b295d63588a.cc:913] argv[13]: '--deepsea_chips_per_host_bounds=2,2,1'
I0909 12:47:47.932812   20788 b295d63588a.cc:913] argv[14]: '--deepsea_host_bounds=1,1,1'
I0909 12:47:47.932814   20788 b295d63588a.cc:913] argv[15]: '--deepsea_slice_builder_worker_port=8471'
I0909 12:47:47.932815   20788 b295d63588a.cc:913] argv[16]: '--deepsea_slice_builder_worker_addresses=dcn-mc3-slice-0-0.dcn-mc3:8471'
I0909 12:47:47.932817   20788 b295d63588a.cc:913] argv[17]: '--tpu_slice_builder_dump_chip=false'
I0909 12:47:47.932818   20788 b295d63588a.cc:913] argv[18]: '--tpu_slice_builder_dump_chip_force=false'
I0909 12:47:47.932820   20788 b295d63588a.cc:913] argv[19]: '--tpu_slice_builder_dump_to_localhost=1'
I0909 12:47:47.932821   20788 b295d63588a.cc:913] argv[20]: '--vbar_control_service_url=unix:///var/run/tpu-plugin/vbar.sock'
I0909 12:47:47.932822   20788 b295d63588a.cc:913] argv[21]: '--bypass_vbar_control_service=0'
I0909 12:47:47.932824   20788 b295d63588a.cc:913] argv[22]: '--deepsea_ici_resilient=false'
I0909 12:47:47.932825   20788 b295d63588a.cc:913] argv[23]: '--xla_tpu_use_resilient_collective_emitter=false'
I0909 12:47:47.932827   20788 b295d63588a.cc:913] argv[24]: '--tpu_slice_builder_topology_discovery_fault_injection='
I0909 12:47:47.932828   20788 b295d63588a.cc:913] argv[25]: '--runtime_metric_service_port=8431'
I0909 12:47:47.932830   20788 b295d63588a.cc:913] argv[26]: '--tpu_hbm_report_enable=1'
I0909 12:47:47.932831   20788 b295d63588a.cc:913] argv[27]: '--tpu_hbm_report_frequency=5s'
I0909 12:47:47.932833   20788 b295d63588a.cc:913] argv[28]: '--megascale_coordinator_address=dcn-mc3-slice-0-0.dcn-mc3:8081'
I0909 12:47:47.932834   20788 b295d63588a.cc:913] argv[29]: '--megascale_slice_id=0'
I0909 12:47:47.932836   20788 b295d63588a.cc:913] argv[30]: '--megascale_num_slices=2'
I0909 12:47:47.932837   20788 b295d63588a.cc:913] argv[31]: '--megascale_transport_type=grpc'
I0909 12:47:47.932838   20788 b295d63588a.cc:913] argv[32]: '--megascale_port=8081'
I0909 12:47:47.932840   20788 b295d63588a.cc:913] argv[33]: '--megascale_use_insecure_grpc'
I0909 12:47:47.932842   20788 b295d63588a.cc:913] argv[34]: '--megascale_grpc_use_chaotic_good=true'
I0909 12:47:47.932847   20788 b295d63588a.cc:913] argv[35]: '--megascale_grpc_use_event_engine_allocator=true'
I0909 12:47:47.932849   20788 b295d63588a.cc:913] argv[36]: '--grpc_enable_tcp_recv_zerocopy=false'
I0909 12:47:47.932850   20788 b295d63588a.cc:913] argv[37]: '--grpc_enable_rpc_receive_coalescing=true'
I0909 12:47:47.932852   20788 b295d63588a.cc:913] argv[38]: '--megascale_grpc_enable_numa_aware_transmit=true'
I0909 12:47:47.932853   20788 b295d63588a.cc:913] argv[39]: '--megascale_grpc_use_numa_aware_event_engine=true'
I0909 12:47:47.932855   20788 b295d63588a.cc:913] argv[40]: '--megascale_debug_port=8081'
I0909 12:47:47.932856   20788 b295d63588a.cc:913] argv[41]: '--eventmanager2_as_default_eventmanager'
I0909 12:47:47.932857   20788 b295d63588a.cc:913] argv[42]: '--eventmanager2_default_autosizer=mean_latency'
I0909 12:47:47.932859   20788 b295d63588a.cc:913] argv[43]: '--megascale_grpc_enable_xor_tracer=true'
I0909 12:47:47.932860   20788 b295d63588a.cc:913] argv[44]: '--xor_trace_sampling_period=100'
I0909 12:47:47.932862   20788 b295d63588a.cc:913] argv[45]: '--rpc_transport_metrics_period=20'
I0909 12:47:47.932864   20788 b295d63588a.cc:913] argv[46]: '--grpc_experiments=event_engine_client,chaotic_good_framing_layer,tcp_rcv_lowat,instrument_tcp_telemetry,event_engine_listener,use_call_event_engine_in_completion_queue'
I0909 12:47:47.932865   20788 b295d63588a.cc:913] argv[47]: '--enable_runtime_uptime_telemetry=true'
I0909 12:47:47.932867   20788 b295d63588a.cc:913] argv[48]: '--xla_tpu_use_megascale_host_reduction=false'
I0909 12:47:47.932868   20788 b295d63588a.cc:913] argv[49]: '--xla_tpu_use_enhanced_launch_barrier=true'
I0909 12:47:47.932870   20788 b295d63588a.cc:913] argv[50]: '--xla_tpu_prefer_async_allgather_to_allreduce=true'
I0909 12:47:47.932871   20788 b295d63588a.cc:913] argv[51]: '--xla_tpu_data_parallel_opt_different_sized_ops=true'
I0909 12:47:47.932872   20788 b295d63588a.cc:913] argv[52]: '--xla_tpu_enable_data_parallel_all_reduce_opt=true'
I0909 12:47:47.932874   20788 b295d63588a.cc:913] argv[53]: '--megascale_coordinator_address=dcn-mc3-slice-0-0.dcn-mc3:8081'
I0909 12:47:47.932875   20788 b295d63588a.cc:913] argv[54]: '--megascale_slice_id=0'
I0909 12:47:47.932877   20788 b295d63588a.cc:913] argv[55]: '--megascale_num_slices=2'
I0909 12:47:47.932879   20788 b295d63588a.cc:913] argv[56]: '--megascale_transport_type=grpc'
I0909 12:47:47.932880   20788 b295d63588a.cc:913] argv[57]: '--megascale_port=8081'
I0909 12:47:47.932882   20788 b295d63588a.cc:913] argv[58]: '--megascale_use_insecure_grpc'
I0909 12:47:47.932883   20788 b295d63588a.cc:913] argv[59]: '--megascale_grpc_interface_prefixes=eth1,eth2,lo'
I0909 12:47:47.933076   20788 init.cc:78] Remote crash gathering hook installed.
I0909 12:47:47.969594   20788 tpu_runtime_type_flags.cc:78] --tpu_use_tfrt not specified. Using default value: true
I0909 12:47:47.969694   20788 host_command_handler_factory.cc:31] Skipping registration of host command handler for opcode Log because it is not in the allowlist.
I0909 12:47:47.969714   20788 tpu_hal.cc:467] Registered plugin from module: megascale_sync_flag_logger
I0909 12:47:47.971787   20788 tpu_hal.cc:467] Registered plugin from module: RuntimeMetricHelper
E0909 12:47:47.971811   20788 autosizer.cc:43] mean_latency is deprecated. Please remove this setting.
I0909 12:47:47.974120   20788 logger.cc:308] Enabling threaded logging for severity WARNING
I0909 12:47:47.974149   20788 tpu_hal.cc:467] Registered plugin from module: sdc_checker_callback
I0909 12:47:47.974833   20788 mlock.cc:220] mlock()-ed 4096 bytes for BuildID, using 1 syscalls.
I0909 12:47:47.974885   20788 debug_manager.cc:266] Registering error handler with name: libtpu_telemetry_handler
I0909 12:47:47.989300   20788 singleton_tpu_states_manager.cc:86] TPU premapped buffer enabled. Size: 4294967296 Threshold: 4294967296 Partitions: 1
I0909 12:47:47.989317   20788 singleton_tpu_states_manager.cc:110] TpuStatesManager::GetOrCreate(): no tpu system exists. Creating a new tpu system.
I0909 12:47:47.996114   20788 device_util.cc:89] Found 4 TPU7x chips.
I0909 12:47:47.996135   20788 tpu_version_flag.cc:77] Using auto-detected TPU version TPU7x
I0909 12:47:48.012005   20788 tpu_chip_config.cc:367] Resolved chip config alias default->megachip for 6acc60406, 
I0909 12:47:48.012295   20788 pending_event_logger.cc:1003] Enabling PjRt/TPU event dependency logging.
I0909 12:47:48.018012   21163 flags_util.cc:316] Using 8471 from --deepsea_slice_builder_worker_port as SliceBuilder worker service port.
I0909 12:47:48.022786   21163 tpu_network_factory.cc:67] Running in Cloud, using TpunetdClient
I0909 12:47:48.022804   21163 tpunetd_client.cc:163] Creating TpunetdClient with topology go/debugonly    
x_dimension: 2
y_dimension: 2
z_dimension: 1
x_wrapping: false
y_wrapping: false
z_wrapping: false
I0909 12:47:48.029787   21163 init-domain.cc:132] Fiber init: default domain = futex, concurrency = 246, prefix = futex-default
I0909 12:47:49.938200   21166 async_driver.cc:485] [/dev/vfio/4 tpu662:pe0:0] vf_id:0 Driver opened.
I0909 12:47:49.981265   21169 async_driver.cc:485] [/dev/vfio/1 tpu662:pe0:3] vf_id:0 Driver opened.
I0909 12:47:50.001119   21168 async_driver.cc:485] [/dev/vfio/6 tpu662:pe0:2] vf_id:0 Driver opened.
I0909 12:47:50.001258   21165 futex.cc:71] RAW: Futex::Swap(): using GFUTEX_SWAP
I0909 12:47:50.001985   21167 async_driver.cc:485] [/dev/vfio/5 tpu662:pe0:1] vf_id:0 Driver opened.
I0909 12:47:50.020061   21166 tpu_vxc_driver.cc:967] Throttled firmware queue size configured to 223(Firmware queue size: 256, leaving 32 for misc purposes).
I0909 12:47:50.056432   21169 tpu_vxc_driver.cc:967] Throttled firmware queue size configured to 223(Firmware queue size: 256, leaving 32 for misc purposes).
I0909 12:47:50.065910   21168 tpu_vxc_driver.cc:967] Throttled firmware queue size configured to 223(Firmware queue size: 256, leaving 32 for misc purposes).
I0909 12:47:50.074185   21167 tpu_vxc_driver.cc:967] Throttled firmware queue size configured to 223(Firmware queue size: 256, leaving 32 for misc purposes).
I0909 12:47:50.075871   21166 async_driver.cc:1843] All cores supported.
I0909 12:47:50.105828   21169 async_driver.cc:1843] All cores supported.
I0909 12:47:50.107036   21168 async_driver.cc:1843] All cores supported.
I0909 12:47:50.107178   21167 async_driver.cc:1843] All cores supported.
I0909 12:47:50.107234   21163 tpunetd_client.cc:338] Connecting to vbar control service at unix:///var/run/tpu-plugin/vbar.sock
I0909 12:47:50.107316   21163 config.cc:265] gRPC experiments: instrument_tcp_telemetry:on, tcp_rcv_lowat:on, use_call_event_engine_in_completion_queue:on; default-enabled: buffer_list_deletion_prep, cache_loas_context_in_connection_context, call_tracer_send_initial_metadata_is_an_annotation, callv3_batch_validation, callv3_ef5bb7_client, callv3_ef5bb7_server, chaotic_good_framing_layer, chaotic_good_send_supported_features, custom_frame_check, directpath_rpc_header_sanitization_filter, ef5bb7_global_family_cache, event_engine_callback_cq, event_engine_client, event_engine_listener, header_data_frame, inproc_cancel_stream, message_size_refactoring, monitoring_experiment, optimization_01, optimization_02, optimization_03, optimization_04, ph2_perf_01, promise_batch_cleanup_on_cancel, promise_filter_send_cancel_metadata, psp_tsi_handshaker_shutdown, skip_clear_peer_on_cancellation, tsi_frame_protector_without_locks, v2_non_owning_waker_implementation, verbose_channelz_connection_logging, wildcard_ip_expansion_restriction, xds_server_filter_chain_per_route
I0909 12:47:50.112864   21163 tpunetd_client.cc:289] Session manager starting a new session...
I0909 12:47:50.217520   21163 vbar_control.cc:201] TPU backend connection test passed! 
I0909 12:47:50.422987   21163 tpunetd_client.cc:291] Session manager started the new session.
I0909 12:47:50.422999   21163 tpunetd_client.cc:295] Session master starting a new session...
I0909 12:47:50.423002   21163 session_master.cc:263] Starting a new ICI network session...
I0909 12:47:50.423394   21165 session_worker_service.cc:110] Session master notifies the worker in a new session: 5e11c51762b4a8bf
I0909 12:47:50.527765   21163 session_master.cc:307] Successfully started ICI network session with session id: 5e11c51762b4a8bf
I0909 12:47:50.527813   21163 tpunetd_client.cc:297] Session master started the new session.
I0909 12:47:50.532511   21163 tpu_hal.cc:209] Starting premapped memory manager initialization...
W0909 12:47:50.535589   21166 libtpu_telemetry_utils.cc:44] Metric already exists: hlo.execution.timing.distribution.microseconds
W0909 12:47:50.535612   21166 libtpu_telemetry_utils.cc:44] Metric already exists: hlo.queue.size.gauge
W0909 12:47:50.535694   21168 libtpu_telemetry_utils.cc:44] Metric already exists: hlo.execution.timing.distribution.microseconds
W0909 12:47:50.535715   21168 libtpu_telemetry_utils.cc:44] Metric already exists: hlo.queue.size.gauge
W0909 12:47:50.535874   21167 libtpu_telemetry_utils.cc:44] Metric already exists: hlo.execution.timing.distribution.microseconds
W0909 12:47:50.535899   21167 libtpu_telemetry_utils.cc:44] Metric already exists: hlo.queue.size.gauge
W0909 12:47:50.536984   21169 libtpu_telemetry_utils.cc:44] Metric already exists: hlo.execution.timing.distribution.microseconds
W0909 12:47:50.537001   21169 libtpu_telemetry_utils.cc:44] Metric already exists: hlo.queue.size.gauge
W0909 12:47:50.537074   21166 libtpu_telemetry_utils.cc:44] Metric already exists: hlo.execution.timing.distribution.microseconds
W0909 12:47:50.537096   21166 libtpu_telemetry_utils.cc:44] Metric already exists: hlo.queue.size.gauge
W0909 12:47:50.537131   21168 libtpu_telemetry_utils.cc:44] Metric already exists: hlo.execution.timing.distribution.microseconds
W0909 12:47:50.537143   21168 libtpu_telemetry_utils.cc:44] Metric already exists: hlo.queue.size.gauge
W0909 12:47:50.537311   21167 libtpu_telemetry_utils.cc:44] Metric already exists: hlo.execution.timing.distribution.microseconds
W0909 12:47:50.537323   21167 libtpu_telemetry_utils.cc:44] Metric already exists: hlo.queue.size.gauge
I0909 12:47:53.183906   21163 runtime_metric_service.cc:197] Successfully started Runtime Metric Service on port: 8431
I0909 12:47:53.184074   21163 system.cc:1112] tpu::System initialized, current host id: 0, logical device ids: 0,1,2,3,4,5,6,7
I0909 12:47:53.184109   20788 tpu_system_state.cc:224] CreateTpuSystemState: TPU initialization is successful and it took 5.171804011s
I0909 12:47:53.184127   20788 tpu_system_state.cc:228] CreateTpuSystemState: using TPU host premapped buffer of size: 4294967296
I0909 12:47:53.184142   20788 tpu_host_allocator.cc:68] Premapped buffer is using alignment 64
I0909 12:47:53.184624   20788 tpu_linearizer.cc:104] Inflight linearization byte limit configured to : 1099511627776
I0909 12:47:53.184631   20788 tpu_linearizer.cc:118] Inflight delinearization byte limit configured to : 1099511627776
I0909 12:47:53.185019   20788 allocator_stats_reporter.cc:117] Starting AllocatorStats Reporter with reporting interval: 5s
I0909 12:47:53.185043   20788 megascale_context.cc:969] Using shared executor for compute since we are running on 6acc60406.
W0909 12:47:53.185050   20788 impairments_service.cc:60] Resetting impairments.
I0909 12:47:53.185068   20788 numa_utils.cc:43] Available NUMA node in this process: 0,1
I0909 12:47:53.185092   21511 tpu_diagnostic_coordinator.cc:610] TpuDiagnosticCoordinator listening on socket /tmp/tpu_diag_trigger_20788.socket (symlinked at /tmp/tpu_diag_latest.socket)
E0909 12:47:53.185219   20788 autosizer.cc:43] mean_latency is deprecated. Please remove this setting.
E0909 12:47:53.187804   20788 autosizer.cc:43] mean_latency is deprecated. Please remove this setting.
I0909 12:47:53.190346   20788 flags.cc:231] The actual send_rpc_timeout is set to: 45s. Adjusted from the original send_rpc_timeout: 45s, graph_hang_threshold: 5m, graph_within_launch_hang_threshold: 1m
I0909 12:47:53.190360   20788 numa_aware_allocator.cc:60] Creating numa aware allocators, number of NUMA nodes is 2
I0909 12:47:53.190365   20788 numa_aware_allocator.cc:63] Creating numa aware allocator for NUMA nodes 0
I0909 12:47:53.190386   20788 communication_backend.cc:300] Done allocating premapped memory of size 17179869184 bytes in 20.184us
I0909 12:47:53.190391   20788 numa_aware_allocator.cc:76] Binding memory address 0x7e90cbfff000 with NUMA node mask 1
I0909 12:48:05.479746   20788 communication_backend.cc:310] Done premapping memory of size 17179869184 bytes in 12.288395487s
I0909 12:48:05.479782   20788 numa_aware_allocator.cc:63] Creating numa aware allocator for NUMA nodes 1
I0909 12:48:05.479807   20788 communication_backend.cc:300] Done allocating premapped memory of size 17179869184 bytes in 20.947us
I0909 12:48:05.479811   20788 numa_aware_allocator.cc:76] Binding memory address 0x7e8ccbffd000 with NUMA node mask 2
I0909 12:48:18.292550   20788 communication_backend.cc:310] Done premapping memory of size 17179869184 bytes in 12.811767566s
I0909 12:48:18.292589   20788 communication_backend.cc:375] Preallocated 17179869184 bytes with Megascale allocator.
I0909 12:48:18.292613   20788 eigen_compute_engine.cc:333] Creating EigenComputeEngine with options: { executor = 0x57ad897275b0,  force_use_shared_executor = true,  num_cores_per_device = 16 }
I0909 12:48:18.292685   20886 communication_backend.cc:1179] Initializing MegaScale transport.
E0909 12:48:18.292728   20886 autosizer.cc:43] mean_latency is deprecated. Please remove this setting.
E0909 12:48:18.292986   20788 autosizer.cc:43] mean_latency is deprecated. Please remove this setting.
E0909 12:48:18.296343   20788 autosizer.cc:43] mean_latency is deprecated. Please remove this setting.
E0909 12:48:18.296462   20886 autosizer.cc:43] mean_latency is deprecated. Please remove this setting.
E0909 12:48:18.299050   20788 autosizer.cc:43] mean_latency is deprecated. Please remove this setting.
E0909 12:48:18.318112   20886 autosizer.cc:43] mean_latency is deprecated. Please remove this setting.
E0909 12:48:18.318182   20788 autosizer.cc:43] mean_latency is deprecated. Please remove this setting.
E0909 12:48:18.322881   20788 autosizer.cc:43] mean_latency is deprecated. Please remove this setting.
I0909 12:48:18.323064   20886 grpc_transport.cc:2407] Create GrpcTransport with LIBTPU_ON_GCE.
I0909 12:48:18.323112   20886 transport.cc:862] Using IP addresses for interface discovery.
I0909 12:48:18.323116   20886 transport.cc:757] Could not read interface to NUMA node map from env variables, falling back to reading from file system.
I0909 12:48:18.323235   20886 transport.cc:723] Could not read filename /sys/class/net/cilium_host/device/numa_node with status Stat failed for /sys/class/net/cilium_host/device/numa_node: No such file or directory
I0909 12:48:18.323244   20886 transport.cc:723] Could not read filename /sys/class/net/cilium_net/device/numa_node with status Stat failed for /sys/class/net/cilium_net/device/numa_node: No such file or directory
I0909 12:48:18.323250   20886 transport.cc:723] Could not read filename /sys/class/net/docker0/device/numa_node with status Stat failed for /sys/class/net/docker0/device/numa_node: No such file or directory
I0909 12:48:18.323830   20886 transport.cc:723] Could not read filename /sys/class/net/lo/device/numa_node with status Stat failed for /sys/class/net/lo/device/numa_node: No such file or directory
I0909 12:48:18.323839   20886 transport.cc:723] Could not read filename /sys/class/net/lxc7a46b7c617f2/device/numa_node with status Stat failed for /sys/class/net/lxc7a46b7c617f2/device/numa_node: No such file or directory
I0909 12:48:18.323845   20886 transport.cc:723] Could not read filename /sys/class/net/lxc98965bb30804/device/numa_node with status Stat failed for /sys/class/net/lxc98965bb30804/device/numa_node: No such file or directory
I0909 12:48:18.323850   20886 transport.cc:723] Could not read filename /sys/class/net/lxcc0f9da7fa3ad/device/numa_node with status Stat failed for /sys/class/net/lxcc0f9da7fa3ad/device/numa_node: No such file or directory
I0909 12:48:18.323856   20886 transport.cc:723] Could not read filename /sys/class/net/lxcee5710d8dac0/device/numa_node with status Stat failed for /sys/class/net/lxcee5710d8dac0/device/numa_node: No such file or directory
I0909 12:48:18.323862   20886 transport.cc:723] Could not read filename /sys/class/net/lxceee434c5d682/device/numa_node with status Stat failed for /sys/class/net/lxceee434c5d682/device/numa_node: No such file or directory
I0909 12:48:18.323864   20886 transport.cc:734] Interfaces on available NUMA nodes: [{"eth2", 1}, {"eth0", 0}, {"eth1", 0}]
I0909 12:48:18.323884   20886 transport.cc:761] Interfaces corresponding to process' NUMA nodes: [[{"eth0", 0}, {"eth2", 1}, {"eth1", 0}]]
I0909 12:48:18.324552   20886 transport.cc:773] Interface eth0 will not be used as it does not start with one of the prefixes: eth1,eth2,lo
I0909 12:48:18.324561   20886 transport.cc:773] Interface docker0 will not be used as it does not start with one of the prefixes: eth1,eth2,lo
I0909 12:48:18.324563   20886 transport.cc:773] Interface lxceee434c5d682 will not be used as it does not start with one of the prefixes: eth1,eth2,lo
I0909 12:48:18.324564   20886 transport.cc:773] Interface cilium_net will not be used as it does not start with one of the prefixes: eth1,eth2,lo
I0909 12:48:18.324566   20886 transport.cc:773] Interface cilium_host will not be used as it does not start with one of the prefixes: eth1,eth2,lo
I0909 12:48:18.324567   20886 transport.cc:773] Interface lxc98965bb30804 will not be used as it does not start with one of the prefixes: eth1,eth2,lo
I0909 12:48:18.324568   20886 transport.cc:773] Interface lxc7a46b7c617f2 will not be used as it does not start with one of the prefixes: eth1,eth2,lo
I0909 12:48:18.324569   20886 transport.cc:773] Interface lxcc0f9da7fa3ad will not be used as it does not start with one of the prefixes: eth1,eth2,lo
I0909 12:48:18.324570   20886 transport.cc:773] Interface lxcee5710d8dac0 will not be used as it does not start with one of the prefixes: eth1,eth2,lo
I0909 12:48:18.324573   20886 transport.cc:773] Interface eth0 will not be used as it does not start with one of the prefixes: eth1,eth2,lo
I0909 12:48:18.324623   20886 transport.cc:819] Added IP address 10.240.96.10:8081 on network interface eth1
I0909 12:48:18.324628   20886 transport.cc:819] Added IP address 10.240.48.10:8081 on network interface eth2
I0909 12:48:18.324629   20886 transport.cc:773] Interface docker0 will not be used as it does not start with one of the prefixes: eth1,eth2,lo
I0909 12:48:18.324631   20886 transport.cc:773] Interface lxceee434c5d682 will not be used as it does not start with one of the prefixes: eth1,eth2,lo
I0909 12:48:18.324632   20886 transport.cc:773] Interface cilium_host will not be used as it does not start with one of the prefixes: eth1,eth2,lo
I0909 12:48:18.324633   20886 transport.cc:773] Interface lxc98965bb30804 will not be used as it does not start with one of the prefixes: eth1,eth2,lo
I0909 12:48:18.324635   20886 transport.cc:773] Interface lxc7a46b7c617f2 will not be used as it does not start with one of the prefixes: eth1,eth2,lo
I0909 12:48:18.324636   20886 transport.cc:773] Interface lxcc0f9da7fa3ad will not be used as it does not start with one of the prefixes: eth1,eth2,lo
I0909 12:48:18.324637   20886 transport.cc:773] Interface lxcee5710d8dac0 will not be used as it does not start with one of the prefixes: eth1,eth2,lo
I0909 12:48:18.324639   20886 transport.cc:773] Interface eth0 will not be used as it does not start with one of the prefixes: eth1,eth2,lo
I0909 12:48:18.324641   20886 transport.cc:773] Interface lxceee434c5d682 will not be used as it does not start with one of the prefixes: eth1,eth2,lo
I0909 12:48:18.324642   20886 transport.cc:773] Interface cilium_net will not be used as it does not start with one of the prefixes: eth1,eth2,lo
I0909 12:48:18.324644   20886 transport.cc:773] Interface cilium_host will not be used as it does not start with one of the prefixes: eth1,eth2,lo
I0909 12:48:18.324645   20886 transport.cc:773] Interface lxc98965bb30804 will not be used as it does not start with one of the prefixes: eth1,eth2,lo
I0909 12:48:18.324647   20886 transport.cc:773] Interface lxc7a46b7c617f2 will not be used as it does not start with one of the prefixes: eth1,eth2,lo
I0909 12:48:18.324648   20886 transport.cc:773] Interface lxcc0f9da7fa3ad will not be used as it does not start with one of the prefixes: eth1,eth2,lo
I0909 12:48:18.324650   20886 transport.cc:773] Interface lxcee5710d8dac0 will not be used as it does not start with one of the prefixes: eth1,eth2,lo
I0909 12:48:18.324658   20886 grpc_transport.cc:2332] Creating gRPC server on: 10.240.96.10:8081eth1
I0909 12:48:18.324671   20886 grpc_transport.cc:2348] Creating gRPC server with event engine allocator (chaotic good).
I0909 12:48:18.324680   20886 grpc_transport.cc:2365] Starting gRPC server on: 10.240.96.10:8081
I0909 12:48:18.325298   20886 grpc_transport.cc:2332] Creating gRPC server on: 10.240.48.10:8081eth2
I0909 12:48:18.325320   20886 grpc_transport.cc:2348] Creating gRPC server with event engine allocator (chaotic good).
I0909 12:48:18.325325   20886 grpc_transport.cc:2365] Starting gRPC server on: 10.240.48.10:8081
I0909 12:48:18.325728   20886 communication_backend.cc:1290] MegaScale transport initialized.
I0909 12:48:18.325740   20886 communication_backend.cc:1489] MegaScale transport init succeeded.
E0909 12:48:18.326056   20788 autosizer.cc:43] mean_latency is deprecated. Please remove this setting.
I0909 12:48:18.328242   20788 debug_service_impl.cc:185] Starting Megascale Debug Server
I0909 12:48:18.328643   20788 topology_coordinator.cc:57] Megascale Topology Coordinator started for 2 slices
I0909 12:48:18.328667   20788 transport.cc:862] Using IP addresses for interface discovery.
I0909 12:48:18.328669   20788 transport.cc:757] Could not read interface to NUMA node map from env variables, falling back to reading from file system.
I0909 12:48:18.328671   20788 transport.cc:761] Interfaces corresponding to process' NUMA nodes: [[{"eth0", 0}, {"eth1", 0}, {"eth2", 1}]]
I0909 12:48:18.329063   20788 transport.cc:773] Interface eth0 will not be used as it does not start with one of the prefixes: eth1,eth2,lo
I0909 12:48:18.329071   20788 transport.cc:773] Interface docker0 will not be used as it does not start with one of the prefixes: eth1,eth2,lo
I0909 12:48:18.329072   20788 transport.cc:773] Interface lxceee434c5d682 will not be used as it does not start with one of the prefixes: eth1,eth2,lo
I0909 12:48:18.329074   20788 transport.cc:773] Interface cilium_net will not be used as it does not start with one of the prefixes: eth1,eth2,lo
I0909 12:48:18.329075   20788 transport.cc:773] Interface cilium_host will not be used as it does not start with one of the prefixes: eth1,eth2,lo
I0909 12:48:18.329077   20788 transport.cc:773] Interface lxc98965bb30804 will not be used as it does not start with one of the prefixes: eth1,eth2,lo
I0909 12:48:18.329078   20788 transport.cc:773] Interface lxc7a46b7c617f2 will not be used as it does not start with one of the prefixes: eth1,eth2,lo
I0909 12:48:18.329079   20788 transport.cc:773] Interface lxcc0f9da7fa3ad will not be used as it does not start with one of the prefixes: eth1,eth2,lo
I0909 12:48:18.329081   20788 transport.cc:773] Interface lxcee5710d8dac0 will not be used as it does not start with one of the prefixes: eth1,eth2,lo
I0909 12:48:18.329083   20788 transport.cc:773] Interface eth0 will not be used as it does not start with one of the prefixes: eth1,eth2,lo
I0909 12:48:18.329087   20788 transport.cc:819] Added IP address 10.240.96.10:8081 on network interface eth1
I0909 12:48:18.329091   20788 transport.cc:819] Added IP address 10.240.48.10:8081 on network interface eth2
I0909 12:48:18.329092   20788 transport.cc:773] Interface docker0 will not be used as it does not start with one of the prefixes: eth1,eth2,lo
I0909 12:48:18.329094   20788 transport.cc:773] Interface lxceee434c5d682 will not be used as it does not start with one of the prefixes: eth1,eth2,lo
I0909 12:48:18.329096   20788 transport.cc:773] Interface cilium_host will not be used as it does not start with one of the prefixes: eth1,eth2,lo
I0909 12:48:18.329097   20788 transport.cc:773] Interface lxc98965bb30804 will not be used as it does not start with one of the prefixes: eth1,eth2,lo
I0909 12:48:18.329100   20788 transport.cc:773] Interface lxc7a46b7c617f2 will not be used as it does not start with one of the prefixes: eth1,eth2,lo
I0909 12:48:18.329101   20788 transport.cc:773] Interface lxcc0f9da7fa3ad will not be used as it does not start with one of the prefixes: eth1,eth2,lo
I0909 12:48:18.329103   20788 transport.cc:773] Interface lxcee5710d8dac0 will not be used as it does not start with one of the prefixes: eth1,eth2,lo
I0909 12:48:18.329105   20788 transport.cc:773] Interface eth0 will not be used as it does not start with one of the prefixes: eth1,eth2,lo
I0909 12:48:18.329107   20788 transport.cc:773] Interface lxceee434c5d682 will not be used as it does not start with one of the prefixes: eth1,eth2,lo
I0909 12:48:18.329109   20788 transport.cc:773] Interface cilium_net will not be used as it does not start with one of the prefixes: eth1,eth2,lo
I0909 12:48:18.329110   20788 transport.cc:773] Interface cilium_host will not be used as it does not start with one of the prefixes: eth1,eth2,lo
I0909 12:48:18.329112   20788 transport.cc:773] Interface lxc98965bb30804 will not be used as it does not start with one of the prefixes: eth1,eth2,lo
I0909 12:48:18.329113   20788 transport.cc:773] Interface lxc7a46b7c617f2 will not be used as it does not start with one of the prefixes: eth1,eth2,lo
I0909 12:48:18.329115   20788 transport.cc:773] Interface lxcc0f9da7fa3ad will not be used as it does not start with one of the prefixes: eth1,eth2,lo
I0909 12:48:18.329117   20788 transport.cc:773] Interface lxcee5710d8dac0 will not be used as it does not start with one of the prefixes: eth1,eth2,lo
I0909 12:48:18.329123   20788 communication_backend.cc:984] Sending topology discovery request: go/debugonly    
address_mapping {
  addresses {
    address: "10.240.96.10:8081"
    interface_name: "eth1"
    host_name_for_debugging: "gke-tpu-edbc8be2-f4wr"
  }
  addresses {
    address: "10.240.48.10:8081"
    interface_name: "eth2"
    host_name_for_debugging: "gke-tpu-edbc8be2-f4wr"
    numa_node: 1
  }
  incarnation_id: 4865971540053107299
}
tpu_topology_args {
  version: TPU_VERSION_6acc60406
  platform_type: TPU_PLATFORM_TYPE_HARDWARE
  chip_config_name: "default"
  chips_per_host_bounds {
    x: 2
    y: 2
    z: 1
  }
  host_bounds {
    x: 1
    y: 1
    z: 1
  }
  wrap {
  }
  enhanced_barrier_enabled: true
  use_continuations: true
  routing_strategy: ROUTING_MESH
}
incarnation_id: 4865971540053107299
I0909 12:48:18.329439   20788 grpc_transport.cc:2220] Creating client for slice 0 host 0
I0909 12:48:18.329454   20788 grpc_transport.cc:2203] Using default interface. Available interfaces: [eth2,eth1]. Server information: go/debugonly    
address: "dcn-mc3-slice-0-0.dcn-mc3:8081"
I0909 12:48:18.329543   20788 grpc_transport.cc:2278] Created 1 channels for 1 interfaces on slice 0 host 0.
 Load balancing policy: Dynamic lb: max_outstanding_bytes (8388608).
I0909 12:48:18.330169   21647 cachednslookup.cc:391] TTL not found in response, not caching response
I0909 12:48:18.333181   21620 tpu_chip_config.cc:367] Resolved chip config alias default->megachip for 6acc60406, 
I0909 12:48:19.333820   21723 topology_coordinator.cc:178] MegaScale Topology Discovery in progress. Missing hosts (num_slices=1, num_hosts=0): slice1.*
I0909 12:48:19.423650   21734 tpu_chip_config.cc:367] Resolved chip config alias default->megachip for 6acc60406, 
I0909 12:48:19.423845   21734 topology_coordinator.cc:325] MegaScale Topology Discovery completed.
I0909 12:48:19.424257   20788 communication_backend.cc:1002] Received topology discovery response: go/debugonly    
slice_info {
  tpu_topology_args {
    version: TPU_VERSION_6acc60406
    platform_type: TPU_PLATFORM_TYPE_HARDWARE
    chip_config_name: "default"
    chips_per_host_bounds {
      x: 2
      y: 2
      z: 1
    }
    host_bounds {
      x: 1
      y: 1
      z: 1
    }
    wrap {
    }
    enhanced_barrier_enabled: true
    use_continuations: true
    routing_strategy: ROUTING_MESH
  }
}
slice_info {
  slice_id: 1
  tpu_topology_args {
    version: TPU_VERSION_6acc60406
    platform_type: TPU_PLATFORM_TYPE_HARDWARE
    chip_config_name: "default"
    chips_per_host_bounds {
      x: 2
      y: 2
      z: 1
    }
    host_bounds {
      x: 1
      y: 1
      z: 1
    }
    wrap {
    }
    enhanced_barrier_enabled: true
    use_continuations: true
    routing_strategy: ROUTING_MESH
  }
}
address_mappings {
  addresses {
    address: "10.240.96.10:8081"
    interface_name: "eth1"
    host_name_for_debugging: "gke-tpu-edbc8be2-f4wr"
  }
  addresses {
    address: "10.240.48.10:8081"
    interface_name: "eth2"
    host_name_for_debugging: "gke-tpu-edbc8be2-f4wr"
    numa_node: 1
  }
  incarnation_id: 4865971540053107299
}
address_mappings {
  slice_id: 1
  addresses {
    address: "10.240.96.6:8081"
    interface_name: "eth1"
    host_name_for_debugging: "gke-tpu-edbc8be2-h1bl"
  }
  addresses {
    address: "10.240.48.8:8081"
    interface_name: "eth2"
    host_name_for_debugging: "gke-tpu-edbc8be2-h1bl"
    numa_node: 1
  }
  incarnation_id: 5337109058889387821
}
incarnation_id: 4865971540053107299
I0909 12:48:19.424379   20788 debug_manager.cc:266] Registering error handler with name: default_handler
I0909 12:48:19.424387   20788 megascale_context.cc:571] Using DCN topology: go/debugonly    
I0909 12:48:19.424420   20788 tpu_chip_config.cc:367] Resolved chip config alias default->megachip for 6acc60406, 
DCN_MULTISLICE_PREFLIGHT {"global_device_count": 16, "local_device_count": 8, "process_count": 2, "process_id": 0, "slice_counts": {"0": 8, "1": 8}}
W0909 12:48:19.426096   21749 pjrt_client.h:601] UpdateGlobalProcessInfo is not supported.
I0909 12:48:19.467722   20788 dump.cc:725] HloModule dump enabled with path prefix: , suffix: before_optimizations
W0909 12:48:19.472717   21751 tpu_spmd_partitioner.cc:460] Collective matmul V1 is enabled. Please consider migrating to V2 since V1 will be deprecated soon. You can enable V2 by setting xla_tpu_all_gather_collective_matmul_mode=post_spmd and xla_tpu_reduce_scatter_collective_matmul_mode=post_spmd.
I0909 12:48:19.479110   20788 deepsea_compiler_hlo_passes.cc:6406] xla_tpu_impure_hlo_parallel_compile is DISABLED. jit__identity_fn
I0909 12:48:19.481628   20788 latency_hiding_scheduler.cc:4420] [latency-hiding-scheduler] LatencyHidingScheduler current memory usage: 73792 bytes. Current limit: 96638113587
I0909 12:48:19.481948   20788 tpu_plumb_vmem_info.cc:677] scavenging_mode: 3 for module: jit__identity_fn
I0909 12:48:19.497949   20788 deepsea_compiler_hlo_passes.cc:6735] HLO_PASSES stage duration: 26.946775ms
I0909 12:48:19.662894   21752 tpu_chip_config.cc:367] Resolved chip config alias default->megachip for 6acc60406, 
I0909 12:48:19.663069   21752 tpu_chip_config.cc:367] Resolved chip config alias default->megachip for 6acc60406, 
I0909 12:48:19.663239   21752 memory_space_assignment_util.cc:577] MSA Vmem breakdown: default scoped vmem (from flag): 33554432; does_msa_directly_allocate_scoped_vmem: T; bytes_for_msa_to_allocate: 67043328
I0909 12:48:19.676579   21978 deepsea_compiler_base.cc:4279] BACKEND_PASSES stage duration: 14.26140075ms
I0909 12:48:19.685422   21978 deepsea_compiler_backend.cc:1480] CODE_GENERATION stage duration: 8.74563475ms
I0909 12:48:19.685647   21978 isa_program_util_common.cc:373] (HLO module jit__identity_fn): Executable fingerprint:67556b1dd123307c8bb711c0434fbfac86eab215225618a5f838c0c427d4c3c2
I0909 12:48:19.685650   21978 isa_program_util_common.cc:377] (HLO module jit__identity_fn): Executable fingerprint (including data segments):c43bcc07663f8b538de614a22f9271d5656acd0e5f70af981aecc6805c64d3fd
I0909 12:48:19.685652   21978 isa_program_util_common.cc:380] (HLO module jit__identity_fn): Host transfer fingerprint:e6674013302fbdec09a2c7c89a12b340e612c48cc4b68dbb5d7ca9c5a25bab54
I0909 12:48:19.685889   20788 deepsea_compiler_base.cc:1055] END_TO_END stage duration: 218.37384675ms
I0909 12:48:19.685904   20788 deepsea_compiler_base.cc:1056] Note that END_TO_END duration also includes time outside of HLO_PASSES, BACKEND_PASSES, and CODE_GENERATION
I0909 12:48:19.686575   20788 megascale_context.cc:517] MegaScale DCNTopology fingerprint for: jit__identity_fn : 1688352644216761960 DevicesHash: 11843567257950195766 Topology: go/debugonly   
I0909 12:48:19.686613   20788 graph_builder.cc:257] Shapes to compress: [""]
I0909 12:48:19.686617   20788 graph_builder.cc:259] Prefixes to compress: [""]
I0909 12:48:19.686649   20788 graph_builder.cc:2912] Using MXLA graph seed: all-gather_0
I0909 12:48:19.686783   20788 host_command_scheduler_factory.cc:1312] Created a HostCommandScheduler with 18 rules for module jit__identity_fn HostTransfers Fingerprint: 3701741969770116811.
I0909 12:48:19.686794   20788 megascale_context.cc:686] MegaScale ExecutableContext created for module: jit__identity_fn with DCN topology: go/debugonly    
I0909 12:48:19.687949   21522 communication_backend.cc:625] Created communicator. Hostname: gke-tpu-edbc8be2-f4wr Slice ID: 0 Host ID: 0 NumSlices: 2 Device IDs: 0,1,2,3,4,5,6,7
I0909 12:48:19.689143   21706 grpc_transport.cc:2220] Creating client for slice 1 host 0
I0909 12:48:19.689168   21706 grpc_transport.cc:2200] Sending to 10.240.96.6:8081 on interface: eth1
I0909 12:48:19.689256   21706 grpc_transport.cc:2200] Sending to 10.240.48.8:8081 on interface: eth2
I0909 12:48:19.689292   21706 grpc_transport.cc:2278] Created 2 channels for 2 interfaces on slice 1 host 0.
 Load balancing policy: Dynamic lb: max_outstanding_bytes (8388608).
I0909 12:48:19.738770   20788 deepsea_compiler_hlo_passes.cc:6623] XLA::TPU running hlo passes for 21 instructions, module: jit__lambda
I0909 12:48:19.738780   20788 deepsea_compiler_hlo_passes.cc:6668] Initial HLO module: jit__lambda instructions: 21 fingerprint: 
I0909 12:48:19.739041   20788 deepsea_compiler_hlo_passes.cc:6526] HLO optimizing module: jit__lambda instructions: 19
I0909 12:48:19.739047   20788 deepsea_compiler_hlo_passes.cc:6539] XLA::TPU HLO optimization
W0909 12:48:19.739848   22017 tpu_spmd_partitioner.cc:460] Collective matmul V1 is enabled. Please consider migrating to V2 since V1 will be deprecated soon. You can enable V2 by setting xla_tpu_all_gather_collective_matmul_mode=post_spmd and xla_tpu_reduce_scatter_collective_matmul_mode=post_spmd.
I0909 12:48:19.748635   20788 deepsea_compiler_hlo_passes.cc:6406] xla_tpu_impure_hlo_parallel_compile is DISABLED. jit__lambda
I0909 12:48:19.751027   20788 deepsea_compiler_hlo_passes.cc:5472] XLA::TPU HLO PostOptimizationPipeline
I0909 12:48:19.752248   20788 latency_hiding_scheduler.cc:4420] [latency-hiding-scheduler] LatencyHidingScheduler current memory usage: 41024 bytes. Current limit: 96637751091
I0909 12:48:19.752885   20788 tpu_plumb_vmem_info.cc:677] scavenging_mode: 3 for module: jit__lambda
I0909 12:48:19.753487   20788 deepsea_compiler_hlo_passes.cc:6735] HLO_PASSES stage duration: 14.70679925ms
I0909 12:48:19.754808   21752 tpu_chip_config.cc:367] Resolved chip config alias default->megachip for 6acc60406, 
I0909 12:48:19.754964   21752 tpu_chip_config.cc:367] Resolved chip config alias default->megachip for 6acc60406, 
I0909 12:48:19.755132   21752 memory_space_assignment_util.cc:577] MSA Vmem breakdown: default scoped vmem (from flag): 33554432; does_msa_directly_allocate_scoped_vmem: T; bytes_for_msa_to_allocate: 67043328
I0909 12:48:19.772716   22021 deepsea_compiler_base.cc:4279] BACKEND_PASSES stage duration: 18.46741275ms
I0909 12:48:19.775397   22021 deepsea_compiler_backend.cc:1784] final program bundle count: 788 note this count does not reflect cycles spent executing delays.
I0909 12:48:19.781284   22021 deepsea_compiler_backend.cc:1980] Program divided into 2 overlays without HLO functions (90.5K).
I0909 12:48:19.781363   22021 deepsea_compiler_backend.cc:2150] XLA::TPU module name: jit__lambda
I0909 12:48:19.781367   22021 deepsea_compiler_backend.cc:2152] XLA::TPU program HBM usage: 266.5K / 94.74G
I0909 12:48:19.781370   22021 deepsea_compiler_backend.cc:2159] Note that --xla_tpu_max_hbm_size_mib is not specified. This means that the compiler may use up all available HBM, possibly prioritizing other metrics (latency, compile-time, ..) over memory usage. To reduce memory usage, set --xla_tpu_max_hbm_size_mib to a smaller value.
I0909 12:48:19.781372   22021 deepsea_compiler_backend.cc:2193] XLA::TPU program VMEM usage: 32.00M / 64.00M
I0909 12:48:19.781380   22021 deepsea_compiler_backend.cc:2204] Total hbm usage >= 268.28M:
    reserved        268.00M 
    program          266.5K 
    arguments         16.0K 

Output size 512B; shares 0B with arguments.

Total host usage >= 0B:
    reserved             0B 
    program         unknown size 
    arguments            0B 

Output size 0B; shares 0B with arguments.

I0909 12:48:19.781392   22021 deepsea_compiler_backend.cc:2208] Program sflag requirement 228B:
    reserved           204B
    scoped              16B
    HLO temp             8B (100.0% utilization: Unpadded (8B) Padded (8B), 0.0% fragmentation (0B))
Program sparse_core_sequencer_sflag requirement 36B:
    reserved            36B
Program sparse_core_tile_sflag requirement 4B:
    reserved             4B
Program sparse_core_sequencer_smem requirement 64B:
    reserved            64B
Program sparse_core_tile_smem requirement 0B:
Program hbm requirement 266.5K:
    HLO temp         176.0K (100.0% utilization: Unpadded (24.3K) Padded (24.3K), 86.2% fragmentation (151.7K))
    overlays          90.5K
Program vmem requirement 32.00M:
    HLO temp         32.00M (0.0% utilization: Unpadded (0B) Padded (0B), 100.0% fragmentation (32.00M))
Program smem requirement 36B:
    global               4B
    scoped              32B
Program host requirement 0B:
I0909 12:48:19.781395   22021 deepsea_compiler_backend.cc:2216] XLA::TPU program SMEM usage: 1.9K / 1.00M (1 parameters)
I0909 12:48:19.781481   22021 deepsea_compiler_backend.cc:1480] CODE_GENERATION stage duration: 8.6923025ms
I0909 12:48:19.781783   22021 isa_program_util_common.cc:373] (HLO module jit__lambda): Executable fingerprint:6a126cddbd2c7a63446e46d5dcaf750209d6c974ec79e4080fdc4ca9886f81e4
I0909 12:48:19.781786   22021 isa_program_util_common.cc:377] (HLO module jit__lambda): Executable fingerprint (including data segments):12c0715cab49b82f1e3ea1846957d5d3523547d5bf3cc57bcf82f0517b7a92e8
I0909 12:48:19.781787   22021 isa_program_util_common.cc:380] (HLO module jit__lambda): Host transfer fingerprint:2b9801a161c74c27631ae5e0b6d660abd73031d7eba34a0a6e10fff8dfd2f3ae
I0909 12:48:19.781953   20788 deepsea_compiler_base.cc:1055] END_TO_END stage duration: 45.35020775ms
I0909 12:48:19.781963   20788 deepsea_compiler_base.cc:1056] Note that END_TO_END duration also includes time outside of HLO_PASSES, BACKEND_PASSES, and CODE_GENERATION
I0909 12:48:19.782653   20788 megascale_context.cc:517] MegaScale DCNTopology fingerprint for: jit__lambda : 1688352644216761960 DevicesHash: 8081921339993277715 Topology: go/debugonly   
I0909 12:48:19.782987   20788 host_command_scheduler_factory.cc:1312] Created a HostCommandScheduler with 54 rules for module jit__lambda HostTransfers Fingerprint: 12151718319723310994.
I0909 12:48:19.783011   20788 megascale_context.cc:686] MegaScale ExecutableContext created for module: jit__lambda with DCN topology: go/debugonly    
I0909 12:48:19.808223   20788 deepsea_compiler_hlo_passes.cc:6623] XLA::TPU running hlo passes for 21 instructions, module: jit__lambda
I0909 12:48:19.808233   20788 deepsea_compiler_hlo_passes.cc:6668] Initial HLO module: jit__lambda instructions: 21 fingerprint: 
I0909 12:48:19.808468   20788 deepsea_compiler_hlo_passes.cc:6526] HLO optimizing module: jit__lambda instructions: 19
I0909 12:48:19.808474   20788 deepsea_compiler_hlo_passes.cc:6539] XLA::TPU HLO optimization
W0909 12:48:19.808997   22031 tpu_spmd_partitioner.cc:460] Collective matmul V1 is enabled. Please consider migrating to V2 since V1 will be deprecated soon. You can enable V2 by setting xla_tpu_all_gather_collective_matmul_mode=post_spmd and xla_tpu_reduce_scatter_collective_matmul_mode=post_spmd.
I0909 12:48:19.815545   20788 deepsea_compiler_hlo_passes.cc:6406] xla_tpu_impure_hlo_parallel_compile is DISABLED. jit__lambda
I0909 12:48:19.817900   20788 deepsea_compiler_hlo_passes.cc:5472] XLA::TPU HLO PostOptimizationPipeline
I0909 12:48:19.819149   20788 latency_hiding_scheduler.cc:4420] [latency-hiding-scheduler] LatencyHidingScheduler current memory usage: 41024 bytes. Current limit: 96637751091
I0909 12:48:19.819796   20788 tpu_plumb_vmem_info.cc:677] scavenging_mode: 3 for module: jit__lambda
I0909 12:48:19.820406   20788 deepsea_compiler_hlo_passes.cc:6735] HLO_PASSES stage duration: 12.17285575ms
I0909 12:48:19.821635   21752 tpu_chip_config.cc:367] Resolved chip config alias default->megachip for 6acc60406, 
I0909 12:48:19.821788   21752 tpu_chip_config.cc:367] Resolved chip config alias default->megachip for 6acc60406, 
I0909 12:48:19.821966   21752 memory_space_assignment_util.cc:577] MSA Vmem breakdown: default scoped vmem (from flag): 33554432; does_msa_directly_allocate_scoped_vmem: T; bytes_for_msa_to_allocate: 67043328
I0909 12:48:19.840229   22035 deepsea_compiler_base.cc:4279] BACKEND_PASSES stage duration: 19.18860975ms
I0909 12:48:19.842771   22035 deepsea_compiler_backend.cc:1784] final program bundle count: 788 note this count does not reflect cycles spent executing delays.
I0909 12:48:19.847902   22035 deepsea_compiler_backend.cc:1980] Program divided into 2 overlays without HLO functions (90.5K).
I0909 12:48:19.847961   22035 deepsea_compiler_backend.cc:2150] XLA::TPU module name: jit__lambda
I0909 12:48:19.847964   22035 deepsea_compiler_backend.cc:2152] XLA::TPU program HBM usage: 266.5K / 94.74G
I0909 12:48:19.847966   22035 deepsea_compiler_backend.cc:2159] Note that --xla_tpu_max_hbm_size_mib is not specified. This means that the compiler may use up all available HBM, possibly prioritizing other metrics (latency, compile-time, ..) over memory usage. To reduce memory usage, set --xla_tpu_max_hbm_size_mib to a smaller value.
I0909 12:48:19.847968   22035 deepsea_compiler_backend.cc:2193] XLA::TPU program VMEM usage: 32.00M / 64.00M
I0909 12:48:19.847973   22035 deepsea_compiler_backend.cc:2204] Total hbm usage >= 268.28M:
    reserved        268.00M 
    program          266.5K 
    arguments         16.0K 

Output size 512B; shares 0B with arguments.

Total host usage >= 0B:
    reserved             0B 
    program         unknown size 
    arguments            0B 

Output size 0B; shares 0B with arguments.

I0909 12:48:19.847983   22035 deepsea_compiler_backend.cc:2208] Program sflag requirement 228B:
    reserved           204B
    scoped              16B
    HLO temp             8B (100.0% utilization: Unpadded (8B) Padded (8B), 0.0% fragmentation (0B))
Program sparse_core_sequencer_sflag requirement 36B:
    reserved            36B
Program sparse_core_tile_sflag requirement 4B:
    reserved             4B
Program sparse_core_sequencer_smem requirement 64B:
    reserved            64B
Program sparse_core_tile_smem requirement 0B:
Program hbm requirement 266.5K:
    HLO temp         176.0K (100.0% utilization: Unpadded (24.3K) Padded (24.3K), 86.2% fragmentation (151.7K))
    overlays          90.5K
Program vmem requirement 32.00M:
    HLO temp         32.00M (0.0% utilization: Unpadded (0B) Padded (0B), 100.0% fragmentation (32.00M))
Program smem requirement 36B:
    global               4B
    scoped              32B
Program host requirement 0B:
I0909 12:48:19.847985   22035 deepsea_compiler_backend.cc:2216] XLA::TPU program SMEM usage: 1.9K / 1.00M (1 parameters)
I0909 12:48:19.848064   22035 deepsea_compiler_backend.cc:1480] CODE_GENERATION stage duration: 7.75957525ms
I0909 12:48:19.848335   22035 isa_program_util_common.cc:373] (HLO module jit__lambda): Executable fingerprint:6a126cddbd2c7a63446e46d5dcaf750209d6c974ec79e4080fdc4ca9886f81e4
I0909 12:48:19.848338   22035 isa_program_util_common.cc:377] (HLO module jit__lambda): Executable fingerprint (including data segments):12c0715cab49b82f1e3ea1846957d5d3523547d5bf3cc57bcf82f0517b7a92e8
I0909 12:48:19.848339   22035 isa_program_util_common.cc:380] (HLO module jit__lambda): Host transfer fingerprint:2b9801a161c74c27631ae5e0b6d660abd73031d7eba34a0a6e10fff8dfd2f3ae
I0909 12:48:19.848698   20788 deepsea_compiler_base.cc:1055] END_TO_END stage duration: 42.54535375ms
I0909 12:48:19.848714   20788 deepsea_compiler_base.cc:1056] Note that END_TO_END duration also includes time outside of HLO_PASSES, BACKEND_PASSES, and CODE_GENERATION
I0909 12:48:19.849322   20788 megascale_context.cc:517] MegaScale DCNTopology fingerprint for: jit__lambda : 1688352644216761960 DevicesHash: 8081921339993277715 Topology: go/debugonly   
I0909 12:48:19.849604   20788 host_command_scheduler_factory.cc:1312] Created a HostCommandScheduler with 54 rules for module jit__lambda HostTransfers Fingerprint: 12151718319723310994.
I0909 12:48:19.849624   20788 megascale_context.cc:686] MegaScale ExecutableContext created for module: jit__lambda with DCN topology: go/debugonly    
I0909 12:48:19.863348   21725 megascale_context.cc:439] Destroying MegaScale PjrtExecutableContext: jit__lambda
I0909 12:48:19.880206   20788 deepsea_compiler_hlo_passes.cc:6623] XLA::TPU running hlo passes for 19 instructions, module: jit__lambda
I0909 12:48:19.880220   20788 deepsea_compiler_hlo_passes.cc:6668] Initial HLO module: jit__lambda instructions: 19 fingerprint: 
I0909 12:48:19.880500   20788 deepsea_compiler_hlo_passes.cc:6526] HLO optimizing module: jit__lambda instructions: 17
I0909 12:48:19.880507   20788 deepsea_compiler_hlo_passes.cc:6539] XLA::TPU HLO optimization
W0909 12:48:19.881134   22040 tpu_spmd_partitioner.cc:460] Collective matmul V1 is enabled. Please consider migrating to V2 since V1 will be deprecated soon. You can enable V2 by setting xla_tpu_all_gather_collective_matmul_mode=post_spmd and xla_tpu_reduce_scatter_collective_matmul_mode=post_spmd.
I0909 12:48:19.886451   20788 deepsea_compiler_hlo_passes.cc:6406] xla_tpu_impure_hlo_parallel_compile is DISABLED. jit__lambda
I0909 12:48:19.888087   20788 deepsea_compiler_hlo_passes.cc:5472] XLA::TPU HLO PostOptimizationPipeline
I0909 12:48:19.888878   20788 latency_hiding_scheduler.cc:4420] [latency-hiding-scheduler] LatencyHidingScheduler current memory usage: 24640 bytes. Current limit: 96637894451
I0909 12:48:19.889294   20788 tpu_plumb_vmem_info.cc:677] scavenging_mode: 3 for module: jit__lambda
I0909 12:48:19.889737   20788 deepsea_compiler_hlo_passes.cc:6735] HLO_PASSES stage duration: 9.51665575ms
I0909 12:48:19.890815   21752 tpu_chip_config.cc:367] Resolved chip config alias default->megachip for 6acc60406, 
I0909 12:48:19.890976   21752 tpu_chip_config.cc:367] Resolved chip config alias default->megachip for 6acc60406, 
I0909 12:48:19.891148   21752 memory_space_assignment_util.cc:577] MSA Vmem breakdown: default scoped vmem (from flag): 33554432; does_msa_directly_allocate_scoped_vmem: T; bytes_for_msa_to_allocate: 67043328
I0909 12:48:19.905822   22044 deepsea_compiler_base.cc:4279] BACKEND_PASSES stage duration: 15.5109885ms
I0909 12:48:19.907898   22044 deepsea_compiler_backend.cc:1784] final program bundle count: 626 note this count does not reflect cycles spent executing delays.
I0909 12:48:19.913344   22044 deepsea_compiler_backend.cc:1980] Program divided into 2 overlays without HLO functions (80.5K).
I0909 12:48:19.913404   22044 deepsea_compiler_backend.cc:2150] XLA::TPU module name: jit__lambda
I0909 12:48:19.913408   22044 deepsea_compiler_backend.cc:2152] XLA::TPU program HBM usage: 208.5K / 94.74G
I0909 12:48:19.913410   22044 deepsea_compiler_backend.cc:2159] Note that --xla_tpu_max_hbm_size_mib is not specified. This means that the compiler may use up all available HBM, possibly prioritizing other metrics (latency, compile-time, ..) over memory usage. To reduce memory usage, set --xla_tpu_max_hbm_size_mib to a smaller value.
I0909 12:48:19.913412   22044 deepsea_compiler_backend.cc:2193] XLA::TPU program VMEM usage: 32.00M / 64.00M
I0909 12:48:19.913418   22044 deepsea_compiler_backend.cc:2204] Total hbm usage >= 268.22M:
    reserved        268.00M 
    program          208.5K 
    arguments         16.0K 

Output size 512B; shares 0B with arguments.

Total host usage >= 0B:
    reserved             0B 
    program         unknown size 
    arguments            0B 

Output size 0B; shares 0B with arguments.

I0909 12:48:19.913429   22044 deepsea_compiler_backend.cc:2208] Program sflag requirement 224B:
    reserved           204B
    scoped              12B
    HLO temp             8B (100.0% utilization: Unpadded (8B) Padded (8B), 0.0% fragmentation (0B))
Program sparse_core_sequencer_sflag requirement 36B:
    reserved            36B
Program sparse_core_tile_sflag requirement 4B:
    reserved             4B
Program sparse_core_sequencer_smem requirement 64B:
    reserved            64B
Program sparse_core_tile_smem requirement 0B:
Program hbm requirement 208.5K:
    HLO temp         128.0K (49.1% utilization: Unpadded (8.2K) Padded (16.7K), 87.0% fragmentation (111.3K))
    overlays          80.5K
Program vmem requirement 32.00M:
    HLO temp         32.00M (0.0% utilization: Unpadded (0B) Padded (0B), 100.0% fragmentation (32.00M))
Program smem requirement 36B:
    global               4B
    scoped              32B
Program host requirement 0B:
I0909 12:48:19.913431   22044 deepsea_compiler_backend.cc:2216] XLA::TPU program SMEM usage: 1.9K / 1.00M (1 parameters)
I0909 12:48:19.913515   22044 deepsea_compiler_backend.cc:1480] CODE_GENERATION stage duration: 7.626725ms
I0909 12:48:19.913785   22044 isa_program_util_common.cc:373] (HLO module jit__lambda): Executable fingerprint:4a4bf7195f2e28a358732e4bad360b9ab79156518433b25ddb27df2e76864c13
I0909 12:48:19.913788   22044 isa_program_util_common.cc:377] (HLO module jit__lambda): Executable fingerprint (including data segments):41df051aa1d5cc95b6bd65dcd0fe59634f8d45c83e436d4b0b21da6da348f7ba
I0909 12:48:19.913790   22044 isa_program_util_common.cc:380] (HLO module jit__lambda): Host transfer fingerprint:5c8f40e7dcd653d84e947d890338940d2b2e1ffba06eadb57827e716f5782f97
I0909 12:48:19.913930   20788 deepsea_compiler_base.cc:1055] END_TO_END stage duration: 36.469127ms
I0909 12:48:19.913941   20788 deepsea_compiler_base.cc:1056] Note that END_TO_END duration also includes time outside of HLO_PASSES, BACKEND_PASSES, and CODE_GENERATION
I0909 12:48:19.914531   20788 megascale_context.cc:517] MegaScale DCNTopology fingerprint for: jit__lambda : 1688352644216761960 DevicesHash: 8081921339993277715 Topology: go/debugonly   
I0909 12:48:19.914743   20788 host_command_scheduler_factory.cc:1312] Created a HostCommandScheduler with 36 rules for module jit__lambda HostTransfers Fingerprint: 8427318606672400244.
I0909 12:48:19.914759   20788 megascale_context.cc:686] MegaScale ExecutableContext created for module: jit__lambda with DCN topology: go/debugonly    
I0909 12:48:19.923526   21433 megascale_context.cc:439] Destroying MegaScale PjrtExecutableContext: jit__lambda
MANUAL_AR_VERIFY {"exchange_add": true, "psum": true, "psum_checksum": 3.0}
W0909 12:48:19.937389   22046 tpu_spmd_partitioner.cc:460] Collective matmul V1 is enabled. Please consider migrating to V2 since V1 will be deprecated soon. You can enable V2 by setting xla_tpu_all_gather_collective_matmul_mode=post_spmd and xla_tpu_reduce_scatter_collective_matmul_mode=post_spmd.
I0909 12:48:19.943569   20788 deepsea_compiler_hlo_passes.cc:6406] xla_tpu_impure_hlo_parallel_compile is DISABLED. jit__lambda
I0909 12:48:19.944757   20788 tpu_plumb_vmem_info.cc:677] scavenging_mode: 3 for module: jit__lambda
I0909 12:48:19.953570   20788 deepsea_compiler_hlo_passes.cc:6735] HLO_PASSES stage duration: 16.74944025ms
I0909 12:48:19.954368   21752 tpu_chip_config.cc:367] Resolved chip config alias default->megachip for 6acc60406, 
I0909 12:48:19.954495   21752 tpu_chip_config.cc:367] Resolved chip config alias default->megachip for 6acc60406, 
I0909 12:48:19.954654   21752 memory_space_assignment_util.cc:577] MSA Vmem breakdown: default scoped vmem (from flag): 33554432; does_msa_directly_allocate_scoped_vmem: T; bytes_for_msa_to_allocate: 67043328
I0909 12:48:19.988297   22048 deepsea_compiler_base.cc:4279] BACKEND_PASSES stage duration: 34.28970975ms
I0909 12:48:19.994366   22048 deepsea_compiler_backend.cc:1480] CODE_GENERATION stage duration: 5.99194275ms
I0909 12:48:19.994599   22048 isa_program_util_common.cc:373] (HLO module jit__lambda): Executable fingerprint:bc586dffeac4e7ae318e7d154bf8e04f4304c94ca0093b387a7797ec3816d14b
I0909 12:48:19.994602   22048 isa_program_util_common.cc:377] (HLO module jit__lambda): Executable fingerprint (including data segments):a2faf2ce0762128844e7a122c148a8aece70b237d9b143ffa46b761ac2a0d991
I0909 12:48:19.994603   22048 isa_program_util_common.cc:380] (HLO module jit__lambda): Host transfer fingerprint:e3b0c44298fc1c149afbf4c8996fb92427ae41e4649b934ca495991b7852b855
I0909 12:48:19.994798   20788 deepsea_compiler_base.cc:1055] END_TO_END stage duration: 60.684938ms
I0909 12:48:19.994816   20788 deepsea_compiler_base.cc:1056] Note that END_TO_END duration also includes time outside of HLO_PASSES, BACKEND_PASSES, and CODE_GENERATION
I0909 12:48:19.995226   20788 host_command_scheduler_factory.cc:1312] Created a HostCommandScheduler with 0 rules for module jit__lambda HostTransfers Fingerprint: 0.
I0909 12:48:19.995238   20788 megascale_context.cc:686] MegaScale ExecutableContext created for module: jit__lambda with DCN topology: go/debugonly    
I0909 12:48:19.999305   21506 megascale_context.cc:439] Destroying MegaScale PjrtExecutableContext: jit__lambda
W0909 12:48:20.012035   22050 tpu_spmd_partitioner.cc:460] Collective matmul V1 is enabled. Please consider migrating to V2 since V1 will be deprecated soon. You can enable V2 by setting xla_tpu_all_gather_collective_matmul_mode=post_spmd and xla_tpu_reduce_scatter_collective_matmul_mode=post_spmd.
I0909 12:48:20.016679   20788 deepsea_compiler_hlo_passes.cc:6406] xla_tpu_impure_hlo_parallel_compile is DISABLED. jit__identity_fn
I0909 12:48:20.020183   20788 latency_hiding_scheduler.cc:4420] [latency-hiding-scheduler] LatencyHidingScheduler current memory usage: 10816 bytes. Current limit: 96637838643
I0909 12:48:20.020793   20788 tpu_plumb_vmem_info.cc:677] scavenging_mode: 3 for module: jit__identity_fn
I0909 12:48:20.021341   20788 deepsea_compiler_hlo_passes.cc:6735] HLO_PASSES stage duration: 9.9230665ms
I0909 12:48:20.022660   21752 tpu_chip_config.cc:367] Resolved chip config alias default->megachip for 6acc60406, 
I0909 12:48:20.022802   21752 tpu_chip_config.cc:367] Resolved chip config alias default->megachip for 6acc60406, 
I0909 12:48:20.022975   21752 memory_space_assignment_util.cc:577] MSA Vmem breakdown: default scoped vmem (from flag): 33554432; does_msa_directly_allocate_scoped_vmem: T; bytes_for_msa_to_allocate: 67043328
I0909 12:48:20.047749   22052 deepsea_compiler_base.cc:4279] BACKEND_PASSES stage duration: 25.593201ms
I0909 12:48:20.054954   22052 deepsea_compiler_backend.cc:1480] CODE_GENERATION stage duration: 7.15029025ms
I0909 12:48:20.055237   22052 isa_program_util_common.cc:373] (HLO module jit__identity_fn): Executable fingerprint:fd3b0d6bd150f631ee1516bdd9fe68433befc25b43e5ac8c1bf0647642d4a029
I0909 12:48:20.055239   22052 isa_program_util_common.cc:377] (HLO module jit__identity_fn): Executable fingerprint (including data segments):b4793e425396e7ab5df0b40c15a832140ecb3328718901424ce0f42c7f63731d
I0909 12:48:20.055241   22052 isa_program_util_common.cc:380] (HLO module jit__identity_fn): Host transfer fingerprint:f21887b8cd1a7de9f1745e6458df4dba74bea513f1593c4409ce2cd383777ca8
I0909 12:48:20.055412   20788 deepsea_compiler_base.cc:1055] END_TO_END stage duration: 46.08734475ms
I0909 12:48:20.055427   20788 deepsea_compiler_base.cc:1056] Note that END_TO_END duration also includes time outside of HLO_PASSES, BACKEND_PASSES, and CODE_GENERATION
I0909 12:48:20.055934   20788 megascale_context.cc:517] MegaScale DCNTopology fingerprint for: jit__identity_fn : 1688352644216761960 DevicesHash: 11843567257950195766 Topology: go/debugonly   
I0909 12:48:20.056067   20788 host_command_scheduler_factory.cc:1312] Created a HostCommandScheduler with 18 rules for module jit__identity_fn HostTransfers Fingerprint: 14547820116035419324.
I0909 12:48:20.056077   20788 megascale_context.cc:686] MegaScale ExecutableContext created for module: jit__identity_fn with DCN topology: go/debugonly    
I0909 12:48:20.059806   21724 megascale_context.cc:439] Destroying MegaScale PjrtExecutableContext: jit__lambda
W0909 12:48:20.075219   22056 tpu_spmd_partitioner.cc:460] Collective matmul V1 is enabled. Please consider migrating to V2 since V1 will be deprecated soon. You can enable V2 by setting xla_tpu_all_gather_collective_matmul_mode=post_spmd and xla_tpu_reduce_scatter_collective_matmul_mode=post_spmd.
I0909 12:48:20.080510   20788 deepsea_compiler_hlo_passes.cc:6406] xla_tpu_impure_hlo_parallel_compile is DISABLED. jit_op
I0909 12:48:20.082569   20788 latency_hiding_scheduler.cc:4420] [latency-hiding-scheduler] LatencyHidingScheduler current memory usage: 1610620992 bytes. Current limit: 95564271411
I0909 12:48:20.082915   20788 tpu_plumb_vmem_info.cc:677] scavenging_mode: 3 for module: jit_op
I0909 12:48:20.111564   20788 deepsea_compiler_hlo_passes.cc:6735] HLO_PASSES stage duration: 36.8124835ms
I0909 12:48:20.112670   21752 tpu_chip_config.cc:367] Resolved chip config alias default->megachip for 6acc60406, 
I0909 12:48:20.112795   21752 tpu_chip_config.cc:367] Resolved chip config alias default->megachip for 6acc60406, 
I0909 12:48:20.112942   21752 memory_space_assignment_util.cc:577] MSA Vmem breakdown: default scoped vmem (from flag): 33554432; does_msa_directly_allocate_scoped_vmem: T; bytes_for_msa_to_allocate: 67043328
I0909 12:48:20.195147   22060 deepsea_compiler_base.cc:4279] BACKEND_PASSES stage duration: 83.1103045ms
I0909 12:48:20.202685   22060 deepsea_compiler_backend.cc:1480] CODE_GENERATION stage duration: 7.48072675ms
I0909 12:48:20.203045   22060 isa_program_util_common.cc:373] (HLO module jit_op): Executable fingerprint:0f2b665f05c3c4afe211f3c371efcab563df28a2ebf1e3fea485408c5722f8dc
I0909 12:48:20.203047   22060 isa_program_util_common.cc:377] (HLO module jit_op): Executable fingerprint (including data segments):86848f6f1a06a74bef5f269280dc370998aab50634976e92618a9f9f14091724
I0909 12:48:20.203049   22060 isa_program_util_common.cc:380] (HLO module jit_op): Host transfer fingerprint:294ab033fa7a89f4c4b5c51d8744fa6f4206e6d1d2d85c49c24e64e2b1444859
I0909 12:48:20.203206   20788 deepsea_compiler_base.cc:1055] END_TO_END stage duration: 130.46574325ms
I0909 12:48:20.203219   20788 deepsea_compiler_base.cc:1056] Note that END_TO_END duration also includes time outside of HLO_PASSES, BACKEND_PASSES, and CODE_GENERATION
I0909 12:48:20.203748   20788 megascale_context.cc:517] MegaScale DCNTopology fingerprint for: jit_op : 1688352644216761960 DevicesHash: 8081921339993277715 Topology: go/debugonly   
I0909 12:48:20.209762   20788 host_command_scheduler_factory.cc:1312] Created a HostCommandScheduler with 36 rules for module jit_op HostTransfers Fingerprint: 12634255100403355191.
I0909 12:48:20.210246   20788 megascale_context.cc:686] MegaScale ExecutableContext created for module: jit_op with DCN topology: go/debugonly    
I0909 12:48:20.221041   21738 generic-stream-socket.h:1667] Cannot process timestamp for type=3 seq=8438563 time=2026-09-09T12:48:20.220533143+00:00
W0909 12:48:20.221695   21549 grpc_transport.cc:1186] Too many pending sends: 128
I0909 12:48:20.333911   21723 topology_coordinator.cc:173] MegaScale Topology Discovery completed.
W0909 12:48:20.478295   21524 tpu_pjrt_client.cc:2333] PjRt execution dispatch was blocked for 250.936994ms because PjRt's max in-flight computation semaphore is full (limit: 32), which may negatively affect the performance
W0909 12:48:30.289118   22122 grpc_transport.cc:1186] Too many pending sends: 128
W0909 12:48:40.338972   22835 grpc_transport.cc:1186] Too many pending sends: 128
W0909 12:48:50.404855   23124 grpc_transport.cc:1186] Too many pending sends: 128
W0909 12:49:00.514320   22525 grpc_transport.cc:1186] Too many pending sends: 128
W0909 12:49:10.545064   22445 grpc_transport.cc:1186] Too many pending sends: 128
W0909 12:49:20.636486   22283 grpc_transport.cc:1186] Too many pending sends: 128
W0909 12:49:30.759831   22533 grpc_transport.cc:1186] Too many pending sends: 128
I0909 12:49:36.426624   20788 megascale_context.cc:439] Destroying MegaScale PjrtExecutableContext: jit_op
MANUAL_AR_RESULT {"batch": 10, "benchmark": "manual_ar", "host_gbps_best": 262.2536585597468, "host_gbps_median": 257.7350495150319, "matrix_dim": 32768, "network_delta": {"cilium_host": {"rx_bytes": 0, "tx_bytes": 0}, "cilium_net": {"rx_bytes": 0, "tx_bytes": 0}, "docker0": {"rx_bytes": 0, "tx_bytes": 0}, "eth0": {"rx_bytes": 1180638, "tx_bytes": 12733908}, "eth1": {"rx_bytes": 1266547157642, "tx_bytes": 1181836296418}, "eth2": {"rx_bytes": 1158336092378, "tx_bytes": 1232100280151}, "lo": {"rx_bytes": 7626539, "tx_bytes": 7626539}, "lxc7a46b7c617f2": {"rx_bytes": 2256447, "tx_bytes": 725821}, "lxc98965bb30804": {"rx_bytes": 22569, "tx_bytes": 114267}, "lxcc0f9da7fa3ad": {"rx_bytes": 29017, "tx_bytes": 5344}, "lxcee5710d8dac0": {"rx_bytes": 35985, "tx_bytes": 7173}, "lxceee434c5d682": {"rx_bytes": 1416, "tx_bytes": 21853}}, "participants_per_slice": 8, "reps": 8, "shard_bytes_per_device": 1073741824.0, "time_ms_all": [263.0072866915725, 271.1127014015801, 262.4193802010268, 267.0190035016276, 266.2377410917543, 270.52816529758275, 276.4544122037478, 262.03438729280606], "time_ms_best": 262.03438729280606, "time_ms_median": 266.62837229669094, "variant": "psum", "warmups": 200}
W0909 12:49:36.458372   23470 tpu_spmd_partitioner.cc:460] Collective matmul V1 is enabled. Please consider migrating to V2 since V1 will be deprecated soon. You can enable V2 by setting xla_tpu_all_gather_collective_matmul_mode=post_spmd and xla_tpu_reduce_scatter_collective_matmul_mode=post_spmd.
I0909 12:49:36.466139   20788 deepsea_compiler_hlo_passes.cc:6406] xla_tpu_impure_hlo_parallel_compile is DISABLED. jit_op
I0909 12:49:36.468506   20788 latency_hiding_scheduler.cc:4420] [latency-hiding-scheduler] LatencyHidingScheduler current memory usage: 1073750080 bytes. Current limit: 95564404531
I0909 12:49:36.468851   20788 tpu_plumb_vmem_info.cc:677] scavenging_mode: 3 for module: jit_op
I0909 12:49:36.491076   20788 deepsea_compiler_hlo_passes.cc:6735] HLO_PASSES stage duration: 33.4820465ms
I0909 12:49:36.492182   21723 tpu_chip_config.cc:367] Resolved chip config alias default->megachip for 6acc60406, 
I0909 12:49:36.492409   21723 tpu_chip_config.cc:367] Resolved chip config alias default->megachip for 6acc60406, 
I0909 12:49:36.492649   21723 memory_space_assignment_util.cc:577] MSA Vmem breakdown: default scoped vmem (from flag): 33554432; does_msa_directly_allocate_scoped_vmem: T; bytes_for_msa_to_allocate: 67043328
I0909 12:49:36.609304   23475 deepsea_compiler_base.cc:4279] BACKEND_PASSES stage duration: 117.70350075ms
I0909 12:49:36.618177   23475 deepsea_compiler_backend.cc:1480] CODE_GENERATION stage duration: 8.77341475ms
I0909 12:49:36.618627   23475 isa_program_util_common.cc:373] (HLO module jit_op): Executable fingerprint:33a5a6d6f7cea468562f68254b4eb2b89053eb34e2e10125a401ef1c264018f8
I0909 12:49:36.618631   23475 isa_program_util_common.cc:377] (HLO module jit_op): Executable fingerprint (including data segments):63de7ca22133830a9ecf7d1576f6e0dc97cbc6a522ec2bae425e60708fe1b2d0
I0909 12:49:36.618633   23475 isa_program_util_common.cc:380] (HLO module jit_op): Host transfer fingerprint:c37db3d47c19d90e6b870bb79741e56a58ee0112318c32550eac3926e65c0ec8
I0909 12:49:36.618946   20788 deepsea_compiler_base.cc:1055] END_TO_END stage duration: 164.134308ms
I0909 12:49:36.618963   20788 deepsea_compiler_base.cc:1056] Note that END_TO_END duration also includes time outside of HLO_PASSES, BACKEND_PASSES, and CODE_GENERATION
I0909 12:49:36.619614   20788 megascale_context.cc:517] MegaScale DCNTopology fingerprint for: jit_op : 1688352644216761960 DevicesHash: 8081921339993277715 Topology: go/debugonly   
I0909 12:49:36.622648   20788 host_command_scheduler_factory.cc:1312] Created a HostCommandScheduler with 18 rules for module jit_op HostTransfers Fingerprint: 158907515329715665.
I0909 12:49:36.623003   20788 megascale_context.cc:686] MegaScale ExecutableContext created for module: jit_op with DCN topology: go/debugonly    
W0909 12:49:36.821740   21523 tpu_pjrt_client.cc:2333] PjRt execution dispatch was blocked for 185.018256ms because PjRt's max in-flight computation semaphore is full (limit: 32), which may negatively affect the performance
W0909 12:49:40.843775   22462 grpc_transport.cc:1186] Too many pending sends: 128
W0909 12:49:50.934166   23097 grpc_transport.cc:1186] Too many pending sends: 128
W0909 12:50:01.128616   23532 grpc_transport.cc:1186] Too many pending sends: 128
W0909 12:50:11.284798   23092 grpc_transport.cc:1186] Too many pending sends: 128
W0909 12:50:21.317939   22497 grpc_transport.cc:1186] Too many pending sends: 128
W0909 12:50:31.330708   22878 grpc_transport.cc:1186] Too many pending sends: 128
W0909 12:50:41.481392   23428 grpc_transport.cc:1186] Too many pending sends: 128
I0909 12:50:47.174185   20788 megascale_context.cc:439] Destroying MegaScale PjrtExecutableContext: jit_op
MANUAL_AR_RESULT {"batch": 10, "benchmark": "manual_ar", "host_gbps_best": 289.28644505025784, "host_gbps_median": 276.61772243407677, "matrix_dim": 32768, "network_delta": {"cilium_host": {"rx_bytes": 0, "tx_bytes": 0}, "cilium_net": {"rx_bytes": 0, "tx_bytes": 0}, "docker0": {"rx_bytes": 0, "tx_bytes": 0}, "eth0": {"rx_bytes": 1065367, "tx_bytes": 9923986}, "eth1": {"rx_bytes": 1212574250831, "tx_bytes": 1207290722276}, "eth2": {"rx_bytes": 1212518593897, "tx_bytes": 1206242687222}, "lo": {"rx_bytes": 6855538, "tx_bytes": 6855538}, "lxc7a46b7c617f2": {"rx_bytes": 2234850, "tx_bytes": 712948}, "lxc98965bb30804": {"rx_bytes": 19383, "tx_bytes": 111391}, "lxcc0f9da7fa3ad": {"rx_bytes": 53355, "tx_bytes": 6180}, "lxcee5710d8dac0": {"rx_bytes": 35188, "tx_bytes": 6539}, "lxceee434c5d682": {"rx_bytes": 1377, "tx_bytes": 21203}}, "participants_per_slice": 8, "reps": 8, "shard_bytes_per_device": 1073741824.0, "time_ms_all": [253.51840159855783, 249.8978434014134, 256.5351480967365, 245.47805729089305, 237.5482083996758, 244.47617379482836, 246.95735540008172, 250.63286540098488], "time_ms_best": 237.5482083996758, "time_ms_median": 248.42759940074757, "variant": "exchange_add", "warmups": 200}
MANUAL_AR_SUMMARY {"exchange_add@32768": 289.3, "psum@32768": 262.3}
I0909 12:50:47.180593   20788 megascale_context.cc:439] Destroying MegaScale PjrtExecutableContext: jit__identity_fn
W0909 12:50:47.184891   21749 pjrt_client.h:601] UpdateGlobalProcessInfo is not supported.
I0909 12:50:47.207742   20788 allocator_stats_reporter.cc:147] Stopping AllocatorStatsReporter. Reporting one last time first.
I0909 12:50:47.208101   21510 tpu_diagnostic_coordinator.cc:565] TpuStallWorker thread exiting.
I0909 12:50:47.391401   20788 tpunetd_client.cc:431] Session master stopping the session...
I0909 12:50:47.391534   21752 session_worker_service.cc:115] Session master notifies the worker to disconnect from session 5e11c51762b4a8bf
I0909 12:50:47.391628   20788 tpunetd_client.cc:433] Session master stopped the session.
I0909 12:50:47.391641   20788 tpunetd_client.cc:438] Session manager stopping the session...
I0909 12:50:47.495991   20788 tpunetd_client.cc:440] Session manager stopped the session.
I0909 12:50:52.821970   23505 block_allocator.cc:209] MegaScale alloactor peak usage: 6807897088
I0909 12:50:53.137950   23748 async_driver.cc:1178] [/dev/vfio/5 tpu662:pe0:1] vf_id:0 Driver closed.
I0909 12:50:53.244565   23383 async_driver.cc:1178] [/dev/vfio/4 tpu662:pe0:0] vf_id:0 Driver closed.
I0909 12:50:54.289152   22685 async_driver.cc:1178] [/dev/vfio/1 tpu662:pe0:3] vf_id:0 Driver closed.
I0909 12:50:54.289671   22064 async_driver.cc:1178] [/dev/vfio/6 tpu662:pe0:2] vf_id:0 Driver closed.
I0909 12:50:54.292187   24032 megascale_context.cc:439] Destroying MegaScale PjrtExecutableContext: jit__identity_fn
I0909 12:50:54.292287   24032 megascale_context.cc:1131] Destroying MegaScale PjrtClientContext.
MC_CONFIG_END name=base pass=3
MC_CONFIG_BEGIN name=mrss16 pass=3 port=1310 flags=--xla_tpu_use_megascale_host_reduction=false --megascale_max_reduction_shard_size=16777216
ERROR: Accessing retired flag 'eventmanager2_as_default_eventmanager'
I0909 12:51:03.743880   24040 b295d63588a.cc:792] Linux version 6.12.94+ (builder@b181c7a13d4c) (Chromium OS 17.0_pre498229-r33 clang version 17.0.0 (/mnt/host/source/src/third_party/llvm-project 14f0776550b5a49e1c42f49a00213f7f3fa047bf), LLD 17.0.0) #1 SMP Mon Jul 27 22:05:55 UTC 2026
I0909 12:51:03.744186   24040 b295d63588a.cc:876] Process id 24040
I0909 12:51:03.744204   24040 b295d63588a.cc:882] Current working directory /jax-ai-image
I0909 12:51:03.744211   24040 b295d63588a.cc:885] Current timezone is UTC (currently UTC +00:00)
I0909 12:51:03.744214   24040 b295d63588a.cc:890] Built on Dec 31 1969 16:00:00 (0)
I0909 12:51:03.744215   24040 b295d63588a.cc:891]  at redacted@redacted:.
I0909 12:51:03.744216   24040 b295d63588a.cc:892]  as //learning/45eac/tfrc/executor:_libtpu.so.native
I0909 12:51:03.744218   24040 b295d63588a.cc:893]  for gcc-4.X.Y-crosstool-v18-llvm-grtev4-k8.k8
I0909 12:51:03.744219   24040 b295d63588a.cc:902] Build tool: redacted
I0909 12:51:03.744221   24040 b295d63588a.cc:903] Build target: 
I0909 12:51:03.744228   24040 b295d63588a.cc:911] Command line arguments:
I0909 12:51:03.744229   24040 b295d63588a.cc:913] argv[0]: './tpu_driver'
I0909 12:51:03.744232   24040 b295d63588a.cc:913] argv[1]: '--minloglevel=0'
I0909 12:51:03.744233   24040 b295d63588a.cc:913] argv[2]: '--stderrthreshold=0'
I0909 12:51:03.744234   24040 b295d63588a.cc:913] argv[3]: '--v=0'
I0909 12:51:03.744235   24040 b295d63588a.cc:913] argv[4]: '--vmodule='
I0909 12:51:03.744236   24040 b295d63588a.cc:913] argv[5]: '--log_dir=/tmp/tpu_logs/benchmark'
I0909 12:51:03.744237   24040 b295d63588a.cc:913] argv[6]: '--max_log_size=1024'
I0909 12:51:03.744238   24040 b295d63588a.cc:913] argv[7]: '--deepsea_hal_included_devs=3,0,1,2'
I0909 12:51:03.744240   24040 b295d63588a.cc:913] argv[8]: '--megascale_transport_numa_node=0,1'
I0909 12:51:03.744242   24040 b295d63588a.cc:913] argv[9]: '--next_pluggable_device_use_c_api=0'
I0909 12:51:03.744244   24040 b295d63588a.cc:913] argv[10]: '--deepsea_wrap=false,false,false'
I0909 12:51:03.744246   24040 b295d63588a.cc:913] argv[11]: '--deepsea_twist=false'
I0909 12:51:03.744247   24040 b295d63588a.cc:913] argv[12]: '--deepsea_chip_config_name=default'
I0909 12:51:03.744249   24040 b295d63588a.cc:913] argv[13]: '--deepsea_chips_per_host_bounds=2,2,1'
I0909 12:51:03.744250   24040 b295d63588a.cc:913] argv[14]: '--deepsea_host_bounds=1,1,1'
I0909 12:51:03.744251   24040 b295d63588a.cc:913] argv[15]: '--deepsea_slice_builder_worker_port=8471'
I0909 12:51:03.744253   24040 b295d63588a.cc:913] argv[16]: '--deepsea_slice_builder_worker_addresses=dcn-mc3-slice-0-0.dcn-mc3:8471'
I0909 12:51:03.744255   24040 b295d63588a.cc:913] argv[17]: '--tpu_slice_builder_dump_chip=false'
I0909 12:51:03.744256   24040 b295d63588a.cc:913] argv[18]: '--tpu_slice_builder_dump_chip_force=false'
I0909 12:51:03.744258   24040 b295d63588a.cc:913] argv[19]: '--tpu_slice_builder_dump_to_localhost=1'
I0909 12:51:03.744259   24040 b295d63588a.cc:913] argv[20]: '--vbar_control_service_url=unix:///var/run/tpu-plugin/vbar.sock'
I0909 12:51:03.744260   24040 b295d63588a.cc:913] argv[21]: '--bypass_vbar_control_service=0'
I0909 12:51:03.744262   24040 b295d63588a.cc:913] argv[22]: '--deepsea_ici_resilient=false'
I0909 12:51:03.744263   24040 b295d63588a.cc:913] argv[23]: '--xla_tpu_use_resilient_collective_emitter=false'
I0909 12:51:03.744264   24040 b295d63588a.cc:913] argv[24]: '--tpu_slice_builder_topology_discovery_fault_injection='
I0909 12:51:03.744266   24040 b295d63588a.cc:913] argv[25]: '--runtime_metric_service_port=8431'
I0909 12:51:03.744267   24040 b295d63588a.cc:913] argv[26]: '--tpu_hbm_report_enable=1'
I0909 12:51:03.744268   24040 b295d63588a.cc:913] argv[27]: '--tpu_hbm_report_frequency=5s'
I0909 12:51:03.744269   24040 b295d63588a.cc:913] argv[28]: '--megascale_coordinator_address=dcn-mc3-slice-0-0.dcn-mc3:8081'
I0909 12:51:03.744271   24040 b295d63588a.cc:913] argv[29]: '--megascale_slice_id=0'
I0909 12:51:03.744272   24040 b295d63588a.cc:913] argv[30]: '--megascale_num_slices=2'
I0909 12:51:03.744274   24040 b295d63588a.cc:913] argv[31]: '--megascale_transport_type=grpc'
I0909 12:51:03.744275   24040 b295d63588a.cc:913] argv[32]: '--megascale_port=8081'
I0909 12:51:03.744276   24040 b295d63588a.cc:913] argv[33]: '--megascale_use_insecure_grpc'
I0909 12:51:03.744277   24040 b295d63588a.cc:913] argv[34]: '--megascale_grpc_use_chaotic_good=true'
I0909 12:51:03.744283   24040 b295d63588a.cc:913] argv[35]: '--megascale_grpc_use_event_engine_allocator=true'
I0909 12:51:03.744285   24040 b295d63588a.cc:913] argv[36]: '--grpc_enable_tcp_recv_zerocopy=false'
I0909 12:51:03.744286   24040 b295d63588a.cc:913] argv[37]: '--grpc_enable_rpc_receive_coalescing=true'
I0909 12:51:03.744287   24040 b295d63588a.cc:913] argv[38]: '--megascale_grpc_enable_numa_aware_transmit=true'
I0909 12:51:03.744288   24040 b295d63588a.cc:913] argv[39]: '--megascale_grpc_use_numa_aware_event_engine=true'
I0909 12:51:03.744289   24040 b295d63588a.cc:913] argv[40]: '--megascale_debug_port=8081'
I0909 12:51:03.744290   24040 b295d63588a.cc:913] argv[41]: '--eventmanager2_as_default_eventmanager'
I0909 12:51:03.744292   24040 b295d63588a.cc:913] argv[42]: '--eventmanager2_default_autosizer=mean_latency'
I0909 12:51:03.744293   24040 b295d63588a.cc:913] argv[43]: '--megascale_grpc_enable_xor_tracer=true'
I0909 12:51:03.744294   24040 b295d63588a.cc:913] argv[44]: '--xor_trace_sampling_period=100'
I0909 12:51:03.744295   24040 b295d63588a.cc:913] argv[45]: '--rpc_transport_metrics_period=20'
I0909 12:51:03.744297   24040 b295d63588a.cc:913] argv[46]: '--grpc_experiments=event_engine_client,chaotic_good_framing_layer,tcp_rcv_lowat,instrument_tcp_telemetry,event_engine_listener,use_call_event_engine_in_completion_queue'
I0909 12:51:03.744298   24040 b295d63588a.cc:913] argv[47]: '--enable_runtime_uptime_telemetry=true'
I0909 12:51:03.744300   24040 b295d63588a.cc:913] argv[48]: '--xla_tpu_use_megascale_host_reduction=false'
I0909 12:51:03.744301   24040 b295d63588a.cc:913] argv[49]: '--megascale_max_reduction_shard_size=16777216'
I0909 12:51:03.744302   24040 b295d63588a.cc:913] argv[50]: '--xla_tpu_use_enhanced_launch_barrier=true'
I0909 12:51:03.744304   24040 b295d63588a.cc:913] argv[51]: '--xla_tpu_prefer_async_allgather_to_allreduce=true'
I0909 12:51:03.744305   24040 b295d63588a.cc:913] argv[52]: '--xla_tpu_data_parallel_opt_different_sized_ops=true'
I0909 12:51:03.744306   24040 b295d63588a.cc:913] argv[53]: '--xla_tpu_enable_data_parallel_all_reduce_opt=true'
I0909 12:51:03.744308   24040 b295d63588a.cc:913] argv[54]: '--megascale_coordinator_address=dcn-mc3-slice-0-0.dcn-mc3:8081'
I0909 12:51:03.744309   24040 b295d63588a.cc:913] argv[55]: '--megascale_slice_id=0'
I0909 12:51:03.744311   24040 b295d63588a.cc:913] argv[56]: '--megascale_num_slices=2'
I0909 12:51:03.744312   24040 b295d63588a.cc:913] argv[57]: '--megascale_transport_type=grpc'
I0909 12:51:03.744313   24040 b295d63588a.cc:913] argv[58]: '--megascale_port=8081'
I0909 12:51:03.744315   24040 b295d63588a.cc:913] argv[59]: '--megascale_use_insecure_grpc'
I0909 12:51:03.744316   24040 b295d63588a.cc:913] argv[60]: '--megascale_grpc_interface_prefixes=eth1,eth2,lo'
I0909 12:51:03.744518   24040 init.cc:78] Remote crash gathering hook installed.
I0909 12:51:03.778747   24040 tpu_runtime_type_flags.cc:78] --tpu_use_tfrt not specified. Using default value: true
I0909 12:51:03.778844   24040 host_command_handler_factory.cc:31] Skipping registration of host command handler for opcode Log because it is not in the allowlist.
I0909 12:51:03.778864   24040 tpu_hal.cc:467] Registered plugin from module: megascale_sync_flag_logger
I0909 12:51:03.780926   24040 tpu_hal.cc:467] Registered plugin from module: RuntimeMetricHelper
E0909 12:51:03.780949   24040 autosizer.cc:43] mean_latency is deprecated. Please remove this setting.
I0909 12:51:03.783158   24040 logger.cc:308] Enabling threaded logging for severity WARNING
I0909 12:51:03.783187   24040 tpu_hal.cc:467] Registered plugin from module: sdc_checker_callback
I0909 12:51:03.783790   24040 mlock.cc:220] mlock()-ed 4096 bytes for BuildID, using 1 syscalls.
I0909 12:51:03.783842   24040 debug_manager.cc:266] Registering error handler with name: libtpu_telemetry_handler
I0909 12:51:03.798211   24040 singleton_tpu_states_manager.cc:86] TPU premapped buffer enabled. Size: 4294967296 Threshold: 4294967296 Partitions: 1
I0909 12:51:03.798226   24040 singleton_tpu_states_manager.cc:110] TpuStatesManager::GetOrCreate(): no tpu system exists. Creating a new tpu system.
I0909 12:51:03.804901   24040 device_util.cc:89] Found 4 TPU7x chips.
I0909 12:51:03.804918   24040 tpu_version_flag.cc:77] Using auto-detected TPU version TPU7x
I0909 12:51:03.821478   24040 tpu_chip_config.cc:367] Resolved chip config alias default->megachip for 6acc60406, 
I0909 12:51:03.821766   24040 pending_event_logger.cc:1003] Enabling PjRt/TPU event dependency logging.
I0909 12:51:03.827387   24415 flags_util.cc:316] Using 8471 from --deepsea_slice_builder_worker_port as SliceBuilder worker service port.
I0909 12:51:03.832754   24415 tpu_network_factory.cc:67] Running in Cloud, using TpunetdClient
I0909 12:51:03.832774   24415 tpunetd_client.cc:163] Creating TpunetdClient with topology go/debugstr  
x_dimension: 2
y_dimension: 2
z_dimension: 1
x_wrapping: false
y_wrapping: false
z_wrapping: false
I0909 12:51:03.841763   24415 init-domain.cc:132] Fiber init: default domain = futex, concurrency = 246, prefix = futex-default
I0909 12:51:05.674013   24418 async_driver.cc:485] [/dev/vfio/4 tpu662:pe0:0] vf_id:0 Driver opened.
I0909 12:51:05.674828   24420 async_driver.cc:485] [/dev/vfio/6 tpu662:pe0:2] vf_id:0 Driver opened.
I0909 12:51:05.684339   24419 async_driver.cc:485] [/dev/vfio/5 tpu662:pe0:1] vf_id:0 Driver opened.
I0909 12:51:05.740785   24417 futex.cc:71] RAW: Futex::Swap(): using GFUTEX_SWAP
I0909 12:51:05.757504   24418 tpu_vxc_driver.cc:967] Throttled firmware queue size configured to 223(Firmware queue size: 256, leaving 32 for misc purposes).
I0909 12:51:05.765959   24420 tpu_vxc_driver.cc:967] Throttled firmware queue size configured to 223(Firmware queue size: 256, leaving 32 for misc purposes).
I0909 12:51:05.774535   24419 tpu_vxc_driver.cc:967] Throttled firmware queue size configured to 223(Firmware queue size: 256, leaving 32 for misc purposes).
I0909 12:51:05.783271   24421 async_driver.cc:485] [/dev/vfio/1 tpu662:pe0:3] vf_id:0 Driver opened.
I0909 12:51:05.822784   24421 tpu_vxc_driver.cc:967] Throttled firmware queue size configured to 223(Firmware queue size: 256, leaving 32 for misc purposes).
I0909 12:51:05.823087   24418 async_driver.cc:1843] All cores supported.
I0909 12:51:05.824209   24420 async_driver.cc:1843] All cores supported.
I0909 12:51:05.824311   24419 async_driver.cc:1843] All cores supported.
I0909 12:51:05.832420   24421 async_driver.cc:1843] All cores supported.
I0909 12:51:05.832461   24415 tpunetd_client.cc:338] Connecting to vbar control service at unix:///var/run/tpu-plugin/vbar.sock
I0909 12:51:05.832528   24415 config.cc:265] gRPC experiments: instrument_tcp_telemetry:on, tcp_rcv_lowat:on, use_call_event_engine_in_completion_queue:on; default-enabled: buffer_list_deletion_prep, cache_loas_context_in_connection_context, call_tracer_send_initial_metadata_is_an_annotation, callv3_batch_validation, callv3_ef5bb7_client, callv3_ef5bb7_server, chaotic_good_framing_layer, chaotic_good_send_supported_features, custom_frame_check, directpath_rpc_header_sanitization_filter, ef5bb7_global_family_cache, event_engine_callback_cq, event_engine_client, event_engine_listener, header_data_frame, inproc_cancel_stream, message_size_refactoring, monitoring_experiment, optimization_01, optimization_02, optimization_03, optimization_04, ph2_perf_01, promise_batch_cleanup_on_cancel, promise_filter_send_cancel_metadata, psp_tsi_handshaker_shutdown, skip_clear_peer_on_cancellation, tsi_frame_protector_without_locks, v2_non_owning_waker_implementation, verbose_channelz_connection_logging, wildcard_ip_expansion_restriction, xds_server_filter_chain_per_route
I0909 12:51:05.837601   24415 tpunetd_client.cc:289] Session manager starting a new session...
I0909 12:51:05.941958   24415 vbar_control.cc:201] TPU backend connection test passed! 
I0909 12:51:06.147759   24415 tpunetd_client.cc:291] Session manager started the new session.
I0909 12:51:06.147771   24415 tpunetd_client.cc:295] Session master starting a new session...
I0909 12:51:06.147773   24415 session_master.cc:263] Starting a new ICI network session...
I0909 12:51:06.148036   24417 session_worker_service.cc:110] Session master notifies the worker in a new session: 1da6cabe40d9b893
I0909 12:51:06.252642   24415 session_master.cc:307] Successfully started ICI network session with session id: 1da6cabe40d9b893
I0909 12:51:06.252704   24415 tpunetd_client.cc:297] Session master started the new session.
I0909 12:51:06.256740   24415 tpu_hal.cc:209] Starting premapped memory manager initialization...
W0909 12:51:06.259933   24420 libtpu_telemetry_utils.cc:44] Metric already exists: hlo.execution.timing.distribution.microseconds
W0909 12:51:06.259933   24418 libtpu_telemetry_utils.cc:44] Metric already exists: hlo.execution.timing.distribution.microseconds
W0909 12:51:06.259943   24418 libtpu_telemetry_utils.cc:44] Metric already exists: hlo.queue.size.gauge
W0909 12:51:06.259943   24420 libtpu_telemetry_utils.cc:44] Metric already exists: hlo.queue.size.gauge
W0909 12:51:06.259974   24421 libtpu_telemetry_utils.cc:44] Metric already exists: hlo.execution.timing.distribution.microseconds
W0909 12:51:06.259988   24421 libtpu_telemetry_utils.cc:44] Metric already exists: hlo.queue.size.gauge
W0909 12:51:06.261334   24419 libtpu_telemetry_utils.cc:44] Metric already exists: hlo.execution.timing.distribution.microseconds
W0909 12:51:06.261337   24418 libtpu_telemetry_utils.cc:44] Metric already exists: hlo.execution.timing.distribution.microseconds
W0909 12:51:06.261342   24420 libtpu_telemetry_utils.cc:44] Metric already exists: hlo.execution.timing.distribution.microseconds
W0909 12:51:06.261351   24418 libtpu_telemetry_utils.cc:44] Metric already exists: hlo.queue.size.gauge
W0909 12:51:06.261351   24419 libtpu_telemetry_utils.cc:44] Metric already exists: hlo.queue.size.gauge
W0909 12:51:06.261352   24420 libtpu_telemetry_utils.cc:44] Metric already exists: hlo.queue.size.gauge
W0909 12:51:06.261391   24421 libtpu_telemetry_utils.cc:44] Metric already exists: hlo.execution.timing.distribution.microseconds
W0909 12:51:06.261402   24421 libtpu_telemetry_utils.cc:44] Metric already exists: hlo.queue.size.gauge
I0909 12:51:08.597460   24415 runtime_metric_service.cc:197] Successfully started Runtime Metric Service on port: 8431
I0909 12:51:08.597648   24415 system.cc:1112] tpu::System initialized, current host id: 0, logical device ids: 0,1,2,3,4,5,6,7
I0909 12:51:08.597696   24040 tpu_system_state.cc:224] CreateTpuSystemState: TPU initialization is successful and it took 4.775918807s
I0909 12:51:08.597715   24040 tpu_system_state.cc:228] CreateTpuSystemState: using TPU host premapped buffer of size: 4294967296
I0909 12:51:08.597732   24040 tpu_host_allocator.cc:68] Premapped buffer is using alignment 64
I0909 12:51:08.598226   24040 tpu_linearizer.cc:104] Inflight linearization byte limit configured to : 1099511627776
I0909 12:51:08.598232   24040 tpu_linearizer.cc:118] Inflight delinearization byte limit configured to : 1099511627776
I0909 12:51:08.598529   24761 tpu_diagnostic_coordinator.cc:610] TpuDiagnosticCoordinator listening on socket /tmp/tpu_diag_trigger_24040.socket (symlinked at /tmp/tpu_diag_latest.socket)
I0909 12:51:08.598733   24040 allocator_stats_reporter.cc:117] Starting AllocatorStats Reporter with reporting interval: 5s
I0909 12:51:08.598761   24040 megascale_context.cc:969] Using shared executor for compute since we are running on 6acc60406.
W0909 12:51:08.598767   24040 impairments_service.cc:60] Resetting impairments.
I0909 12:51:08.598786   24040 numa_utils.cc:43] Available NUMA node in this process: 0,1
E0909 12:51:08.598930   24040 autosizer.cc:43] mean_latency is deprecated. Please remove this setting.
E0909 12:51:08.601281   24040 autosizer.cc:43] mean_latency is deprecated. Please remove this setting.
I0909 12:51:08.603788   24040 flags.cc:231] The actual send_rpc_timeout is set to: 45s. Adjusted from the original send_rpc_timeout: 45s, graph_hang_threshold: 5m, graph_within_launch_hang_threshold: 1m
I0909 12:51:08.603803   24040 numa_aware_allocator.cc:60] Creating numa aware allocators, number of NUMA nodes is 2
I0909 12:51:08.603808   24040 numa_aware_allocator.cc:63] Creating numa aware allocator for NUMA nodes 0
I0909 12:51:08.603828   24040 communication_backend.cc:300] Done allocating premapped memory of size 17179869184 bytes in 19.14us
I0909 12:51:08.603833   24040 numa_aware_allocator.cc:76] Binding memory address 0x7f5d63fff000 with NUMA node mask 1
I0909 12:51:20.879346   24040 communication_backend.cc:310] Done premapping memory of size 17179869184 bytes in 12.274990396s
I0909 12:51:20.879385   24040 numa_aware_allocator.cc:63] Creating numa aware allocator for NUMA nodes 1
I0909 12:51:20.879411   24040 communication_backend.cc:300] Done allocating premapped memory of size 17179869184 bytes in 21.075us
I0909 12:51:20.879416   24040 numa_aware_allocator.cc:76] Binding memory address 0x7f5963ffd000 with NUMA node mask 2
I0909 12:51:33.278977   24040 communication_backend.cc:310] Done premapping memory of size 17179869184 bytes in 12.398641843s
I0909 12:51:33.279015   24040 communication_backend.cc:375] Preallocated 17179869184 bytes with Megascale allocator.
I0909 12:51:33.279042   24040 eigen_compute_engine.cc:333] Creating EigenComputeEngine with options: { executor = 0x58ef95729460,  force_use_shared_executor = true,  num_cores_per_device = 16 }
E0909 12:51:33.279183   24040 autosizer.cc:43] mean_latency is deprecated. Please remove this setting.
I0909 12:51:33.279202   24683 communication_backend.cc:1179] Initializing MegaScale transport.
E0909 12:51:33.279259   24683 autosizer.cc:43] mean_latency is deprecated. Please remove this setting.
E0909 12:51:33.282671   24040 autosizer.cc:43] mean_latency is deprecated. Please remove this setting.
E0909 12:51:33.283157   24683 autosizer.cc:43] mean_latency is deprecated. Please remove this setting.
E0909 12:51:33.285023   24040 autosizer.cc:43] mean_latency is deprecated. Please remove this setting.
E0909 12:51:33.298919   24683 autosizer.cc:43] mean_latency is deprecated. Please remove this setting.
E0909 12:51:33.298955   24040 autosizer.cc:43] mean_latency is deprecated. Please remove this setting.
E0909 12:51:33.302298   24040 autosizer.cc:43] mean_latency is deprecated. Please remove this setting.
I0909 12:51:33.302406   24683 grpc_transport.cc:2407] Create GrpcTransport with LIBTPU_ON_GCE.
I0909 12:51:33.302453   24683 transport.cc:862] Using IP addresses for interface discovery.
I0909 12:51:33.302457   24683 transport.cc:757] Could not read interface to NUMA node map from env variables, falling back to reading from file system.
I0909 12:51:33.302574   24683 transport.cc:723] Could not read filename /sys/class/net/cilium_host/device/numa_node with status Stat failed for /sys/class/net/cilium_host/device/numa_node: No such file or directory
I0909 12:51:33.302583   24683 transport.cc:723] Could not read filename /sys/class/net/cilium_net/device/numa_node with status Stat failed for /sys/class/net/cilium_net/device/numa_node: No such file or directory
I0909 12:51:33.302589   24683 transport.cc:723] Could not read filename /sys/class/net/docker0/device/numa_node with status Stat failed for /sys/class/net/docker0/device/numa_node: No such file or directory
I0909 12:51:33.303275   24683 transport.cc:723] Could not read filename /sys/class/net/lo/device/numa_node with status Stat failed for /sys/class/net/lo/device/numa_node: No such file or directory
I0909 12:51:33.303282   24683 transport.cc:723] Could not read filename /sys/class/net/lxc7a46b7c617f2/device/numa_node with status Stat failed for /sys/class/net/lxc7a46b7c617f2/device/numa_node: No such file or directory
I0909 12:51:33.303288   24683 transport.cc:723] Could not read filename /sys/class/net/lxc98965bb30804/device/numa_node with status Stat failed for /sys/class/net/lxc98965bb30804/device/numa_node: No such file or directory
I0909 12:51:33.303293   24683 transport.cc:723] Could not read filename /sys/class/net/lxcc0f9da7fa3ad/device/numa_node with status Stat failed for /sys/class/net/lxcc0f9da7fa3ad/device/numa_node: No such file or directory
I0909 12:51:33.303299   24683 transport.cc:723] Could not read filename /sys/class/net/lxcee5710d8dac0/device/numa_node with status Stat failed for /sys/class/net/lxcee5710d8dac0/device/numa_node: No such file or directory
I0909 12:51:33.303305   24683 transport.cc:723] Could not read filename /sys/class/net/lxceee434c5d682/device/numa_node with status Stat failed for /sys/class/net/lxceee434c5d682/device/numa_node: No such file or directory
I0909 12:51:33.303307   24683 transport.cc:734] Interfaces on available NUMA nodes: [{"eth1", 0}, {"eth0", 0}, {"eth2", 1}]
I0909 12:51:33.303333   24683 transport.cc:761] Interfaces corresponding to process' NUMA nodes: [[{"eth2", 1}, {"eth1", 0}, {"eth0", 0}]]
I0909 12:51:33.304058   24683 transport.cc:773] Interface eth0 will not be used as it does not start with one of the prefixes: eth1,eth2,lo
I0909 12:51:33.304067   24683 transport.cc:773] Interface docker0 will not be used as it does not start with one of the prefixes: eth1,eth2,lo
I0909 12:51:33.304068   24683 transport.cc:773] Interface lxceee434c5d682 will not be used as it does not start with one of the prefixes: eth1,eth2,lo
I0909 12:51:33.304069   24683 transport.cc:773] Interface cilium_net will not be used as it does not start with one of the prefixes: eth1,eth2,lo
I0909 12:51:33.304071   24683 transport.cc:773] Interface cilium_host will not be used as it does not start with one of the prefixes: eth1,eth2,lo
I0909 12:51:33.304072   24683 transport.cc:773] Interface lxc98965bb30804 will not be used as it does not start with one of the prefixes: eth1,eth2,lo
I0909 12:51:33.304073   24683 transport.cc:773] Interface lxc7a46b7c617f2 will not be used as it does not start with one of the prefixes: eth1,eth2,lo
I0909 12:51:33.304074   24683 transport.cc:773] Interface lxcc0f9da7fa3ad will not be used as it does not start with one of the prefixes: eth1,eth2,lo
I0909 12:51:33.304075   24683 transport.cc:773] Interface lxcee5710d8dac0 will not be used as it does not start with one of the prefixes: eth1,eth2,lo
I0909 12:51:33.304077   24683 transport.cc:773] Interface eth0 will not be used as it does not start with one of the prefixes: eth1,eth2,lo
I0909 12:51:33.304127   24683 transport.cc:819] Added IP address 10.240.96.10:8081 on network interface eth1
I0909 12:51:33.304132   24683 transport.cc:819] Added IP address 10.240.48.10:8081 on network interface eth2
I0909 12:51:33.304133   24683 transport.cc:773] Interface docker0 will not be used as it does not start with one of the prefixes: eth1,eth2,lo
I0909 12:51:33.304135   24683 transport.cc:773] Interface lxceee434c5d682 will not be used as it does not start with one of the prefixes: eth1,eth2,lo
I0909 12:51:33.304136   24683 transport.cc:773] Interface cilium_host will not be used as it does not start with one of the prefixes: eth1,eth2,lo
I0909 12:51:33.304137   24683 transport.cc:773] Interface lxc98965bb30804 will not be used as it does not start with one of the prefixes: eth1,eth2,lo
I0909 12:51:33.304138   24683 transport.cc:773] Interface lxc7a46b7c617f2 will not be used as it does not start with one of the prefixes: eth1,eth2,lo
I0909 12:51:33.304139   24683 transport.cc:773] Interface lxcc0f9da7fa3ad will not be used as it does not start with one of the prefixes: eth1,eth2,lo
I0909 12:51:33.304140   24683 transport.cc:773] Interface lxcee5710d8dac0 will not be used as it does not start with one of the prefixes: eth1,eth2,lo
I0909 12:51:33.304142   24683 transport.cc:773] Interface eth0 will not be used as it does not start with one of the prefixes: eth1,eth2,lo
I0909 12:51:33.304144   24683 transport.cc:773] Interface lxceee434c5d682 will not be used as it does not start with one of the prefixes: eth1,eth2,lo
I0909 12:51:33.304145   24683 transport.cc:773] Interface cilium_net will not be used as it does not start with one of the prefixes: eth1,eth2,lo
I0909 12:51:33.304147   24683 transport.cc:773] Interface cilium_host will not be used as it does not start with one of the prefixes: eth1,eth2,lo
I0909 12:51:33.304148   24683 transport.cc:773] Interface lxc98965bb30804 will not be used as it does not start with one of the prefixes: eth1,eth2,lo
I0909 12:51:33.304150   24683 transport.cc:773] Interface lxc7a46b7c617f2 will not be used as it does not start with one of the prefixes: eth1,eth2,lo
I0909 12:51:33.304151   24683 transport.cc:773] Interface lxcc0f9da7fa3ad will not be used as it does not start with one of the prefixes: eth1,eth2,lo
I0909 12:51:33.304152   24683 transport.cc:773] Interface lxcee5710d8dac0 will not be used as it does not start with one of the prefixes: eth1,eth2,lo
I0909 12:51:33.304160   24683 grpc_transport.cc:2332] Creating gRPC server on: 10.240.96.10:8081eth1
I0909 12:51:33.304175   24683 grpc_transport.cc:2348] Creating gRPC server with event engine allocator (chaotic good).
I0909 12:51:33.304186   24683 grpc_transport.cc:2365] Starting gRPC server on: 10.240.96.10:8081
I0909 12:51:33.304779   24683 grpc_transport.cc:2332] Creating gRPC server on: 10.240.48.10:8081eth2
I0909 12:51:33.304803   24683 grpc_transport.cc:2348] Creating gRPC server with event engine allocator (chaotic good).
I0909 12:51:33.304808   24683 grpc_transport.cc:2365] Starting gRPC server on: 10.240.48.10:8081
I0909 12:51:33.305090   24683 communication_backend.cc:1290] MegaScale transport initialized.
I0909 12:51:33.305102   24683 communication_backend.cc:1489] MegaScale transport init succeeded.
E0909 12:51:33.305283   24040 autosizer.cc:43] mean_latency is deprecated. Please remove this setting.
I0909 12:51:33.307567   24040 debug_service_impl.cc:185] Starting Megascale Debug Server
I0909 12:51:33.307939   24040 topology_coordinator.cc:57] Megascale Topology Coordinator started for 2 slices
I0909 12:51:33.307963   24040 transport.cc:862] Using IP addresses for interface discovery.
I0909 12:51:33.307966   24040 transport.cc:757] Could not read interface to NUMA node map from env variables, falling back to reading from file system.
I0909 12:51:33.307968   24040 transport.cc:761] Interfaces corresponding to process' NUMA nodes: [[{"eth1", 0}, {"eth2", 1}, {"eth0", 0}]]
I0909 12:51:33.308425   24040 transport.cc:773] Interface eth0 will not be used as it does not start with one of the prefixes: eth1,eth2,lo
I0909 12:51:33.308435   24040 transport.cc:773] Interface docker0 will not be used as it does not start with one of the prefixes: eth1,eth2,lo
I0909 12:51:33.308437   24040 transport.cc:773] Interface lxceee434c5d682 will not be used as it does not start with one of the prefixes: eth1,eth2,lo
I0909 12:51:33.308438   24040 transport.cc:773] Interface cilium_net will not be used as it does not start with one of the prefixes: eth1,eth2,lo
I0909 12:51:33.308440   24040 transport.cc:773] Interface cilium_host will not be used as it does not start with one of the prefixes: eth1,eth2,lo
I0909 12:51:33.308441   24040 transport.cc:773] Interface lxc98965bb30804 will not be used as it does not start with one of the prefixes: eth1,eth2,lo
I0909 12:51:33.308442   24040 transport.cc:773] Interface lxc7a46b7c617f2 will not be used as it does not start with one of the prefixes: eth1,eth2,lo
I0909 12:51:33.308444   24040 transport.cc:773] Interface lxcc0f9da7fa3ad will not be used as it does not start with one of the prefixes: eth1,eth2,lo
I0909 12:51:33.308445   24040 transport.cc:773] Interface lxcee5710d8dac0 will not be used as it does not start with one of the prefixes: eth1,eth2,lo
I0909 12:51:33.308447   24040 transport.cc:773] Interface eth0 will not be used as it does not start with one of the prefixes: eth1,eth2,lo
I0909 12:51:33.308452   24040 transport.cc:819] Added IP address 10.240.96.10:8081 on network interface eth1
I0909 12:51:33.308456   24040 transport.cc:819] Added IP address 10.240.48.10:8081 on network interface eth2
I0909 12:51:33.308458   24040 transport.cc:773] Interface docker0 will not be used as it does not start with one of the prefixes: eth1,eth2,lo
I0909 12:51:33.308459   24040 transport.cc:773] Interface lxceee434c5d682 will not be used as it does not start with one of the prefixes: eth1,eth2,lo
I0909 12:51:33.308460   24040 transport.cc:773] Interface cilium_host will not be used as it does not start with one of the prefixes: eth1,eth2,lo
I0909 12:51:33.308462   24040 transport.cc:773] Interface lxc98965bb30804 will not be used as it does not start with one of the prefixes: eth1,eth2,lo
I0909 12:51:33.308464   24040 transport.cc:773] Interface lxc7a46b7c617f2 will not be used as it does not start with one of the prefixes: eth1,eth2,lo
I0909 12:51:33.308466   24040 transport.cc:773] Interface lxcc0f9da7fa3ad will not be used as it does not start with one of the prefixes: eth1,eth2,lo
I0909 12:51:33.308468   24040 transport.cc:773] Interface lxcee5710d8dac0 will not be used as it does not start with one of the prefixes: eth1,eth2,lo
I0909 12:51:33.308471   24040 transport.cc:773] Interface eth0 will not be used as it does not start with one of the prefixes: eth1,eth2,lo
I0909 12:51:33.308474   24040 transport.cc:773] Interface lxceee434c5d682 will not be used as it does not start with one of the prefixes: eth1,eth2,lo
I0909 12:51:33.308476   24040 transport.cc:773] Interface cilium_net will not be used as it does not start with one of the prefixes: eth1,eth2,lo
I0909 12:51:33.308479   24040 transport.cc:773] Interface cilium_host will not be used as it does not start with one of the prefixes: eth1,eth2,lo
I0909 12:51:33.308481   24040 transport.cc:773] Interface lxc98965bb30804 will not be used as it does not start with one of the prefixes: eth1,eth2,lo
I0909 12:51:33.308484   24040 transport.cc:773] Interface lxc7a46b7c617f2 will not be used as it does not start with one of the prefixes: eth1,eth2,lo
I0909 12:51:33.308486   24040 transport.cc:773] Interface lxcc0f9da7fa3ad will not be used as it does not start with one of the prefixes: eth1,eth2,lo
I0909 12:51:33.308488   24040 transport.cc:773] Interface lxcee5710d8dac0 will not be used as it does not start with one of the prefixes: eth1,eth2,lo
I0909 12:51:33.308495   24040 communication_backend.cc:984] Sending topology discovery request: go/debugstr  
address_mapping {
  addresses {
    address: "10.240.96.10:8081"
    interface_name: "eth1"
    host_name_for_debugging: "gke-tpu-edbc8be2-f4wr"
  }
  addresses {
    address: "10.240.48.10:8081"
    interface_name: "eth2"
    host_name_for_debugging: "gke-tpu-edbc8be2-f4wr"
    numa_node: 1
  }
  incarnation_id: 14599072735656515216
}
tpu_topology_args {
  version: TPU_VERSION_6acc60406
  platform_type: TPU_PLATFORM_TYPE_HARDWARE
  chip_config_name: "default"
  chips_per_host_bounds {
    x: 2
    y: 2
    z: 1
  }
  host_bounds {
    x: 1
    y: 1
    z: 1
  }
  wrap {
  }
  enhanced_barrier_enabled: true
  use_continuations: true
  routing_strategy: ROUTING_MESH
}
incarnation_id: 14599072735656515216
I0909 12:51:33.308799   24040 grpc_transport.cc:2220] Creating client for slice 0 host 0
I0909 12:51:33.308813   24040 grpc_transport.cc:2203] Using default interface. Available interfaces: [eth1,eth2]. Server information: go/debugstr  
address: "dcn-mc3-slice-0-0.dcn-mc3:8081"
I0909 12:51:33.308920   24040 grpc_transport.cc:2278] Created 1 channels for 1 interfaces on slice 0 host 0.
 Load balancing policy: Dynamic lb: max_outstanding_bytes (8388608).
I0909 12:51:33.309658   24877 cachednslookup.cc:391] TTL not found in response, not caching response
I0909 12:51:33.312493   24869 tpu_chip_config.cc:367] Resolved chip config alias default->megachip for 6acc60406, 
I0909 12:51:34.312915   24972 topology_coordinator.cc:178] MegaScale Topology Discovery in progress. Missing hosts (num_slices=1, num_hosts=0): slice1.*
I0909 12:51:35.313046   24972 topology_coordinator.cc:178] MegaScale Topology Discovery in progress. Missing hosts (num_slices=1, num_hosts=0): slice1.*
I0909 12:51:36.313167   24972 topology_coordinator.cc:178] MegaScale Topology Discovery in progress. Missing hosts (num_slices=1, num_hosts=0): slice1.*
I0909 12:51:37.313301   24972 topology_coordinator.cc:178] MegaScale Topology Discovery in progress. Missing hosts (num_slices=1, num_hosts=0): slice1.*
I0909 12:51:38.313414   24972 topology_coordinator.cc:178] MegaScale Topology Discovery in progress. Missing hosts (num_slices=1, num_hosts=0): slice1.*
I0909 12:51:39.313528   24972 topology_coordinator.cc:178] MegaScale Topology Discovery in progress. Missing hosts (num_slices=1, num_hosts=0): slice1.*
I0909 12:51:40.313659   24972 topology_coordinator.cc:178] MegaScale Topology Discovery in progress. Missing hosts (num_slices=1, num_hosts=0): slice1.*
I0909 12:51:41.313774   24972 topology_coordinator.cc:178] MegaScale Topology Discovery in progress. Missing hosts (num_slices=1, num_hosts=0): slice1.*
I0909 12:51:42.306111   25006 tpu_chip_config.cc:367] Resolved chip config alias default->megachip for 6acc60406, 
I0909 12:51:42.306374   25006 topology_coordinator.cc:325] MegaScale Topology Discovery completed.
I0909 12:51:42.306633   24040 communication_backend.cc:1002] Received topology discovery response: go/debugstr  
slice_info {
  tpu_topology_args {
    version: TPU_VERSION_6acc60406
    platform_type: TPU_PLATFORM_TYPE_HARDWARE
    chip_config_name: "default"
    chips_per_host_bounds {
      x: 2
      y: 2
      z: 1
    }
    host_bounds {
      x: 1
      y: 1
      z: 1
    }
    wrap {
    }
    enhanced_barrier_enabled: true
    use_continuations: true
    routing_strategy: ROUTING_MESH
  }
}
slice_info {
  slice_id: 1
  tpu_topology_args {
    version: TPU_VERSION_6acc60406
    platform_type: TPU_PLATFORM_TYPE_HARDWARE
    chip_config_name: "default"
    chips_per_host_bounds {
      x: 2
      y: 2
      z: 1
    }
    host_bounds {
      x: 1
      y: 1
      z: 1
    }
    wrap {
    }
    enhanced_barrier_enabled: true
    use_continuations: true
    routing_strategy: ROUTING_MESH
  }
}
address_mappings {
  addresses {
    address: "10.240.96.10:8081"
    interface_name: "eth1"
    host_name_for_debugging: "gke-tpu-edbc8be2-f4wr"
  }
  addresses {
    address: "10.240.48.10:8081"
    interface_name: "eth2"
    host_name_for_debugging: "gke-tpu-edbc8be2-f4wr"
    numa_node: 1
  }
  incarnation_id: 14599072735656515216
}
address_mappings {
  slice_id: 1
  addresses {
    address: "10.240.96.6:8081"
    interface_name: "eth1"
    host_name_for_debugging: "gke-tpu-edbc8be2-h1bl"
  }
  addresses {
    address: "10.240.48.8:8081"
    interface_name: "eth2"
    host_name_for_debugging: "gke-tpu-edbc8be2-h1bl"
    numa_node: 1
  }
  incarnation_id: 6947393000834248897
}
incarnation_id: 14599072735656515216
I0909 12:51:42.306840   24040 debug_manager.cc:266] Registering error handler with name: default_handler
I0909 12:51:42.306849   24040 megascale_context.cc:571] Using DCN topology: go/debugstr  
I0909 12:51:42.306883   24040 tpu_chip_config.cc:367] Resolved chip config alias default->megachip for 6acc60406, 
DCN_MULTISLICE_PREFLIGHT {"global_device_count": 16, "local_device_count": 8, "process_count": 2, "process_id": 0, "slice_counts": {"0": 8, "1": 8}}
W0909 12:51:42.309200   25007 pjrt_client.h:601] UpdateGlobalProcessInfo is not supported.
I0909 12:51:42.313888   24972 topology_coordinator.cc:173] MegaScale Topology Discovery completed.
I0909 12:51:42.349658   24040 dump.cc:725] HloModule dump enabled with path prefix: , suffix: before_optimizations
W0909 12:51:42.354671   25010 tpu_spmd_partitioner.cc:460] Collective matmul V1 is enabled. Please consider migrating to V2 since V1 will be deprecated soon. You can enable V2 by setting xla_tpu_all_gather_collective_matmul_mode=post_spmd and xla_tpu_reduce_scatter_collective_matmul_mode=post_spmd.
I0909 12:51:42.361924   24040 deepsea_compiler_hlo_passes.cc:6406] xla_tpu_impure_hlo_parallel_compile is DISABLED. jit__identity_fn
I0909 12:51:42.364647   24040 latency_hiding_scheduler.cc:4420] [latency-hiding-scheduler] LatencyHidingScheduler current memory usage: 73792 bytes. Current limit: 96638113587
I0909 12:51:42.365016   24040 tpu_plumb_vmem_info.cc:677] scavenging_mode: 3 for module: jit__identity_fn
I0909 12:51:42.380673   24040 deepsea_compiler_hlo_passes.cc:6735] HLO_PASSES stage duration: 27.76892425ms
I0909 12:51:42.543631   24972 tpu_chip_config.cc:367] Resolved chip config alias default->megachip for 6acc60406, 
I0909 12:51:42.543828   24972 tpu_chip_config.cc:367] Resolved chip config alias default->megachip for 6acc60406, 
I0909 12:51:42.544035   24972 memory_space_assignment_util.cc:577] MSA Vmem breakdown: default scoped vmem (from flag): 33554432; does_msa_directly_allocate_scoped_vmem: T; bytes_for_msa_to_allocate: 67043328
I0909 12:51:42.558559   25236 deepsea_compiler_base.cc:4279] BACKEND_PASSES stage duration: 15.5442685ms
I0909 12:51:42.568317   25236 deepsea_compiler_backend.cc:1480] CODE_GENERATION stage duration: 9.657802ms
I0909 12:51:42.568547   25236 isa_program_util_common.cc:373] (HLO module jit__identity_fn): Executable fingerprint:67556b1dd123307c8bb711c0434fbfac86eab215225618a5f838c0c427d4c3c2
I0909 12:51:42.568550   25236 isa_program_util_common.cc:377] (HLO module jit__identity_fn): Executable fingerprint (including data segments):c43bcc07663f8b538de614a22f9271d5656acd0e5f70af981aecc6805c64d3fd
I0909 12:51:42.568551   25236 isa_program_util_common.cc:380] (HLO module jit__identity_fn): Host transfer fingerprint:e6674013302fbdec09a2c7c89a12b340e612c48cc4b68dbb5d7ca9c5a25bab54
I0909 12:51:42.568806   24040 deepsea_compiler_base.cc:1055] END_TO_END stage duration: 219.32952875ms
I0909 12:51:42.568820   24040 deepsea_compiler_base.cc:1056] Note that END_TO_END duration also includes time outside of HLO_PASSES, BACKEND_PASSES, and CODE_GENERATION
I0909 12:51:42.569660   24040 megascale_context.cc:517] MegaScale DCNTopology fingerprint for: jit__identity_fn : 1688352644216761960 DevicesHash: 11843567257950195766 Topology: go/debugstr 
I0909 12:51:42.569698   24040 graph_builder.cc:257] Shapes to compress: [""]
I0909 12:51:42.569702   24040 graph_builder.cc:259] Prefixes to compress: [""]
I0909 12:51:42.569739   24040 graph_builder.cc:2912] Using MXLA graph seed: all-gather_0
I0909 12:51:42.569883   24040 host_command_scheduler_factory.cc:1312] Created a HostCommandScheduler with 18 rules for module jit__identity_fn HostTransfers Fingerprint: 3701741969770116811.
I0909 12:51:42.569893   24040 megascale_context.cc:686] MegaScale ExecutableContext created for module: jit__identity_fn with DCN topology: go/debugstr  
I0909 12:51:42.570773   24770 communication_backend.cc:625] Created communicator. Hostname: gke-tpu-edbc8be2-f4wr Slice ID: 0 Host ID: 0 NumSlices: 2 Device IDs: 0,1,2,3,4,5,6,7
I0909 12:51:42.572443   24936 grpc_transport.cc:2220] Creating client for slice 1 host 0
I0909 12:51:42.572472   24936 grpc_transport.cc:2200] Sending to 10.240.96.6:8081 on interface: eth1
I0909 12:51:42.572570   24936 grpc_transport.cc:2200] Sending to 10.240.48.8:8081 on interface: eth2
I0909 12:51:42.572610   24936 grpc_transport.cc:2278] Created 2 channels for 2 interfaces on slice 1 host 0.
 Load balancing policy: Dynamic lb: max_outstanding_bytes (8388608).
I0909 12:51:42.598702   24040 deepsea_compiler_hlo_passes.cc:6623] XLA::TPU running hlo passes for 21 instructions, module: jit__lambda
I0909 12:51:42.598714   24040 deepsea_compiler_hlo_passes.cc:6668] Initial HLO module: jit__lambda instructions: 21 fingerprint: 
I0909 12:51:42.598990   24040 deepsea_compiler_hlo_passes.cc:6526] HLO optimizing module: jit__lambda instructions: 19
I0909 12:51:42.598996   24040 deepsea_compiler_hlo_passes.cc:6539] XLA::TPU HLO optimization
W0909 12:51:42.599719   25270 tpu_spmd_partitioner.cc:460] Collective matmul V1 is enabled. Please consider migrating to V2 since V1 will be deprecated soon. You can enable V2 by setting xla_tpu_all_gather_collective_matmul_mode=post_spmd and xla_tpu_reduce_scatter_collective_matmul_mode=post_spmd.
I0909 12:51:42.608599   24040 deepsea_compiler_hlo_passes.cc:6406] xla_tpu_impure_hlo_parallel_compile is DISABLED. jit__lambda
I0909 12:51:42.611087   24040 deepsea_compiler_hlo_passes.cc:5472] XLA::TPU HLO PostOptimizationPipeline
I0909 12:51:42.612580   24040 latency_hiding_scheduler.cc:4420] [latency-hiding-scheduler] LatencyHidingScheduler current memory usage: 41024 bytes. Current limit: 96637751091
I0909 12:51:42.613362   24040 tpu_plumb_vmem_info.cc:677] scavenging_mode: 3 for module: jit__lambda
I0909 12:51:42.614013   24040 deepsea_compiler_hlo_passes.cc:6735] HLO_PASSES stage duration: 15.29868625ms
I0909 12:51:42.615305   24972 tpu_chip_config.cc:367] Resolved chip config alias default->megachip for 6acc60406, 
I0909 12:51:42.615495   24972 tpu_chip_config.cc:367] Resolved chip config alias default->megachip for 6acc60406, 
I0909 12:51:42.615676   24972 memory_space_assignment_util.cc:577] MSA Vmem breakdown: default scoped vmem (from flag): 33554432; does_msa_directly_allocate_scoped_vmem: T; bytes_for_msa_to_allocate: 67043328
I0909 12:51:42.633463   25274 deepsea_compiler_base.cc:4279] BACKEND_PASSES stage duration: 18.74239525ms
I0909 12:51:42.636726   25274 deepsea_compiler_backend.cc:1784] final program bundle count: 788 note this count does not reflect cycles spent executing delays.
I0909 12:51:42.643247   25274 deepsea_compiler_backend.cc:1980] Program divided into 2 overlays without HLO functions (90.5K).
I0909 12:51:42.643318   25274 deepsea_compiler_backend.cc:2150] XLA::TPU module name: jit__lambda
I0909 12:51:42.643321   25274 deepsea_compiler_backend.cc:2152] XLA::TPU program HBM usage: 266.5K / 94.74G
I0909 12:51:42.643324   25274 deepsea_compiler_backend.cc:2159] Note that --xla_tpu_max_hbm_size_mib is not specified. This means that the compiler may use up all available HBM, possibly prioritizing other metrics (latency, compile-time, ..) over memory usage. To reduce memory usage, set --xla_tpu_max_hbm_size_mib to a smaller value.
I0909 12:51:42.643333   25274 deepsea_compiler_backend.cc:2193] XLA::TPU program VMEM usage: 32.00M / 64.00M
I0909 12:51:42.643342   25274 deepsea_compiler_backend.cc:2204] Total hbm usage >= 268.28M:
    reserved        268.00M 
    program          266.5K 
    arguments         16.0K 

Output size 512B; shares 0B with arguments.

Total host usage >= 0B:
    reserved             0B 
    program         unknown size 
    arguments            0B 

Output size 0B; shares 0B with arguments.

I0909 12:51:42.643355   25274 deepsea_compiler_backend.cc:2208] Program sflag requirement 228B:
    reserved           204B
    scoped              16B
    HLO temp             8B (100.0% utilization: Unpadded (8B) Padded (8B), 0.0% fragmentation (0B))
Program sparse_core_sequencer_sflag requirement 36B:
    reserved            36B
Program sparse_core_tile_sflag requirement 4B:
    reserved             4B
Program sparse_core_sequencer_smem requirement 64B:
    reserved            64B
Program sparse_core_tile_smem requirement 0B:
Program hbm requirement 266.5K:
    HLO temp         176.0K (100.0% utilization: Unpadded (24.3K) Padded (24.3K), 86.2% fragmentation (151.7K))
    overlays          90.5K
Program vmem requirement 32.00M:
    HLO temp         32.00M (0.0% utilization: Unpadded (0B) Padded (0B), 100.0% fragmentation (32.00M))
Program smem requirement 36B:
    global               4B
    scoped              32B
Program host requirement 0B:
I0909 12:51:42.643357   25274 deepsea_compiler_backend.cc:2216] XLA::TPU program SMEM usage: 1.9K / 1.00M (1 parameters)
I0909 12:51:42.643440   25274 deepsea_compiler_backend.cc:1480] CODE_GENERATION stage duration: 9.87918025ms
I0909 12:51:42.643700   25274 isa_program_util_common.cc:373] (HLO module jit__lambda): Executable fingerprint:6a126cddbd2c7a63446e46d5dcaf750209d6c974ec79e4080fdc4ca9886f81e4
I0909 12:51:42.643702   25274 isa_program_util_common.cc:377] (HLO module jit__lambda): Executable fingerprint (including data segments):12c0715cab49b82f1e3ea1846957d5d3523547d5bf3cc57bcf82f0517b7a92e8
I0909 12:51:42.643703   25274 isa_program_util_common.cc:380] (HLO module jit__lambda): Host transfer fingerprint:2b9801a161c74c27631ae5e0b6d660abd73031d7eba34a0a6e10fff8dfd2f3ae
I0909 12:51:42.643882   24040 deepsea_compiler_base.cc:1055] END_TO_END stage duration: 47.441353ms
I0909 12:51:42.643895   24040 deepsea_compiler_base.cc:1056] Note that END_TO_END duration also includes time outside of HLO_PASSES, BACKEND_PASSES, and CODE_GENERATION
I0909 12:51:42.644639   24040 megascale_context.cc:517] MegaScale DCNTopology fingerprint for: jit__lambda : 1688352644216761960 DevicesHash: 8081921339993277715 Topology: go/debugstr 
I0909 12:51:42.644985   24040 host_command_scheduler_factory.cc:1312] Created a HostCommandScheduler with 54 rules for module jit__lambda HostTransfers Fingerprint: 12151718319723310994.
I0909 12:51:42.645007   24040 megascale_context.cc:686] MegaScale ExecutableContext created for module: jit__lambda with DCN topology: go/debugstr  
I0909 12:51:42.668589   24040 deepsea_compiler_hlo_passes.cc:6623] XLA::TPU running hlo passes for 21 instructions, module: jit__lambda
I0909 12:51:42.668598   24040 deepsea_compiler_hlo_passes.cc:6668] Initial HLO module: jit__lambda instructions: 21 fingerprint: 
I0909 12:51:42.668821   24040 deepsea_compiler_hlo_passes.cc:6526] HLO optimizing module: jit__lambda instructions: 19
I0909 12:51:42.668826   24040 deepsea_compiler_hlo_passes.cc:6539] XLA::TPU HLO optimization
W0909 12:51:42.669394   25286 tpu_spmd_partitioner.cc:460] Collective matmul V1 is enabled. Please consider migrating to V2 since V1 will be deprecated soon. You can enable V2 by setting xla_tpu_all_gather_collective_matmul_mode=post_spmd and xla_tpu_reduce_scatter_collective_matmul_mode=post_spmd.
I0909 12:51:42.679090   24040 deepsea_compiler_hlo_passes.cc:6406] xla_tpu_impure_hlo_parallel_compile is DISABLED. jit__lambda
I0909 12:51:42.681469   24040 deepsea_compiler_hlo_passes.cc:5472] XLA::TPU HLO PostOptimizationPipeline
I0909 12:51:42.682692   24040 latency_hiding_scheduler.cc:4420] [latency-hiding-scheduler] LatencyHidingScheduler current memory usage: 41024 bytes. Current limit: 96637751091
I0909 12:51:42.683317   24040 tpu_plumb_vmem_info.cc:677] scavenging_mode: 3 for module: jit__lambda
I0909 12:51:42.683914   24040 deepsea_compiler_hlo_passes.cc:6735] HLO_PASSES stage duration: 15.31579025ms
I0909 12:51:42.685225   24972 tpu_chip_config.cc:367] Resolved chip config alias default->megachip for 6acc60406, 
I0909 12:51:42.685373   24972 tpu_chip_config.cc:367] Resolved chip config alias default->megachip for 6acc60406, 
I0909 12:51:42.685542   24972 memory_space_assignment_util.cc:577] MSA Vmem breakdown: default scoped vmem (from flag): 33554432; does_msa_directly_allocate_scoped_vmem: T; bytes_for_msa_to_allocate: 67043328
I0909 12:51:42.703385   25290 deepsea_compiler_base.cc:4279] BACKEND_PASSES stage duration: 18.75512325ms
I0909 12:51:42.706258   25290 deepsea_compiler_backend.cc:1784] final program bundle count: 788 note this count does not reflect cycles spent executing delays.
I0909 12:51:42.712024   25290 deepsea_compiler_backend.cc:1980] Program divided into 2 overlays without HLO functions (90.5K).
I0909 12:51:42.712094   25290 deepsea_compiler_backend.cc:2150] XLA::TPU module name: jit__lambda
I0909 12:51:42.712098   25290 deepsea_compiler_backend.cc:2152] XLA::TPU program HBM usage: 266.5K / 94.74G
I0909 12:51:42.712100   25290 deepsea_compiler_backend.cc:2159] Note that --xla_tpu_max_hbm_size_mib is not specified. This means that the compiler may use up all available HBM, possibly prioritizing other metrics (latency, compile-time, ..) over memory usage. To reduce memory usage, set --xla_tpu_max_hbm_size_mib to a smaller value.
I0909 12:51:42.712101   25290 deepsea_compiler_backend.cc:2193] XLA::TPU program VMEM usage: 32.00M / 64.00M
I0909 12:51:42.712108   25290 deepsea_compiler_backend.cc:2204] Total hbm usage >= 268.28M:
    reserved        268.00M 
    program          266.5K 
    arguments         16.0K 

Output size 512B; shares 0B with arguments.

Total host usage >= 0B:
    reserved             0B 
    program         unknown size 
    arguments            0B 

Output size 0B; shares 0B with arguments.

I0909 12:51:42.712119   25290 deepsea_compiler_backend.cc:2208] Program sflag requirement 228B:
    reserved           204B
    scoped              16B
    HLO temp             8B (100.0% utilization: Unpadded (8B) Padded (8B), 0.0% fragmentation (0B))
Program sparse_core_sequencer_sflag requirement 36B:
    reserved            36B
Program sparse_core_tile_sflag requirement 4B:
    reserved             4B
Program sparse_core_sequencer_smem requirement 64B:
    reserved            64B
Program sparse_core_tile_smem requirement 0B:
Program hbm requirement 266.5K:
    HLO temp         176.0K (100.0% utilization: Unpadded (24.3K) Padded (24.3K), 86.2% fragmentation (151.7K))
    overlays          90.5K
Program vmem requirement 32.00M:
    HLO temp         32.00M (0.0% utilization: Unpadded (0B) Padded (0B), 100.0% fragmentation (32.00M))
Program smem requirement 36B:
    global               4B
    scoped              32B
Program host requirement 0B:
I0909 12:51:42.712121   25290 deepsea_compiler_backend.cc:2216] XLA::TPU program SMEM usage: 1.9K / 1.00M (1 parameters)
I0909 12:51:42.712204   25290 deepsea_compiler_backend.cc:1480] CODE_GENERATION stage duration: 8.73502275ms
I0909 12:51:42.712472   25290 isa_program_util_common.cc:373] (HLO module jit__lambda): Executable fingerprint:6a126cddbd2c7a63446e46d5dcaf750209d6c974ec79e4080fdc4ca9886f81e4
I0909 12:51:42.712475   25290 isa_program_util_common.cc:377] (HLO module jit__lambda): Executable fingerprint (including data segments):12c0715cab49b82f1e3ea1846957d5d3523547d5bf3cc57bcf82f0517b7a92e8
I0909 12:51:42.712477   25290 isa_program_util_common.cc:380] (HLO module jit__lambda): Host transfer fingerprint:2b9801a161c74c27631ae5e0b6d660abd73031d7eba34a0a6e10fff8dfd2f3ae
I0909 12:51:42.712632   24040 deepsea_compiler_base.cc:1055] END_TO_END stage duration: 46.19698725ms
I0909 12:51:42.712643   24040 deepsea_compiler_base.cc:1056] Note that END_TO_END duration also includes time outside of HLO_PASSES, BACKEND_PASSES, and CODE_GENERATION
I0909 12:51:42.713268   24040 megascale_context.cc:517] MegaScale DCNTopology fingerprint for: jit__lambda : 1688352644216761960 DevicesHash: 8081921339993277715 Topology: go/debugstr 
I0909 12:51:42.713642   24040 host_command_scheduler_factory.cc:1312] Created a HostCommandScheduler with 54 rules for module jit__lambda HostTransfers Fingerprint: 12151718319723310994.
I0909 12:51:42.713668   24040 megascale_context.cc:686] MegaScale ExecutableContext created for module: jit__lambda with DCN topology: go/debugstr  
I0909 12:51:42.720059   24683 megascale_context.cc:439] Destroying MegaScale PjrtExecutableContext: jit__lambda
I0909 12:51:42.736594   24040 deepsea_compiler_hlo_passes.cc:6623] XLA::TPU running hlo passes for 19 instructions, module: jit__lambda
I0909 12:51:42.736604   24040 deepsea_compiler_hlo_passes.cc:6668] Initial HLO module: jit__lambda instructions: 19 fingerprint: 
I0909 12:51:42.736830   24040 deepsea_compiler_hlo_passes.cc:6526] HLO optimizing module: jit__lambda instructions: 17
I0909 12:51:42.736836   24040 deepsea_compiler_hlo_passes.cc:6539] XLA::TPU HLO optimization
W0909 12:51:42.737553   25295 tpu_spmd_partitioner.cc:460] Collective matmul V1 is enabled. Please consider migrating to V2 since V1 will be deprecated soon. You can enable V2 by setting xla_tpu_all_gather_collective_matmul_mode=post_spmd and xla_tpu_reduce_scatter_collective_matmul_mode=post_spmd.
I0909 12:51:42.744340   24040 deepsea_compiler_hlo_passes.cc:6406] xla_tpu_impure_hlo_parallel_compile is DISABLED. jit__lambda
I0909 12:51:42.746165   24040 deepsea_compiler_hlo_passes.cc:5472] XLA::TPU HLO PostOptimizationPipeline
I0909 12:51:42.747033   24040 latency_hiding_scheduler.cc:4420] [latency-hiding-scheduler] LatencyHidingScheduler current memory usage: 24640 bytes. Current limit: 96637894451
I0909 12:51:42.747478   24040 tpu_plumb_vmem_info.cc:677] scavenging_mode: 3 for module: jit__lambda
I0909 12:51:42.747944   24040 deepsea_compiler_hlo_passes.cc:6735] HLO_PASSES stage duration: 11.3398825ms
I0909 12:51:42.749189   24972 tpu_chip_config.cc:367] Resolved chip config alias default->megachip for 6acc60406, 
I0909 12:51:42.749345   24972 tpu_chip_config.cc:367] Resolved chip config alias default->megachip for 6acc60406, 
I0909 12:51:42.749519   24972 memory_space_assignment_util.cc:577] MSA Vmem breakdown: default scoped vmem (from flag): 33554432; does_msa_directly_allocate_scoped_vmem: T; bytes_for_msa_to_allocate: 67043328
I0909 12:51:42.764170   25299 deepsea_compiler_base.cc:4279] BACKEND_PASSES stage duration: 15.5328285ms
I0909 12:51:42.766699   25299 deepsea_compiler_backend.cc:1784] final program bundle count: 626 note this count does not reflect cycles spent executing delays.
I0909 12:51:42.772286   25299 deepsea_compiler_backend.cc:1980] Program divided into 2 overlays without HLO functions (80.5K).
I0909 12:51:42.772357   25299 deepsea_compiler_backend.cc:2150] XLA::TPU module name: jit__lambda
I0909 12:51:42.772361   25299 deepsea_compiler_backend.cc:2152] XLA::TPU program HBM usage: 208.5K / 94.74G
I0909 12:51:42.772363   25299 deepsea_compiler_backend.cc:2159] Note that --xla_tpu_max_hbm_size_mib is not specified. This means that the compiler may use up all available HBM, possibly prioritizing other metrics (latency, compile-time, ..) over memory usage. To reduce memory usage, set --xla_tpu_max_hbm_size_mib to a smaller value.
I0909 12:51:42.772365   25299 deepsea_compiler_backend.cc:2193] XLA::TPU program VMEM usage: 32.00M / 64.00M
I0909 12:51:42.772371   25299 deepsea_compiler_backend.cc:2204] Total hbm usage >= 268.22M:
    reserved        268.00M 
    program          208.5K 
    arguments         16.0K 

Output size 512B; shares 0B with arguments.

Total host usage >= 0B:
    reserved             0B 
    program         unknown size 
    arguments            0B 

Output size 0B; shares 0B with arguments.

I0909 12:51:42.772382   25299 deepsea_compiler_backend.cc:2208] Program sflag requirement 224B:
    reserved           204B
    scoped              12B
    HLO temp             8B (100.0% utilization: Unpadded (8B) Padded (8B), 0.0% fragmentation (0B))
Program sparse_core_sequencer_sflag requirement 36B:
    reserved            36B
Program sparse_core_tile_sflag requirement 4B:
    reserved             4B
Program sparse_core_sequencer_smem requirement 64B:
    reserved            64B
Program sparse_core_tile_smem requirement 0B:
Program hbm requirement 208.5K:
    HLO temp         128.0K (49.1% utilization: Unpadded (8.2K) Padded (16.7K), 87.0% fragmentation (111.3K))
    overlays          80.5K
Program vmem requirement 32.00M:
    HLO temp         32.00M (0.0% utilization: Unpadded (0B) Padded (0B), 100.0% fragmentation (32.00M))
Program smem requirement 36B:
    global               4B
    scoped              32B
Program host requirement 0B:
I0909 12:51:42.772384   25299 deepsea_compiler_backend.cc:2216] XLA::TPU program SMEM usage: 1.9K / 1.00M (1 parameters)
I0909 12:51:42.772465   25299 deepsea_compiler_backend.cc:1480] CODE_GENERATION stage duration: 8.213846ms
I0909 12:51:42.772702   25299 isa_program_util_common.cc:373] (HLO module jit__lambda): Executable fingerprint:4a4bf7195f2e28a358732e4bad360b9ab79156518433b25ddb27df2e76864c13
I0909 12:51:42.772705   25299 isa_program_util_common.cc:377] (HLO module jit__lambda): Executable fingerprint (including data segments):41df051aa1d5cc95b6bd65dcd0fe59634f8d45c83e436d4b0b21da6da348f7ba
I0909 12:51:42.772706   25299 isa_program_util_common.cc:380] (HLO module jit__lambda): Host transfer fingerprint:5c8f40e7dcd653d84e947d890338940d2b2e1ffba06eadb57827e716f5782f97
I0909 12:51:42.772871   24040 deepsea_compiler_base.cc:1055] END_TO_END stage duration: 38.40440975ms
I0909 12:51:42.772888   24040 deepsea_compiler_base.cc:1056] Note that END_TO_END duration also includes time outside of HLO_PASSES, BACKEND_PASSES, and CODE_GENERATION
I0909 12:51:42.773496   24040 megascale_context.cc:517] MegaScale DCNTopology fingerprint for: jit__lambda : 1688352644216761960 DevicesHash: 8081921339993277715 Topology: go/debugstr 
I0909 12:51:42.773690   24040 host_command_scheduler_factory.cc:1312] Created a HostCommandScheduler with 36 rules for module jit__lambda HostTransfers Fingerprint: 8427318606672400244.
I0909 12:51:42.773704   24040 megascale_context.cc:686] MegaScale ExecutableContext created for module: jit__lambda with DCN topology: go/debugstr  
MANUAL_AR_VERIFY {"exchange_add": true, "psum": true, "psum_checksum": 3.0}
I0909 12:51:42.779544   24683 megascale_context.cc:439] Destroying MegaScale PjrtExecutableContext: jit__lambda
W0909 12:51:42.792534   25301 tpu_spmd_partitioner.cc:460] Collective matmul V1 is enabled. Please consider migrating to V2 since V1 will be deprecated soon. You can enable V2 by setting xla_tpu_all_gather_collective_matmul_mode=post_spmd and xla_tpu_reduce_scatter_collective_matmul_mode=post_spmd.
I0909 12:51:42.797985   24040 deepsea_compiler_hlo_passes.cc:6406] xla_tpu_impure_hlo_parallel_compile is DISABLED. jit__lambda
I0909 12:51:42.799579   24040 tpu_plumb_vmem_info.cc:677] scavenging_mode: 3 for module: jit__lambda
I0909 12:51:42.809704   24040 deepsea_compiler_hlo_passes.cc:6735] HLO_PASSES stage duration: 17.78955775ms
I0909 12:51:42.810843   24972 tpu_chip_config.cc:367] Resolved chip config alias default->megachip for 6acc60406, 
I0909 12:51:42.811021   24972 tpu_chip_config.cc:367] Resolved chip config alias default->megachip for 6acc60406, 
I0909 12:51:42.811229   24972 memory_space_assignment_util.cc:577] MSA Vmem breakdown: default scoped vmem (from flag): 33554432; does_msa_directly_allocate_scoped_vmem: T; bytes_for_msa_to_allocate: 67043328
I0909 12:51:42.842634   25303 deepsea_compiler_base.cc:4279] BACKEND_PASSES stage duration: 32.21533875ms
I0909 12:51:42.849699   25303 deepsea_compiler_backend.cc:1480] CODE_GENERATION stage duration: 7.00269825ms
I0909 12:51:42.849932   25303 isa_program_util_common.cc:373] (HLO module jit__lambda): Executable fingerprint:bc586dffeac4e7ae318e7d154bf8e04f4304c94ca0093b387a7797ec3816d14b
I0909 12:51:42.849934   25303 isa_program_util_common.cc:377] (HLO module jit__lambda): Executable fingerprint (including data segments):a2faf2ce0762128844e7a122c148a8aece70b237d9b143ffa46b761ac2a0d991
I0909 12:51:42.849936   25303 isa_program_util_common.cc:380] (HLO module jit__lambda): Host transfer fingerprint:e3b0c44298fc1c149afbf4c8996fb92427ae41e4649b934ca495991b7852b855
I0909 12:51:42.850090   24040 deepsea_compiler_base.cc:1055] END_TO_END stage duration: 60.35683575ms
I0909 12:51:42.850104   24040 deepsea_compiler_base.cc:1056] Note that END_TO_END duration also includes time outside of HLO_PASSES, BACKEND_PASSES, and CODE_GENERATION
I0909 12:51:42.850567   24040 host_command_scheduler_factory.cc:1312] Created a HostCommandScheduler with 0 rules for module jit__lambda HostTransfers Fingerprint: 0.
I0909 12:51:42.850579   24040 megascale_context.cc:686] MegaScale ExecutableContext created for module: jit__lambda with DCN topology: go/debugstr  
I0909 12:51:42.853945   24748 megascale_context.cc:439] Destroying MegaScale PjrtExecutableContext: jit__lambda
W0909 12:51:42.867279   25305 tpu_spmd_partitioner.cc:460] Collective matmul V1 is enabled. Please consider migrating to V2 since V1 will be deprecated soon. You can enable V2 by setting xla_tpu_all_gather_collective_matmul_mode=post_spmd and xla_tpu_reduce_scatter_collective_matmul_mode=post_spmd.
I0909 12:51:42.871913   24040 deepsea_compiler_hlo_passes.cc:6406] xla_tpu_impure_hlo_parallel_compile is DISABLED. jit__identity_fn
I0909 12:51:42.875666   24040 latency_hiding_scheduler.cc:4420] [latency-hiding-scheduler] LatencyHidingScheduler current memory usage: 10816 bytes. Current limit: 96637838643
I0909 12:51:42.876238   24040 tpu_plumb_vmem_info.cc:677] scavenging_mode: 3 for module: jit__identity_fn
I0909 12:51:42.876754   24040 deepsea_compiler_hlo_passes.cc:6735] HLO_PASSES stage duration: 10.16124875ms
I0909 12:51:42.878016   24972 tpu_chip_config.cc:367] Resolved chip config alias default->megachip for 6acc60406, 
I0909 12:51:42.878181   24972 tpu_chip_config.cc:367] Resolved chip config alias default->megachip for 6acc60406, 
I0909 12:51:42.878391   24972 memory_space_assignment_util.cc:577] MSA Vmem breakdown: default scoped vmem (from flag): 33554432; does_msa_directly_allocate_scoped_vmem: T; bytes_for_msa_to_allocate: 67043328
I0909 12:51:42.902530   25307 deepsea_compiler_base.cc:4279] BACKEND_PASSES stage duration: 25.1090465ms
I0909 12:51:42.910982   25307 deepsea_compiler_backend.cc:1480] CODE_GENERATION stage duration: 8.38070425ms
I0909 12:51:42.911271   25307 isa_program_util_common.cc:373] (HLO module jit__identity_fn): Executable fingerprint:fd3b0d6bd150f631ee1516bdd9fe68433befc25b43e5ac8c1bf0647642d4a029
I0909 12:51:42.911274   25307 isa_program_util_common.cc:377] (HLO module jit__identity_fn): Executable fingerprint (including data segments):b4793e425396e7ab5df0b40c15a832140ecb3328718901424ce0f42c7f63731d
I0909 12:51:42.911275   25307 isa_program_util_common.cc:380] (HLO module jit__identity_fn): Host transfer fingerprint:f21887b8cd1a7de9f1745e6458df4dba74bea513f1593c4409ce2cd383777ca8
I0909 12:51:42.911572   24040 deepsea_compiler_base.cc:1055] END_TO_END stage duration: 47.1701905ms
I0909 12:51:42.911593   24040 deepsea_compiler_base.cc:1056] Note that END_TO_END duration also includes time outside of HLO_PASSES, BACKEND_PASSES, and CODE_GENERATION
I0909 12:51:42.912241   24040 megascale_context.cc:517] MegaScale DCNTopology fingerprint for: jit__identity_fn : 1688352644216761960 DevicesHash: 11843567257950195766 Topology: go/debugstr 
I0909 12:51:42.912412   24040 host_command_scheduler_factory.cc:1312] Created a HostCommandScheduler with 18 rules for module jit__identity_fn HostTransfers Fingerprint: 14547820116035419324.
I0909 12:51:42.912424   24040 megascale_context.cc:686] MegaScale ExecutableContext created for module: jit__identity_fn with DCN topology: go/debugstr  
I0909 12:51:42.914951   24683 megascale_context.cc:439] Destroying MegaScale PjrtExecutableContext: jit__lambda
W0909 12:51:42.930877   25312 tpu_spmd_partitioner.cc:460] Collective matmul V1 is enabled. Please consider migrating to V2 since V1 will be deprecated soon. You can enable V2 by setting xla_tpu_all_gather_collective_matmul_mode=post_spmd and xla_tpu_reduce_scatter_collective_matmul_mode=post_spmd.
I0909 12:51:42.936106   24040 deepsea_compiler_hlo_passes.cc:6406] xla_tpu_impure_hlo_parallel_compile is DISABLED. jit_op
I0909 12:51:42.938763   24040 latency_hiding_scheduler.cc:4420] [latency-hiding-scheduler] LatencyHidingScheduler current memory usage: 1610620992 bytes. Current limit: 95564271411
I0909 12:51:42.939112   24040 tpu_plumb_vmem_info.cc:677] scavenging_mode: 3 for module: jit_op
I0909 12:51:42.967201   24040 deepsea_compiler_hlo_passes.cc:6735] HLO_PASSES stage duration: 36.8173155ms
I0909 12:51:42.968459   24972 tpu_chip_config.cc:367] Resolved chip config alias default->megachip for 6acc60406, 
I0909 12:51:42.968595   24972 tpu_chip_config.cc:367] Resolved chip config alias default->megachip for 6acc60406, 
I0909 12:51:42.968759   24972 memory_space_assignment_util.cc:577] MSA Vmem breakdown: default scoped vmem (from flag): 33554432; does_msa_directly_allocate_scoped_vmem: T; bytes_for_msa_to_allocate: 67043328
I0909 12:51:43.053165   25316 deepsea_compiler_base.cc:4279] BACKEND_PASSES stage duration: 85.378666ms
I0909 12:51:43.061947   25316 deepsea_compiler_backend.cc:1480] CODE_GENERATION stage duration: 8.71154075ms
I0909 12:51:43.062304   25316 isa_program_util_common.cc:373] (HLO module jit_op): Executable fingerprint:0f2b665f05c3c4afe211f3c371efcab563df28a2ebf1e3fea485408c5722f8dc
I0909 12:51:43.062307   25316 isa_program_util_common.cc:377] (HLO module jit_op): Executable fingerprint (including data segments):86848f6f1a06a74bef5f269280dc370998aab50634976e92618a9f9f14091724
I0909 12:51:43.062309   25316 isa_program_util_common.cc:380] (HLO module jit_op): Host transfer fingerprint:294ab033fa7a89f4c4b5c51d8744fa6f4206e6d1d2d85c49c24e64e2b1444859
I0909 12:51:43.062598   24040 deepsea_compiler_base.cc:1055] END_TO_END stage duration: 134.29928725ms
I0909 12:51:43.062614   24040 deepsea_compiler_base.cc:1056] Note that END_TO_END duration also includes time outside of HLO_PASSES, BACKEND_PASSES, and CODE_GENERATION
I0909 12:51:43.063170   24040 megascale_context.cc:517] MegaScale DCNTopology fingerprint for: jit_op : 1688352644216761960 DevicesHash: 8081921339993277715 Topology: go/debugstr 
I0909 12:51:43.066189   24040 host_command_scheduler_factory.cc:1312] Created a HostCommandScheduler with 36 rules for module jit_op HostTransfers Fingerprint: 12634255100403355191.
I0909 12:51:43.066449   24040 megascale_context.cc:686] MegaScale ExecutableContext created for module: jit_op with DCN topology: go/debugstr  
I0909 12:51:43.077157   24920 generic-stream-socket.h:1667] Cannot process timestamp for type=1 seq=16827171 time=2026-09-09T12:51:43.076674041+00:00
W0909 12:51:43.086246   24779 grpc_transport.cc:1186] Too many pending sends: 128
W0909 12:51:43.294547   24770 tpu_pjrt_client.cc:2333] PjRt execution dispatch was blocked for 210.870668ms because PjRt's max in-flight computation semaphore is full (limit: 32), which may negatively affect the performance
W0909 12:51:53.094928   25669 grpc_transport.cc:1186] Too many pending sends: 128
W0909 12:52:03.094967   25676 grpc_transport.cc:1186] Too many pending sends: 145
W0909 12:52:13.095014   25588 grpc_transport.cc:1186] Too many pending sends: 128
W0909 12:52:23.155631   25582 grpc_transport.cc:1186] Too many pending sends: 128
W0909 12:52:33.180915   24779 grpc_transport.cc:1186] Too many pending sends: 128
W0909 12:52:43.187820   25592 grpc_transport.cc:1186] Too many pending sends: 128
I0909 12:52:44.050896   24040 megascale_context.cc:439] Destroying MegaScale PjrtExecutableContext: jit_op
MANUAL_AR_RESULT {"batch": 10, "benchmark": "manual_ar", "host_gbps_best": 324.47920565114117, "host_gbps_median": 315.7005771620972, "matrix_dim": 32768, "network_delta": {"cilium_host": {"rx_bytes": 0, "tx_bytes": 0}, "cilium_net": {"rx_bytes": 0, "tx_bytes": 0}, "docker0": {"rx_bytes": 0, "tx_bytes": 0}, "eth0": {"rx_bytes": 796445, "tx_bytes": 10965550}, "eth1": {"rx_bytes": 1212538622900, "tx_bytes": 1194307383069}, "eth2": {"rx_bytes": 1211686651691, "tx_bytes": 1217370739392}, "lo": {"rx_bytes": 6382576, "tx_bytes": 6382576}, "lxc7a46b7c617f2": {"rx_bytes": 2235750, "tx_bytes": 697222}, "lxc98965bb30804": {"rx_bytes": 19441, "tx_bytes": 111448}, "lxcc0f9da7fa3ad": {"rx_bytes": 28067, "tx_bytes": 4435}, "lxcee5710d8dac0": {"rx_bytes": 35518, "tx_bytes": 6819}, "lxceee434c5d682": {"rx_bytes": 534, "tx_bytes": 587}}, "participants_per_slice": 8, "reps": 8, "shard_bytes_per_device": 1073741824.0, "time_ms_all": [216.46623120177537, 226.44528469536453, 221.9769231043756, 213.9033546904102, 211.78391569992527, 218.88731120852754, 212.78198650106788, 218.8796737929806], "time_ms_best": 211.78391569992527, "time_ms_median": 217.672952497378, "variant": "psum", "warmups": 200}
W0909 12:52:44.079824   26150 tpu_spmd_partitioner.cc:460] Collective matmul V1 is enabled. Please consider migrating to V2 since V1 will be deprecated soon. You can enable V2 by setting xla_tpu_all_gather_collective_matmul_mode=post_spmd and xla_tpu_reduce_scatter_collective_matmul_mode=post_spmd.
I0909 12:52:44.086970   24040 deepsea_compiler_hlo_passes.cc:6406] xla_tpu_impure_hlo_parallel_compile is DISABLED. jit_op
I0909 12:52:44.088995   24040 latency_hiding_scheduler.cc:4420] [latency-hiding-scheduler] LatencyHidingScheduler current memory usage: 1073750080 bytes. Current limit: 95564404531
I0909 12:52:44.089312   24040 tpu_plumb_vmem_info.cc:677] scavenging_mode: 3 for module: jit_op
I0909 12:52:44.109795   24040 deepsea_compiler_hlo_passes.cc:6735] HLO_PASSES stage duration: 30.76915475ms
I0909 12:52:44.111130   24972 tpu_chip_config.cc:367] Resolved chip config alias default->megachip for 6acc60406, 
I0909 12:52:44.111350   24972 tpu_chip_config.cc:367] Resolved chip config alias default->megachip for 6acc60406, 
I0909 12:52:44.111545   24972 memory_space_assignment_util.cc:577] MSA Vmem breakdown: default scoped vmem (from flag): 33554432; does_msa_directly_allocate_scoped_vmem: T; bytes_for_msa_to_allocate: 67043328
I0909 12:52:44.226271   26154 deepsea_compiler_base.cc:4279] BACKEND_PASSES stage duration: 115.76368825ms
I0909 12:52:44.234506   26154 deepsea_compiler_backend.cc:1480] CODE_GENERATION stage duration: 8.14596175ms
I0909 12:52:44.234888   26154 isa_program_util_common.cc:373] (HLO module jit_op): Executable fingerprint:33a5a6d6f7cea468562f68254b4eb2b89053eb34e2e10125a401ef1c264018f8
I0909 12:52:44.234892   26154 isa_program_util_common.cc:377] (HLO module jit_op): Executable fingerprint (including data segments):63de7ca22133830a9ecf7d1576f6e0dc97cbc6a522ec2bae425e60708fe1b2d0
I0909 12:52:44.234893   26154 isa_program_util_common.cc:380] (HLO module jit_op): Host transfer fingerprint:c37db3d47c19d90e6b870bb79741e56a58ee0112318c32550eac3926e65c0ec8
I0909 12:52:44.235211   24040 deepsea_compiler_base.cc:1055] END_TO_END stage duration: 158.6368425ms
I0909 12:52:44.235233   24040 deepsea_compiler_base.cc:1056] Note that END_TO_END duration also includes time outside of HLO_PASSES, BACKEND_PASSES, and CODE_GENERATION
I0909 12:52:44.235900   24040 megascale_context.cc:517] MegaScale DCNTopology fingerprint for: jit_op : 1688352644216761960 DevicesHash: 8081921339993277715 Topology: go/debugstr 
I0909 12:52:44.238435   24040 host_command_scheduler_factory.cc:1312] Created a HostCommandScheduler with 18 rules for module jit_op HostTransfers Fingerprint: 158907515329715665.
I0909 12:52:44.238790   24040 megascale_context.cc:686] MegaScale ExecutableContext created for module: jit_op with DCN topology: go/debugstr  
W0909 12:52:44.435901   24774 tpu_pjrt_client.cc:2333] PjRt execution dispatch was blocked for 181.034257ms because PjRt's max in-flight computation semaphore is full (limit: 32), which may negatively affect the performance
W0909 12:52:44.548509   25324 block_allocator.cc:240] Allocator almost full. Allocator Stats. Total: 17179869184 Free: 4290183168 Peak: 0
Outstanding :: 8192: 0 32768: 0 16384: 2 1024: 0 16777216: 0 17825792: 0 65536: 0 9437184: 164 8388608: 487 
Free :: 8388608: 25 65536: 4 1024: 16 16384: 5 32768: 4 8192: 8 16777216: 293 17825792: 119 9437184: 0 
W0909 12:52:53.188806   25690 grpc_transport.cc:1186] Too many pending sends: 603
W0909 12:53:03.337923   25442 grpc_transport.cc:1186] Too many pending sends: 128
W0909 12:53:13.401487   25396 grpc_transport.cc:1186] Too many pending sends: 128
W0909 12:53:23.527523   25472 grpc_transport.cc:1186] Too many pending sends: 128
W0909 12:53:33.621154   24798 grpc_transport.cc:1186] Too many pending sends: 128
W0909 12:53:43.761063   26390 grpc_transport.cc:1186] Too many pending sends: 128
I0909 12:53:50.329871   24040 megascale_context.cc:439] Destroying MegaScale PjrtExecutableContext: jit_op
MANUAL_AR_RESULT {"batch": 10, "benchmark": "manual_ar", "host_gbps_best": 297.54410940459684, "host_gbps_median": 292.12508508020045, "matrix_dim": 32768, "network_delta": {"cilium_host": {"rx_bytes": 0, "tx_bytes": 0}, "cilium_net": {"rx_bytes": 0, "tx_bytes": 0}, "docker0": {"rx_bytes": 0, "tx_bytes": 0}, "eth0": {"rx_bytes": 880298, "tx_bytes": 11761253}, "eth1": {"rx_bytes": 1212476596256, "tx_bytes": 1206260981948}, "eth2": {"rx_bytes": 1212395350755, "tx_bytes": 1207382473963}, "lo": {"rx_bytes": 5361809, "tx_bytes": 5361809}, "lxc7a46b7c617f2": {"rx_bytes": 3262741, "tx_bytes": 945665}, "lxc98965bb30804": {"rx_bytes": 20985, "tx_bytes": 112199}, "lxcc0f9da7fa3ad": {"rx_bytes": 52797, "tx_bytes": 5469}, "lxcee5710d8dac0": {"rx_bytes": 44003, "tx_bytes": 7402}, "lxceee434c5d682": {"rx_bytes": 495, "tx_bytes": 548}}, "participants_per_slice": 8, "reps": 8, "shard_bytes_per_device": 1073741824.0, "time_ms_all": [238.1201317999512, 240.06789069389924, 230.9555946965702, 234.92335500195622, 235.55645139422268, 239.82298580231145, 233.54640930192545, 231.4877475029789], "time_ms_best": 230.9555946965702, "time_ms_median": 235.23990319808945, "variant": "exchange_add", "warmups": 200}
MANUAL_AR_SUMMARY {"exchange_add@32768": 297.5, "psum@32768": 324.5}
I0909 12:53:50.337164   24040 megascale_context.cc:439] Destroying MegaScale PjrtExecutableContext: jit__identity_fn
W0909 12:53:50.342612   25007 pjrt_client.h:601] UpdateGlobalProcessInfo is not supported.
I0909 12:53:50.365757   24040 allocator_stats_reporter.cc:147] Stopping AllocatorStatsReporter. Reporting one last time first.
I0909 12:53:50.366080   24760 tpu_diagnostic_coordinator.cc:565] TpuStallWorker thread exiting.
I0909 12:53:50.532721   24040 tpunetd_client.cc:431] Session master stopping the session...
I0909 12:53:50.533228   24998 session_worker_service.cc:115] Session master notifies the worker to disconnect from session 1da6cabe40d9b893
I0909 12:53:50.533385   24040 tpunetd_client.cc:433] Session master stopped the session.
I0909 12:53:50.533400   24040 tpunetd_client.cc:438] Session manager stopping the session...
I0909 12:53:50.637676   24040 tpunetd_client.cc:440] Session manager stopped the session.
I0909 12:53:56.068979   26439 async_driver.cc:1178] [/dev/vfio/5 tpu662:pe0:1] vf_id:0 Driver closed.
I0909 12:53:56.102069   26277 async_driver.cc:1178] [/dev/vfio/4 tpu662:pe0:0] vf_id:0 Driver closed.
I0909 12:53:56.190410   26450 async_driver.cc:1178] [/dev/vfio/1 tpu662:pe0:3] vf_id:0 Driver closed.
I0909 12:53:56.395771   26598 async_driver.cc:1178] [/dev/vfio/6 tpu662:pe0:2] vf_id:0 Driver closed.
I0909 12:53:56.398142   26450 megascale_context.cc:439] Destroying MegaScale PjrtExecutableContext: jit__identity_fn
I0909 12:53:56.398214   26450 megascale_context.cc:1131] Destroying MegaScale PjrtClientContext.
MC_CONFIG_END name=mrss16 pass=3
MC_CONFIG_BEGIN name=mrss32 pass=3 port=1311 flags=--xla_tpu_use_megascale_host_reduction=false --megascale_max_reduction_shard_size=33554432
ERROR: Accessing retired flag 'eventmanager2_as_default_eventmanager'
I0909 12:54:06.347682   26645 b295d63588a.cc:792] Linux version 6.12.94+ (builder@b181c7a13d4c) (Chromium OS 17.0_pre498229-r33 clang version 17.0.0 (/mnt/host/source/src/third_party/llvm-project 14f0776550b5a49e1c42f49a00213f7f3fa047bf), LLD 17.0.0) #1 SMP Mon Jul 27 22:05:55 UTC 2026
I0909 12:54:06.347951   26645 b295d63588a.cc:876] Process id 26645
I0909 12:54:06.347964   26645 b295d63588a.cc:882] Current working directory /jax-ai-image
I0909 12:54:06.347968   26645 b295d63588a.cc:885] Current timezone is UTC (currently UTC +00:00)
I0909 12:54:06.347971   26645 b295d63588a.cc:890] Built on Dec 31 1969 16:00:00 (0)
I0909 12:54:06.347972   26645 b295d63588a.cc:891]  at redacted@redacted:.
I0909 12:54:06.347974   26645 b295d63588a.cc:892]  as //learning/45eac/tfrc/executor:_libtpu.so.native
I0909 12:54:06.347975   26645 b295d63588a.cc:893]  for gcc-4.X.Y-crosstool-v18-llvm-grtev4-k8.k8
I0909 12:54:06.347977   26645 b295d63588a.cc:902] Build tool: redacted
I0909 12:54:06.347979   26645 b295d63588a.cc:903] Build target: 
I0909 12:54:06.347983   26645 b295d63588a.cc:911] Command line arguments:
I0909 12:54:06.347984   26645 b295d63588a.cc:913] argv[0]: './tpu_driver'
I0909 12:54:06.347987   26645 b295d63588a.cc:913] argv[1]: '--minloglevel=0'
I0909 12:54:06.347989   26645 b295d63588a.cc:913] argv[2]: '--stderrthreshold=0'
I0909 12:54:06.347991   26645 b295d63588a.cc:913] argv[3]: '--v=0'
I0909 12:54:06.347992   26645 b295d63588a.cc:913] argv[4]: '--vmodule='
I0909 12:54:06.347994   26645 b295d63588a.cc:913] argv[5]: '--log_dir=/tmp/tpu_logs/benchmark'
I0909 12:54:06.347995   26645 b295d63588a.cc:913] argv[6]: '--max_log_size=1024'
I0909 12:54:06.347997   26645 b295d63588a.cc:913] argv[7]: '--deepsea_hal_included_devs=3,0,1,2'
I0909 12:54:06.347998   26645 b295d63588a.cc:913] argv[8]: '--megascale_transport_numa_node=0,1'
I0909 12:54:06.348000   26645 b295d63588a.cc:913] argv[9]: '--next_pluggable_device_use_c_api=0'
I0909 12:54:06.348001   26645 b295d63588a.cc:913] argv[10]: '--deepsea_wrap=false,false,false'
I0909 12:54:06.348003   26645 b295d63588a.cc:913] argv[11]: '--deepsea_twist=false'
I0909 12:54:06.348004   26645 b295d63588a.cc:913] argv[12]: '--deepsea_chip_config_name=default'
I0909 12:54:06.348006   26645 b295d63588a.cc:913] argv[13]: '--deepsea_chips_per_host_bounds=2,2,1'
I0909 12:54:06.348007   26645 b295d63588a.cc:913] argv[14]: '--deepsea_host_bounds=1,1,1'
I0909 12:54:06.348009   26645 b295d63588a.cc:913] argv[15]: '--deepsea_slice_builder_worker_port=8471'
I0909 12:54:06.348010   26645 b295d63588a.cc:913] argv[16]: '--deepsea_slice_builder_worker_addresses=dcn-mc3-slice-0-0.dcn-mc3:8471'
I0909 12:54:06.348011   26645 b295d63588a.cc:913] argv[17]: '--tpu_slice_builder_dump_chip=false'
I0909 12:54:06.348013   26645 b295d63588a.cc:913] argv[18]: '--tpu_slice_builder_dump_chip_force=false'
I0909 12:54:06.348014   26645 b295d63588a.cc:913] argv[19]: '--tpu_slice_builder_dump_to_localhost=1'
I0909 12:54:06.348015   26645 b295d63588a.cc:913] argv[20]: '--vbar_control_service_url=unix:///var/run/tpu-plugin/vbar.sock'
I0909 12:54:06.348016   26645 b295d63588a.cc:913] argv[21]: '--bypass_vbar_control_service=0'
I0909 12:54:06.348018   26645 b295d63588a.cc:913] argv[22]: '--deepsea_ici_resilient=false'
I0909 12:54:06.348019   26645 b295d63588a.cc:913] argv[23]: '--xla_tpu_use_resilient_collective_emitter=false'
I0909 12:54:06.348020   26645 b295d63588a.cc:913] argv[24]: '--tpu_slice_builder_topology_discovery_fault_injection='
I0909 12:54:06.348022   26645 b295d63588a.cc:913] argv[25]: '--runtime_metric_service_port=8431'
I0909 12:54:06.348023   26645 b295d63588a.cc:913] argv[26]: '--tpu_hbm_report_enable=1'
I0909 12:54:06.348024   26645 b295d63588a.cc:913] argv[27]: '--tpu_hbm_report_frequency=5s'
I0909 12:54:06.348026   26645 b295d63588a.cc:913] argv[28]: '--megascale_coordinator_address=dcn-mc3-slice-0-0.dcn-mc3:8081'
I0909 12:54:06.348027   26645 b295d63588a.cc:913] argv[29]: '--megascale_slice_id=0'
I0909 12:54:06.348028   26645 b295d63588a.cc:913] argv[30]: '--megascale_num_slices=2'
I0909 12:54:06.348030   26645 b295d63588a.cc:913] argv[31]: '--megascale_transport_type=grpc'
I0909 12:54:06.348031   26645 b295d63588a.cc:913] argv[32]: '--megascale_port=8081'
I0909 12:54:06.348032   26645 b295d63588a.cc:913] argv[33]: '--megascale_use_insecure_grpc'
I0909 12:54:06.348034   26645 b295d63588a.cc:913] argv[34]: '--megascale_grpc_use_chaotic_good=true'
I0909 12:54:06.348039   26645 b295d63588a.cc:913] argv[35]: '--megascale_grpc_use_event_engine_allocator=true'
I0909 12:54:06.348041   26645 b295d63588a.cc:913] argv[36]: '--grpc_enable_tcp_recv_zerocopy=false'
I0909 12:54:06.348042   26645 b295d63588a.cc:913] argv[37]: '--grpc_enable_rpc_receive_coalescing=true'
I0909 12:54:06.348043   26645 b295d63588a.cc:913] argv[38]: '--megascale_grpc_enable_numa_aware_transmit=true'
I0909 12:54:06.348044   26645 b295d63588a.cc:913] argv[39]: '--megascale_grpc_use_numa_aware_event_engine=true'
I0909 12:54:06.348045   26645 b295d63588a.cc:913] argv[40]: '--megascale_debug_port=8081'
I0909 12:54:06.348046   26645 b295d63588a.cc:913] argv[41]: '--eventmanager2_as_default_eventmanager'
I0909 12:54:06.348047   26645 b295d63588a.cc:913] argv[42]: '--eventmanager2_default_autosizer=mean_latency'
I0909 12:54:06.348049   26645 b295d63588a.cc:913] argv[43]: '--megascale_grpc_enable_xor_tracer=true'
I0909 12:54:06.348050   26645 b295d63588a.cc:913] argv[44]: '--xor_trace_sampling_period=100'
I0909 12:54:06.348051   26645 b295d63588a.cc:913] argv[45]: '--rpc_transport_metrics_period=20'
I0909 12:54:06.348052   26645 b295d63588a.cc:913] argv[46]: '--grpc_experiments=event_engine_client,chaotic_good_framing_layer,tcp_rcv_lowat,instrument_tcp_telemetry,event_engine_listener,use_call_event_engine_in_completion_queue'
I0909 12:54:06.348054   26645 b295d63588a.cc:913] argv[47]: '--enable_runtime_uptime_telemetry=true'
I0909 12:54:06.348056   26645 b295d63588a.cc:913] argv[48]: '--xla_tpu_use_megascale_host_reduction=false'
I0909 12:54:06.348057   26645 b295d63588a.cc:913] argv[49]: '--megascale_max_reduction_shard_size=33554432'
I0909 12:54:06.348058   26645 b295d63588a.cc:913] argv[50]: '--xla_tpu_use_enhanced_launch_barrier=true'
I0909 12:54:06.348059   26645 b295d63588a.cc:913] argv[51]: '--xla_tpu_prefer_async_allgather_to_allreduce=true'
I0909 12:54:06.348061   26645 b295d63588a.cc:913] argv[52]: '--xla_tpu_data_parallel_opt_different_sized_ops=true'
I0909 12:54:06.348062   26645 b295d63588a.cc:913] argv[53]: '--xla_tpu_enable_data_parallel_all_reduce_opt=true'
I0909 12:54:06.348064   26645 b295d63588a.cc:913] argv[54]: '--megascale_coordinator_address=dcn-mc3-slice-0-0.dcn-mc3:8081'
I0909 12:54:06.348065   26645 b295d63588a.cc:913] argv[55]: '--megascale_slice_id=0'
I0909 12:54:06.348066   26645 b295d63588a.cc:913] argv[56]: '--megascale_num_slices=2'
I0909 12:54:06.348067   26645 b295d63588a.cc:913] argv[57]: '--megascale_transport_type=grpc'
I0909 12:54:06.348069   26645 b295d63588a.cc:913] argv[58]: '--megascale_port=8081'
I0909 12:54:06.348070   26645 b295d63588a.cc:913] argv[59]: '--megascale_use_insecure_grpc'
I0909 12:54:06.348072   26645 b295d63588a.cc:913] argv[60]: '--megascale_grpc_interface_prefixes=eth1,eth2,lo'
I0909 12:54:06.348252   26645 init.cc:78] Remote crash gathering hook installed.
I0909 12:54:06.381962   26645 tpu_runtime_type_flags.cc:78] --tpu_use_tfrt not specified. Using default value: true
I0909 12:54:06.382049   26645 host_command_handler_factory.cc:31] Skipping registration of host command handler for opcode Log because it is not in the allowlist.
I0909 12:54:06.382067   26645 tpu_hal.cc:467] Registered plugin from module: megascale_sync_flag_logger
I0909 12:54:06.384076   26645 tpu_hal.cc:467] Registered plugin from module: RuntimeMetricHelper
E0909 12:54:06.384099   26645 autosizer.cc:43] mean_latency is deprecated. Please remove this setting.
I0909 12:54:06.386290   26645 logger.cc:308] Enabling threaded logging for severity WARNING
I0909 12:54:06.386316   26645 tpu_hal.cc:467] Registered plugin from module: sdc_checker_callback
I0909 12:54:06.387071   26645 mlock.cc:220] mlock()-ed 4096 bytes for BuildID, using 1 syscalls.
I0909 12:54:06.387145   26645 debug_manager.cc:266] Registering error handler with name: libtpu_telemetry_handler
I0909 12:54:06.401392   26645 singleton_tpu_states_manager.cc:86] TPU premapped buffer enabled. Size: 4294967296 Threshold: 4294967296 Partitions: 1
I0909 12:54:06.401407   26645 singleton_tpu_states_manager.cc:110] TpuStatesManager::GetOrCreate(): no tpu system exists. Creating a new tpu system.
I0909 12:54:06.408924   26645 device_util.cc:89] Found 4 TPU7x chips.
I0909 12:54:06.408942   26645 tpu_version_flag.cc:77] Using auto-detected TPU version TPU7x
I0909 12:54:06.427679   26645 tpu_chip_config.cc:367] Resolved chip config alias default->megachip for 6acc60406, 
I0909 12:54:06.427931   26645 pending_event_logger.cc:1003] Enabling PjRt/TPU event dependency logging.
I0909 12:54:06.434271   27020 flags_util.cc:316] Using 8471 from --deepsea_slice_builder_worker_port as SliceBuilder worker service port.
I0909 12:54:06.440233   27020 tpu_network_factory.cc:67] Running in Cloud, using TpunetdClient
I0909 12:54:06.440251   27020 tpunetd_client.cc:163] Creating TpunetdClient with topology go/debugproto   
x_dimension: 2
y_dimension: 2
z_dimension: 1
x_wrapping: false
y_wrapping: false
z_wrapping: false
I0909 12:54:06.447743   27020 init-domain.cc:132] Fiber init: default domain = futex, concurrency = 246, prefix = futex-default
I0909 12:54:08.339946   27024 async_driver.cc:485] [/dev/vfio/5 tpu662:pe0:1] vf_id:0 Driver opened.
I0909 12:54:08.349685   27023 async_driver.cc:485] [/dev/vfio/4 tpu662:pe0:0] vf_id:0 Driver opened.
I0909 12:54:08.350580   27026 async_driver.cc:485] [/dev/vfio/1 tpu662:pe0:3] vf_id:0 Driver opened.
I0909 12:54:08.416064   27022 futex.cc:71] RAW: Futex::Swap(): using GFUTEX_SWAP
I0909 12:54:08.426649   27024 tpu_vxc_driver.cc:967] Throttled firmware queue size configured to 223(Firmware queue size: 256, leaving 32 for misc purposes).
I0909 12:54:08.435150   27023 tpu_vxc_driver.cc:967] Throttled firmware queue size configured to 223(Firmware queue size: 256, leaving 32 for misc purposes).
I0909 12:54:08.443323   27026 tpu_vxc_driver.cc:967] Throttled firmware queue size configured to 223(Firmware queue size: 256, leaving 32 for misc purposes).
I0909 12:54:08.453032   27025 async_driver.cc:485] [/dev/vfio/6 tpu662:pe0:2] vf_id:0 Driver opened.
I0909 12:54:08.493077   27023 async_driver.cc:1843] All cores supported.
I0909 12:54:08.493117   27025 tpu_vxc_driver.cc:967] Throttled firmware queue size configured to 223(Firmware queue size: 256, leaving 32 for misc purposes).
I0909 12:54:08.493269   27024 async_driver.cc:1843] All cores supported.
I0909 12:54:08.495164   27026 async_driver.cc:1843] All cores supported.
I0909 12:54:08.501469   27025 async_driver.cc:1843] All cores supported.
I0909 12:54:08.501514   27020 tpunetd_client.cc:338] Connecting to vbar control service at unix:///var/run/tpu-plugin/vbar.sock
I0909 12:54:08.501579   27020 config.cc:265] gRPC experiments: instrument_tcp_telemetry:on, tcp_rcv_lowat:on, use_call_event_engine_in_completion_queue:on; default-enabled: buffer_list_deletion_prep, cache_loas_context_in_connection_context, call_tracer_send_initial_metadata_is_an_annotation, callv3_batch_validation, callv3_ef5bb7_client, callv3_ef5bb7_server, chaotic_good_framing_layer, chaotic_good_send_supported_features, custom_frame_check, directpath_rpc_header_sanitization_filter, ef5bb7_global_family_cache, event_engine_callback_cq, event_engine_client, event_engine_listener, header_data_frame, inproc_cancel_stream, message_size_refactoring, monitoring_experiment, optimization_01, optimization_02, optimization_03, optimization_04, ph2_perf_01, promise_batch_cleanup_on_cancel, promise_filter_send_cancel_metadata, psp_tsi_handshaker_shutdown, skip_clear_peer_on_cancellation, tsi_frame_protector_without_locks, v2_non_owning_waker_implementation, verbose_channelz_connection_logging, wildcard_ip_expansion_restriction, xds_server_filter_chain_per_route
I0909 12:54:08.506530   27020 tpunetd_client.cc:289] Session manager starting a new session...
I0909 12:54:08.610910   27020 vbar_control.cc:201] TPU backend connection test passed! 
I0909 12:54:08.816248   27020 tpunetd_client.cc:291] Session manager started the new session.
I0909 12:54:08.816260   27020 tpunetd_client.cc:295] Session master starting a new session...
I0909 12:54:08.816262   27020 session_master.cc:263] Starting a new ICI network session...
I0909 12:54:08.816466   27021 session_worker_service.cc:110] Session master notifies the worker in a new session: 3ab7620030eb7067
I0909 12:54:08.920519   27020 session_master.cc:307] Successfully started ICI network session with session id: 3ab7620030eb7067
I0909 12:54:08.920565   27020 tpunetd_client.cc:297] Session master started the new session.
I0909 12:54:08.925253   27020 tpu_hal.cc:209] Starting premapped memory manager initialization...
W0909 12:54:08.928530   27023 libtpu_telemetry_utils.cc:44] Metric already exists: hlo.execution.timing.distribution.microseconds
W0909 12:54:08.928544   27023 libtpu_telemetry_utils.cc:44] Metric already exists: hlo.queue.size.gauge
W0909 12:54:08.928570   27026 libtpu_telemetry_utils.cc:44] Metric already exists: hlo.execution.timing.distribution.microseconds
W0909 12:54:08.928571   27025 libtpu_telemetry_utils.cc:44] Metric already exists: hlo.execution.timing.distribution.microseconds
W0909 12:54:08.928591   27026 libtpu_telemetry_utils.cc:44] Metric already exists: hlo.queue.size.gauge
W0909 12:54:08.928603   27025 libtpu_telemetry_utils.cc:44] Metric already exists: hlo.queue.size.gauge
W0909 12:54:08.929916   27024 libtpu_telemetry_utils.cc:44] Metric already exists: hlo.execution.timing.distribution.microseconds
W0909 12:54:08.929938   27024 libtpu_telemetry_utils.cc:44] Metric already exists: hlo.queue.size.gauge
W0909 12:54:08.929986   27023 libtpu_telemetry_utils.cc:44] Metric already exists: hlo.execution.timing.distribution.microseconds
W0909 12:54:08.929998   27023 libtpu_telemetry_utils.cc:44] Metric already exists: hlo.queue.size.gauge
W0909 12:54:08.930052   27025 libtpu_telemetry_utils.cc:44] Metric already exists: hlo.execution.timing.distribution.microseconds
W0909 12:54:08.930058   27026 libtpu_telemetry_utils.cc:44] Metric already exists: hlo.execution.timing.distribution.microseconds
W0909 12:54:08.930064   27025 libtpu_telemetry_utils.cc:44] Metric already exists: hlo.queue.size.gauge
W0909 12:54:08.930066   27026 libtpu_telemetry_utils.cc:44] Metric already exists: hlo.queue.size.gauge
I0909 12:54:11.183070   27020 runtime_metric_service.cc:197] Successfully started Runtime Metric Service on port: 8431
I0909 12:54:11.183234   27020 system.cc:1112] tpu::System initialized, current host id: 0, logical device ids: 0,1,2,3,4,5,6,7
I0909 12:54:11.183271   26645 tpu_system_state.cc:224] CreateTpuSystemState: TPU initialization is successful and it took 4.755329754s
I0909 12:54:11.183291   26645 tpu_system_state.cc:228] CreateTpuSystemState: using TPU host premapped buffer of size: 4294967296
I0909 12:54:11.183305   26645 tpu_host_allocator.cc:68] Premapped buffer is using alignment 64
I0909 12:54:11.183780   26645 tpu_linearizer.cc:104] Inflight linearization byte limit configured to : 1099511627776
I0909 12:54:11.183787   26645 tpu_linearizer.cc:118] Inflight delinearization byte limit configured to : 1099511627776
I0909 12:54:11.183944   27369 tpu_diagnostic_coordinator.cc:610] TpuDiagnosticCoordinator listening on socket /tmp/tpu_diag_trigger_26645.socket (symlinked at /tmp/tpu_diag_latest.socket)
I0909 12:54:11.184189   26645 allocator_stats_reporter.cc:117] Starting AllocatorStats Reporter with reporting interval: 5s
I0909 12:54:11.184216   26645 megascale_context.cc:969] Using shared executor for compute since we are running on 6acc60406.
W0909 12:54:11.184222   26645 impairments_service.cc:60] Resetting impairments.
I0909 12:54:11.184240   26645 numa_utils.cc:43] Available NUMA node in this process: 0,1
E0909 12:54:11.184307   26645 autosizer.cc:43] mean_latency is deprecated. Please remove this setting.
E0909 12:54:11.186844   26645 autosizer.cc:43] mean_latency is deprecated. Please remove this setting.
I0909 12:54:11.189203   26645 flags.cc:231] The actual send_rpc_timeout is set to: 45s. Adjusted from the original send_rpc_timeout: 45s, graph_hang_threshold: 5m, graph_within_launch_hang_threshold: 1m
I0909 12:54:11.189218   26645 numa_aware_allocator.cc:60] Creating numa aware allocators, number of NUMA nodes is 2
I0909 12:54:11.189224   26645 numa_aware_allocator.cc:63] Creating numa aware allocator for NUMA nodes 0
I0909 12:54:11.189316   26645 communication_backend.cc:300] Done allocating premapped memory of size 17179869184 bytes in 90.771us
I0909 12:54:11.189323   26645 numa_aware_allocator.cc:76] Binding memory address 0x787063fff000 with NUMA node mask 1
I0909 12:54:23.286774   26645 communication_backend.cc:310] Done premapping memory of size 17179869184 bytes in 12.09642168s
I0909 12:54:23.286818   26645 numa_aware_allocator.cc:63] Creating numa aware allocator for NUMA nodes 1
I0909 12:54:23.286844   26645 communication_backend.cc:300] Done allocating premapped memory of size 17179869184 bytes in 21.351us
I0909 12:54:23.286849   26645 numa_aware_allocator.cc:76] Binding memory address 0x786c63ffd000 with NUMA node mask 2
I0909 12:54:36.197709   26645 communication_backend.cc:310] Done premapping memory of size 17179869184 bytes in 12.910068287s
I0909 12:54:36.197751   26645 communication_backend.cc:375] Preallocated 17179869184 bytes with Megascale allocator.
I0909 12:54:36.197778   26645 eigen_compute_engine.cc:333] Creating EigenComputeEngine with options: { executor = 0x59d5c2bb1950,  force_use_shared_executor = true,  num_cores_per_device = 16 }
I0909 12:54:36.197781   27027 communication_backend.cc:1179] Initializing MegaScale transport.
E0909 12:54:36.197831   27027 autosizer.cc:43] mean_latency is deprecated. Please remove this setting.
E0909 12:54:36.198162   26645 autosizer.cc:43] mean_latency is deprecated. Please remove this setting.
E0909 12:54:36.201083   26645 autosizer.cc:43] mean_latency is deprecated. Please remove this setting.
E0909 12:54:36.201339   27027 autosizer.cc:43] mean_latency is deprecated. Please remove this setting.
E0909 12:54:36.203376   26645 autosizer.cc:43] mean_latency is deprecated. Please remove this setting.
E0909 12:54:36.219927   27027 autosizer.cc:43] mean_latency is deprecated. Please remove this setting.
E0909 12:54:36.220047   26645 autosizer.cc:43] mean_latency is deprecated. Please remove this setting.
I0909 12:54:36.222603   27027 grpc_transport.cc:2407] Create GrpcTransport with LIBTPU_ON_GCE.
I0909 12:54:36.222642   27027 transport.cc:862] Using IP addresses for interface discovery.
I0909 12:54:36.222645   27027 transport.cc:757] Could not read interface to NUMA node map from env variables, falling back to reading from file system.
I0909 12:54:36.222766   27027 transport.cc:723] Could not read filename /sys/class/net/cilium_host/device/numa_node with status Stat failed for /sys/class/net/cilium_host/device/numa_node: No such file or directory
I0909 12:54:36.222775   27027 transport.cc:723] Could not read filename /sys/class/net/cilium_net/device/numa_node with status Stat failed for /sys/class/net/cilium_net/device/numa_node: No such file or directory
I0909 12:54:36.222781   27027 transport.cc:723] Could not read filename /sys/class/net/docker0/device/numa_node with status Stat failed for /sys/class/net/docker0/device/numa_node: No such file or directory
E0909 12:54:36.222857   26645 autosizer.cc:43] mean_latency is deprecated. Please remove this setting.
I0909 12:54:36.223307   27027 transport.cc:723] Could not read filename /sys/class/net/lo/device/numa_node with status Stat failed for /sys/class/net/lo/device/numa_node: No such file or directory
I0909 12:54:36.223320   27027 transport.cc:723] Could not read filename /sys/class/net/lxc7a46b7c617f2/device/numa_node with status Stat failed for /sys/class/net/lxc7a46b7c617f2/device/numa_node: No such file or directory
I0909 12:54:36.223336   27027 transport.cc:723] Could not read filename /sys/class/net/lxc98965bb30804/device/numa_node with status Stat failed for /sys/class/net/lxc98965bb30804/device/numa_node: No such file or directory
I0909 12:54:36.223344   27027 transport.cc:723] Could not read filename /sys/class/net/lxcc0f9da7fa3ad/device/numa_node with status Stat failed for /sys/class/net/lxcc0f9da7fa3ad/device/numa_node: No such file or directory
I0909 12:54:36.223351   27027 transport.cc:723] Could not read filename /sys/class/net/lxcee5710d8dac0/device/numa_node with status Stat failed for /sys/class/net/lxcee5710d8dac0/device/numa_node: No such file or directory
I0909 12:54:36.223359   27027 transport.cc:723] Could not read filename /sys/class/net/lxceee434c5d682/device/numa_node with status Stat failed for /sys/class/net/lxceee434c5d682/device/numa_node: No such file or directory
I0909 12:54:36.223362   27027 transport.cc:734] Interfaces on available NUMA nodes: [{"eth2", 1}, {"eth0", 0}, {"eth1", 0}]
I0909 12:54:36.223385   27027 transport.cc:761] Interfaces corresponding to process' NUMA nodes: [[{"eth0", 0}, {"eth1", 0}, {"eth2", 1}]]
I0909 12:54:36.224260   27027 transport.cc:773] Interface eth0 will not be used as it does not start with one of the prefixes: eth1,eth2,lo
I0909 12:54:36.224272   27027 transport.cc:773] Interface docker0 will not be used as it does not start with one of the prefixes: eth1,eth2,lo
I0909 12:54:36.224275   27027 transport.cc:773] Interface lxceee434c5d682 will not be used as it does not start with one of the prefixes: eth1,eth2,lo
I0909 12:54:36.224277   27027 transport.cc:773] Interface cilium_net will not be used as it does not start with one of the prefixes: eth1,eth2,lo
I0909 12:54:36.224279   27027 transport.cc:773] Interface cilium_host will not be used as it does not start with one of the prefixes: eth1,eth2,lo
I0909 12:54:36.224281   27027 transport.cc:773] Interface lxc98965bb30804 will not be used as it does not start with one of the prefixes: eth1,eth2,lo
I0909 12:54:36.224284   27027 transport.cc:773] Interface lxc7a46b7c617f2 will not be used as it does not start with one of the prefixes: eth1,eth2,lo
I0909 12:54:36.224286   27027 transport.cc:773] Interface lxcc0f9da7fa3ad will not be used as it does not start with one of the prefixes: eth1,eth2,lo
I0909 12:54:36.224288   27027 transport.cc:773] Interface lxcee5710d8dac0 will not be used as it does not start with one of the prefixes: eth1,eth2,lo
I0909 12:54:36.224293   27027 transport.cc:773] Interface eth0 will not be used as it does not start with one of the prefixes: eth1,eth2,lo
I0909 12:54:36.224367   27027 transport.cc:819] Added IP address 10.240.96.10:8081 on network interface eth1
I0909 12:54:36.224374   27027 transport.cc:819] Added IP address 10.240.48.10:8081 on network interface eth2
I0909 12:54:36.224375   27027 transport.cc:773] Interface docker0 will not be used as it does not start with one of the prefixes: eth1,eth2,lo
I0909 12:54:36.224377   27027 transport.cc:773] Interface lxceee434c5d682 will not be used as it does not start with one of the prefixes: eth1,eth2,lo
I0909 12:54:36.224379   27027 transport.cc:773] Interface cilium_host will not be used as it does not start with one of the prefixes: eth1,eth2,lo
I0909 12:54:36.224381   27027 transport.cc:773] Interface lxc98965bb30804 will not be used as it does not start with one of the prefixes: eth1,eth2,lo
I0909 12:54:36.224383   27027 transport.cc:773] Interface lxc7a46b7c617f2 will not be used as it does not start with one of the prefixes: eth1,eth2,lo
I0909 12:54:36.224385   27027 transport.cc:773] Interface lxcc0f9da7fa3ad will not be used as it does not start with one of the prefixes: eth1,eth2,lo
I0909 12:54:36.224387   27027 transport.cc:773] Interface lxcee5710d8dac0 will not be used as it does not start with one of the prefixes: eth1,eth2,lo
I0909 12:54:36.224389   27027 transport.cc:773] Interface eth0 will not be used as it does not start with one of the prefixes: eth1,eth2,lo
I0909 12:54:36.224392   27027 transport.cc:773] Interface lxceee434c5d682 will not be used as it does not start with one of the prefixes: eth1,eth2,lo
I0909 12:54:36.224394   27027 transport.cc:773] Interface cilium_net will not be used as it does not start with one of the prefixes: eth1,eth2,lo
I0909 12:54:36.224396   27027 transport.cc:773] Interface cilium_host will not be used as it does not start with one of the prefixes: eth1,eth2,lo
I0909 12:54:36.224398   27027 transport.cc:773] Interface lxc98965bb30804 will not be used as it does not start with one of the prefixes: eth1,eth2,lo
I0909 12:54:36.224400   27027 transport.cc:773] Interface lxc7a46b7c617f2 will not be used as it does not start with one of the prefixes: eth1,eth2,lo
I0909 12:54:36.224402   27027 transport.cc:773] Interface lxcc0f9da7fa3ad will not be used as it does not start with one of the prefixes: eth1,eth2,lo
I0909 12:54:36.224404   27027 transport.cc:773] Interface lxcee5710d8dac0 will not be used as it does not start with one of the prefixes: eth1,eth2,lo
I0909 12:54:36.224415   27027 grpc_transport.cc:2332] Creating gRPC server on: 10.240.96.10:8081eth1
I0909 12:54:36.224431   27027 grpc_transport.cc:2348] Creating gRPC server with event engine allocator (chaotic good).
I0909 12:54:36.224444   27027 grpc_transport.cc:2365] Starting gRPC server on: 10.240.96.10:8081
I0909 12:54:36.225165   27027 grpc_transport.cc:2332] Creating gRPC server on: 10.240.48.10:8081eth2
I0909 12:54:36.225192   27027 grpc_transport.cc:2348] Creating gRPC server with event engine allocator (chaotic good).
I0909 12:54:36.225199   27027 grpc_transport.cc:2365] Starting gRPC server on: 10.240.48.10:8081
I0909 12:54:36.225496   27027 communication_backend.cc:1290] MegaScale transport initialized.
I0909 12:54:36.225511   27027 communication_backend.cc:1489] MegaScale transport init succeeded.
E0909 12:54:36.226349   26645 autosizer.cc:43] mean_latency is deprecated. Please remove this setting.
I0909 12:54:36.228678   26645 debug_service_impl.cc:185] Starting Megascale Debug Server
I0909 12:54:36.229033   26645 topology_coordinator.cc:57] Megascale Topology Coordinator started for 2 slices
I0909 12:54:36.229055   26645 transport.cc:862] Using IP addresses for interface discovery.
I0909 12:54:36.229057   26645 transport.cc:757] Could not read interface to NUMA node map from env variables, falling back to reading from file system.
I0909 12:54:36.229060   26645 transport.cc:761] Interfaces corresponding to process' NUMA nodes: [[{"eth1", 0}, {"eth2", 1}, {"eth0", 0}]]
I0909 12:54:36.229484   26645 transport.cc:773] Interface eth0 will not be used as it does not start with one of the prefixes: eth1,eth2,lo
I0909 12:54:36.229492   26645 transport.cc:773] Interface docker0 will not be used as it does not start with one of the prefixes: eth1,eth2,lo
I0909 12:54:36.229494   26645 transport.cc:773] Interface lxceee434c5d682 will not be used as it does not start with one of the prefixes: eth1,eth2,lo
I0909 12:54:36.229496   26645 transport.cc:773] Interface cilium_net will not be used as it does not start with one of the prefixes: eth1,eth2,lo
I0909 12:54:36.229497   26645 transport.cc:773] Interface cilium_host will not be used as it does not start with one of the prefixes: eth1,eth2,lo
I0909 12:54:36.229499   26645 transport.cc:773] Interface lxc98965bb30804 will not be used as it does not start with one of the prefixes: eth1,eth2,lo
I0909 12:54:36.229500   26645 transport.cc:773] Interface lxc7a46b7c617f2 will not be used as it does not start with one of the prefixes: eth1,eth2,lo
I0909 12:54:36.229501   26645 transport.cc:773] Interface lxcc0f9da7fa3ad will not be used as it does not start with one of the prefixes: eth1,eth2,lo
I0909 12:54:36.229502   26645 transport.cc:773] Interface lxcee5710d8dac0 will not be used as it does not start with one of the prefixes: eth1,eth2,lo
I0909 12:54:36.229504   26645 transport.cc:773] Interface eth0 will not be used as it does not start with one of the prefixes: eth1,eth2,lo
I0909 12:54:36.229510   26645 transport.cc:819] Added IP address 10.240.96.10:8081 on network interface eth1
I0909 12:54:36.229514   26645 transport.cc:819] Added IP address 10.240.48.10:8081 on network interface eth2
I0909 12:54:36.229515   26645 transport.cc:773] Interface docker0 will not be used as it does not start with one of the prefixes: eth1,eth2,lo
I0909 12:54:36.229516   26645 transport.cc:773] Interface lxceee434c5d682 will not be used as it does not start with one of the prefixes: eth1,eth2,lo
I0909 12:54:36.229518   26645 transport.cc:773] Interface cilium_host will not be used as it does not start with one of the prefixes: eth1,eth2,lo
I0909 12:54:36.229520   26645 transport.cc:773] Interface lxc98965bb30804 will not be used as it does not start with one of the prefixes: eth1,eth2,lo
I0909 12:54:36.229521   26645 transport.cc:773] Interface lxc7a46b7c617f2 will not be used as it does not start with one of the prefixes: eth1,eth2,lo
I0909 12:54:36.229523   26645 transport.cc:773] Interface lxcc0f9da7fa3ad will not be used as it does not start with one of the prefixes: eth1,eth2,lo
I0909 12:54:36.229524   26645 transport.cc:773] Interface lxcee5710d8dac0 will not be used as it does not start with one of the prefixes: eth1,eth2,lo
I0909 12:54:36.229526   26645 transport.cc:773] Interface eth0 will not be used as it does not start with one of the prefixes: eth1,eth2,lo
I0909 12:54:36.229528   26645 transport.cc:773] Interface lxceee434c5d682 will not be used as it does not start with one of the prefixes: eth1,eth2,lo
I0909 12:54:36.229530   26645 transport.cc:773] Interface cilium_net will not be used as it does not start with one of the prefixes: eth1,eth2,lo
I0909 12:54:36.229531   26645 transport.cc:773] Interface cilium_host will not be used as it does not start with one of the prefixes: eth1,eth2,lo
I0909 12:54:36.229532   26645 transport.cc:773] Interface lxc98965bb30804 will not be used as it does not start with one of the prefixes: eth1,eth2,lo
I0909 12:54:36.229534   26645 transport.cc:773] Interface lxc7a46b7c617f2 will not be used as it does not start with one of the prefixes: eth1,eth2,lo
I0909 12:54:36.229536   26645 transport.cc:773] Interface lxcc0f9da7fa3ad will not be used as it does not start with one of the prefixes: eth1,eth2,lo
I0909 12:54:36.229537   26645 transport.cc:773] Interface lxcee5710d8dac0 will not be used as it does not start with one of the prefixes: eth1,eth2,lo
I0909 12:54:36.229542   26645 communication_backend.cc:984] Sending topology discovery request: go/debugproto   
address_mapping {
  addresses {
    address: "10.240.96.10:8081"
    interface_name: "eth1"
    host_name_for_debugging: "gke-tpu-edbc8be2-f4wr"
  }
  addresses {
    address: "10.240.48.10:8081"
    interface_name: "eth2"
    host_name_for_debugging: "gke-tpu-edbc8be2-f4wr"
    numa_node: 1
  }
  incarnation_id: 7424458699530855186
}
tpu_topology_args {
  version: TPU_VERSION_6acc60406
  platform_type: TPU_PLATFORM_TYPE_HARDWARE
  chip_config_name: "default"
  chips_per_host_bounds {
    x: 2
    y: 2
    z: 1
  }
  host_bounds {
    x: 1
    y: 1
    z: 1
  }
  wrap {
  }
  enhanced_barrier_enabled: true
  use_continuations: true
  routing_strategy: ROUTING_MESH
}
incarnation_id: 7424458699530855186
I0909 12:54:36.229853   26645 grpc_transport.cc:2220] Creating client for slice 0 host 0
I0909 12:54:36.229866   26645 grpc_transport.cc:2203] Using default interface. Available interfaces: [eth2,eth1]. Server information: go/debugproto   
address: "dcn-mc3-slice-0-0.dcn-mc3:8081"
I0909 12:54:36.229962   26645 grpc_transport.cc:2278] Created 1 channels for 1 interfaces on slice 0 host 0.
 Load balancing policy: Dynamic lb: max_outstanding_bytes (8388608).
I0909 12:54:36.230679   27500 cachednslookup.cc:391] TTL not found in response, not caching response
I0909 12:54:36.608986   27481 tpu_chip_config.cc:367] Resolved chip config alias default->megachip for 6acc60406, 
I0909 12:54:37.609348   27364 topology_coordinator.cc:178] MegaScale Topology Discovery in progress. Missing hosts (num_slices=1, num_hosts=0): slice0.*
I0909 12:54:38.609453   27364 topology_coordinator.cc:178] MegaScale Topology Discovery in progress. Missing hosts (num_slices=1, num_hosts=0): slice0.*
I0909 12:54:38.925226   27585 tpu_chip_config.cc:367] Resolved chip config alias default->megachip for 6acc60406, 
I0909 12:54:38.925460   27585 topology_coordinator.cc:325] MegaScale Topology Discovery completed.
I0909 12:54:38.925668   26645 communication_backend.cc:1002] Received topology discovery response: go/debugproto   
slice_info {
  tpu_topology_args {
    version: TPU_VERSION_6acc60406
    platform_type: TPU_PLATFORM_TYPE_HARDWARE
    chip_config_name: "default"
    chips_per_host_bounds {
      x: 2
      y: 2
      z: 1
    }
    host_bounds {
      x: 1
      y: 1
      z: 1
    }
    wrap {
    }
    enhanced_barrier_enabled: true
    use_continuations: true
    routing_strategy: ROUTING_MESH
  }
}
slice_info {
  slice_id: 1
  tpu_topology_args {
    version: TPU_VERSION_6acc60406
    platform_type: TPU_PLATFORM_TYPE_HARDWARE
    chip_config_name: "default"
    chips_per_host_bounds {
      x: 2
      y: 2
      z: 1
    }
    host_bounds {
      x: 1
      y: 1
      z: 1
    }
    wrap {
    }
    enhanced_barrier_enabled: true
    use_continuations: true
    routing_strategy: ROUTING_MESH
  }
}
address_mappings {
  addresses {
    address: "10.240.96.10:8081"
    interface_name: "eth1"
    host_name_for_debugging: "gke-tpu-edbc8be2-f4wr"
  }
  addresses {
    address: "10.240.48.10:8081"
    interface_name: "eth2"
    host_name_for_debugging: "gke-tpu-edbc8be2-f4wr"
    numa_node: 1
  }
  incarnation_id: 7424458699530855186
}
address_mappings {
  slice_id: 1
  addresses {
    address: "10.240.96.6:8081"
    interface_name: "eth1"
    host_name_for_debugging: "gke-tpu-edbc8be2-h1bl"
  }
  addresses {
    address: "10.240.48.8:8081"
    interface_name: "eth2"
    host_name_for_debugging: "gke-tpu-edbc8be2-h1bl"
    numa_node: 1
  }
  incarnation_id: 6151738083138227302
}
incarnation_id: 7424458699530855186
I0909 12:54:38.925793   26645 debug_manager.cc:266] Registering error handler with name: default_handler
I0909 12:54:38.925802   26645 megascale_context.cc:571] Using DCN topology: go/debugproto   
I0909 12:54:38.925834   26645 tpu_chip_config.cc:367] Resolved chip config alias default->megachip for 6acc60406, 
DCN_MULTISLICE_PREFLIGHT {"global_device_count": 16, "local_device_count": 8, "process_count": 2, "process_id": 0, "slice_counts": {"0": 8, "1": 8}}
W0909 12:54:38.927738   27607 pjrt_client.h:601] UpdateGlobalProcessInfo is not supported.
I0909 12:54:38.970313   26645 dump.cc:725] HloModule dump enabled with path prefix: , suffix: before_optimizations
W0909 12:54:38.975405   27609 tpu_spmd_partitioner.cc:460] Collective matmul V1 is enabled. Please consider migrating to V2 since V1 will be deprecated soon. You can enable V2 by setting xla_tpu_all_gather_collective_matmul_mode=post_spmd and xla_tpu_reduce_scatter_collective_matmul_mode=post_spmd.
I0909 12:54:38.982083   26645 deepsea_compiler_hlo_passes.cc:6406] xla_tpu_impure_hlo_parallel_compile is DISABLED. jit__identity_fn
I0909 12:54:38.984869   26645 latency_hiding_scheduler.cc:4420] [latency-hiding-scheduler] LatencyHidingScheduler current memory usage: 73792 bytes. Current limit: 96638113587
I0909 12:54:38.985205   26645 tpu_plumb_vmem_info.cc:677] scavenging_mode: 3 for module: jit__identity_fn
I0909 12:54:39.001200   26645 deepsea_compiler_hlo_passes.cc:6735] HLO_PASSES stage duration: 27.603224ms
I0909 12:54:39.174148   27605 tpu_chip_config.cc:367] Resolved chip config alias default->megachip for 6acc60406, 
I0909 12:54:39.174326   27605 tpu_chip_config.cc:367] Resolved chip config alias default->megachip for 6acc60406, 
I0909 12:54:39.174524   27605 memory_space_assignment_util.cc:577] MSA Vmem breakdown: default scoped vmem (from flag): 33554432; does_msa_directly_allocate_scoped_vmem: T; bytes_for_msa_to_allocate: 67043328
I0909 12:54:39.187496   27836 deepsea_compiler_base.cc:4279] BACKEND_PASSES stage duration: 13.773354ms
I0909 12:54:39.196120   27836 deepsea_compiler_backend.cc:1480] CODE_GENERATION stage duration: 8.5284745ms
I0909 12:54:39.196394   27836 isa_program_util_common.cc:373] (HLO module jit__identity_fn): Executable fingerprint:67556b1dd123307c8bb711c0434fbfac86eab215225618a5f838c0c427d4c3c2
I0909 12:54:39.196398   27836 isa_program_util_common.cc:377] (HLO module jit__identity_fn): Executable fingerprint (including data segments):c43bcc07663f8b538de614a22f9271d5656acd0e5f70af981aecc6805c64d3fd
I0909 12:54:39.196400   27836 isa_program_util_common.cc:380] (HLO module jit__identity_fn): Host transfer fingerprint:e6674013302fbdec09a2c7c89a12b340e612c48cc4b68dbb5d7ca9c5a25bab54
I0909 12:54:39.196641   26645 deepsea_compiler_base.cc:1055] END_TO_END stage duration: 226.500703ms
I0909 12:54:39.196655   26645 deepsea_compiler_base.cc:1056] Note that END_TO_END duration also includes time outside of HLO_PASSES, BACKEND_PASSES, and CODE_GENERATION
I0909 12:54:39.197447   26645 megascale_context.cc:517] MegaScale DCNTopology fingerprint for: jit__identity_fn : 1688352644216761960 DevicesHash: 11843567257950195766 Topology: go/debugproto  
I0909 12:54:39.197486   26645 graph_builder.cc:257] Shapes to compress: [""]
I0909 12:54:39.197491   26645 graph_builder.cc:259] Prefixes to compress: [""]
I0909 12:54:39.197557   26645 graph_builder.cc:2912] Using MXLA graph seed: all-gather_0
I0909 12:54:39.197723   26645 host_command_scheduler_factory.cc:1312] Created a HostCommandScheduler with 18 rules for module jit__identity_fn HostTransfers Fingerprint: 3701741969770116811.
I0909 12:54:39.197736   26645 megascale_context.cc:686] MegaScale ExecutableContext created for module: jit__identity_fn with DCN topology: go/debugproto   
I0909 12:54:39.199099   27382 communication_backend.cc:625] Created communicator. Hostname: gke-tpu-edbc8be2-f4wr Slice ID: 0 Host ID: 0 NumSlices: 2 Device IDs: 0,1,2,3,4,5,6,7
I0909 12:54:39.200544   27563 grpc_transport.cc:2220] Creating client for slice 1 host 0
I0909 12:54:39.200577   27563 grpc_transport.cc:2200] Sending to 10.240.96.6:8081 on interface: eth1
I0909 12:54:39.200672   27563 grpc_transport.cc:2200] Sending to 10.240.48.8:8081 on interface: eth2
I0909 12:54:39.200712   27563 grpc_transport.cc:2278] Created 2 channels for 2 interfaces on slice 1 host 0.
 Load balancing policy: Dynamic lb: max_outstanding_bytes (8388608).
I0909 12:54:39.225349   26645 deepsea_compiler_hlo_passes.cc:6623] XLA::TPU running hlo passes for 21 instructions, module: jit__lambda
I0909 12:54:39.225360   26645 deepsea_compiler_hlo_passes.cc:6668] Initial HLO module: jit__lambda instructions: 21 fingerprint: 
I0909 12:54:39.225651   26645 deepsea_compiler_hlo_passes.cc:6526] HLO optimizing module: jit__lambda instructions: 19
I0909 12:54:39.225656   26645 deepsea_compiler_hlo_passes.cc:6539] XLA::TPU HLO optimization
W0909 12:54:39.226304   27884 tpu_spmd_partitioner.cc:460] Collective matmul V1 is enabled. Please consider migrating to V2 since V1 will be deprecated soon. You can enable V2 by setting xla_tpu_all_gather_collective_matmul_mode=post_spmd and xla_tpu_reduce_scatter_collective_matmul_mode=post_spmd.
I0909 12:54:39.234707   26645 deepsea_compiler_hlo_passes.cc:6406] xla_tpu_impure_hlo_parallel_compile is DISABLED. jit__lambda
I0909 12:54:39.237268   26645 deepsea_compiler_hlo_passes.cc:5472] XLA::TPU HLO PostOptimizationPipeline
I0909 12:54:39.238649   26645 latency_hiding_scheduler.cc:4420] [latency-hiding-scheduler] LatencyHidingScheduler current memory usage: 41024 bytes. Current limit: 96637751091
I0909 12:54:39.239354   26645 tpu_plumb_vmem_info.cc:677] scavenging_mode: 3 for module: jit__lambda
I0909 12:54:39.239972   26645 deepsea_compiler_hlo_passes.cc:6735] HLO_PASSES stage duration: 14.61222125ms
I0909 12:54:39.241106   27605 tpu_chip_config.cc:367] Resolved chip config alias default->megachip for 6acc60406, 
I0909 12:54:39.241268   27605 tpu_chip_config.cc:367] Resolved chip config alias default->megachip for 6acc60406, 
I0909 12:54:39.241457   27605 memory_space_assignment_util.cc:577] MSA Vmem breakdown: default scoped vmem (from flag): 33554432; does_msa_directly_allocate_scoped_vmem: T; bytes_for_msa_to_allocate: 67043328
I0909 12:54:39.258562   27888 deepsea_compiler_base.cc:4279] BACKEND_PASSES stage duration: 17.99284025ms
I0909 12:54:39.261222   27888 deepsea_compiler_backend.cc:1784] final program bundle count: 788 note this count does not reflect cycles spent executing delays.
I0909 12:54:39.266872   27888 deepsea_compiler_backend.cc:1980] Program divided into 2 overlays without HLO functions (90.5K).
I0909 12:54:39.266940   27888 deepsea_compiler_backend.cc:2150] XLA::TPU module name: jit__lambda
I0909 12:54:39.266944   27888 deepsea_compiler_backend.cc:2152] XLA::TPU program HBM usage: 266.5K / 94.74G
I0909 12:54:39.266946   27888 deepsea_compiler_backend.cc:2159] Note that --xla_tpu_max_hbm_size_mib is not specified. This means that the compiler may use up all available HBM, possibly prioritizing other metrics (latency, compile-time, ..) over memory usage. To reduce memory usage, set --xla_tpu_max_hbm_size_mib to a smaller value.
I0909 12:54:39.266948   27888 deepsea_compiler_backend.cc:2193] XLA::TPU program VMEM usage: 32.00M / 64.00M
I0909 12:54:39.266955   27888 deepsea_compiler_backend.cc:2204] Total hbm usage >= 268.28M:
    reserved        268.00M 
    program          266.5K 
    arguments         16.0K 

Output size 512B; shares 0B with arguments.

Total host usage >= 0B:
    reserved             0B 
    program         unknown size 
    arguments            0B 

Output size 0B; shares 0B with arguments.

I0909 12:54:39.266968   27888 deepsea_compiler_backend.cc:2208] Program sflag requirement 228B:
    reserved           204B
    scoped              16B
    HLO temp             8B (100.0% utilization: Unpadded (8B) Padded (8B), 0.0% fragmentation (0B))
Program sparse_core_sequencer_sflag requirement 36B:
    reserved            36B
Program sparse_core_tile_sflag requirement 4B:
    reserved             4B
Program sparse_core_sequencer_smem requirement 64B:
    reserved            64B
Program sparse_core_tile_smem requirement 0B:
Program hbm requirement 266.5K:
    HLO temp         176.0K (100.0% utilization: Unpadded (24.3K) Padded (24.3K), 86.2% fragmentation (151.7K))
    overlays          90.5K
Program vmem requirement 32.00M:
    HLO temp         32.00M (0.0% utilization: Unpadded (0B) Padded (0B), 100.0% fragmentation (32.00M))
Program smem requirement 36B:
    global               4B
    scoped              32B
Program host requirement 0B:
I0909 12:54:39.266971   27888 deepsea_compiler_backend.cc:2216] XLA::TPU program SMEM usage: 1.9K / 1.00M (1 parameters)
I0909 12:54:39.267058   27888 deepsea_compiler_backend.cc:1480] CODE_GENERATION stage duration: 8.43409825ms
I0909 12:54:39.267369   27888 isa_program_util_common.cc:373] (HLO module jit__lambda): Executable fingerprint:6a126cddbd2c7a63446e46d5dcaf750209d6c974ec79e4080fdc4ca9886f81e4
I0909 12:54:39.267372   27888 isa_program_util_common.cc:377] (HLO module jit__lambda): Executable fingerprint (including data segments):12c0715cab49b82f1e3ea1846957d5d3523547d5bf3cc57bcf82f0517b7a92e8
I0909 12:54:39.267373   27888 isa_program_util_common.cc:380] (HLO module jit__lambda): Host transfer fingerprint:2b9801a161c74c27631ae5e0b6d660abd73031d7eba34a0a6e10fff8dfd2f3ae
I0909 12:54:39.267555   26645 deepsea_compiler_base.cc:1055] END_TO_END stage duration: 44.714903ms
I0909 12:54:39.267566   26645 deepsea_compiler_base.cc:1056] Note that END_TO_END duration also includes time outside of HLO_PASSES, BACKEND_PASSES, and CODE_GENERATION
I0909 12:54:39.268226   26645 megascale_context.cc:517] MegaScale DCNTopology fingerprint for: jit__lambda : 1688352644216761960 DevicesHash: 8081921339993277715 Topology: go/debugproto  
I0909 12:54:39.268521   26645 host_command_scheduler_factory.cc:1312] Created a HostCommandScheduler with 54 rules for module jit__lambda HostTransfers Fingerprint: 12151718319723310994.
I0909 12:54:39.268542   26645 megascale_context.cc:686] MegaScale ExecutableContext created for module: jit__lambda with DCN topology: go/debugproto   
I0909 12:54:39.293010   26645 deepsea_compiler_hlo_passes.cc:6623] XLA::TPU running hlo passes for 21 instructions, module: jit__lambda
I0909 12:54:39.293019   26645 deepsea_compiler_hlo_passes.cc:6668] Initial HLO module: jit__lambda instructions: 21 fingerprint: 
I0909 12:54:39.293245   26645 deepsea_compiler_hlo_passes.cc:6526] HLO optimizing module: jit__lambda instructions: 19
I0909 12:54:39.293251   26645 deepsea_compiler_hlo_passes.cc:6539] XLA::TPU HLO optimization
W0909 12:54:39.293990   27897 tpu_spmd_partitioner.cc:460] Collective matmul V1 is enabled. Please consider migrating to V2 since V1 will be deprecated soon. You can enable V2 by setting xla_tpu_all_gather_collective_matmul_mode=post_spmd and xla_tpu_reduce_scatter_collective_matmul_mode=post_spmd.
I0909 12:54:39.303484   26645 deepsea_compiler_hlo_passes.cc:6406] xla_tpu_impure_hlo_parallel_compile is DISABLED. jit__lambda
I0909 12:54:39.305999   26645 deepsea_compiler_hlo_passes.cc:5472] XLA::TPU HLO PostOptimizationPipeline
I0909 12:54:39.307300   26645 latency_hiding_scheduler.cc:4420] [latency-hiding-scheduler] LatencyHidingScheduler current memory usage: 41024 bytes. Current limit: 96637751091
I0909 12:54:39.307963   26645 tpu_plumb_vmem_info.cc:677] scavenging_mode: 3 for module: jit__lambda
I0909 12:54:39.308580   26645 deepsea_compiler_hlo_passes.cc:6735] HLO_PASSES stage duration: 15.5602585ms
I0909 12:54:39.309740   27605 tpu_chip_config.cc:367] Resolved chip config alias default->megachip for 6acc60406, 
I0909 12:54:39.309894   27605 tpu_chip_config.cc:367] Resolved chip config alias default->megachip for 6acc60406, 
I0909 12:54:39.310073   27605 memory_space_assignment_util.cc:577] MSA Vmem breakdown: default scoped vmem (from flag): 33554432; does_msa_directly_allocate_scoped_vmem: T; bytes_for_msa_to_allocate: 67043328
I0909 12:54:39.328770   27901 deepsea_compiler_base.cc:4279] BACKEND_PASSES stage duration: 19.5842025ms
I0909 12:54:39.331133   27901 deepsea_compiler_backend.cc:1784] final program bundle count: 788 note this count does not reflect cycles spent executing delays.
I0909 12:54:39.336947   27901 deepsea_compiler_backend.cc:1980] Program divided into 2 overlays without HLO functions (90.5K).
I0909 12:54:39.337013   27901 deepsea_compiler_backend.cc:2150] XLA::TPU module name: jit__lambda
I0909 12:54:39.337017   27901 deepsea_compiler_backend.cc:2152] XLA::TPU program HBM usage: 266.5K / 94.74G
I0909 12:54:39.337020   27901 deepsea_compiler_backend.cc:2159] Note that --xla_tpu_max_hbm_size_mib is not specified. This means that the compiler may use up all available HBM, possibly prioritizing other metrics (latency, compile-time, ..) over memory usage. To reduce memory usage, set --xla_tpu_max_hbm_size_mib to a smaller value.
I0909 12:54:39.337022   27901 deepsea_compiler_backend.cc:2193] XLA::TPU program VMEM usage: 32.00M / 64.00M
I0909 12:54:39.337029   27901 deepsea_compiler_backend.cc:2204] Total hbm usage >= 268.28M:
    reserved        268.00M 
    program          266.5K 
    arguments         16.0K 

Output size 512B; shares 0B with arguments.

Total host usage >= 0B:
    reserved             0B 
    program         unknown size 
    arguments            0B 

Output size 0B; shares 0B with arguments.

I0909 12:54:39.337041   27901 deepsea_compiler_backend.cc:2208] Program sflag requirement 228B:
    reserved           204B
    scoped              16B
    HLO temp             8B (100.0% utilization: Unpadded (8B) Padded (8B), 0.0% fragmentation (0B))
Program sparse_core_sequencer_sflag requirement 36B:
    reserved            36B
Program sparse_core_tile_sflag requirement 4B:
    reserved             4B
Program sparse_core_sequencer_smem requirement 64B:
    reserved            64B
Program sparse_core_tile_smem requirement 0B:
Program hbm requirement 266.5K:
    HLO temp         176.0K (100.0% utilization: Unpadded (24.3K) Padded (24.3K), 86.2% fragmentation (151.7K))
    overlays          90.5K
Program vmem requirement 32.00M:
    HLO temp         32.00M (0.0% utilization: Unpadded (0B) Padded (0B), 100.0% fragmentation (32.00M))
Program smem requirement 36B:
    global               4B
    scoped              32B
Program host requirement 0B:
I0909 12:54:39.337043   27901 deepsea_compiler_backend.cc:2216] XLA::TPU program SMEM usage: 1.9K / 1.00M (1 parameters)
I0909 12:54:39.337129   27901 deepsea_compiler_backend.cc:1480] CODE_GENERATION stage duration: 8.300244ms
I0909 12:54:39.337444   27901 isa_program_util_common.cc:373] (HLO module jit__lambda): Executable fingerprint:6a126cddbd2c7a63446e46d5dcaf750209d6c974ec79e4080fdc4ca9886f81e4
I0909 12:54:39.337447   27901 isa_program_util_common.cc:377] (HLO module jit__lambda): Executable fingerprint (including data segments):12c0715cab49b82f1e3ea1846957d5d3523547d5bf3cc57bcf82f0517b7a92e8
I0909 12:54:39.337448   27901 isa_program_util_common.cc:380] (HLO module jit__lambda): Host transfer fingerprint:2b9801a161c74c27631ae5e0b6d660abd73031d7eba34a0a6e10fff8dfd2f3ae
I0909 12:54:39.337637   26645 deepsea_compiler_base.cc:1055] END_TO_END stage duration: 47.67690125ms
I0909 12:54:39.337652   26645 deepsea_compiler_base.cc:1056] Note that END_TO_END duration also includes time outside of HLO_PASSES, BACKEND_PASSES, and CODE_GENERATION
I0909 12:54:39.338243   26645 megascale_context.cc:517] MegaScale DCNTopology fingerprint for: jit__lambda : 1688352644216761960 DevicesHash: 8081921339993277715 Topology: go/debugproto  
I0909 12:54:39.338568   26645 host_command_scheduler_factory.cc:1312] Created a HostCommandScheduler with 54 rules for module jit__lambda HostTransfers Fingerprint: 12151718319723310994.
I0909 12:54:39.338592   26645 megascale_context.cc:686] MegaScale ExecutableContext created for module: jit__lambda with DCN topology: go/debugproto   
I0909 12:54:39.346066   27027 megascale_context.cc:439] Destroying MegaScale PjrtExecutableContext: jit__lambda
I0909 12:54:39.363567   26645 deepsea_compiler_hlo_passes.cc:6623] XLA::TPU running hlo passes for 19 instructions, module: jit__lambda
I0909 12:54:39.363577   26645 deepsea_compiler_hlo_passes.cc:6668] Initial HLO module: jit__lambda instructions: 19 fingerprint: 
I0909 12:54:39.363794   26645 deepsea_compiler_hlo_passes.cc:6526] HLO optimizing module: jit__lambda instructions: 17
I0909 12:54:39.363800   26645 deepsea_compiler_hlo_passes.cc:6539] XLA::TPU HLO optimization
W0909 12:54:39.364388   27909 tpu_spmd_partitioner.cc:460] Collective matmul V1 is enabled. Please consider migrating to V2 since V1 will be deprecated soon. You can enable V2 by setting xla_tpu_all_gather_collective_matmul_mode=post_spmd and xla_tpu_reduce_scatter_collective_matmul_mode=post_spmd.
I0909 12:54:39.370670   26645 deepsea_compiler_hlo_passes.cc:6406] xla_tpu_impure_hlo_parallel_compile is DISABLED. jit__lambda
I0909 12:54:39.372514   26645 deepsea_compiler_hlo_passes.cc:5472] XLA::TPU HLO PostOptimizationPipeline
I0909 12:54:39.373388   26645 latency_hiding_scheduler.cc:4420] [latency-hiding-scheduler] LatencyHidingScheduler current memory usage: 24640 bytes. Current limit: 96637894451
I0909 12:54:39.373805   26645 tpu_plumb_vmem_info.cc:677] scavenging_mode: 3 for module: jit__lambda
I0909 12:54:39.374300   26645 deepsea_compiler_hlo_passes.cc:6735] HLO_PASSES stage duration: 10.7223675ms
I0909 12:54:39.375527   27605 tpu_chip_config.cc:367] Resolved chip config alias default->megachip for 6acc60406, 
I0909 12:54:39.375675   27605 tpu_chip_config.cc:367] Resolved chip config alias default->megachip for 6acc60406, 
I0909 12:54:39.375860   27605 memory_space_assignment_util.cc:577] MSA Vmem breakdown: default scoped vmem (from flag): 33554432; does_msa_directly_allocate_scoped_vmem: T; bytes_for_msa_to_allocate: 67043328
I0909 12:54:39.390192   27913 deepsea_compiler_base.cc:4279] BACKEND_PASSES stage duration: 15.20728ms
I0909 12:54:39.392312   27913 deepsea_compiler_backend.cc:1784] final program bundle count: 626 note this count does not reflect cycles spent executing delays.
I0909 12:54:39.397257   27913 deepsea_compiler_backend.cc:1980] Program divided into 2 overlays without HLO functions (80.5K).
I0909 12:54:39.397312   27913 deepsea_compiler_backend.cc:2150] XLA::TPU module name: jit__lambda
I0909 12:54:39.397315   27913 deepsea_compiler_backend.cc:2152] XLA::TPU program HBM usage: 208.5K / 94.74G
I0909 12:54:39.397318   27913 deepsea_compiler_backend.cc:2159] Note that --xla_tpu_max_hbm_size_mib is not specified. This means that the compiler may use up all available HBM, possibly prioritizing other metrics (latency, compile-time, ..) over memory usage. To reduce memory usage, set --xla_tpu_max_hbm_size_mib to a smaller value.
I0909 12:54:39.397319   27913 deepsea_compiler_backend.cc:2193] XLA::TPU program VMEM usage: 32.00M / 64.00M
I0909 12:54:39.397325   27913 deepsea_compiler_backend.cc:2204] Total hbm usage >= 268.22M:
    reserved        268.00M 
    program          208.5K 
    arguments         16.0K 

Output size 512B; shares 0B with arguments.

Total host usage >= 0B:
    reserved             0B 
    program         unknown size 
    arguments            0B 

Output size 0B; shares 0B with arguments.

I0909 12:54:39.397345   27913 deepsea_compiler_backend.cc:2208] Program sflag requirement 224B:
    reserved           204B
    scoped              12B
    HLO temp             8B (100.0% utilization: Unpadded (8B) Padded (8B), 0.0% fragmentation (0B))
Program sparse_core_sequencer_sflag requirement 36B:
    reserved            36B
Program sparse_core_tile_sflag requirement 4B:
    reserved             4B
Program sparse_core_sequencer_smem requirement 64B:
    reserved            64B
Program sparse_core_tile_smem requirement 0B:
Program hbm requirement 208.5K:
    HLO temp         128.0K (49.1% utilization: Unpadded (8.2K) Padded (16.7K), 87.0% fragmentation (111.3K))
    overlays          80.5K
Program vmem requirement 32.00M:
    HLO temp         32.00M (0.0% utilization: Unpadded (0B) Padded (0B), 100.0% fragmentation (32.00M))
Program smem requirement 36B:
    global               4B
    scoped              32B
Program host requirement 0B:
I0909 12:54:39.397348   27913 deepsea_compiler_backend.cc:2216] XLA::TPU program SMEM usage: 1.9K / 1.00M (1 parameters)
I0909 12:54:39.397425   27913 deepsea_compiler_backend.cc:1480] CODE_GENERATION stage duration: 7.1731325ms
I0909 12:54:39.397655   27913 isa_program_util_common.cc:373] (HLO module jit__lambda): Executable fingerprint:4a4bf7195f2e28a358732e4bad360b9ab79156518433b25ddb27df2e76864c13
I0909 12:54:39.397658   27913 isa_program_util_common.cc:377] (HLO module jit__lambda): Executable fingerprint (including data segments):41df051aa1d5cc95b6bd65dcd0fe59634f8d45c83e436d4b0b21da6da348f7ba
I0909 12:54:39.397659   27913 isa_program_util_common.cc:380] (HLO module jit__lambda): Host transfer fingerprint:5c8f40e7dcd653d84e947d890338940d2b2e1ffba06eadb57827e716f5782f97
I0909 12:54:39.397802   26645 deepsea_compiler_base.cc:1055] END_TO_END stage duration: 36.531001ms
I0909 12:54:39.397813   26645 deepsea_compiler_base.cc:1056] Note that END_TO_END duration also includes time outside of HLO_PASSES, BACKEND_PASSES, and CODE_GENERATION
I0909 12:54:39.398385   26645 megascale_context.cc:517] MegaScale DCNTopology fingerprint for: jit__lambda : 1688352644216761960 DevicesHash: 8081921339993277715 Topology: go/debugproto  
I0909 12:54:39.398591   26645 host_command_scheduler_factory.cc:1312] Created a HostCommandScheduler with 36 rules for module jit__lambda HostTransfers Fingerprint: 8427318606672400244.
I0909 12:54:39.398607   26645 megascale_context.cc:686] MegaScale ExecutableContext created for module: jit__lambda with DCN topology: go/debugproto   
MANUAL_AR_VERIFY {"exchange_add": true, "psum": true, "psum_checksum": 3.0}
I0909 12:54:39.407397   27027 megascale_context.cc:439] Destroying MegaScale PjrtExecutableContext: jit__lambda
W0909 12:54:39.421033   27915 tpu_spmd_partitioner.cc:460] Collective matmul V1 is enabled. Please consider migrating to V2 since V1 will be deprecated soon. You can enable V2 by setting xla_tpu_all_gather_collective_matmul_mode=post_spmd and xla_tpu_reduce_scatter_collective_matmul_mode=post_spmd.
I0909 12:54:39.425511   26645 deepsea_compiler_hlo_passes.cc:6406] xla_tpu_impure_hlo_parallel_compile is DISABLED. jit__lambda
I0909 12:54:39.427134   26645 tpu_plumb_vmem_info.cc:677] scavenging_mode: 3 for module: jit__lambda
I0909 12:54:39.436538   26645 deepsea_compiler_hlo_passes.cc:6735] HLO_PASSES stage duration: 16.28726775ms
I0909 12:54:39.437542   27605 tpu_chip_config.cc:367] Resolved chip config alias default->megachip for 6acc60406, 
I0909 12:54:39.437674   27605 tpu_chip_config.cc:367] Resolved chip config alias default->megachip for 6acc60406, 
I0909 12:54:39.437839   27605 memory_space_assignment_util.cc:577] MSA Vmem breakdown: default scoped vmem (from flag): 33554432; does_msa_directly_allocate_scoped_vmem: T; bytes_for_msa_to_allocate: 67043328
I0909 12:54:39.467078   27917 deepsea_compiler_base.cc:4279] BACKEND_PASSES stage duration: 29.9763895ms
I0909 12:54:39.474100   27917 deepsea_compiler_backend.cc:1480] CODE_GENERATION stage duration: 6.966496ms
I0909 12:54:39.474383   27917 isa_program_util_common.cc:373] (HLO module jit__lambda): Executable fingerprint:bc586dffeac4e7ae318e7d154bf8e04f4304c94ca0093b387a7797ec3816d14b
I0909 12:54:39.474387   27917 isa_program_util_common.cc:377] (HLO module jit__lambda): Executable fingerprint (including data segments):a2faf2ce0762128844e7a122c148a8aece70b237d9b143ffa46b761ac2a0d991
I0909 12:54:39.474388   27917 isa_program_util_common.cc:380] (HLO module jit__lambda): Host transfer fingerprint:e3b0c44298fc1c149afbf4c8996fb92427ae41e4649b934ca495991b7852b855
I0909 12:54:39.474569   26645 deepsea_compiler_base.cc:1055] END_TO_END stage duration: 56.98697275ms
I0909 12:54:39.474584   26645 deepsea_compiler_base.cc:1056] Note that END_TO_END duration also includes time outside of HLO_PASSES, BACKEND_PASSES, and CODE_GENERATION
I0909 12:54:39.475037   26645 host_command_scheduler_factory.cc:1312] Created a HostCommandScheduler with 0 rules for module jit__lambda HostTransfers Fingerprint: 0.
I0909 12:54:39.475050   26645 megascale_context.cc:686] MegaScale ExecutableContext created for module: jit__lambda with DCN topology: go/debugproto   
I0909 12:54:39.478696   27328 megascale_context.cc:439] Destroying MegaScale PjrtExecutableContext: jit__lambda
W0909 12:54:39.495082   27919 tpu_spmd_partitioner.cc:460] Collective matmul V1 is enabled. Please consider migrating to V2 since V1 will be deprecated soon. You can enable V2 by setting xla_tpu_all_gather_collective_matmul_mode=post_spmd and xla_tpu_reduce_scatter_collective_matmul_mode=post_spmd.
I0909 12:54:39.501817   26645 deepsea_compiler_hlo_passes.cc:6406] xla_tpu_impure_hlo_parallel_compile is DISABLED. jit__identity_fn
I0909 12:54:39.504944   26645 latency_hiding_scheduler.cc:4420] [latency-hiding-scheduler] LatencyHidingScheduler current memory usage: 10816 bytes. Current limit: 96637838643
I0909 12:54:39.505513   26645 tpu_plumb_vmem_info.cc:677] scavenging_mode: 3 for module: jit__identity_fn
I0909 12:54:39.506060   26645 deepsea_compiler_hlo_passes.cc:6735] HLO_PASSES stage duration: 11.4373565ms
I0909 12:54:39.507112   27605 tpu_chip_config.cc:367] Resolved chip config alias default->megachip for 6acc60406, 
I0909 12:54:39.507259   27605 tpu_chip_config.cc:367] Resolved chip config alias default->megachip for 6acc60406, 
I0909 12:54:39.507452   27605 memory_space_assignment_util.cc:577] MSA Vmem breakdown: default scoped vmem (from flag): 33554432; does_msa_directly_allocate_scoped_vmem: T; bytes_for_msa_to_allocate: 67043328
I0909 12:54:39.531759   27921 deepsea_compiler_base.cc:4279] BACKEND_PASSES stage duration: 25.1650865ms
I0909 12:54:39.540520   27921 deepsea_compiler_backend.cc:1480] CODE_GENERATION stage duration: 8.6804945ms
I0909 12:54:39.540856   27921 isa_program_util_common.cc:373] (HLO module jit__identity_fn): Executable fingerprint:fd3b0d6bd150f631ee1516bdd9fe68433befc25b43e5ac8c1bf0647642d4a029
I0909 12:54:39.540860   27921 isa_program_util_common.cc:377] (HLO module jit__identity_fn): Executable fingerprint (including data segments):b4793e425396e7ab5df0b40c15a832140ecb3328718901424ce0f42c7f63731d
I0909 12:54:39.540862   27921 isa_program_util_common.cc:380] (HLO module jit__identity_fn): Host transfer fingerprint:f21887b8cd1a7de9f1745e6458df4dba74bea513f1593c4409ce2cd383777ca8
I0909 12:54:39.541008   26645 deepsea_compiler_base.cc:1055] END_TO_END stage duration: 48.65360675ms
I0909 12:54:39.541025   26645 deepsea_compiler_base.cc:1056] Note that END_TO_END duration also includes time outside of HLO_PASSES, BACKEND_PASSES, and CODE_GENERATION
I0909 12:54:39.541740   26645 megascale_context.cc:517] MegaScale DCNTopology fingerprint for: jit__identity_fn : 1688352644216761960 DevicesHash: 11843567257950195766 Topology: go/debugproto  
I0909 12:54:39.541939   26645 host_command_scheduler_factory.cc:1312] Created a HostCommandScheduler with 18 rules for module jit__identity_fn HostTransfers Fingerprint: 14547820116035419324.
I0909 12:54:39.541952   26645 megascale_context.cc:686] MegaScale ExecutableContext created for module: jit__identity_fn with DCN topology: go/debugproto   
I0909 12:54:39.544561   27289 megascale_context.cc:439] Destroying MegaScale PjrtExecutableContext: jit__lambda
W0909 12:54:39.563627   27925 tpu_spmd_partitioner.cc:460] Collective matmul V1 is enabled. Please consider migrating to V2 since V1 will be deprecated soon. You can enable V2 by setting xla_tpu_all_gather_collective_matmul_mode=post_spmd and xla_tpu_reduce_scatter_collective_matmul_mode=post_spmd.
I0909 12:54:39.569536   26645 deepsea_compiler_hlo_passes.cc:6406] xla_tpu_impure_hlo_parallel_compile is DISABLED. jit_op
I0909 12:54:39.571745   26645 latency_hiding_scheduler.cc:4420] [latency-hiding-scheduler] LatencyHidingScheduler current memory usage: 1610620992 bytes. Current limit: 95564271411
I0909 12:54:39.572178   26645 tpu_plumb_vmem_info.cc:677] scavenging_mode: 3 for module: jit_op
I0909 12:54:39.602138   26645 deepsea_compiler_hlo_passes.cc:6735] HLO_PASSES stage duration: 39.03361675ms
I0909 12:54:39.603586   27605 tpu_chip_config.cc:367] Resolved chip config alias default->megachip for 6acc60406, 
I0909 12:54:39.603739   27605 tpu_chip_config.cc:367] Resolved chip config alias default->megachip for 6acc60406, 
I0909 12:54:39.603906   27605 memory_space_assignment_util.cc:577] MSA Vmem breakdown: default scoped vmem (from flag): 33554432; does_msa_directly_allocate_scoped_vmem: T; bytes_for_msa_to_allocate: 67043328
I0909 12:54:39.609554   27364 topology_coordinator.cc:173] MegaScale Topology Discovery completed.
I0909 12:54:39.688318   27931 deepsea_compiler_base.cc:4279] BACKEND_PASSES stage duration: 85.431556ms
I0909 12:54:39.697031   27931 deepsea_compiler_backend.cc:1480] CODE_GENERATION stage duration: 8.6215685ms
I0909 12:54:39.697399   27931 isa_program_util_common.cc:373] (HLO module jit_op): Executable fingerprint:0f2b665f05c3c4afe211f3c371efcab563df28a2ebf1e3fea485408c5722f8dc
I0909 12:54:39.697403   27931 isa_program_util_common.cc:377] (HLO module jit_op): Executable fingerprint (including data segments):86848f6f1a06a74bef5f269280dc370998aab50634976e92618a9f9f14091724
I0909 12:54:39.697405   27931 isa_program_util_common.cc:380] (HLO module jit_op): Host transfer fingerprint:294ab033fa7a89f4c4b5c51d8744fa6f4206e6d1d2d85c49c24e64e2b1444859
I0909 12:54:39.697560   26645 deepsea_compiler_base.cc:1055] END_TO_END stage duration: 136.928961ms
I0909 12:54:39.697573   26645 deepsea_compiler_base.cc:1056] Note that END_TO_END duration also includes time outside of HLO_PASSES, BACKEND_PASSES, and CODE_GENERATION
I0909 12:54:39.698199   26645 megascale_context.cc:517] MegaScale DCNTopology fingerprint for: jit_op : 1688352644216761960 DevicesHash: 8081921339993277715 Topology: go/debugproto  
I0909 12:54:39.699907   26645 host_command_scheduler_factory.cc:1312] Created a HostCommandScheduler with 36 rules for module jit_op HostTransfers Fingerprint: 12634255100403355191.
I0909 12:54:39.700040   26645 megascale_context.cc:686] MegaScale ExecutableContext created for module: jit_op with DCN topology: go/debugproto   
I0909 12:54:39.729308   27590 generic-stream-socket.h:1667] Cannot process timestamp for type=1 seq=33588003 time=2026-09-09T12:54:39.729253499+00:00
W0909 12:54:39.889690   27382 tpu_pjrt_client.cc:2333] PjRt execution dispatch was blocked for 175.349849ms because PjRt's max in-flight computation semaphore is full (limit: 32), which may negatively affect the performance
I0909 12:55:06.232114   27493 cachednslookup.cc:391] TTL not found in response, not caching response
I0909 12:55:39.909109   26645 megascale_context.cc:439] Destroying MegaScale PjrtExecutableContext: jit_op
MANUAL_AR_RESULT {"batch": 10, "benchmark": "manual_ar", "host_gbps_best": 331.9518197340434, "host_gbps_median": 322.77808253048136, "matrix_dim": 32768, "network_delta": {"cilium_host": {"rx_bytes": 0, "tx_bytes": 0}, "cilium_net": {"rx_bytes": 0, "tx_bytes": 0}, "docker0": {"rx_bytes": 0, "tx_bytes": 0}, "eth0": {"rx_bytes": 729727, "tx_bytes": 11370620}, "eth1": {"rx_bytes": 1209700725122, "tx_bytes": 1206248195292}, "eth2": {"rx_bytes": 1214584241404, "tx_bytes": 1205924311941}, "lo": {"rx_bytes": 5945167, "tx_bytes": 5945167}, "lxc7a46b7c617f2": {"rx_bytes": 2233231, "tx_bytes": 699518}, "lxc98965bb30804": {"rx_bytes": 24807, "tx_bytes": 119435}, "lxcc0f9da7fa3ad": {"rx_bytes": 32298, "tx_bytes": 8151}, "lxcee5710d8dac0": {"rx_bytes": 31277, "tx_bytes": 4687}, "lxceee434c5d682": {"rx_bytes": 534, "tx_bytes": 653}}, "participants_per_slice": 8, "reps": 8, "shard_bytes_per_device": 1073741824.0, "time_ms_all": [209.32441590121016, 213.84981980081648, 217.81088409479707, 219.56477969652042, 207.0164181990549, 213.1796050001867, 210.62150829238817, 212.62053729733452], "time_ms_best": 207.0164181990549, "time_ms_median": 212.90007114876062, "variant": "psum", "warmups": 200}
W0909 12:55:39.940152   28396 tpu_spmd_partitioner.cc:460] Collective matmul V1 is enabled. Please consider migrating to V2 since V1 will be deprecated soon. You can enable V2 by setting xla_tpu_all_gather_collective_matmul_mode=post_spmd and xla_tpu_reduce_scatter_collective_matmul_mode=post_spmd.
I0909 12:55:39.948685   26645 deepsea_compiler_hlo_passes.cc:6406] xla_tpu_impure_hlo_parallel_compile is DISABLED. jit_op
I0909 12:55:39.950927   26645 latency_hiding_scheduler.cc:4420] [latency-hiding-scheduler] LatencyHidingScheduler current memory usage: 1073750080 bytes. Current limit: 95564404531
I0909 12:55:39.951305   26645 tpu_plumb_vmem_info.cc:677] scavenging_mode: 3 for module: jit_op
I0909 12:55:39.973195   26645 deepsea_compiler_hlo_passes.cc:6735] HLO_PASSES stage duration: 33.91993525ms
I0909 12:55:39.974405   27605 tpu_chip_config.cc:367] Resolved chip config alias default->megachip for 6acc60406, 
I0909 12:55:39.974621   27605 tpu_chip_config.cc:367] Resolved chip config alias default->megachip for 6acc60406, 
I0909 12:55:39.974809   27605 memory_space_assignment_util.cc:577] MSA Vmem breakdown: default scoped vmem (from flag): 33554432; does_msa_directly_allocate_scoped_vmem: T; bytes_for_msa_to_allocate: 67043328
I0909 12:55:40.085501   28400 deepsea_compiler_base.cc:4279] BACKEND_PASSES stage duration: 111.72352225ms
I0909 12:55:40.093969   28400 deepsea_compiler_backend.cc:1480] CODE_GENERATION stage duration: 8.38149025ms
I0909 12:55:40.094352   28400 isa_program_util_common.cc:373] (HLO module jit_op): Executable fingerprint:33a5a6d6f7cea468562f68254b4eb2b89053eb34e2e10125a401ef1c264018f8
I0909 12:55:40.094356   28400 isa_program_util_common.cc:377] (HLO module jit_op): Executable fingerprint (including data segments):63de7ca22133830a9ecf7d1576f6e0dc97cbc6a522ec2bae425e60708fe1b2d0
I0909 12:55:40.094357   28400 isa_program_util_common.cc:380] (HLO module jit_op): Host transfer fingerprint:c37db3d47c19d90e6b870bb79741e56a58ee0112318c32550eac3926e65c0ec8
I0909 12:55:40.094504   26645 deepsea_compiler_base.cc:1055] END_TO_END stage duration: 158.80665875ms
I0909 12:55:40.094519   26645 deepsea_compiler_base.cc:1056] Note that END_TO_END duration also includes time outside of HLO_PASSES, BACKEND_PASSES, and CODE_GENERATION
I0909 12:55:40.095165   26645 megascale_context.cc:517] MegaScale DCNTopology fingerprint for: jit_op : 1688352644216761960 DevicesHash: 8081921339993277715 Topology: go/debugproto  
I0909 12:55:40.098714   26645 host_command_scheduler_factory.cc:1312] Created a HostCommandScheduler with 18 rules for module jit_op HostTransfers Fingerprint: 158907515329715665.
I0909 12:55:40.099276   26645 megascale_context.cc:686] MegaScale ExecutableContext created for module: jit_op with DCN topology: go/debugproto   
W0909 12:55:40.120418   28125 grpc_transport.cc:1186] Too many pending sends: 128
W0909 12:55:40.274791   27379 tpu_pjrt_client.cc:2333] PjRt execution dispatch was blocked for 155.757951ms because PjRt's max in-flight computation semaphore is full (limit: 32), which may negatively affect the performance
W0909 12:55:40.324631   27431 block_allocator.cc:240] Allocator almost full. Allocator Stats. Total: 17179869184 Free: 4292280320 Peak: 0
Outstanding :: 9437184: 0 32768: 0 1024: 8 16384: 2 65536: 0 34603008: 0 8192: 0 33554432: 0 8388608: 532 
Free :: 34603008: 64 65536: 4 16384: 5 1024: 8 8192: 8 33554432: 164 32768: 4 8388608: 0 9437184: 74 
W0909 12:55:50.295533   28381 grpc_transport.cc:1186] Too many pending sends: 128
W0909 12:56:00.353677   27972 grpc_transport.cc:1186] Too many pending sends: 128
W0909 12:56:10.512768   27405 grpc_transport.cc:1186] Too many pending sends: 128
W0909 12:56:20.515173   28176 grpc_transport.cc:1186] Too many pending sends: 156
W0909 12:56:30.550089   28135 grpc_transport.cc:1186] Too many pending sends: 128
W0909 12:56:40.550085   28319 grpc_transport.cc:1186] Too many pending sends: 156
W0909 12:56:50.658377   27953 grpc_transport.cc:1186] Too many pending sends: 170
I0909 12:56:52.120749   26645 megascale_context.cc:439] Destroying MegaScale PjrtExecutableContext: jit_op
MANUAL_AR_RESULT {"batch": 10, "benchmark": "manual_ar", "host_gbps_best": 264.5249875524585, "host_gbps_median": 252.85747761078682, "matrix_dim": 32768, "network_delta": {"cilium_host": {"rx_bytes": 0, "tx_bytes": 0}, "cilium_net": {"rx_bytes": 0, "tx_bytes": 0}, "docker0": {"rx_bytes": 0, "tx_bytes": 0}, "eth0": {"rx_bytes": 877449, "tx_bytes": 12853006}, "eth1": {"rx_bytes": 1165534121553, "tx_bytes": 1207905858870}, "eth2": {"rx_bytes": 1259525265943, "tx_bytes": 1207005314248}, "lo": {"rx_bytes": 6164125, "tx_bytes": 6164125}, "lxc7a46b7c617f2": {"rx_bytes": 3576968, "tx_bytes": 1001635}, "lxc98965bb30804": {"rx_bytes": 21276, "tx_bytes": 112895}, "lxcc0f9da7fa3ad": {"rx_bytes": 57533, "tx_bytes": 9443}, "lxcee5710d8dac0": {"rx_bytes": 50086, "tx_bytes": 15700}, "lxceee434c5d682": {"rx_bytes": 884, "tx_bytes": 839}}, "participants_per_slice": 8, "reps": 8, "shard_bytes_per_device": 1073741824.0, "time_ms_all": [262.3797502950765, 264.94036118965596, 272.25030299741775, 259.7844436997548, 274.89809240214527, 271.2928612018004, 274.6436174027622, 275.51843870896846], "time_ms_best": 259.7844436997548, "time_ms_median": 271.7715820996091, "variant": "exchange_add", "warmups": 200}
MANUAL_AR_SUMMARY {"exchange_add@32768": 264.5, "psum@32768": 332.0}
I0909 12:56:52.128456   26645 megascale_context.cc:439] Destroying MegaScale PjrtExecutableContext: jit__identity_fn
W0909 12:56:52.134832   27607 pjrt_client.h:601] UpdateGlobalProcessInfo is not supported.
W0909 12:56:52.135186   27607 pjrt_client.h:601] UpdateGlobalProcessInfo is not supported.
I0909 12:56:52.163649   26645 allocator_stats_reporter.cc:147] Stopping AllocatorStatsReporter. Reporting one last time first.
I0909 12:56:52.163962   27368 tpu_diagnostic_coordinator.cc:565] TpuStallWorker thread exiting.
I0909 12:56:52.378208   26645 tpunetd_client.cc:431] Session master stopping the session...
I0909 12:56:52.378470   27610 session_worker_service.cc:115] Session master notifies the worker to disconnect from session 3ab7620030eb7067
I0909 12:56:52.378521   26645 tpunetd_client.cc:433] Session master stopped the session.
I0909 12:56:52.378533   26645 tpunetd_client.cc:438] Session manager stopping the session...
I0909 12:56:52.483140   26645 tpunetd_client.cc:440] Session manager stopped the session.
I0909 12:56:57.571540   28353 async_driver.cc:1178] [/dev/vfio/6 tpu662:pe0:2] vf_id:0 Driver closed.
I0909 12:56:57.597989   28715 async_driver.cc:1178] [/dev/vfio/1 tpu662:pe0:3] vf_id:0 Driver closed.
I0909 12:56:57.767664   27929 async_driver.cc:1178] [/dev/vfio/4 tpu662:pe0:0] vf_id:0 Driver closed.
I0909 12:56:57.977837   28555 async_driver.cc:1178] [/dev/vfio/5 tpu662:pe0:1] vf_id:0 Driver closed.
I0909 12:56:57.979953   28715 megascale_context.cc:439] Destroying MegaScale PjrtExecutableContext: jit__identity_fn
I0909 12:56:57.980037   28715 megascale_context.cc:1131] Destroying MegaScale PjrtClientContext.
MC_CONFIG_END name=mrss32 pass=3
MC_CONFIG_BEGIN name=both16 pass=3 port=1312 flags=--xla_tpu_use_megascale_host_reduction=false --megascale_max_reduction_shard_size=16777216 --megascale_chunk_size=16777216
ERROR: Accessing retired flag 'eventmanager2_as_default_eventmanager'
I0909 12:57:07.487394   28910 b295d63588a.cc:792] Linux version 6.12.94+ (builder@b181c7a13d4c) (Chromium OS 17.0_pre498229-r33 clang version 17.0.0 (/mnt/host/source/src/third_party/llvm-project 14f0776550b5a49e1c42f49a00213f7f3fa047bf), LLD 17.0.0) #1 SMP Mon Jul 27 22:05:55 UTC 2026
I0909 12:57:07.487640   28910 b295d63588a.cc:876] Process id 28910
I0909 12:57:07.487654   28910 b295d63588a.cc:882] Current working directory /jax-ai-image
I0909 12:57:07.487660   28910 b295d63588a.cc:885] Current timezone is UTC (currently UTC +00:00)
I0909 12:57:07.487663   28910 b295d63588a.cc:890] Built on Dec 31 1969 16:00:00 (0)
I0909 12:57:07.487664   28910 b295d63588a.cc:891]  at redacted@redacted:.
I0909 12:57:07.487665   28910 b295d63588a.cc:892]  as //learning/45eac/tfrc/executor:_libtpu.so.native
I0909 12:57:07.487666   28910 b295d63588a.cc:893]  for gcc-4.X.Y-crosstool-v18-llvm-grtev4-k8.k8
I0909 12:57:07.487668   28910 b295d63588a.cc:902] Build tool: redacted
I0909 12:57:07.487670   28910 b295d63588a.cc:903] Build target: 
I0909 12:57:07.487675   28910 b295d63588a.cc:911] Command line arguments:
I0909 12:57:07.487676   28910 b295d63588a.cc:913] argv[0]: './tpu_driver'
I0909 12:57:07.487679   28910 b295d63588a.cc:913] argv[1]: '--minloglevel=0'
I0909 12:57:07.487680   28910 b295d63588a.cc:913] argv[2]: '--stderrthreshold=0'
I0909 12:57:07.487681   28910 b295d63588a.cc:913] argv[3]: '--v=0'
I0909 12:57:07.487683   28910 b295d63588a.cc:913] argv[4]: '--vmodule='
I0909 12:57:07.487684   28910 b295d63588a.cc:913] argv[5]: '--log_dir=/tmp/tpu_logs/benchmark'
I0909 12:57:07.487686   28910 b295d63588a.cc:913] argv[6]: '--max_log_size=1024'
I0909 12:57:07.487687   28910 b295d63588a.cc:913] argv[7]: '--deepsea_hal_included_devs=3,0,1,2'
I0909 12:57:07.487688   28910 b295d63588a.cc:913] argv[8]: '--megascale_transport_numa_node=0,1'
I0909 12:57:07.487690   28910 b295d63588a.cc:913] argv[9]: '--next_pluggable_device_use_c_api=0'
I0909 12:57:07.487691   28910 b295d63588a.cc:913] argv[10]: '--deepsea_wrap=false,false,false'
I0909 12:57:07.487692   28910 b295d63588a.cc:913] argv[11]: '--deepsea_twist=false'
I0909 12:57:07.487694   28910 b295d63588a.cc:913] argv[12]: '--deepsea_chip_config_name=default'
I0909 12:57:07.487695   28910 b295d63588a.cc:913] argv[13]: '--deepsea_chips_per_host_bounds=2,2,1'
I0909 12:57:07.487696   28910 b295d63588a.cc:913] argv[14]: '--deepsea_host_bounds=1,1,1'
I0909 12:57:07.487698   28910 b295d63588a.cc:913] argv[15]: '--deepsea_slice_builder_worker_port=8471'
I0909 12:57:07.487699   28910 b295d63588a.cc:913] argv[16]: '--deepsea_slice_builder_worker_addresses=dcn-mc3-slice-0-0.dcn-mc3:8471'
I0909 12:57:07.487701   28910 b295d63588a.cc:913] argv[17]: '--tpu_slice_builder_dump_chip=false'
I0909 12:57:07.487702   28910 b295d63588a.cc:913] argv[18]: '--tpu_slice_builder_dump_chip_force=false'
I0909 12:57:07.487703   28910 b295d63588a.cc:913] argv[19]: '--tpu_slice_builder_dump_to_localhost=1'
I0909 12:57:07.487705   28910 b295d63588a.cc:913] argv[20]: '--vbar_control_service_url=unix:///var/run/tpu-plugin/vbar.sock'
I0909 12:57:07.487706   28910 b295d63588a.cc:913] argv[21]: '--bypass_vbar_control_service=0'
I0909 12:57:07.487707   28910 b295d63588a.cc:913] argv[22]: '--deepsea_ici_resilient=false'
I0909 12:57:07.487708   28910 b295d63588a.cc:913] argv[23]: '--xla_tpu_use_resilient_collective_emitter=false'
I0909 12:57:07.487710   28910 b295d63588a.cc:913] argv[24]: '--tpu_slice_builder_topology_discovery_fault_injection='
I0909 12:57:07.487711   28910 b295d63588a.cc:913] argv[25]: '--runtime_metric_service_port=8431'
I0909 12:57:07.487712   28910 b295d63588a.cc:913] argv[26]: '--tpu_hbm_report_enable=1'
I0909 12:57:07.487714   28910 b295d63588a.cc:913] argv[27]: '--tpu_hbm_report_frequency=5s'
I0909 12:57:07.487715   28910 b295d63588a.cc:913] argv[28]: '--megascale_coordinator_address=dcn-mc3-slice-0-0.dcn-mc3:8081'
I0909 12:57:07.487716   28910 b295d63588a.cc:913] argv[29]: '--megascale_slice_id=0'
I0909 12:57:07.487717   28910 b295d63588a.cc:913] argv[30]: '--megascale_num_slices=2'
I0909 12:57:07.487719   28910 b295d63588a.cc:913] argv[31]: '--megascale_transport_type=grpc'
I0909 12:57:07.487720   28910 b295d63588a.cc:913] argv[32]: '--megascale_port=8081'
I0909 12:57:07.487721   28910 b295d63588a.cc:913] argv[33]: '--megascale_use_insecure_grpc'
I0909 12:57:07.487723   28910 b295d63588a.cc:913] argv[34]: '--megascale_grpc_use_chaotic_good=true'
I0909 12:57:07.487728   28910 b295d63588a.cc:913] argv[35]: '--megascale_grpc_use_event_engine_allocator=true'
I0909 12:57:07.487730   28910 b295d63588a.cc:913] argv[36]: '--grpc_enable_tcp_recv_zerocopy=false'
I0909 12:57:07.487731   28910 b295d63588a.cc:913] argv[37]: '--grpc_enable_rpc_receive_coalescing=true'
I0909 12:57:07.487732   28910 b295d63588a.cc:913] argv[38]: '--megascale_grpc_enable_numa_aware_transmit=true'
I0909 12:57:07.487733   28910 b295d63588a.cc:913] argv[39]: '--megascale_grpc_use_numa_aware_event_engine=true'
I0909 12:57:07.487734   28910 b295d63588a.cc:913] argv[40]: '--megascale_debug_port=8081'
I0909 12:57:07.487735   28910 b295d63588a.cc:913] argv[41]: '--eventmanager2_as_default_eventmanager'
I0909 12:57:07.487736   28910 b295d63588a.cc:913] argv[42]: '--eventmanager2_default_autosizer=mean_latency'
I0909 12:57:07.487738   28910 b295d63588a.cc:913] argv[43]: '--megascale_grpc_enable_xor_tracer=true'
I0909 12:57:07.487739   28910 b295d63588a.cc:913] argv[44]: '--xor_trace_sampling_period=100'
I0909 12:57:07.487740   28910 b295d63588a.cc:913] argv[45]: '--rpc_transport_metrics_period=20'
I0909 12:57:07.487741   28910 b295d63588a.cc:913] argv[46]: '--grpc_experiments=event_engine_client,chaotic_good_framing_layer,tcp_rcv_lowat,instrument_tcp_telemetry,event_engine_listener,use_call_event_engine_in_completion_queue'
I0909 12:57:07.487743   28910 b295d63588a.cc:913] argv[47]: '--enable_runtime_uptime_telemetry=true'
I0909 12:57:07.487744   28910 b295d63588a.cc:913] argv[48]: '--xla_tpu_use_megascale_host_reduction=false'
I0909 12:57:07.487745   28910 b295d63588a.cc:913] argv[49]: '--megascale_max_reduction_shard_size=16777216'
I0909 12:57:07.487747   28910 b295d63588a.cc:913] argv[50]: '--megascale_chunk_size=16777216'
I0909 12:57:07.487748   28910 b295d63588a.cc:913] argv[51]: '--xla_tpu_use_enhanced_launch_barrier=true'
I0909 12:57:07.487750   28910 b295d63588a.cc:913] argv[52]: '--xla_tpu_prefer_async_allgather_to_allreduce=true'
I0909 12:57:07.487751   28910 b295d63588a.cc:913] argv[53]: '--xla_tpu_data_parallel_opt_different_sized_ops=true'
I0909 12:57:07.487752   28910 b295d63588a.cc:913] argv[54]: '--xla_tpu_enable_data_parallel_all_reduce_opt=true'
I0909 12:57:07.487753   28910 b295d63588a.cc:913] argv[55]: '--megascale_coordinator_address=dcn-mc3-slice-0-0.dcn-mc3:8081'
I0909 12:57:07.487755   28910 b295d63588a.cc:913] argv[56]: '--megascale_slice_id=0'
I0909 12:57:07.487756   28910 b295d63588a.cc:913] argv[57]: '--megascale_num_slices=2'
I0909 12:57:07.487757   28910 b295d63588a.cc:913] argv[58]: '--megascale_transport_type=grpc'
I0909 12:57:07.487758   28910 b295d63588a.cc:913] argv[59]: '--megascale_port=8081'
I0909 12:57:07.487760   28910 b295d63588a.cc:913] argv[60]: '--megascale_use_insecure_grpc'
I0909 12:57:07.487761   28910 b295d63588a.cc:913] argv[61]: '--megascale_grpc_interface_prefixes=eth1,eth2,lo'
I0909 12:57:07.487931   28910 init.cc:78] Remote crash gathering hook installed.
I0909 12:57:07.525514   28910 tpu_runtime_type_flags.cc:78] --tpu_use_tfrt not specified. Using default value: true
I0909 12:57:07.525613   28910 host_command_handler_factory.cc:31] Skipping registration of host command handler for opcode Log because it is not in the allowlist.
I0909 12:57:07.525633   28910 tpu_hal.cc:467] Registered plugin from module: megascale_sync_flag_logger
I0909 12:57:07.527673   28910 tpu_hal.cc:467] Registered plugin from module: RuntimeMetricHelper
E0909 12:57:07.527696   28910 autosizer.cc:43] mean_latency is deprecated. Please remove this setting.
I0909 12:57:07.530195   28910 logger.cc:308] Enabling threaded logging for severity WARNING
I0909 12:57:07.530224   28910 tpu_hal.cc:467] Registered plugin from module: sdc_checker_callback
I0909 12:57:07.530880   28910 mlock.cc:220] mlock()-ed 4096 bytes for BuildID, using 1 syscalls.
I0909 12:57:07.530934   28910 debug_manager.cc:266] Registering error handler with name: libtpu_telemetry_handler
I0909 12:57:07.545297   28910 singleton_tpu_states_manager.cc:86] TPU premapped buffer enabled. Size: 4294967296 Threshold: 4294967296 Partitions: 1
I0909 12:57:07.545314   28910 singleton_tpu_states_manager.cc:110] TpuStatesManager::GetOrCreate(): no tpu system exists. Creating a new tpu system.
I0909 12:57:07.552368   28910 device_util.cc:89] Found 4 TPU7x chips.
I0909 12:57:07.552385   28910 tpu_version_flag.cc:77] Using auto-detected TPU version TPU7x
I0909 12:57:07.568425   28910 tpu_chip_config.cc:367] Resolved chip config alias default->megachip for 6acc60406, 
I0909 12:57:07.568708   28910 pending_event_logger.cc:1003] Enabling PjRt/TPU event dependency logging.
I0909 12:57:07.574097   29285 flags_util.cc:316] Using 8471 from --deepsea_slice_builder_worker_port as SliceBuilder worker service port.
I0909 12:57:07.578608   29285 tpu_network_factory.cc:67] Running in Cloud, using TpunetdClient
I0909 12:57:07.578630   29285 tpunetd_client.cc:163] Creating TpunetdClient with topology go/debugstr  
x_dimension: 2
y_dimension: 2
z_dimension: 1
x_wrapping: false
y_wrapping: false
z_wrapping: false
I0909 12:57:07.586669   29285 init-domain.cc:132] Fiber init: default domain = futex, concurrency = 246, prefix = futex-default
I0909 12:57:09.442335   29289 async_driver.cc:485] [/dev/vfio/5 tpu662:pe0:1] vf_id:0 Driver opened.
I0909 12:57:09.452849   29290 async_driver.cc:485] [/dev/vfio/6 tpu662:pe0:2] vf_id:0 Driver opened.
I0909 12:57:09.461704   29288 async_driver.cc:485] [/dev/vfio/4 tpu662:pe0:0] vf_id:0 Driver opened.
I0909 12:57:09.517313   29287 futex.cc:71] RAW: Futex::Swap(): using GFUTEX_SWAP
I0909 12:57:09.526405   29289 tpu_vxc_driver.cc:967] Throttled firmware queue size configured to 223(Firmware queue size: 256, leaving 32 for misc purposes).
I0909 12:57:09.545748   29290 tpu_vxc_driver.cc:967] Throttled firmware queue size configured to 223(Firmware queue size: 256, leaving 32 for misc purposes).
I0909 12:57:09.554264   29288 tpu_vxc_driver.cc:967] Throttled firmware queue size configured to 223(Firmware queue size: 256, leaving 32 for misc purposes).
I0909 12:57:09.563339   29291 async_driver.cc:485] [/dev/vfio/1 tpu662:pe0:3] vf_id:0 Driver opened.
I0909 12:57:09.592090   29289 async_driver.cc:1843] All cores supported.
I0909 12:57:09.601502   29291 tpu_vxc_driver.cc:967] Throttled firmware queue size configured to 223(Firmware queue size: 256, leaving 32 for misc purposes).
I0909 12:57:09.601870   29290 async_driver.cc:1843] All cores supported.
I0909 12:57:09.602653   29288 async_driver.cc:1843] All cores supported.
I0909 12:57:09.608968   29291 async_driver.cc:1843] All cores supported.
I0909 12:57:09.609008   29285 tpunetd_client.cc:338] Connecting to vbar control service at unix:///var/run/tpu-plugin/vbar.sock
I0909 12:57:09.609075   29285 config.cc:265] gRPC experiments: instrument_tcp_telemetry:on, tcp_rcv_lowat:on, use_call_event_engine_in_completion_queue:on; default-enabled: buffer_list_deletion_prep, cache_loas_context_in_connection_context, call_tracer_send_initial_metadata_is_an_annotation, callv3_batch_validation, callv3_ef5bb7_client, callv3_ef5bb7_server, chaotic_good_framing_layer, chaotic_good_send_supported_features, custom_frame_check, directpath_rpc_header_sanitization_filter, ef5bb7_global_family_cache, event_engine_callback_cq, event_engine_client, event_engine_listener, header_data_frame, inproc_cancel_stream, message_size_refactoring, monitoring_experiment, optimization_01, optimization_02, optimization_03, optimization_04, ph2_perf_01, promise_batch_cleanup_on_cancel, promise_filter_send_cancel_metadata, psp_tsi_handshaker_shutdown, skip_clear_peer_on_cancellation, tsi_frame_protector_without_locks, v2_non_owning_waker_implementation, verbose_channelz_connection_logging, wildcard_ip_expansion_restriction, xds_server_filter_chain_per_route
I0909 12:57:09.614138   29285 tpunetd_client.cc:289] Session manager starting a new session...
I0909 12:57:09.718365   29285 vbar_control.cc:201] TPU backend connection test passed! 
I0909 12:57:09.923897   29285 tpunetd_client.cc:291] Session manager started the new session.
I0909 12:57:09.923911   29285 tpunetd_client.cc:295] Session master starting a new session...
I0909 12:57:09.923914   29285 session_master.cc:263] Starting a new ICI network session...
I0909 12:57:09.924182   29286 session_worker_service.cc:110] Session master notifies the worker in a new session: 415f4346d44dac35
I0909 12:57:10.028909   29285 session_master.cc:307] Successfully started ICI network session with session id: 415f4346d44dac35
I0909 12:57:10.028956   29285 tpunetd_client.cc:297] Session master started the new session.
I0909 12:57:10.033517   29285 tpu_hal.cc:209] Starting premapped memory manager initialization...
W0909 12:57:10.036807   29289 libtpu_telemetry_utils.cc:44] Metric already exists: hlo.execution.timing.distribution.microseconds
W0909 12:57:10.036813   29291 libtpu_telemetry_utils.cc:44] Metric already exists: hlo.execution.timing.distribution.microseconds
W0909 12:57:10.036819   29289 libtpu_telemetry_utils.cc:44] Metric already exists: hlo.queue.size.gauge
W0909 12:57:10.036822   29291 libtpu_telemetry_utils.cc:44] Metric already exists: hlo.queue.size.gauge
W0909 12:57:10.036817   29288 libtpu_telemetry_utils.cc:44] Metric already exists: hlo.execution.timing.distribution.microseconds
W0909 12:57:10.036829   29288 libtpu_telemetry_utils.cc:44] Metric already exists: hlo.queue.size.gauge
W0909 12:57:10.038225   29289 libtpu_telemetry_utils.cc:44] Metric already exists: hlo.execution.timing.distribution.microseconds
W0909 12:57:10.038236   29289 libtpu_telemetry_utils.cc:44] Metric already exists: hlo.queue.size.gauge
W0909 12:57:10.038237   29291 libtpu_telemetry_utils.cc:44] Metric already exists: hlo.execution.timing.distribution.microseconds
W0909 12:57:10.038236   29288 libtpu_telemetry_utils.cc:44] Metric already exists: hlo.execution.timing.distribution.microseconds
W0909 12:57:10.038243   29291 libtpu_telemetry_utils.cc:44] Metric already exists: hlo.queue.size.gauge
W0909 12:57:10.038248   29288 libtpu_telemetry_utils.cc:44] Metric already exists: hlo.queue.size.gauge
W0909 12:57:10.038236   29290 libtpu_telemetry_utils.cc:44] Metric already exists: hlo.execution.timing.distribution.microseconds
W0909 12:57:10.038386   29290 libtpu_telemetry_utils.cc:44] Metric already exists: hlo.queue.size.gauge
I0909 12:57:12.332036   29285 runtime_metric_service.cc:197] Successfully started Runtime Metric Service on port: 8431
I0909 12:57:12.332224   29285 system.cc:1112] tpu::System initialized, current host id: 0, logical device ids: 0,1,2,3,4,5,6,7
I0909 12:57:12.332261   28910 tpu_system_state.cc:224] CreateTpuSystemState: TPU initialization is successful and it took 4.7635427s
I0909 12:57:12.332279   28910 tpu_system_state.cc:228] CreateTpuSystemState: using TPU host premapped buffer of size: 4294967296
I0909 12:57:12.332294   28910 tpu_host_allocator.cc:68] Premapped buffer is using alignment 64
I0909 12:57:12.332813   28910 tpu_linearizer.cc:104] Inflight linearization byte limit configured to : 1099511627776
I0909 12:57:12.332820   28910 tpu_linearizer.cc:118] Inflight delinearization byte limit configured to : 1099511627776
I0909 12:57:12.333123   29635 tpu_diagnostic_coordinator.cc:610] TpuDiagnosticCoordinator listening on socket /tmp/tpu_diag_trigger_28910.socket (symlinked at /tmp/tpu_diag_latest.socket)
I0909 12:57:12.333239   28910 allocator_stats_reporter.cc:117] Starting AllocatorStats Reporter with reporting interval: 5s
I0909 12:57:12.333266   28910 megascale_context.cc:969] Using shared executor for compute since we are running on 6acc60406.
W0909 12:57:12.333273   28910 impairments_service.cc:60] Resetting impairments.
I0909 12:57:12.333292   28910 numa_utils.cc:43] Available NUMA node in this process: 0,1
E0909 12:57:12.333396   28910 autosizer.cc:43] mean_latency is deprecated. Please remove this setting.
E0909 12:57:12.335685   28910 autosizer.cc:43] mean_latency is deprecated. Please remove this setting.
I0909 12:57:12.338050   28910 flags.cc:231] The actual send_rpc_timeout is set to: 45s. Adjusted from the original send_rpc_timeout: 45s, graph_hang_threshold: 5m, graph_within_launch_hang_threshold: 1m
I0909 12:57:12.338065   28910 numa_aware_allocator.cc:60] Creating numa aware allocators, number of NUMA nodes is 2
I0909 12:57:12.338069   28910 numa_aware_allocator.cc:63] Creating numa aware allocator for NUMA nodes 0
I0909 12:57:12.338091   28910 communication_backend.cc:300] Done allocating premapped memory of size 17179869184 bytes in 20.902us
I0909 12:57:12.338097   28910 numa_aware_allocator.cc:76] Binding memory address 0x7ed57ffff000 with NUMA node mask 1
I0909 12:57:24.771544   28910 communication_backend.cc:310] Done premapping memory of size 17179869184 bytes in 12.432982123s
I0909 12:57:24.771578   28910 numa_aware_allocator.cc:63] Creating numa aware allocator for NUMA nodes 1
I0909 12:57:24.771599   28910 communication_backend.cc:300] Done allocating premapped memory of size 17179869184 bytes in 18.144us
I0909 12:57:24.771603   28910 numa_aware_allocator.cc:76] Binding memory address 0x7ed17fffd000 with NUMA node mask 2
I0909 12:57:37.589302   28910 communication_backend.cc:310] Done premapping memory of size 17179869184 bytes in 12.816756005s
I0909 12:57:37.589349   28910 communication_backend.cc:375] Preallocated 17179869184 bytes with Megascale allocator.
I0909 12:57:37.589375   28910 eigen_compute_engine.cc:333] Creating EigenComputeEngine with options: {executor = 0x587d5ab1b050, force_use_shared_executor = true, num_cores_per_device = 16}
E0909 12:57:37.589531   28910 autosizer.cc:43] mean_latency is deprecated. Please remove this setting.
I0909 12:57:37.589535   29553 communication_backend.cc:1179] Initializing MegaScale transport.
E0909 12:57:37.589617   29553 autosizer.cc:43] mean_latency is deprecated. Please remove this setting.
E0909 12:57:37.593276   29553 autosizer.cc:43] mean_latency is deprecated. Please remove this setting.
E0909 12:57:37.593567   28910 autosizer.cc:43] mean_latency is deprecated. Please remove this setting.
E0909 12:57:37.595775   29553 autosizer.cc:43] mean_latency is deprecated. Please remove this setting.
I0909 12:57:37.616957   29553 grpc_transport.cc:2407] Create GrpcTransport with LIBTPU_ON_GCE.
I0909 12:57:37.617006   29553 transport.cc:862] Using IP addresses for interface discovery.
I0909 12:57:37.617008   29553 transport.cc:757] Could not read interface to NUMA node map from env variables, falling back to reading from file system.
I0909 12:57:37.617138   29553 transport.cc:723] Could not read filename /sys/class/net/cilium_host/device/numa_node with status Stat failed for /sys/class/net/cilium_host/device/numa_node: No such file or directory
I0909 12:57:37.617150   29553 transport.cc:723] Could not read filename /sys/class/net/cilium_net/device/numa_node with status Stat failed for /sys/class/net/cilium_net/device/numa_node: No such file or directory
I0909 12:57:37.617157   29553 transport.cc:723] Could not read filename /sys/class/net/docker0/device/numa_node with status Stat failed for /sys/class/net/docker0/device/numa_node: No such file or directory
E0909 12:57:37.617310   28910 autosizer.cc:43] mean_latency is deprecated. Please remove this setting.
I0909 12:57:37.617517   29553 transport.cc:723] Could not read filename /sys/class/net/lo/device/numa_node with status Stat failed for /sys/class/net/lo/device/numa_node: No such file or directory
I0909 12:57:37.617524   29553 transport.cc:723] Could not read filename /sys/class/net/lxc7a46b7c617f2/device/numa_node with status Stat failed for /sys/class/net/lxc7a46b7c617f2/device/numa_node: No such file or directory
I0909 12:57:37.617528   29553 transport.cc:723] Could not read filename /sys/class/net/lxc98965bb30804/device/numa_node with status Stat failed for /sys/class/net/lxc98965bb30804/device/numa_node: No such file or directory
I0909 12:57:37.617534   29553 transport.cc:723] Could not read filename /sys/class/net/lxcc0f9da7fa3ad/device/numa_node with status Stat failed for /sys/class/net/lxcc0f9da7fa3ad/device/numa_node: No such file or directory
I0909 12:57:37.617541   29553 transport.cc:723] Could not read filename /sys/class/net/lxcee5710d8dac0/device/numa_node with status Stat failed for /sys/class/net/lxcee5710d8dac0/device/numa_node: No such file or directory
I0909 12:57:37.617548   29553 transport.cc:723] Could not read filename /sys/class/net/lxceee434c5d682/device/numa_node with status Stat failed for /sys/class/net/lxceee434c5d682/device/numa_node: No such file or directory
I0909 12:57:37.617549   29553 transport.cc:734] Interfaces on available NUMA nodes: [{"eth1", 0}, {"eth0", 0}, {"eth2", 1}]
I0909 12:57:37.617572   29553 transport.cc:761] Interfaces corresponding to process' NUMA nodes: [[{"eth0", 0}, {"eth1", 0}, {"eth2", 1}]]
I0909 12:57:37.618006   29553 transport.cc:773] Interface eth0 will not be used as it does not start with one of the prefixes: eth1,eth2,lo
I0909 12:57:37.618014   29553 transport.cc:773] Interface docker0 will not be used as it does not start with one of the prefixes: eth1,eth2,lo
I0909 12:57:37.618016   29553 transport.cc:773] Interface lxceee434c5d682 will not be used as it does not start with one of the prefixes: eth1,eth2,lo
I0909 12:57:37.618017   29553 transport.cc:773] Interface cilium_net will not be used as it does not start with one of the prefixes: eth1,eth2,lo
I0909 12:57:37.618018   29553 transport.cc:773] Interface cilium_host will not be used as it does not start with one of the prefixes: eth1,eth2,lo
I0909 12:57:37.618020   29553 transport.cc:773] Interface lxc98965bb30804 will not be used as it does not start with one of the prefixes: eth1,eth2,lo
I0909 12:57:37.618021   29553 transport.cc:773] Interface lxc7a46b7c617f2 will not be used as it does not start with one of the prefixes: eth1,eth2,lo
I0909 12:57:37.618022   29553 transport.cc:773] Interface lxcc0f9da7fa3ad will not be used as it does not start with one of the prefixes: eth1,eth2,lo
I0909 12:57:37.618023   29553 transport.cc:773] Interface lxcee5710d8dac0 will not be used as it does not start with one of the prefixes: eth1,eth2,lo
I0909 12:57:37.618025   29553 transport.cc:773] Interface eth0 will not be used as it does not start with one of the prefixes: eth1,eth2,lo
I0909 12:57:37.618080   29553 transport.cc:819] Added IP address 10.240.96.10:8081 on network interface eth1
I0909 12:57:37.618086   29553 transport.cc:819] Added IP address 10.240.48.10:8081 on network interface eth2
I0909 12:57:37.618088   29553 transport.cc:773] Interface docker0 will not be used as it does not start with one of the prefixes: eth1,eth2,lo
I0909 12:57:37.618090   29553 transport.cc:773] Interface lxceee434c5d682 will not be used as it does not start with one of the prefixes: eth1,eth2,lo
I0909 12:57:37.618092   29553 transport.cc:773] Interface cilium_host will not be used as it does not start with one of the prefixes: eth1,eth2,lo
I0909 12:57:37.618093   29553 transport.cc:773] Interface lxc98965bb30804 will not be used as it does not start with one of the prefixes: eth1,eth2,lo
I0909 12:57:37.618095   29553 transport.cc:773] Interface lxc7a46b7c617f2 will not be used as it does not start with one of the prefixes: eth1,eth2,lo
I0909 12:57:37.618097   29553 transport.cc:773] Interface lxcc0f9da7fa3ad will not be used as it does not start with one of the prefixes: eth1,eth2,lo
I0909 12:57:37.618099   29553 transport.cc:773] Interface lxcee5710d8dac0 will not be used as it does not start with one of the prefixes: eth1,eth2,lo
I0909 12:57:37.618101   29553 transport.cc:773] Interface eth0 will not be used as it does not start with one of the prefixes: eth1,eth2,lo
I0909 12:57:37.618104   29553 transport.cc:773] Interface lxceee434c5d682 will not be used as it does not start with one of the prefixes: eth1,eth2,lo
I0909 12:57:37.618105   29553 transport.cc:773] Interface cilium_net will not be used as it does not start with one of the prefixes: eth1,eth2,lo
I0909 12:57:37.618106   29553 transport.cc:773] Interface cilium_host will not be used as it does not start with one of the prefixes: eth1,eth2,lo
I0909 12:57:37.618108   29553 transport.cc:773] Interface lxc98965bb30804 will not be used as it does not start with one of the prefixes: eth1,eth2,lo
I0909 12:57:37.618118   29553 transport.cc:773] Interface lxc7a46b7c617f2 will not be used as it does not start with one of the prefixes: eth1,eth2,lo
I0909 12:57:37.618120   29553 transport.cc:773] Interface lxcc0f9da7fa3ad will not be used as it does not start with one of the prefixes: eth1,eth2,lo
I0909 12:57:37.618121   29553 transport.cc:773] Interface lxcee5710d8dac0 will not be used as it does not start with one of the prefixes: eth1,eth2,lo
I0909 12:57:37.618131   29553 grpc_transport.cc:2332] Creating gRPC server on: 10.240.96.10:8081eth1
I0909 12:57:37.618147   29553 grpc_transport.cc:2348] Creating gRPC server with event engine allocator (chaotic good).
I0909 12:57:37.618159   29553 grpc_transport.cc:2365] Starting gRPC server on: 10.240.96.10:8081
I0909 12:57:37.618790   29553 grpc_transport.cc:2332] Creating gRPC server on: 10.240.48.10:8081eth2
I0909 12:57:37.618813   29553 grpc_transport.cc:2348] Creating gRPC server with event engine allocator (chaotic good).
I0909 12:57:37.618817   29553 grpc_transport.cc:2365] Starting gRPC server on: 10.240.48.10:8081
I0909 12:57:37.619274   29553 communication_backend.cc:1290] MegaScale transport initialized.
I0909 12:57:37.619286   29553 communication_backend.cc:1489] MegaScale transport init succeeded.
E0909 12:57:37.619808   28910 autosizer.cc:43] mean_latency is deprecated. Please remove this setting.
E0909 12:57:37.622073   28910 autosizer.cc:43] mean_latency is deprecated. Please remove this setting.
E0909 12:57:37.624946   28910 autosizer.cc:43] mean_latency is deprecated. Please remove this setting.
I0909 12:57:37.627454   28910 debug_service_impl.cc:185] Starting Megascale Debug Server
I0909 12:57:37.627810   28910 topology_coordinator.cc:57] Megascale Topology Coordinator started for 2 slices
I0909 12:57:37.627833   28910 transport.cc:862] Using IP addresses for interface discovery.
I0909 12:57:37.627835   28910 transport.cc:757] Could not read interface to NUMA node map from env variables, falling back to reading from file system.
I0909 12:57:37.627838   28910 transport.cc:761] Interfaces corresponding to process' NUMA nodes: [[{"eth1", 0}, {"eth0", 0}, {"eth2", 1}]]
I0909 12:57:37.628234   28910 transport.cc:773] Interface eth0 will not be used as it does not start with one of the prefixes: eth1,eth2,lo
I0909 12:57:37.628241   28910 transport.cc:773] Interface docker0 will not be used as it does not start with one of the prefixes: eth1,eth2,lo
I0909 12:57:37.628243   28910 transport.cc:773] Interface lxceee434c5d682 will not be used as it does not start with one of the prefixes: eth1,eth2,lo
I0909 12:57:37.628245   28910 transport.cc:773] Interface cilium_net will not be used as it does not start with one of the prefixes: eth1,eth2,lo
I0909 12:57:37.628246   28910 transport.cc:773] Interface cilium_host will not be used as it does not start with one of the prefixes: eth1,eth2,lo
I0909 12:57:37.628248   28910 transport.cc:773] Interface lxc98965bb30804 will not be used as it does not start with one of the prefixes: eth1,eth2,lo
I0909 12:57:37.628249   28910 transport.cc:773] Interface lxc7a46b7c617f2 will not be used as it does not start with one of the prefixes: eth1,eth2,lo
I0909 12:57:37.628250   28910 transport.cc:773] Interface lxcc0f9da7fa3ad will not be used as it does not start with one of the prefixes: eth1,eth2,lo
I0909 12:57:37.628252   28910 transport.cc:773] Interface lxcee5710d8dac0 will not be used as it does not start with one of the prefixes: eth1,eth2,lo
I0909 12:57:37.628254   28910 transport.cc:773] Interface eth0 will not be used as it does not start with one of the prefixes: eth1,eth2,lo
I0909 12:57:37.628259   28910 transport.cc:819] Added IP address 10.240.96.10:8081 on network interface eth1
I0909 12:57:37.628263   28910 transport.cc:819] Added IP address 10.240.48.10:8081 on network interface eth2
I0909 12:57:37.628264   28910 transport.cc:773] Interface docker0 will not be used as it does not start with one of the prefixes: eth1,eth2,lo
I0909 12:57:37.628265   28910 transport.cc:773] Interface lxceee434c5d682 will not be used as it does not start with one of the prefixes: eth1,eth2,lo
I0909 12:57:37.628267   28910 transport.cc:773] Interface cilium_host will not be used as it does not start with one of the prefixes: eth1,eth2,lo
I0909 12:57:37.628269   28910 transport.cc:773] Interface lxc98965bb30804 will not be used as it does not start with one of the prefixes: eth1,eth2,lo
I0909 12:57:37.628270   28910 transport.cc:773] Interface lxc7a46b7c617f2 will not be used as it does not start with one of the prefixes: eth1,eth2,lo
I0909 12:57:37.628272   28910 transport.cc:773] Interface lxcc0f9da7fa3ad will not be used as it does not start with one of the prefixes: eth1,eth2,lo
I0909 12:57:37.628273   28910 transport.cc:773] Interface lxcee5710d8dac0 will not be used as it does not start with one of the prefixes: eth1,eth2,lo
I0909 12:57:37.628275   28910 transport.cc:773] Interface eth0 will not be used as it does not start with one of the prefixes: eth1,eth2,lo
I0909 12:57:37.628277   28910 transport.cc:773] Interface lxceee434c5d682 will not be used as it does not start with one of the prefixes: eth1,eth2,lo
I0909 12:57:37.628279   28910 transport.cc:773] Interface cilium_net will not be used as it does not start with one of the prefixes: eth1,eth2,lo
I0909 12:57:37.628280   28910 transport.cc:773] Interface cilium_host will not be used as it does not start with one of the prefixes: eth1,eth2,lo
I0909 12:57:37.628282   28910 transport.cc:773] Interface lxc98965bb30804 will not be used as it does not start with one of the prefixes: eth1,eth2,lo
I0909 12:57:37.628283   28910 transport.cc:773] Interface lxc7a46b7c617f2 will not be used as it does not start with one of the prefixes: eth1,eth2,lo
I0909 12:57:37.628285   28910 transport.cc:773] Interface lxcc0f9da7fa3ad will not be used as it does not start with one of the prefixes: eth1,eth2,lo
I0909 12:57:37.628286   28910 transport.cc:773] Interface lxcee5710d8dac0 will not be used as it does not start with one of the prefixes: eth1,eth2,lo
I0909 12:57:37.628291   28910 communication_backend.cc:984] Sending topology discovery request: go/debugstr  
address_mapping {
  addresses {
    address: "10.240.96.10:8081"
    interface_name: "eth1"
    host_name_for_debugging: "gke-tpu-edbc8be2-f4wr"
  }
  addresses {
    address: "10.240.48.10:8081"
    interface_name: "eth2"
    host_name_for_debugging: "gke-tpu-edbc8be2-f4wr"
    numa_node: 1
  }
  incarnation_id: 3210797823391714714
}
tpu_topology_args {
  version: TPU_VERSION_6acc60406
  platform_type: TPU_PLATFORM_TYPE_HARDWARE
  chip_config_name: "default"
  chips_per_host_bounds {
    x: 2
    y: 2
    z: 1
  }
  host_bounds {
    x: 1
    y: 1
    z: 1
  }
  wrap {
  }
  enhanced_barrier_enabled: true
  use_continuations: true
  routing_strategy: ROUTING_MESH
}
incarnation_id: 3210797823391714714
I0909 12:57:37.628595   28910 grpc_transport.cc:2220] Creating client for slice 0 host 0
I0909 12:57:37.628616   28910 grpc_transport.cc:2203] Using default interface. Available interfaces: [eth2,eth1]. Server information: go/debugstr  
address: "dcn-mc3-slice-0-0.dcn-mc3:8081"
I0909 12:57:37.628710   28910 grpc_transport.cc:2278] Created 1 channels for 1 interfaces on slice 0 host 0.
 Load balancing policy: Dynamic lb: max_outstanding_bytes (8388608).
I0909 12:57:37.629267   29746 cachednslookup.cc:391] TTL not found in response, not caching response
I0909 12:57:37.677822   29734 tpu_chip_config.cc:367] Resolved chip config alias default->megachip for 6acc60406, 
I0909 12:57:38.591841   29734 tpu_chip_config.cc:367] Resolved chip config alias default->megachip for 6acc60406, 
I0909 12:57:38.592025   29734 topology_coordinator.cc:325] MegaScale Topology Discovery completed.
I0909 12:57:38.592217   28910 communication_backend.cc:1002] Received topology discovery response: go/debugstr  
slice_info {
  tpu_topology_args {
    version: TPU_VERSION_6acc60406
    platform_type: TPU_PLATFORM_TYPE_HARDWARE
    chip_config_name: "default"
    chips_per_host_bounds {
      x: 2
      y: 2
      z: 1
    }
    host_bounds {
      x: 1
      y: 1
      z: 1
    }
    wrap {
    }
    enhanced_barrier_enabled: true
    use_continuations: true
    routing_strategy: ROUTING_MESH
  }
}
slice_info {
  slice_id: 1
  tpu_topology_args {
    version: TPU_VERSION_6acc60406
    platform_type: TPU_PLATFORM_TYPE_HARDWARE
    chip_config_name: "default"
    chips_per_host_bounds {
      x: 2
      y: 2
      z: 1
    }
    host_bounds {
      x: 1
      y: 1
      z: 1
    }
    wrap {
    }
    enhanced_barrier_enabled: true
    use_continuations: true
    routing_strategy: ROUTING_MESH
  }
}
address_mappings {
  addresses {
    address: "10.240.96.10:8081"
    interface_name: "eth1"
    host_name_for_debugging: "gke-tpu-edbc8be2-f4wr"
  }
  addresses {
    address: "10.240.48.10:8081"
    interface_name: "eth2"
    host_name_for_debugging: "gke-tpu-edbc8be2-f4wr"
    numa_node: 1
  }
  incarnation_id: 3210797823391714714
}
address_mappings {
  slice_id: 1
  addresses {
    address: "10.240.96.6:8081"
    interface_name: "eth1"
    host_name_for_debugging: "gke-tpu-edbc8be2-h1bl"
  }
  addresses {
    address: "10.240.48.8:8081"
    interface_name: "eth2"
    host_name_for_debugging: "gke-tpu-edbc8be2-h1bl"
    numa_node: 1
  }
  incarnation_id: 5697590566575616235
}
incarnation_id: 3210797823391714714
I0909 12:57:38.592351   28910 debug_manager.cc:266] Registering error handler with name: default_handler
I0909 12:57:38.592360   28910 megascale_context.cc:571] Using DCN topology: go/debugstr  
I0909 12:57:38.592392   28910 tpu_chip_config.cc:367] Resolved chip config alias default->megachip for 6acc60406, 
DCN_MULTISLICE_PREFLIGHT {"global_device_count": 16, "local_device_count": 8, "process_count": 2, "process_id": 0, "slice_counts": {"0": 8, "1": 8}}
W0909 12:57:38.594415   29856 pjrt_client.h:601] UpdateGlobalProcessInfo is not supported.
I0909 12:57:38.635853   28910 dump.cc:725] HloModule dump enabled with path prefix: , suffix: before_optimizations
W0909 12:57:38.641934   29884 tpu_spmd_partitioner.cc:460] Collective matmul V1 is enabled. Please consider migrating to V2 since V1 will be deprecated soon. You can enable V2 by setting xla_tpu_all_gather_collective_matmul_mode=post_spmd and xla_tpu_reduce_scatter_collective_matmul_mode=post_spmd.
I0909 12:57:38.650071   28910 deepsea_compiler_hlo_passes.cc:6406] xla_tpu_impure_hlo_parallel_compile is DISABLED. jit__identity_fn
I0909 12:57:38.652773   28910 latency_hiding_scheduler.cc:4420] [latency-hiding-scheduler] LatencyHidingScheduler current memory usage: 73792 bytes. Current limit: 96638113587
I0909 12:57:38.653148   28910 tpu_plumb_vmem_info.cc:677] scavenging_mode: 3 for module: jit__identity_fn
I0909 12:57:38.669265   28910 deepsea_compiler_hlo_passes.cc:6735] HLO_PASSES stage duration: 29.1660245ms
I0909 12:57:38.678309   29629 topology_coordinator.cc:173] MegaScale Topology Discovery completed.
I0909 12:57:38.839300   29629 tpu_chip_config.cc:367] Resolved chip config alias default->megachip for 6acc60406, 
I0909 12:57:38.839479   29629 tpu_chip_config.cc:367] Resolved chip config alias default->megachip for 6acc60406, 
I0909 12:57:38.839674   29629 memory_space_assignment_util.cc:577] MSA Vmem breakdown: default scoped vmem (from flag): 33554432; does_msa_directly_allocate_scoped_vmem: T; bytes_for_msa_to_allocate: 67043328
I0909 12:57:38.853159   30110 deepsea_compiler_base.cc:4279] BACKEND_PASSES stage duration: 14.507573ms
I0909 12:57:38.863031   30110 deepsea_compiler_backend.cc:1480] CODE_GENERATION stage duration: 9.77052625ms
I0909 12:57:38.863289   30110 isa_program_util_common.cc:373] (HLO module jit__identity_fn): Executable fingerprint:67556b1dd123307c8bb711c0434fbfac86eab215225618a5f838c0c427d4c3c2
I0909 12:57:38.863292   30110 isa_program_util_common.cc:377] (HLO module jit__identity_fn): Executable fingerprint (including data segments):c43bcc07663f8b538de614a22f9271d5656acd0e5f70af981aecc6805c64d3fd
I0909 12:57:38.863294   30110 isa_program_util_common.cc:380] (HLO module jit__identity_fn): Host transfer fingerprint:e6674013302fbdec09a2c7c89a12b340e612c48cc4b68dbb5d7ca9c5a25bab54
I0909 12:57:38.863494   28910 deepsea_compiler_base.cc:1055] END_TO_END stage duration: 227.83247525ms
I0909 12:57:38.863511   28910 deepsea_compiler_base.cc:1056] Note that END_TO_END duration also includes time outside of HLO_PASSES, BACKEND_PASSES, and CODE_GENERATION
I0909 12:57:38.864238   28910 megascale_context.cc:517] MegaScale DCNTopology fingerprint for: jit__identity_fn : 1688352644216761960 DevicesHash: 11843567257950195766 Topology: go/debugstr 
I0909 12:57:38.864277   28910 graph_builder.cc:257] Shapes to compress: [""]
I0909 12:57:38.864282   28910 graph_builder.cc:259] Prefixes to compress: [""]
I0909 12:57:38.864314   28910 graph_builder.cc:2912] Using MXLA graph seed: all-gather_0
I0909 12:57:38.864473   28910 host_command_scheduler_factory.cc:1312] Created a HostCommandScheduler with 18 rules for module jit__identity_fn HostTransfers Fingerprint: 3701741969770116811.
I0909 12:57:38.864486   28910 megascale_context.cc:686] MegaScale ExecutableContext created for module: jit__identity_fn with DCN topology: go/debugstr  
I0909 12:57:38.865279   29647 communication_backend.cc:625] Created communicator. Hostname: gke-tpu-edbc8be2-f4wr Slice ID: 0 Host ID: 0 NumSlices: 2 Device IDs: 0,1,2,3,4,5,6,7
I0909 12:57:38.866809   29820 grpc_transport.cc:2220] Creating client for slice 1 host 0
I0909 12:57:38.866845   29820 grpc_transport.cc:2200] Sending to 10.240.96.6:8081 on interface: eth1
I0909 12:57:38.866959   29820 grpc_transport.cc:2200] Sending to 10.240.48.8:8081 on interface: eth2
I0909 12:57:38.867015   29820 grpc_transport.cc:2278] Created 2 channels for 2 interfaces on slice 1 host 0.
 Load balancing policy: Dynamic lb: max_outstanding_bytes (8388608).
I0909 12:57:38.890634   28910 deepsea_compiler_hlo_passes.cc:6623] XLA::TPU running hlo passes for 21 instructions, module: jit__lambda
I0909 12:57:38.890647   28910 deepsea_compiler_hlo_passes.cc:6668] Initial HLO module: jit__lambda instructions: 21 fingerprint: 
I0909 12:57:38.890942   28910 deepsea_compiler_hlo_passes.cc:6526] HLO optimizing module: jit__lambda instructions: 19
I0909 12:57:38.890948   28910 deepsea_compiler_hlo_passes.cc:6539] XLA::TPU HLO optimization
W0909 12:57:38.891596   30146 tpu_spmd_partitioner.cc:460] Collective matmul V1 is enabled. Please consider migrating to V2 since V1 will be deprecated soon. You can enable V2 by setting xla_tpu_all_gather_collective_matmul_mode=post_spmd and xla_tpu_reduce_scatter_collective_matmul_mode=post_spmd.
I0909 12:57:38.899875   28910 deepsea_compiler_hlo_passes.cc:6406] xla_tpu_impure_hlo_parallel_compile is DISABLED. jit__lambda
I0909 12:57:38.902080   28910 deepsea_compiler_hlo_passes.cc:5472] XLA::TPU HLO PostOptimizationPipeline
I0909 12:57:38.903506   28910 latency_hiding_scheduler.cc:4420] [latency-hiding-scheduler] LatencyHidingScheduler current memory usage: 41024 bytes. Current limit: 96637751091
I0909 12:57:38.904190   28910 tpu_plumb_vmem_info.cc:677] scavenging_mode: 3 for module: jit__lambda
I0909 12:57:38.904861   28910 deepsea_compiler_hlo_passes.cc:6735] HLO_PASSES stage duration: 14.21428675ms
I0909 12:57:38.906092   29629 tpu_chip_config.cc:367] Resolved chip config alias default->megachip for 6acc60406, 
I0909 12:57:38.906243   29629 tpu_chip_config.cc:367] Resolved chip config alias default->megachip for 6acc60406, 
I0909 12:57:38.906410   29629 memory_space_assignment_util.cc:577] MSA Vmem breakdown: default scoped vmem (from flag): 33554432; does_msa_directly_allocate_scoped_vmem: T; bytes_for_msa_to_allocate: 67043328
I0909 12:57:38.925794   30150 deepsea_compiler_base.cc:4279] BACKEND_PASSES stage duration: 20.2532475ms
I0909 12:57:38.928725   30150 deepsea_compiler_backend.cc:1784] final program bundle count: 788 note this count does not reflect cycles spent executing delays.
I0909 12:57:38.935324   30150 deepsea_compiler_backend.cc:1980] Program divided into 2 overlays without HLO functions (90.5K).
I0909 12:57:38.935415   30150 deepsea_compiler_backend.cc:2150] XLA::TPU module name: jit__lambda
I0909 12:57:38.935419   30150 deepsea_compiler_backend.cc:2152] XLA::TPU program HBM usage: 266.5K / 94.74G
I0909 12:57:38.935422   30150 deepsea_compiler_backend.cc:2159] Note that --xla_tpu_max_hbm_size_mib is not specified. This means that the compiler may use up all available HBM, possibly prioritizing other metrics (latency, compile-time, ..) over memory usage. To reduce memory usage, set --xla_tpu_max_hbm_size_mib to a smaller value.
I0909 12:57:38.935424   30150 deepsea_compiler_backend.cc:2193] XLA::TPU program VMEM usage: 32.00M / 64.00M
I0909 12:57:38.935433   30150 deepsea_compiler_backend.cc:2204] Total hbm usage >= 268.28M:
    reserved        268.00M 
    program          266.5K 
    arguments         16.0K 

Output size 512B; shares 0B with arguments.

Total host usage >= 0B:
    reserved             0B 
    program         unknown size 
    arguments            0B 

Output size 0B; shares 0B with arguments.

I0909 12:57:38.935447   30150 deepsea_compiler_backend.cc:2208] Program sflag requirement 228B:
    reserved           204B
    scoped              16B
    HLO temp             8B (100.0% utilization: Unpadded (8B) Padded (8B), 0.0% fragmentation (0B))
Program sparse_core_sequencer_sflag requirement 36B:
    reserved            36B
Program sparse_core_tile_sflag requirement 4B:
    reserved             4B
Program sparse_core_sequencer_smem requirement 64B:
    reserved            64B
Program sparse_core_tile_smem requirement 0B:
Program hbm requirement 266.5K:
    HLO temp         176.0K (100.0% utilization: Unpadded (24.3K) Padded (24.3K), 86.2% fragmentation (151.7K))
    overlays          90.5K
Program vmem requirement 32.00M:
    HLO temp         32.00M (0.0% utilization: Unpadded (0B) Padded (0B), 100.0% fragmentation (32.00M))
Program smem requirement 36B:
    global               4B
    scoped              32B
Program host requirement 0B:
I0909 12:57:38.935450   30150 deepsea_compiler_backend.cc:2216] XLA::TPU program SMEM usage: 1.9K / 1.00M (1 parameters)
I0909 12:57:38.935538   30150 deepsea_compiler_backend.cc:1480] CODE_GENERATION stage duration: 9.675886ms
I0909 12:57:38.935842   30150 isa_program_util_common.cc:373] (HLO module jit__lambda): Executable fingerprint:6a126cddbd2c7a63446e46d5dcaf750209d6c974ec79e4080fdc4ca9886f81e4
I0909 12:57:38.935845   30150 isa_program_util_common.cc:377] (HLO module jit__lambda): Executable fingerprint (including data segments):12c0715cab49b82f1e3ea1846957d5d3523547d5bf3cc57bcf82f0517b7a92e8
I0909 12:57:38.935846   30150 isa_program_util_common.cc:380] (HLO module jit__lambda): Host transfer fingerprint:2b9801a161c74c27631ae5e0b6d660abd73031d7eba34a0a6e10fff8dfd2f3ae
I0909 12:57:38.936071   28910 deepsea_compiler_base.cc:1055] END_TO_END stage duration: 47.94437175ms
I0909 12:57:38.936092   28910 deepsea_compiler_base.cc:1056] Note that END_TO_END duration also includes time outside of HLO_PASSES, BACKEND_PASSES, and CODE_GENERATION
I0909 12:57:38.936798   28910 megascale_context.cc:517] MegaScale DCNTopology fingerprint for: jit__lambda : 1688352644216761960 DevicesHash: 8081921339993277715 Topology: go/debugstr 
I0909 12:57:38.937123   28910 host_command_scheduler_factory.cc:1312] Created a HostCommandScheduler with 54 rules for module jit__lambda HostTransfers Fingerprint: 12151718319723310994.
I0909 12:57:38.937146   28910 megascale_context.cc:686] MegaScale ExecutableContext created for module: jit__lambda with DCN topology: go/debugstr  
I0909 12:57:38.963691   28910 deepsea_compiler_hlo_passes.cc:6623] XLA::TPU running hlo passes for 21 instructions, module: jit__lambda
I0909 12:57:38.963701   28910 deepsea_compiler_hlo_passes.cc:6668] Initial HLO module: jit__lambda instructions: 21 fingerprint: 
I0909 12:57:38.963925   28910 deepsea_compiler_hlo_passes.cc:6526] HLO optimizing module: jit__lambda instructions: 19
I0909 12:57:38.963930   28910 deepsea_compiler_hlo_passes.cc:6539] XLA::TPU HLO optimization
W0909 12:57:38.964686   30162 tpu_spmd_partitioner.cc:460] Collective matmul V1 is enabled. Please consider migrating to V2 since V1 will be deprecated soon. You can enable V2 by setting xla_tpu_all_gather_collective_matmul_mode=post_spmd and xla_tpu_reduce_scatter_collective_matmul_mode=post_spmd.
I0909 12:57:38.971413   28910 deepsea_compiler_hlo_passes.cc:6406] xla_tpu_impure_hlo_parallel_compile is DISABLED. jit__lambda
I0909 12:57:38.973878   28910 deepsea_compiler_hlo_passes.cc:5472] XLA::TPU HLO PostOptimizationPipeline
I0909 12:57:38.975125   28910 latency_hiding_scheduler.cc:4420] [latency-hiding-scheduler] LatencyHidingScheduler current memory usage: 41024 bytes. Current limit: 96637751091
I0909 12:57:38.975800   28910 tpu_plumb_vmem_info.cc:677] scavenging_mode: 3 for module: jit__lambda
I0909 12:57:38.976400   28910 deepsea_compiler_hlo_passes.cc:6735] HLO_PASSES stage duration: 12.6994485ms
I0909 12:57:38.977607   29629 tpu_chip_config.cc:367] Resolved chip config alias default->megachip for 6acc60406, 
I0909 12:57:38.977745   29629 tpu_chip_config.cc:367] Resolved chip config alias default->megachip for 6acc60406, 
I0909 12:57:38.977903   29629 memory_space_assignment_util.cc:577] MSA Vmem breakdown: default scoped vmem (from flag): 33554432; does_msa_directly_allocate_scoped_vmem: T; bytes_for_msa_to_allocate: 67043328
I0909 12:57:38.996599   30166 deepsea_compiler_base.cc:4279] BACKEND_PASSES stage duration: 19.5613385ms
I0909 12:57:39.000131   30166 deepsea_compiler_backend.cc:1784] final program bundle count: 788 note this count does not reflect cycles spent executing delays.
I0909 12:57:39.006436   30166 deepsea_compiler_backend.cc:1980] Program divided into 2 overlays without HLO functions (90.5K).
I0909 12:57:39.006510   30166 deepsea_compiler_backend.cc:2150] XLA::TPU module name: jit__lambda
I0909 12:57:39.006513   30166 deepsea_compiler_backend.cc:2152] XLA::TPU program HBM usage: 266.5K / 94.74G
I0909 12:57:39.006515   30166 deepsea_compiler_backend.cc:2159] Note that --xla_tpu_max_hbm_size_mib is not specified. This means that the compiler may use up all available HBM, possibly prioritizing other metrics (latency, compile-time, ..) over memory usage. To reduce memory usage, set --xla_tpu_max_hbm_size_mib to a smaller value.
I0909 12:57:39.006517   30166 deepsea_compiler_backend.cc:2193] XLA::TPU program VMEM usage: 32.00M / 64.00M
I0909 12:57:39.006524   30166 deepsea_compiler_backend.cc:2204] Total hbm usage >= 268.28M:
    reserved        268.00M 
    program          266.5K 
    arguments         16.0K 

Output size 512B; shares 0B with arguments.

Total host usage >= 0B:
    reserved             0B 
    program         unknown size 
    arguments            0B 

Output size 0B; shares 0B with arguments.

I0909 12:57:39.006534   30166 deepsea_compiler_backend.cc:2208] Program sflag requirement 228B:
    reserved           204B
    scoped              16B
    HLO temp             8B (100.0% utilization: Unpadded (8B) Padded (8B), 0.0% fragmentation (0B))
Program sparse_core_sequencer_sflag requirement 36B:
    reserved            36B
Program sparse_core_tile_sflag requirement 4B:
    reserved             4B
Program sparse_core_sequencer_smem requirement 64B:
    reserved            64B
Program sparse_core_tile_smem requirement 0B:
Program hbm requirement 266.5K:
    HLO temp         176.0K (100.0% utilization: Unpadded (24.3K) Padded (24.3K), 86.2% fragmentation (151.7K))
    overlays          90.5K
Program vmem requirement 32.00M:
    HLO temp         32.00M (0.0% utilization: Unpadded (0B) Padded (0B), 100.0% fragmentation (32.00M))
Program smem requirement 36B:
    global               4B
    scoped              32B
Program host requirement 0B:
I0909 12:57:39.006536   30166 deepsea_compiler_backend.cc:2216] XLA::TPU program SMEM usage: 1.9K / 1.00M (1 parameters)
I0909 12:57:39.006615   30166 deepsea_compiler_backend.cc:1480] CODE_GENERATION stage duration: 9.9277525ms
I0909 12:57:39.006875   30166 isa_program_util_common.cc:373] (HLO module jit__lambda): Executable fingerprint:6a126cddbd2c7a63446e46d5dcaf750209d6c974ec79e4080fdc4ca9886f81e4
I0909 12:57:39.006878   30166 isa_program_util_common.cc:377] (HLO module jit__lambda): Executable fingerprint (including data segments):12c0715cab49b82f1e3ea1846957d5d3523547d5bf3cc57bcf82f0517b7a92e8
I0909 12:57:39.006879   30166 isa_program_util_common.cc:380] (HLO module jit__lambda): Host transfer fingerprint:2b9801a161c74c27631ae5e0b6d660abd73031d7eba34a0a6e10fff8dfd2f3ae
I0909 12:57:39.007041   28910 deepsea_compiler_base.cc:1055] END_TO_END stage duration: 45.44482ms
I0909 12:57:39.007053   28910 deepsea_compiler_base.cc:1056] Note that END_TO_END duration also includes time outside of HLO_PASSES, BACKEND_PASSES, and CODE_GENERATION
I0909 12:57:39.007667   28910 megascale_context.cc:517] MegaScale DCNTopology fingerprint for: jit__lambda : 1688352644216761960 DevicesHash: 8081921339993277715 Topology: go/debugstr 
I0909 12:57:39.007946   28910 host_command_scheduler_factory.cc:1312] Created a HostCommandScheduler with 54 rules for module jit__lambda HostTransfers Fingerprint: 12151718319723310994.
I0909 12:57:39.007965   28910 megascale_context.cc:686] MegaScale ExecutableContext created for module: jit__lambda with DCN topology: go/debugstr  
I0909 12:57:39.015450   29292 megascale_context.cc:439] Destroying MegaScale PjrtExecutableContext: jit__lambda
I0909 12:57:39.031006   28910 deepsea_compiler_hlo_passes.cc:6623] XLA::TPU running hlo passes for 19 instructions, module: jit__lambda
I0909 12:57:39.031019   28910 deepsea_compiler_hlo_passes.cc:6668] Initial HLO module: jit__lambda instructions: 19 fingerprint: 
I0909 12:57:39.031259   28910 deepsea_compiler_hlo_passes.cc:6526] HLO optimizing module: jit__lambda instructions: 17
I0909 12:57:39.031265   28910 deepsea_compiler_hlo_passes.cc:6539] XLA::TPU HLO optimization
W0909 12:57:39.031819   30172 tpu_spmd_partitioner.cc:460] Collective matmul V1 is enabled. Please consider migrating to V2 since V1 will be deprecated soon. You can enable V2 by setting xla_tpu_all_gather_collective_matmul_mode=post_spmd and xla_tpu_reduce_scatter_collective_matmul_mode=post_spmd.
I0909 12:57:39.039274   28910 deepsea_compiler_hlo_passes.cc:6406] xla_tpu_impure_hlo_parallel_compile is DISABLED. jit__lambda
I0909 12:57:39.040971   28910 deepsea_compiler_hlo_passes.cc:5472] XLA::TPU HLO PostOptimizationPipeline
I0909 12:57:39.041820   28910 latency_hiding_scheduler.cc:4420] [latency-hiding-scheduler] LatencyHidingScheduler current memory usage: 24640 bytes. Current limit: 96637894451
I0909 12:57:39.042253   28910 tpu_plumb_vmem_info.cc:677] scavenging_mode: 3 for module: jit__lambda
I0909 12:57:39.042760   28910 deepsea_compiler_hlo_passes.cc:6735] HLO_PASSES stage duration: 11.740597ms
I0909 12:57:39.043925   29629 tpu_chip_config.cc:367] Resolved chip config alias default->megachip for 6acc60406, 
I0909 12:57:39.044070   29629 tpu_chip_config.cc:367] Resolved chip config alias default->megachip for 6acc60406, 
I0909 12:57:39.044234   29629 memory_space_assignment_util.cc:577] MSA Vmem breakdown: default scoped vmem (from flag): 33554432; does_msa_directly_allocate_scoped_vmem: T; bytes_for_msa_to_allocate: 67043328
I0909 12:57:39.058589   30176 deepsea_compiler_base.cc:4279] BACKEND_PASSES stage duration: 15.199114ms
I0909 12:57:39.061178   30176 deepsea_compiler_backend.cc:1784] final program bundle count: 626 note this count does not reflect cycles spent executing delays.
I0909 12:57:39.066730   30176 deepsea_compiler_backend.cc:1980] Program divided into 2 overlays without HLO functions (80.5K).
I0909 12:57:39.066791   30176 deepsea_compiler_backend.cc:2150] XLA::TPU module name: jit__lambda
I0909 12:57:39.066795   30176 deepsea_compiler_backend.cc:2152] XLA::TPU program HBM usage: 208.5K / 94.74G
I0909 12:57:39.066797   30176 deepsea_compiler_backend.cc:2159] Note that --xla_tpu_max_hbm_size_mib is not specified. This means that the compiler may use up all available HBM, possibly prioritizing other metrics (latency, compile-time, ..) over memory usage. To reduce memory usage, set --xla_tpu_max_hbm_size_mib to a smaller value.
I0909 12:57:39.066798   30176 deepsea_compiler_backend.cc:2193] XLA::TPU program VMEM usage: 32.00M / 64.00M
I0909 12:57:39.066804   30176 deepsea_compiler_backend.cc:2204] Total hbm usage >= 268.22M:
    reserved        268.00M 
    program          208.5K 
    arguments         16.0K 

Output size 512B; shares 0B with arguments.

Total host usage >= 0B:
    reserved             0B 
    program         unknown size 
    arguments            0B 

Output size 0B; shares 0B with arguments.

I0909 12:57:39.066816   30176 deepsea_compiler_backend.cc:2208] Program sflag requirement 224B:
    reserved           204B
    scoped              12B
    HLO temp             8B (100.0% utilization: Unpadded (8B) Padded (8B), 0.0% fragmentation (0B))
Program sparse_core_sequencer_sflag requirement 36B:
    reserved            36B
Program sparse_core_tile_sflag requirement 4B:
    reserved             4B
Program sparse_core_sequencer_smem requirement 64B:
    reserved            64B
Program sparse_core_tile_smem requirement 0B:
Program hbm requirement 208.5K:
    HLO temp         128.0K (49.1% utilization: Unpadded (8.2K) Padded (16.7K), 87.0% fragmentation (111.3K))
    overlays          80.5K
Program vmem requirement 32.00M:
    HLO temp         32.00M (0.0% utilization: Unpadded (0B) Padded (0B), 100.0% fragmentation (32.00M))
Program smem requirement 36B:
    global               4B
    scoped              32B
Program host requirement 0B:
I0909 12:57:39.066818   30176 deepsea_compiler_backend.cc:2216] XLA::TPU program SMEM usage: 1.9K / 1.00M (1 parameters)
I0909 12:57:39.066897   30176 deepsea_compiler_backend.cc:1480] CODE_GENERATION stage duration: 8.219218ms
I0909 12:57:39.067128   30176 isa_program_util_common.cc:373] (HLO module jit__lambda): Executable fingerprint:4a4bf7195f2e28a358732e4bad360b9ab79156518433b25ddb27df2e76864c13
I0909 12:57:39.067130   30176 isa_program_util_common.cc:377] (HLO module jit__lambda): Executable fingerprint (including data segments):41df051aa1d5cc95b6bd65dcd0fe59634f8d45c83e436d4b0b21da6da348f7ba
I0909 12:57:39.067131   30176 isa_program_util_common.cc:380] (HLO module jit__lambda): Host transfer fingerprint:5c8f40e7dcd653d84e947d890338940d2b2e1ffba06eadb57827e716f5782f97
I0909 12:57:39.067289   28910 deepsea_compiler_base.cc:1055] END_TO_END stage duration: 38.34870775ms
I0909 12:57:39.067300   28910 deepsea_compiler_base.cc:1056] Note that END_TO_END duration also includes time outside of HLO_PASSES, BACKEND_PASSES, and CODE_GENERATION
I0909 12:57:39.067889   28910 megascale_context.cc:517] MegaScale DCNTopology fingerprint for: jit__lambda : 1688352644216761960 DevicesHash: 8081921339993277715 Topology: go/debugstr 
I0909 12:57:39.068076   28910 host_command_scheduler_factory.cc:1312] Created a HostCommandScheduler with 36 rules for module jit__lambda HostTransfers Fingerprint: 8427318606672400244.
I0909 12:57:39.068089   28910 megascale_context.cc:686] MegaScale ExecutableContext created for module: jit__lambda with DCN topology: go/debugstr  
MANUAL_AR_VERIFY {"exchange_add": true, "psum": true, "psum_checksum": 3.0}
I0909 12:57:39.074489   29292 megascale_context.cc:439] Destroying MegaScale PjrtExecutableContext: jit__lambda
W0909 12:57:39.087662   30178 tpu_spmd_partitioner.cc:460] Collective matmul V1 is enabled. Please consider migrating to V2 since V1 will be deprecated soon. You can enable V2 by setting xla_tpu_all_gather_collective_matmul_mode=post_spmd and xla_tpu_reduce_scatter_collective_matmul_mode=post_spmd.
I0909 12:57:39.092148   28910 deepsea_compiler_hlo_passes.cc:6406] xla_tpu_impure_hlo_parallel_compile is DISABLED. jit__lambda
I0909 12:57:39.093915   28910 tpu_plumb_vmem_info.cc:677] scavenging_mode: 3 for module: jit__lambda
I0909 12:57:39.104536   28910 deepsea_compiler_hlo_passes.cc:6735] HLO_PASSES stage duration: 17.66104575ms
I0909 12:57:39.105474   29629 tpu_chip_config.cc:367] Resolved chip config alias default->megachip for 6acc60406, 
I0909 12:57:39.105607   29629 tpu_chip_config.cc:367] Resolved chip config alias default->megachip for 6acc60406, 
I0909 12:57:39.105770   29629 memory_space_assignment_util.cc:577] MSA Vmem breakdown: default scoped vmem (from flag): 33554432; does_msa_directly_allocate_scoped_vmem: T; bytes_for_msa_to_allocate: 67043328
I0909 12:57:39.133682   30180 deepsea_compiler_base.cc:4279] BACKEND_PASSES stage duration: 28.74691375ms
I0909 12:57:39.140759   30180 deepsea_compiler_backend.cc:1480] CODE_GENERATION stage duration: 7.01714225ms
I0909 12:57:39.140992   30180 isa_program_util_common.cc:373] (HLO module jit__lambda): Executable fingerprint:bc586dffeac4e7ae318e7d154bf8e04f4304c94ca0093b387a7797ec3816d14b
I0909 12:57:39.140995   30180 isa_program_util_common.cc:377] (HLO module jit__lambda): Executable fingerprint (including data segments):a2faf2ce0762128844e7a122c148a8aece70b237d9b143ffa46b761ac2a0d991
I0909 12:57:39.140997   30180 isa_program_util_common.cc:380] (HLO module jit__lambda): Host transfer fingerprint:e3b0c44298fc1c149afbf4c8996fb92427ae41e4649b934ca495991b7852b855
I0909 12:57:39.141286   28910 deepsea_compiler_base.cc:1055] END_TO_END stage duration: 56.58222425ms
I0909 12:57:39.141302   28910 deepsea_compiler_base.cc:1056] Note that END_TO_END duration also includes time outside of HLO_PASSES, BACKEND_PASSES, and CODE_GENERATION
I0909 12:57:39.141890   28910 host_command_scheduler_factory.cc:1312] Created a HostCommandScheduler with 0 rules for module jit__lambda HostTransfers Fingerprint: 0.
I0909 12:57:39.141902   28910 megascale_context.cc:686] MegaScale ExecutableContext created for module: jit__lambda with DCN topology: go/debugstr  
I0909 12:57:39.145799   29614 megascale_context.cc:439] Destroying MegaScale PjrtExecutableContext: jit__lambda
W0909 12:57:39.158843   30182 tpu_spmd_partitioner.cc:460] Collective matmul V1 is enabled. Please consider migrating to V2 since V1 will be deprecated soon. You can enable V2 by setting xla_tpu_all_gather_collective_matmul_mode=post_spmd and xla_tpu_reduce_scatter_collective_matmul_mode=post_spmd.
I0909 12:57:39.163576   28910 deepsea_compiler_hlo_passes.cc:6406] xla_tpu_impure_hlo_parallel_compile is DISABLED. jit__identity_fn
I0909 12:57:39.166694   28910 latency_hiding_scheduler.cc:4420] [latency-hiding-scheduler] LatencyHidingScheduler current memory usage: 10816 bytes. Current limit: 96637838643
I0909 12:57:39.167170   28910 tpu_plumb_vmem_info.cc:677] scavenging_mode: 3 for module: jit__identity_fn
I0909 12:57:39.167699   28910 deepsea_compiler_hlo_passes.cc:6735] HLO_PASSES stage duration: 9.584066ms
I0909 12:57:39.168784   29629 tpu_chip_config.cc:367] Resolved chip config alias default->megachip for 6acc60406, 
I0909 12:57:39.168916   29629 tpu_chip_config.cc:367] Resolved chip config alias default->megachip for 6acc60406, 
I0909 12:57:39.169078   29629 memory_space_assignment_util.cc:577] MSA Vmem breakdown: default scoped vmem (from flag): 33554432; does_msa_directly_allocate_scoped_vmem: T; bytes_for_msa_to_allocate: 67043328
I0909 12:57:39.192835   30184 deepsea_compiler_base.cc:4279] BACKEND_PASSES stage duration: 24.55126575ms
I0909 12:57:39.202029   30184 deepsea_compiler_backend.cc:1480] CODE_GENERATION stage duration: 9.10824125ms
I0909 12:57:39.202321   30184 isa_program_util_common.cc:373] (HLO module jit__identity_fn): Executable fingerprint:fd3b0d6bd150f631ee1516bdd9fe68433befc25b43e5ac8c1bf0647642d4a029
I0909 12:57:39.202325   30184 isa_program_util_common.cc:377] (HLO module jit__identity_fn): Executable fingerprint (including data segments):b4793e425396e7ab5df0b40c15a832140ecb3328718901424ce0f42c7f63731d
I0909 12:57:39.202335   30184 isa_program_util_common.cc:380] (HLO module jit__identity_fn): Host transfer fingerprint:f21887b8cd1a7de9f1745e6458df4dba74bea513f1593c4409ce2cd383777ca8
I0909 12:57:39.202619   28910 deepsea_compiler_base.cc:1055] END_TO_END stage duration: 46.838992ms
I0909 12:57:39.202636   28910 deepsea_compiler_base.cc:1056] Note that END_TO_END duration also includes time outside of HLO_PASSES, BACKEND_PASSES, and CODE_GENERATION
I0909 12:57:39.203212   28910 megascale_context.cc:517] MegaScale DCNTopology fingerprint for: jit__identity_fn : 1688352644216761960 DevicesHash: 11843567257950195766 Topology: go/debugstr 
I0909 12:57:39.203366   28910 host_command_scheduler_factory.cc:1312] Created a HostCommandScheduler with 18 rules for module jit__identity_fn HostTransfers Fingerprint: 14547820116035419324.
I0909 12:57:39.203377   28910 megascale_context.cc:686] MegaScale ExecutableContext created for module: jit__identity_fn with DCN topology: go/debugstr  
I0909 12:57:39.206803   29292 megascale_context.cc:439] Destroying MegaScale PjrtExecutableContext: jit__lambda
W0909 12:57:39.225266   30189 tpu_spmd_partitioner.cc:460] Collective matmul V1 is enabled. Please consider migrating to V2 since V1 will be deprecated soon. You can enable V2 by setting xla_tpu_all_gather_collective_matmul_mode=post_spmd and xla_tpu_reduce_scatter_collective_matmul_mode=post_spmd.
I0909 12:57:39.231148   28910 deepsea_compiler_hlo_passes.cc:6406] xla_tpu_impure_hlo_parallel_compile is DISABLED. jit_op
I0909 12:57:39.233689   28910 latency_hiding_scheduler.cc:4420] [latency-hiding-scheduler] LatencyHidingScheduler current memory usage: 1610620992 bytes. Current limit: 95564271411
I0909 12:57:39.234098   28910 tpu_plumb_vmem_info.cc:677] scavenging_mode: 3 for module: jit_op
I0909 12:57:39.265166   28910 deepsea_compiler_hlo_passes.cc:6735] HLO_PASSES stage duration: 40.48810075ms
I0909 12:57:39.266394   29629 tpu_chip_config.cc:367] Resolved chip config alias default->megachip for 6acc60406, 
I0909 12:57:39.266534   29629 tpu_chip_config.cc:367] Resolved chip config alias default->megachip for 6acc60406, 
I0909 12:57:39.266706   29629 memory_space_assignment_util.cc:577] MSA Vmem breakdown: default scoped vmem (from flag): 33554432; does_msa_directly_allocate_scoped_vmem: T; bytes_for_msa_to_allocate: 67043328
I0909 12:57:39.346936   30193 deepsea_compiler_base.cc:4279] BACKEND_PASSES stage duration: 81.193586ms
I0909 12:57:39.355720   30193 deepsea_compiler_backend.cc:1480] CODE_GENERATION stage duration: 8.71198675ms
I0909 12:57:39.356142   30193 isa_program_util_common.cc:373] (HLO module jit_op): Executable fingerprint:0f2b665f05c3c4afe211f3c371efcab563df28a2ebf1e3fea485408c5722f8dc
I0909 12:57:39.356146   30193 isa_program_util_common.cc:377] (HLO module jit_op): Executable fingerprint (including data segments):86848f6f1a06a74bef5f269280dc370998aab50634976e92618a9f9f14091724
I0909 12:57:39.356147   30193 isa_program_util_common.cc:380] (HLO module jit_op): Host transfer fingerprint:294ab033fa7a89f4c4b5c51d8744fa6f4206e6d1d2d85c49c24e64e2b1444859
I0909 12:57:39.356313   28910 deepsea_compiler_base.cc:1055] END_TO_END stage duration: 133.68059025ms
I0909 12:57:39.356340   28910 deepsea_compiler_base.cc:1056] Note that END_TO_END duration also includes time outside of HLO_PASSES, BACKEND_PASSES, and CODE_GENERATION
I0909 12:57:39.356984   28910 megascale_context.cc:517] MegaScale DCNTopology fingerprint for: jit_op : 1688352644216761960 DevicesHash: 8081921339993277715 Topology: go/debugstr 
I0909 12:57:39.360523   28910 host_command_scheduler_factory.cc:1312] Created a HostCommandScheduler with 36 rules for module jit_op HostTransfers Fingerprint: 12634255100403355191.
I0909 12:57:39.360822   28910 megascale_context.cc:686] MegaScale ExecutableContext created for module: jit_op with DCN topology: go/debugstr  
I0909 12:57:39.377682   29882 generic-stream-socket.h:1667] Cannot process timestamp for type=1 seq=16827171 time=2026-09-09T12:57:39.375228777+00:00
W0909 12:57:39.381207   29670 grpc_transport.cc:1186] Too many pending sends: 128
W0909 12:57:39.580156   29645 tpu_pjrt_client.cc:2333] PjRt execution dispatch was blocked for 200.667631ms because PjRt's max in-flight computation semaphore is full (limit: 32), which may negatively affect the performance
W0909 12:57:49.401726   30218 grpc_transport.cc:1186] Too many pending sends: 128
W0909 12:57:59.402500   30693 grpc_transport.cc:1186] Too many pending sends: 128
I0909 12:58:07.632802   30198 cachednslookup.cc:391] TTL not found in response, not caching response
W0909 12:58:09.404192   30604 grpc_transport.cc:1186] Too many pending sends: 128
W0909 12:58:19.457604   30460 grpc_transport.cc:1186] Too many pending sends: 128
W0909 12:58:29.470345   30218 grpc_transport.cc:1186] Too many pending sends: 128
W0909 12:58:39.470441   30460 grpc_transport.cc:1186] Too many pending sends: 162
I0909 12:58:43.327803   28910 megascale_context.cc:439] Destroying MegaScale PjrtExecutableContext: jit_op
MANUAL_AR_RESULT {"batch": 10, "benchmark": "manual_ar", "host_gbps_best": 314.90149770734604, "host_gbps_median": 300.09351918572366, "matrix_dim": 32768, "network_delta": {"cilium_host": {"rx_bytes": 0, "tx_bytes": 0}, "cilium_net": {"rx_bytes": 0, "tx_bytes": 0}, "docker0": {"rx_bytes": 0, "tx_bytes": 0}, "eth0": {"rx_bytes": 1022951, "tx_bytes": 12613314}, "eth1": {"rx_bytes": 1212045497426, "tx_bytes": 1228970813455}, "eth2": {"rx_bytes": 1212564280489, "tx_bytes": 1187097458598}, "lo": {"rx_bytes": 7476651, "tx_bytes": 7476651}, "lxc7a46b7c617f2": {"rx_bytes": 2234915, "tx_bytes": 685914}, "lxc98965bb30804": {"rx_bytes": 18369, "tx_bytes": 59717}, "lxcc0f9da7fa3ad": {"rx_bytes": 28598, "tx_bytes": 5069}, "lxcee5710d8dac0": {"rx_bytes": 37502, "tx_bytes": 6574}, "lxceee434c5d682": {"rx_bytes": 1529, "tx_bytes": 21362}}, "participants_per_slice": 8, "reps": 8, "shard_bytes_per_device": 1073741824.0, "time_ms_all": [218.22530929930508, 223.3810764970258, 230.33664471004158, 232.95828419504687, 222.95819679275155, 231.59448889782652, 240.29053509002551, 227.6504316017963], "time_ms_best": 218.22530929930508, "time_ms_median": 228.99353815591894, "variant": "psum", "warmups": 200}
W0909 12:58:43.357112   30874 tpu_spmd_partitioner.cc:460] Collective matmul V1 is enabled. Please consider migrating to V2 since V1 will be deprecated soon. You can enable V2 by setting xla_tpu_all_gather_collective_matmul_mode=post_spmd and xla_tpu_reduce_scatter_collective_matmul_mode=post_spmd.
I0909 12:58:43.363727   28910 deepsea_compiler_hlo_passes.cc:6406] xla_tpu_impure_hlo_parallel_compile is DISABLED. jit_op
I0909 12:58:43.365745   28910 latency_hiding_scheduler.cc:4420] [latency-hiding-scheduler] LatencyHidingScheduler current memory usage: 1073750080 bytes. Current limit: 95564404531
I0909 12:58:43.366038   28910 tpu_plumb_vmem_info.cc:677] scavenging_mode: 3 for module: jit_op
I0909 12:58:43.385066   28910 deepsea_compiler_hlo_passes.cc:6735] HLO_PASSES stage duration: 28.5836455ms
I0909 12:58:43.386304   29629 tpu_chip_config.cc:367] Resolved chip config alias default->megachip for 6acc60406, 
I0909 12:58:43.386508   29629 tpu_chip_config.cc:367] Resolved chip config alias default->megachip for 6acc60406, 
I0909 12:58:43.386694   29629 memory_space_assignment_util.cc:577] MSA Vmem breakdown: default scoped vmem (from flag): 33554432; does_msa_directly_allocate_scoped_vmem: T; bytes_for_msa_to_allocate: 67043328
I0909 12:58:43.498063   30878 deepsea_compiler_base.cc:4279] BACKEND_PASSES stage duration: 112.3854435ms
I0909 12:58:43.506302   30878 deepsea_compiler_backend.cc:1480] CODE_GENERATION stage duration: 8.13524375ms
I0909 12:58:43.506691   30878 isa_program_util_common.cc:373] (HLO module jit_op): Executable fingerprint:33a5a6d6f7cea468562f68254b4eb2b89053eb34e2e10125a401ef1c264018f8
I0909 12:58:43.506695   30878 isa_program_util_common.cc:377] (HLO module jit_op): Executable fingerprint (including data segments):63de7ca22133830a9ecf7d1576f6e0dc97cbc6a522ec2bae425e60708fe1b2d0
I0909 12:58:43.506696   30878 isa_program_util_common.cc:380] (HLO module jit_op): Host transfer fingerprint:c37db3d47c19d90e6b870bb79741e56a58ee0112318c32550eac3926e65c0ec8
I0909 12:58:43.507027   28910 deepsea_compiler_base.cc:1055] END_TO_END stage duration: 153.0668145ms
I0909 12:58:43.507049   28910 deepsea_compiler_base.cc:1056] Note that END_TO_END duration also includes time outside of HLO_PASSES, BACKEND_PASSES, and CODE_GENERATION
I0909 12:58:43.507725   28910 megascale_context.cc:517] MegaScale DCNTopology fingerprint for: jit_op : 1688352644216761960 DevicesHash: 8081921339993277715 Topology: go/debugstr 
I0909 12:58:43.509112   28910 host_command_scheduler_factory.cc:1312] Created a HostCommandScheduler with 18 rules for module jit_op HostTransfers Fingerprint: 158907515329715665.
I0909 12:58:43.509287   28910 megascale_context.cc:686] MegaScale ExecutableContext created for module: jit_op with DCN topology: go/debugstr  
W0909 12:58:43.691952   29648 tpu_pjrt_client.cc:2333] PjRt execution dispatch was blocked for 168.625269ms because PjRt's max in-flight computation semaphore is full (limit: 32), which may negatively affect the performance
W0909 12:58:49.514395   30469 grpc_transport.cc:1186] Too many pending sends: 128
W0909 12:58:59.676915   30942 grpc_transport.cc:1186] Too many pending sends: 128
W0909 12:59:09.738229   30218 grpc_transport.cc:1186] Too many pending sends: 128
W0909 12:59:19.805344   30693 grpc_transport.cc:1186] Too many pending sends: 128
W0909 12:59:29.992428   31057 grpc_transport.cc:1186] Too many pending sends: 128
W0909 12:59:40.071411   30460 grpc_transport.cc:1186] Too many pending sends: 128
I0909 12:59:44.277905   28910 megascale_context.cc:439] Destroying MegaScale PjrtExecutableContext: jit_op
MANUAL_AR_RESULT {"batch": 10, "benchmark": "manual_ar", "host_gbps_best": 335.26249356457964, "host_gbps_median": 326.40782850837684, "matrix_dim": 32768, "network_delta": {"cilium_host": {"rx_bytes": 0, "tx_bytes": 0}, "cilium_net": {"rx_bytes": 0, "tx_bytes": 0}, "docker0": {"rx_bytes": 0, "tx_bytes": 0}, "eth0": {"rx_bytes": 717519, "tx_bytes": 11599815}, "eth1": {"rx_bytes": 1212339843761, "tx_bytes": 1209657284921}, "eth2": {"rx_bytes": 1212367259920, "tx_bytes": 1206030018526}, "lo": {"rx_bytes": 4490025, "tx_bytes": 4490025}, "lxc7a46b7c617f2": {"rx_bytes": 2234973, "tx_bytes": 668653}, "lxc98965bb30804": {"rx_bytes": 18517, "tx_bytes": 60264}, "lxcc0f9da7fa3ad": {"rx_bytes": 27935, "tx_bytes": 4245}, "lxcee5710d8dac0": {"rx_bytes": 32262, "tx_bytes": 5635}, "lxceee434c5d682": {"rx_bytes": 321, "tx_bytes": 506}}, "participants_per_slice": 8, "reps": 8, "shard_bytes_per_device": 1073741824.0, "time_ms_all": [217.7956643048674, 219.75687720114365, 208.44318279996514, 211.89025030471385, 204.9721578019671, 206.48962020641193, 212.60575570631772, 209.17487579863518], "time_ms_best": 204.9721578019671, "time_ms_median": 210.53256305167452, "variant": "exchange_add", "warmups": 200}
MANUAL_AR_SUMMARY {"exchange_add@32768": 335.3, "psum@32768": 314.9}
I0909 12:59:44.285054   28910 megascale_context.cc:439] Destroying MegaScale PjrtExecutableContext: jit__identity_fn
W0909 12:59:44.289646   29856 pjrt_client.h:601] UpdateGlobalProcessInfo is not supported.
W0909 12:59:44.290062   29856 pjrt_client.h:601] UpdateGlobalProcessInfo is not supported.
I0909 12:59:44.339996   28910 allocator_stats_reporter.cc:147] Stopping AllocatorStatsReporter. Reporting one last time first.
I0909 12:59:44.340204   29634 tpu_diagnostic_coordinator.cc:565] TpuStallWorker thread exiting.
I0909 12:59:44.514067   28910 tpunetd_client.cc:431] Session master stopping the session...
I0909 12:59:44.514363   30119 session_worker_service.cc:115] Session master notifies the worker to disconnect from session 415f4346d44dac35
I0909 12:59:44.514431   28910 tpunetd_client.cc:433] Session master stopped the session.
I0909 12:59:44.514460   28910 tpunetd_client.cc:438] Session manager stopping the session...
I0909 12:59:44.618591   28910 tpunetd_client.cc:440] Session manager stopped the session.
I0909 12:59:50.388155   29692 async_driver.cc:1178] [/dev/vfio/5 tpu662:pe0:1] vf_id:0 Driver closed.
I0909 12:59:50.464197   30999 async_driver.cc:1178] [/dev/vfio/4 tpu662:pe0:0] vf_id:0 Driver closed.
I0909 12:59:50.521673   30846 async_driver.cc:1178] [/dev/vfio/6 tpu662:pe0:2] vf_id:0 Driver closed.
I0909 12:59:50.555416   29010 async_driver.cc:1178] [/dev/vfio/1 tpu662:pe0:3] vf_id:0 Driver closed.
I0909 12:59:50.557629   31172 megascale_context.cc:439] Destroying MegaScale PjrtExecutableContext: jit__identity_fn
I0909 12:59:50.557719   31172 megascale_context.cc:1131] Destroying MegaScale PjrtClientContext.
I0909 12:59:50.638030   30669 block_allocator.cc:209] MegaScale alloactor peak usage: 8989016064
MC_CONFIG_END name=both16 pass=3
MC_ALL_DONE
